evaluation,generation,status,fitness,final_x,final_y,final_z,simulated_seconds,elapsed_seconds,error
1,0,ok,2.227849415679426,-0.22721124743600474,0.05332052360691924,0.07600987344072799,15.000000000001679,0.25449212500825524,
2,0,ok,2.0065376299742876,-0.005068873582190014,-0.07675983777130893,0.07716968674402724,15.000000000001679,0.26830408300156705,
3,0,ok,1.9625124419394515,0.037703007208493705,-0.02907914800265141,0.07496485635200999,15.000000000001679,0.28091154200956225,
4,0,ok,1.8922757846015577,0.10772423087615143,-0.00024202518152590925,0.09621664774789963,15.000000000001679,0.30478220799705014,
5,0,ok,1.9732795063587685,0.02673108440075485,0.006465055706161975,0.08444976203838368,15.000000000001679,0.2895392499922309,
6,0,ok,1.9865064694280588,0.013885781701311321,-0.03947486480432924,0.07505333354117424,15.000000000001679,0.26538995900773443,
7,0,ok,1.9346031014889118,0.06719372438511423,-0.08336102946959356,0.0735375615256089,15.000000000001679,0.2517680419841781,
8,0,ok,1.9977479327002745,0.003603338297035339,0.07346544595575767,0.07502381623603381,15.000000000001679,0.28015420798328705,
9,0,ok,1.9738397087951776,0.026389985870589674,0.030111594855467327,0.07498667554159182,15.000000000001679,0.2571685840084683,
10,0,ok,1.9924095115967437,0.007591125674114179,-0.0015935522054044877,0.09819573353781559,15.000000000001679,0.21210254199104384,
11,1,ok,1.96889485214394,0.03223657954886008,-0.06673874386994746,0.07500157921086954,15.000000000001679,0.2721423329785466,
12,1,ok,1.9768899488525462,0.023110157658090286,0.0006489372868543954,0.09416625412446093,15.000000000001679,0.2468110829940997,
13,1,ok,2.003694618732671,-0.003230644979268951,-0.043117376476379726,0.07496427673386774,15.000000000001679,0.2473784999747295,
14,1,ok,1.979578977731605,0.02044025425123375,-0.008725943386650906,0.07495077605677566,15.000000000001679,0.3185821670049336,
15,1,ok,1.963123861844878,0.037383476846729255,-0.044628242072870396,0.07569894568976875,15.000000000001679,0.24066612499882467,
16,1,ok,2.035547744333227,-0.03464052508629265,-0.060766381632131786,0.0733681024426067,15.000000000001679,0.24656429199967533,
17,1,ok,2.047603770554158,-0.046649559296922945,0.06250426079328772,0.0741781205369003,15.000000000001679,0.2746916250034701,
18,1,ok,1.9560288927403036,0.045692896382279566,-0.0820534824621993,0.1047564194575123,15.000000000001679,0.24425395799335092,
19,1,ok,1.9693664817371168,0.03095105754079532,-0.035363845802144724,0.07496931567649813,15.000000000001679,0.360449832980521,
20,1,ok,1.9238158825324527,0.08050205633029853,-0.12882233553195527,0.09466732634435826,15.000000000001679,0.2391745000204537,
21,2,ok,1.8255784347707384,0.17822039118932584,-0.11771014578874137,0.09400343052523331,15.000000000001679,0.26635495899245143,
22,2,ok,1.957251338264022,0.04290610623423171,-0.024825231540697743,0.07499342548359067,15.000000000001679,0.3682448749896139,
23,2,ok,2.016017989268901,-0.01601455738330935,0.003719875589565059,0.07502534788050735,15.000000000001679,0.35102687499602325,
24,2,ok,1.8872921967667489,0.1433333985536506,-0.33861625337588774,0.07355573633385291,15.000000000001679,0.23957495798822492,
25,2,ok,2.0439777479763395,-0.03844320589720896,0.15031410630389067,0.09113876310898836,15.000000000001679,0.2477928749867715,
26,2,ok,1.7942986165343184,0.20575751209875467,0.014192248127711322,0.0767487754213635,15.000000000001679,0.29519604198867455,
27,2,ok,1.928675696798177,0.07318598291524266,-0.08472123102052947,0.09553451188319395,15.000000000001679,0.21814333301153965,
28,2,ok,2.003882737758529,-0.0038670119941547035,0.007938824109093096,0.074890322805568,15.000000000001679,0.29961683400324546,
29,2,ok,1.9428004829927794,0.06764931076669638,-0.20123252852497323,0.0757333650683424,15.000000000001679,0.2421025829971768,
30,2,ok,2.001519376868327,-0.0014982218491351536,0.00920238632770496,0.0749894567036433,15.000000000001679,0.2794272920000367,
31,3,ok,2.0628205482236104,-0.0623847375479509,0.04240057196341909,0.10461603399126482,15.000000000001679,0.2335226249997504,
32,3,ok,1.6893309627632949,0.3108632868692162,0.025617691240493654,0.10499653790367466,15.000000000001679,0.24542645900510252,
33,3,ok,1.7486391353396133,0.2697728337142534,0.2530865043578294,0.0896651892367788,15.000000000001679,0.24373683298472315,
34,3,ok,2.033287572215827,-0.03201037317209688,0.07205688480864471,0.07524060588650452,15.000000000001679,0.2218778330134228,
35,3,ok,1.9167485265669897,0.0970246616951738,-0.22936821030900942,0.07355208710211586,15.000000000001679,0.2601968330272939,
36,3,ok,1.9460935729386941,0.06974690485403898,-0.2477966571863508,0.09123257827501886,15.000000000001679,0.24376875002053566,
37,3,ok,1.9405206939667192,0.07118596160560822,-0.2128308459922931,0.07340818011441459,15.000000000001679,0.21140020800521597,
38,3,ok,2.030491492088894,-0.03020552237784982,-0.034076918168548256,0.08628206836534189,15.000000000001679,0.21613054201588966,
39,3,ok,2.0293833387849727,-0.02917027787775669,-0.02940610677309703,0.07499290806072065,15.000000000001679,0.24895125001785345,
40,3,ok,1.9421737920962556,0.05795224186102076,-0.022125637005835936,0.08256826369816066,15.000000000001679,0.2552394170197658,
41,4,ok,1.9764583893405352,0.02886770140384618,-0.145000780086264,0.07325606841756953,15.000000000001679,0.21687216698774137,
42,4,ok,1.980301818922748,0.02086037837281312,-0.06783547843230209,0.09346767370535942,15.000000000001679,0.22699333299533464,
43,4,ok,1.8854643886770233,0.11523064727356286,-0.05119031150900366,0.08514576353420596,15.000000000001679,0.22952112500206567,
44,4,ok,1.903235595340505,0.12141394484017708,0.30531977454822706,0.10709852608865147,15.000000000001679,0.24771962501108646,
45,4,ok,1.9992512628078287,0.0008637910033873476,0.02144830336763186,0.07697911492722179,15.000000000001679,0.22440737500437535,
46,4,ok,1.9235629091437199,0.07756756012413335,0.06593769442718932,0.10907675653150295,15.000000000001679,0.2219627079903148,
47,4,ok,1.9117099957166614,0.09266677657501775,0.12928682277117198,0.07539370039214847,15.000000000001679,0.26783558301394805,
48,4,ok,1.945105996130671,0.056369758002106946,0.07575499042770434,0.10108862649839935,15.000000000001679,0.2220182909804862,
49,4,ok,2.008919658944151,-0.005566672747286737,0.11601946930434345,0.07507172853200114,15.000000000001679,0.2825267089938279,
50,4,ok,1.9383858789917652,0.08084817478531527,-0.2723895879981892,0.07357858211464095,15.000000000001679,0.2344506669905968,
51,5,ok,1.7823619697559163,0.24351129856465978,-0.30259152823927843,0.08995173453110222,15.000000000001679,0.2330009170109406,
52,5,ok,1.9702127197465455,0.03849469966947627,0.1850273434558828,0.08956502904541655,15.000000000001679,0.2295309999899473,
53,5,ok,1.9260546826326759,0.07512942900499546,0.0675272197608017,0.07718408059696602,15.000000000001679,0.2754773749911692,
54,5,ok,1.9229023211419443,0.07882641152312765,-0.08151919768970757,0.08730759074028117,15.000000000001679,0.25291466602357104,
55,5,ok,2.039540581373643,-0.03910775755529224,0.04201590351005241,0.07369337590932698,15.000000000001679,0.3380981659865938,
56,5,ok,2.003043272293773,-0.0024672867947400515,-0.048032447348204804,0.09074949076111767,15.000000000001679,0.26983541701338254,
57,5,ok,1.95953187744029,0.04052320402282772,-0.014692335815058178,0.0948377763295373,15.000000000001679,0.2836524590093177,
58,5,ok,2.0709186990253086,-0.06257631407145345,0.1856965444053669,0.07924915496718726,15.000000000001679,0.27672983301454224,
59,5,ok,1.866779506511538,0.14643040414725064,-0.22168779682638676,0.08693167913044006,15.000000000001679,0.23898783398908563,
60,5,ok,1.7355455202643602,0.2725930225060962,-0.1678790845074633,0.0963985671125018,15.000000000001679,0.21709145800559781,
61,6,ok,1.9415211339237701,0.06426651588886752,0.14980050722083352,0.09000986525489198,15.000000000001679,0.23723137500928715,
62,6,ok,2.0946867440375296,-0.09464019300140866,-0.013964866972848636,0.08759910360749817,15.000000000001679,0.2718619169900194,
63,6,ok,1.9763190520986063,0.030393032421634252,-0.1627433223044411,0.08038164056948285,15.000000000001679,0.27506449999054894,
64,6,ok,1.928961813350676,0.07105931945784352,0.009029303112127574,0.0834577986646155,15.000000000001679,0.2269767500110902,
65,6,ok,1.9411556213546917,0.06071470597169651,0.08519210457827309,0.08824392448433405,15.000000000001679,0.2260593749815598,
66,6,ok,1.9620170739670277,0.04061558644878861,0.10160570097545249,0.07279217241370807,15.000000000001679,0.24226458300836384,
67,6,ok,1.999178100491564,0.004743173813948366,0.12515300652810013,0.07517233210455702,15.000000000001679,0.24191616699681617,
68,6,ok,1.799849475566164,0.22844013778255653,-0.3178581275913957,0.09248836521261963,15.000000000001679,0.2531723749998491,
69,6,ok,2.1183314973852063,-0.11759817578586118,-0.05573417912416083,0.10255964757490456,15.000000000001679,0.23576724997838028,
70,6,ok,1.990097747428471,0.011381462334602148,-0.07671607376169443,0.07843614930326138,15.000000000001679,0.22951908299000934,
71,7,ok,1.983643107132925,0.016375869925026473,0.008676811641926595,0.07647566177553644,15.000000000001679,0.29394216698710807,
72,7,ok,1.9124125852597165,0.0895616511291103,0.08687468804675828,0.08674833835654143,15.000000000001679,0.24235620800754987,
73,7,ok,1.8187244710506238,0.1820162179137686,-0.05190057485050583,0.08714845499678946,15.000000000001679,0.2395663330098614,
74,7,ok,1.914870108855578,0.08514668759798569,-0.00802033488121498,0.08917297470965964,15.000000000001679,0.2869907090207562,
75,7,ok,1.9708886610376957,0.02977006685464213,-0.050952180964111145,0.09374874554725354,15.000000000001679,0.2698388329881709,
76,7,ok,2.0270432428844103,-0.024429471157154558,0.10290590281276019,0.08994621720360658,15.000000000001679,0.25480737499310635,
77,7,ok,2.02436819394268,-0.024126667603664703,-0.03127008382514902,0.10347473408070296,15.000000000001679,0.20932454100693576,
78,7,ok,1.9704095167599487,0.03040268461185581,-0.05656924035189214,0.07999875079976704,15.000000000001679,0.25089516601292416,
79,7,ok,1.828227695940128,0.17364045226843358,0.08262754148767708,0.07502025912739355,15.000000000001679,0.28440929201315157,
80,7,ok,2.1803113395418996,-0.08635979446106516,-0.6331353294449564,0.1055398564401683,15.000000000001679,0.26472395900054835,
81,8,ok,2.0927856228883446,-0.03820477032034365,-0.4748399494688191,0.09512624361922857,15.000000000001679,0.2507422500057146,
82,8,ok,1.854235674357488,0.15578796149422136,-0.19254062711627318,0.09280613478612808,15.000000000001679,0.260316125000827,
83,8,ok,1.712616483893055,0.3090485622232048,-0.27154825718976755,0.08852432756668743,15.000000000001679,0.19746566598769277,
84,8,ok,1.9276497399189476,0.08305164264661864,-0.20283617786223063,0.08147395890613611,15.000000000001679,0.2647300419921521,
85,8,ok,1.8416494117600106,0.1675182907473854,-0.18353021846717443,0.0885910977036787,15.000000000001679,0.21973933299886994,
86,8,ok,1.7562085196441986,0.25416121391299884,0.1905657300385715,0.09087813629323788,15.000000000001679,0.2222452909918502,
87,8,ok,1.9671437052834289,0.03431802127634549,-0.07582028592187853,0.08569418162069739,15.000000000001679,0.28713670899742283,
88,8,ok,1.6550370783265849,0.3453346748024799,-0.0350769471987445,0.09713620619773934,15.000000000001679,0.23102670899243094,
89,8,ok,1.905710728411636,0.09804191461567192,-0.11953585999351189,0.07480640634100987,15.000000000001679,0.2714767080033198,
90,8,ok,1.963915696881342,0.03767533413314124,0.07903651173633965,0.08716840571855371,15.000000000001679,0.24594137497479096,
91,9,ok,1.6409189533397077,0.3655937916326819,-0.14605258463939963,0.09346175361343993,15.000000000001679,0.24711437500081956,
92,9,ok,1.9898043325857928,0.010453845122472372,-0.032052762583547015,0.09156672736403301,15.000000000001679,0.2361053750209976,
93,9,ok,1.9123340779232012,0.0906397189885909,-0.10660648611793001,0.09629661207795567,15.000000000001679,0.23535879197879694,
94,9,ok,1.6660921541174196,0.3341659928231841,0.0293279140897475,0.09158688093628974,15.000000000001679,0.23626320899347775,
95,9,ok,1.7857691535615747,0.221689959215119,-0.16304866959192857,0.0946982939928577,15.000000000001679,0.2661981669953093,
96,9,ok,1.8290711268688475,0.17652792378136434,-0.14300620404784656,0.09640750982855062,15.000000000001679,0.25959820798016153,
97,9,ok,1.9167967291989483,0.08322139584950902,0.008335690654126727,0.09196064166089037,15.000000000001679,0.22690087501541711,
98,9,ok,1.9275462311469318,0.07250184660137533,-0.01361403149817374,0.10406239017716169,15.000000000001679,0.2318919170065783,
99,9,ok,1.4382390249287904,0.6464084779925727,-0.48612908201190164,0.09079981748451237,15.000000000001679,0.27680675001465715,
100,9,ok,1.8340981289616247,0.169096066457969,-0.1081976561707808,0.0943175511552829,15.000000000001679,0.2588620829919819,
101,10,ok,1.7666422907374828,0.25179116661405787,-0.25454048458652767,0.10632630820506632,15.000000000001679,0.24951170798158273,
102,10,ok,2.0215114733458814,-0.021333496192820846,0.026824131634491346,0.07499448766285395,15.000000000001679,0.2792525000113528,
103,10,ok,1.729074829594036,0.2918150244063973,-0.26796241432694834,0.09540115263510356,15.000000000001679,0.222589833982056,
104,10,ok,1.7073108557487573,0.34658537825898267,-0.42559422783980844,0.09762766967180096,15.000000000001679,0.24902162500075065,
105,10,ok,2.0365471336427152,-0.036519471114012235,0.010614674835452517,0.07504669443730314,15.000000000001679,0.26387712502037175,
106,10,ok,1.9186643269238293,0.08534768395077792,-0.12401333822383777,0.09256654538926544,15.000000000001679,0.20317066699499264,
107,10,ok,1.9115648655797473,0.09000987582272534,-0.07757551717001812,0.08973004234992882,15.000000000001679,0.251971624995349,
108,10,ok,2.01785960069181,-0.015706120798409072,-0.09319979978486993,0.09515254759877093,15.000000000001679,0.23141854201094247,
109,10,ok,1.7875962434103172,0.2480177345197468,-0.3550471389792585,0.08593563933220974,15.000000000001679,0.23715833300957456,
110,10,ok,2.0226580275264037,-0.021648875493701505,-0.06388521372003163,0.09929029785876795,15.000000000001679,0.24795570800779387,
111,11,ok,1.9359046060563714,0.06425827441093043,0.025112060125074387,0.09309617512862516,15.000000000001679,0.2603741669736337,
112,11,ok,1.6191812458782686,0.38278783542826644,-0.07982932897820438,0.08926992254060591,15.000000000001679,0.25481729200691916,
113,11,ok,2.002193431611255,0.0009676128050452853,0.11246356091149794,0.08205399443223804,15.000000000001679,0.25051358400378376,
114,11,ok,1.704861182388031,0.2973520246764813,-0.08684194459037624,0.10397681700393925,15.000000000001679,0.24812699999893084,
115,11,ok,2.0243585939249984,-0.024330547155891294,0.010656108554569036,0.09364755569625863,15.000000000001679,0.21318275001249276,
116,11,ok,1.801268616777558,0.19974077066019516,-0.06029375560196419,0.10338512964206212,15.000000000001679,0.25291908299550414,
117,11,ok,1.954994390927919,0.049001954975075784,0.12493877247895926,0.12351248370323646,15.000000000001679,0.2188062499917578,
118,11,ok,1.8121633151094676,0.21427547451306653,-0.3084214644005866,0.11110060971387492,15.000000000001679,0.29788558298605494,
119,11,ok,1.9517558968497983,0.050142148853440455,-0.08605487325004438,0.08731026740090667,15.000000000001679,0.26024025000515394,
120,11,ok,1.8663844445245297,0.14805141478764414,-0.2316836906065913,0.0957496030782264,15.000000000001679,0.2305551669851411,
121,12,ok,1.6355475389658543,0.43930468289839997,-0.4891276718755534,0.09423201754139893,15.000000000001679,0.2313985000073444,
122,12,ok,1.7783193982266599,0.25435611122178875,-0.3393336052920691,0.0849475898019674,15.000000000001679,0.26690495799994096,
123,12,ok,1.9286993079055381,0.07520308408112476,-0.12262892311558751,0.09370317537456493,15.000000000001679,0.24030154102365486,
124,12,ok,1.7108618855441489,0.2969571087686509,-0.1633808496551782,0.08292386660923551,15.000000000001679,0.2190637500025332,
125,12,ok,1.752373395235626,0.2484816362960099,0.054735161800552275,0.09622132060499641,15.000000000001679,0.23912970797391608,
126,12,ok,2.2172201306855266,-0.1532181978356875,-0.5288823124537028,0.0820193909614374,15.000000000001679,0.23985354101751,
127,12,ok,1.6607751039111107,0.40696020647614006,-0.46946582625407157,0.09320056491531072,15.000000000001679,0.22369016701122746,
128,12,ok,1.9172894661478728,0.08492877565486923,-0.0922014245380041,0.0824807652515054,15.000000000001679,0.20696087498799898,
129,12,ok,1.8711739878927596,0.1421473277823141,-0.2228801052137615,0.08842649417721815,15.000000000001679,0.2491556250024587,
130,12,ok,1.8741822340346745,0.13518064932828536,-0.18710381004011714,0.07864954219891569,15.000000000001679,0.23905729097896256,
131,13,ok,2.002435384865647,0.001645980453788446,0.12778373576293564,0.0909165181808977,15.000000000001679,0.23789212500560097,
132,13,ok,1.6509207830313857,0.36840945747601783,0.25189627506428164,0.09068755349772999,15.000000000001679,0.22729762498056516,
133,13,ok,1.920904848403279,0.1481812198166858,-0.5105317247533264,0.09467959365189474,15.000000000001679,0.23189662498771213,
134,13,ok,1.8879023269297752,0.11574764572944535,0.11733823525489093,0.09531635032541749,15.000000000001679,0.2537449579976965,
135,13,ok,1.7396735531477918,0.26559930197268034,-0.13534507824154302,0.0816676538306128,15.000000000001679,0.28422529200906865,
136,13,ok,1.8268593880389492,0.1739797293352405,0.05536420131675682,0.08960231704123343,15.000000000001679,0.22180720799951814,
137,13,ok,2.0206847440491305,-0.017168770890998317,0.11915109976411492,0.07911207193300847,15.000000000001679,0.2719079169910401,
138,13,ok,1.9441666015234593,0.05782656880435823,-0.08801214482686363,0.09435786261337258,15.000000000001679,0.2297671669803094,
139,13,ok,1.9919565175189482,0.008620579839549619,0.04794551749271558,0.08363927225717056,15.000000000001679,0.27883458402357064,
140,13,ok,1.962892141257963,0.04171432345817681,0.1343977948606452,0.08189803981124044,15.000000000001679,0.20297304101404734,
141,14,ok,1.7577119930980243,0.2520126103611522,-0.18463893507111645,0.09468994693324255,15.000000000001679,0.2079736250161659,
142,14,ok,1.8358748849943896,0.17774297840589304,-0.22319484896416855,0.09432644918011025,15.000000000001679,0.2495156670047436,
143,14,ok,1.9371471702133076,0.06628042783287287,-0.1151858293506959,0.08050212691326486,15.000000000001679,0.2400106659915764,
144,14,ok,2.031202112467757,-0.027603033051331702,0.12086340246128652,0.07846464394954923,15.000000000001679,0.3056709169759415,
145,14,ok,1.6779792241369285,0.3423795762723097,-0.2605931838632789,0.087644785220154,15.000000000001679,0.3364324170106556,
146,14,ok,1.367252415444481,0.7738868668318977,-0.60500062166205,0.08700154244415118,15.000000000001679,0.23784195800544694,
147,14,ok,1.8929441809298786,0.17237268115116733,-0.4929665866097988,0.08556468131162498,15.000000000001679,0.2346767079725396,
148,14,ok,1.7058000019113109,0.29474748277045637,0.04321456933642721,0.09596177208661535,15.000000000001679,0.28663995800889097,
149,14,ok,1.9289821611645095,0.07305995320728746,-0.08873688160736862,-6.687182433109692e-05,15.000000000001679,0.28385345899732783,
150,14,ok,1.979799891529391,0.020332359200659136,-0.022883235605155736,0.078402934073225,15.000000000001679,0.2998553329962306,
151,15,ok,1.8379503403191895,0.1718110510436686,-0.18917351927098094,0.07503704027281508,15.000000000001679,0.3388858750113286,
152,15,ok,1.9802089990521217,0.021259704758816625,0.07625302561760992,0.0774297932698991,15.000000000001679,0.35254987500957213,
153,15,ok,1.6116290899690333,0.3903351564694154,0.07954505098416284,0.0911993509168259,15.000000000001679,0.3000182080140803,
154,15,ok,1.8802829833657821,0.11972141785830517,0.004068301137403115,0.09232396816091878,15.000000000001679,0.27798700000857934,
155,15,ok,1.8090939067117484,0.19805958048334835,-0.16072177143663233,0.08009715449171989,15.000000000001679,0.32346579199656844,
156,15,ok,2.0033024911230255,0.006958750291509816,-0.20250295775652136,0.073794020260808,15.000000000001679,0.262034625018714,
157,15,ok,1.9751150439746823,0.02494812409550965,-0.015796342021634543,0.09426024622449744,15.000000000001679,0.22981237500789575,
158,15,ok,1.8744087825401772,0.12560742316870205,-0.007794355873073724,0.09774058728591953,15.000000000001679,0.26135083302506246,
159,15,ok,2.0760682604926894,-0.07516454535703104,0.06124975035285736,0.09762276312768117,15.000000000001679,0.23010045901173726,
160,15,ok,1.6906820102426097,0.32234661999619113,-0.20948698365241533,0.08483198893719392,15.000000000001679,0.25041950002196245,
161,16,ok,1.9742465313007014,0.025951303015947877,-0.027948314589920323,0.09680010997356418,15.000000000001679,0.2329305419989396,
162,16,ok,1.9236895666616727,0.15426978848442252,-0.542089969637546,0.09890064835709145,15.000000000001679,0.2554724169895053,
163,16,ok,1.9759097665389311,0.033204061845610006,-0.18956039450087137,0.076436052878079,15.000000000001679,0.2740861659985967,
164,16,ok,1.9603513209602028,0.03986306162299028,0.02899110898905023,0.08841329765967465,15.000000000001679,0.236454625002807,
165,16,ok,1.6574199665115523,0.34673695497582324,-0.11731261376570756,0.07924620415654027,15.000000000001679,0.2721861249883659,
166,16,ok,1.8018126552037117,0.2272220422814243,-0.3221601419781873,0.08511355871388906,15.000000000001679,0.2546941659820732,
167,16,ok,1.7590776129673344,0.29657957141309316,-0.43899076518265684,0.07285789448084273,15.000000000001679,0.2537551249843091,
168,16,ok,1.9791304476258977,0.02087699322727083,-0.0054270418054409705,0.09075139973624578,15.000000000001679,0.2596503750246484,
169,16,ok,2.1068444693882378,-0.09812161613364427,0.19151841192049557,0.09658105117388381,15.000000000001679,0.21807624999200925,
170,16,ok,1.8169199059174532,0.20577047677525406,-0.28624877730356946,0.0827136393719762,15.000000000001679,0.25078541701077484,
171,17,ok,1.877951662667719,0.1245600624317173,-0.09709525163635384,0.08739186833083314,15.000000000001679,0.2482713750214316,
172,17,ok,1.849677505263766,0.15040805997840023,-0.01779125869418493,0.07945179094352145,15.000000000001679,0.24665720900520682,
173,17,ok,1.9913191590833772,0.01053150987267311,-0.08583192950774272,0.093990420348868,15.000000000001679,0.21755058399867266,
174,17,ok,1.9408621994507402,0.06882899904911334,-0.19371278311746834,0.08809643723568931,15.000000000001679,0.2430439580057282,
175,17,ok,1.9382212425731966,0.061778765342239285,0.0001751677241905008,0.09677115765692791,15.000000000001679,0.24566991699975915,
176,17,ok,2.0245621444446527,0.08693153917214111,-0.6625865535189019,0.09985941075841245,15.000000000001679,0.2239183750061784,
177,17,ok,1.3111239097292655,0.7733483005324726,-0.46300271582052527,0.09233147928688648,15.000000000001679,0.21227858299971558,
178,17,ok,1.635491317562121,0.6210724492977919,-0.8794263242224968,0.10167009961536576,15.000000000001679,0.21110529100405984,
179,17,ok,1.91035492697315,0.08968256637293082,0.011968700475679387,0.08933381417235065,15.000000000001679,0.292163417005213,
180,17,ok,1.9866898554542392,0.014030241637515279,0.053485517987950607,0.09901783826176996,15.000000000001679,0.21501304098637775,
181,18,ok,1.3622711144572428,0.8694810838333508,-0.7600720817619626,0.09609173092505048,15.000000000001679,0.25682395897456445,
182,18,ok,1.8249797155374194,0.19567291204766074,-0.2737785999753676,0.08538264482596879,15.000000000001679,0.25090320900199004,
183,18,ok,2.0544984723986772,-0.0397528299075927,-0.2457078874852534,0.09091269433072034,15.000000000001679,0.20571991699398495,
184,18,ok,1.8968008684613467,0.10520991199837902,-0.08731584625100015,0.09618023189403346,15.000000000001679,0.23792820901144296,
185,18,ok,2.0336248318193237,-0.03292867343896076,-0.053206816310316554,0.0769532003616189,15.000000000001679,0.2243681249965448,
186,18,ok,1.7703679401703378,0.2528816548612853,-0.2859722568060127,0.07594091225755845,15.000000000001679,0.25099837500602007,
187,18,ok,1.9579317264365512,0.04334216456549542,-0.07061699809233828,0.08669929077970605,15.000000000001679,0.26480895798886195,
188,18,ok,1.5690392043020849,0.4485104959587234,-0.234017827283891,0.08359652899785668,15.000000000001679,0.22601174999726936,
189,18,ok,1.898366715618207,0.10171019164757286,-0.017087728706999757,0.09428326799859772,15.000000000001679,0.21704579101060517,
190,18,ok,1.8208604617168147,0.18349186730637732,0.12582140080884507,0.09314517856377169,15.000000000001679,0.2620592500024941,
191,19,ok,1.8736493767047064,0.19505861386832085,-0.5027410660121049,0.0912471978983974,15.000000000001679,0.22851954100769944,
192,19,ok,2.2041008481800812,-0.20323828431373953,-0.061657209492509524,0.07583716948343183,15.000000000001679,0.23483612498966977,
193,19,ok,1.6711796539955117,0.4126942667341804,-0.5227828852114584,0.08106988801318138,15.000000000001679,0.25916349998442456,
194,19,ok,2.0009880192042253,-0.00015747220738972003,0.05764667702299155,0.07504114565367834,15.000000000001679,0.2563827499980107,
195,19,ok,2.1961162410020427,-0.1750470920251026,-0.3034743670659653,0.07685320353651211,15.000000000001679,0.24225949999527074,
196,19,ok,1.5414937504815653,0.5443423712635402,-0.5072118400383312,0.09749259857122322,15.000000000001679,0.22570641699712723,
197,19,ok,2.2277319096425514,-0.2138129862815051,-0.2486393432484353,0.09875759286618262,15.000000000001679,0.28058883402263746,
198,19,ok,1.3516782465213346,0.8463308954596386,-0.7043306605196387,0.09264625864292607,15.000000000001679,0.21654583400231786,
199,19,ok,2.18418024009795,-0.17537514389670925,0.19592423165782694,0.08946207512386248,15.000000000001679,0.24404175000381656,
200,19,ok,1.7864700082287048,0.21463123113200275,-0.06271721814175119,0.08834980422240703,15.000000000001679,0.22668983397306874,
201,20,ok,1.6609705934426156,0.45983757091546057,-0.6218705687822232,0.08538480265677524,15.000000000001679,0.2776219169900287,
202,20,ok,1.7743341266732588,0.24168344593668303,-0.2378749435822506,0.0972753878874316,15.000000000001679,0.2134917080111336,
203,20,ok,2.061025658550135,-0.05888225904853192,-0.09397131784344037,0.08334348515866255,15.000000000001679,0.24998404199141078,
204,20,ok,2.010042753762656,0.006048375583325539,-0.25382827155355797,0.08062076289647363,15.000000000001679,0.26007741698413156,
205,20,ok,1.5311303225147015,0.5755318454156855,-0.5614717634032288,0.08932983797779873,15.000000000001679,0.2663727079925593,
206,20,ok,1.6866318579517665,0.40381302260564,-0.5448983001023994,0.0749697378541766,15.000000000001679,0.25564754102379084,
207,20,ok,1.7251102839845145,0.3234147268647231,-0.40628476936139374,0.08582555600302853,15.000000000001679,0.23818666700390168,
208,20,ok,1.9194478100733297,0.08747759837484352,-0.16290475400443083,0.08520155224668977,15.000000000001679,0.24971908400766551,
209,20,ok,2.141054847952148,-0.13682374583794304,-0.1345367650960026,0.07519659025772273,15.000000000001679,0.2274594999908004,
210,20,ok,1.4446183104998132,0.7186012730616848,-0.6670377542779715,0.09450000452022876,15.000000000001679,0.2322573330020532,
211,21,ok,2.033191601701598,-0.03312028688832681,0.017029042046964236,0.07498968908822917,15.000000000001679,0.2562838329758961,
212,21,ok,1.6076906595901719,0.4838393341002984,-0.5347205738627003,0.0759630277349244,15.000000000001679,0.25014675001148134,
213,21,ok,1.418200182814973,0.5841595096013329,-0.08177691779521,0.09194856052044585,15.000000000001679,0.24368516699178144,
214,21,ok,1.9627991183646745,0.03851950588413488,0.07193504192063961,0.0954174689191142,15.000000000001679,0.20795537499361672,
215,21,ok,2.027561970505602,-0.02755866628041795,0.003660468785812728,0.0929172939599859,15.000000000001679,0.2278025000123307,
216,21,ok,2.0075385672144006,-0.0044560061624392125,0.11120799527269574,0.075011614521469,15.000000000001679,0.26494150000507943,
217,21,ok,1.9168728859133541,0.08425474149600709,-0.06574013438729721,0.0815284416330176,15.000000000001679,0.2334443749859929,
218,21,ok,1.573141701135446,0.5888968557160067,-0.6953867471005986,0.09611875092267025,15.000000000001679,0.25851087502087466,
219,21,ok,1.7712490363087467,0.27311677544060986,-0.3939511103678057,0.07499800501806379,15.000000000001679,0.28384966700104997,
220,21,ok,2.319643862719264,-0.30936890724173877,-0.21808920220003017,0.07497133078260942,15.000000000001679,0.2743320840236265,
221,22,ok,1.4961253101805105,0.5382432404166828,-0.31883870463795455,0.09827234797078742,15.000000000001679,0.21857158301281743,
222,22,ok,1.9629210690840244,0.03772181427056406,-0.05023390552567508,0.07442602866310917,15.000000000001679,0.2680962919839658,
223,22,ok,1.9495362113478236,0.09880469379064469,-0.43144854502471247,0.11108412581343789,15.000000000001679,0.222036291990662,
224,22,ok,1.4857822299306387,0.6376849572590423,-0.592997941901457,0.08783242915062645,15.000000000001679,0.2659641669888515,
225,22,ok,1.9372767487790397,0.06421076525285925,-0.07590283260172524,0.07945013087281355,15.000000000001679,0.24569170901668258,
226,22,ok,1.845527106001384,0.1866364660003968,-0.3430495482380259,0.09910810433229959,15.000000000001679,0.22172437500557862,
227,22,ok,1.992874693957054,0.011811632414070876,0.13658902155890926,0.07498186612877142,15.000000000001679,0.22212154199951328,
228,22,ok,1.7418899981400942,0.4757983983778864,-0.8432023738303165,0.09267090754124178,15.000000000001679,0.23283437499776483,
229,22,ok,1.7599916937582722,0.280402040525586,-0.37490481441233015,0.09583873974016698,15.000000000001679,0.23725458298576996,
230,22,ok,1.4244280412757095,0.7303180316894334,-0.6456802181572238,0.0893982799654924,15.000000000001679,0.22808887498104014,
231,23,ok,2.147462984980713,-0.05762254522757455,-0.6146435822763241,0.07498567009761001,15.000000000001679,0.24709008302306756,
232,23,ok,1.5127297328023712,0.7546017614172553,-0.8586818222364617,0.08365522398879705,15.000000000001679,0.27458570900489576,
233,23,ok,1.392736154550198,0.6984182500769086,-0.49557940277862245,0.09306639592678405,15.000000000001679,0.22067220901953988,
234,23,ok,1.847263097481478,0.16569373251938113,-0.2184066583192592,0.07615886318819219,15.000000000001679,0.28345795799396,
235,23,ok,1.9173677052827836,0.09166993601705964,-0.18594430391984126,0.07900878030507315,15.000000000001679,0.2630512499890756,
236,23,ok,1.7934773922896081,0.21863143665968873,-0.20805575742287966,0.07497802236582037,15.000000000001679,0.24851241701981053,
237,23,ok,1.652972809292421,0.41375760883088336,-0.4649238483000867,0.08105805735390349,15.000000000001679,0.22356308400048874,
238,23,ok,1.5618715329153996,0.5013774512809349,-0.439969478262156,0.08578233673748689,15.000000000001679,0.2884047499974258,
239,23,ok,1.6010943790646288,0.4533377529734715,0.41393127967719306,0.09368609913220731,15.000000000001679,0.2803372079797555,
240,23,ok,1.8752064525771763,0.16609018910731133,-0.39137455882903266,0.07829061428633184,15.000000000001679,0.23267866700189188,
241,24,ok,1.5401785334233358,0.46436706661074983,0.11824300701683711,0.09770556969048402,15.000000000001679,0.2820821250206791,
242,24,ok,1.5412892433620615,0.7893439387448519,-0.9538786259528864,0.09457914002191527,15.000000000001679,0.22387991601135582,
243,24,ok,2.0847345161369786,-0.0814305220872396,-0.11732427070526652,0.07605471678733239,15.000000000001679,0.283348124998156,
244,24,ok,1.9179353186031127,0.08674217970931634,0.1338670961878469,0.07207630793181036,15.000000000001679,0.24546174998977222,
245,24,ok,2.0426105677919466,-0.04248428546277151,-0.022712888256865665,0.07606951264294282,15.000000000001679,0.2363568329892587,
246,24,ok,1.8604235868705357,0.19836285343887664,-0.4639822353445475,0.09007958647280949,15.000000000001679,0.33007175000966527,
247,24,ok,2.022093373787195,-0.020308038768706092,0.08495316827891394,0.08308541258124263,15.000000000001679,0.24378499999875203,
248,24,ok,2.345741537248469,-0.3407448847588523,-0.15302530525399485,0.09471226144831293,15.000000000001679,0.24038162498618476,
249,24,ok,1.6842244402818483,0.3487770160586859,-0.3317749576846441,0.08218800652754106,15.000000000001679,0.25166325000463985,
250,24,ok,2.1782199871325933,-0.17433611827371964,-0.13001829530604087,0.08499373240140211,15.000000000001679,0.22226054201018997,
251,25,ok,1.9624436728933732,0.03812625770929793,-0.04729258493155611,0.07360877052473261,15.000000000001679,0.20778049997170456,
252,25,ok,2.0762758271324526,-0.07564027693459405,0.05136877554928283,0.07809832950931954,15.000000000001679,0.25065695901867,
253,25,ok,1.7711341296588548,0.2638794978749748,-0.35043074543136116,0.07609884317105511,15.000000000001679,0.22794170799897984,
254,25,ok,1.9027242082153308,0.14988295441634278,-0.44432682810005664,0.09040082539616223,15.000000000001679,0.2866086669964716,
255,25,ok,2.1739269139078017,-0.17127657944924826,0.10731375749581545,0.0895169546353127,15.000000000001679,0.24628012502216734,
256,25,ok,1.6645069830258985,0.38826527169507136,-0.4158060390588581,0.08055612789468261,15.000000000001679,0.2640872079937253,
257,25,ok,2.1172844779980626,-0.1172370306899316,-0.01417450693356068,0.07498913052490648,15.000000000001679,0.23222599999280646,
258,25,ok,2.261399461063951,-0.2532732234956158,-0.1915392982601883,0.07934035500913576,15.000000000001679,0.26091629097936675,
259,25,ok,1.4172710017918804,0.7995784306113678,-0.7534222907949386,0.08661978115989712,15.000000000001679,0.24812908298918046,
260,25,ok,1.9890604820508229,0.01198488850343123,0.0644788160370309,0.07969641499327025,15.000000000001679,0.22347083300701343,
261,26,ok,1.8029841614275859,0.21006895137255238,-0.21656114036959823,0.07727851794053635,15.000000000001679,0.2441670419939328,
262,26,ok,1.6695750490158539,0.3584375539174255,-0.3045547239950252,0.08911166592958761,15.000000000001679,0.26135745900683105,
263,26,ok,1.6029446777163086,0.4301085733790253,-0.3238403131807417,0.07498947125443718,15.000000000001679,0.2371402919816319,
264,26,ok,1.1122969044134101,1.0542978439810136,-0.5855355118766886,0.09483492730017891,15.000000000001679,0.2042804160155356,
265,26,ok,1.8824088649604385,0.12633698774493243,-0.18124583136975356,0.09604274628441625,15.000000000001679,0.2607789999747183,
266,26,ok,2.0221900195418567,-0.010918602422089939,-0.21321081015624915,0.07493208629340019,15.000000000001679,0.2805356659810059,
267,26,ok,2.0394266836487476,-0.025003408807904352,-0.24212061517949504,0.11333444229983336,15.000000000001679,0.21592229101224802,
268,26,ok,1.7480693961330698,0.2708091412454836,-0.25621394906767564,0.07505596326502867,15.000000000001679,0.2634042920253705,
269,26,ok,1.9953116935326713,0.006439004687172585,-0.08356621515627959,0.08787974490330222,15.000000000001679,0.23544891699566506,
270,26,ok,2.2062068361045375,-0.19439731129084306,-0.2279671991184522,0.09190005371472369,15.000000000001679,0.21571054100058973,
271,27,ok,1.6676900502914347,0.34152152309832157,-0.17504069668204872,0.0749120156100692,15.000000000001679,0.23644599999533966,
272,27,ok,1.9724503636742967,0.030300616806343435,-0.10413825908566918,0.07460832165539714,15.000000000001679,0.3108245409966912,
273,27,ok,1.480816615436875,0.7005832521205672,-0.7101647441857135,0.08505532480136575,15.000000000001679,0.21890204201918095,
274,27,ok,1.8214623551859932,0.18516202179946942,-0.1552038151615983,0.0749641582768611,15.000000000001679,0.2358362500090152,
275,27,ok,1.9562440672092192,0.04678670083606254,-0.1088515432154968,0.09125784806310963,15.000000000001679,0.23115229100221768,
276,27,ok,1.8448467598739138,0.15640957113355264,-0.06807274057438033,0.07501943043928833,15.000000000001679,0.23653112500323914,
277,27,ok,1.591152502553159,0.49074447391264014,-0.5038988423840117,0.08120774657325258,15.000000000001679,0.2582803339755628,
278,27,ok,1.7060955669494406,0.3247473176045191,-0.3229404491408275,0.0986740534097741,15.000000000001679,0.1998820420121774,
279,27,ok,1.3858944293451205,0.9814524902894698,-0.9398214403557279,0.0885193945996798,15.000000000001679,0.24916879201191477,
280,27,ok,1.62262505269864,0.501349123112485,-0.6220591698942688,0.09984139649112747,15.000000000001679,0.22577420799643733,
281,28,ok,1.5377847017419923,0.4781414886035764,-0.22074523823170117,0.08252356152282654,15.000000000001679,0.25634541700128466,
282,28,ok,1.8473466129250282,0.21038670810211338,-0.458228953415194,0.07631456649716835,15.000000000001679,0.2234520420024637,
283,28,ok,1.901098202867222,0.13910349452539508,-0.38889403808413514,0.09457874667890907,15.000000000001679,0.2706848749949131,
284,28,ok,1.465338105244207,0.6823685164834631,-0.6411419782908404,0.0997124491100447,15.000000000001679,0.21162820799509063,
285,28,ok,2.4271645534948063,-0.41493970760114285,-0.24329812657098085,0.08947603841303874,15.000000000001679,0.25192416697973385,
286,28,ok,2.031722576779834,-0.020438780549239775,-0.21383115546989,0.07500489178911723,15.000000000001679,0.22653704200638458,
287,28,ok,1.4771136609084943,0.6193034892178043,-0.5249208629463731,0.07888412699272795,15.000000000001679,0.23905162498704158,
288,28,ok,2.001610930534524,0.011293459561052885,0.22691983882119854,0.07764768262648063,15.000000000001679,0.24902666598791257,
289,28,ok,1.6605190687514189,0.4401871920334728,-0.5694800978003156,0.07678277208313601,15.000000000001679,0.25850162500864826,
290,28,ok,2.051995131140123,0.11232722150157874,-0.8045964824300569,0.09773271663093117,15.000000000001679,0.21770091701182537,
291,29,ok,2.056262955158855,-0.05378851356841461,-0.1008468258948676,0.07460228022011596,15.000000000001679,0.28099674999248236,
292,29,ok,1.050051441148819,0.9718360095273575,-0.21327643506511398,0.1089472565700046,15.000000000001679,0.21228083400637843,
293,29,ok,2.0265413892360096,-0.025890311656274773,0.05136581960659104,0.09691777417438126,15.000000000001679,0.24726308300159872,
294,29,ok,1.8577404669129787,0.14237268404794942,0.02050359565617174,0.08081722184235694,15.000000000001679,0.23988475001533516,
295,29,ok,1.9934231920590841,0.006577124215175712,-0.0011229144176856949,0.07497937151488691,15.000000000001679,0.28351208299864084,
296,29,ok,1.8904387106992298,0.11062117637085107,0.06329438941880675,0.07500655939286757,15.000000000001679,0.24320662501850165,
297,29,ok,2.097834264681826,-0.09715462898790865,0.05339535736115069,0.07550915496074094,15.000000000001679,0.2300302920048125,
298,29,ok,1.7264258256245602,0.45441460436690984,-0.7692281301338036,0.09637935337470305,15.000000000001679,0.24465941698872484,
299,29,ok,1.86892692601421,0.16288260285584868,-0.3433475264090645,0.09956681081555994,15.000000000001679,0.23961162500199862,
300,29,ok,1.900671199553343,0.09935544388136364,0.010063801872827691,0.08091691504969992,15.000000000001679,0.23780987499048933,
301,30,ok,2.0601964740655965,-0.0593348145140191,-0.05957880061587865,0.09580784436201978,15.000000000001679,0.28203604198643006,
302,30,ok,1.8767560381091835,0.12950930496599394,-0.1532246271670451,0.09878732124402433,15.000000000001679,0.21959170899935998,
303,30,ok,1.9568347964716708,0.04415660190241768,-0.06228180151880367,0.09973914786693731,15.000000000001679,0.24112245900323614,
304,30,ok,1.7032622855553385,0.3139284359407541,-0.24138163614078767,0.0937851610826595,15.000000000001679,0.23081587499473244,
305,30,ok,1.958720345423197,0.0435613599286817,0.09451581460611995,0.11160552105658371,15.000000000001679,0.23260691700852476,
306,30,ok,1.7003588857472134,0.3728821393731725,-0.49366771007296106,0.07499555492166445,15.000000000001679,0.22981158300535753,
307,30,ok,2.0239028020649634,0.004609883460765134,-0.3385274509163898,0.09576814762712059,15.000000000001679,0.2185651249892544,
308,30,ok,2.0860698650295477,-0.0857675562965524,0.035513136796153456,0.12237059111461072,15.000000000001679,0.23177066599600948,
309,30,ok,2.111342875552995,-0.06398843392900411,-0.44465771415290567,0.09902797244874571,15.000000000001679,0.257707249984378,
310,30,ok,2.4094368297918916,-0.38322044552613505,-0.3544659994749987,0.09797404107664015,15.000000000001679,0.2162504580046516,
311,31,ok,1.6440838695123583,0.4335488859520918,-0.4992421028807523,0.08104776335781233,15.000000000001679,0.2893275829846971,
312,31,ok,1.8109393094232213,0.5270937955272352,-1.0535883898562513,0.10197887480750822,15.000000000001679,0.24616208398947492,
313,31,ok,1.9353971522856033,0.10055673955635508,-0.37131851210307115,0.10173161992815197,15.000000000001679,0.27920195800834335,
314,31,ok,1.6945074814317482,0.3110907091517112,-0.13762634891072506,0.07499627058413981,15.000000000001679,0.280162333016051,
315,31,ok,1.9401360332989634,0.05999252519140709,0.02233439929397978,0.097497461834063,15.000000000001679,0.22871375002432615,
316,31,ok,1.4984948643107707,0.6483594214436728,-0.6469579621317542,0.09296368062306506,15.000000000001679,0.2337979589938186,
317,31,ok,2.0322157247483674,0.13897102296822833,-0.8163773015968835,0.10247365999139513,15.000000000001679,0.22633045801194385,
318,31,ok,1.9707301514006315,0.06578726367778541,-0.37762206011895927,0.09701508362252032,15.000000000001679,0.24315904200193472,
319,31,ok,1.5958226765777017,0.6729099665461701,-0.8862742567552849,0.09736286877790827,15.000000000001679,0.25958012498449534,
320,31,ok,1.6593429312098682,0.3970060910493427,-0.42875341540709544,0.08719115026480269,15.000000000001679,0.27871699997922406,
321,32,ok,2.0576981237009138,-0.05729631033613001,-0.04066275641918358,0.07590095875156437,15.000000000001679,0.2524557499855291,
322,32,ok,1.2252819730624143,0.7869825394786276,-0.17292933233550475,0.08943321586207811,15.000000000001679,0.2396266249998007,
323,32,ok,2.0542135537669646,-0.04031705234092113,0.2385364760508464,0.07618897638747936,15.000000000001679,0.3160826660168823,
324,32,ok,2.6167627583234037,-0.5381394081829576,-0.6366283672418105,0.09588691177613604,15.000000000001679,0.26546975001110695,
325,32,ok,1.3149388658241614,0.7643750336624212,-0.4497723462132692,0.08156795100845322,15.000000000001679,0.22152879199711606,
326,32,ok,1.5600792765935356,0.4958613007214708,-0.41402188660661826,0.07493478949270371,15.000000000001679,0.29260954199708067,
327,32,ok,1.9980804418345532,0.002953931312411736,0.06428414719985195,0.12391007605040041,15.000000000001679,0.19366504199570045,
328,32,ok,1.8769991958006045,0.15357153240533622,-0.3373838986853659,0.07472706932517413,15.000000000001679,0.27358741700300016,
329,32,ok,1.7274085993304542,0.2914010519135866,-0.2542245142365371,0.07494645393840436,15.000000000001679,0.21451095899101347,
330,32,ok,2.2871236353901865,-0.25529287300135484,-0.3802480513424337,0.08811504323583226,15.000000000001679,0.250022958003683,
331,33,ok,1.5751321616435827,0.44989697633399933,-0.27968185973621473,0.10223307450236284,15.000000000001679,0.2171167499909643,
332,33,ok,2.076080178273047,-0.07570476522968553,-0.039479541803615494,0.09468775075536816,15.000000000001679,0.26421533297980204,
333,33,ok,1.9584811782403306,0.0632680226786384,0.2910631779228052,0.09351505142193133,15.000000000001679,0.25392608300899155,
334,33,ok,2.0052582163831114,-0.00486059848762765,-0.039931128256134166,0.09725251140893133,15.000000000001679,0.28009966600802727,
335,33,ok,2.0659057552750473,0.1856005914509018,-0.9878873295752133,0.10182203250714539,15.000000000001679,0.2570477499975823,
336,33,ok,1.9759693867172543,0.02455219611791715,-0.04539814292697405,0.07498778625098765,15.000000000001679,0.24840704098460265,
337,33,ok,2.0466512643031147,-0.04519328358113155,0.07723878862441301,0.07499563804106368,15.000000000001679,0.25876679198700003,
338,33,ok,1.9625096961017756,0.03861653575531734,-0.06647716510961903,0.07705733396743064,15.000000000001679,0.22878287499770522,
339,33,ok,1.563068137704769,0.840417121995554,-1.048117146194442,0.10772314358425389,15.000000000001679,0.23356100000091828,
340,33,ok,1.617860536848653,0.38638923988674034,-0.11718801789824845,0.09314331006504835,15.000000000001679,0.2756140419805888,
341,34,ok,2.3092028455653395,-0.30879301911301466,-0.043503756873086115,0.08011436794243969,15.000000000001679,0.21155983398784883,
342,34,ok,1.787770381787776,0.25744536516822053,-0.39953258017825466,0.07868083305329061,15.000000000001679,0.23088154100696556,
343,34,ok,1.4339366828436124,0.7024262836966878,-0.6103088244187156,0.08799319966344031,15.000000000001679,0.21980445898952894,
344,34,ok,2.6067689601901196,-0.5028994874360445,-0.7285180626470854,0.08358947098395446,15.000000000001679,0.25546549999853596,
345,34,ok,2.0140306600474642,-0.01229145199762291,0.0836816098585829,0.13596311323597196,15.000000000001679,0.2453803750104271,
346,34,ok,2.070825940300961,-0.014366772561722094,-0.480256786128661,0.09600736696665935,15.000000000001679,0.26047666600788943,
347,34,ok,1.9651732205025745,0.03517301167395383,-0.036887566008881156,0.07341005721059032,15.000000000001679,0.25154495899914764,
348,34,ok,2.3506513597343295,-0.2703465476453344,-0.6091702295875621,0.10045518544982203,15.000000000001679,0.23057229100959376,
349,34,ok,1.6445778935682416,0.40198871150001225,-0.38858251355402385,0.07759991713725232,15.000000000001679,0.2868699169775937,
350,34,ok,2.1124561032762634,0.006661728260618301,-0.6993377743895934,0.0977023906669751,15.000000000001679,0.22442524999496527,
351,35,ok,2.320502696314673,-0.3122870631893822,-0.19509305731032675,0.08099812330081856,15.000000000001679,0.25910854098037817,
352,35,ok,2.6713540842749133,-0.5415142465078097,-0.8227016338686227,0.07988865127727492,15.000000000001679,0.2243916250008624,
353,35,ok,1.1765011814130402,0.9345378879329619,-0.4989444033315996,0.11112017663547177,15.000000000001679,0.24980895899352618,
354,35,ok,1.537499266350284,0.5603850326540529,-0.5398265830997854,0.10219967097024228,15.000000000001679,0.24498483299976215,
355,35,ok,2.161303102184315,-0.11217622392120018,-0.4581950442917556,0.09576960841291986,15.000000000001679,0.23801541602006182,
356,35,ok,1.9333651794249203,0.12182867306187327,-0.4586647835622767,0.0961400758109122,15.000000000001679,0.2281580829876475,
357,35,ok,1.8123287394879022,0.21482196158778036,-0.31252972841716803,0.09097498527413733,15.000000000001679,0.24568458297289908,
358,35,ok,1.9383638423849412,0.06224834892692152,0.04871267010615512,0.108184037119758,15.000000000001679,0.21555366599932313,
359,35,ok,1.4358912990545383,0.6053106016554585,-0.34150447265866185,0.08784127145593278,15.000000000001679,0.2102386659826152,
360,35,ok,2.0516179536050334,0.039121409272326796,-0.6033998508289177,0.08877104583564174,15.000000000001679,0.22185025000362657,
361,36,ok,1.6863390488137264,0.4061904835204186,-0.5509179727809821,0.07500961446806423,15.000000000001679,0.25047220799024217,
362,36,ok,1.9406904893940429,0.060129365194138404,0.05640475017578271,0.07549373624199351,15.000000000001679,0.25810645800083876,
363,36,ok,1.8650807054370542,0.4783709185692347,-1.0785040455824653,0.10271801883254124,15.000000000001679,0.2513390410167631,
364,36,ok,1.5123475478620403,1.009598513833753,-1.1429348195430988,0.09965441492298771,15.000000000001679,0.23576833301922306,
365,36,ok,1.8265722309184738,0.17408731189992346,-0.049081261165977746,0.07743118425297199,15.000000000001679,0.24355020801885985,
366,36,ok,1.6778695837049304,0.3952333552811112,-0.48986769225969135,0.07497534377847626,15.000000000001679,0.24298766598803923,
367,36,ok,2.1981920892564024,-0.1850067560451118,-0.2404036965328198,0.09986703684690568,15.000000000001679,0.26029466700856574,
368,36,ok,2.0318755344149997,0.04759442368734036,-0.5626994339231854,0.09766909601877806,15.000000000001679,0.24397020798642188,
369,36,ok,1.6318095030901403,0.4222578687813597,-0.4165717486255553,0.0920126961171895,15.000000000001679,0.21369324999977835,
370,36,ok,1.5063106687290275,0.5009349179168434,-0.14756595273269948,0.1065845977978615,15.000000000001679,0.19151587499072775,
371,37,ok,1.994222505224444,0.006334346561707592,-0.04712390735204738,0.08998315135429184,15.000000000001679,0.2448417079867795,
372,37,ok,1.5856112882717923,0.4957716038476988,-0.5014579640448527,0.09856768221230904,15.000000000001679,0.23500895898905583,
373,37,ok,1.4260316446790136,0.5747403282066577,0.04691609090138132,0.10909796074364074,15.000000000001679,0.2525139159988612,
374,37,ok,1.6141090264983462,0.7011987797032041,-0.9583649302739498,0.08226996451672111,15.000000000001679,0.26312516699545085,
375,37,ok,1.809434194264473,0.19427317762536278,-0.11577023076040587,0.07975663775524255,15.000000000001679,0.2480830000131391,
376,37,ok,1.767219805209545,0.3045640372761952,-0.4985606645411039,0.09414363512749488,15.000000000001679,0.281327250006143,
377,37,ok,1.8624603987615427,0.14037271346379776,0.10268929898001297,0.14864021942782826,15.000000000001679,0.23513937499956228,
378,37,ok,2.0464676876031,0.20519699774890396,-0.983215225428305,0.09886562281079886,15.000000000001679,0.23007383401272818,
379,37,ok,1.8126129933142054,0.23199801596899142,-0.39966842256288027,0.07587555440220141,15.000000000001679,0.23914283400517888,
380,37,ok,1.335951650860031,0.6845760052629767,-0.23329493673402757,0.09878554364419388,15.000000000001679,0.27037183300126344,
381,38,ok,2.409683925347051,-0.3199578125108149,-0.6514386910876621,0.09515419177826209,15.000000000001679,0.26774441701127216,
382,38,ok,1.7444479831161368,0.2607392715137156,-0.13442798869028771,0.09827636064142517,15.000000000001679,0.2668398329988122,
383,38,ok,1.9853574815365622,0.018548243664088086,0.12447195188688505,0.09747851057900561,15.000000000001679,0.24870095899677835,
384,38,ok,1.5909547991418445,0.5339179392034075,-0.6178515711098279,0.08328225195697964,15.000000000001679,0.26393279200419784,
385,38,ok,1.3863162067792338,0.7989246935131088,-0.6923082646669644,0.10169919294079782,15.000000000001679,0.312075708003249,
386,38,ok,1.6495164431571554,0.3779240031847797,-0.2996230244853403,0.09582484424491772,15.000000000001679,0.26553941701422445,
387,38,ok,1.9427174088390475,0.2717139075441269,-0.8872305862795261,0.09857572520048323,15.000000000001679,0.24562791700009257,
388,38,ok,1.9341554147103572,0.06723021947210023,-0.07319934242551861,0.0843469109045533,15.000000000001679,0.2636775840073824,
389,38,ok,1.7322039272036966,0.640222341696366,-1.0730960653167052,0.08928735133720118,15.000000000001679,0.21292470800108276,
390,38,ok,2.0389491494458882,-0.033387919892984085,-0.1504898709528108,0.08426166513455814,15.000000000001679,0.2646211250103079,
391,39,ok,1.7628706501265767,0.4343282013852204,-0.8101757513651343,0.09239950873165795,15.000000000001679,0.2217740420019254,
392,39,ok,1.6809646444512358,0.5805170269670167,-0.900394483082006,0.0985365499651867,15.000000000001679,0.226000374997966,
393,39,ok,2.7531098933336837,-0.6704844787169407,-0.6694226868755767,0.10514250834233412,15.000000000001679,0.24346687502111308,
394,39,ok,1.9902558130128354,0.01013906615130725,-0.039644232546372414,0.0910431240018007,15.000000000001679,0.2572839579952415,
395,39,ok,1.934545589051877,0.0661725694505464,-0.05270773163941451,0.08029913199023953,15.000000000001679,0.24983762501506135,
396,39,ok,1.9400121729411877,0.060005121571167414,0.00819163169872098,0.12057533607245804,15.000000000001679,0.23438404200715013,
397,39,ok,1.9648781423752206,0.07962896451134836,-0.4158379497354009,0.11285295939572806,15.000000000001679,0.22137345798546448,
398,39,ok,1.8119754945991262,0.2582922500994112,-0.49970922241237026,0.10944891952042105,15.000000000001679,0.23704920802265406,
399,39,ok,1.7965025489149007,0.44744863205840696,-0.9038836529998887,0.10420999600987968,15.000000000001679,0.2242382499971427,
400,39,ok,2.1013531173085163,-0.05397508997238483,-0.4437017617670139,0.0940561494838404,15.000000000001679,0.23713508297805674,
401,40,ok,1.908499211970748,0.09469348046084432,0.11034631255531502,0.10781294271269326,15.000000000001679,0.2254533340164926,
402,40,ok,2.1992719587287506,-0.19781754211327895,0.07996999455884217,0.10673090015654056,15.000000000001679,0.2067351659934502,
403,40,ok,1.7297491048556215,0.43216922372621175,-0.7307110391376024,0.10041963845685702,15.000000000001679,0.24060112499864772,
404,40,ok,2.1028436469097516,-0.1017211140986661,0.06870052329178979,0.10000501946460814,15.000000000001679,0.20708887500222772,
405,40,ok,1.945588091203988,0.06214103534080701,0.1732502632747718,0.11727083414231085,15.000000000001679,0.2366631659970153,
406,40,ok,1.848294050356614,0.15172901423974947,0.009233622284350424,0.0792449641350285,15.000000000001679,0.24443725001765415,
407,40,ok,1.3551108844810622,0.9128483591733698,-0.8089665129577444,0.11042090707701853,15.000000000001679,0.24081566600943916,
408,40,ok,2.185718361359784,-0.18504507859210764,0.05424720919743482,0.09247432090101235,15.000000000001679,0.2615502499975264,
409,40,ok,1.891486183741388,0.11275022784334734,-0.12652383482658075,0.09989511015768282,15.000000000001679,0.2518696660117712,
410,40,ok,2.040816053376854,-0.039723538692725484,0.06676862604175977,0.07497038243679949,15.000000000001679,0.2934655830031261,
411,41,ok,2.0406002447640326,-0.0005772080519224712,-0.4021693592930771,0.08496919720886943,15.000000000001679,0.22581912501482293,
412,41,ok,1.7384988785396636,0.2907102869050662,-0.31734370545436436,0.07845759924399567,15.000000000001679,0.24807108400273137,
413,41,ok,2.01884947670413,0.02156894009068671,-0.4019499356569795,0.111064290676284,15.000000000001679,0.24961908400291577,
414,41,ok,2.2400424014215408,-0.18181291387102264,-0.5074272056482781,0.09988969034272674,15.000000000001679,0.23722420798731036,
415,41,ok,1.9814243381147283,0.06738812525781056,-0.43709695638252777,0.09993803630204207,15.000000000001679,0.21539499997743405,
416,41,ok,1.969488128412935,0.031280858486870955,-0.0550311711604831,0.08728437439350925,15.000000000001679,0.225354124995647,
417,41,ok,1.791155502784021,0.2185872573805973,-0.18656547265423096,0.07465295453483443,15.000000000001679,0.2718242089904379,
418,41,ok,2.084164382692369,-0.08415307361575647,-0.006865844555297812,0.07498334773907835,15.000000000001679,0.2603301249910146,
419,41,ok,1.6778613708334125,0.3673952631310429,-0.38706660006776766,0.09580387435606375,15.000000000001679,0.2470975830219686,
420,41,ok,1.9378191761203871,0.09546532402264903,-0.3576182704221681,0.09880667589470794,15.000000000001679,0.25787670898716897,
421,42,ok,1.7909985301786735,0.22512256912118866,-0.23976204966424347,0.11436747116040731,15.000000000001679,0.24426274999859743,
422,42,ok,1.8823664183697524,0.1307637996763279,-0.22194449848034098,0.10261474812422894,15.000000000001679,0.24309237499255687,
423,42,ok,2.1884122439806366,-0.18805598905651236,0.0394859260786956,0.0950395181247494,15.000000000001679,0.262610332982149,
424,42,ok,1.4479570812607603,0.557483270758871,0.12540013968355634,0.09234817079556941,15.000000000001679,0.21592079201946035,
425,42,ok,1.6941990223931618,0.3470737444571641,-0.3716787876851258,0.08796273774393891,15.000000000001679,0.24255133399856277,
426,42,ok,1.9451710381540974,0.07889109430516628,-0.30500973776830115,0.08346743400185888,15.000000000001679,0.21301525001763366,
427,42,ok,1.6132180399035425,0.6269195523189047,-0.8468308735905361,0.1063018017391426,15.000000000001679,0.2321893330081366,
428,42,ok,1.6310423296262024,0.5340496773543,-0.7150445668400242,0.09891611726606714,15.000000000001679,0.2478354579943698,
429,42,ok,1.8744426810138142,0.14064520866614108,-0.23735021455662936,0.09565681956079848,15.000000000001679,0.26594629100873135,
430,42,ok,1.4524202296850832,0.7479142010807985,-0.7360745042068326,0.09253130888797571,15.000000000001679,0.21551075001480058,
431,43,ok,1.6206404569110224,0.45128950823802755,-0.47746340517693786,0.09195600916650294,15.000000000001679,0.2542520420101937,
432,43,ok,2.5755679866834242,-0.46543930028162506,-0.745090270138698,0.09869217207337942,15.000000000001679,0.2479137080081273,
433,43,ok,1.6901931113743305,0.4181106132158098,-0.5952971709295937,0.08126741014931231,15.000000000001679,0.23915216699242592,
434,43,ok,1.768925907265863,0.23424666210209438,0.10589624685871198,0.09103552668715986,15.000000000001679,0.2318153750093188,
435,43,ok,1.9109040528119552,0.09318904962439008,-0.1250051942153559,0.10033965792801879,15.000000000001679,0.21082129201386124,
436,43,ok,1.7208457130442645,0.2901637068291244,-0.1943445874175619,0.09095013775865408,15.000000000001679,0.2325051249936223,
437,43,ok,1.7246513716456218,0.277662532845352,-0.08930847078769222,0.08611043671144043,15.000000000001679,0.23929949998273514,
438,43,ok,2.0228428650046166,-0.0012203779680997364,0.29497500793338427,0.1037789143197675,15.000000000001679,0.2014647499890998,
439,43,ok,1.6059653193921135,0.5446435613476889,-0.6790156430918769,0.0750033301674972,15.000000000001679,0.24489541701041162,
440,43,ok,1.7879355936085497,0.2447724468839154,-0.34042609135387875,0.07862500907989871,15.000000000001679,0.23475141698145308,
441,44,ok,1.0731882121821639,0.9357448002549538,-0.13818034803249193,0.11074223984359513,15.000000000001679,0.31960250000702217,
442,44,ok,1.4129216492379482,0.8505969504851395,-0.8217178449146777,0.0942416605119859,15.000000000001679,0.2953840419941116,
443,44,ok,1.3638257608218196,0.636823786630015,0.04208701918031734,0.08665642228329123,15.000000000001679,0.22744533300283365,
444,44,ok,1.984069950367818,0.01670809630637428,0.055558911939228774,0.07498182921455801,15.000000000001679,0.315802666998934,
445,44,ok,2.0248456872523253,-0.0237239305774306,-0.06739072630989931,0.10434677736049919,15.000000000001679,0.26691283300169744,
446,44,ok,1.4602512573319812,0.6527477289498685,-0.5632451088912317,0.08949649388086604,15.000000000001679,0.25491245798184536,
447,44,ok,1.802363983275685,0.1981595399418785,-0.04343828618777632,0.10784244370928864,15.000000000001679,0.25424549999297597,
448,44,ok,1.4014680764232401,0.7094054500130459,-0.5463318376018625,0.0978404762728234,15.000000000001679,0.25073083298048005,
449,44,ok,1.801382433152308,0.20901446665173629,-0.19326016094106035,0.12227609418827236,15.000000000001679,0.22691233298974112,
450,44,ok,1.873458519197932,0.12847104435973233,-0.08500700768382027,0.10547500328381011,15.000000000001679,0.29166950000217184,
451,45,ok,1.9470646854452744,0.054606296025907,-0.08064878080953579,0.10258831572928284,15.000000000001679,0.23364166598184966,
452,45,ok,1.2151120457280762,0.8608068469898728,-0.4227720944058572,0.11082566142030838,15.000000000001679,0.23358316699159332,
453,45,ok,1.5556282678949211,0.5096397371831964,-0.4458762102763291,0.09983005983575502,15.000000000001679,0.23020925000309944,
454,45,ok,2.0819628916135082,-0.08169636602726714,0.03331248601575931,0.07498736585823108,15.000000000001679,0.3214854999969248,
455,45,ok,2.0220055690115326,0.11430752062363167,-0.7298427189039136,0.10136957992769012,15.000000000001679,0.22917429098743014,
456,45,ok,2.2065308964415835,0.008661750370935825,-0.9504475643167032,0.10410540239927313,15.000000000001679,0.2488637919886969,
457,45,ok,2.0604895910186913,0.01194278491670645,-0.5415218040408283,0.07497240833157726,15.000000000001679,0.22977000000537373,
458,45,ok,2.102884648087736,-0.09255160972173626,-0.20821047959709002,0.08340014639672148,15.000000000001679,0.25252079201163724,
459,45,ok,1.8917115039740082,0.11189215918970344,-0.11670987849485961,0.09635438939042486,15.000000000001679,0.27213362499605864,
460,45,ok,1.7321965863177158,0.38975604116381873,-0.638450786421577,0.09662132915632059,15.000000000001679,0.22646158299176022,
461,46,ok,1.8144115605779554,0.18620423343943038,-0.04726762492327382,0.07560921443426512,15.000000000001679,0.2813556659966707,
462,46,ok,2.029591619916819,-0.02903585993839284,0.0474933966004295,0.10307907760335872,15.000000000001679,0.2383082909800578,
463,46,ok,2.0328201422396437,-0.032499791013407116,0.03608781270263683,0.10081103251184197,15.000000000001679,0.23629441700177267,
464,46,ok,1.6311577206450876,0.43557983238547415,-0.46180628923934747,0.07499785733792291,15.000000000001679,0.27917283299029805,
465,46,ok,1.914089054976962,0.08602500558764328,-0.020895720777666923,0.0762923848182273,15.000000000001679,0.2573558750154916,
466,46,ok,1.6616314194221267,0.46670647400224896,-0.640335800298699,0.09364536406458977,15.000000000001679,0.2259319169970695,
467,46,ok,1.6729330124235504,0.32714378760716895,0.016029869470660436,0.09637532332108693,15.000000000001679,0.2097449580032844,
468,46,ok,2.007162023999569,0.0019603821977576983,0.19114674017287403,0.10516229726352165,15.000000000001679,0.2334827909944579,
469,46,ok,2.07114929356859,-0.06037207432386322,-0.21101258634510683,0.09631940735839149,15.000000000001679,0.2768038750218693,
470,46,ok,2.068114032609904,0.30315568900887097,-1.1822922803330147,0.10047877551632256,15.000000000001679,0.2133685000007972,
471,47,ok,1.2579779611169712,0.8353272564716197,-0.4754428999765244,0.10858886680104887,15.000000000001679,0.2602328339999076,
472,47,ok,1.1703684913412307,0.8896099332263266,-0.36985984525858634,0.0946812767250693,15.000000000001679,0.26855508401058614,
473,47,ok,2.010899300332723,-0.009746893822312001,0.0680692210195213,0.10450240059401239,15.000000000001679,0.26251245799358003,
474,47,ok,2.0946962577232915,-0.08112498674950114,-0.2380571394578412,0.09863947906277634,15.000000000001679,0.2581656670081429,
475,47,ok,1.105114853374827,0.9566366369957272,-0.36424130997194626,0.1107831822728262,15.000000000001679,0.2902517080074176,
476,47,ok,1.5337238437115435,0.5572909307535161,-0.5204799422487432,0.10419065953401765,15.000000000001679,0.22086195900919847,
477,47,ok,1.4299923770491798,0.6602864385034464,-0.5000457694661394,0.11401365417285791,15.000000000001679,0.2385159170080442,
478,47,ok,1.6456953998729078,0.43527408128033396,-0.5098491428351595,0.08110345496721842,15.000000000001679,0.22168870799941942,
479,47,ok,1.8375043356644762,0.23326499932751338,-0.5050441772603035,0.10040680955370361,15.000000000001679,0.22205420801765285,
480,47,ok,2.0349603691089384,-0.03487560654680426,-0.01857336062114526,0.0924691316979193,15.000000000001679,0.24872987499111332,
481,48,ok,2.0186874622771622,-0.018537162210924968,0.024633211899283903,0.1028084613497447,15.000000000001679,0.2224452910013497,
482,48,ok,1.4677074335737836,0.6719248154649283,-0.624805101443544,0.09514112913635348,15.000000000001679,0.2358986249892041,
483,48,ok,2.2648487913813904,-0.24573110927390623,-0.29365257135113837,0.09756101119644518,15.000000000001679,0.2530624580103904,
484,48,ok,1.937860991974409,0.2429226140469603,-0.8173030551689335,0.09956623850678145,15.000000000001679,0.2386392500193324,
485,48,ok,1.9233532661700907,0.07757553105594629,0.059765773585965784,0.10753154783491663,15.000000000001679,0.1973540420003701,
486,48,ok,2.0382571542827024,-0.030537623429687105,0.17722637168643215,0.10004459476441499,15.000000000001679,0.23907695797970518,
487,48,ok,1.2341264553459246,0.7662290486920552,-0.02962005221780408,0.09848047988583626,15.000000000001679,0.2456735000014305,
488,48,ok,1.9767172219000462,0.02456585454239423,-0.07121033855006628,0.09922113652508471,15.000000000001679,0.1952625830017496,
489,48,ok,1.5690757473567976,0.6701265827006566,-0.8327276835219657,0.0955843598368138,15.000000000001679,0.2576065830071457,
490,48,ok,2.062807642015529,-0.0626230014225685,-0.02759931086497617,0.07552205893186689,15.000000000001679,0.2689107080223039,
491,49,ok,1.6669453656712057,0.35956923843189637,-0.2961313367980527,0.09530748075338569,15.000000000001679,0.25643529201624915,
492,49,ok,1.9251491969858867,0.07806873399908311,-0.1112638280103503,0.07746898905803963,15.000000000001679,0.23977124999510124,
493,49,ok,1.946724110493677,0.18499754661319628,-0.7039182172506134,0.10061906246424451,15.000000000001679,0.26164829201297835,
494,49,ok,1.9836502327484202,0.016369838099292808,0.008923378319634363,0.10665564496581337,15.000000000001679,0.24461958301253617,
495,49,ok,2.092843593954017,-0.09273916020212397,0.020907321944130357,0.10334221861031316,15.000000000001679,0.2406066250114236,
496,49,ok,1.846839563155707,0.15719596211964645,-0.12202315357761818,0.0749568072080445,15.000000000001679,0.25059879102627747,
497,49,ok,2.0889111409075816,-0.07715904992033834,-0.2212691481925369,0.09215814417208959,15.000000000001679,0.23161462499410845,
498,49,ok,2.356995449571653,-0.329211882520216,-0.36083175529339395,0.10282234257547865,15.000000000001679,0.25406191698857583,
499,49,ok,1.897894325272643,0.102223595219074,0.021156260512767994,0.07665011650315835,15.000000000001679,0.27087841599131934,
500,49,ok,1.5452585258481433,0.5017997884740834,-0.3784442335273129,0.09669145831308214,15.000000000001679,0.22659345899592154,
501,50,ok,1.5481415083799202,0.48221690506618037,-0.3050845894206558,0.08745230049311457,15.000000000001679,0.25343025001347996,
502,50,ok,1.9945521198190934,0.007909755573436846,0.09906874752087484,0.10425076394220549,15.000000000001679,0.2858542090107221,
503,50,ok,1.5338834139842659,0.6063211368339365,-0.6406696138105628,0.09848035138031747,15.000000000001679,0.24149216600926593,
504,50,ok,1.7157664055403,0.7132031534190902,-1.134904504357132,0.10613728890745269,15.000000000001679,0.24260037500062026,
505,50,ok,2.0363702509732757,-0.035343389547650955,-0.0646613151245817,0.10401702292549143,15.000000000001679,0.2198106669820845,
506,50,ok,1.5418562010033217,0.5382393965196015,-0.490485965839,0.09816095439925983,15.000000000001679,0.23763779198634438,
507,50,ok,1.8705407798508094,0.12946095064636645,-0.002544391494769567,0.09328440874831866,15.000000000001679,0.2332538329937961,
508,50,ok,2.239126369913093,-0.2335456413068322,0.15798977384450807,0.11228252672120494,15.000000000001679,0.2330269169760868,
509,50,ok,1.9087712009122553,0.09127356120334303,0.013072079813289448,0.10374848420794545,15.000000000001679,0.17740629098261707,
510,50,ok,2.0100937278380866,-0.010090673882816904,-0.003503921137573484,0.11444181718566858,15.000000000001679,0.24362733398447745,
511,51,ok,1.5447917084504412,0.6599689426629043,-0.7685689220032631,0.09983001780108637,15.000000000001679,0.24081837499397807,
512,51,ok,2.160609581379631,-0.13914839088945855,-0.30377281791579885,0.09832631122936104,15.000000000001679,0.20424520800588652,
513,51,ok,2.2448048228455133,-0.24480482257649705,-3.475309311810266e-05,0.07497018716845036,15.000000000001679,0.27815087500493973,
514,51,ok,2.592621946392029,-0.5387284385854331,-0.525876860140434,0.09776756662802077,15.000000000001679,0.2022736250073649,
515,51,ok,2.0776319480658634,-0.03580759676882357,-0.4147793878223737,0.09267127637071673,15.000000000001679,0.2567649580014404,
516,51,ok,1.7129323140851533,0.30150372587168145,-0.22191782129729581,0.07866025585619743,15.000000000001679,0.25525033299345523,
517,51,ok,1.8455525977049805,0.19971965689567187,0.4062697098329686,0.09766240020931567,15.000000000001679,0.26220229201135226,
518,51,ok,2.1642619048365783,-0.16158083151927252,-0.10769355382428875,0.0945829055459484,15.000000000001679,0.21603145901462995,
519,51,ok,1.5383507325216497,0.5362764853434536,-0.4733248872512238,0.08457229316612185,15.000000000001679,0.2544344589987304,
520,51,ok,1.9964665265291053,0.005358526338801703,0.08534625417599201,0.07507601317067299,15.000000000001679,0.29193504198337905,
521,52,ok,2.3416928401562167,-0.2549188195790782,-0.6315587658698003,0.09087573731277365,15.000000000001679,0.19439633301226422,
522,52,ok,1.9044814315454826,0.2919956532425064,-0.8424788867141052,0.10379128597705521,15.000000000001679,0.25107275001937523,
523,52,ok,1.9869148664588376,0.013487703807057341,0.039994795028636974,0.10161934111947289,15.000000000001679,0.25240220798878,
524,52,ok,1.9089776875709141,0.09123521169357346,0.02850955217322695,0.10701129465259002,15.000000000001679,0.22257979202549905,
525,52,ok,1.9839905305714742,0.02520346310767951,0.19078014381842084,0.09635073914492441,15.000000000001679,0.21452249999856576,
526,52,ok,2.0849819127537432,-0.08491870276669009,-0.016235127468536205,0.09687660442184516,15.000000000001679,0.28395591702428646,
527,52,ok,0.8965516949771022,1.105083384214779,-0.05412201546359619,0.10185113129320662,15.000000000001679,0.21575662499526516,
528,52,ok,2.2592215458224616,-0.2115042357479122,-0.4618776985062997,0.10214584168208152,15.000000000001679,0.2218616669997573,
529,52,ok,2.1149093714030904,-0.09576964285069604,-0.28388598654051334,0.09892307457127174,15.000000000001679,0.20005154100363143,
530,52,ok,2.0576529191991337,-0.0335841290221222,-0.3138010931753644,0.07571389452905439,15.000000000001679,0.28108366701053455,
531,53,ok,1.7341999478422272,0.2778105086412839,0.20374693850360043,0.07504963849155347,15.000000000001679,0.2764615830092225,
532,53,ok,2.0912639688842733,-0.09116655324931401,0.020184997522543956,0.10056203708496995,15.000000000001679,0.20779445799416862,
533,53,ok,2.4242181907850835,-0.322030747131326,-0.6964244725094323,0.09859660582579023,15.000000000001679,0.24594029199215584,
534,53,ok,2.0395059116043837,-0.03863430631475707,-0.05961986737470564,0.07536265933764041,15.000000000001679,0.2506475830159616,
535,53,ok,1.2297058003041481,0.7710222803268458,0.04230980794850208,0.11490413114992384,15.000000000001679,0.24356908298796043,
536,53,ok,1.9657655561933058,0.034553139443257656,0.03539576589964007,0.10120088520701297,15.000000000001679,0.21913416602183133,
537,53,ok,1.7988678362664003,0.32198125629768765,-0.6482118389365271,0.10427400749003068,15.000000000001679,0.23977258399827406,
538,53,ok,1.7272984871190429,0.3010034871569914,-0.31140153010386884,0.07529621766304963,15.000000000001679,0.24340104198199697,
539,53,ok,1.5104517747565462,0.6008593411627121,-0.5690957570159529,0.10040986196426628,15.000000000001679,0.2325437499966938,
540,53,ok,1.895478572707802,0.11864802991041658,-0.23098438093180762,0.09583656151309929,15.000000000001679,0.2165102909784764,
541,54,ok,1.9654166762593774,0.03819737746448387,0.1191351397834823,0.09720250362068836,15.000000000001679,0.2539868750027381,
542,54,ok,2.4149416311310032,-0.24032455780616738,-0.9016035478303484,0.09913831796177665,15.000000000001679,0.22248395800124854,
543,54,ok,1.5879559497752938,0.42648455755867504,-0.21366621357958449,0.09767611911910017,15.000000000001679,0.2128477080259472,
544,54,ok,1.9601376973268163,0.0924125225174321,-0.45083235047339626,0.10611828864863276,15.000000000001679,0.23796237501665018,
545,54,ok,2.0551690964762575,-0.05493500218173909,-0.031018573780429506,0.0748965881192441,15.000000000001679,0.25285470800008625,
546,54,ok,1.31113683749153,0.6901085242793489,0.05713255168172747,0.10888907296806324,15.000000000001679,0.23889933299506083,
547,54,ok,2.2512721322114615,0.11168335658272903,-1.225759547164643,0.09913084493119362,15.000000000001679,0.22745033298269846,
548,54,ok,1.9116621514036618,0.12016525821727007,-0.34738095039298633,0.10348096274131757,15.000000000001679,0.21834300001501106,
549,54,ok,1.3816610651872445,0.8450434072883104,-0.7583287994044242,0.09234992465803414,15.000000000001679,0.22006279198103584,
550,54,ok,1.9238935212510029,0.09128129256484488,-0.24116213840206005,0.10012321944773964,15.000000000001679,0.23256254199077375,
551,55,ok,1.5489942427310504,0.5367235636759479,-0.5081389917263999,0.1095984438673628,15.000000000001679,0.1967954580031801,
552,55,ok,2.0723167258629767,-0.07202875863714568,0.03454613830890253,0.1022290234694781,15.000000000001679,0.25249199999962,
553,55,ok,2.047345041562858,-0.022253664913894817,-0.319549423335956,0.07501623174973411,15.000000000001679,0.22157512500416487,
554,55,ok,1.2305267503980943,0.7895282745719662,-0.22125615332589668,0.10107511440914459,15.000000000001679,0.24697037498117425,
555,55,ok,1.381029559555091,0.6209610217019507,-0.07412247094910496,0.08747783437443973,15.000000000001679,0.19079491699812934,
556,55,ok,2.026709732138602,-0.02428650413063732,-0.09907818902203813,0.09483734457878595,15.000000000001679,0.21343841598718427,
557,55,ok,1.939143380193151,0.17873922034072273,-0.665797432723949,0.11190961396581972,15.000000000001679,0.26568520901491866,
558,55,ok,2.018504009076426,-0.017881930922419475,-0.050109355557726894,0.10342094931471771,15.000000000001679,0.21809679100988433,
559,55,ok,1.6222174225010937,0.5843340358261417,-0.7921358745479161,0.0970796306528324,15.000000000001679,0.22081091601285152,
560,55,ok,1.9994033010306074,0.017246726911639563,0.2574937246409781,0.07494805192737455,15.000000000001679,0.2636315410200041,
561,56,ok,1.8361589306504598,0.1778517029791666,-0.22639611805752438,0.10244669017829723,15.000000000001679,0.2200181660009548,
562,56,ok,1.969851594444835,0.030167335021546483,-0.008635746681226722,0.07494532275444493,15.000000000001679,0.23719750001328066,
563,56,ok,1.2608846434267151,1.0494142725583415,-0.8283820729672555,0.09185507645202064,15.000000000001679,0.23166433302685618,
564,56,ok,1.9345546128494,0.06682898371066485,0.07315307154010041,0.07498994573505333,15.000000000001679,0.2355495000083465,
565,56,ok,1.8741645528034296,0.12587940296867187,0.012835839194142344,0.09890991246437715,15.000000000001679,0.21148154098773375,
566,56,ok,2.0276143037459917,0.0022525246867709857,-0.34673446560006554,0.09735436519423572,15.000000000001679,0.2284210409852676,
567,56,ok,2.0163347920031502,-0.014738365010419335,0.08022040885915205,0.10349381134668485,15.000000000001679,0.2450388750003185,
568,56,ok,1.4749338112843862,0.5316712936558611,-0.13942940075763557,0.08376828598009108,15.000000000001679,0.25514879199909046,
569,56,ok,1.9545736648699887,0.07218201730634428,-0.3222980561627125,0.09970310649166181,15.000000000001679,0.22245004199794494,
570,56,ok,1.8742980751739284,0.12580619130374837,0.01976972547433521,0.10362008292718697,15.000000000001679,0.23487066698726267,
571,57,ok,1.761660954107203,0.3719042716040818,-0.6728696875360529,0.11583068597341084,15.000000000001679,0.23100004199659452,
572,57,ok,1.9999816094192864,0.0011191873440048446,0.06634707839134735,0.07505861059140895,15.000000000001679,0.24965066599543206,
573,57,ok,1.9864491835371703,0.013985531872649944,-0.04155588002111321,0.09741919602454269,15.000000000001679,0.22051024998654611,
574,57,ok,1.7515431238703054,0.36899539336172615,-0.6385352675475945,0.09735221252044425,15.000000000001679,0.2451874589896761,
575,57,ok,2.0458383218828726,-0.045821910963172265,0.008194382680965333,0.07498567682195113,15.000000000001679,0.24397466701339,
576,57,ok,1.846457225807742,0.22722316058314818,0.5163976804409757,0.10352788737155617,15.000000000001679,0.23347241600276902,
577,57,ok,1.9654402074537023,0.036274535957360805,0.08208234247494517,0.10448368267226003,15.000000000001679,0.23054579098243266,
578,57,ok,0.9679395658332114,1.0402070265669094,-0.12531740203919153,0.09612852261001663,15.000000000001679,0.22277512500295416,
579,57,ok,1.1956394169358746,0.8045903093624313,-0.023436869683264996,0.09256197517712246,15.000000000001679,0.2559203749988228,
580,57,ok,1.9223386037514807,0.0778573904849246,-0.027449884512856123,0.10390729938450328,15.000000000001679,0.21730175000266172,
581,58,ok,1.9456697478909524,0.10420603458569974,-0.43771681319863015,0.0999100341133102,15.000000000001679,0.2803078329889104,
582,58,ok,2.1206456144070924,-0.1206333322485463,-0.007217482972667768,0.07495453285391653,15.000000000001679,0.28748883298248984,
583,58,ok,1.808473311443867,0.24747035785472207,-0.4463357162572702,0.10314464767336984,15.000000000001679,0.21325529098976403,
584,58,ok,2.115332951278212,-0.11505189520236177,0.03448152207035877,0.07500881104711613,15.000000000001679,0.23501191701507196,
585,58,ok,1.921783145635688,0.08480452371768991,0.1589866235793943,0.07499994650945932,15.000000000001679,0.25856733301770873,
586,58,ok,1.4115407304204128,0.6108397523719973,-0.25036181826688125,0.10021897140044121,15.000000000001679,0.24536837500636466,
587,58,ok,1.6169328932966394,0.38515682170011234,-0.08217962596019683,0.0754183169269674,15.000000000001679,0.2265022920037154,
588,58,ok,1.9161276342816385,0.3898743452309422,-1.0387687359139484,0.09953853808862713,15.000000000001679,0.22206833297968842,
589,58,ok,1.3539322343132174,0.6593560003725535,0.18922516052392221,0.1097741021946941,15.000000000001679,0.21584095899015665,
590,58,ok,1.4753487978147872,0.568567009938718,-0.3572865379184557,0.0774466460840532,15.000000000001679,0.19795920900651254,
591,59,ok,1.9641480274004168,0.0870996424624465,-0.44574622339807757,0.09916302179143982,15.000000000001679,0.2207726670021657,
592,59,ok,1.9144106698290846,0.4218259885347839,-1.0836673854514733,0.10474955088496682,15.000000000001679,0.23807683298946358,
593,59,ok,1.983858122400167,0.016853798097179747,-0.053143124593252364,0.08839504237030969,15.000000000001679,0.23800920898793265,
594,59,ok,2.0581364760790954,-0.050710020318050116,0.17468304649971006,0.12749876312403086,15.000000000001679,0.2713002500240691,
595,59,ok,1.8953504333122708,0.10659181753755428,0.08578297990435371,0.09262209650006865,15.000000000001679,0.2394228749908507,
596,59,ok,1.9016796401465716,0.2603630258619115,-0.7681462438622414,0.10327681026854706,15.000000000001679,0.21471249999012798,
597,59,ok,1.7547779321913204,0.4783975155334442,-0.8740546153249523,0.10397847061979584,15.000000000001679,0.24475529199116863,
598,59,ok,1.4173872042199398,0.7727906711279195,-0.7091852718547917,0.10199399560463882,15.000000000001679,0.2037941669987049,
599,59,ok,1.7435485174884917,0.2566871776335431,-0.028667685798050683,0.0798168592626781,15.000000000001679,0.25038508299621753,
600,59,ok,2.1001184569147107,-0.10011357352794178,-0.004528946624069406,0.0756395483403543,15.000000000001679,0.2560790419811383,
601,60,ok,1.298602774360461,0.9134556170079365,-0.7111894750100585,0.10037986831386203,15.000000000001679,0.196709459007252,
602,60,ok,2.0616872090766165,-0.058768124763378386,0.10967204077799876,0.10361848176729137,15.000000000001679,0.23909987500519492,
603,60,ok,1.9536076067827184,0.04755283389111631,-0.0673256625120707,0.0739425921354392,15.000000000001679,0.2508607089985162,
604,60,ok,1.6034872096236819,0.4423994964604053,-0.38085680091071267,0.10677221486394128,15.000000000001679,0.21501991600962356,
605,60,ok,1.9432859563997997,0.05712165043109261,0.039799838153972956,0.13685818091879817,15.000000000001679,0.2799023340048734,
606,60,ok,1.9222634371709004,0.3369462930371382,-0.9640275357276721,0.10719849040944651,15.000000000001679,0.20431174998520873,
607,60,ok,1.8854222071830242,0.5434710855280922,-1.1972219596408147,0.10562613759706198,15.000000000001679,0.22726962500019,
608,60,ok,1.896678423437265,0.10522936803172633,0.08504877519998777,0.08758746471341607,15.000000000001679,0.25185491700540297,
609,60,ok,1.9348027331559277,0.12906953595946155,-0.49303226563045843,0.12525121759849517,15.000000000001679,0.22238074999768287,
610,60,ok,1.8980607325563315,0.10230985500392532,-0.03750544036609866,0.11236381043862838,15.000000000001679,0.2245871250052005,
611,61,ok,2.0165895887720486,-0.01627448325696856,-0.03564796923620377,0.07501819100687446,15.000000000001679,0.30310845901840366,
612,61,ok,1.585383254273156,0.4229884227553314,-0.16271001249469788,0.08040391488024874,15.000000000001679,0.2110176669957582,
613,61,ok,1.914637969296066,0.08954422604558121,-0.12648039071091527,0.1039126840051443,15.000000000001679,0.2423474169918336,
614,61,ok,2.1227810645117873,0.14190648027165595,-1.0264930198463746,0.10306049225789392,15.000000000001679,0.22714966599596664,
615,61,ok,1.576411722616842,0.4422994869087071,-0.24216323155863737,0.08148933904060292,15.000000000001679,0.22865270901820622,
616,61,ok,1.8804190976967778,0.12870873187314713,0.18505397270785048,0.07499814436295602,15.000000000001679,0.25969066700781696,
617,61,ok,1.7270033902135828,0.28581496031094356,-0.21002466406457249,0.07494270803451351,15.000000000001679,0.24379162499099039,
618,61,ok,1.2510389502239707,0.8100701446120245,-0.38621936025249487,0.1169648354599125,15.000000000001679,0.197278459003428,
619,61,ok,2.022584219290269,-0.017432568476077184,0.14426626693044167,0.09106087733293021,15.000000000001679,0.2641574580047745,
620,61,ok,1.982551724995235,0.1013545132937466,-0.5706633491749369,0.09976435537306529,15.000000000001679,0.23847670800751075,
621,62,ok,1.809925268103076,0.42418931807291554,-0.8903090310911644,0.10744090145547333,15.000000000001679,0.21995400000014342,
622,62,ok,1.8920843022336866,0.11113742269794843,-0.11036834159752668,0.07517111961139847,15.000000000001679,0.2546829170023557,
623,62,ok,1.9848046888106967,0.015582590099404133,-0.03920709130167239,0.09968261279570824,15.000000000001679,0.2159324169915635,
624,62,ok,1.8378614189930482,0.16918925356267694,-0.16083098629540366,0.10836809745822149,15.000000000001679,0.19107337499735877,
625,62,ok,1.8603807454689767,0.1847654718662048,-0.40735749162447404,0.10190434412538556,15.000000000001679,0.2475257090118248,
626,62,ok,1.564200249171781,0.44029718433790277,-0.11853078218246904,0.10421534279450752,15.000000000001679,0.2741458750097081,
627,62,ok,1.980143546711948,0.019857450208749707,-0.0019869804170213135,0.07496266014791388,15.000000000001679,0.26369812499615364,
628,62,ok,1.2802841769283113,0.7343321564334641,-0.1929053743539533,0.10951791567526831,15.000000000001679,0.23928774998057634,
629,62,ok,1.8897456756128967,0.13927170935787236,-0.32989232622428494,0.10929038530335344,15.000000000001679,0.25126970798010007,
630,62,ok,1.5642265719373671,0.4453729550435765,-0.17303040034914496,0.10853022832511049,15.000000000001679,0.21295404198463075,
631,63,ok,1.985632999376456,0.022390853770970734,-0.17832687112163192,0.07496575359580455,15.000000000001679,0.2665461669967044,
632,63,ok,2.087372218517114,-0.08657196404074473,-0.05779461494125025,0.10133512441803083,15.000000000001679,0.21464375001960434,
633,63,ok,1.1879789920176609,0.9232206411752153,-0.501836923595886,0.1012575551773995,15.000000000001679,0.2071844160091132,
634,63,ok,2.025045757762104,-0.01891943954893579,-0.1573995477811318,0.10261358192530953,15.000000000001679,0.252987582993228,
635,63,ok,1.8833840447973338,0.174351388458075,-0.46275545093732523,0.09439542321379062,15.000000000001679,0.21768604198587127,
636,63,ok,1.788758002367156,0.3426810376532456,-0.6730148943956712,0.09181301148926192,15.000000000001679,0.23458095800015144,
637,63,ok,1.0767497137061042,0.9445583000483376,0.21314962812381807,0.09375667688547623,15.000000000001679,0.2087584999972023,
638,63,ok,2.0631135394037776,-0.06289426274340486,0.030078849903649715,0.09957813555457574,15.000000000001679,0.1876095829939004,
639,63,ok,2.0378224604411694,-0.03653343759319073,0.07247025488683055,0.10316551651395484,15.000000000001679,0.2222565829870291,
640,63,ok,1.7819742707802424,0.273089824561718,0.43956063027812103,0.07656355060654113,15.000000000001679,0.24364550001337193,
641,64,ok,1.9140222923855987,0.12892520482984654,-0.40318785525855183,0.10853550261327358,15.000000000001679,0.2592042920005042,
642,64,ok,1.5732976858035344,0.4529916845542841,-0.28641033517763476,0.11614835231989028,15.000000000001679,0.21921650000149384,
643,64,ok,2.4042597472513845,-0.2675119569441767,-0.7992837151903452,0.09305393477671126,15.000000000001679,0.25549841701285914,
644,64,ok,2.0808064554540473,-0.07913104787030895,-0.08348407537338284,0.09935298750414948,15.000000000001679,0.22512241700314917,
645,64,ok,2.513075992692578,-0.39467533620854134,-0.762286677833409,0.09866691168499493,15.000000000001679,0.21918154100421816,
646,64,ok,1.9446117179962426,0.05875426105977261,0.11436658084732916,0.09939082419941403,15.000000000001679,0.26843720898614265,
647,64,ok,1.154924921416325,0.8456575676417182,0.036675918061725016,0.0984095860895172,15.000000000001679,0.23474558399175294,
648,64,ok,1.8003355984626923,0.2980916584514412,0.5871254244703213,0.07508054400680038,15.000000000001679,0.22548666599323042,
649,64,ok,2.045735589964675,0.22778328054170197,-1.0219011710143917,0.1097161850997409,15.000000000001679,0.24002179197850637,
650,64,ok,1.591713948931816,0.4308075840354671,-0.2668116506142626,0.09827012435302449,15.000000000001679,0.21841641698847525,
651,65,ok,2.2004919396011013,-0.17640092790088377,-0.32472107612778855,0.0995968053713375,15.000000000001679,0.29846099999849685,
652,65,ok,2.0962609325342245,-0.09169218349957242,0.13832464262034763,0.10778222387529543,15.000000000001679,0.2524925420002546,
653,65,ok,1.955091337621596,0.050326022140701816,-0.14544249207608373,0.09832578641509727,15.000000000001679,0.23019641698920168,
654,65,ok,1.6210948471734903,0.41848789492763205,-0.35604489189147076,0.1141535305624189,15.000000000001679,0.24569949999568053,
655,65,ok,1.3056563566970973,0.7378217705256062,-0.3341326665030264,0.10848995953382949,15.000000000001679,0.2525184999976773,
656,65,ok,1.9112548702688825,0.09809070736181588,-0.18877558555873888,0.10024510711294561,15.000000000001679,0.2549899170116987,
657,65,ok,1.6107306297958823,0.6262671611320619,-0.8410179838615074,0.09875039341434252,15.000000000001679,0.2392137080023531,
658,65,ok,1.9025090269320173,0.10256744818096537,-0.13888955632198285,0.10148437883868883,15.000000000001679,0.22608258298714645,
659,65,ok,1.9913169753394118,0.01482182670423327,-0.156239932619629,0.09984926712708576,15.000000000001679,0.22690800001146272,
660,65,ok,1.3522800497674647,0.6939247618907005,0.3504694072195654,0.09580963699757292,15.000000000001679,0.19063212498440407,
661,66,ok,2.0214536972295805,-0.02088966827583817,-0.04774933192320196,0.07788256730520678,15.000000000001679,0.2684599589847494,
662,66,ok,1.5382323129458524,0.5419372027616159,-0.4901137907671294,0.097198567230496,15.000000000001679,0.21714920800877735,
663,66,ok,2.0259610535112107,0.0049370619524955065,-0.3524798768348561,0.1093843944668296,15.000000000001679,0.22203600002103485,
664,66,ok,1.977204090948275,0.02373307862587362,-0.06086930872802188,0.10722628075660454,15.000000000001679,0.21806091599864885,
665,66,ok,1.295484139562407,0.704625841482551,-0.01688032295192238,0.10781950585840529,15.000000000001679,0.23856724999495782,
666,66,ok,1.989165418760401,0.011784121547078844,-0.06145473016718434,0.08486662684098885,15.000000000001679,0.24085900001227856,
667,66,ok,0.878201957316396,1.1218807346391175,0.012051291898104178,0.1027920553800934,15.000000000001679,0.23425641699577682,
668,66,ok,2.108636390012003,-0.10853798686112583,-0.02037113758437416,0.07498958086126026,15.000000000001679,0.2699749160092324,
669,66,ok,2.0277726012618027,-0.021004667788661693,0.16553505732774265,0.1058576478685363,15.000000000001679,0.24023991700960323,
670,66,ok,1.9717211426635954,0.03458295992012488,0.1575440350831991,0.1009845923810192,15.000000000001679,0.21710400001029484,
671,67,ok,1.9814852379759424,0.020392996992224174,0.0862546344212809,0.08901956679340733,15.000000000001679,0.2561769580061082,
672,67,ok,2.365276596317405,-0.36525755836126983,0.00948997901650028,0.07498516269267413,15.000000000001679,0.26194466699962504,
673,67,ok,2.221035315928135,-0.17838598321264165,-0.43316553734419233,0.09118565650530959,15.000000000001679,0.25000612501753494,
674,67,ok,1.9130864480202463,0.08843952795994481,-0.07639580703627506,0.10280463123757298,15.000000000001679,0.2352580000006128,
675,67,ok,1.9019504269557195,0.10910732768410487,0.2047933797247748,0.08050831710386432,15.000000000001679,0.2889954169804696,
676,67,ok,1.8130373430447657,0.20957635114452075,-0.2854602685030874,0.09833966833687637,15.000000000001679,0.21347629101364873,
677,67,ok,1.9750723482686348,0.02554605393377279,0.04942060055162613,0.10752829291403851,15.000000000001679,0.23860583300120197,
678,67,ok,2.011699629309252,-0.010329522872942459,-0.07423346973185603,0.09196479626473349,15.000000000001679,0.24288908299058676,
679,67,ok,1.4013943670551487,0.6163818866986692,-0.22250188439284405,0.10162833826866818,15.000000000001679,0.25376516600954346,
680,67,ok,1.6601258392027198,0.3418486758940366,-0.08094435344220074,0.07667059047124714,15.000000000001679,0.2699143339996226,
681,68,ok,1.9527654841281532,0.05326045853057553,-0.15329120549358233,0.0749851056575161,15.000000000001679,0.24460954198730178,
682,68,ok,1.2451766175720793,0.7630146274959693,-0.14259031229122296,0.09228767264576997,15.000000000001679,0.21788712500710972,
683,68,ok,1.6471813954976762,0.5992702776466082,-0.8666964835451115,0.09767279635976236,15.000000000001679,0.23731691599823534,
684,68,ok,2.2040380460889204,-0.18125176312881083,-0.31610829545413777,0.09794295582341082,15.000000000001679,0.26251620799303055,
685,68,ok,1.192736956738157,1.183811639356726,-0.8697459444685239,0.09757929455569674,15.000000000001679,0.20146095799282193,
686,68,ok,1.7950301424593214,0.40977393807330786,-0.8326549611373585,0.09861314220808494,15.000000000001679,0.28600833399104886,
687,68,ok,1.669923968284128,0.48152250925423357,-0.6948900416240327,0.09650655052842451,15.000000000001679,0.2862604999972973,
688,68,ok,2.20107179862017,-0.20038637807777732,0.054925857761096555,0.10669198631600946,15.000000000001679,0.24725620899698697,
689,68,ok,2.005708105448923,0.0504082538412257,-0.47112315542020317,0.099693017419254,15.000000000001679,0.2326027080125641,
690,68,ok,1.775220763548328,0.27433304817884757,0.4165121015353583,0.09887495514555768,15.000000000001679,0.2324026669957675,
691,69,ok,1.6515760962906958,0.38433853456841527,-0.34255164713992853,0.08985492940557845,15.000000000001679,0.26690437499200925,
692,69,ok,1.6337507343818252,0.3671274567908451,-0.05356043060711142,0.09804686347125734,15.000000000001679,0.24067091598408297,
693,69,ok,1.9194882717864397,0.08528400919919112,-0.1352697308985603,0.084577912454016,15.000000000001679,0.22466808400349692,
694,69,ok,2.1106092769877205,-0.10808250369531908,-0.10324571526364791,0.07521607621090086,15.000000000001679,0.2518673340091482,
695,69,ok,1.7101107686213046,0.2912760281926597,-0.06885658374837349,0.076403714508172,15.000000000001679,0.2763739579822868,
696,69,ok,1.1437970030397726,0.9834085425861913,-0.5242264709798942,0.09645473334538844,15.000000000001679,0.2275998340046499,
697,69,ok,1.9127968893326663,0.11057198516301062,-0.2980834054251903,0.10090920846358292,15.000000000001679,0.22361154199461453,
698,69,ok,1.5782007672771714,0.5865685267388143,-0.7020891198622631,0.09798169886410517,15.000000000001679,0.26115274999756366,
699,69,ok,1.7097365035658936,0.34564975433399914,-0.4316528423288438,0.10749916508494632,15.000000000001679,0.25097016600193456,
700,69,ok,2.009266097850729,-0.009221897445134982,0.013327370305840185,0.09754289572825693,15.000000000001679,0.2588769159920048,
701,70,ok,1.8209516813177458,0.17914447393489302,0.01871306741524754,0.09110920901412915,15.000000000001679,0.2654531250009313,
702,70,ok,1.2562199566048742,0.7718237830560726,-0.26395408598022246,0.09040540271722802,15.000000000001679,0.23171725001884624,
703,70,ok,1.9562304737153722,0.04408259200195399,0.034996562443696526,0.10517840990805308,15.000000000001679,0.2241258749854751,
704,70,ok,1.717959730717157,0.2904237636715928,-0.1695132105381898,0.09227646935842015,15.000000000001679,0.2565200839890167,
705,70,ok,1.549588776612914,0.45131890193468865,-0.053030492171281404,0.08672875185853361,15.000000000001679,0.23849566600983962,
706,70,ok,1.8177351994448236,0.18453946043514635,0.09090811065907992,0.10074356192488486,15.000000000001679,0.23016804200597107,
707,70,ok,2.31443245094145,-0.15437530290763452,-0.8457331873543126,0.07502457996716701,15.000000000001679,0.24291879197699018,
708,70,ok,1.0040595857932866,1.0197325124629164,0.21728162531866269,0.09716763263896058,15.000000000001679,0.24591050000162795,
709,70,ok,1.801304991579809,0.20349352290954464,-0.13139311421218805,0.07558443134595433,15.000000000001679,0.28425199998309836,
710,70,ok,1.3958128274783583,1.0040664260827294,-0.9779620471661985,0.10540577631643537,15.000000000001679,0.24470899999141693,
711,71,ok,1.9587297291327024,0.04144495657686627,0.02615900743675678,0.09853917842240335,15.000000000001679,0.23390337501768954,
712,71,ok,1.8895826944146301,0.11046368088422928,-0.013238495899359963,0.10588232252711949,15.000000000001679,0.22658845901605673,
713,71,ok,1.057281212703749,0.963987591180829,0.2110020177842126,0.10406299056837637,15.000000000001679,0.24505974998464808,
714,71,ok,2.2578915624461295,-0.2415588735508808,-0.2710869310216349,0.10208386210892663,15.000000000001679,0.23551875000703149,
715,71,ok,1.7588762200873402,0.3471768591407665,-0.6015157708896315,0.08894744171881554,15.000000000001679,0.24605416701524518,
716,71,ok,2.065099504549296,-0.060369551410385885,0.13968992558775836,0.0842995855391026,15.000000000001679,0.23443287497502752,
717,71,ok,2.003540893627916,-0.0016214949477487382,0.08767840898698402,0.10194424206679469,15.000000000001679,0.25884066699654795,
718,71,ok,2.146279779474282,-0.14567858198758166,0.05079679694559468,0.09871791383698485,15.000000000001679,0.19812887502484955,
719,71,ok,1.2604212907301504,0.8004944729313259,-0.3871024679042496,0.0843474326639568,15.000000000001679,0.24205258398433216,
720,71,ok,2.0170914485954285,0.008217507341594365,-0.3185285135372867,0.0960761352129483,15.000000000001679,0.2640670420078095,
721,72,ok,1.6500884525652106,0.364383594469404,-0.21806163176548138,0.09236188348854818,15.000000000001679,0.26090537500567734,
722,72,ok,2.0134227972315357,-0.013092629291287062,-0.036461298725553606,0.10340689707772117,15.000000000001679,0.20235308300470933,
723,72,ok,1.1488704318396716,0.9160611518824125,0.38076218653772714,0.1026823232764324,15.000000000001679,0.22323358300491236,
724,72,ok,1.9599818739786057,0.06304358470881119,-0.2995476449364844,0.10545292626182633,15.000000000001679,0.2316665000107605,
725,72,ok,2.0764008843658806,-0.07538334749020727,0.06499687343058996,0.07501247767403657,15.000000000001679,0.27610595800797455,
726,72,ok,1.7550727009270854,0.584916499480689,-1.0381805585241461,0.10476442638314262,15.000000000001679,0.20813250000355765,
727,72,ok,2.540276084547434,-0.4673553452823817,-0.6042848548740073,0.10052620637904701,15.000000000001679,0.24807812500512227,
728,72,ok,2.112738395615366,0.001433133139472783,-0.6851233516635422,0.10079715431356834,15.000000000001679,0.2302747080102563,
729,72,ok,1.8526219531075965,0.17166260531499725,-0.2989823946868136,0.08425038703428,15.000000000001679,0.23700033299974166,
730,72,ok,1.9530315674927483,0.05841359719577956,-0.21112684355370126,0.09254759306246048,15.000000000001679,0.23310183300054632,
731,73,ok,1.649288223068246,0.3705823667512603,-0.2552446262111842,0.07616356790288993,15.000000000001679,0.25563229201361537,
732,73,ok,2.122205017260691,-0.1069580572879467,0.25393282599115163,0.09132466329991452,15.000000000001679,0.23289304101490416,
733,73,ok,1.7009475674003924,0.3008918904199017,-0.07908387322619657,0.0749771698701652,15.000000000001679,0.28107704099966213,
734,73,ok,1.947392977359063,0.05334267766765855,0.053522683763753215,0.1013363925215835,15.000000000001679,0.22878937498899177,
735,73,ok,1.5155826846887979,0.5973193735900622,0.574001685034747,0.09925378469862577,15.000000000001679,0.22324487500009127,
736,73,ok,1.8503590466799251,0.1688062936254757,0.26562795666980094,0.08085614775820622,15.000000000001679,0.25761720901937224,
737,73,ok,2.1153375518277504,-0.11161115430871434,-0.12550414802563536,0.10432309963768896,15.000000000001679,0.25279720799881034,
738,73,ok,1.9744612638551826,0.0717854609396883,-0.42483640830446207,0.10029099706005878,15.000000000001679,0.23488979099784046,
739,73,ok,1.690591252488064,0.361595006765424,-0.41680674314743277,0.09599077783922988,15.000000000001679,0.262922374997288,
740,73,ok,1.886159760341013,0.12346953538585782,-0.19034720093739174,0.07501174405671959,15.000000000001679,0.2559881249908358,
741,74,ok,1.995804457251105,0.0069174976460714506,-0.10419966599744798,0.09452832083314328,15.000000000001679,0.2092422920104582,
742,74,ok,2.0082261591819894,-0.008221475499759984,-0.0043372530952365896,0.08852770771405061,15.000000000001679,0.2391092499892693,
743,74,ok,1.8636541534627433,0.163755924899844,0.31845643403534335,0.10067232881539684,15.000000000001679,0.23236174997873604,
744,74,ok,1.393667332991948,0.6339673119006172,-0.27615816137290455,0.07492181364181207,15.000000000001679,0.2746419169998262,
745,74,ok,1.3396450774399655,0.6768814490136763,0.20977662773765468,0.103690280602942,15.000000000001679,0.2190824160061311,
746,74,ok,2.185261828173502,-0.18523895058893644,0.00999932503521739,0.09745423600424484,15.000000000001679,0.19564450002508238,
747,74,ok,2.080228045568043,-0.05762425567426104,-0.3058286187209808,0.07500039584643381,15.000000000001679,0.2582571250095498,
748,74,ok,2.289953780113249,-0.28882561233864057,-0.07187232678579991,0.07499822647313129,15.000000000001679,0.2565020000038203,
749,74,ok,1.642637317020219,0.38841905097411933,-0.3179059609447823,0.07493100361260172,15.000000000001679,0.24768495801254176,
750,74,ok,2.0243701283491373,-0.023198832178326613,-0.06885420847383165,0.08680183380444952,15.000000000001679,0.22209654201287776,
751,75,ok,1.1651872970985144,1.0270111493728302,-0.6410570441660876,0.10723608656538824,15.000000000001679,0.21048687500297092,
752,75,ok,2.033810802621747,-0.011714704269022864,-0.2989821558031748,0.10260597497245098,15.000000000001679,0.2427969579875935,
753,75,ok,2.2983774268323947,-0.20893576853182466,-0.6349343010685568,0.08732907514970736,15.000000000001679,0.22989937500096858,
754,75,ok,2.112999032700934,-0.11047143988979073,-0.10332092529877661,0.10336865334012514,15.000000000001679,0.23384562498540618,
755,75,ok,1.6099803455231418,0.42562568110665544,0.33672275981871636,0.07587072863539757,15.000000000001679,0.22880254100891761,
756,75,ok,1.3561816458985094,0.6454940276502747,-0.0673960498910384,0.09160252383271587,15.000000000001679,0.22253354199347086,
757,75,ok,2.053678231666747,-0.04130107760807492,0.22513149441597152,0.07500373925981602,15.000000000001679,0.24143166598514654,
758,75,ok,1.0702324910761358,0.9908208492393666,0.35630748887032637,0.10002641025105728,15.000000000001679,0.24337375001050532,
759,75,ok,1.6418942476215486,0.46272067445837817,-0.5767052935729191,0.10285026177429651,15.000000000001679,0.19118733299546875,
760,75,ok,2.101427168180324,-0.09593978287494848,-0.151764850108616,0.10032538555423022,15.000000000001679,0.25489612499950454,
761,76,ok,1.601361981866177,0.5524894569599871,-0.6848893521981322,0.09632033047903832,15.000000000001679,0.22485125000821427,
762,76,ok,1.99801270576065,0.00263953380524074,-0.05104841293564077,0.07346443715021789,15.000000000001679,0.25117870897520334,
763,76,ok,1.7739042015384507,0.22646555387172113,-0.036217186972868985,0.07547243338491257,15.000000000001679,0.2525835419946816,
764,76,ok,1.7222697132213647,0.279350754942234,0.07469364472123538,0.10055491992284686,15.000000000001679,0.24553570899297483,
765,76,ok,1.1392058691377782,0.8739868048830576,-0.1728707514315102,0.1143478720352987,15.000000000001679,0.23275049999938346,
766,76,ok,2.1125776553175415,0.02357070629073905,-0.7461310854768578,0.09803091429720352,15.000000000001679,0.2243004999763798,
767,76,ok,1.7106759059385985,0.29049310039605797,0.06323144285371675,0.09664245125627778,15.000000000001679,0.23778658400988206,
768,76,ok,2.02434154885042,-0.024341470838144006,-0.0005620026481037774,0.09754946014470532,15.000000000001679,0.21458412500214763,
769,76,ok,1.6154654219512778,0.6573535247989248,-0.8983479126431746,0.09592474483692454,15.000000000001679,0.25047204198199324,
770,76,ok,1.920689946197767,0.1430276800590321,-0.49061560553883804,0.09995781557068244,15.000000000001679,0.21466566697927192,
771,77,ok,1.3460891039306413,0.6824016287151304,-0.2754821368224365,0.10520988533515262,15.000000000001679,0.19801670798915438,
772,77,ok,1.2028792865666387,0.8088768864394285,-0.1677626489801452,0.1018197760964093,15.000000000001679,0.2398405829735566,
773,77,ok,1.2972089798753714,0.7060258922347351,-0.09155405999948062,0.09488521761425718,15.000000000001679,0.2208811249874998,
774,77,ok,1.7994941401577143,0.24784139161127144,-0.41002362311362645,0.10072309866398317,15.000000000001679,0.21907804199145176,
775,77,ok,1.620033368536199,0.502281489042944,-0.6175333004035674,0.1102472788819634,15.000000000001679,0.20625212500453927,
776,77,ok,2.158593786694827,-0.11125509371215322,0.4495876613431453,0.09892310803128254,15.000000000001679,0.22871737499372102,
777,77,ok,1.4931490356894956,0.5566732033289258,-0.382494183997203,0.07579908209709653,15.000000000001679,0.24403687499579974,
778,77,ok,1.988353399848563,0.01208993545668922,-0.04198592593654955,0.07496922993865043,15.000000000001679,0.23631920901243575,
779,77,ok,1.616182078708689,0.4028443889848065,-0.24726193751126052,0.09726878681544068,15.000000000001679,0.22497862498858012,
780,77,ok,1.6709526805817922,0.35729640770814497,-0.30595386680823605,0.07699636346656409,15.000000000001679,0.24243045898037963,
781,78,ok,1.630525100822477,0.3992609925147465,-0.3102365779969779,0.0750350555819784,15.000000000001679,0.22411891698720865,
782,78,ok,1.7894183862440958,0.21989523205627698,0.1823325976682412,0.12009205883828013,15.000000000001679,0.25489804201060906,
783,78,ok,1.825061151912291,0.18352408457575045,-0.1768147530695696,0.07527244948871935,15.000000000001679,0.27609879200463183,
784,78,ok,1.7579855890227645,0.3871553294922882,-0.6994607923440646,0.0903813087420913,15.000000000001679,0.250833625002997,
785,78,ok,2.139031506170048,-0.13765746859248956,0.07665723291936276,0.10316087429495681,15.000000000001679,0.3153250420000404,
786,78,ok,1.3362672270768086,0.6714571583533622,-0.14347132141658012,0.09305291460675787,15.000000000001679,0.29759591701440513,
787,78,ok,1.6799697708697874,0.5736116609258493,-0.8875329499176758,0.10203642606986223,15.000000000001679,0.24242799999774434,
788,78,ok,1.8045728468181306,0.2413718449466771,-0.4046111364347719,0.07525437836617459,15.000000000001679,0.26444129200535826,
789,78,ok,1.9897500944325743,0.024019166683954537,0.2336775228002574,0.10634133032832807,15.000000000001679,0.21224783299840055,
790,78,ok,1.9210197940294558,0.07955068229233991,-0.04681310894563834,0.09929541999013032,15.000000000001679,0.24278483298257925,
791,79,ok,1.4631640733724716,0.6627572931439977,-0.5938274569000279,0.07609361409023832,15.000000000001679,0.29696858298848383,
792,79,ok,2.0280239211562927,-0.007551587835223014,0.2874328564420201,0.09308881174657853,15.000000000001679,0.20006462500896305,
793,79,ok,1.3296452322409966,0.7764055136799778,-0.5203585078274926,0.10663327075806985,15.000000000001679,0.2576239999907557,
794,79,ok,1.240193928197033,0.8365194498345141,-0.42941121192093445,0.09598170308642819,15.000000000001679,0.22852720800437964,
795,79,ok,1.0982794689926765,1.091110765640155,-0.6165534459198246,0.09428784900849871,15.000000000001679,0.21600037498865277,
796,79,ok,0.7997123699200098,1.2018190049369062,0.04946689522466566,0.09868087668255664,15.000000000001679,0.23707670901785605,
797,79,ok,1.9828273930080547,0.017277593387009446,-0.020404136294150364,0.09165407298526923,15.000000000001679,0.18667362499400042,
798,79,ok,2.045902443712792,-0.0430961660180293,0.10712079906536749,0.0797113515649157,15.000000000001679,0.27523662502062507,
799,79,ok,2.04421014641791,-0.044190724044970896,-0.00891102948197413,0.09944123078403941,15.000000000001679,0.2144375839852728,
800,79,ok,2.1147047697799026,-0.08389722403875607,-0.3596506957777751,0.09429803777384502,15.000000000001679,0.22512712501338683,
801,80,ok,2.107385518323848,-0.08703994002272562,-0.29212670468653196,0.09594729117219976,15.000000000001679,0.23693758400622755,
802,80,ok,2.0564319632997776,-0.05614379209970136,0.03442565744960689,0.09951265376758699,15.000000000001679,0.21994462501606904,
803,80,ok,2.1691584618324793,-0.1688331971821175,-0.03756321791649207,0.07500094398912915,15.000000000001679,0.26271491701481864,
804,80,ok,1.4577881044937055,0.5856602431126098,-0.35325516229924986,0.0825118470975255,15.000000000001679,0.19541083398507908,
805,80,ok,1.051201578523244,1.137813990900978,-0.6013817792414906,0.10027326499274855,15.000000000001679,0.25435691699385643,
806,80,ok,1.1956257085452442,0.8456099955302311,0.31129496063155976,0.09529472831320789,15.000000000001679,0.2391207909968216,
807,80,ok,1.9884269981592688,0.05129334768496156,-0.39545456152609515,0.07399663764485764,15.000000000001679,0.25491391698597,
808,80,ok,1.7553014180678517,0.2505973890371314,-0.14378307628962647,0.08803657844562551,15.000000000001679,0.24709883399191312,
809,80,ok,1.990284194910269,0.014035250978557309,0.13105415733129433,0.09795775492372631,15.000000000001679,0.20359208300942555,
810,80,ok,1.9773574229675932,0.022692586859318655,-0.014063147014367344,0.09732114398458025,15.000000000001679,0.2003223329957109,
811,81,ok,2.1228226036657225,-0.10045306981926724,0.30736412952869835,0.09718597979136796,15.000000000001679,0.23692933400161564,
812,81,ok,1.4737966177997295,0.5298432923420796,-0.10351678881391965,0.07576109762181624,15.000000000001679,0.23658354199142195,
813,81,ok,1.004167838637153,1.021549976686019,-0.2258065544444665,0.0956905697135422,15.000000000001679,0.24507566599640995,
814,81,ok,1.8260203152691752,0.18145228554840215,-0.16502848856669516,0.09857779796658935,15.000000000001679,0.25020141698769294,
815,81,ok,1.4661826837479401,1.0363607386017182,-1.105029880145368,0.0935044657870395,15.000000000001679,0.23399637499824166,
816,81,ok,2.0468032376707566,-0.045514864452616106,-0.07261152141973053,0.07495081568885426,15.000000000001679,0.2662497079872992,
817,81,ok,1.1128724051723375,0.9270729630597797,0.29548699395530587,0.10381200203923617,15.000000000001679,0.2390389590000268,
818,81,ok,1.7275502036531374,0.27274175402172524,-0.03175937408151889,0.07521448244362668,15.000000000001679,0.268969124997966,
819,81,ok,1.9136652331646322,0.0873908365399232,0.0635673852820081,0.10163565291205065,15.000000000001679,0.23391841701231897,
820,81,ok,1.6562837565079431,0.45062696664966095,-0.5854221430718459,0.10472559763512218,15.000000000001679,0.2299221670255065,
821,82,ok,1.1439258522680078,0.8648683008214254,0.14157111642934178,0.09720948162992847,15.000000000001679,0.19273908401373774,
822,82,ok,1.1309717740972907,0.8907933064984366,0.22081137854762306,0.10233444187025102,15.000000000001679,0.24150191701482981,
823,82,ok,1.419545065666813,0.7444668987760495,-0.6623781587506989,0.09209081791332413,15.000000000001679,0.2327692919934634,
824,82,ok,1.063405766237536,0.962238104625183,0.23212512181000214,0.10767960249118744,15.000000000001679,0.24427970900433138,
825,82,ok,2.2187543821386506,-0.21547532737660197,0.12058226256379803,0.10392683661400028,15.000000000001679,0.1992586659907829,
826,82,ok,1.9997754335787177,0.00947220479728525,0.19209602096443282,0.09166606868044265,15.000000000001679,0.21889741701306775,
827,82,ok,1.9853591746863641,0.016242124068140677,-0.07972290881320765,0.1070581915479065,15.000000000001679,0.23151716598658822,
828,82,ok,2.067733854926814,-0.06588284426745138,0.08747210167778446,0.10562801448143186,15.000000000001679,0.23288358299760148,
829,82,ok,1.682162966133006,0.4647459308537537,-0.6875079547170971,0.10733078776120238,15.000000000001679,0.25933558301767334,
830,82,ok,1.8268232862412037,0.18195771762451945,-0.1789010303158285,0.09182607995342687,15.000000000001679,0.23095237501547672,
831,83,ok,0.9164086285897048,1.0902195946445348,-0.11001994630479042,0.09733081267677862,15.000000000001679,0.23513916600495577,
832,83,ok,1.9684066318028381,0.03206922619232642,-0.04327976000539776,0.1012635416424021,15.000000000001679,0.22704675002023578,
833,83,ok,1.6201394072733535,0.6851831876861841,-0.9466300486763503,0.10457054685225559,15.000000000001679,0.23547891600173898,
834,83,ok,1.4939174338030958,0.5691103373209472,-0.42935308576864056,0.10569473509372544,15.000000000001679,0.2592061670147814,
835,83,ok,2.170018987521651,-0.1680547063376793,0.09231032732869214,0.1031577337488724,15.000000000001679,0.1890824580041226,
836,83,ok,1.4219252868687406,0.5975050557973312,-0.2342636397794224,0.07798470036109824,15.000000000001679,0.272372292005457,
837,83,ok,1.071028730227244,0.9862365569158152,0.3455231141881559,0.09938790206318897,15.000000000001679,0.2258419169811532,
838,83,ok,1.5292165961579767,0.5624264307039764,-0.5214265344480266,0.0828398034246246,15.000000000001679,0.24608708298183046,
839,83,ok,1.3596915483210508,0.7219954159618249,-0.46418249617268814,0.09996731098771688,15.000000000001679,0.2651040830241982,
840,83,ok,2.0810304353649802,-0.06366371933310494,-0.26829037706114933,0.09449400182126089,15.000000000001679,0.23919091699644923,
841,84,ok,1.8488752948239957,0.19735787280548614,-0.4108785916474045,0.07542887795645761,15.000000000001679,0.2355209169909358,
842,84,ok,1.5526007369424009,0.518438479925295,-0.4642677143502611,0.09105339045371803,15.000000000001679,0.22563129200716503,
843,84,ok,1.496809235921212,0.7220914451659791,-0.7793507645605194,0.0989780560523828,15.000000000001679,0.20680733298650011,
844,84,ok,2.0719366371421297,-0.0708900119671006,0.0658482092903053,0.09402638249276131,15.000000000001679,0.22990850001224317,
845,84,ok,1.983471963810661,0.018882937603170405,0.09662409794185521,0.08307853987123727,15.000000000001679,0.2468827500124462,
846,84,ok,1.1678883441776542,0.8321159792600182,0.0031778241356160155,0.0890895118505031,15.000000000001679,0.23232704200199805,
847,84,ok,1.9160410039231903,0.13425189441339366,-0.4361159653291506,0.09936438620833438,15.000000000001679,0.23076999999466352,
848,84,ok,1.464848695390099,0.568530051712492,-0.3109268202259725,0.09983406561176501,15.000000000001679,0.27756483299890533,
849,84,ok,1.9552096208105736,0.04528860472665782,-0.044136407859849486,0.07524377962018605,15.000000000001679,0.24239404100808315,
850,84,ok,1.6856375073119616,0.3164396201527374,-0.08365556446181384,0.07760619411537345,15.000000000001679,0.2856197500077542,
851,85,ok,1.2648178434950441,0.7582530045041168,-0.24047572933749664,0.10285161578507818,15.000000000001679,0.2525921250053216,
852,85,ok,1.3506196742131036,0.6795260861753356,-0.2837642459509004,0.09606387250761955,15.000000000001679,0.2342683750030119,
853,85,ok,1.6886718911559289,0.41972218512972725,-0.5952602656057073,0.07821028209318338,15.000000000001679,0.27743945800466463,
854,85,ok,1.8799535374720582,0.14128915710728418,-0.2818143104364191,0.10700797854861178,15.000000000001679,0.258886083989637,
855,85,ok,2.2088225846899943,-0.20242573829919663,-0.16798237381887687,0.09116992792602355,15.000000000001679,0.22275420901132748,
856,85,ok,2.1136174458577117,-0.10921636865799601,-0.13632687783138103,0.10391990471832824,15.000000000001679,0.2576517080015037,
857,85,ok,2.1221672527954736,-0.12147132272925557,-0.054344049121047,0.10080262935664337,15.000000000001679,0.25275158300064504,
858,85,ok,1.9902861984269993,0.025910729161736173,0.25339830782830486,0.10036954904893754,15.000000000001679,0.2537233750044834,
859,85,ok,1.710952327939404,0.3004534921097761,-0.1972296529414666,0.07609679033393785,15.000000000001679,0.27906183298910037,
860,85,ok,1.1832753686937887,0.8264639139248435,-0.15150462975376167,0.10842735434172827,15.000000000001679,0.2323340410075616,
861,86,ok,2.154092431117114,-0.13901431995851385,0.2544247252301839,0.10358925696982131,15.000000000001679,0.24153404199751094,
862,86,ok,1.9747375237262559,0.09108863141022701,-0.5056141557365905,0.0972394439943679,15.000000000001679,0.2226536669768393,
863,86,ok,2.225250933202253,-0.021685640975923102,-0.9298004542853646,0.10228760050584794,15.000000000001679,0.21987558298860677,
864,86,ok,1.9986815092722734,0.0017906624408185335,-0.04344213160274718,0.09998844191896236,15.000000000001679,0.2341917919984553,
865,86,ok,1.5217763133104443,0.4852201646520971,-0.1457573263205219,0.07505171031655325,15.000000000001679,0.25305300002219155,
866,86,ok,2.009825473584327,-0.009751903940440017,0.017196478600031286,0.07837240466802255,15.000000000001679,0.22652191598899662,
867,86,ok,1.5514435263033057,0.5034379834876893,-0.4089977335402272,0.07498894392222893,15.000000000001679,0.2729952499794308,
868,86,ok,2.025727922032025,-0.02564757798983728,0.018041726194916962,0.099096818074151,15.000000000001679,0.2045817500038538,
869,86,ok,1.4310948545269917,0.9045613600681496,-0.9208944938470909,0.10332062819478767,15.000000000001679,0.22321345799718983,
870,86,ok,2.021007124032317,-0.020634907402979935,0.03878616214484329,0.07307709713153364,15.000000000001679,0.2782779579865746,
871,87,ok,1.8076058382063385,0.30352641375378786,-0.6240322407428601,0.10274771545641584,15.000000000001679,0.21198916700086556,
872,87,ok,1.5567327803955324,0.5266268938966993,-0.5025819731839932,0.09659682588482814,15.000000000001679,0.2700678330147639,
873,87,ok,2.0338900307742827,-0.031024377185983297,0.10792884952273624,0.07501594643485843,15.000000000001679,0.3197376250172965,
874,87,ok,2.1181672047907902,-0.10271782640901163,-0.255362585264542,0.09536631839810969,15.000000000001679,0.2245384170091711,
875,87,ok,2.215746605237615,-0.09740532747816795,-0.7144395781927362,0.09853438774578915,15.000000000001679,0.2296281250019092,
876,87,ok,1.8136889358706836,0.20417242136982705,-0.2539111339248884,0.09500338120659121,15.000000000001679,0.23976074997335672,
877,87,ok,1.6985904914038885,0.9193961859447005,-1.3105361706327845,0.10388576165205143,15.000000000001679,0.21445254198624752,
878,87,ok,1.6528993887038954,0.389483316848562,0.37190375430829126,0.07498639012934698,15.000000000001679,0.2693014169926755,
879,87,ok,0.9426100857859517,1.0723258166791436,-0.16713582328567786,0.09869876104861083,15.000000000001679,0.23029795900220051,
880,87,ok,1.6252800161871004,0.49011048877386737,-0.601472189636771,0.10441181810078078,15.000000000001679,0.2272274999995716,
881,88,ok,0.9270760822343936,1.0896304571411342,-0.17520661427586498,0.09281457420141422,15.000000000001679,0.19802991699543782,
882,88,ok,0.9260237201653212,1.074089968100083,-0.01451010461422739,0.1078618239696932,15.000000000001679,0.2888619579898659,
883,88,ok,1.8238386163287557,0.18828126356558453,-0.20991073927856804,0.09907169627840054,15.000000000001679,0.28353795802104287,
884,88,ok,1.4618571005604868,0.742895797294478,-0.7461335041393241,0.10239938020593141,15.000000000001679,0.2593805000069551,
885,88,ok,1.4110453805138872,0.6046278589218392,0.20972757036815648,0.10158420472605283,15.000000000001679,0.22088979199179448,
886,88,ok,1.869447329783084,0.21202106026773757,-0.5458613650983165,0.10215713087771332,15.000000000001679,0.2322015000099782,
887,88,ok,2.2866306362407656,-0.2842426670144837,-0.10447537884787385,0.07539223582257014,15.000000000001679,0.24705679100588895,
888,88,ok,1.813772367134863,0.6445915116185341,-1.2052543422056083,0.10610592474811856,15.000000000001679,0.285725249996176,
889,88,ok,1.7990964441458477,0.21663369719507516,-0.23738712129794645,0.09494644275151605,15.000000000001679,0.2246492909907829,
890,88,ok,2.0782547404616705,-0.07105476525076142,-0.17284364490347442,0.07389043218008705,15.000000000001679,0.22924487499403767,
891,89,ok,2.028218090920145,-0.028104947574512276,-0.021423024052237543,0.09993400700105405,15.000000000001679,0.2071987499948591,
892,89,ok,1.701288740616715,0.29874067148756334,0.010003804207464663,0.08298155655708933,15.000000000001679,0.2570890839851927,
893,89,ok,2.134897843115263,-0.13488820882508581,-0.006413763155816922,0.07488586577046169,15.000000000001679,0.26249154200195335,
894,89,ok,1.6947114659418583,0.3237772800014342,-0.24964844432804303,0.10521405012731418,15.000000000001679,0.2568873749987688,
895,89,ok,1.667322858856596,0.3335776016133071,-0.054789650673046975,0.10801382847706884,15.000000000001679,0.22860554099315777,
896,89,ok,1.9322741600931843,0.08921623032780872,0.2873826983677886,0.0731715507346369,15.000000000001679,0.2317100839863997,
897,89,ok,2.180460283916379,-0.1758394557336616,0.14187921838429468,0.10518923277744979,15.000000000001679,0.22165858300286345,
898,89,ok,1.813106644569126,0.19146362434943479,-0.1286541197530485,0.07507719204558155,15.000000000001679,0.2506980420148466,
899,89,ok,1.5096210047333019,0.5125453132089329,-0.25774819625997775,0.085631561255026,15.000000000001679,0.2074007919873111,
900,89,ok,1.695883229746483,0.3210074341489975,-0.23875488005992468,0.09165237384233534,15.000000000001679,0.24767558299936354,
901,90,ok,1.0149026567372088,0.9851163447421086,-0.006210389893283821,0.11759663078706215,15.000000000001679,0.22009841600083746,
902,90,ok,1.3900270978011897,0.6538644643538187,-0.34654646483865154,0.10343809478002837,15.000000000001679,0.20197304201428778,
903,90,ok,1.7374372179932318,0.26715783066781934,-0.1262778787127919,0.09978441939605247,15.000000000001679,0.23296620801556855,
904,90,ok,1.4154421823071517,0.5961947972124745,-0.18112847396559784,0.07608866992651506,15.000000000001679,0.24979408300714567,
905,90,ok,1.2832117056018415,0.7763550762506776,-0.38642642504893715,0.10301234793083215,15.000000000001679,0.2685365420184098,
906,90,ok,1.8786271197659783,0.1297038830885931,-0.17672659728045417,0.09912552796592608,15.000000000001679,0.23135804099729285,
907,90,ok,1.9451753761701136,0.07374011578021405,-0.27061061047955925,0.09862871650250972,15.000000000001679,0.2223759169864934,
908,90,ok,2.024538480597773,-0.01719782828698702,-0.17224686056762284,0.08757994062938204,15.000000000001679,0.2536042499996256,
909,90,ok,1.4925692113885807,0.6867712532335543,-0.7093610571855213,0.0992793304262483,15.000000000001679,0.22750649999943562,
910,90,ok,1.1065458734464972,0.9052183914324029,-0.16092544728418953,0.09708396494929278,15.000000000001679,0.2460292500036303,
911,91,ok,1.9540472892186256,0.05160919706889835,0.1485735089312895,0.11506521600511022,15.000000000001679,0.21491383400280029,
912,91,ok,1.9110764138083827,0.10361392306615637,-0.23650138821193947,0.07633658015112321,15.000000000001679,0.23937966601806693,
913,91,ok,2.015225133119787,-0.014923477003712113,-0.03486716187090938,0.07604390149739927,15.000000000001679,0.24129266702220775,
914,91,ok,1.9301560886789597,0.0698665082458406,-0.00933973625733492,0.09422303793051759,15.000000000001679,0.205277125001885,
915,91,ok,0.838200661037156,1.1631016626510513,-0.046706756531475296,0.10662676689612043,15.000000000001679,0.23673729097936302,
916,91,ok,1.9980392183696758,0.042347639824000076,-0.3996973290386653,0.10010210338060307,15.000000000001679,0.23516987499897368,
917,91,ok,1.877109304915941,0.171833635489387,-0.42584866592964166,0.09849542413083018,15.000000000001679,0.1947698330041021,
918,91,ok,1.503634053081652,0.501605330346598,0.12541443115140086,0.10414974180658278,15.000000000001679,0.2719404580129776,
919,91,ok,1.6199348115318855,0.5686524396101187,-0.7585729727447322,0.09841812094576079,15.000000000001679,0.2619256670004688,
920,91,ok,1.9618954530271289,0.039749714308168566,-0.08032799047415938,0.09972222731937191,15.000000000001679,0.22389274998567998,
921,92,ok,1.5381759024624835,0.5184958305619951,-0.41367922700334275,0.09131662656866674,15.000000000001679,0.24106179201044142,
922,92,ok,2.141236307595372,-0.1395369311233978,0.08529153137173945,0.09543704808813089,15.000000000001679,0.22963383398018777,
923,92,ok,0.9076954075740319,1.0964598566391552,0.08675345679828453,0.09859401198500446,15.000000000001679,0.25263170897960663,
924,92,ok,2.283779504203372,-0.2831338731942721,0.05430046861973864,0.10332848826812106,15.000000000001679,0.22231620800448582,
925,92,ok,1.4858195055890266,0.5516976350526878,-0.3317828550073707,0.07850100335004714,15.000000000001679,0.24842066600103863,
926,92,ok,1.3623814222040793,0.9023898180121552,-0.8070532993324667,0.103241369549043,15.000000000001679,0.2019755420042202,
927,92,ok,2.2222510101102193,-0.21627262699361097,0.1628962699840905,0.09712490227247453,15.000000000001679,0.21531783300451934,
928,92,ok,1.333622015042409,0.9040752531946125,-0.7599319892893854,0.09922970997187051,15.000000000001679,0.21555145899765193,
929,92,ok,1.8341770034639517,0.378092583468158,-0.8565171406545269,0.09938136475782715,15.000000000001679,0.2522795000113547,
930,92,ok,1.3989610991729788,0.7215476813150707,-0.568024494056724,0.09505183487120096,15.000000000001679,0.2360564999980852,
931,93,ok,1.7208606497635015,0.6279176373803829,-1.0386295615341543,0.09694172333616098,15.000000000001679,0.22641416700207628,
932,93,ok,2.0146582209484984,-0.013092800917465805,0.07940479915999571,0.08874553469008623,15.000000000001679,0.2086832079803571,
933,93,ok,1.1914043607560056,0.9216860691494714,-0.5066393365719912,0.10112814478125345,15.000000000001679,0.21079049998661503,
934,93,ok,2.0046292785147513,-0.0044367825759609346,0.027780009631054866,0.09585604109112882,15.000000000001679,0.23984962500981055,
935,93,ok,1.9662664016462899,0.03393705920647762,0.028285598480071724,0.07729017670869551,15.000000000001679,0.2402090420073364,
936,93,ok,1.8531006272446633,0.15179498551513268,-0.13461114042884825,0.09983930749929082,15.000000000001679,0.23741004199837334,
937,93,ok,1.9670366204942173,0.035668367357105435,0.10312275870927677,0.10297185065229784,15.000000000001679,0.22244666700134985,
938,93,ok,1.8947219048386692,0.23338393453822842,-0.684864055070672,0.10191884142110239,15.000000000001679,0.2286229579767678,
939,93,ok,2.169788333364385,-0.169668917602213,0.022763997782401398,0.10580468882853766,15.000000000001679,0.21073720799176954,
940,93,ok,1.7174217047825835,0.6038705322648578,-1.0001798945089344,0.10031898335714613,15.000000000001679,0.23340349999489263,
941,94,ok,2.018272161390175,-0.010203615985728049,0.18028849026067262,0.08047521064498302,15.000000000001679,0.24922866700217128,
942,94,ok,1.7636813779057336,0.24269443177372194,-0.14983037960435258,0.09618889291384723,15.000000000001679,0.217043915996328,
943,94,ok,2.1723782641847316,-0.09046690538255364,-0.5909106871622454,0.10253792122304765,15.000000000001679,0.2150549170037266,
944,94,ok,2.1096977679469164,-0.0834711324697393,-0.3316213386461468,0.09975463783932521,15.000000000001679,0.24604633398121223,
945,94,ok,1.4614616343111002,0.7445050391483188,-0.7480658472616613,0.10289826801419052,15.000000000001679,0.2421253749926109,
946,94,ok,1.3126194011446979,0.8594587910249392,-0.6497195109361978,0.09965840842764938,15.000000000001679,0.2166363750002347,
947,94,ok,1.7502888175691769,0.25625292965254376,-0.151185646019624,0.10395749628712032,15.000000000001679,0.2797852499934379,
948,94,ok,1.328975438091103,0.7306612592378884,-0.3936430823092109,0.10180417604733208,15.000000000001679,0.1957900410052389,
949,94,ok,1.4100817165894752,0.5981325292422347,-0.1519803996939962,0.1084234550544199,15.000000000001679,0.21613966600853018,
950,94,ok,1.7794549629134537,0.23756312036916882,-0.2455121389146776,0.10066012506003943,15.000000000001679,0.25374570800340734,
951,95,ok,1.5273833727635073,0.6039617723833611,-0.6196589662285389,0.1020327777946322,15.000000000001679,0.21473300000070594,
952,95,ok,2.074990088399272,-0.06978327631840135,-0.14690492172790906,0.09942864934622213,15.000000000001679,0.21366387500893325,
953,95,ok,1.9914664618402973,0.008627007898801275,0.01929442833129885,0.08176478623714575,15.000000000001679,0.2747951249766629,
954,95,ok,2.0844821976616403,0.21013091869082853,-1.0683794757209464,0.10418146515515812,15.000000000001679,0.23168395800166763,
955,95,ok,2.168908389450208,-0.02509699704343028,-0.7766245903866134,0.10021473364545702,15.000000000001679,0.274612083012471,
956,95,ok,1.9205669111226296,0.07972391235732589,-0.03342165954681775,0.09829006864852331,15.000000000001679,0.2354428750113584,
957,95,ok,1.312474135763457,0.7430171908509426,-0.37760107858926734,0.10304769474153971,15.000000000001679,0.23309466600767337,
958,95,ok,2.046045549305234,-0.046042097693153865,0.0037582308544631005,0.09923714214083355,15.000000000001679,0.22389070899225771,
959,95,ok,1.3690874340155637,0.6605294802484302,-0.28322981604304964,0.09595107606441808,15.000000000001679,0.24638404202414677,
960,95,ok,1.43567984915306,0.740217090652894,-0.6885663734028077,0.10011835532105734,15.000000000001679,0.21861108401208185,
961,96,ok,1.1820542687198559,1.0557578211435608,-0.711097041104291,0.10021495213481715,15.000000000001679,0.31019270900287665,
962,96,ok,1.3717806069727863,0.6294663594140765,-0.058477121072439686,0.09875778655744111,15.000000000001679,0.231583499989938,
963,96,ok,1.8334245756243617,0.17683367753579063,-0.19367559251413557,0.10451399733669946,15.000000000001679,0.2419898749794811,
964,96,ok,1.9462349678446984,0.1973184750917121,-0.7336006201031895,0.07498421812264944,15.000000000001679,0.29320566600654274,
965,96,ok,2.0182872125092612,-0.0176205468233132,-0.05187100553101629,0.08211700290139763,15.000000000001679,0.22089191700797528,
966,96,ok,1.0582943891216843,0.9438372891573733,0.06713674308449279,0.09782365008567229,15.000000000001679,0.2251033750071656,
967,96,ok,0.9928788750045898,1.011036507564369,0.08808899511232662,0.0963171491977495,15.000000000001679,0.23208641601377167,
968,96,ok,2.2413670645954498,-0.2397105993773444,-0.08615537876418282,0.10608361021447565,15.000000000001679,0.23532491701189429,
969,96,ok,1.967178006475994,0.04025707990926403,-0.17087128581801464,0.10082020430953005,15.000000000001679,0.2112424579972867,
970,96,ok,2.0721782049464577,-0.07212061018838506,0.015449591827533428,0.10126390047571647,15.000000000001679,0.19189879097393714,
971,97,ok,2.17244365142025,-0.16962176648853985,-0.11069240703542818,0.10067000894664802,15.000000000001679,0.19831820798572153,
972,97,ok,1.41545518953457,0.9640493308187873,-0.9645307691325056,0.10290998188539181,15.000000000001679,0.24568879199796356,
973,97,ok,1.3864126438658562,0.7920113085822708,-0.6803700026294485,0.11382252328394246,15.000000000001679,0.2333716659923084,
974,97,ok,1.2017874887693192,0.8184980831934553,-0.21987812247908392,0.10860738513562633,15.000000000001679,0.23305099998833612,
975,97,ok,2.09403229303106,0.07512530650037326,-0.8245172275832917,0.10830610098178096,15.000000000001679,0.19474229202023707,
976,97,ok,1.2806556990847535,0.7245963736171152,-0.11586461671988209,0.09536068736724373,15.000000000001679,0.20013520898646675,
977,97,ok,1.4251946819816244,0.5989064051049033,-0.2609916088548414,0.10037852304944735,15.000000000001679,0.2512047500058543,
978,97,ok,0.986441900507902,1.019847262603476,0.11121256427104963,0.10213426560857028,15.000000000001679,0.24655791599070653,
979,97,ok,1.2714161181956833,0.730660518661459,-0.07263763985003482,0.10750696943743696,15.000000000001679,0.22392120800213888,
980,97,ok,1.389090332810251,0.7653185870749739,-0.6365011871822039,0.11858881102703926,15.000000000001679,0.2524378339876421,
981,98,ok,0.9707507635251864,1.1374854229159934,-0.4454499401754699,0.10410344837125916,15.000000000001679,0.30409583399887197,
982,98,ok,1.0108421940156793,0.9919536421339429,-0.07512976504295388,0.10201724247170699,15.000000000001679,0.21515229099895805,
983,98,ok,2.400547702811168,-0.36791879034585334,-0.3944488253233963,0.09361518398780688,15.000000000001679,0.2318289169925265,
984,98,ok,0.9986679138527401,1.0939781925589005,-0.42007390611670603,0.10466949101559361,15.000000000001679,0.2710106669983361,
985,98,ok,1.822696817868445,0.19242267201222818,-0.23428165359742295,0.09843779020603528,15.000000000001679,0.24891233301605098,
986,98,ok,1.9025346558947838,0.09783015665304282,0.03725592492604828,0.10857980241856388,15.000000000001679,0.2301637080090586,
987,98,ok,1.0338937003947872,0.9755478446051323,0.1394057567779591,0.1008705245306907,15.000000000001679,0.2834710000024643,
988,98,ok,1.640669501806054,0.4184649915686715,-0.4365128076730886,0.08984494355534116,15.000000000001679,0.22527195801376365,
989,98,ok,1.9556730340789072,0.052223480125183755,-0.1755666393360312,0.09956895848533269,15.000000000001679,0.19722716600517742,
990,98,ok,1.8408785273695238,0.16231263263615073,-0.10834616911322527,0.10530613070450279,15.000000000001679,0.23205208301078528,
991,99,ok,1.7993829509907262,0.20312938212644674,-0.09505254830255568,0.07920042449347638,15.000000000001679,0.22546487499494106,
992,99,ok,1.390090687560063,0.6100111691393613,0.01682764760396485,0.07880296672945326,15.000000000001679,0.22401125001488253,
993,99,ok,2.0816956383552694,0.04237218388157496,-0.7079195323670326,0.10103429456301029,15.000000000001679,0.2427918749745004,
994,99,ok,1.8257640778504214,0.17955735659648348,-0.13929483137222454,0.07827867107145599,15.000000000001679,0.25031462498009205,
995,99,ok,1.853125057998706,0.16260452927521588,-0.24093643299168427,0.07509201825722898,15.000000000001679,0.25310179201187566,
996,99,ok,1.5714693797633474,0.483997885520365,-0.41382798410339044,0.09875794408079212,15.000000000001679,0.2711332500039134,
997,99,ok,1.2905481349893335,0.8265179474177163,-0.5370794736272435,0.10057071549933862,15.000000000001679,0.2709853750129696,
998,99,ok,1.9134359692302187,0.08767269100069355,-0.06512658135859456,0.09731039141098989,15.000000000001679,0.21671979199163616,
999,99,ok,1.877352908934474,0.13039231283898467,0.17035563035359294,0.09753810178486008,15.000000000001679,0.24712962500052527,
1000,99,ok,1.9855043910859864,0.016137408650208004,-0.08072735388096235,0.09767889798270199,15.000000000001679,0.2540294999780599,
1001,100,ok,1.9740254735480343,0.032684683835189444,-0.16262538854647654,0.10291771787115303,15.000000000001679,0.22406224999576807,
1002,100,ok,1.9396577321456143,0.09152228100547631,0.3463883860260437,0.10323912722605157,15.000000000001679,0.2615146250172984,
1003,100,ok,1.9556227421666519,0.05580207431869107,0.21107992670055362,0.10669330426413368,15.000000000001679,0.25301691601634957,
1004,100,ok,1.5136057783541177,0.4898772131734456,-0.10262368622387368,0.08852451429547892,15.000000000001679,0.21445045800646767,
1005,100,ok,2.350200396655923,-0.22855594264893006,-0.7463111381493613,0.09962159061004579,15.000000000001679,0.2389634579885751,
1006,100,ok,1.4182140086869157,0.6268058441291997,-0.3544979333058116,0.09778134385114683,15.000000000001679,0.23410004100878723,
1007,100,ok,1.1272037659525203,0.8875573952449325,-0.18182348886572536,0.09336191849306949,15.000000000001679,0.2236847919994034,
1008,100,ok,1.9619571986314348,0.42165420956481914,-1.1653757398698719,0.1011126877215117,15.000000000001679,0.21709350001765415,
1009,100,ok,1.8330780311087507,0.19159579428321116,-0.2997487228986374,0.10429633952795389,15.000000000001679,0.24642379200668074,
1010,100,ok,2.1987272330204424,-0.1981628288528246,-0.04981589179648695,0.10237971329347043,15.000000000001679,0.23312620897195302,
1011,101,ok,1.0189773395239057,0.9960797454662632,-0.17452490080253374,0.10147193318928693,15.000000000001679,0.23747829199419357,
1012,101,ok,2.1016183896881175,-0.10138272107221662,-0.03147245548734479,0.10212156297324117,15.000000000001679,0.21430183300981298,
1013,101,ok,0.9276563334851197,1.0990677824693886,-0.2210597486437336,0.09390605407024057,15.000000000001679,0.2150931250071153,
1014,101,ok,2.130799025317372,-0.08887189072876726,-0.42061705911278274,0.09796226086865746,15.000000000001679,0.23699429200496525,
1015,101,ok,2.0631733213741805,-0.05043576350293407,-0.22890463904933817,0.10540296403191549,15.000000000001679,0.23388704101671465,
1016,101,ok,2.002054658935651,-0.0020422949062377433,-0.007036104924765856,0.1003920850698067,15.000000000001679,0.2259744160110131,
1017,101,ok,1.9502846801350857,0.0499937062323987,-0.032951294911692366,0.097061086728451,15.000000000001679,0.24153466601273976,
1018,101,ok,2.1293735124024518,-0.12937268168210567,-0.0018809112453120078,0.0749520429111474,15.000000000001679,0.2588106670009438,
1019,101,ok,2.033215251473785,-0.008858768965166504,-0.313768553518931,0.0754970699748608,15.000000000001679,0.26797708301455714,
1020,101,ok,1.741918789299401,0.31267067599370146,-0.4326671016644763,0.09892585491790187,15.000000000001679,0.20191766700008884,
1021,102,ok,0.9135798628887186,1.0864667856451702,0.009232125773752861,0.10680677046124991,15.000000000001679,0.23167487501632422,
1022,102,ok,0.8522752735829032,1.151036110430038,0.07505635327574728,0.10810013052061851,15.000000000001679,0.22309124999446794,
1023,102,ok,1.7574585509896719,0.3586492913801474,-0.6281945636184896,0.10013262108851893,15.000000000001679,0.2705395410011988,
1024,102,ok,1.3090376894060738,0.8247226770739343,-0.5764571853150351,0.0942823836419721,15.000000000001679,0.2371724999975413,
1025,102,ok,2.3404397977725773,-0.3344320055829975,-0.1675877630004229,0.11640914098636453,15.000000000001679,0.1902487080078572,
1026,102,ok,1.6666347854918975,0.5903586229023282,-0.8891471735240473,0.09519342661438279,15.000000000001679,0.23605320800561458,
1027,102,ok,1.4706135551296087,0.979411183865671,-1.0588213715790191,0.09432798790954096,15.000000000001679,0.2250607919995673,
1028,102,ok,1.6712836334636054,0.3482482373690169,-0.2547647898135668,0.09881954179271647,15.000000000001679,0.2234029579849448,
1029,102,ok,1.3827068855905924,0.7916434510357074,-0.6721255701390486,0.0987126882107849,15.000000000001679,0.22094137498061173,
1030,102,ok,2.131445273023115,-0.13011375886980703,0.075328123341304,0.10616846329659577,15.000000000001679,0.27292279098764993,
1031,103,ok,1.8095954710620126,0.21272775298899238,-0.2833614016629131,0.09422756199545737,15.000000000001679,0.24619395800982602,
1032,103,ok,1.7345105781626746,0.28646933381462936,-0.2689602234542042,0.0985676803997508,15.000000000001679,0.24212112501845695,
1033,103,ok,1.7693423697255937,0.23584895060096558,-0.1354381637887373,0.09579759335415401,15.000000000001679,0.22161400000914,
1034,103,ok,1.9839613483615446,0.018481834449112878,-0.09842962655829336,0.0987553149324343,15.000000000001679,0.21429250002256595,
1035,103,ok,1.8067908849660512,0.2006053552969632,-0.16331630234130964,0.07505135610284758,15.000000000001679,0.2615342079952825,
1036,103,ok,1.9229401148940986,0.07747819372684957,-0.04010722968682613,0.10165871142104804,15.000000000001679,0.23488841598737054,
1037,103,ok,1.8640846341109045,0.3372686439979239,-0.8426956514043975,0.09985281411008709,15.000000000001679,0.2295096250018105,
1038,103,ok,2.042754247683575,-0.030198903287678998,-0.22613564406964637,0.10043293454466268,15.000000000001679,0.2186437499767635,
1039,103,ok,1.6930197699496303,0.3800944669171227,-0.492160548325217,0.10524443527278272,15.000000000001679,0.22266658299486153,
1040,103,ok,1.64439780232888,0.5219247983659415,-0.7206509769774053,0.09012368330094556,15.000000000001679,0.24152083302033134,
1041,104,ok,0.9960734415626289,1.005998544143322,-0.06421375819265117,0.10041192925488338,15.000000000001679,0.21868204200291075,
1042,104,ok,1.0240184220426527,1.025270579031481,0.31387303895221713,0.09532505733380406,15.000000000001679,0.22781970800133422,
1043,104,ok,1.1129175377739886,0.9516504139118135,-0.37356203130624216,0.10330245855929243,15.000000000001679,0.2577845830237493,
1044,104,ok,1.490357751029218,0.6647801212214672,-0.6620831529101983,0.10031600083696128,15.000000000001679,0.22519550001015887,
1045,104,ok,2.1528009737258906,-0.10217476220305265,-0.4641263854077708,0.1017015678577554,15.000000000001679,0.22440733297844417,
1046,104,ok,1.3999446646042497,0.6104817421368314,0.17054053775806577,0.09460188785234562,15.000000000001679,0.23186475000693463,
1047,104,ok,1.8328730259789925,0.1689096099832151,-0.08081777619785593,0.10042348495231875,15.000000000001679,0.24083733398583718,
1048,104,ok,1.407121400163443,0.5928786193771906,0.0002345039163468449,0.1078689648196201,15.000000000001679,0.21567350000259466,
1049,104,ok,1.4434333377927764,0.6820106818855092,-0.5885609212203055,0.10132890612858718,15.000000000001679,0.22750483301933855,
1050,104,ok,2.1467995802183375,-0.09950938279608665,-0.44811693694483934,0.09787666513185259,15.000000000001679,0.23135729099158198,
1051,105,ok,1.0667996814323337,0.9691181019576476,0.2744887476614031,0.09832066623813542,15.000000000001679,0.22441929200431332,
1052,105,ok,1.6764673152596294,0.3269592418329629,0.10713207104175691,0.09267556704314384,15.000000000001679,0.24673362498288043,
1053,105,ok,1.0906180379761472,0.9445468688771527,0.2747114718425837,0.08770955536535226,15.000000000001679,0.22141304099932313,
1054,105,ok,1.675098660608442,0.5832874519258432,-0.8938014762246852,0.10213245816072689,15.000000000001679,0.21959891699953005,
1055,105,ok,1.3362937598479654,0.6834878175031083,-0.22907790366135797,0.08425182314263624,15.000000000001679,0.2795534999750089,
1056,105,ok,1.9758200836313404,0.035696709880350105,-0.21302015704171087,0.09382046281771388,15.000000000001679,0.25793358401278965,
1057,105,ok,1.3938135888448848,0.726798815207615,-0.567164053420106,0.10360910775581342,15.000000000001679,0.28965616700588726,
1058,105,ok,1.959529289601586,0.04109424182779822,0.04942941842958611,0.10479307072924512,15.000000000001679,0.2353431250085123,
1059,105,ok,1.1542809835140848,1.111791673759473,-0.737190991602071,0.09802826890483621,15.000000000001679,0.2260454579954967,
1060,105,ok,2.0305563288668624,-0.030322832398134762,-0.030792871644023778,0.10208381513972438,15.000000000001679,0.2434345840010792,
1061,106,ok,1.5496532846643858,0.4552036477224017,-0.12259499443674834,0.10839371524151266,15.000000000001679,0.2052185409993399,
1062,106,ok,2.2144132448460585,-0.10698856588313028,-0.6813407386817547,0.09979375537744888,15.000000000001679,0.25755962502444163,
1063,106,ok,0.7912882454910191,1.2458318865053115,0.2395152271571013,0.09905968362828625,15.000000000001679,0.23865891702007502,
1064,106,ok,1.5818502449902618,0.8326882824584148,-1.0675362062552565,0.1014621906014527,15.000000000001679,0.25845716599724256,
1065,106,ok,2.051472752347634,-0.04958414095665935,0.08800740175535461,0.0988753663801994,15.000000000001679,0.24664566598949023,
1066,106,ok,1.9343596730525268,0.06782784838495225,-0.09196804475008853,0.09141010644772325,15.000000000001679,0.23580316599691287,
1067,106,ok,1.7570859650045907,0.28619707524721577,-0.3875959539583928,0.09713612330541034,15.000000000001679,0.22318795800674707,
1068,106,ok,1.8101003728006144,0.19975423850739754,-0.18862279247440833,0.0812458462676623,15.000000000001679,0.26880616700509563,
1069,106,ok,1.0514220974793964,0.9810413741412223,-0.2592522822579675,0.10374219929436103,15.000000000001679,0.22628408297896385,
1070,106,ok,1.5694203389020371,0.5577406779321581,-0.6188442841844738,0.0983470158842898,15.000000000001679,0.2427560829964932,
1071,107,ok,2.1731406517234997,-0.08495235385650587,-0.6127919502746845,0.09641674300315696,15.000000000001679,0.2714437920076307,
1072,107,ok,2.036874696609672,-0.03316980081759311,-0.12279694919700707,0.09547903457989167,15.000000000001679,0.2213312080129981,
1073,107,ok,0.907253376980244,1.1258127824423259,-0.24270434421499015,0.10551003145385218,15.000000000001679,0.2418508330010809,
1074,107,ok,2.002199162596794,-0.000346134296572087,-0.08612101780671315,0.0795526352781126,15.000000000001679,0.24073362498893403,
1075,107,ok,1.472640311969037,0.6594444388540242,-0.6095738477960323,0.08877897348941906,15.000000000001679,0.22701441700337455,
1076,107,ok,1.8351741616032207,0.20512992060877633,-0.3824991523156962,0.09754182965371118,15.000000000001679,0.21977129200240597,
1077,107,ok,1.4847055869470553,0.697116295653955,-0.7119302865178074,0.09645927827160966,15.000000000001679,0.25053983301040716,
1078,107,ok,2.041475803649517,-0.031359974265041,-0.2029781068006419,0.09293412633130109,15.000000000001679,0.24246729197329842,
1079,107,ok,1.678081860297042,0.6692799851286985,-1.0223223424531542,0.10554348205523433,15.000000000001679,0.23642554201069288,
1080,107,ok,1.715249377829509,0.44852445310161976,-0.7314397142081428,0.09750995067109434,15.000000000001679,0.1800143749860581,
1081,108,ok,1.9750092850991285,0.025074837092957172,-0.01822847070824831,0.10182864671696748,15.000000000001679,0.2636955000052694,
1082,108,ok,1.8913620098790478,0.11007341820005556,-0.07367338610169334,0.08861572323550995,15.000000000001679,0.24038879098952748,
1083,108,ok,1.223703114352234,0.7824046051376611,-0.122109649435993,0.10068520596776533,15.000000000001679,0.28843354200944304,
1084,108,ok,1.9594793792608522,0.04052314810833259,-0.0031471652666278387,0.09980580468374325,15.000000000001679,0.29066249998868443,
1085,108,ok,2.2788714117214175,-0.25633603541161526,-0.31969142382015886,0.09456403943435054,15.000000000001679,0.4712156669993419,
1086,108,ok,1.6219835272229048,0.9401123586453435,-1.2277901898476462,0.10048833639146483,15.000000000001679,0.23933366598794237,
1087,108,ok,0.8933084453294079,1.1129715580364161,-0.10573798581635922,0.10254087010779427,15.000000000001679,0.23334941701614298,
1088,108,ok,1.62883688085842,0.37822022805398475,0.15145941948692784,0.10496305307733235,15.000000000001679,0.285080540983472,
1089,108,ok,1.498493256173091,0.5018165661447054,0.030470269407921656,0.09809381987426585,15.000000000001679,0.25348208300420083,
1090,108,ok,1.0609882443081586,0.9864758012755641,-0.31379093862012514,0.10355166318234996,15.000000000001679,0.23827658299705945,
1091,109,ok,1.3020139757908784,0.8339020802692093,-0.5791856651837064,0.10010505089634422,15.000000000001679,0.27952420798828825,
1092,109,ok,1.0318148535218488,1.0166664764032989,-0.3125653104860013,0.10038499230493948,15.000000000001679,0.24241516599431634,
1093,109,ok,1.7786183535755666,0.30319499212287626,-0.5332316690885617,0.09862679447816651,15.000000000001679,0.21603816701099277,
1094,109,ok,1.1478925242862,0.8522736784481328,0.019533001028114682,0.09311188292174508,15.000000000001679,0.25742495799204335,
1095,109,ok,1.3857827642012577,0.6489296559087766,-0.3082252340002381,0.09688533520932109,15.000000000001679,0.24330287499469705,
1096,109,ok,1.9875944585815937,0.012591345115793113,-0.027176649455099663,0.09829358743687734,15.000000000001679,0.26861825000378303,
1097,109,ok,1.8408792176918656,0.25824217717902415,-0.5959160853440267,0.09867668683619925,15.000000000001679,0.21328620801796205,
1098,109,ok,1.4887095544831936,0.7318869908396857,-0.7798368634579426,0.08702414120610884,15.000000000001679,0.2380983750044834,
1099,109,ok,2.0955100259002317,-0.09550963092107069,0.001286610052481516,0.09079863094992623,15.000000000001679,0.2415282909933012,
1100,109,ok,1.4628552291832737,0.6113769317735805,-0.4600775977357435,0.08682672018244157,15.000000000001679,0.22534975002054125,
1101,110,ok,1.5886748743720762,0.5343528261715325,-0.6129977310804328,0.10260672751190812,15.000000000001679,0.2092941669980064,
1102,110,ok,1.3806657218851726,0.6975270647929545,-0.4580415795993286,0.09205777534798915,15.000000000001679,0.2388425420213025,
1103,110,ok,1.4248819538234934,0.78212306000667,-0.7396379799363596,0.10338548342912482,15.000000000001679,0.24656379202497192,
1104,110,ok,1.3448086864132802,0.6883534465798186,-0.2968058657667861,0.10208297197440899,15.000000000001679,0.24632816697703674,
1105,110,ok,1.8188422455380644,0.18523513335573938,-0.1217193203546065,0.09449524832298796,15.000000000001679,0.21570395800517872,
1106,110,ok,1.6449549975257978,0.3883735603337488,-0.32944978806152064,0.08970349302502219,15.000000000001679,0.25848058401606977,
1107,110,ok,1.8987861929545766,0.10418714118598497,-0.10621963523928268,0.10209654651212771,15.000000000001679,0.22848408299614675,
1108,110,ok,1.9473192772488497,0.06995200285781841,-0.25878001521067195,0.10295189023480239,15.000000000001679,0.19425166698056273,
1109,110,ok,2.1628395485861303,-0.1144752057552347,-0.45482910765980517,0.09923780643298745,15.000000000001679,0.2101777089992538,
1110,110,ok,2.0347679736299678,-0.03262063013285179,-0.09345630245486243,0.1040283349460709,15.000000000001679,0.22022116699372418,
1111,111,ok,1.021118956575623,1.0163762273203896,0.2741681916226226,0.0996211528287877,15.000000000001679,0.2442905000061728,
1112,111,ok,2.026164638918981,-0.02224203052738524,-0.12601711778231645,0.09860110544248411,15.000000000001679,0.20221145800314844,
1113,111,ok,0.9738119773647431,1.0375413893291976,-0.1482672924304611,0.1003090486184015,15.000000000001679,0.22941645799437538,
1114,111,ok,1.3527888016294618,0.731052856950347,-0.4688397273698113,0.10713875154023916,15.000000000001679,0.20853345800423995,
1115,111,ok,1.1719245370448295,0.8811612887921947,0.3487220366288817,0.10769831565549143,15.000000000001679,0.24582933299825527,
1116,111,ok,1.9817640374212133,0.01850518610071613,-0.032665004305376284,0.10027313766550831,15.000000000001679,0.21938787499675527,
1117,111,ok,1.6319652549181685,1.046364692354943,-1.3243452319062579,0.09582888390938174,15.000000000001679,0.2319735409982968,
1118,111,ok,1.1325071462028267,0.9052098063651883,-0.28983938331690234,0.10274242773668486,15.000000000001679,0.23537954199127853,
1119,111,ok,1.4329164676502042,0.5700617813622244,-0.09233793446987873,0.09600885893703451,15.000000000001679,0.19825600000331178,
1120,111,ok,1.7270690993359192,0.3438423221277837,-0.48980549191070855,0.07775026673018806,15.000000000001679,0.2762329580145888,
1121,112,ok,1.7453247970146777,0.44367210055825423,-0.7899380459843475,0.10010015045195028,15.000000000001679,0.19982124998932704,
1122,112,ok,1.94330993089235,0.15983245614161112,-0.6246894412706322,0.0935063031917692,15.000000000001679,0.22281354101141915,
1123,112,ok,0.9521416458069273,1.1357822719598245,-0.39962661600674376,0.10220577508606295,15.000000000001679,0.2302445829845965,
1124,112,ok,1.8031304329565967,0.20303523284463573,-0.14898652239887736,0.08296521373820975,15.000000000001679,0.27104691698332317,
1125,112,ok,1.6722986471773902,0.3865138962355735,-0.439596813353349,0.07587494124383627,15.000000000001679,0.23390016701887362,
1126,112,ok,1.6207432949041563,0.5753642590684986,-0.7728012898781503,0.10228186365416088,15.000000000001679,0.2368211249995511,
1127,112,ok,1.8995960110318943,0.13288568288092223,-0.3497844077960666,0.07680739383317824,15.000000000001679,0.23604229200282134,
1128,112,ok,2.148731578830219,-0.10572644674488922,-0.4277423632764793,0.09990006217475687,15.000000000001679,0.2433065000222996,
1129,112,ok,2.039499906432023,-0.03949673142956773,0.003598725377288421,0.10067074551795459,15.000000000001679,0.21763058300712146,
1130,112,ok,1.0358917649133679,0.9644647895993913,0.027176766472465554,0.09727579968756629,15.000000000001679,0.22415479199844413,
1131,113,ok,2.1975240830601392,-0.06330890639579691,-0.7562198439720343,0.10133661845793372,15.000000000001679,0.2193332499882672,
1132,113,ok,1.5598653034955825,0.7481218549891285,-0.930580934198367,0.10340927679106118,15.000000000001679,0.2520033339969814,
1133,113,ok,2.2702725167441953,-0.20402401935807699,-0.5444404672475126,0.08872230060437601,15.000000000001679,0.22647229200811125,
1134,113,ok,1.913900494876988,0.12540505960038664,-0.38588717744769563,0.1117597950302098,15.000000000001679,0.24683099999674596,
1135,113,ok,1.096723872471028,1.0952051119572734,0.6197979211159049,0.09980374214713462,15.000000000001679,0.23795608399086632,
1136,113,ok,1.7802104887733348,0.2197995082787321,0.005966038379937907,0.09562828227193894,15.000000000001679,0.2604270000010729,
1137,113,ok,0.9667450939266404,1.1903899509280265,-0.528325321249044,0.0998683889717824,15.000000000001679,0.2320952499867417,
1138,113,ok,1.9436168059016505,0.0576384766768715,-0.06984268678387039,0.07504265352215427,15.000000000001679,0.29222004098119214,
1139,113,ok,1.515759754709658,0.6638361057776901,-0.7156770792572262,0.08739234588497054,15.000000000001679,0.2269205000193324,
1140,113,ok,0.9700812072089642,1.030206136459842,0.0236095493361208,0.09813541720939906,15.000000000001679,0.2434421670041047,
1141,114,ok,1.9424489909815426,0.0600326625713206,-0.09815707959741353,0.09879738349188853,15.000000000001679,0.23558174999197945,
1142,114,ok,1.0216673827383034,1.0584237666820833,-0.396533022335062,0.09678302306251471,15.000000000001679,0.2222165830025915,
1143,114,ok,1.592107950426789,0.5748671330259854,-0.7097915449500763,0.10186367520197484,15.000000000001679,0.25294187502004206,
1144,114,ok,1.9706880855288418,0.04215047640009587,-0.22458132911032452,0.0933623121986321,15.000000000001679,0.26897550001740456,
1145,114,ok,1.6446360591355977,0.6749942686312081,-0.9742625820839693,0.09247411128495535,15.000000000001679,0.2144515000109095,
1146,114,ok,1.457082740001628,0.7173826236027735,-0.691362984961263,0.10213031130256661,15.000000000001679,0.257776875019772,
1147,114,ok,1.0598266009817414,0.9459463708674279,0.1104688691938398,0.09530718241621013,15.000000000001679,0.33991616699495353,
1148,114,ok,1.2481977028227487,0.7915513343928445,-0.3124889244825685,0.09195894145366477,15.000000000001679,0.27147020801203325,
1149,114,ok,1.046670451088507,0.98269844467011,0.24620434339224329,0.09909214405194151,15.000000000001679,0.3612826250027865,
1150,114,ok,1.5375809354924321,0.5490784031444211,-0.5089024002378448,0.07691279087614017,15.000000000001679,0.312738625012571,
1151,115,ok,1.7071677710619089,0.3236867847893594,-0.3231033937652947,0.09599401776691051,15.000000000001679,0.2753424579859711,
1152,115,ok,1.511731671167497,0.653448516813213,-0.68711843865402,0.09299643850803468,15.000000000001679,0.23403404100099578,
1153,115,ok,0.772380103761825,1.269074914507782,-0.249638827279174,0.100169121630997,15.000000000001679,0.24800387499271892,
1154,115,ok,1.1196446435265324,0.9328408998330123,0.3387854523270452,0.10463502316414267,15.000000000001679,0.2557175839901902,
1155,115,ok,1.932219445750955,0.09439682825090158,0.31960684967300634,0.09677656291158475,15.000000000001679,0.22095908399205655,
1156,115,ok,0.9386402623808375,1.067846925898614,0.11016437085420859,0.0960485427067369,15.000000000001679,0.23843029199633747,
1157,115,ok,1.353086406748874,0.9194599988921985,-0.8144176632014628,0.09643243683119478,15.000000000001679,0.21858750001410954,
1158,115,ok,2.0872225071005883,-0.08225877072370791,-0.14386175965648093,0.0869000571270125,15.000000000001679,0.24928229197394103,
1159,115,ok,1.8545426734008779,0.1559653098366266,-0.19714103819080164,0.09317395693078913,15.000000000001679,0.23948587497579865,
1160,115,ok,1.1343337140005159,0.9883138920593634,-0.5130343007227988,0.09291999926234872,15.000000000001679,0.22955429198918864,
1161,116,ok,0.9144022459120518,1.0953772425034913,0.13337591217464015,0.10088145503072783,15.000000000001679,0.24594824999803677,
1162,116,ok,1.5216247667902785,0.5822726741388441,-0.5526220773875625,0.10224600168916503,15.000000000001679,0.24563966700225137,
1163,116,ok,2.3977685203338917,-0.3097307644699754,-0.6437683378088137,0.09717721275211076,15.000000000001679,0.23922233300982043,
1164,116,ok,2.008174733129555,-0.00026526935060990563,-0.17805788668208958,0.09135417394498026,15.000000000001679,0.23960849997820333,
1165,116,ok,0.9862719020705959,1.1245499285918852,-0.4542239946166184,0.09669635407219258,15.000000000001679,0.2403257089899853,
1166,116,ok,2.0429700383511786,-0.041277052286530655,-0.0831539139729927,0.0945074367393144,15.000000000001679,0.2374041250150185,
1167,116,ok,1.8607861047326262,0.14947674324416524,-0.19516301845328893,0.09640403555013623,15.000000000001679,0.22998495801584795,
1168,116,ok,1.2860310971715474,0.785567981783939,-0.4231203800621267,0.09821929132800822,15.000000000001679,0.2131690840178635,
1169,116,ok,2.048358532194455,-0.04353921737894697,-0.14042842820477464,0.08183176802751622,15.000000000001679,0.255217875004746,
1170,116,ok,1.6200164485241517,0.860976941635357,-1.151989481723883,0.09534963690079679,15.000000000001679,0.20901520899496973,
1171,117,ok,2.0340121110130833,-0.03337405820624411,-0.05094317581157438,0.0891043255647957,15.000000000001679,0.24762387500959449,
1172,117,ok,1.0931155305210685,0.9628531674030184,-0.34529409305750636,0.09950759377072645,15.000000000001679,0.2233564160123933,
1173,117,ok,1.7308465079247723,0.31176255689354365,-0.38168569489666926,0.09064511358745833,15.000000000001679,0.27335616599884816,
1174,117,ok,2.2125217040303187,-0.21205637183202966,0.04537508834747532,0.09480658455174874,15.000000000001679,0.23981620898121037,
1175,117,ok,1.137381456919656,0.8946776266302909,0.2681399438223132,0.11306726757958882,15.000000000001679,0.23035058300592937,
1176,117,ok,1.7709868602455383,0.24399226563065318,-0.22985059494676824,0.09805179369342519,15.000000000001679,0.24430687498534098,
1177,117,ok,1.2689136699181027,0.8420316961231434,-0.5188943138266054,0.10290470493142323,15.000000000001679,0.22438620802131481,
1178,117,ok,0.9522992667432052,1.144402479885613,-0.4181229209380387,0.09880669145238392,15.000000000001679,0.22141349999583326,
1179,117,ok,1.7193475068424937,0.29019929367316055,-0.1809347781100679,0.09732190943684897,15.000000000001679,0.20931866698083468,
1180,117,ok,1.2088771710272284,0.998089192541555,-0.6764308896914462,0.09745730049527464,15.000000000001679,0.24285312500433065,
1181,118,ok,1.7599544403633332,0.2615337496815667,-0.27418010259386016,0.09753517932460963,15.000000000001679,0.2037516249984037,
1182,118,ok,1.9853039541772513,0.03190068139717091,-0.2608004267383578,0.09422993028728,15.000000000001679,0.28260358300758526,
1183,118,ok,2.022850604657362,0.058968483638185465,-0.569492073037728,0.09894941921818837,15.000000000001679,0.2153803749824874,
1184,118,ok,1.9373578658224873,0.06315049144391414,-0.0443788403443686,0.07554287852642778,15.000000000001679,0.22401362500386313,
1185,118,ok,1.5544500746328063,0.7207885246951778,-0.8831381749049223,0.08486240975471969,15.000000000001679,0.2578252079838421,
1186,118,ok,1.9944006714090645,0.006043149660789039,-0.04207275962259832,0.10062462358851633,15.000000000001679,0.24408795800991356,
1187,118,ok,2.0485283296554657,-0.04847213333200444,-0.015173541552284361,0.1036275974690624,15.000000000001679,0.19511408402468078,
1188,118,ok,2.171641219130705,-0.11505576450453843,-0.4925085762335693,0.100759137660916,15.000000000001679,0.2391227079788223,
1189,118,ok,2.124913917163242,-0.016413268987922558,-0.670325804369393,0.09686733969018846,15.000000000001679,0.2508855409978423,
1190,118,ok,1.1656155893337183,0.9897031706165138,0.5813432881142314,0.09885416305237696,15.000000000001679,0.2148982920043636,
1191,119,ok,1.9881737306983398,0.04603764614159981,-0.3672409333708526,0.0939505775250757,15.000000000001679,0.2720378329977393,
1192,119,ok,1.3778329347370277,0.6825930145012062,-0.40356217687616797,0.10541795809692373,15.000000000001679,0.2318884580163285,
1193,119,ok,0.9699260579407702,1.0317944834508375,0.057746303745709854,0.09721293330995294,15.000000000001679,0.21326808401499875,
1194,119,ok,1.5727044385285132,0.7853821626446527,-0.9990509297055404,0.09455770034087269,15.000000000001679,0.24416941701201722,
1195,119,ok,1.8190751491791328,0.30220139803151364,-0.6530806271165437,0.09983790062126834,15.000000000001679,0.20804845899692737,
1196,119,ok,1.5237445230323428,0.5832588138668139,-0.5609293921564412,0.09995044873388725,15.000000000001679,0.2629182079981547,
1197,119,ok,1.9426376063982935,0.079927037788517,-0.295229892757004,0.07859682351646703,15.000000000001679,0.28732379199936986,
1198,119,ok,1.6771459264553281,0.3856386043488471,-0.4545940418185906,0.0824140477557023,15.000000000001679,0.21859883301658556,
1199,119,ok,1.0103450402845855,1.0302173086859834,0.2834054199471202,0.10849033445980115,15.000000000001679,0.23760066699469462,
1200,119,ok,1.6546674177496563,0.5270731882063837,-0.7539302822289397,0.09076501827090457,15.000000000001679,0.24250729198683985,
1201,120,ok,1.1839148648206081,0.8187210660492173,-0.07895876992013513,0.09875075663483569,15.000000000001679,0.21377150001353584,
1202,120,ok,1.1660689841174627,0.883643653773152,-0.33684623192158936,0.10239047367292793,15.000000000001679,0.2582541249867063,
1203,120,ok,1.9586637748274958,0.044357609770289186,-0.1087502844047698,0.10316701791087826,15.000000000001679,0.2592692089965567,
1204,120,ok,1.260278758343785,0.8927556385512263,-0.6019239759076309,0.10230480405902165,15.000000000001679,0.1919159580138512,
1205,120,ok,1.7346825368429268,0.7189168646595072,-1.1695937345822203,0.09984131768288558,15.000000000001679,0.24456170899793506,
1206,120,ok,1.6614952704812171,0.4169505299616579,-0.5045006533620907,0.1012281530588007,15.000000000001679,0.21742016600910574,
1207,120,ok,2.0088556275136025,-0.0077388131537225275,-0.06697604309864738,0.09576952305614506,15.000000000001679,0.22310762500273995,
1208,120,ok,1.8025201678293166,0.2204467956000321,-0.2868263379489979,0.07681560215865692,15.000000000001679,0.27134979199036025,
1209,120,ok,1.6131128522044353,0.6345831815546142,-0.8589353793235022,0.07654122856735174,15.000000000001679,0.2254512909858022,
1210,120,ok,1.9820278563833604,0.018051583684924936,0.017745380970400924,0.10595858599365475,15.000000000001679,0.2559429579996504,
1211,121,ok,1.1095823979435948,0.8918285516158837,0.0559387058529946,0.09141174715589093,15.000000000001679,0.23746312499861233,
1212,121,ok,1.8868015897955834,0.12840192944485135,-0.239041631414668,0.10410165393485529,15.000000000001679,0.21772437501931563,
1213,121,ok,2.1117597392638783,-0.08875632219957996,-0.3108475878097303,0.08580170310728424,15.000000000001679,0.2545434159983415,
1214,121,ok,2.4267896056948,-0.33216453000452195,-0.6710561789426502,0.09644829867349093,15.000000000001679,0.27300420802203007,
1215,121,ok,0.9428306495662345,1.1514257735636377,0.410915339199472,0.09919017343422884,15.000000000001679,0.2202740419888869,
1216,121,ok,1.090556767397296,1.0367349299688247,-0.5113066279385345,0.09398271124446722,15.000000000001679,0.2093508749967441,
1217,121,ok,1.690673359433677,0.39115039046408356,-0.5195953639081898,0.10243976037416865,15.000000000001679,0.2395858749805484,
1218,121,ok,1.9417963318171065,0.08566672281535574,-0.32542448912439126,0.07558726307002622,15.000000000001679,0.27458316599950194,
1219,121,ok,1.5890156449533577,0.6508230092581022,-0.8394594496217029,0.09903436097393438,15.000000000001679,0.2415404579951428,
1220,121,ok,1.491893236006551,0.5110101115749265,-0.09302977915691817,0.08446192170237671,15.000000000001679,0.253601875010645,
1221,122,ok,1.2046558895689572,0.8455527979887197,-0.34416198227215883,0.09198179800872007,15.000000000001679,0.21167895800317638,
1222,122,ok,1.6911381196401047,0.5386094641601435,-0.8510498466350643,0.1027425210706341,15.000000000001679,0.23432029099785723,
1223,122,ok,1.3900215996640137,0.6359101361128597,-0.267243130450282,0.094797967087911,15.000000000001679,0.23409574999823235,
1224,122,ok,1.9068758582641392,0.09312434470320458,0.0008798107833693398,0.10436736266651327,15.000000000001679,0.24976729101035744,
1225,122,ok,1.943543732293566,0.057668766945823825,-0.06864124445148331,0.10018781052011168,15.000000000001679,0.24471112500759773,
1226,122,ok,0.7929137132751142,1.2178889513664861,0.13043950438849164,0.10401845961962355,15.000000000001679,0.2180889580049552,
1227,122,ok,0.937499395532022,1.1531849960422171,0.40225547316958515,0.10060601515939027,15.000000000001679,0.2432303750247229,
1228,122,ok,1.9091485692934367,0.11088730227682737,-0.27586495778959225,0.09882749997096046,15.000000000001679,0.2268622090050485,
1229,122,ok,1.6131680001359543,0.5235342133458892,-0.6498921275892573,0.09493300374796912,15.000000000001679,0.21897916699526832,
1230,122,ok,2.229529875580528,-0.16700342801517415,-0.5243086963579829,0.10282808222285234,15.000000000001679,0.2354724999750033,
1231,123,ok,1.9632088313776517,0.03936251673133529,-0.10044687551697105,0.10280769012990594,15.000000000001679,0.2503695829946082,
1232,123,ok,1.7411313439600495,0.2643308452060181,0.1378076268458037,0.09649331578766998,15.000000000001679,0.2341673750197515,
1233,123,ok,1.2426851782838277,1.0805985340459354,-0.8360427003017404,0.10068889133394487,15.000000000001679,0.21743074999540113,
1234,123,ok,1.9819359108631414,0.41926991722446505,-1.1955594339794908,0.1048881382614923,15.000000000001679,0.26772754098055884,
1235,123,ok,0.6979626459017381,1.331070441783514,0.19921119752275906,0.1005354670171574,15.000000000001679,0.21841245802352205,
1236,123,ok,1.131257433216457,0.908000629043034,-0.2954331634009242,0.10430966238651646,15.000000000001679,0.22053562497603707,
1237,123,ok,1.2792411436213367,0.7719966711159924,-0.3584211597875054,0.10283602178729642,15.000000000001679,0.2103750419919379,
1238,123,ok,0.80574975839522,1.2416772307020185,0.2723586802695956,0.09949645867928165,15.000000000001679,0.21566320798592642,
1239,123,ok,1.3355550443075452,1.1593673773818651,-1.0378073376910983,0.1010285000647856,15.000000000001679,0.22937983300653286,
1240,123,ok,2.064915648549066,-0.06491337587446086,-0.0030636183749915345,0.1029649971792059,15.000000000001679,0.2803833750076592,
1241,124,ok,2.0628446923172405,0.07469602436540032,-0.7406300196636745,0.10046300097854029,15.000000000001679,0.2336863340169657,
1242,124,ok,2.4294831163672095,-0.31312654842403886,-0.7428551566013525,0.09834750789384969,15.000000000001679,0.2336662079906091,
1243,124,ok,1.347897889610003,0.6535971843748744,0.06346793593487757,0.08689950220566983,15.000000000001679,0.21592645801138133,
1244,124,ok,2.242285850513184,-0.10780843122596256,-0.7648460319988473,0.0913060602162055,15.000000000001679,0.2251239170145709,
1245,124,ok,1.5606110673900995,0.5642055980249872,-0.6115564887381056,0.099706818067375,15.000000000001679,0.2336115000071004,
1246,124,ok,0.9798244940148924,1.0250128243839842,0.09724220511611381,0.10026749666057895,15.000000000001679,0.21232337498804554,
1247,124,ok,2.2730232622943216,-0.23536956836442668,-0.41201655763010014,0.09436043979142754,15.000000000001679,0.28564808299415745,
1248,124,ok,1.7720393396212761,0.2680220260798077,-0.37466747793305244,0.07592687689253919,15.000000000001679,0.21525275000021793,
1249,124,ok,1.109840091614738,0.9918732500061539,0.46413951017151645,0.10268454155306574,15.000000000001679,0.23968224998679943,
1250,124,ok,0.930245055204748,1.1407053827013822,0.35632656849371563,0.09695172443463461,15.000000000001679,0.22976962497341447,
1251,125,ok,2.443700446304325,-0.3381128950103387,-0.7105631298162955,0.0954898645000766,15.000000000001679,0.19642958301119506,
1252,125,ok,2.346634150528366,-0.3194495280384031,-0.35615407242991903,0.10130737565057173,15.000000000001679,0.25754883300396614,
1253,125,ok,1.5733498507865302,0.7367959480959914,-0.9379473739092674,0.09401275343391295,15.000000000001679,0.2296766669896897,
1254,125,ok,1.9506712467530773,0.049367238478215926,-0.012253268425381462,0.10242896146302997,15.000000000001679,0.24056750000454485,
1255,125,ok,1.7766124230913267,0.23255550340193834,-0.18025441278276555,0.10289520396311316,15.000000000001679,0.23496862497995608,
1256,125,ok,0.9309728390641883,1.077011909641666,-0.12166927357353108,0.10107680359212635,15.000000000001679,0.24668700000620447,
1257,125,ok,1.9436682370168124,0.06172710855066917,-0.14472184997675508,0.07553121705617585,15.000000000001679,0.1984098749817349,
1258,125,ok,1.3926993126700329,0.7584550710944027,-0.6310131258701178,0.09335274874854092,15.000000000001679,0.23397704199305736,
1259,125,ok,1.8429359112382377,0.16949386459798949,-0.21368214990286516,0.0976456648999843,15.000000000001679,0.23274370899889618,
1260,125,ok,1.5281722424625928,0.520096585641,-0.38104630532485617,0.10557452796062358,15.000000000001679,0.22393379200366326,
1261,126,ok,1.2099401060345292,0.9486919229600322,-0.5989210192849911,0.1023437887325473,15.000000000001679,0.2681132089928724,
1262,126,ok,0.9636530163088697,1.053725283034802,-0.18218478496739846,0.10949113643521664,15.000000000001679,0.23023570800432935,
1263,126,ok,1.7402941618238132,0.3928881735506552,-0.6676940519165198,0.09581921168394376,15.000000000001679,0.21241958299651742,
1264,126,ok,2.0054012144123674,-0.005002843775267497,0.03997032924169102,0.09365358626205733,15.000000000001679,0.24012500001117587,
1265,126,ok,2.1179076976337794,-0.10997690123339642,0.18311333091266327,0.09161590380949304,15.000000000001679,0.26992354201502167,
1266,126,ok,1.880267319889697,0.13043278231426794,0.2003087936162929,0.0949165159620621,15.000000000001679,0.25816912497975864,
1267,126,ok,1.689593975197112,0.3112433089225096,0.053184954295219376,0.08311784796453237,15.000000000001679,0.24508137500379235,
1268,126,ok,2.1592906856986867,-0.025956598181865374,-0.7470181574958331,0.09414767965782565,15.000000000001679,0.23269479200826026,
1269,126,ok,1.655557227832264,0.3659855345454336,-0.26620755307255506,0.10034481276665769,15.000000000001679,0.20332883301307447,
1270,126,ok,1.1570095052698472,0.8440466566441271,-0.04942533023821139,0.09339947279044973,15.000000000001679,0.2507114170002751,
1271,127,ok,1.9191783962351978,0.08082162219407024,-0.0002659663618157194,0.1018188852330321,15.000000000001679,0.2825752909993753,
1272,127,ok,1.1538058561156028,1.081890573152968,-0.6988154505599268,0.1033130575995457,15.000000000001679,0.19696916700922884,
1273,127,ok,1.0282444094068017,0.9726132319931113,0.04198802687316631,0.09299655787255245,15.000000000001679,0.24305225000716746,
1274,127,ok,1.7671063094782629,0.247505589997082,-0.22677753836394587,0.07885354309283447,15.000000000001679,0.23117058299249038,
1275,127,ok,1.913334804687462,0.08880437674642186,-0.09045089543379896,0.09171366249680943,15.000000000001679,0.2766439159750007,
1276,127,ok,0.9453134884352193,1.0916504558975075,0.2617607631910435,0.09688968121752019,15.000000000001679,0.2406638329848647,
1277,127,ok,1.3658222966798914,0.6755312789457006,-0.3335463282015286,0.08934480178372553,15.000000000001679,0.22145212499890476,
1278,127,ok,1.7851810793879177,0.25304848935085617,-0.3674668769362558,0.0974326738889392,15.000000000001679,0.23474904100294225,
1279,127,ok,2.026554865310764,-0.026133186943921187,0.04133921720593119,0.09470442312554612,15.000000000001679,0.2367006659915205,
1280,127,ok,1.1360475277629936,0.936493873093882,-0.39944799832964256,0.10181744113284093,15.000000000001679,0.21006870901328512,
1281,128,ok,2.1233784525385158,-0.0832692125664795,0.4107620243857772,0.09857177600242295,15.000000000001679,0.19748912498471327,
1282,128,ok,1.309946093841888,0.8585152740663495,-0.6426285001708216,0.09351419694966225,15.000000000001679,0.26545516701298766,
1283,128,ok,1.8362908607508164,0.17576399911568324,-0.21006460519223405,0.09927095215106885,15.000000000001679,0.2581310000095982,
1284,128,ok,2.025289957321782,-0.02486781829196728,-0.041348877542125795,0.08803406377514722,15.000000000001679,0.2504361669998616,
1285,128,ok,1.7599379640582407,0.3026228541769341,-0.4650725343115924,0.09229577370573806,15.000000000001679,0.2752859169850126,
1286,128,ok,1.9888320364495637,0.01156681787833139,0.03982900256865691,0.08952427766329771,15.000000000001679,0.2690033749968279,
1287,128,ok,1.7926816312756655,0.21378853332504294,-0.1521710466287173,0.09582254178309177,15.000000000001679,0.24248041698592715,
1288,128,ok,1.6545612421315188,0.437157021544155,-0.5432262223558956,0.08537105777816008,15.000000000001679,0.20812808300252073,
1289,128,ok,1.563214139629156,0.452046455246476,-0.21789508856677353,0.10752446936407233,15.000000000001679,0.2171129999915138,
1290,128,ok,1.3834070008367871,0.6188058205116632,0.07821488676571994,0.08641488392348406,15.000000000001679,0.23771341700921766,
1291,129,ok,1.589751701461392,0.43938628365941584,-0.3029773929999089,0.09608753369660387,15.000000000001679,0.24662395799532533,
1292,129,ok,1.5502677637893922,0.4868286828543231,-0.3371093359908328,0.09880763877351281,15.000000000001679,0.21130408300086856,
1293,129,ok,1.7220552890304555,0.29697714957344484,-0.2553186037146065,0.10264000434115496,15.000000000001679,0.225177165993955,
1294,129,ok,2.140376421269184,-0.07110285606504099,-0.5401334875049958,0.09956751831492093,15.000000000001679,0.2813558339839801,
1295,129,ok,1.5797125563611423,0.612362846170192,-0.7549535681326135,0.0978762021538591,15.000000000001679,0.1977236249949783,
1296,129,ok,1.7588695641003482,0.2838043602667572,-0.38509046947328496,0.09843598566639927,15.000000000001679,0.22624870901927352,
1297,129,ok,1.197195017660261,0.8146686804267141,-0.16812368408170786,0.1072497007888708,15.000000000001679,0.2673731669783592,
1298,129,ok,1.6336361939423878,0.4105389753680659,-0.3773338910495234,0.0995941396807919,15.000000000001679,0.22971266700187698,
1299,129,ok,2.0369311758496362,-0.02258156545119285,-0.241355394066892,0.07812095836948824,15.000000000001679,0.26226195800700225,
1300,129,ok,2.0047969472490546,0.015645989179943597,-0.28556953521250117,0.0969386520914587,15.000000000001679,0.23338862499804236,
1301,130,ok,2.251757109231936,-0.2311631370191661,-0.30384393195086046,0.0919350047926384,15.000000000001679,0.2502973749942612,
1302,130,ok,1.9906657235887726,0.009700115420014558,-0.038162711016230595,0.07830182559500819,15.000000000001679,0.272018791991286,
1303,130,ok,1.3220885666535802,0.7895428994805219,-0.5317064847057038,0.09474758271553566,15.000000000001679,0.2327355410088785,
1304,130,ok,1.3067356341915266,0.7013255448597945,-0.14492300449625412,0.08536617498648968,15.000000000001679,0.26464254199527204,
1305,130,ok,1.560180629763899,0.446200820479261,-0.14096704299642113,0.0906760395380648,15.000000000001679,0.2556402079935651,
1306,130,ok,2.230779640821048,-0.2305350923224151,0.03303040750457302,0.09644449417395728,15.000000000001679,0.23388679200434126,
1307,130,ok,1.7193649984487955,0.5918377113580322,-0.9865571279644387,0.1015853748990569,15.000000000001679,0.22264183301012963,
1308,130,ok,1.2744248168153576,0.9746961974374132,-0.75690866434832,0.1003991211515997,15.000000000001679,0.2145842919999268,
1309,130,ok,1.9084431939577233,0.10036921638752258,-0.18318927511020103,0.0902770572150181,15.000000000001679,0.24176420900039375,
1310,130,ok,1.6013846574588813,0.5146312646968085,-0.5984250507193828,0.10067243146318472,15.000000000001679,0.2038647500157822,
1311,131,ok,1.5892602492937615,0.4505451668121547,-0.35346550029118157,0.10049825025620521,15.000000000001679,0.23531499999808148,
1312,131,ok,1.909435258644398,0.13200348071063345,-0.39564126538723166,0.07566922828671244,15.000000000001679,0.23862004198599607,
1313,131,ok,0.8357881030957813,1.1782791477636883,-0.15269772190990238,0.09899562773636342,15.000000000001679,0.21123245899798349,
1314,131,ok,1.829351137866929,0.1732444955785741,-0.09741618284992304,0.10812012897738109,15.000000000001679,0.24126375000923872,
1315,131,ok,1.7952867767061378,0.20949646738706648,-0.13096453839310726,0.09090221468249056,15.000000000001679,0.22035637497901917,
1316,131,ok,2.013307250478407,-0.013298535782380858,-0.005923735767667205,0.09934757817696954,15.000000000001679,0.23136037497897632,
1317,131,ok,0.7769011945666273,1.3249391440910139,-0.3845364832346595,0.09830831778012064,15.000000000001679,0.22734391698031686,
1318,131,ok,1.5562450749986672,0.6737092194152852,-0.8141569251646731,0.09926256147670123,15.000000000001679,0.21856729200226255,
1319,131,ok,1.9948459722655703,0.0051613563485830875,0.005407296842577223,0.10659035355319611,15.000000000001679,0.22296700000879355,
1320,131,ok,1.2861483612458375,0.7363756369395597,0.2396478170471191,0.09436583185905234,15.000000000001679,0.22416616600821726,
1321,132,ok,0.8432645851708046,1.1567707697100549,0.007721773625008926,0.09451165377377009,15.000000000001679,0.24513500000466593,
1322,132,ok,1.5107040118853479,0.7068840628843696,-0.7810747625573691,0.0868667523382412,15.000000000001679,0.2192858329799492,
1323,132,ok,1.0244410156059547,1.027492877263931,0.3220392688529962,0.09613139204152471,15.000000000001679,0.22293625000747852,
1324,132,ok,1.3543434465069693,0.6802737064951415,-0.30425101697168494,0.1041872885034002,15.000000000001679,0.2285531249945052,
1325,132,ok,1.977981036432443,0.031583568813257926,-0.1942826135309372,0.10068281233646693,15.000000000001679,0.24264237500028685,
1326,132,ok,1.4346070990885194,0.7337173623032649,-0.6742594531951154,0.0991803898008523,15.000000000001679,0.20332387500093319,
1327,132,ok,1.4625635397232746,0.8651183044670335,-0.922570130056298,0.09684052459007919,15.000000000001679,0.24525970799732022,
1328,132,ok,0.9532358176699068,1.163435367552435,0.4569662348868746,0.09634886123090458,15.000000000001679,0.1961334160005208,
1329,132,ok,2.1643064785605346,-0.15478400929096203,0.20280139655107937,0.07795321209986696,15.000000000001679,0.2814282499894034,
1330,132,ok,1.9743614957851807,0.026363170829184563,-0.053488153638590205,0.08901406471115797,15.000000000001679,0.25072241699672304,
1331,133,ok,1.3622415394304612,1.0485243197759768,-0.9748825784124493,0.09936598757030338,15.000000000001679,0.23410720899119042,
1332,133,ok,1.0321551826593547,1.0030823038544354,0.26739376993936387,0.10499558575164646,15.000000000001679,0.2626593330060132,
1333,133,ok,2.243532269368124,-0.18136762121049405,-0.5244733976385791,0.09004767549048191,15.000000000001679,0.22675762500148267,
1334,133,ok,1.8837028618512601,0.35955755777975157,-0.9258968978828552,0.10619203202644477,15.000000000001679,0.23721766701783054,
1335,133,ok,2.1414141210199205,-0.14057592405787536,0.05990952384464668,0.07435438479573671,15.000000000001679,0.21141408398398198,
1336,133,ok,1.0982280658281924,0.9325251370242904,-0.2580742170146459,0.08987371174774021,15.000000000001679,0.2159727499820292,
1337,133,ok,1.554792241589293,0.569544748092489,-0.6092427158337449,0.10122719354415077,15.000000000001679,0.25565062498208135,
1338,133,ok,1.3087109218275645,0.8988196395767413,-0.7071959351755752,0.09926350896018107,15.000000000001679,0.21921695800847374,
1339,133,ok,1.1817125129618258,0.8442407975747698,-0.24630292182584632,0.08779031304288948,15.000000000001679,0.2256203330180142,
1340,133,ok,1.037783857515061,1.2457120589498083,-0.7127727806988027,0.0963920186008924,15.000000000001679,0.24163620799663477,
1341,134,ok,1.5192958884245817,0.5652136558366228,-0.4996480192957134,0.09447342311447693,15.000000000001679,0.2052568750223145,
1342,134,ok,1.1838968432239674,0.8236334012146934,-0.13331676810500917,0.10642215824145272,15.000000000001679,0.23233129101572558,
1343,134,ok,2.5109668533175378,-0.44041017815724687,-0.5910606574674827,0.09173493552041993,15.000000000001679,0.18985287501709536,
1344,134,ok,1.2625631173084602,0.748719563006333,-0.16841286525854923,0.09522186104854403,15.000000000001679,0.24033658299595118,
1345,134,ok,1.165687785460216,0.8356056715335353,0.054898643027609426,0.10568688014920835,15.000000000001679,0.20815120902261697,
1346,134,ok,1.8569651135789271,0.144589355181992,-0.07596559843259447,0.09502039184813699,15.000000000001679,0.26177112499135546,
1347,134,ok,1.8623734952618165,0.13773056967823824,-0.019687679974450364,0.09871194190932181,15.000000000001679,0.22615020800731145,
1348,134,ok,1.4483428225194956,0.6436380026818258,-0.5079163944733351,0.09540712990514746,15.000000000001679,0.21145112501108088,
1349,134,ok,1.2500196993429395,0.7839517502264225,-0.2894406726222693,0.09798203081438876,15.000000000001679,0.23806750000221655,
1350,134,ok,1.9534732212002404,0.0627322134127811,-0.2510998785302387,0.09228556715019097,15.000000000001679,0.23513591699884273,
1351,135,ok,2.0302229714548945,-0.005055581538570848,-0.3186807630908485,0.10255736090869971,15.000000000001679,0.19475291698472574,
1352,135,ok,2.2052668191940707,-0.20061156339059943,-0.14321484179343025,0.07160157028629495,15.000000000001679,0.24340095900697634,
1353,135,ok,1.3059966546960524,0.7929384171116455,-0.4986277140235393,0.09074702554301707,15.000000000001679,0.2356614169839304,
1354,135,ok,1.6774512138190916,0.3704039088669195,-0.3978179916832926,0.10059733299805615,15.000000000001679,0.23060066701145843,
1355,135,ok,1.8947103666905296,0.3436010523512014,-0.9199292906916889,0.10446124899942223,15.000000000001679,0.2573535839910619,
1356,135,ok,0.8502932121627947,1.2447992873495703,0.3907306364522835,0.10111796087214316,15.000000000001679,0.24594120800611563,
1357,135,ok,1.5384612455700322,0.6126182963004176,-0.6648571368049975,0.09018865226455335,15.000000000001679,0.2511836669873446,
1358,135,ok,1.645725232737656,0.4142155454192671,-0.44011271883404945,0.08985104636296583,15.000000000001679,0.22606204097974114,
1359,135,ok,1.657403161926754,0.4401998041204937,-0.5603646938370184,0.09535144180077149,15.000000000001679,0.2233343340049032,
1360,135,ok,1.4183561840272922,0.6189529801037795,-0.3231770313686149,0.09717082379990898,15.000000000001679,0.2278459999943152,
1361,136,ok,1.492452337973348,0.831390764340743,-0.9283137591644325,0.09094099132772902,15.000000000001679,0.25385116701363586,
1362,136,ok,1.3452438362280108,0.8885682488956881,-0.7578921041590669,0.09331695727242534,15.000000000001679,0.2589434999972582,
1363,136,ok,1.1471549637750433,1.1648409442309688,-0.7864310920104197,0.0991048624073557,15.000000000001679,0.2516681660199538,
1364,136,ok,1.569921631561124,0.4489662483931456,-0.2427925670606657,0.09121161041205367,15.000000000001679,0.24894216598477215,
1365,136,ok,1.6894928993744123,0.37770434756028015,-0.4717447118005051,0.09898725614506695,15.000000000001679,0.2032658339885529,
1366,136,ok,2.222052783616099,-0.2075752137164691,-0.25323950908327547,0.1015368160906,15.000000000001679,0.2300034170038998,
1367,136,ok,1.0761891461883095,1.1022471566839456,-0.5934837071828194,0.09112895224330404,15.000000000001679,0.24755629198625684,
1368,136,ok,0.7565779388915094,1.2526160054539948,0.11758972027257039,0.09648990870722163,15.000000000001679,0.22490045800805092,
1369,136,ok,1.8731530059701058,0.1309156003410595,-0.12339242572549088,0.10064851448595453,15.000000000001679,0.21833895798772573,
1370,136,ok,1.9443348874080175,0.05623344384333893,-0.04700776062334226,0.07257743194071865,15.000000000001679,0.25248058297438547,
1371,137,ok,1.771283956596035,0.2341003577244178,-0.1380047401558184,0.0941609442976176,15.000000000001679,0.22004441599710844,
1372,137,ok,1.2333151745777482,0.7940200482889067,-0.25822214450865916,0.0981859745767557,15.000000000001679,0.20892645898857154,
1373,137,ok,1.8042046637294036,0.22110909630855724,0.301167098778689,0.07498531494868194,15.000000000001679,0.24589712501619942,
1374,137,ok,1.5140666005795564,0.7411321277704842,-0.8412189674863886,0.09617510085082404,15.000000000001679,0.23712345800595358,
1375,137,ok,1.3761017690386819,0.8258111977534949,-0.7175909248522497,0.10426582692522186,15.000000000001679,0.22127287500188686,
1376,137,ok,1.7963658394696638,0.3205302940204902,-0.6374258669921145,0.09916206946677772,15.000000000001679,0.21773850001045503,
1377,137,ok,1.564372295202456,0.5303577456246114,-0.5361084984883426,0.0952517594902956,15.000000000001679,0.24700679199304432,
1378,137,ok,0.882951764744545,1.1204384287625873,0.07729981415165298,0.09152408474482684,15.000000000001679,0.243203457997879,
1379,137,ok,1.8810253817638976,0.13512516518110368,-0.24596409758176152,0.08586894442027528,15.000000000001679,0.22318420797819272,
1380,137,ok,2.1911668083641054,-0.11443287526824752,-0.5747917867031429,0.09632330984944683,15.000000000001679,0.22565520901116543,
1381,138,ok,1.9639607534213843,0.03835854012140194,0.09541815270091072,0.0842146237837609,15.000000000001679,0.2636837500031106,
1382,138,ok,1.438879445119435,0.5740101036259933,0.1921636620864175,0.10274213349522854,15.000000000001679,0.2760435829986818,
1383,138,ok,1.7777764070014526,0.23269876229193268,-0.19270518541681242,0.09830222791861823,15.000000000001679,0.2324030000017956,
1384,138,ok,1.9510287402764455,0.05299895495892028,-0.12529994410867476,0.09654764889896887,15.000000000001679,0.22619662500801496,
1385,138,ok,1.7592401578912977,0.2614044583121521,-0.268721929809489,0.07705253639332892,15.000000000001679,0.2191082499921322,
1386,138,ok,1.031294411119494,0.9858386591802227,-0.18720293051374814,0.10588970308444612,15.000000000001679,0.24833899998338893,
1387,138,ok,1.5847627634802701,0.6444989334389261,-0.8210297650301199,0.10501025398181754,15.000000000001679,0.24067175001255237,
1388,138,ok,2.492429345705035,-0.47491440782764105,-0.2949622302241189,0.09827006492637119,15.000000000001679,0.22633849998237565,
1389,138,ok,2.426280674882483,-0.4165286167456503,-0.21731856284623452,0.09483520171038057,15.000000000001679,0.22506749999593012,
1390,138,ok,1.1998955418220143,0.8117249355295659,0.16658836226498847,0.09421853172484297,15.000000000001679,0.24552116601262242,
1391,139,ok,2.091057584326239,-0.07978256361326283,-0.21685550271673895,0.08400255117629456,15.000000000001679,0.22245179198216647,
1392,139,ok,1.5521474578059438,0.48542165430074746,-0.33943212209861623,0.10131801818300246,15.000000000001679,0.22884649998741224,
1393,139,ok,1.54201225665829,0.5678240763632584,-0.5715539549680654,0.10335932751567978,15.000000000001679,0.25936724999337457,
1394,139,ok,1.8126465020394313,0.34436615915017,-0.7379457475916678,0.09489427020496062,15.000000000001679,0.26635274998261593,
1395,139,ok,2.495191911014712,-0.30443820714070574,-0.9568423183907462,0.09629976199061101,15.000000000001679,0.22877641598461196,
1396,139,ok,1.6317418179004415,0.3952295815212628,-0.29545433532208754,0.09215663297000525,15.000000000001679,0.2550771250098478,
1397,139,ok,1.5920519451326869,0.42504628538645295,-0.23270193988396862,0.0853311909360923,15.000000000001679,0.24639029099489562,
1398,139,ok,1.272037161841551,0.8323770382106646,-0.5047129483262822,0.10125041253477142,15.000000000001679,0.20642125001177192,
1399,139,ok,2.098282054306287,0.2638948674294669,-1.1784424245953053,0.09509958910485704,15.000000000001679,0.25597016600659117,
1400,139,ok,0.9375799577840751,1.0847544844581718,0.20342522832471183,0.08978583351091378,15.000000000001679,0.20687366698984988,
1401,140,ok,1.478145408959416,0.5451409285929849,-0.2613406443179422,0.10493044178269384,15.000000000001679,0.2205575419939123,
1402,140,ok,2.198675538312824,-0.18284574002484325,-0.2633602058599214,0.08838180343442081,15.000000000001679,0.2350649999862071,
1403,140,ok,2.0822676382081786,-0.08196050860028714,0.03576251889757982,0.1017510624640712,15.000000000001679,0.24503099999856204,
1404,140,ok,1.6601134620559281,0.3944037600520147,-0.4219448081967725,0.09350470365430665,15.000000000001679,0.2542634590063244,
1405,140,ok,1.1300251979066098,0.9271485171953436,0.35488962192169426,0.09553174109901223,15.000000000001679,0.24670370799140073,
1406,140,ok,1.015688850457773,1.0299059537738706,0.3009009511797005,0.10104489417365418,15.000000000001679,0.24626300000818446,
1407,140,ok,1.1013594389748989,0.8988144901207736,0.019572599498582317,0.09060251914364265,15.000000000001679,0.23182662500767037,
1408,140,ok,1.4983264342232354,0.6361541357676539,-0.6204083833318503,0.0945141663942165,15.000000000001679,0.2290531249891501,
1409,140,ok,1.471286509671208,0.6101424828393044,-0.48268009647425036,0.09893743432898192,15.000000000001679,0.24627720899297856,
1410,140,ok,2.0699702460283085,0.038934184478335535,-0.6625690051872664,0.09383112787574145,15.000000000001679,0.24173345800954849,
1411,141,ok,1.6952888610600727,0.6297305268541906,-0.9981812928516864,0.09958570681133033,15.000000000001679,0.23111933399923146,
1412,141,ok,1.6690187440957918,0.36900322818429776,-0.35422182099618427,0.07530766068376138,15.000000000001679,0.22899416700238362,
1413,141,ok,1.5942388011861104,0.45387564112483203,-0.38871174679983217,0.09372291332221838,15.000000000001679,0.24337170799844898,
1414,141,ok,1.1968364202582547,0.8157149757848458,-0.17287682978440116,0.10329977650050633,15.000000000001679,0.1944899579975754,
1415,141,ok,1.3490738101858653,0.6512914070658747,-0.0313891171436874,0.08975488034439996,15.000000000001679,0.2553006660018582,
1416,141,ok,1.8185758564380574,0.19698513788135497,-0.23739324463576664,0.10211033573520906,15.000000000001679,0.23500312500982545,
1417,141,ok,1.6886233267476003,0.3439635961409078,-0.33013962005427167,0.0844051147144741,15.000000000001679,0.2386864589934703,
1418,141,ok,1.820788680946552,0.4832546558635811,-1.007350476102325,0.10407853439924815,15.000000000001679,0.21213279198855162,
1419,141,ok,1.4695987010279552,0.5696055661093377,-0.3371825997255273,0.0844105134671517,15.000000000001679,0.19178237501182593,
1420,141,ok,1.5285403225070486,0.5150985648481303,-0.3626337620987194,0.09294411495299876,15.000000000001679,0.26852362501085736,
1421,142,ok,0.9986831354881988,1.0571369236800539,0.32920696289876283,0.09801615205305607,15.000000000001679,0.26357608300168067,
1422,142,ok,2.1629836516776764,0.029373212048433094,-0.8916996916185326,0.10176866977536879,15.000000000001679,0.2112638329854235,
1423,142,ok,2.1706843452845037,-0.1237766384277256,-0.4488243720341431,0.09681311997969416,15.000000000001679,0.22425099997781217,
1424,142,ok,2.1269803907638516,0.05042779463490029,-0.8504197779695672,0.09845192430100408,15.000000000001679,0.2712880839826539,
1425,142,ok,1.4369196071708363,0.9706915507128785,-1.002627584748261,0.09273666776583517,15.000000000001679,0.18289391600410454,
1426,142,ok,0.9982395190633419,1.001895081982168,-0.016392377753967614,0.0965050123490474,15.000000000001679,0.22598354201181792,
1427,142,ok,1.1973746791543518,0.8032095693690985,-0.03740036671328714,0.09820495888166894,15.000000000001679,0.2612979580007959,
1428,142,ok,1.0078631778435077,0.9964235411050768,0.09285729053090289,0.09778847942441804,15.000000000001679,0.21292391698807478,
1429,142,ok,0.8756229210277785,1.1306114642713996,-0.10430279849025738,0.10001726054362015,15.000000000001679,0.21204804099397734,
1430,142,ok,1.6891553659933658,0.6496353126296386,-1.0147714331647928,0.10464749740430081,15.000000000001679,0.22444849999737926,
1431,143,ok,1.1644131061547036,0.8355909487834768,0.003072983872656299,0.09900822389195887,15.000000000001679,0.22681879199808463,
1432,143,ok,2.1685868414298803,-0.10142328556572325,-0.535526902876956,0.09031788390035086,15.000000000001679,0.21992458298336715,
1433,143,ok,1.7007040667764246,0.8558311481634112,-1.2582813521771716,0.09949413952690155,15.000000000001679,0.2363354170229286,
1434,143,ok,1.2396014067333792,0.7803775117923825,-0.22165882304485873,0.08847321613878029,15.000000000001679,0.26378812501206994,
1435,143,ok,1.1599160027285038,0.8555627073856114,-0.18886083940065207,0.09978290023702328,15.000000000001679,0.23857741698157042,
1436,143,ok,1.9463100085777607,0.06341131802004962,-0.19428568222368345,0.1008446351949145,15.000000000001679,0.22322000001440756,
1437,143,ok,1.118905880823425,0.8936387036107469,-0.1670779817723915,0.08936767095663382,15.000000000001679,0.22549504198832437,
1438,143,ok,1.6754261208382488,0.3618948423203946,-0.35165917984687656,0.10086883305727701,15.000000000001679,0.24519870898802765,
1439,143,ok,1.1168173616703823,0.9120435965600898,0.25225360957276527,0.09403625152313123,15.000000000001679,0.26254408300155774,
1440,143,ok,1.1128885530896757,0.8891736265410163,0.06771779401305694,0.08978877657134282,15.000000000001679,0.24317754097864963,
1441,144,ok,2.070938185407118,-0.015050751648322846,-0.4778654999671519,0.07573530771062278,15.000000000001679,0.23682591601391323,
1442,144,ok,2.1185013040597225,-0.11838584521139311,-0.022117552096829047,0.09783546903607633,15.000000000001679,0.2197882500186097,
1443,144,ok,2.2151680997624523,-0.21190620010605837,0.12016934774546612,0.098952623849234,15.000000000001679,0.25902475000475533,
1444,144,ok,2.1073075122885188,-0.03792105461053274,-0.5363046956001033,0.09593073563599841,15.000000000001679,0.22168512499774806,
1445,144,ok,1.5889617080187706,0.45112484625842203,-0.3546619061471531,0.10055773928237834,15.000000000001679,0.2524826249864418,
1446,144,ok,1.0537475642829197,0.9644101059624384,-0.19477551334666815,0.0990925398828045,15.000000000001679,0.20859691698569804,
1447,144,ok,1.980849465747115,0.019866885026949156,-0.05326774763169076,0.07673245879964191,15.000000000001679,0.25656183299724944,
1448,144,ok,1.9978311443834311,0.0742959482518383,-0.5319710392014997,0.07522264698460841,15.000000000001679,0.24577741700340994,
1449,144,ok,1.9593589450104705,0.0406423557175589,-0.002257694511429603,0.10225839181774606,15.000000000001679,0.2477424999815412,
1450,144,ok,1.9677827586881482,0.03291876639496941,-0.052539564037504045,0.07558826955039503,15.000000000001679,0.28419733300688677,
1451,145,ok,1.1354496264932037,0.9265824249607585,0.3701628883348923,0.09372775261535508,15.000000000001679,0.2242398330126889,
1452,145,ok,0.8137302632145448,1.2028205135822578,0.1632844380397503,0.09311256035190625,15.000000000001679,0.24069400000735186,
1453,145,ok,1.0162488013741413,0.9865977668492709,0.07601013182131794,0.09861231359572467,15.000000000001679,0.2150470420019701,
1454,145,ok,1.768841901235548,0.25499594384723573,-0.2894175453855356,0.07596983703245712,15.000000000001679,0.2418137079803273,
1455,145,ok,1.4114045811925195,0.8002176372494577,-0.7433607292855585,0.09905282640155084,15.000000000001679,0.19753808301175013,
1456,145,ok,1.3226358718716495,0.6838524307299301,0.1308481007357962,0.09666082386581232,15.000000000001679,0.2600740420166403,
1457,145,ok,1.4822029724547838,0.90495994471919,-0.9989058658774596,0.10290224410868908,15.000000000001679,0.2168846660060808,
1458,145,ok,1.7288432112662768,0.3069496263090195,-0.3499704005859977,0.09094699099072147,15.000000000001679,0.22554933300125413,
1459,145,ok,0.9632993591990128,1.1078556949664948,-0.36335133745386516,0.08980878992315575,15.000000000001679,0.2827303340018261,
1460,145,ok,1.7712210317106152,0.2584668400741503,-0.3229337332220055,0.09897305113417229,15.000000000001679,0.21533137498772703,
1461,146,ok,2.0207084337846557,-0.01766510888281401,-0.11086064570143839,0.09200505138823001,15.000000000001679,0.24074458400718868,
1462,146,ok,1.4466169566381049,0.7592691594991086,-0.7438330462293564,0.09273445955290403,15.000000000001679,0.24920041699078865,
1463,146,ok,1.9283759597086643,0.07316329170984642,0.0770333795693612,0.08050365440310482,15.000000000001679,0.2227466249896679,
1464,146,ok,1.89783739573657,0.17452146263607782,-0.5190519148214765,0.09603251848783571,15.000000000001679,0.23507145800977014,
1465,146,ok,2.3846623981448447,-0.32613418956646184,-0.5250852171370861,0.09811780134685757,15.000000000001679,0.2241790420084726,
1466,146,ok,2.0619972186385587,-0.06140773300116479,-0.04930200803365569,0.08894363513370163,15.000000000001679,0.2355918749817647,
1467,146,ok,2.030139746557841,-0.0020480794787464986,-0.3365573918507753,0.07892725695625667,15.000000000001679,0.22562345798360184,
1468,146,ok,1.813961801867569,0.2624074119925764,-0.5207969054596058,0.07496937332138834,15.000000000001679,0.23618383400025778,
1469,146,ok,1.4446448480369263,0.9165261484250206,-0.9555538445911423,0.09160192408787664,15.000000000001679,0.23411058401688933,
1470,146,ok,1.996277407575194,0.2896349110180082,-1.029453617404281,0.10017267741853705,15.000000000001679,0.23166545800631866,
1471,147,ok,0.5886091954281673,1.4877620137942131,0.2899534970136323,0.10346758278504545,15.000000000001679,0.23860220800270326,
1472,147,ok,1.542028562734316,0.4579733263855899,-0.002413741936881531,0.08469843044669,15.000000000001679,0.24094691599020734,
1473,147,ok,2.3877772153045647,-0.2698891757757704,-0.7410014572344753,0.09812324124566409,15.000000000001679,0.20349716700729914,
1474,147,ok,0.936284149444847,1.0719011171781145,-0.12353328380007,0.09423344410201898,15.000000000001679,0.23067354198428802,
1475,147,ok,1.698869114616799,0.3267415552020364,-0.293874880708043,0.08902349661104952,15.000000000001679,0.24744591701892205,
1476,147,ok,1.6366182054973242,0.5126345082400274,-0.6828345659725321,0.08914143233121394,15.000000000001679,0.23253145802300423,
1477,147,ok,1.8957647087573273,0.10558428898568241,-0.0715048587990428,0.09186812915104862,15.000000000001679,0.22105837499839254,
1478,147,ok,1.2802359743234957,0.8836791056722194,-0.6267629622427079,0.1018402698193725,15.000000000001679,0.21257729100761935,
1479,147,ok,1.2073583305274471,1.0354440170168049,-0.7261858536114197,0.09407028502602353,15.000000000001679,0.2029242079879623,
1480,147,ok,2.266333581117025,0.20282817115117013,-1.3807394100592885,0.09987519840603364,15.000000000001679,0.23647083298419602,
1481,148,ok,1.939396339666251,0.07088656371377709,-0.19944801891924868,0.10510279493987291,15.000000000001679,0.2390109589905478,
1482,148,ok,1.4085806019586156,0.9262869575168349,-0.9117234309897059,0.09682251075153818,15.000000000001679,0.20696004197816364,
1483,148,ok,2.2223172185843136,0.0579432802286653,-1.0803284302504137,0.09927529331482325,15.000000000001679,0.2534167499979958,
1484,148,ok,1.8970195661327158,0.10542050013129256,-0.09618603312121436,0.08217205413664748,15.000000000001679,0.20405487500829622,
1485,148,ok,1.472975894660318,0.6699205515349012,-0.632887546900034,0.10422407764656384,15.000000000001679,0.21146270801546052,
1486,148,ok,1.9336024083900956,0.09571023777231888,-0.3354083708061266,0.10235320295441919,15.000000000001679,0.24942224999540485,
1487,148,ok,1.3997229738342991,0.740067766636462,-0.6097500888159849,0.07578985353271629,15.000000000001679,0.21790291598881595,
1488,148,ok,1.4998103449231712,0.5751808054041766,-0.468317556205051,0.09731179550297143,15.000000000001679,0.19824299999163486,
1489,148,ok,1.3867571705845112,0.6209192618850495,0.14571124846037892,0.09149636433838154,15.000000000001679,0.260402999992948,
1490,148,ok,1.8722194872500078,0.14964010632467503,-0.28526141049311593,0.07380086815419859,15.000000000001679,0.24202558299293742,
1491,149,ok,1.2282054610559525,0.7776370012694794,0.11965514574055985,0.09122142342133158,15.000000000001679,0.24101333299768157,
1492,149,ok,1.066123227214538,0.9435062110039361,0.14296716203059154,0.09790686433615925,15.000000000001679,0.23605937501997687,
1493,149,ok,1.2566472216779538,0.9152478451713453,-0.6344091758049455,0.09894723944779109,15.000000000001679,0.20723358399118297,
1494,149,ok,1.4939854848702177,0.547677515904382,-0.3503598595633252,0.08928901352380975,15.000000000001679,0.23729004099732265,
1495,149,ok,1.0265880027170056,1.138494563052262,-0.5582932109850322,0.09714919304699156,15.000000000001679,0.24943016699398868,
1496,149,ok,0.9276063067513983,1.0827626722583132,0.13830815204556376,0.09504948743848113,15.000000000001679,0.22145033298875205,
1497,149,ok,1.1999409711436138,0.8347121691406705,-0.28629112015610564,0.11041341980231137,15.000000000001679,0.2007725000148639,
1498,149,ok,1.4170642519285728,0.5946176529409505,0.18158070566192708,0.10504712965482375,15.000000000001679,0.24873791701975279,
1499,149,ok,1.2588015919532425,0.7950060035921213,-0.36410289277206587,0.08855399834345565,15.000000000001679,0.22727216698694974,
1500,149,ok,2.0996773217926976,-0.09397293253610321,-0.15466807510506475,0.10152491873138227,15.000000000001679,0.2487185829959344,
1501,150,ok,1.7589845549955714,0.9466052550359482,-1.408682425529292,0.09819646271669365,15.000000000001679,0.2222774580004625,
1502,150,ok,1.5605980235745753,1.0156823222922664,-1.2110263830887107,0.10054109693074999,15.000000000001679,0.24541029101237655,
1503,150,ok,1.1013733129534176,0.9759392123087897,-0.4053673366210508,0.09571815530210644,15.000000000001679,0.22495662499568425,
1504,150,ok,1.8887717538692836,0.11402077829266874,0.10266992501535517,0.10448837741848832,15.000000000001679,0.23356962500838563,
1505,150,ok,1.3282262851798023,0.6735795447390778,-0.0692375657280459,0.09021224497160603,15.000000000001679,0.23148158300318755,
1506,150,ok,1.7196684589491467,0.2806915617843952,0.035186687612651736,0.08771155520184981,15.000000000001679,0.2304747909947764,
1507,150,ok,1.4726362836815823,0.7618727063863572,-0.797306985310212,0.09412156657757975,15.000000000001679,0.2566879169899039,
1508,150,ok,2.3581663475975625,-0.32424984706933996,-0.3985111934937055,0.09502620719146844,15.000000000001679,0.23333916699630208,
1509,150,ok,1.9133695696691684,0.20297840775610662,-0.6570361536058729,0.1030160235038796,15.000000000001679,0.2264801669807639,
1510,150,ok,1.0482660250254927,0.9737480529335993,-0.21370212999679766,0.0959150745045235,15.000000000001679,0.20749337499728426,
1511,151,ok,1.0741491022960497,1.056577186082943,0.5135656609862379,0.10657276244370047,15.000000000001679,0.24805870800628327,
1512,151,ok,1.7759331416587172,0.23860121241442506,-0.22674398500041326,0.09511769786708812,15.000000000001679,0.2162186249915976,
1513,151,ok,1.9892730799989622,0.20142254928478823,-0.849897958926439,0.09812561886785781,15.000000000001679,0.22375916701275855,
1514,151,ok,1.1879322577867553,0.8219244625257085,0.15271239993856783,0.10243548841483653,15.000000000001679,0.21898766700178385,
1515,151,ok,2.2726366608901847,-0.04580437161607078,-0.9897281775814324,0.10274480780209996,15.000000000001679,0.26762041699839756,
1516,151,ok,1.0034572449256691,1.005987754957815,0.13735391912868514,0.11080588081869504,15.000000000001679,0.2307086250220891,
1517,151,ok,0.8298145075095648,1.1702945413899761,-0.01345246542725727,0.10210717051078881,15.000000000001679,0.2330566250020638,
1518,151,ok,1.463406480609742,0.5660201319419412,-0.29199360522926504,0.0852560318472102,15.000000000001679,0.2175053340033628,
1519,151,ok,2.0169518802376336,-0.01694269638443604,-0.006086599675158359,0.08626959345733805,15.000000000001679,0.22603499999968335,
1520,151,ok,1.6136989559642816,0.5303307374826155,-0.6664057167310466,0.09088987576752923,15.000000000001679,0.22600945900194347,
1521,152,ok,1.4826937138825464,0.5203821111217448,0.09545445038484973,0.10333372961766016,15.000000000001679,0.2200753340148367,
1522,152,ok,1.5810096326460346,0.881903676948485,-1.1177889205472704,0.09225627359163241,15.000000000001679,0.2213408329989761,
1523,152,ok,1.00192260380284,1.0877251397017829,-0.41425050788011236,0.10601690020037997,15.000000000001679,0.25339691698900424,
1524,152,ok,2.1615778347018098,-0.0066929441169412025,-0.8034937233765093,0.09905668958703344,15.000000000001679,0.18153949998668395,
1525,152,ok,1.1706441118833273,1.0626025844172733,-0.7012087577504496,0.09524075210161294,15.000000000001679,0.23361475000274368,
1526,152,ok,1.2310238571624663,1.0664035436354542,-0.8023823238124822,0.09836270975797197,15.000000000001679,0.20842750000883825,
1527,152,ok,1.5851472001277025,0.5200011456016556,-0.5677103460852924,0.07858225425586518,15.000000000001679,0.23083791698445566,
1528,152,ok,1.2774096291017212,0.7705548160478491,-0.3467562547073359,0.09774726432595657,15.000000000001679,0.23444170798757114,
1529,152,ok,1.6266223822647332,0.5315281686950734,-0.6996362305859742,0.07687183693093813,15.000000000001679,0.235747792001348,
1530,152,ok,1.3896971693308915,0.91245553397713,-0.8651619830235973,0.1047676404842661,15.000000000001679,0.21617641602642834,
1531,153,ok,2.406613475848035,-0.34610356900605527,-0.536270888292855,0.0911265630299757,15.000000000001679,0.21614875001250766,
1532,153,ok,1.0018158552580165,1.0901350409690085,-0.41926216639935837,0.10223642787712567,15.000000000001679,0.25882158300373703,
1533,153,ok,1.9475769748830478,0.22076487421568008,-0.7920722443501343,0.08595479453339032,15.000000000001679,0.2239202919881791,
1534,153,ok,1.6595627609203978,0.3670336985152947,-0.29592163768318075,0.09076214631322514,15.000000000001679,0.20043558298493735,
1535,153,ok,1.8557459104593832,0.15855082285596464,-0.2299082690602506,0.07848338323317496,15.000000000001679,0.2394031249859836,
1536,153,ok,1.0585231264271562,0.9455379424142601,-0.09263357001200748,0.09983901081298828,15.000000000001679,0.19949525000993162,
1537,153,ok,0.9739494848958938,1.0776086738857236,0.3126848903259054,0.09804725451717707,15.000000000001679,0.20825925000826828,
1538,153,ok,1.019083352768146,0.9863821165818942,0.1054024017950477,0.09802889756755671,15.000000000001679,0.23823737498605624,
1539,153,ok,1.5499763829580786,0.4502184789734252,0.024576916250102707,0.10278749622555625,15.000000000001679,0.22527216700837016,
1540,153,ok,2.031159960633523,-0.017780885334398935,-0.23274682481164777,0.09663913445893481,15.000000000001679,0.22423287498531863,
1541,154,ok,1.991058830992204,0.012995572729863231,0.12699871842234267,0.0759075832215393,15.000000000001679,0.2201892499870155,
1542,154,ok,2.4099044885496084,-0.3145126016214629,-0.6713203861547745,0.09758269881478891,15.000000000001679,0.23005716598709114,
1543,154,ok,2.496023468605353,-0.32843425027815615,-0.8991813487613594,0.09951301671902586,15.000000000001679,0.2490124579926487,
1544,154,ok,1.1443498679839634,0.8605101605710522,-0.10535428891651677,0.10112427362861316,15.000000000001679,0.20654454198665917,
1545,154,ok,0.9616260943588115,1.0961451199594463,-0.32828509131341627,0.1116530258996225,15.000000000001679,0.24454183300258592,
1546,154,ok,1.3222221384175146,0.7165707057870923,-0.31793180098496343,0.10038088625258387,15.000000000001679,0.21140125000965782,
1547,154,ok,0.8283130319302128,1.1947238129552544,0.19399160147825356,0.09962461300540704,15.000000000001679,0.2210910830181092,
1548,154,ok,1.5936007012573563,0.4508245336991915,-0.3736556832962801,0.09124618690187396,15.000000000001679,0.22495366600924172,
1549,154,ok,1.7118079484515851,0.33755799266968706,-0.4081335867649029,0.0879854716514636,15.000000000001679,0.24421174998860806,
1550,154,ok,1.2628614068085475,0.7414995785497055,0.10486001151962183,0.09407853876276526,15.000000000001679,0.23942429199814796,
1551,155,ok,2.444217261491261,-0.32421986889324056,-0.7564390407783879,0.10005507549437911,15.000000000001679,0.2395998749998398,
1552,155,ok,1.480063933262031,0.821327180077164,-0.895164582698748,0.1105154944988212,15.000000000001679,0.24595899999258108,
1553,155,ok,1.3733258001893187,0.721403044155803,-0.5012121087639297,0.09952188719581137,15.000000000001679,0.24320187501143664,
1554,155,ok,2.09917073242933,0.09380616897591436,-0.8791716797381556,0.0983920312829295,15.000000000001679,0.21091762502328493,
1555,155,ok,1.4377450947843355,0.9890334172797994,-1.0222805516097122,0.10037847699563908,15.000000000001679,0.23717679199762642,
1556,155,ok,1.1234803806643392,0.8783163615569948,0.06351362835604828,0.09161194510595043,15.000000000001679,0.22072937499615364,
1557,155,ok,1.01496370274389,0.9870124290805607,0.0633048106412296,0.09331893587380802,15.000000000001679,0.259101790987188,
1558,155,ok,1.9153474694261365,0.09021132450209234,-0.14581887249959438,0.08549735449792019,15.000000000001679,0.22382620800635777,
1559,155,ok,1.7444259568715677,0.3228854297851039,-0.47990482116789446,0.08108210897592996,15.000000000001679,0.24386145902099088,
1560,155,ok,2.4867964452103575,-0.48534999135833196,0.08480554442965209,0.09634628583042412,15.000000000001679,0.22702645900426432,
1561,156,ok,1.6790885018402488,0.34650624348800135,-0.29205580663286085,0.09746159742462451,15.000000000001679,0.2453688750101719,
1562,156,ok,1.5545544170620897,0.44641985019966024,0.05502866301853091,0.09376718686386251,15.000000000001679,0.212091083987616,
1563,156,ok,1.697680037505486,0.3445015975246843,-0.3760884857933114,0.09260728565188243,15.000000000001679,0.25771533299121074,
1564,156,ok,1.9002621336432506,0.10774272065766789,-0.17423709517308753,0.08934722592975292,15.000000000001679,0.20468749999417923,
1565,156,ok,1.0981517405922405,0.9699635267821393,-0.38073889899336333,0.08915839382305951,15.000000000001679,0.20585649998974986,
1566,156,ok,0.7539849411231633,1.3245569027342645,0.33506702881150535,0.10029428372755661,15.000000000001679,0.22960329099441878,
1567,156,ok,1.6050766139724697,0.6355481775740186,-0.8453059570355261,0.09796733282783425,15.000000000001679,0.23524700000416487,
1568,156,ok,1.8620080133098984,0.15608242307267026,-0.25892433475577387,0.1029371574605676,15.000000000001679,0.2042127500171773,
1569,156,ok,2.4528561567742293,-0.2830529740040333,-0.8967566245735684,0.09865731302322317,15.000000000001679,0.2716956249787472,
1570,156,ok,2.0712314606518594,0.17309058384013823,-0.9759107278539714,0.10946017388469291,15.000000000001679,0.2271586249989923,
1571,157,ok,2.147817128556535,0.0666690795422078,-0.9356013946775976,0.09888205268487801,15.000000000001679,0.22887045799870975,
1572,157,ok,1.654928755600138,0.8477866511170183,-1.1879366922391468,0.09932374429643745,15.000000000001679,0.21558800002094358,
1573,157,ok,1.383082821885058,0.6233834988288218,-0.13358555646760012,0.09880802610632473,15.000000000001679,0.24166462500579655,
1574,157,ok,1.9764823440250914,0.02371560063264876,-0.027971933435972495,0.09947360199704443,15.000000000001679,0.19937391701387241,
1575,157,ok,2.4467620275000868,-0.3465413522812831,-0.6931003543861899,0.09497908955199948,15.000000000001679,0.2239780000236351,
1576,157,ok,1.3895854832466874,0.6107167177210739,-0.028978903192213988,0.10715185083141636,15.000000000001679,0.2115252090152353,
1577,157,ok,1.8245646232211663,0.17743139875708877,-0.08532149830877432,0.0985807272410608,15.000000000001679,0.23515095800394192,
1578,157,ok,1.2971600185295054,0.9565931059594741,-0.7706660542285286,0.09342248621317811,15.000000000001679,0.23301608397741802,
1579,157,ok,1.9692169766468726,0.031207995860443323,0.04090899107039333,0.07500992820129414,15.000000000001679,0.22806254200986587,
1580,157,ok,1.023207004129483,1.1162619496121766,0.5157127413554572,0.10151291215611236,15.000000000001679,0.2354960420052521,
1581,158,ok,1.9672150973532998,0.03701299129575685,-0.12890788537991063,0.09947294366103258,15.000000000001679,0.20259229102521203,
1582,158,ok,1.8877970232313652,0.11553323708998103,0.11208309599863117,0.08591255852919052,15.000000000001679,0.22376358299516141,
1583,158,ok,1.187109451851834,0.8133109131747881,0.031588951959612054,0.09204377124505987,15.000000000001679,0.26429162500426173,
1584,158,ok,1.9054947060353205,0.24437810343042046,-0.7407441062972181,0.09448801469187144,15.000000000001679,0.23781495800358243,
1585,158,ok,1.8816250593264388,0.12103062189249772,-0.09993467876333131,0.07516894513182966,15.000000000001679,0.2397865419916343,
1586,158,ok,1.6171984513995725,0.4167722147975727,-0.32972808702352435,0.09801288216709493,15.000000000001679,0.21284129199921153,
1587,158,ok,1.1755451790807256,0.8285395506110479,-0.09791263236870788,0.08471956296883706,15.000000000001679,0.23695870899246074,
1588,158,ok,1.5401473902175715,0.8045968053010848,-0.9711154337655352,0.09868692996337565,15.000000000001679,0.21044166601495817,
1589,158,ok,1.4363467893858899,0.7919841269030121,-0.7770390915036877,0.09430902252126012,15.000000000001679,0.23116508300881833,
1590,158,ok,1.8471329602640185,0.16517721185716455,-0.21289788398541726,0.07507912518213465,15.000000000001679,0.263688250008272,
1591,159,ok,0.8840878427424622,1.1495138185781806,0.24142197268590287,0.09762970950095032,15.000000000001679,0.24185662501258776,
1592,159,ok,1.5931434563093445,0.4512214271923418,0.37335104766581034,0.11159510916518085,15.000000000001679,0.23218500000075437,
1593,159,ok,1.438690359878675,0.5641379995404301,0.0901679945661064,0.09649466082834576,15.000000000001679,0.23906408398761414,
1594,159,ok,1.589559321064471,0.5977095221547064,-0.7485187044605898,0.09505002679462052,15.000000000001679,0.2073322499927599,
1595,159,ok,1.7544294410612589,0.5841195735922419,-1.0360044796128571,0.10129861797519742,15.000000000001679,0.23534887499408796,
1596,159,ok,1.5377645240044844,0.8032356689476767,-0.9656473824371007,0.10267506624683846,15.000000000001679,0.2116600000008475,
1597,159,ok,1.9630758872289102,0.09474532332589534,-0.47293927309013506,0.09959439172620478,15.000000000001679,0.21824499999638647,
1598,159,ok,1.9349043068263443,0.0807608745841637,-0.2457149894658271,0.07771765547820222,15.000000000001679,0.2168663749762345,
1599,159,ok,1.8813185969783772,0.13347108234254237,-0.23543462550179428,0.09244066545616912,15.000000000001679,0.24293912498978898,
1600,159,ok,1.7678651095322226,0.3042053700716991,-0.4996274798364423,0.10223170478483547,15.000000000001679,0.1900764580059331,
1601,160,ok,1.1856328940981804,0.814656964960987,0.026215431564785244,0.08052339458930799,15.000000000001679,0.23835604198393412,
1602,160,ok,2.0108040172764197,-0.010744413205788863,-0.015482269106801732,0.10129223319422816,15.000000000001679,0.2032912500144448,
1603,160,ok,1.3505023003351455,0.9786891135154546,-0.883617867835792,0.10019682581500154,15.000000000001679,0.18759637500625104,
1604,160,ok,1.8114663782008606,0.1898005029588716,-0.06773640279930497,0.07373984363100004,15.000000000001679,0.2903685829951428,
1605,160,ok,1.859490330864315,0.18079258280985291,-0.3849528072611415,0.08879367436937852,15.000000000001679,0.2657615829957649,
1606,160,ok,1.4571782079586248,0.6198521836452332,-0.4675043687075858,0.08058890166175342,15.000000000001679,0.26254345901543275,
1607,160,ok,1.6171440790625289,0.5032667456451557,-0.6123271492881497,0.09488629754790777,15.000000000001679,0.22805354199954309,
1608,160,ok,1.4408078296488374,0.5766834134341549,-0.22382380656209094,0.07497142735119215,15.000000000001679,0.23196420801104978,
1609,160,ok,1.9340939809021969,0.06675448426070216,0.057282657375544194,0.0843601328311536,15.000000000001679,0.24698270799126476,
1610,160,ok,1.6662301596898006,0.38086611784721397,-0.39335533137958956,0.09065832904129308,15.000000000001679,0.2322648749977816,
1611,161,ok,2.2203037819750238,-0.1378887735768445,-0.599316674277206,0.0993283721994469,15.000000000001679,0.22485854200203903,
1612,161,ok,1.2628388506179395,0.737447718155221,-0.026901640072316282,0.0946858647525688,15.000000000001679,0.24300629098434,
1613,161,ok,2.1032504712697015,-0.0971938726288238,0.15950048747367213,0.07499663578687116,15.000000000001679,0.2466094580013305,
1614,161,ok,1.5878686681114962,0.4121410411179344,-0.005552825239430347,0.07498852161631868,15.000000000001679,0.24035620799986646,
1615,161,ok,1.5026694505301326,0.9214511839116833,-1.046302025646047,0.09736782234218118,15.000000000001679,0.22316741701797582,
1616,161,ok,2.3949821741663904,-0.20449371334786945,-0.9360272872008017,0.09991348798282129,15.000000000001679,0.222363500011852,
1617,161,ok,1.9704632663674013,0.031240909600256255,0.08193368093563444,0.09604844863271857,15.000000000001679,0.23789162500179373,
1618,161,ok,1.7020198160508293,0.39687048432048616,-0.5717055275112062,0.07843804733299198,15.000000000001679,0.24342620899551548,
1619,161,ok,1.1816794740886885,1.1163023701775452,-0.7845029499808747,0.09720509588919125,15.000000000001679,0.23419195800670423,
1620,161,ok,2.0158924398301874,-0.01567355551541492,-0.029706002093030266,0.07616267527615515,15.000000000001679,0.32333683301112615,
1621,162,ok,2.173039487513655,-0.09084777775666902,-0.5919933990709756,0.09117862195469385,15.000000000001679,0.2648169169842731,
1622,162,ok,1.8384394118236784,0.18120024988820274,-0.2680054849062918,0.07638932766784219,15.000000000001679,0.23857983297784813,
1623,162,ok,2.113548919818699,0.21889139978583022,-1.137866947718366,0.09267008493358131,15.000000000001679,0.20219516698853113,
1624,162,ok,2.1019847707837025,0.007768575053227257,-0.6703386651992906,0.09437542902739487,15.000000000001679,0.2600942919962108,
1625,162,ok,1.4582953137029009,0.6430298839393853,-0.5340948661860401,0.10035399364500897,15.000000000001679,0.22159041598206386,
1626,162,ok,0.9334778222935469,1.0920803195575444,0.21693938918318212,0.10137121934332335,15.000000000001679,0.2294768750143703,
1627,162,ok,1.8198897823128934,0.8038881022291019,-1.3716104212850566,0.0855267523820733,15.000000000001679,0.2177026669960469,
1628,162,ok,2.0635717377402742,-0.00027938586323332076,-0.5071594377422356,0.0888827912397405,15.000000000001679,0.25742549999267794,
1629,162,ok,1.823106008947269,0.5252283510614261,-1.0718041347870604,0.10123658902982348,15.000000000001679,0.22770654200576246,
1630,162,ok,1.837373970229465,0.17197843098159882,-0.1851492632453324,0.07687387331735618,15.000000000001679,0.22801333299139515,
1631,163,ok,1.3634638474115062,0.925271306264404,-0.8390422504615404,0.09989689980591603,15.000000000001679,0.21243295900058,
1632,163,ok,1.1236914936379876,0.877856199844793,-0.05895646400186171,0.10098478751673941,15.000000000001679,0.2635111669951584,
1633,163,ok,2.213358714034974,-0.20632497414859866,-0.17631479076566298,0.09652393719808448,15.000000000001679,0.23635574997751974,
1634,163,ok,1.5967178962920519,0.8262609838885724,-1.0825177884899135,0.09811318017652682,15.000000000001679,0.20849541600910015,
1635,163,ok,1.466624668477563,0.6001339395465419,0.43745048974419615,0.10521759774485703,15.000000000001679,0.23684679201687686,
1636,163,ok,1.4280147934951941,0.9119865107449824,-0.9249069670189775,0.08745885748098023,15.000000000001679,0.23093849999713711,
1637,163,ok,1.43166931964092,0.7990208887710999,-0.7793113724262825,0.09864874531482136,15.000000000001679,0.22223387501435354,
1638,163,ok,0.9238254389103308,1.2048211914381624,-0.47025961339672967,0.09754668860149025,15.000000000001679,0.22177383297821507,
1639,163,ok,0.9545425562150288,1.0793174240757086,0.2519823129009909,0.09787059676504525,15.000000000001679,0.25631200001225807,
1640,163,ok,2.1399326472348785,-0.13550330368659685,-0.13761313398547864,0.0898460539903667,15.000000000001679,0.24497537498245947,
1641,164,ok,1.5872112167373593,0.4132339401230401,0.03758879832392494,0.10310714937058361,15.000000000001679,0.2548651249962859,
1642,164,ok,2.0209191725122375,0.0019503566095610354,-0.3031697946281703,0.0965594827656434,15.000000000001679,0.22629633301403373,
1643,164,ok,1.773085076906945,0.238744619279796,-0.20447536241375538,0.09866609259799235,15.000000000001679,0.25756379100494087,
1644,164,ok,1.823655488074607,0.19837586777264102,-0.2826125003616243,0.07497051519251964,15.000000000001679,0.25557645899243653,
1645,164,ok,1.9533397524051772,0.04700294522469428,0.03658814514703602,0.09245615395052069,15.000000000001679,0.20587370899738744,
1646,164,ok,1.4397422745570543,0.6258001124653166,-0.42945603528927595,0.0983177989450404,15.000000000001679,0.2594614580157213,
1647,164,ok,1.1132088931333952,0.887115238382454,-0.026861628966546473,0.0971348334386906,15.000000000001679,0.19661783301853575,
1648,164,ok,1.3479689009280138,0.9897472373261661,-0.8924177908238743,0.08999845517069278,15.000000000001679,0.23086058397893794,
1649,164,ok,1.817772457483765,0.19004803229946723,0.16843569040893855,0.10270124691931606,15.000000000001679,0.24251641702721827,
1650,164,ok,1.7145372409904915,0.315148415495062,-0.31766820573435833,0.09906905814171976,15.000000000001679,0.2467424590140581,
1651,165,ok,0.8312771450845271,1.1705873435951768,-0.05564474220783707,0.0969916854556728,15.000000000001679,0.20677233301103115,
1652,165,ok,1.486107706729282,0.9765532035491166,-1.0775308676945594,0.10183049783843671,15.000000000001679,0.23939045899896882,
1653,165,ok,0.8879505930699039,1.1621727328739584,0.29411175799906825,0.09948843948927973,15.000000000001679,0.25333491701167077,
1654,165,ok,1.0003761693747226,1.0884289899765371,-0.4120567605775296,0.09809638142581231,15.000000000001679,0.2561180840129964,
1655,165,ok,1.6896958210973194,0.3447822633702759,-0.3395971321729885,0.09898805110762379,15.000000000001679,0.18989595799939707,
1656,165,ok,1.506872524983275,0.5058759435381829,0.19559680583167938,0.09379165216822886,15.000000000001679,0.27328329198644497,
1657,165,ok,1.48488440451541,0.5641381441155552,-0.3783945369441294,0.0992362479941685,15.000000000001679,0.22022116699372418,
1658,165,ok,0.8322727030010659,1.1982088694116626,0.22317893061527122,0.10269862934615545,15.000000000001679,0.24664237501565367,
1659,165,ok,1.9453155802300004,0.05468710447370985,0.0032319010974936157,0.0732232659482771,15.000000000001679,0.2481568749935832,
1660,165,ok,1.84934733788975,0.17960215242455846,0.3259405662120072,0.07497676459051464,15.000000000001679,0.2767078749893699,
1661,166,ok,2.050749793925131,-0.04778559194878668,-0.11022198823703955,0.07784167851526014,15.000000000001679,0.26004304201342165,
1662,166,ok,1.2014023358575734,0.7986031438147299,-0.003628574400935664,0.0918713952371593,15.000000000001679,0.2781081249995623,
1663,166,ok,1.573697052219608,0.45990446787985056,-0.32346277082260605,0.07515930610248199,15.000000000001679,0.2633122499973979,
1664,166,ok,1.5017974273478356,0.6118254763027055,-0.5730331618208203,0.09555240091416756,15.000000000001679,0.19596933299908414,
1665,166,ok,1.9888771808051462,0.05241994319154022,-0.4031927115529037,0.09708416218240914,15.000000000001679,0.24605529100517742,
1666,166,ok,1.7619878343980129,0.3039101577778577,-0.4773681762303255,0.0958028674024683,15.000000000001679,0.24777079100022092,
1667,166,ok,1.524068413314545,0.4829022886032156,-0.14559897849144973,0.08554845537839768,15.000000000001679,0.23766145799891092,
1668,166,ok,1.4399200810290849,0.6641419449541255,-0.5374505526277364,0.08967045790049949,15.000000000001679,0.24488212500000373,
1669,166,ok,2.2288077521271226,-0.13728322582251046,-0.6321427121779388,0.09177874953442171,15.000000000001679,0.2219864999933634,
1670,166,ok,2.024001898934963,0.47634386541758206,-1.3323121520280825,0.10104743380815902,15.000000000001679,0.23806920798961073,
1671,167,ok,2.2731969317158804,-0.06554654644593493,-0.9491795166499133,0.09884681303081422,15.000000000001679,0.22435574998962693,
1672,167,ok,2.0008871901585454,0.001828873009706442,-0.1042194559710408,0.0936496922167352,15.000000000001679,0.27366033298312686,
1673,167,ok,1.1521023341746222,0.8568032394317106,-0.1429718679908114,0.09940438808921191,15.000000000001679,0.20190066599752754,
1674,167,ok,1.1997891318937446,0.9680476243273353,-0.6120198161447786,0.09465212247334455,15.000000000001679,0.24991416701232083,
1675,167,ok,0.7791216981513,1.2302544712064623,0.12050909273794363,0.09934645509716701,15.000000000001679,0.25643229199340567,
1676,167,ok,1.9262883593240268,0.15978229604338096,-0.5693730282616841,0.08260323246043495,15.000000000001679,0.24596925001242198,
1677,167,ok,1.3893651388594446,0.6106789115018024,-0.011063549706458628,0.09634356220883858,15.000000000001679,0.2212005829787813,
1678,167,ok,2.1690395339154103,0.03236987693687822,-0.9127782855121961,0.10032658491409706,15.000000000001679,0.2171645000053104,
1679,167,ok,1.805490386401802,0.437453896374793,-0.9045690738882307,0.10118440037696494,15.000000000001679,0.2338095420273021,
1680,167,ok,1.855703534000603,0.15905887632383794,-0.23360519099599594,0.09030385392060385,15.000000000001679,0.22868954099249095,
1681,168,ok,2.294949809298614,-0.14475844642150734,-0.8165817985378729,0.07494585134541092,15.000000000001679,0.2784210410027299,
1682,168,ok,1.6919598353947634,0.4166006394584638,-0.59630072079927,0.10364521232318469,15.000000000001679,0.206823666987475,
1683,168,ok,1.1315900233008946,0.9013351690440234,-0.27098260101821087,0.08880099271833365,15.000000000001679,0.2176712500222493,
1684,168,ok,1.1320046906245345,0.8704484780296521,-0.0744847555572164,0.10045628996890574,15.000000000001679,0.23163383299834095,
1685,168,ok,0.863841933702313,1.2512714561699179,0.4308462069888002,0.10294644244074592,15.000000000001679,0.2474677920108661,
1686,168,ok,1.5961491612947722,0.47137401569372234,-0.4593416432304699,0.09662867042052846,15.000000000001679,0.23226841702125967,
1687,168,ok,2.2284841419903203,-0.07342715490466432,-0.8167260277512175,0.09963133141728782,15.000000000001679,0.2341634580225218,
1688,168,ok,0.9272501403992205,1.221569595561571,0.5038243030225896,0.10496484483295239,15.000000000001679,0.24781200001598336,
1689,168,ok,0.9545588429662283,1.087318437176242,0.27963359877991656,0.10388583977867209,15.000000000001679,0.22418849999667145,
1690,168,ok,2.0393777922744505,-0.03820925485341261,-0.06902762528225574,0.10361869895674886,15.000000000001679,0.21084087499184534,
1691,169,ok,1.8448871847138917,0.16590601304454367,-0.1992685909404379,0.09301268188724995,15.000000000001679,0.21820575001765974,
1692,169,ok,2.103835179641809,-0.1003681426948699,0.1207316373242192,0.07587746212785042,15.000000000001679,0.24420095802634023,
1693,169,ok,0.8011614052165903,1.1991019305113069,-0.02053970539968872,0.10041566897453108,15.000000000001679,0.1979172920109704,
1694,169,ok,0.9633313685968852,1.0617167495304558,-0.21824726255111307,0.09074352749106422,15.000000000001679,0.20860270800767466,
1695,169,ok,1.0146445863098241,1.0505582340371749,-0.35786026542943566,0.10189030045932,15.000000000001679,0.22696962498594075,
1696,169,ok,2.33633073458391,-0.27733783086624036,-0.5217026983511193,0.10211875468898754,15.000000000001679,0.22402674998738803,
1697,169,ok,1.168209337811935,0.8589049772915249,-0.25023030612007074,0.10753909629195517,15.000000000001679,0.26457508298335597,
1698,169,ok,1.7134092258175244,0.9627117648604712,-1.3637464179083036,0.098156444414956,15.000000000001679,0.19936870801029727,
1699,169,ok,1.544609116695795,0.9530220266563477,-1.135629537619105,0.1008622352887964,15.000000000001679,0.27655229199444875,
1700,169,ok,2.290777607213203,-0.2891642825357234,0.08595890455418145,0.10060971923619436,15.000000000001679,0.19894529102020897,
1701,170,ok,1.899527296352278,0.10369872644040519,-0.11065906869143026,0.09910580523574168,15.000000000001679,0.22068825000314973,
1702,170,ok,1.1787646338156352,0.8806126404282787,-0.369402221386876,0.10124997578662323,15.000000000001679,0.275591457990231,
1703,170,ok,1.710323976585422,0.30992712031237013,-0.2624152553250912,0.07490776132616288,15.000000000001679,0.2434203750162851,
1704,170,ok,0.8466616745069148,1.2504587485073215,0.39373074986549145,0.09523560007253583,15.000000000001679,0.25873691600281745,
1705,170,ok,2.162164988355178,-0.1488008206343054,-0.24002597799047282,0.10077355940007209,15.000000000001679,0.29526429099496454,
1706,170,ok,1.750073937820256,0.2690855925118784,-0.2582520121659129,0.09516981145401113,15.000000000001679,0.22409404200152494,
1707,170,ok,2.1729923128696966,-0.15736505485609206,0.26013767869450444,0.0945512141620893,15.000000000001679,0.18691208300879225,
1708,170,ok,1.9642248633937411,0.050769660859209705,-0.24224037431287182,0.10439874109263139,15.000000000001679,0.2546913330152165,
1709,170,ok,0.9096476709092188,1.1854659505424545,-0.4049606986669932,0.09447032715047693,15.000000000001679,0.274690374993952,
1710,170,ok,1.3496670408998281,0.713217999656147,-0.4071771173363877,0.09181332093898806,15.000000000001679,0.24049374999594875,
1711,171,ok,1.9190852514120167,0.43623387065193936,-1.1124404230748302,0.0993468419195356,15.000000000001679,0.2211714159930125,
1712,171,ok,1.0598223628072383,0.9708730145936941,0.2532214221088861,0.09593437597203683,15.000000000001679,0.22531408301438205,
1713,171,ok,1.5683831965479287,0.5175922629841856,-0.5121456359762824,0.098990724979726,15.000000000001679,0.23380862499470823,
1714,171,ok,2.3019116912674296,-0.21878831288518988,-0.6130055929579858,0.10065933115221445,15.000000000001679,0.23605895900982432,
1715,171,ok,1.953655795635016,0.04933978031879771,-0.10814654488966048,0.09541914060256555,15.000000000001679,0.22235150000778958,
1716,171,ok,2.48957423778104,-0.4200432830718491,-0.5842691104977827,0.09968590855594833,15.000000000001679,0.2280179999943357,
1717,171,ok,1.241586639641817,0.8329427119336813,-0.4236917158835521,0.08961542301103254,15.000000000001679,0.24963466700864956,
1718,171,ok,1.6466194854114045,0.40065655550046264,-0.39173495666441793,0.09727154000307293,15.000000000001679,0.22029125000699423,
1719,171,ok,0.9468558613059813,1.0533097828985858,0.01771030586887286,0.09874646847320949,15.000000000001679,0.2432379999954719,
1720,171,ok,1.8511313175724726,0.17867963961964575,-0.3308765627263053,0.07497658760717059,15.000000000001679,0.24265508400276303,
1721,172,ok,2.593271083801009,-0.5805935990188764,-0.2561085527296198,0.10381330842167891,15.000000000001679,0.2510779580043163,
1722,172,ok,1.02492668205666,0.9935661871744111,0.19381868845140007,0.09566306230494981,15.000000000001679,0.25836462501320057,
1723,172,ok,1.6794505186278559,0.36156374081572473,-0.3688911344958185,0.09809823190796878,15.000000000001679,0.19789687500451691,
1724,172,ok,1.8525764127284599,0.41572093040688085,-0.9602599620139378,0.1026704811286216,15.000000000001679,0.23805379201075993,
1725,172,ok,1.7395625306435505,0.5837806141502989,-1.010148726258906,0.09770592679818875,15.000000000001679,0.22708283402607776,
1726,172,ok,1.3785556886845485,0.7078971537529036,-0.480506005711357,0.09193282916208467,15.000000000001679,0.23523116699652746,
1727,172,ok,1.8474677853805632,0.703444823888703,-1.3160858229302397,0.0954767271894072,15.000000000001679,0.21302083300543018,
1728,172,ok,1.406588915337662,0.6211733825194374,-0.2780818866411314,0.098572525402822,15.000000000001679,0.256500458024675,
1729,172,ok,2.0824995300940943,0.3464063786514756,-1.2658722006101544,0.0996232357172857,15.000000000001679,0.2212868329952471,
1730,172,ok,1.982489891540577,0.019306624127312547,-0.0843796233377832,0.07776971950900997,15.000000000001679,0.23338054100167938,
1731,173,ok,1.9745747801255578,0.048215908589084866,-0.2991394705202959,0.09870057843905948,15.000000000001679,0.24239291698904708,
1732,173,ok,1.2034653383203722,0.9282857113870149,0.5475009626670361,0.09949118164642595,15.000000000001679,0.23230320800212212,
1733,173,ok,2.3238796580900205,-0.11969161264883645,-0.9525356332183929,0.09897007560183137,15.000000000001679,0.24046412500320002,
1734,173,ok,1.4912002049473125,0.5346369783363002,-0.2763860813708572,0.08635224434404891,15.000000000001679,0.21865629201056436,
1735,173,ok,1.9876411431032763,0.023377321509430914,-0.20899784839482707,0.09673225282751927,15.000000000001679,0.23451954199117608,
1736,173,ok,1.9219983181252904,0.11494656367514756,-0.3750347678233464,0.10030057571235036,15.000000000001679,0.2337940410070587,
1737,173,ok,0.8505527666598244,1.2538762673445347,0.40833734147265727,0.10146973793014018,15.000000000001679,0.20481833402300254,
1738,173,ok,2.1719400388679824,-0.054173689948226245,-0.7054742971663406,0.09294470499716102,15.000000000001679,0.2722209159983322,
1739,173,ok,0.812462210620421,1.245898921228085,0.3023679987717873,0.0975442686546979,15.000000000001679,0.22380708300624974,
1740,173,ok,1.8895448900836305,0.11879036526241812,-0.1772856503263947,0.07974794318048646,15.000000000001679,0.22979654200025834,
1741,174,ok,0.8840267210929088,1.1841371391960358,0.3403983489487735,0.10365732586790993,15.000000000001679,0.200813500006916,
1742,174,ok,1.5033842475554051,0.5475754929722332,-0.38810726247118915,0.09776676061857131,15.000000000001679,0.2813120000064373,
1743,174,ok,1.5118325621686453,0.5031505564288185,-0.2123191920530364,0.08580727247903147,15.000000000001679,0.24450075000640936,
1744,174,ok,1.9934062903837093,0.03742857077038878,-0.34925925000346486,0.10094619790319902,15.000000000001679,0.22307995898881927,
1745,174,ok,1.942620226543649,0.18836368645705778,-0.701246898053058,0.09077177680745685,15.000000000001679,0.24854575001518242,
1746,174,ok,1.032620496708662,0.9820994243485238,-0.17373401598776597,0.10193978085421598,15.000000000001679,0.2326242910057772,
1747,174,ok,1.5956611279545116,0.49361168412289236,-0.5262401325003594,0.07973006094166105,15.000000000001679,0.23608400000375696,
1748,174,ok,2.5067784713491736,-0.3995668056509478,-0.7252706044214164,0.09935321531419515,15.000000000001679,0.21229645900893956,
1749,174,ok,1.6089335603067476,0.5362596639396934,-0.6679307075373966,0.09645887572065104,15.000000000001679,0.20461595899541862,
1750,174,ok,2.4782323812576093,-0.478157853795261,-0.019219448135289405,0.10095461095905896,15.000000000001679,0.27573954200488515,
1751,175,ok,1.7917698164647644,0.35274969975988174,-0.7049861867817098,0.09269171033619994,15.000000000001679,0.2197020000021439,
1752,175,ok,1.0877905798132135,0.9215302982372114,-0.14209661470298854,0.09996876198520077,15.000000000001679,0.21560250001493841,
1753,175,ok,2.009503841398841,-0.009348913505919574,0.024952602855789777,0.09299443161211021,15.000000000001679,0.24455112498253584,
1754,175,ok,2.1334696113363694,-0.09367808872300554,-0.4101275939228447,0.09305149627208197,15.000000000001679,0.21861066701239906,
1755,175,ok,1.9007045515399659,0.10158628599133246,0.09329074288781013,0.07497443558447835,15.000000000001679,0.25907741600531153,
1756,175,ok,1.0300612751203402,0.9816479967545118,0.15487229574214467,0.09799065175887371,15.000000000001679,0.22172712499741465,
1757,175,ok,1.5408654085728033,0.608342388023194,-0.6614796280787836,0.09188972660397564,15.000000000001679,0.26424816699000075,
1758,175,ok,2.1001389770084025,-0.030371958445583703,-0.5368178770381486,0.09946678897930632,15.000000000001679,0.22097233298700303,
1759,175,ok,1.670963224325744,0.348701248827855,-0.2555983791544865,0.09190628018818044,15.000000000001679,0.20637370899203233,
1760,175,ok,2.4729131566379867,-0.39202520070496877,-0.6273076752803243,0.09948420175238663,15.000000000001679,0.26784474999294616,
1761,176,ok,1.9553337421989738,0.0489953364712219,-0.13004170973500084,0.08706771800804737,15.000000000001679,0.2423589579993859,
1762,176,ok,1.8107153717060422,0.23283443927134795,-0.3947354029057185,0.0966327602294225,15.000000000001679,0.22074095901916735,
1763,176,ok,1.424424883230253,0.585784525294062,-0.17023759592927226,0.09061081378985075,15.000000000001679,0.2253450830176007,
1764,176,ok,1.4560217079114661,0.8672338128407251,-0.914789581891957,0.103090841855015,15.000000000001679,0.19868479200522415,
1765,176,ok,1.8075371364697637,0.20736033356375627,-0.23158913194851197,0.07516222291428419,15.000000000001679,0.24628299998585135,
1766,176,ok,1.9389132958446673,0.07060111132725558,0.1918455034438118,0.10985432784901493,15.000000000001679,0.1850807500013616,
1767,176,ok,2.6442718030898567,-0.5446296033625101,-0.7190504504603519,0.09824908796288324,15.000000000001679,0.26455512500251643,
1768,176,ok,1.892243710613042,0.12335064255486283,0.24243236078413422,0.0768334220859403,15.000000000001679,0.26740729200537317,
1769,176,ok,1.6464127359202672,0.465355725464442,-0.5962732994489108,0.0918583201182948,15.000000000001679,0.22569945800933056,
1770,176,ok,0.9321478216294875,1.0844759821332988,0.1752579073189307,0.10161930918289608,15.000000000001679,0.26127045799512416,
1771,177,ok,1.0499808655502816,1.064846442234054,-0.47743862581426333,0.1012941615103033,15.000000000001679,0.27237404201878235,
1772,177,ok,0.9609338944462201,1.0462004647864989,-0.11687769728262284,0.10304541301325196,15.000000000001679,0.24544154200702906,
1773,177,ok,1.9979549839116448,0.008479017510539713,-0.16021327673322242,0.08949739118088781,15.000000000001679,0.22571379100554623,
1774,177,ok,1.852146253876473,0.15516145234004433,-0.16436690304486049,0.07704792092460047,15.000000000001679,0.26398625000729226,
1775,177,ok,1.425992004532485,0.8387400764657096,-0.8276041245569701,0.09394524919758461,15.000000000001679,0.22644225001567975,
1776,177,ok,2.1723346534196684,-0.09206177536714517,-0.5850772380597442,0.10352163914663588,15.000000000001679,0.2571813749964349,
1777,177,ok,1.5157344833786632,0.5690918573285318,-0.4999529091221223,0.08388090991686545,15.000000000001679,0.23036545899230987,
1778,177,ok,1.5352644295673288,0.631871750723367,-0.6966074663868816,0.0994097135647144,15.000000000001679,0.20689595901058055,
1779,177,ok,1.6968145510822135,0.5416225983941003,-0.867360925595313,0.08794975425889778,15.000000000001679,0.23767158400733024,
1780,177,ok,1.7429559561958108,0.2606200929129824,-0.11159302872675869,0.08018025315702723,15.000000000001679,0.24105312500614673,
1781,178,ok,1.9812000555375553,0.022389709066212397,-0.11921072625729627,0.07335186414693545,15.000000000001679,0.2256927499838639,
1782,178,ok,2.5717051497080843,-0.5125570684639805,-0.5483834012319934,0.09852633951845338,15.000000000001679,0.258353499986697,
1783,178,ok,1.1226111841439248,0.8780934984820925,0.03977024788550098,0.09369664139148265,15.000000000001679,0.19744083398836665,
1784,178,ok,1.5579448009531456,0.45294821179670003,-0.18390967194225627,0.08474392588295092,15.000000000001679,0.2426747090066783,
1785,178,ok,1.3577383698009855,0.7461670840113395,-0.520918899266681,0.09799080459991476,15.000000000001679,0.22053629197762348,
1786,178,ok,1.9390779537736116,0.0643195533461751,-0.11473673889781683,0.07496687235479199,15.000000000001679,0.2510821250034496,
1787,178,ok,0.8659350672413599,1.165719214611957,0.2319894648698702,0.09816025777253672,15.000000000001679,0.2811592080106493,
1788,178,ok,2.2723997897672232,-0.06723845161974716,-0.9435708710419751,0.09605292827928308,15.000000000001679,0.2616639580228366,
1789,178,ok,0.9134711061753785,1.155056612988818,0.3471312929762191,0.10184970499033869,15.000000000001679,0.24297758299508132,
1790,178,ok,1.875139867910429,0.12490910057059441,0.013551498225787714,0.07016930907329233,15.000000000001679,0.2703690420021303,
1791,179,ok,2.3205144019382797,-0.21716351157375444,-0.6848160720579728,0.10002818320893755,15.000000000001679,0.2167388329980895,
1792,179,ok,1.78517416093339,0.2938208842853605,-0.5251662688743858,0.09966107902693312,15.000000000001679,0.23356324998894706,
1793,179,ok,1.6619635406471025,0.38968675577958883,-0.4111132033012176,0.08461024820880594,15.000000000001679,0.2152764170023147,
1794,179,ok,1.9583448650492485,0.04522203650310941,-0.11814281142629161,0.09247845311311902,15.000000000001679,0.19490516700898297,
1795,179,ok,1.8368905686404264,0.1803790948992706,-0.25129011695757403,0.07494635337268069,15.000000000001679,0.2840171249990817,
1796,179,ok,1.9417023140111676,0.06521554202187167,-0.1637589002240883,0.07330114718736852,15.000000000001679,0.2413819590001367,
1797,179,ok,1.7432601486425228,0.8758323670653133,-1.332367471423396,0.0980500950037673,15.000000000001679,0.2638098750030622,
1798,179,ok,1.608304271701329,0.4341042200941981,-0.36689649336828284,0.07498960891638802,15.000000000001679,0.22578116599470377,
1799,179,ok,2.0701994892373667,0.23080490870921966,-1.0750230947246027,0.10121992230087751,15.000000000001679,0.24501729098847136,
1800,179,ok,1.5741510509910863,0.47774276189430087,-0.40085462747877854,0.07498111728090162,15.000000000001679,0.23381395800970495,
1801,180,ok,2.030716556852412,-0.01201353118745297,-0.27497506176581143,0.10057479086323035,15.000000000001679,0.24351174998446368,
1802,180,ok,2.244424097917882,-0.14528885539147843,-0.659678147468612,0.09148586471948336,15.000000000001679,0.24980258298455738,
1803,180,ok,1.9454882596839638,0.05455874236476141,-0.013523374532966956,0.07194606317578164,15.000000000001679,0.23822833300800994,
1804,180,ok,1.1359400181251462,0.8895820363770299,-0.23944032835254309,0.1014463256216153,15.000000000001679,0.21977341698948294,
1805,180,ok,1.50472300419,0.5868682473093405,-0.5169622509197391,0.08983145782316368,15.000000000001679,0.20732087499345653,
1806,180,ok,2.0238485385984344,0.3514389767672116,-1.1739716605883979,0.10088450703138716,15.000000000001679,0.24763716699089855,
1807,180,ok,1.6516049096219303,0.4226297892242907,-0.48959370466199775,0.09566134594657737,15.000000000001679,0.27800670798751526,
1808,180,ok,2.0899765613659684,-0.089974632371896,-0.002839560014441103,0.09287549911510219,15.000000000001679,0.25804862499353476,
1809,180,ok,2.425253579088672,-0.38761274928344275,-0.42562927805964224,0.09783215441681793,15.000000000001679,0.2248786250129342,
1810,180,ok,1.977322912439801,0.11804312168561545,-0.6066664719799458,0.09365305645794195,15.000000000001679,0.23269695797353052,
1811,181,ok,1.6637130952535437,0.33644827092203533,0.023171275317531822,0.11067469219281072,15.000000000001679,0.24629616699530743,
1812,181,ok,1.5737188676042304,0.45358434728877595,-0.2918727519027089,0.07625582128182296,15.000000000001679,0.2549087920051534,
1813,181,ok,1.995263776726232,0.0060039360894441115,0.07111424488129874,0.10047343578194902,15.000000000001679,0.25459212498390116,
1814,181,ok,0.8953589706437418,1.1229104305740414,0.1799488080438641,0.09628736596650911,15.000000000001679,0.2316800419939682,
1815,181,ok,1.9648115880732313,0.038088962297521595,-0.10672233490716751,0.08001956648446354,15.000000000001679,0.2709492499998305,
1816,181,ok,1.906127996631967,0.10000703554346652,0.15280927511074277,0.09605946495919067,15.000000000001679,0.23683716700179502,
1817,181,ok,1.1016084036205656,0.9056740267206668,-0.12645844824957786,0.10475926941006197,15.000000000001679,0.2625152090040501,
1818,181,ok,2.2363923675777353,-0.06168149273923753,-0.8665565441772727,0.10128567681960962,15.000000000001679,0.23491404199739918,
1819,181,ok,0.8935134457479118,1.107610488987479,0.0448022138642726,0.09977049257712164,15.000000000001679,0.22701737500028685,
1820,181,ok,2.251640075386244,-0.22772765836281,-0.3272804748999298,0.09475917752206697,15.000000000001679,0.25157412499538623,
1821,182,ok,2.4554879593006347,-0.3364327267553878,-0.75531664328067,0.09913951207958487,15.000000000001679,0.23311683401698247,
1822,182,ok,2.2295208504646795,-0.12305782630664168,-0.6807265888848965,0.09842496186315584,15.000000000001679,0.24143941601505503,
1823,182,ok,1.2704449959431663,0.7295956073441734,-0.010157107748376151,0.08997364227860703,15.000000000001679,0.237189750012476,
1824,182,ok,1.2405518823604529,0.8645577957086955,-0.49973990589322165,0.0986139370963257,15.000000000001679,0.25265629100613296,
1825,182,ok,1.4354332825916951,0.5747188772186397,-0.17041839635166975,0.09239325640929368,15.000000000001679,0.2608986250124872,
1826,182,ok,1.5877760000028103,0.4234305895757687,-0.1883122946053047,0.07638897388201817,15.000000000001679,0.2696737079822924,
1827,182,ok,1.5643030113997787,0.4595241780530007,-0.2719892524919568,0.0868459847931149,15.000000000001679,0.24776054098038003,
1828,182,ok,2.550586044097274,-0.48070389231119903,-0.5929564630020042,0.10182546801878466,15.000000000001679,0.24369045899948105,
1829,182,ok,1.4703643335780259,0.5874463312836461,-0.40824429751598695,0.08368793446291016,15.000000000001679,0.27572154099470936,
1830,182,ok,1.7955560836611972,0.26005102063156416,-0.44339508202896827,0.09675090219868303,15.000000000001679,0.2746494589955546,
1831,183,ok,1.5671600187646857,0.4329182188872864,0.015659365221337512,0.0935084698854345,15.000000000001679,0.25362862498150207,
1832,183,ok,1.4072963958564741,0.6043767452470765,-0.18088359954257388,0.08849312950172082,15.000000000001679,0.2448532919806894,
1833,183,ok,0.8234274439748765,1.1831959571353585,-0.1042300870717057,0.09621556522926879,15.000000000001679,0.243815124995308,
1834,183,ok,1.9460530940304845,0.05402786197369153,-0.017750572129937973,0.10369252610925209,15.000000000001679,0.29316125001059845,
1835,183,ok,0.9562618752642749,1.1131705737120139,-0.3577294267371208,0.09978899923271009,15.000000000001679,0.1986963750096038,
1836,183,ok,1.951161912838003,0.04936204472410981,-0.04521479345026426,0.07270379786988837,15.000000000001679,0.25945329098613,
1837,183,ok,2.0988477460964106,-0.09688346552495104,-0.09078322147872271,0.09439928127507179,15.000000000001679,0.2564786250004545,
1838,183,ok,1.9644388748302295,0.1708609748304009,-0.7164290052376899,0.10106024292273552,15.000000000001679,0.20726041699526832,
1839,183,ok,1.9123495367056418,0.44151197373701395,-1.108239966132419,0.10277730312562787,15.000000000001679,0.2541844170191325,
1840,183,ok,1.6829133395425853,0.31769836597700696,-0.04537092211918001,0.09024067907079242,15.000000000001679,0.2492764159978833,
1841,184,ok,1.0061264389621296,1.0353372548557165,-0.28586045425926093,0.09581132196137478,15.000000000001679,0.2510889999975916,
1842,184,ok,1.9245287968912184,0.085344118591598,-0.19468935731512166,0.09946166336807277,15.000000000001679,0.20906695901066996,
1843,184,ok,1.2018719247381329,0.8082455393826622,0.15561950093873964,0.09805724041977325,15.000000000001679,0.22969687500153668,
1844,184,ok,1.7808576280980628,0.23420355480967886,-0.23112076001147638,0.10186103024749037,15.000000000001679,0.2442954580183141,
1845,184,ok,1.2300026470110483,0.7745954227982633,-0.10625504142024497,0.09203607786940905,15.000000000001679,0.2511211670062039,
1846,184,ok,2.33042253065544,-0.19447976388031418,-0.7843007951712831,0.10207503023849786,15.000000000001679,0.2596790830139071,
1847,184,ok,2.4337088486873255,-0.1179084332585505,-1.19891727342269,0.09579574081696025,15.000000000001679,0.24924429098609835,
1848,184,ok,0.8033431666508847,1.2106307421201685,0.14918585093404496,0.09331940142016569,15.000000000001679,0.2394320840248838,
1849,184,ok,1.5331525991580188,0.9971593059245747,-1.1596841960686142,0.10234289789582986,15.000000000001679,0.24728179100202397,
1850,184,ok,1.9778386807396071,0.4760427510025768,-1.260714142959456,0.09806915023544387,15.000000000001679,0.24138162500457838,
1851,185,ok,1.6890081088973963,0.3396192000196174,-0.3096514023505525,0.07497899725061229,15.000000000001679,0.24692254199180752,
1852,185,ok,1.4793845669970171,0.5443224577914106,-0.2637832257337697,0.10238635445325259,15.000000000001679,0.2480441669758875,
1853,185,ok,1.223880839457846,0.776488883775067,-0.0300808521498344,0.0910532223190992,15.000000000001679,0.22972012500395067,
1854,185,ok,2.67529791750515,-0.6141025496804902,-0.5689348004484803,0.09041488652353194,15.000000000001679,0.2505118339904584,
1855,185,ok,1.1934924250228938,0.8252582114293635,0.2107270717608201,0.10269187808928343,15.000000000001679,0.23326145802275278,
1856,185,ok,1.5315192918749005,0.6033799405463054,-0.6284932385607305,0.09186232660170666,15.000000000001679,0.2008815839944873,
1857,185,ok,2.0178252472160927,-0.015349138427377045,-0.09993287018150634,0.08906846402881245,15.000000000001679,0.2842232089897152,
1858,185,ok,2.0476336692845982,0.0015051010316336666,-0.44589436236100505,0.09129271932638339,15.000000000001679,0.23782991600455716,
1859,185,ok,1.9479564871605526,0.06322489154270465,-0.20841462312206466,0.07553002333109442,15.000000000001679,0.26340175000950694,
1860,185,ok,1.7117019520304493,0.4839536301240811,-0.7946867162416261,0.09485215355202159,15.000000000001679,0.2178353750205133,
1861,186,ok,2.081340203622978,0.1935338448168022,-1.0337587113998,0.10256119627649683,15.000000000001679,0.22017887499532662,
1862,186,ok,1.2853443650667686,0.7928602277471166,-0.4415016501148684,0.09654513760320718,15.000000000001679,0.242642541998066,
1863,186,ok,1.448365176025723,0.5621625124172038,0.17431305867781577,0.10015111013572617,15.000000000001679,0.2587003340013325,
1864,186,ok,1.808182479069374,0.24323243562447774,-0.42812568525091077,0.11102109237258387,15.000000000001679,0.22214683299534954,
1865,186,ok,1.3573417175844449,0.7518824704930137,-0.5334596243695188,0.10087195106166795,15.000000000001679,0.20422275000601076,
1866,186,ok,2.236104198806506,-0.14227019357824616,-0.6409683343397773,0.09892784137269284,15.000000000001679,0.23449487501056865,
1867,186,ok,2.059951396619971,-0.059907505881796635,0.013447068394423878,0.09383588637777936,15.000000000001679,0.2545909170003142,
1868,186,ok,1.2732887717594557,0.7477639084052543,-0.2305841867869935,0.08946420789015483,15.000000000001679,0.21296229099971242,
1869,186,ok,1.7112747734089924,0.5057291620186081,-0.8340359781594474,0.09988211907904547,15.000000000001679,0.23870225000428036,
1870,186,ok,1.8330277196464837,0.1823071274162215,-0.23660778083258446,0.09550725072710621,15.000000000001679,0.20230812500813045,
1871,187,ok,1.2572693931916405,0.7565611615896644,0.1859736061628943,0.1026841910202837,15.000000000001679,0.25524604198290035,
1872,187,ok,1.7914753478180068,0.37665650905866965,-0.7577201543169241,0.09917393982361652,15.000000000001679,0.25228512499597855,
1873,187,ok,1.7350414875451534,0.36683243127691045,-0.5857752606367144,0.10340252488134884,15.000000000001679,0.2103590840124525,
1874,187,ok,1.5943199775598844,0.9939920441197672,-1.2368525310449203,0.09788630436196537,15.000000000001679,0.21996362501522526,
1875,187,ok,1.252769891537503,0.7567940981807846,-0.1545040026172739,0.08799395304267475,15.000000000001679,0.2228243330027908,
1876,187,ok,1.7499887789003827,0.6929091978417959,-1.1636040396933467,0.09991069462312319,15.000000000001679,0.23534891600138508,
1877,187,ok,1.6351763976460973,0.6286846432244377,-0.890671681199296,0.09829921007467342,15.000000000001679,0.18773545802105218,
1878,187,ok,2.3259436033302903,-0.3058766065178567,-0.30487164739736944,0.10369173624115455,15.000000000001679,0.2364198330033105,
1879,187,ok,1.8187761421416124,0.19203514561009263,-0.1980144957178827,0.10015603827007223,15.000000000001679,0.2345443329832051,
1880,187,ok,1.4770541721133572,0.8566519450827247,-0.9351172400690507,0.09640128326202335,15.000000000001679,0.22802979199332185,
1881,188,ok,1.4082177756545726,0.6396607563584559,-0.3640802739482934,0.10923895301242037,15.000000000001679,0.23173416699864902,
1882,188,ok,1.9860665458367035,0.2572070779494354,-0.9524353811898159,0.09969672440589275,15.000000000001679,0.2115204590081703,
1883,188,ok,1.9017383859409704,0.10182695157402037,-0.1163957335583705,0.07834756700780023,15.000000000001679,0.2219174159981776,
1884,188,ok,0.8205959371289939,1.2611172105782353,0.3569732700482263,0.1111030291844981,15.000000000001679,0.2011110839957837,
1885,188,ok,1.4734983185177273,0.5317681353992514,0.12446881716148474,0.12380354265950717,15.000000000001679,0.24654233298497275,
1886,188,ok,2.0044496536998313,0.0019512712783765118,-0.16006152526849646,0.08893812001937645,15.000000000001679,0.20913383300649002,
1887,188,ok,2.0876693254193226,-0.028307100984896524,-0.49430103822571,0.09628607531149266,15.000000000001679,0.22905070797423832,
1888,188,ok,1.192140441100809,0.9149545308418857,-0.49383718082732414,0.09230818524138207,15.000000000001679,0.2585507080075331,
1889,188,ok,1.6394451925462945,0.3753279280473227,-0.21959325577109848,0.07562393056648016,15.000000000001679,0.2432642079947982,
1890,188,ok,1.7513411532040657,0.2777342253470075,-0.31779936495385597,0.10284539133036374,15.000000000001679,0.2713228749926202,
1891,189,ok,2.1664104023719815,-0.07756722272805762,-0.6140427237184369,0.09399401892714118,15.000000000001679,0.2412435410078615,
1892,189,ok,1.3540846674552978,0.648273339647851,-0.0798769198877272,0.08893889299495905,15.000000000001679,0.26365616600378416,
1893,189,ok,1.504779967097669,0.5448566793319554,-0.3833023163165569,0.09558030308676718,15.000000000001679,0.2123399169940967,
1894,189,ok,2.4955369515407857,-0.46206668309848103,-0.40734791576970486,0.09580169556142097,15.000000000001679,0.27393595801549964,
1895,189,ok,1.8853430544044762,0.12299120613168611,-0.1770774421890509,0.09989729699288225,15.000000000001679,0.2392967920168303,
1896,189,ok,2.0898754434170876,-0.08978127724806445,0.01983890776271045,0.09918594040712826,15.000000000001679,0.27684762500575744,
1897,189,ok,0.8497403575139798,1.150554332314999,-0.022377060556936616,0.1049497303207258,15.000000000001679,0.2269801660149824,
1898,189,ok,2.0459476792115976,-0.03590515105130371,0.20246511302960374,0.09356291722797476,15.000000000001679,0.22233562500332482,
1899,189,ok,2.5425895653546693,-0.3052713475253904,-1.0726069700169378,0.10266897905657046,15.000000000001679,0.20933291700202972,
1900,189,ok,1.4149032136541038,0.6155910463909562,-0.29216939123703956,0.08304602925532546,15.000000000001679,0.2180936670047231,
1901,190,ok,1.4269316558969627,0.6185955436407321,-0.3575691241586768,0.09663525929978678,15.000000000001679,0.27600225000060163,
1902,190,ok,2.3840190567020807,-0.21124199537358043,-0.8910419185509437,0.09429663753953534,15.000000000001679,0.2067535000096541,
1903,190,ok,2.0267458652010424,-0.015286030259233299,-0.21522318265349705,0.08699796967119287,15.000000000001679,0.2596625829755794,
1904,190,ok,1.0776919213870013,0.9244978293148665,-0.06866555376877509,0.09599519760847915,15.000000000001679,0.24835762500879355,
1905,190,ok,1.8346619608275805,0.4131629028994072,-0.9208325242806462,0.10600985719012729,15.000000000001679,0.24660587499965914,
1906,190,ok,1.756496172398969,0.27557915758147683,-0.3341430260903542,0.10167705211287761,15.000000000001679,0.24933633400360122,
1907,190,ok,0.8191647081446797,1.3601618413624363,-0.5115055716422354,0.10095102613864414,15.000000000001679,0.2553592500044033,
1908,190,ok,1.8796798748293428,0.12099045764308643,-0.05019533414687249,0.09458087592227359,15.000000000001679,0.25309395798831247,
1909,190,ok,1.1502715552300466,0.8501242201258681,0.030171868192193342,0.10439128033492603,15.000000000001679,0.210807334020501,
1910,190,ok,1.405128429138462,0.61912936717286,-0.2599657626855818,0.10076125489945277,15.000000000001679,0.2479874580167234,
1911,191,ok,1.1663293562104435,1.0642606199862121,-0.6962154694127958,0.10801258326190855,15.000000000001679,0.2449042920197826,
1912,191,ok,2.0322181387074294,-0.028212498778655403,0.12753283141815416,0.09773137906094022,15.000000000001679,0.23113762499997392,
1913,191,ok,2.1229429440729426,-0.1190688733344726,-0.1281945937005974,0.10077080841926664,15.000000000001679,0.24040824998519383,
1914,191,ok,1.2404947863261637,0.9518109938047508,-0.6634207731099547,0.09159945825941775,15.000000000001679,0.2791424159950111,
1915,191,ok,1.7627320313855062,0.5005781478345636,-0.9268000451668342,0.09935758595817917,15.000000000001679,0.26114491699263453,
1916,191,ok,1.1404124265321642,0.8636504519405499,0.09617799755693651,0.09551904948928254,15.000000000001679,0.24486279097618535,
1917,191,ok,1.8823423802505712,0.5081229588330054,-1.147830880629285,0.09831744989205428,15.000000000001679,0.26125695899827406,
1918,191,ok,1.8221034505196285,0.19578752033678729,-0.2547122153000474,0.09143903426201379,15.000000000001679,0.29938062498695217,
1919,191,ok,1.4127769254284444,0.7901802962226654,-0.729571741074975,0.09388835141963375,15.000000000001679,0.2883575409941841,
1920,191,ok,2.006998457915295,0.000838111577266854,-0.17718508388807236,0.0941476224347667,15.000000000001679,0.28511254201293923,
1921,192,ok,1.9216490899818361,0.08092181027841373,-0.09936864074212583,-6.2514349967703e-05,15.000000000001679,0.28353887499542907,
1922,192,ok,2.386448059212104,-0.29755598618152734,-0.645268029332498,0.09782784101963286,15.000000000001679,0.21731033298419788,
1923,192,ok,1.7848100077593245,0.21532371195808073,-0.021847441469340645,0.07919995577958172,15.000000000001679,0.2750322089996189,
1924,192,ok,1.9007988105244695,0.0998830124204582,-0.05090728437940119,0.0879703028461336,15.000000000001679,0.2231264169968199,
1925,192,ok,2.173211117687489,-0.0997117767999975,-0.5604079018071598,0.09120079796565334,15.000000000001679,0.26968329201918095,
1926,192,ok,1.9660680063276903,0.041452278200095984,-0.1717970515979366,0.10058967066927237,15.000000000001679,0.23454370800754987,
1927,192,ok,1.9431782328207758,0.05788364872065315,0.06423178809491649,0.09555063051467595,15.000000000001679,0.237723875005031,
1928,192,ok,1.4443905314220915,0.89406840116989,-0.9290744351077953,0.09660469344570986,15.000000000001679,0.2933746670023538,
1929,192,ok,1.3983610762823688,0.8804682310277819,-0.8378915907941317,0.10341173220604634,15.000000000001679,0.26391354101360776,
1930,192,ok,2.0895058907844644,-0.041931923960432334,-0.4433383420529132,0.08862481989605224,15.000000000001679,0.2726027909957338,
1931,193,ok,2.1078856491094435,0.007304737145395551,-0.6872754172224987,0.09860924819495642,15.000000000001679,0.2966082089988049,
1932,193,ok,0.9277038094893492,1.0748574892194966,-0.06888898959773435,0.09667099190560496,15.000000000001679,0.21768933298881166,
1933,193,ok,2.18125073210034,-0.06751670269288422,-0.6951470638463582,0.09942150386850426,15.000000000001679,0.2475380830001086,
1934,193,ok,1.9185947223613466,0.08195199315004492,0.045799040292653415,0.10283022449307325,15.000000000001679,0.22460062502068467,
1935,193,ok,1.7601727684000994,0.2730518981824881,-0.340379829376188,0.07630858777478333,15.000000000001679,0.262534167006379,
1936,193,ok,1.8780178991613825,0.4072783451493463,-0.9950823884183297,0.09977725682088379,15.000000000001679,0.273554083018098,
1937,193,ok,1.9205317344820403,0.07955042293500773,-0.01776415220286401,0.09614902673103823,15.000000000001679,0.2347362079890445,
1938,193,ok,1.6799323227695884,0.33755456415576907,-0.24175976076822556,0.10077610912514455,15.000000000001679,0.2198955420171842,
1939,193,ok,1.105832986335489,0.8944279982558543,0.0240237929376003,0.10108937635650506,15.000000000001679,0.22345275001134723,
1940,193,ok,2.0277108550037335,-0.026860399845260275,-0.05872164029625883,0.09908716880185009,15.000000000001679,0.22948099998757243,
1941,194,ok,2.019563360655504,-0.019561138247500387,-0.002996094559929908,0.09888251159602181,15.000000000001679,0.3428811249905266,
1942,194,ok,1.2686369486278672,0.7319073857238132,-0.03715950809701228,0.10154196325679063,15.000000000001679,0.2529963340202812,
1943,194,ok,1.9157686164750924,0.08737649300294908,-0.10973017977380704,0.07499092736307499,15.000000000001679,0.2928424160054419,
1944,194,ok,2.0024642550620215,0.10044588849572907,-0.6336854663540237,0.09265116505226945,15.000000000001679,0.2333055829803925,
1945,194,ok,1.96646347098588,0.06881398045918934,-0.3708087656083046,0.07493985345874395,15.000000000001679,0.2782486250216607,
1946,194,ok,1.8794989610485562,0.14394706457200857,-0.2959456799342362,0.07710736990957488,15.000000000001679,0.25472879098379053,
1947,194,ok,1.8379750798257977,0.7410898745180217,-1.3391406535609307,0.09934874605458482,15.000000000001679,0.32160904101328924,
1948,194,ok,1.013715072072354,1.004667406304389,0.19217511616706665,0.09970136205969166,15.000000000001679,0.2862981660000514,
1949,194,ok,1.1302469373454083,0.9295346951894924,-0.36271499910483757,0.10483640676560589,15.000000000001679,0.29347220799536444,
1950,194,ok,1.0425969081089872,0.9823526442852559,-0.22672047151770197,0.10099408096883712,15.000000000001679,0.25732233401504345,
1951,195,ok,1.5926861447394498,0.4656647741645962,-0.4271587180494299,0.10100603569163084,15.000000000001679,0.21376304200384766,
1952,195,ok,1.4858162158125097,0.6287936975827597,-0.5722264441483338,0.09963422989640272,15.000000000001679,0.2341180419898592,
1953,195,ok,1.0321087256150852,1.0070837019556238,-0.2817190915941741,0.10370313869281358,15.000000000001679,0.2610932079842314,
1954,195,ok,0.8716896563205028,1.1948896778655238,-0.3341260632286506,0.09757061384919585,15.000000000001679,0.2401165830087848,
1955,195,ok,0.852480084479562,1.1475211359588842,0.001442496949736776,0.09717784849047457,15.000000000001679,0.2302495840121992,
1956,195,ok,1.9976105175429062,0.004469936105612055,0.09114572887248729,0.07881603438729028,15.000000000001679,0.26733366699772887,
1957,195,ok,1.9424902634125292,0.07484554872015463,-0.2589377573276538,0.10485719100807556,15.000000000001679,0.24023954101721756,
1958,195,ok,2.03555035327493,0.15786381884243655,-0.8660251328846764,0.0957948229595063,15.000000000001679,0.23398012499092147,
1959,195,ok,1.4019408918275311,0.6049341809299361,0.138670922116156,0.09657736849378191,15.000000000001679,0.2357996669888962,
1960,195,ok,2.2046087856417227,-0.20330635413607007,0.07576943679538203,0.101859416708226,15.000000000001679,0.24715191702125594,
1961,196,ok,2.516590574451543,-0.3998121723074885,-0.757713439938319,0.10089395179384655,15.000000000001679,0.20650020797620527,
1962,196,ok,1.8587047451120622,0.17747581787405203,-0.36495059263993535,0.07498231614577998,15.000000000001679,0.2506405000167433,
1963,196,ok,1.598288339185049,0.4020420959405212,-0.03249849271488798,0.0763131581672535,15.000000000001679,0.2836573749955278,
1964,196,ok,1.9534107565633743,0.16430184509724283,-0.6678516810970139,0.07500962684754232,15.000000000001679,0.24973733301158063,
1965,196,ok,1.7379714529700596,0.3171255918377249,-0.4341411034345082,0.07896394931362516,15.000000000001679,0.25196416600374505,
1966,196,ok,1.5738371625163137,0.4680269495448985,-0.3605856164584116,0.0778054607880178,15.000000000001679,0.23424125000019558,
1967,196,ok,1.3279257801042967,0.7937247875357765,-0.5552359761939039,0.08786146095221256,15.000000000001679,0.2395890000043437,
1968,196,ok,1.20248716802424,0.797513347129029,0.0011130723810802825,0.09187155609903983,15.000000000001679,0.27525141602382064,
1969,196,ok,1.8349942028206156,0.22411647279736993,-0.46199721015998796,0.09661645098839239,15.000000000001679,0.282381916011218,
1970,196,ok,1.960201094268936,0.041055227198984176,-0.07016913202192565,0.09781220130340906,15.000000000001679,0.26486633298918605,
1971,197,ok,1.0681078916185744,0.9887798318460397,-0.3439305738903605,0.10002532491229267,15.000000000001679,0.22167649999028072,
1972,197,ok,1.9255083007362817,0.14760394911325062,-0.5255578815539717,0.09236104035555924,15.000000000001679,0.23385495899128728,
1973,197,ok,1.5673271959255077,0.4634549184807794,-0.30910152304187527,0.09501818213230567,15.000000000001679,0.25392604200169444,
1974,197,ok,1.1771229661450129,0.847122253024212,-0.23767914917818167,0.09547998406479057,15.000000000001679,0.26229674997739494,
1975,197,ok,1.5267478015848992,0.5795981237877982,-0.5598369045509408,0.10069372208543917,15.000000000001679,0.2539248340181075,
1976,197,ok,2.030748157936091,-0.030518515092660868,-0.03053916873004762,0.10243418908180307,15.000000000001679,0.28336862500873394,
1977,197,ok,2.2728063521631747,0.13523791595190857,-1.299350254677274,0.1005332151893666,15.000000000001679,0.2221186250098981,
1978,197,ok,1.182446669126121,0.8175934315053242,-0.009738177863632614,0.10248807869658379,15.000000000001679,0.27443212500656955,
1979,197,ok,1.4246224410805353,1.1169282464667387,-1.1179147452923026,0.09646964347793249,15.000000000001679,0.3298017089837231,
1980,197,ok,1.3914449912167905,0.6374296246645653,0.2819949216573723,0.10603002078558833,15.000000000001679,0.2496904169966001,
1981,198,ok,1.8029157468581223,0.22550869187057565,-0.3188820905007131,0.07498992709620407,15.000000000001679,0.24571450002258644,
1982,198,ok,2.467027983012473,-0.42087074839769506,-0.47498619824051175,0.1026308652971933,15.000000000001679,0.29277129098773,
1983,198,ok,2.313727255603925,-0.24215423290711538,-0.5710325815408204,0.08855208409857675,15.000000000001679,0.24055762501666322,
1984,198,ok,1.4203508866585575,0.5965264753385313,-0.21830874193688182,0.09015033199326379,15.000000000001679,0.22824629198294133,
1985,198,ok,1.8937266325807511,0.29808139913056403,-0.8304659143879731,0.07890070255755523,15.000000000001679,0.25538866702117957,
1986,198,ok,1.520808395441363,0.5003407633062305,-0.2527456220075691,0.09481508754802752,15.000000000001679,0.234835415991256,
1987,198,ok,1.5816759506782467,0.737278673900959,-0.9524881445816609,0.10242423184649103,15.000000000001679,0.2492492500168737,
1988,198,ok,1.651190959537722,0.36326564385014753,-0.21801888050770118,0.1026148582234166,15.000000000001679,0.236796624987619,
1989,198,ok,2.1865779987295593,-0.18641745991368633,0.026495952761651047,0.102962505341269,15.000000000001679,0.20917616598308086,
1990,198,ok,1.6506644081810562,0.3638781263150044,-0.2186280011462746,0.0963399294992613,15.000000000001679,0.262029875011649,
1991,199,ok,1.3265672309319894,0.6738790133172438,-0.034405622536420585,0.09721368507683704,15.000000000001679,0.22555487501085736,
1992,199,ok,1.0290685795620957,0.9763295852583448,0.105266440163031,0.10322155367751332,15.000000000001679,0.23503304200130515,
1993,199,ok,1.9663791479957966,0.0339781856629051,-0.03748572025921676,0.08928974209494099,15.000000000001679,0.25860345899127424,
1994,199,ok,2.082583390273116,-0.08164666572126664,-0.06245587668905475,0.11597373087802469,15.000000000001679,0.19721325000864454,
1995,199,ok,1.6634477071042697,0.3943826515469769,-0.43480018930209263,0.09637271813731797,15.000000000001679,0.18447325000306591,
1996,199,ok,1.6353347506195912,0.40749716090869514,-0.3718258383573879,0.07499627766306881,15.000000000001679,0.19652258299174719,
1997,199,ok,2.1727721347380102,0.21224684056354884,-1.2348592593566914,0.1030116324816013,15.000000000001679,0.2343429579923395,
1998,199,ok,1.2247591526223922,0.7754114205865005,0.02043998782648706,0.09656570334093559,15.000000000001679,0.2308536669879686,
1999,199,ok,1.2063787959776349,0.7951167666937995,-0.06005159017082041,0.10089624546305288,15.000000000001679,0.22555004199966788,
2000,199,ok,1.467873224489753,0.540681568205145,-0.15824511934890736,0.09576093047280992,15.000000000001679,0.29508733298280276,
2001,200,ok,1.2502928977343162,0.8001143818872231,0.35143539032230675,0.09540778210278238,15.000000000001679,0.275290292018326,
2002,200,ok,1.1685519611442317,0.8371163172152395,-0.11495749739352483,0.08800314607467893,15.000000000001679,0.23095016699517146,
2003,200,ok,0.8734939037872239,1.3644884674896722,0.5992634579213207,0.10206640085227228,15.000000000001679,0.24124912501429208,
2004,200,ok,1.070645984535982,1.1563518615918056,-0.6591969681084783,0.0920295826788148,15.000000000001679,0.24739741600933485,
2005,200,ok,1.733337205968815,0.46747659683506265,-0.8098332472475657,0.10452841541978043,15.000000000001679,0.21405220901942812,
2006,200,ok,1.0639300649723151,0.9628260571673792,-0.2371020781457433,0.0932484561424055,15.000000000001679,0.2253700419969391,
2007,200,ok,1.6817355185093454,0.34000192618098996,-0.269519478207186,0.07964471188998415,15.000000000001679,0.24119004199746996,
2008,200,ok,1.8318068719556595,0.18374619390998656,-0.2381985054686896,0.07496939690343594,15.000000000001679,0.2777600830013398,
2009,200,ok,1.0131654005754918,1.1318405901153379,-0.52230581841677,0.09126586698148614,15.000000000001679,0.2222950829891488,
2010,200,ok,1.238501221258697,0.7699435076864876,0.14438248085090563,0.10337752234599575,15.000000000001679,0.22674358400399797,
2011,201,ok,1.3615224199922342,0.6527247624921217,-0.19645033606385168,0.08584537637915873,15.000000000001679,0.23488879200886004,
2012,201,ok,2.408427435267748,-0.39632820861603263,-0.2411095757979373,0.08364997910940764,15.000000000001679,0.24291270898538642,
2013,201,ok,2.0547037218279396,0.1967940053786345,-0.985015495033027,0.1017921158471014,15.000000000001679,0.2107617910078261,
2014,201,ok,1.3481590134418382,1.027720111491259,-0.933918917211714,0.0978222052279045,15.000000000001679,0.2347570420242846,
2015,201,ok,0.7558674608151599,1.2463758999640913,0.058192217385350124,0.09978814380552303,15.000000000001679,0.22451745899161324,
2016,201,ok,1.6688577046158113,0.3778369304415111,-0.3920114973009545,0.07499091323836975,15.000000000001679,0.21933883300516754,
2017,201,ok,0.973301025443555,1.0296328747836094,-0.07551508742465686,0.10117199284393595,15.000000000001679,0.21747154201148078,
2018,201,ok,1.7511591413854253,0.26544281968608796,-0.2405612742716314,0.11888942060469614,15.000000000001679,0.21253087499644607,
2019,201,ok,0.8624723165465241,1.2815415968947763,-0.4771540839358074,0.09951394701562584,15.000000000001679,0.2192501670215279,
2020,201,ok,1.686165401246833,0.7884845232983239,-1.1727676709707695,0.09662004251150846,15.000000000001679,0.2507440420158673,
2021,202,ok,0.9438299321189185,1.2186163465666742,0.5293907129056861,0.10345226270162675,15.000000000001679,0.1958464999916032,
2022,202,ok,1.0522369127648312,1.113800679646335,-0.5673211481952397,0.10067313271956549,15.000000000001679,0.2203452080138959,
2023,202,ok,1.8503798708771777,0.21234372719676955,-0.4776931199574716,0.10228243620199436,15.000000000001679,0.19833470799494535,
2024,202,ok,1.737024567961762,0.2707017500649222,-0.16365180253887499,0.09764947124770058,15.000000000001679,0.2190508749918081,
2025,202,ok,1.6864928092264777,0.3139985845659379,0.04070900056443765,0.0867705541211184,15.000000000001679,0.2521271660225466,
2026,202,ok,0.8531973171462244,1.2753216671887255,0.4503187492647699,0.09392646092631267,15.000000000001679,0.2658011659805197,
2027,202,ok,2.1110194093546366,-0.021811621865193538,-0.6071908368567787,0.09445797595927409,15.000000000001679,0.1995042500202544,
2028,202,ok,2.160501191479535,-0.1300184499132785,-0.3616445788526695,0.10159889641976756,15.000000000001679,0.22758020798210055,
2029,202,ok,0.6034423610859507,1.3979842521165073,0.04146953644865036,0.09736966879598216,15.000000000001679,0.22696220799116418,
2030,202,ok,1.6742810027814246,0.34134739485271365,-0.22822885819478025,0.07496533082665267,15.000000000001679,0.23860762498225085,
2031,203,ok,1.029681119813149,1.1149971229180553,0.5263203549705643,0.10346034880518676,15.000000000001679,0.22509179098415188,
2032,203,ok,1.5823224621853715,0.4222370150099706,0.12003473468845888,0.0938777827524941,15.000000000001679,0.20929937501205131,
2033,203,ok,1.1263086972999348,0.8837617093963799,0.15027761045406646,0.09605790596889506,15.000000000001679,0.2551970829954371,
2034,203,ok,0.8700821443035845,1.1355854447060547,0.09914844644216378,0.09624444284318791,15.000000000001679,0.20185750001110137,
2035,203,ok,2.226738044794074,-0.05378343776088687,-0.8604277488042843,0.09883363441280386,15.000000000001679,0.215294209017884,
2036,203,ok,0.7621626249607837,1.2440623372014303,0.09721171148451331,0.09117281470953371,15.000000000001679,0.24583841700223275,
2037,203,ok,1.9796751694048706,0.02283856022186329,0.09973172721179897,0.07495869659396,15.000000000001679,0.2621876670164056,
2038,203,ok,1.7383393258792434,0.2893869118934309,-0.30923530635554863,0.07686612286155024,15.000000000001679,0.20762441700208,
2039,203,ok,0.7243139429322135,1.311728300757117,0.22563855155386062,0.10315622301150265,15.000000000001679,0.23480987499351613,
2040,203,ok,2.1819962453661392,-0.15960599773374667,-0.3117844597544229,0.10090817102017113,15.000000000001679,0.21965808398090303,
2041,204,ok,1.950257058740136,0.05033732486457993,-0.0481461145838811,0.07499490573591171,15.000000000001679,0.25819216601666994,
2042,204,ok,0.974371340960682,1.0867987614360657,-0.339798481413343,0.09691049241820036,15.000000000001679,0.23438987499685027,
2043,204,ok,1.406707571243483,0.6036687784020068,0.17054416021779986,0.10322245679714602,15.000000000001679,0.2300422079861164,
2044,204,ok,2.1298690920427794,-0.11751312887484186,-0.22908622455706856,0.09574600365449513,15.000000000001679,0.22115504200337455,
2045,204,ok,1.9463102890770918,0.0562990117547534,-0.10074824892674455,0.09240319020360252,15.000000000001679,0.23326029200688936,
2046,204,ok,1.8813765641297509,0.12106643264610428,-0.09584584251510093,0.10272454807062605,15.000000000001679,0.2535494170151651,
2047,204,ok,1.7087091094922409,0.33297723426677467,-0.37512920359379576,0.08289661683740307,15.000000000001679,0.20320791698759422,
2048,204,ok,2.298585065466148,-0.13403778303426983,-0.8540351537063311,0.0862985872782768,15.000000000001679,0.28807354101445526,
2049,204,ok,1.7041214377636669,0.6559862828323401,-1.0476912726136822,0.10102559783477678,15.000000000001679,0.1934682500141207,
2050,204,ok,1.4159494191900495,0.6101631157166678,-0.27067728532375523,0.10177530179895675,15.000000000001679,0.2070221670146566,
2051,205,ok,1.9110327720490539,0.22699373324852537,-0.7130883773456766,0.0996871048938781,15.000000000001679,0.24935195801663212,
2052,205,ok,1.9971550519089984,0.0038679662650306745,-0.06391561047764092,0.08520441655010286,15.000000000001679,0.23621724999975413,
2053,205,ok,2.0604572088669264,0.29829899524578624,-1.1617648643293468,0.0989866316371901,15.000000000001679,0.2171755830058828,
2054,205,ok,1.050486469187737,0.9600098092853173,-0.1481290827749765,0.1031839680189509,15.000000000001679,0.233865042013349,
2055,205,ok,1.3748018510805307,0.9371186512307396,-0.871988169743656,0.09233692626006873,15.000000000001679,0.27273237498593517,
2056,205,ok,1.9723883162461566,0.02886250382239279,-0.07023276462608048,0.09934620562009792,15.000000000001679,0.22404183298931457,
2057,205,ok,1.2219342550553032,0.7880350226517836,0.15576975752339178,0.11444535186375832,15.000000000001679,0.23295600002165884,
2058,205,ok,2.5199909270510363,-0.5160040311145876,0.14169681660039596,0.10268337510576693,15.000000000001679,0.21871695801382884,
2059,205,ok,1.1375929750574596,1.0947135301353395,-0.6888934492213313,0.09399331730776882,15.000000000001679,0.2568573339958675,
2060,205,ok,2.232221737974133,-0.03717934471112987,-0.912531755593519,0.10064588762853832,15.000000000001679,0.2465876669739373,
2061,206,ok,1.481287299577092,0.9201911548159197,-1.014014261117967,0.09246639787667135,15.000000000001679,0.19745800000964664,
2062,206,ok,1.037830609738668,0.9630470040520709,0.04267152100815748,0.09268487074713593,15.000000000001679,0.27483350000693463,
2063,206,ok,0.8441285944348653,1.1886019873155456,0.23277961455913437,0.10108191749204984,15.000000000001679,0.19728970900177956,
2064,206,ok,1.8740358256326521,0.1555615823717098,-0.33174869906527915,0.08903481999997721,15.000000000001679,0.2603469169989694,
2065,206,ok,2.0702346174188104,-0.07020246045634108,-0.011538798885435804,0.09794617178602945,15.000000000001679,0.23359133300255053,
2066,206,ok,1.6286604295998948,0.49937586999896355,-0.6329786847936874,0.08083221521752473,15.000000000001679,0.262113416014472,
2067,206,ok,1.2059058800723819,0.8669967255807772,-0.4129316792745075,0.09703240423449645,15.000000000001679,0.24304929201025516,
2068,206,ok,1.5705717543749773,0.42993845473472575,0.04002973544396184,0.10252425633759198,15.000000000001679,0.2323799999721814,
2069,206,ok,2.2054574260593927,-0.20263095229937136,0.11162144118979142,0.09923187522784926,15.000000000001679,0.21240412502083927,
2070,206,ok,1.1869390467058079,0.8531776981176816,0.30597860791276327,0.08621536637867344,15.000000000001679,0.21389241598080844,
2071,207,ok,2.0766346711332293,-0.07641615360462099,-0.03012497970797382,0.10287343945936119,15.000000000001679,0.2297941250144504,
2072,207,ok,1.9784210411357155,0.02211672910183078,-0.04612572719955798,0.10281242987310604,15.000000000001679,0.2561682919913437,
2073,207,ok,1.3165428624287105,0.6998486842485416,-0.20710302933982963,0.09627485939979265,15.000000000001679,0.21736641600728035,
2074,207,ok,1.4718889080530997,0.5444721142208698,-0.21885047719637743,0.09953749019743773,15.000000000001679,0.2365707499848213,
2075,207,ok,1.8954381431007001,0.10818857623748021,0.11719765886167674,0.08570806757159179,15.000000000001679,0.252951916976599,
2076,207,ok,0.8014577496972082,1.2170474953692827,-0.17123054646353056,0.10206520259170382,15.000000000001679,0.2104235839797184,
2077,207,ok,1.4698596765250023,0.6073291685335244,-0.4700589578517361,0.09496422599846926,15.000000000001679,0.2425129589973949,
2078,207,ok,1.7908569842575004,0.2772051310323376,-0.48902615218673573,0.10293397129716385,15.000000000001679,0.20930983300786465,
2079,207,ok,1.799919215318608,0.2545928229102981,-0.4396168420760422,0.08106332134151435,15.000000000001679,0.25740912501350977,
2080,207,ok,1.8004121225012408,0.7480036294608724,-1.2938272291949473,0.09448105342830249,15.000000000001679,0.20778687502024695,
2081,208,ok,1.4598552200882267,0.6247548801226682,0.4897735434590443,0.09059547020041321,15.000000000001679,0.24899570798152126,
2082,208,ok,0.8598994722237078,1.148544657469025,0.12021190459381048,0.09341417814538952,15.000000000001679,0.23114829199039377,
2083,208,ok,1.998162212315654,0.002083002380739316,-0.03130331212869951,0.08120970883804926,15.000000000001679,0.2326699999975972,
2084,208,ok,1.8763276582055055,0.13424336628950037,-0.1988910875635729,0.08041038077973947,15.000000000001679,0.2501973750186153,
2085,208,ok,1.327929467063275,0.6737763694059535,0.06728708010383594,0.10306579339668334,15.000000000001679,0.2158576250076294,
2086,208,ok,1.9945305728692517,0.0867589044457969,-0.5636139781736234,0.09248986953758914,15.000000000001679,0.20167245899210684,
2087,208,ok,1.447940067439468,0.6923082617495454,-0.6216693305995683,0.09943344442923084,15.000000000001679,0.22643729197443463,
2088,208,ok,1.484302169867315,0.5798416335797362,-0.43162848117257907,0.09944941651327084,15.000000000001679,0.2140877920028288,
2089,208,ok,0.885806633839068,1.1245306413799714,0.134932556007571,0.0984901730246229,15.000000000001679,0.23403712501749396,
2090,208,ok,1.341737559834623,0.7672183604210266,-0.5296311061370416,0.09206376515923696,15.000000000001679,0.2310988749959506,
2091,209,ok,1.5424934000016788,0.7102500523955755,-0.8460679415408214,0.09101500571653319,15.000000000001679,0.2421876250009518,
2092,209,ok,1.7780471042367336,0.323968914953463,-0.5936087152681989,0.09729612996055959,15.000000000001679,0.22042525000870228,
2093,209,ok,2.393761305825883,-0.39360418274260417,-0.027426367355981165,0.10565287029994243,15.000000000001679,0.22098604100756347,
2094,209,ok,1.0226170459699875,1.020296525291301,-0.29313260540595826,0.09230539403170408,15.000000000001679,0.23882933301501907,
2095,209,ok,2.0854289775368344,-0.08533657949753738,0.01963085733831231,0.09967553145805826,15.000000000001679,0.2308476670004893,
2096,209,ok,1.042545709270663,0.957494457523831,0.009151493055109884,0.10525030357767969,15.000000000001679,0.2362671250011772,
2097,209,ok,0.9848607444190858,1.0659952825984216,-0.31238737773686276,0.09764938681308687,15.000000000001679,0.20885895800893195,
2098,209,ok,1.0872203477413984,0.9506905368448312,-0.28460101032136,0.0987715135318839,15.000000000001679,0.2438862500130199,
2099,209,ok,1.7388447473502557,0.27004796091910427,-0.17563313430963215,0.103837468277706,15.000000000001679,0.2126189999980852,
2100,209,ok,1.4141171556607122,0.6084194562484248,-0.2514575912276533,0.09847311156284144,15.000000000001679,0.23336691700387746,
2101,210,ok,0.7795660591219445,1.2802586807326553,-0.29949236029358267,0.10247379358410998,15.000000000001679,0.2107168329821434,
2102,210,ok,2.260283691626116,-0.062775591457937,-0.9240342125248077,0.09823154885465149,15.000000000001679,0.26166191601078026,
2103,210,ok,1.3336432517680985,0.6803080985443117,-0.1923996055579588,0.10279739934856133,15.000000000001679,0.2210647500178311,
2104,210,ok,1.906828938776532,0.12548232248405522,-0.34954267040786907,0.10021109876825582,15.000000000001679,0.24130841600708663,
2105,210,ok,1.9477413417474978,0.3883064396151232,-1.0936819472617543,0.1072521529793461,15.000000000001679,0.25849437501165085,
2106,210,ok,1.8264847274892242,0.3100069099315905,-0.6927985387343237,0.08815353483280285,15.000000000001679,0.2435140000015963,
2107,210,ok,2.0033780369695746,0.24360733852611305,-0.9636432834471177,0.1010411169213597,15.000000000001679,0.22972000000299886,
2108,210,ok,1.2212401451654589,0.9716264104696303,-0.658692077165176,0.09633937179522803,15.000000000001679,0.2333241669985,
2109,210,ok,2.028453146785118,0.0181702426644891,-0.43240372528681886,0.1005278045312721,15.000000000001679,0.23864387499634176,
2110,210,ok,1.4568685627935711,0.5437914363878653,-0.043847788072937946,0.09832202191775737,15.000000000001679,0.22562483299407177,
2111,211,ok,1.8164551302213245,0.2524316280895613,-0.4954937190375552,0.0749842628523445,15.000000000001679,0.2789216250239406,
2112,211,ok,1.7125434527439605,0.3332550671612813,-0.3934036176659542,0.08401702981346666,15.000000000001679,0.24670620801043697,
2113,211,ok,2.3015948685542873,-0.2809802515806925,-0.3073565207610015,0.0905707916127219,15.000000000001679,0.2122514589864295,
2114,211,ok,1.3323747095240688,0.6858487033133712,0.2196104186877261,0.09869961473325949,15.000000000001679,0.54318899998907,
2115,211,ok,0.8766368518559339,1.1810552744323044,-0.3127646183581742,0.10094708114704821,15.000000000001679,0.30021329200826585,
2116,211,ok,1.0508733052428794,1.02160508088413,-0.3835076086863781,0.10221270362340935,15.000000000001679,0.2533699580235407,
2117,211,ok,2.066983193511398,-0.06691341967272094,0.016983457698441576,0.10277453291962131,15.000000000001679,0.26436729199485853,
2118,211,ok,1.136170181637073,0.9281251754015448,-0.3767851404092934,0.09537212961384046,15.000000000001679,0.2274960830109194,
2119,211,ok,1.2049547593680883,0.9044196935105535,-0.5016171489854566,0.09462445004952445,15.000000000001679,0.2177452910109423,
2120,211,ok,1.3955085549451418,0.6464027721578739,-0.33943875987162825,0.08939981771236576,15.000000000001679,0.2951589169970248,
2121,212,ok,1.9495615662153762,0.05274169631186784,-0.09473858338485411,0.09905765175802182,15.000000000001679,0.19068279201746918,
2122,212,ok,1.9175612327256941,0.09222727221754567,-0.19350529807211161,0.09763006933171688,15.000000000001679,0.26180149998981506,
2123,212,ok,2.383277439375637,-0.3710351184582739,-0.24125467886540872,0.10446144049245765,15.000000000001679,0.24528783300775103,
2124,212,ok,1.6124355886840946,0.3947750033425272,-0.1523195252127554,0.09847779930987625,15.000000000001679,0.2475497919949703,
2125,212,ok,1.4901514169104324,0.8676532825456261,-0.9686806268272706,0.09987129415419363,15.000000000001679,0.20722124999156222,
2126,212,ok,2.5121514894125747,-0.40621443932181606,-0.7218290502307421,0.0991356956178524,15.000000000001679,0.20344433400896378,
2127,212,ok,1.6097139402464629,0.3902887930440727,-0.0029664160673026395,0.08984097706981208,15.000000000001679,0.25086162498337217,
2128,212,ok,1.8033413686177007,0.2047051040574045,-0.1701655910295244,0.1037902999416468,15.000000000001679,0.20443504201830365,
2129,212,ok,2.281503106163885,-0.17209026183623713,-0.6980546668217626,0.10021884174334396,15.000000000001679,0.23143987500225194,
2130,212,ok,1.817782311743432,0.2123294908593825,-0.32949458817440563,0.08337659925001828,15.000000000001679,0.21938570798374712,
2131,213,ok,1.8713229770485464,0.14641167113090714,-0.25702138337134106,0.10837094789793679,15.000000000001679,0.22226725000655279,
2132,213,ok,1.6837548954738542,0.32838495190629857,-0.20182586310694012,0.09738095721062753,15.000000000001679,0.25559483299730346,
2133,213,ok,1.842451610486674,0.18963147890381205,-0.3423357340520272,0.10523233686237492,15.000000000001679,0.2042736250150483,
2134,213,ok,1.091815667552661,1.0879358265046652,0.6001669728831588,0.10673638677300296,15.000000000001679,0.2611654170032125,
2135,213,ok,0.9499734658466179,1.12845294423138,0.3779620554945765,0.09230322726019059,15.000000000001679,0.2550741669838317,
2136,213,ok,2.4025092850603,-0.31396053543066327,-0.6462487951790653,0.09245054837763761,15.000000000001679,0.22261583400540985,
2137,213,ok,2.148988724481167,-0.07076618566721228,-0.5745258412329767,0.10431145967462421,15.000000000001679,0.21044891598285176,
2138,213,ok,2.01238989757125,-0.00579805569890934,0.16274906943297918,0.09131801355111656,15.000000000001679,0.21458445899770595,
2139,213,ok,1.7444654161635655,0.29147927173436905,-0.35230173044905705,0.07496740150491783,15.000000000001679,0.2417343340057414,
2140,213,ok,1.740400744693479,0.3917311209923923,-0.6651811519768354,0.10263042299405285,15.000000000001679,0.21909812500234693,
2141,214,ok,1.8821109362218889,0.31484893794634267,-0.8382168420554825,0.09921501009039885,15.000000000001679,0.22478075002436526,
2142,214,ok,1.9881438341002708,0.020247856236208474,-0.1824756266836676,0.09224192848135113,15.000000000001679,0.22189383397926576,
2143,214,ok,1.8753142203992634,0.13300667446700673,-0.17646344563946234,0.08759014971930994,15.000000000001679,0.22322908299975097,
2144,214,ok,2.23368561773424,-0.05825703525946111,-0.8677150544261226,0.10074335518988883,15.000000000001679,0.2333480000088457,
2145,214,ok,1.2768423795830206,0.9049957448506981,-0.6567283635599674,0.09622062995141112,15.000000000001679,0.2298318340035621,
2146,214,ok,1.9594793993920967,0.21748764584015015,-0.8137623878685487,0.10302922454499784,15.000000000001679,0.22175466699991375,
2147,214,ok,0.6212923002922487,1.3837766943358125,-0.07920201991575124,0.10373783084110928,15.000000000001679,0.21610354198492132,
2148,214,ok,1.0727282782737153,0.9291956063317752,-0.06421767287059699,0.1017117457224608,15.000000000001679,0.2201602080021985,
2149,214,ok,0.9453581118783835,1.2710501129520646,-0.6019418758211331,0.0925364627950333,15.000000000001679,0.22202629200182855,
2150,214,ok,2.2921840399824838,-0.16940885786655166,-0.7401168019715293,0.09886042501197392,15.000000000001679,0.23369337499025278,
2151,215,ok,1.0141882979072903,0.9858902762251545,0.012624252745933299,0.09893682008837455,15.000000000001679,0.2675645420094952,
2152,215,ok,0.9569313087161894,1.091842263738992,-0.3016074529426624,0.09279012703812634,15.000000000001679,0.22002866701222956,
2153,215,ok,1.4686302541981189,0.5436046312418044,-0.18917545666843408,0.10806199664392441,15.000000000001679,0.21346395800355822,
2154,215,ok,1.9434338169414844,0.05940181468573389,0.10494610038836281,0.10701428454668875,15.000000000001679,0.23574124998413026,
2155,215,ok,2.022788950082278,-0.017025895939697624,-0.15258332701715308,0.08244579530969705,15.000000000001679,0.2353890000085812,
2156,215,ok,1.0481759754178106,1.0390500382364478,-0.41862638047512735,0.0961818859275769,15.000000000001679,0.2277914579899516,
2157,215,ok,2.219598560442548,-0.179314427009996,-0.42095890267901914,0.09900551316978808,15.000000000001679,0.2839838750078343,
2158,215,ok,2.489175112539444,-0.3562771893475899,-0.8024652938576065,0.09264365764189897,15.000000000001679,0.29128595799556933,
2159,215,ok,0.7294539278228708,1.2705683544319535,-0.00570151384333181,0.10248110378945219,15.000000000001679,0.2539693750150036,
2160,215,ok,1.0881137484533314,0.9172685666996474,-0.10809335278602382,0.10476779346168227,15.000000000001679,0.2465871669992339,
2161,216,ok,1.9088561263571113,0.09118644719690946,0.01274879470067298,0.10466720741438802,15.000000000001679,0.2851010000158567,
2162,216,ok,2.182828001561541,-0.18249303716365156,0.03823907861505596,0.08357701379946086,15.000000000001679,0.27910804099519737,
2163,216,ok,2.267589644683526,0.016233718422219618,-1.098468996718172,0.1026142977938689,15.000000000001679,0.2365952499967534,
2164,216,ok,2.066225977841471,-0.0644803042547388,-0.084916811357974,0.09979352521203748,15.000000000001679,0.2478127909998875,
2165,216,ok,1.6658740398377185,0.3917764451399518,-0.43445749412174933,0.09866933862878077,15.000000000001679,0.2430024589993991,
2166,216,ok,0.946688390163039,1.1627106685441597,-0.4417753767467336,0.09391102998585739,15.000000000001679,0.21016087499447167,
2167,216,ok,1.6924006991241696,0.3120226194128096,0.12228037055057599,0.09588035457646744,15.000000000001679,0.22664791601710021,
2168,216,ok,2.0522850756679576,-0.05223774726236107,-0.013937737296406358,0.10084648967504085,15.000000000001679,0.22872704197652638,
2169,216,ok,2.177131088258398,-0.09274384238344438,-0.6002690943463386,0.10107476314449251,15.000000000001679,0.20558183299726807,
2170,216,ok,1.08473369547715,0.9152713658900873,-0.003313675535957643,0.09961612122175041,15.000000000001679,0.2204535840137396,
2171,217,ok,1.5106810800156836,0.6211016980060958,-0.6170873506041756,0.09858363670344006,15.000000000001679,0.2700630839972291,
2172,217,ok,1.2986840964066935,0.7509646046709063,-0.3556556810663434,0.1018611892473686,15.000000000001679,0.22853358299471438,
2173,217,ok,1.1525725410074483,0.9593930530386728,-0.49554075939340453,0.09721081307136689,15.000000000001679,0.22525529100676067,
2174,217,ok,1.1459257321593947,0.9411087534606728,-0.43805834272096045,0.10343864196235575,15.000000000001679,0.2526549579924904,
2175,217,ok,1.6889178879459439,0.5189839284067123,-0.8118097239539408,0.09571180951868045,15.000000000001679,0.19504291599150747,
2176,217,ok,1.479270542916202,1.2305272042237851,-1.2633894711053797,0.10004141154437085,15.000000000001679,0.2537963750073686,
2177,217,ok,2.0901531925218024,-0.08212194766546889,-0.1830534437229658,0.10295012325787568,15.000000000001679,0.2083193750004284,
2178,217,ok,1.1037561154976465,0.9029192546309072,0.12120808817422131,0.09120647502063536,15.000000000001679,0.2243332499929238,
2179,217,ok,2.023887345305748,0.20692955429751653,-0.9386257844514212,0.10182611388957649,15.000000000001679,0.24166804100968875,
2180,217,ok,2.1832596994005926,0.02756639732524103,-0.9360174133349433,0.10367604687970841,15.000000000001679,0.24589783299597912,
2181,218,ok,1.6436394829491372,0.3776153693880007,-0.26347459130488066,0.10377887993547566,15.000000000001679,0.2453408750006929,
2182,218,ok,2.0406518355506678,-0.04064809808068219,0.0039056031549961363,0.10296365252750478,15.000000000001679,0.22119404200930148,
2183,218,ok,1.150888072495535,0.9307392109570124,-0.42570496876082553,0.09811366560108727,15.000000000001679,0.2443007090187166,
2184,218,ok,2.2265089580767943,-0.20484377222202813,-0.3098484798896865,0.07496091504960535,15.000000000001679,0.230661167006474,
2185,218,ok,2.305156801390072,-0.2823732397956507,-0.3232959530517067,0.10169574989758488,15.000000000001679,0.22803074997500516,
2186,218,ok,1.5945077676625292,0.5720632208547191,-0.7095432163725779,0.09389941085626624,15.000000000001679,0.1939061660086736,
2187,218,ok,1.156462476667083,0.9083444683330464,-0.3816983889406714,0.09804409336338755,15.000000000001679,0.2648907500260975,
2188,218,ok,1.9276192800263128,0.14700534991340328,-0.5311562062892713,0.09735056146764276,15.000000000001679,0.261889457993675,
2189,218,ok,1.6017026783419743,0.48212721802175573,-0.5113840900316312,0.10549896831594041,15.000000000001679,0.251872333989013,
2190,218,ok,1.238269596079216,1.080796802722885,-0.8296849249502571,0.10261296640240714,15.000000000001679,0.20391837498755194,
2191,219,ok,2.297741878718425,-0.02185985702591679,-1.0916503376830955,0.10633582728034675,15.000000000001679,0.23794366701622494,
2192,219,ok,1.739784055111456,0.5077041727424187,-0.8943722504470234,0.08997211951734302,15.000000000001679,0.22803649998968467,
2193,219,ok,0.8508958961687165,1.1810489563367566,-0.23096106641520256,0.09719134351943784,15.000000000001679,0.20490783400600776,
2194,219,ok,2.018438789788627,-0.017943473651551765,0.04471336791706915,0.08704542486651397,15.000000000001679,0.2304800419951789,
2195,219,ok,1.816643300861465,0.18498585691072575,-0.07691906753690393,0.10392347402220364,15.000000000001679,0.22708187499665655,
2196,219,ok,1.87044649630287,0.14221587469481065,-0.2172745712128191,0.10512105521061217,15.000000000001679,0.2361208749935031,
2197,219,ok,0.706112519747556,1.3226248901790498,0.19939370887592778,0.10291780678747942,15.000000000001679,0.3035598749993369,
2198,219,ok,0.8188877058793629,1.271988493306711,0.3749350889987933,0.10111437785514475,15.000000000001679,0.30503166699782014,
2199,219,ok,1.3124365843796535,0.7382308601622006,-0.3611487585069507,0.097362784421743,15.000000000001679,0.291410707985051,
2200,219,ok,2.0507292216820914,-0.04778291981429778,-0.1098883705296654,0.09988321654242058,15.000000000001679,0.2338089580007363,
2201,220,ok,1.2993016968991085,0.729105433647775,-0.27020714420846265,0.10155695901242018,15.000000000001679,0.23525624998728745,
2202,220,ok,2.4659060360420746,-0.28397832584173865,-0.9295889337088223,0.10225109247105064,15.000000000001679,0.23412516701500863,
2203,220,ok,1.6141567322228976,0.4257614508331961,0.35675614430265895,0.09836327040690485,15.000000000001679,0.23699195799417794,
2204,220,ok,1.0882776375844943,1.0239796113128439,0.4813859338757839,0.10379437285095348,15.000000000001679,0.24505391699494794,
2205,220,ok,1.968843866355328,0.04004381801245622,-0.1868634120790024,0.10021262048901337,15.000000000001679,0.2184454590023961,
2206,220,ok,1.1097139346831895,1.0721948770229293,-0.6088042958189018,0.09928679637862026,15.000000000001679,0.23466883398941718,
2207,220,ok,1.5318280705446048,0.47816461629858764,-0.17468343545620563,0.09969911496598262,15.000000000001679,0.27802100000553764,
2208,220,ok,2.029025145622383,0.03426206464859692,-0.5028095176986356,0.09410486105077029,15.000000000001679,0.45034599999780767,
2209,220,ok,1.2528724221751453,0.9227320019508342,-0.6396741097044316,0.10180664372104445,15.000000000001679,0.3098023330094293,
2210,220,ok,1.9032082387399505,0.11311547936827844,0.24873360409888848,0.0795910034103305,15.000000000001679,0.2986148750060238,
2211,221,ok,1.4073644677283021,0.6001842542953759,-0.1455699938228164,0.09514100722088296,15.000000000001679,0.26771395799005404,
2212,221,ok,1.576163813122139,0.4299576748778787,0.13877846778533343,0.09990647781334142,15.000000000001679,0.24183337501017377,
2213,221,ok,0.7359403554718476,1.4587742907363312,-0.4986811992085406,0.10108010104338988,15.000000000001679,0.24871095799608156,
2214,221,ok,1.9346401013843075,0.06599555285907442,0.04958951828164695,0.09260805215408627,15.000000000001679,0.2450992079975549,
2215,221,ok,1.5643257352874627,0.6583451339758474,-0.804411105440728,0.09303694668065732,15.000000000001679,0.2329327080224175,
2216,221,ok,1.1513442451272875,0.9533404539801795,-0.479684652155254,0.09861533677088863,15.000000000001679,0.21295658298186027,
2217,221,ok,0.9993578647104702,1.021455685866358,0.2028969369788276,0.10444429046053093,15.000000000001679,0.21316149999620393,
2218,221,ok,1.551300010669648,0.46171937911266514,-0.20056035128141733,0.09737011208384568,15.000000000001679,0.267228457989404,
2219,221,ok,1.874652846100412,0.12990488633712108,-0.1306428690996901,0.08798047451403629,15.000000000001679,0.27160175002063625,
2220,221,ok,0.9868234187252007,1.016092688715651,0.07580806385666376,0.09388771381682982,15.000000000001679,0.2535145410220139,
2221,222,ok,1.7588923758990194,0.3489450612560236,-0.606399191329294,0.10372584193954251,15.000000000001679,0.24203508300706744,
2222,222,ok,1.5020597845754264,0.5953334486423209,-0.5320671723905743,0.0942875325647749,15.000000000001679,0.22677245800150558,
2223,222,ok,1.1484650696450185,0.9511021524473816,-0.4677449321951239,0.10361755940964512,15.000000000001679,0.22478604098432697,
2224,222,ok,2.017700491680693,-0.017696068086351806,0.004225039335652071,0.10062142400533745,15.000000000001679,0.21195195798645727,
2225,222,ok,1.842844645804579,0.16177235906606396,-0.13036690023568426,0.10198383067847526,15.000000000001679,0.26813350000884384,
2226,222,ok,2.191950101407644,-0.04030116166662546,-0.801134456107587,0.10489564630417263,15.000000000001679,0.21475412501604296,
2227,222,ok,2.304050358504061,-0.3030796677703289,0.06687374989936522,0.10267149379333243,15.000000000001679,0.25612783298129216,
2228,222,ok,1.6731435422481058,0.4858562240906909,-0.7118833744663792,0.09647040066641699,15.000000000001679,0.19539137498941272,
2229,222,ok,1.6656139802852068,0.3721408761425402,0.35262530282943805,0.09832072731343144,15.000000000001679,0.28073300002142787,
2230,222,ok,1.3638386464849883,0.6828393401006162,-0.35375648355814515,0.09219114136538527,15.000000000001679,0.24124445900088176,
2231,223,ok,2.1440261586838663,0.0556808085567256,-0.9035878766927252,0.09912056611955018,15.000000000001679,0.22191779100103304,
2232,223,ok,2.4272715488752583,-0.39924023683108717,-0.36782259032039605,0.10096918803688726,15.000000000001679,0.25452720900648274,
2233,223,ok,2.2728987018091598,-0.2700583532431588,0.11359393274607754,0.10423683894921133,15.000000000001679,0.22845445800339803,
2234,223,ok,1.8022210590939085,0.3741492864149797,-0.7775668479151163,0.10150585375537498,15.000000000001679,0.22503558298922144,
2235,223,ok,1.550142780613872,0.8006191393125318,-0.9820530491301857,0.09711610288997288,15.000000000001679,0.2455047910043504,
2236,223,ok,1.5479824204511394,0.9312936440565973,-1.1198733405130872,0.10338730682634033,15.000000000001679,0.223404209013097,
2237,223,ok,1.6320369353536928,0.8017067484423639,-1.107988195618573,0.09967318497329736,15.000000000001679,0.24492304198793136,
2238,223,ok,2.1591661177390553,-0.078639106133275,-0.584172740245387,0.07917520377862455,15.000000000001679,0.2288857499952428,
2239,223,ok,1.3075497854376044,0.9487456948107914,-0.7775286664934478,0.09290380739872804,15.000000000001679,0.21485979200224392,
2240,223,ok,1.6508582823279527,0.5254783164964718,-0.7423738096193316,0.09938929631373014,15.000000000001679,0.24762791700777598,
2241,224,ok,1.550675748440308,0.5215121066632998,-0.4676203867002764,0.09894492358614286,15.000000000001679,0.22529795800801367,
2242,224,ok,1.9895173348842563,0.010938883210572231,-0.04260398433653437,0.09857666224006616,15.000000000001679,0.23331641699769534,
2243,224,ok,2.0181860116139,-0.018073007069442367,-0.02135686333996838,0.07688725162712157,15.000000000001679,0.24771216700901277,
2244,224,ok,2.15555612358348,-0.08755135631062917,-0.5371699327809505,0.10629628777087607,15.000000000001679,0.22783950000302866,
2245,224,ok,2.1443068316754594,-0.12974148511921185,-0.2495055008056135,0.09262184782676793,15.000000000001679,0.20247758299228735,
2246,224,ok,1.7409553664884643,0.289196291892241,-0.32260852504192294,0.07503151549229217,15.000000000001679,0.2680177919974085,
2247,224,ok,2.2648807955245984,0.02599438230325295,-1.1103994052762372,0.09891097057543144,15.000000000001679,0.2073906250006985,
2248,224,ok,1.350495923875087,1.0076581457637388,-0.9160223167227771,0.09687575656265247,15.000000000001679,0.2559016670275014,
2249,224,ok,1.9438131102092402,0.05656282226463974,0.03822752434225597,0.07298149565535494,15.000000000001679,0.24896037500002421,
2250,224,ok,1.6882209940421713,0.965254816285271,-1.3339387277922135,0.10031312894305125,15.000000000001679,0.21676949999528006,
2251,225,ok,1.7606565508689977,0.25214852184547637,-0.21195919520266823,0.10462568423455386,15.000000000001679,0.24061866698320955,
2252,225,ok,1.5395142249608031,0.5581490442176298,-0.5396015846586516,0.07634705824420016,15.000000000001679,0.21607054199557751,
2253,225,ok,2.009148989531659,-0.007116738342282579,0.09034412433757012,0.07736410922991817,15.000000000001679,0.26362270800746046,
2254,225,ok,1.2877227652025809,0.9505256747677094,-0.7462128119371912,0.09376922779563464,15.000000000001679,0.21164195801247843,
2255,225,ok,2.3505763432166127,0.04678628236095818,-1.307732892649052,0.09903385196216467,15.000000000001679,0.19746620798832737,
2256,225,ok,2.083650366065049,0.25347469779686294,-1.1363310330917011,0.10707858865610094,15.000000000001679,0.2458500000066124,
2257,225,ok,1.4432593064829424,0.8093575387297447,-0.8157008981053856,0.0991395212013209,15.000000000001679,0.24483887499081902,
2258,225,ok,1.9600196357431856,0.4580466703817436,-1.2099821906863022,0.10193036560197324,15.000000000001679,0.19159095900249667,
2259,225,ok,2.426694226339101,-0.16072872665936652,-1.1045796657265243,0.1029705755644263,15.000000000001679,0.2046141250175424,
2260,225,ok,1.0201128267412198,0.9820657083495812,-0.06663300356521563,0.08940064575801909,15.000000000001679,0.21377708297222853,
2261,226,ok,0.7931645486673069,1.2831879684298948,0.33954456652838866,0.1124546418709803,15.000000000001679,0.21936320900567807,
2262,226,ok,1.7628364649346773,0.38600284879563607,-0.7089468231169295,0.10632917298932815,15.000000000001679,0.23891074999119155,
2263,226,ok,1.9065673095087134,0.09374709144063771,0.03462303129805867,0.07025768763682487,15.000000000001679,0.24204204199486412,
2264,226,ok,1.3083543545961382,0.8650032913195821,-0.6508253133332289,0.0903972848672001,15.000000000001679,0.2404597919958178,
2265,226,ok,1.8522583306055809,0.3976206959229453,-0.9291078996345403,0.1025052291900154,15.000000000001679,0.20516104198759422,
2266,226,ok,0.9208893222474565,1.1203981625532473,-0.2726495028230862,0.09570501757627849,15.000000000001679,0.21124350000172853,
2267,226,ok,2.1201085714871577,-0.11937156406897062,-0.055897480347158995,0.10217939758458591,15.000000000001679,0.2215584579971619,
2268,226,ok,2.167636629480628,-0.14333764434051807,-0.3236545995640649,0.09502774107273596,15.000000000001679,0.22386912498041056,
2269,226,ok,1.0399696371525862,0.9903807919735272,-0.24941110837987884,0.10310579035648665,15.000000000001679,0.22871304099680856,
2270,226,ok,1.687327871113408,0.4833278432875293,-0.7394463561944492,0.10683935806432743,15.000000000001679,0.22425991701311432,
2271,227,ok,0.9320123356922113,1.113157135219206,-0.28662994796400043,0.09662598344307735,15.000000000001679,0.22338866599602625,
2272,227,ok,1.3030148389266973,0.7398646155241663,-0.3315214672613363,0.08972901210149553,15.000000000001679,0.21943841699976474,
2273,227,ok,1.8982946324881227,0.14648959059092978,-0.4099044692918558,0.09614685966407939,15.000000000001679,0.20162004200392403,
2274,227,ok,1.0004940892561192,1.0060084105146565,-0.11388214376640338,0.09199495374593421,15.000000000001679,0.2676342909981031,
2275,227,ok,1.9107716012231764,0.09947432147158666,-0.19761137946761992,0.07881018582044588,15.000000000001679,0.25367612502304837,
2276,227,ok,1.1820520633556642,1.1578708761660867,-0.8294972087199022,0.09662382881668403,15.000000000001679,0.2553418750176206,
2277,227,ok,1.7712701135409497,0.6303210865683772,-1.123110630892673,0.09251028609804436,15.000000000001679,0.34286029200302437,
2278,227,ok,2.0349867745878147,-0.03492282018882432,-0.016133462804954406,0.09901852860415435,15.000000000001679,0.42525320799904875,
2279,227,ok,2.080279230125931,-0.07694201203549987,0.11778605153101251,0.09133980429948696,15.000000000001679,0.28300916697480716,
2280,227,ok,0.7267284011099202,1.2740864591524919,-0.03440494432511382,0.1021535956585818,15.000000000001679,0.18302141700405627,
2281,228,ok,2.40649164983194,-0.06890378592660205,-1.229161984967574,0.1096594656524624,15.000000000001679,0.27242500000284053,
2282,228,ok,1.9238832491323852,0.0761597763866107,-0.01286663512217038,0.0752656119071744,15.000000000001679,0.27178954100236297,
2283,228,ok,2.569759523263489,-0.3390675394090865,-1.064155558875729,0.10162958817772227,15.000000000001679,0.21057808300247416,
2284,228,ok,2.0241100629788558,0.11691903342475408,-0.7423123469095104,0.10055144248588509,15.000000000001679,0.23331420801696368,
2285,228,ok,1.9275857662955396,0.07256423435655855,0.024046948738724025,0.07370816000034554,15.000000000001679,0.24888033399474807,
2286,228,ok,2.077766177844399,-0.07550132210479707,-0.09698737925813802,0.09262980360000496,15.000000000001679,0.22549895799602382,
2287,228,ok,1.9173243470767496,0.1738962391350058,-0.5843609385029152,0.09707936156466429,15.000000000001679,0.253902416996425,
2288,228,ok,0.9523276518599819,1.0477260107175277,-0.01010969006412695,0.09376332351192204,15.000000000001679,0.22230291599407792,
2289,228,ok,1.6582460563269479,0.34819705850768573,-0.14603775471162772,0.09507356243033044,15.000000000001679,0.24518933397484943,
2290,228,ok,2.331157887250305,-0.3300127530112704,-0.07305933269711536,0.09912658775486714,15.000000000001679,0.24408891701023094,
2291,229,ok,1.4331929195467585,0.5794524363736053,-0.18996463911495562,0.09545689622934085,15.000000000001679,0.20940220900229178,
2292,229,ok,2.0755642565835752,-0.05715192883574023,-0.27584946056630844,0.07800386372035178,15.000000000001679,0.22424675000365824,
2293,229,ok,0.8551200169788162,1.1606422534400322,-0.1634283229052534,0.09767286179842341,15.000000000001679,0.2537038339942228,
2294,229,ok,1.5887510212274853,0.4466487346401155,-0.33351110004949414,0.09198316690322825,15.000000000001679,0.21294066699920222,
2295,229,ok,1.2815262573675645,0.7203123460610411,0.06862256683278614,0.09822787130388885,15.000000000001679,0.2373639169964008,
2296,229,ok,1.6623448610063687,0.4759166859825143,-0.6637473079777888,0.07497273176598951,15.000000000001679,0.23604291601805016,
2297,229,ok,1.8659308728106336,0.13461562567629765,-0.04515703861882089,0.10003763714675895,15.000000000001679,0.2404317079926841,
2298,229,ok,1.7882190963179212,0.23628662765032896,-0.2950299588703393,0.09504604754120385,15.000000000001679,0.21931787498760968,
2299,229,ok,1.6365870332069483,0.4057213584362581,-0.36971979973324526,0.08464839832342694,15.000000000001679,0.24674766598036513,
2300,229,ok,0.9821163086475038,1.136577617355439,0.4680322989493226,0.09376939082753656,15.000000000001679,0.2458256660029292,
2301,230,ok,1.7363390347253953,0.5621901272904148,-0.9734351614000616,0.10474045045330355,15.000000000001679,0.23095945801469497,
2302,230,ok,0.8812941548169646,1.174592512857732,-0.30883954974069383,0.09943592803809181,15.000000000001679,0.2393842909950763,
2303,230,ok,1.9901803976576249,0.03731112052908662,-0.32965190371340586,0.10288586136408925,15.000000000001679,0.2270321249961853,
2304,230,ok,1.9291212205105228,0.0763575741212039,-0.14528764841909306,0.0907626607030312,15.000000000001679,0.187579250021372,
2305,230,ok,1.78070813316954,0.6176203530393143,-1.1224740385438756,0.09604571952506302,15.000000000001679,0.22924170800251886,
2306,230,ok,0.6614575113139709,1.3526696959376636,-0.13597616230882156,0.09628505652462314,15.000000000001679,0.24282275000587106,
2307,230,ok,0.8660204622438618,1.1660381402227886,-0.23345033189525938,0.10248699100660225,15.000000000001679,0.22989091600175016,
2308,230,ok,1.7239388921652823,0.4066014156124579,-0.6580625009767977,0.10234834325615885,15.000000000001679,0.21040416698087938,
2309,230,ok,1.025768073902041,0.9843122342021106,0.14345209599442868,0.09843905766670615,15.000000000001679,0.2677557500137482,
2310,230,ok,2.0234626540507863,-0.012332636750029035,-0.21193978250655965,0.10133426972801385,15.000000000001679,0.24970650000614114,
2311,231,ok,2.035162293793733,0.03832857680427003,-0.541969362138681,0.10193962432895065,15.000000000001679,0.22820916699129157,
2312,231,ok,1.8565956776608925,0.23846267158048665,-0.5864586523308803,0.09941671036916454,15.000000000001679,0.21226787500199862,
2313,231,ok,0.8542635880927827,1.1458856246184448,0.015965954645158646,0.09936127772684408,15.000000000001679,0.205199874995742,
2314,231,ok,1.9315447493276843,0.07057911936039417,-0.0905548673856603,0.10114596678061795,15.000000000001679,0.2384457080042921,
2315,231,ok,1.7956844128094518,0.37060303583565024,-0.754684068719372,0.10186665872551323,15.000000000001679,0.22016270901076496,
2316,231,ok,2.0255894032086625,-0.025264211326283984,0.036294692616829785,0.10321527797623782,15.000000000001679,0.2368555830034893,
2317,231,ok,1.068871312990206,0.9420321474751079,-0.15228232582041637,0.10254823465802496,15.000000000001679,0.20310337500995956,
2318,231,ok,1.220151819795105,0.8152722624008826,-0.2918743755669257,0.09402555955339402,15.000000000001679,0.2375860830070451,
2319,231,ok,1.9863185545438948,0.024204018100254583,-0.2041853031786774,0.10191185194637607,15.000000000001679,0.2318668749940116,
2320,231,ok,1.9728613999127256,0.06960810387146363,-0.40714767668116797,0.09796221503088803,15.000000000001679,0.25231258300482295,
2321,232,ok,0.8805017868106375,1.1493563825936681,-0.22735178192087155,0.0945213947198588,15.000000000001679,0.20890579099068418,
2322,232,ok,1.8713436119312814,0.33930599596456923,-0.8625672952742779,0.10283011134739098,15.000000000001679,0.24849787499988452,
2323,232,ok,0.7508891026592635,1.2491525398018848,0.00790797107188096,0.09885376986468124,15.000000000001679,0.23781050002435222,
2324,232,ok,1.7158938084428523,0.8409416742061407,-1.265257032883221,0.10253248704878398,15.000000000001679,0.2254126250045374,
2325,232,ok,1.6579201052282173,0.7858098753765187,-1.128911607074158,0.09627150940767767,15.000000000001679,0.22763641699566506,
2326,232,ok,1.9102579515330709,0.4560707702917139,-1.1248857608876122,0.10367355157253454,15.000000000001679,0.2141031670034863,
2327,232,ok,1.7900449323504315,0.250234271684288,-0.37759867034358957,0.1025053672714904,15.000000000001679,0.21512270800303668,
2328,232,ok,2.2522876357470967,-0.11140921495689757,-0.7840604065595606,0.09622217112187775,15.000000000001679,0.28055979099008255,
2329,232,ok,1.8945521563452703,0.11591180719462624,-0.19884555525305148,0.0989443855292043,15.000000000001679,0.26154658300220035,
2330,232,ok,1.4313242607419012,0.569360725056278,-0.044276453977837305,0.08634737266855853,15.000000000001679,0.2756281250040047,
2331,233,ok,1.890279919908379,0.11386480554722445,-0.12510876809967383,0.10226487870583739,15.000000000001679,0.21080491700558923,
2332,233,ok,2.0586645926030394,-0.050594267254261825,-0.18210726493305185,0.07503202463510851,15.000000000001679,0.2951457499875687,
2333,233,ok,1.920605066156117,0.1306959495614039,-0.4409378495416346,0.07499456692806358,15.000000000001679,0.2512625840026885,
2334,233,ok,1.9453226910574843,0.06255881521811846,-0.17493435298451837,0.10232427931576726,15.000000000001679,0.24055604098248295,
2335,233,ok,2.2607700908249315,-0.26069105174753243,-0.018904288328405842,0.10342720906939591,15.000000000001679,0.21736520799458958,
2336,233,ok,1.0665527276863862,0.9604854359433367,-0.23862982221289183,0.09916463669941224,15.000000000001679,0.26790895900921896,
2337,233,ok,2.6239233481087534,-0.6197580748959551,-0.14778824637868915,0.10643045818419866,15.000000000001679,0.23760429199319333,
2338,233,ok,0.8189299599474138,1.1849706751138793,0.07983407089173818,0.09425328742711588,15.000000000001679,0.2539974590181373,
2339,233,ok,2.003553476099989,-0.0034932859899175057,0.015530118662506824,0.10174101791893525,15.000000000001679,0.23003833298571408,
2340,233,ok,1.6248345349793416,0.5224572776959587,-0.6759842970275987,0.0997562563872644,15.000000000001679,0.22133691600174643,
2341,234,ok,1.6957878681383654,0.3750140643628726,-0.4848888560348563,0.09815323071108205,15.000000000001679,0.2018867080041673,
2342,234,ok,2.145302192778011,-0.03987743419403938,-0.6642450991946299,0.10070999313714454,15.000000000001679,0.23017749999416992,
2343,234,ok,2.302742041715039,-0.29666702440642667,-0.1671570808732789,0.10596776500969941,15.000000000001679,0.24545983300777152,
2344,234,ok,0.6553332780838108,1.3485589631289647,-0.07131816630048553,0.09866532338433227,15.000000000001679,0.24686420799116604,
2345,234,ok,1.6889917698650638,0.3174896790379455,0.14782495908366053,0.0932881241067037,15.000000000001679,0.2252719590032939,
2346,234,ok,1.248430519704572,0.7634029035459894,-0.17148289585651846,0.08984770343815376,15.000000000001679,0.2290947910223622,
2347,234,ok,1.541610631456041,0.4855086163966938,-0.2878874571940158,0.09534029658610978,15.000000000001679,0.24397820798913017,
2348,234,ok,1.9143044039784773,0.09113034251393312,0.14414569650329287,0.07497993940107855,15.000000000001679,0.2057774159766268,
2349,234,ok,1.073561120157345,1.008252151740313,0.4110592222366185,0.09406548873772601,15.000000000001679,0.22252700000535697,
2350,234,ok,1.381888404720489,0.7230869482064497,-0.5283073170610261,0.08524149568349101,15.000000000001679,0.2876400410023052,
2351,235,ok,1.6815212610933443,0.7632498584058868,-1.1392817205484742,0.104635161267866,15.000000000001679,0.279106458008755,
2352,235,ok,1.0911940073201722,0.9486429838978492,0.2921519917855053,0.09613127966353753,15.000000000001679,0.23858416700386442,
2353,235,ok,1.6284291159250368,0.3858278438013933,-0.21501078053329836,0.10541710201527436,15.000000000001679,0.25254641598439775,
2354,235,ok,1.1744224203813272,0.8280538874951727,-0.07622552642755068,0.09101317098237448,15.000000000001679,0.21266104199457914,
2355,235,ok,1.9355290534715586,0.0661412541342422,-0.08039320786624482,0.1033781428300623,15.000000000001679,0.2243551250139717,
2356,235,ok,1.575012966941803,0.513603102577144,-0.520855171200717,0.08264565659157903,15.000000000001679,0.27236595799331553,
2357,235,ok,1.6642428188970857,0.581827784429464,-0.8709143053333523,0.09638007546581163,15.000000000001679,0.27430783401359804,
2358,235,ok,1.6255979678704748,0.38163636726628997,-0.1531923803247626,0.09603029517161701,15.000000000001679,0.22693820798303932,
2359,235,ok,1.3635921452453394,0.9469161499561466,-0.8662551260175038,0.10270834452382968,15.000000000001679,0.23601904101087712,
2360,235,ok,2.0523216811075393,-0.050389543008728555,-0.08903372767963887,0.09272199022688395,15.000000000001679,0.2592331249907147,
2361,236,ok,1.4426373707918079,0.6365142783010757,-0.47128470198836664,0.09325936072838865,15.000000000001679,0.2388487079879269,
2362,236,ok,1.9017676640274812,0.6178184088806895,-1.306252003677481,0.1022515552484729,15.000000000001679,0.2598973329877481,
2363,236,ok,1.531463781938399,0.5660199416894066,-0.5376639357039035,0.09625782951505338,15.000000000001679,0.4151797080121469,
2364,236,ok,2.3561659899184013,-0.3329348896608026,-0.33004995478184745,0.10656646111641063,15.000000000001679,0.3031229590123985,
2365,236,ok,0.5187567416127615,1.4872901074722806,-0.07897545867485617,0.09787815918886002,15.000000000001679,0.24114241602364928,
2366,236,ok,0.9946710190961418,1.1797306051460852,-0.5626087060255552,0.09938123284100477,15.000000000001679,0.2503809580230154,
2367,236,ok,1.052100759397855,0.9977010036870726,-0.3198636114278112,0.09542090773690463,15.000000000001679,0.21824008401017636,
2368,236,ok,0.685907648517693,1.3225449456826615,-0.10734967012042011,0.0989352774821702,15.000000000001679,0.23959016700973734,
2369,236,ok,1.959670510917304,0.045406274196050846,-0.14096765021352944,0.08541973538093128,15.000000000001679,0.21467879199190065,
2370,236,ok,1.2135229128381204,0.9787810781453784,-0.6555530288460274,0.09351293028916867,15.000000000001679,0.2570705839898437,
2371,237,ok,2.0687281883459216,-0.06841367616600075,-0.036071893580054665,0.10055549276458205,15.000000000001679,0.1860685829888098,
2372,237,ok,2.241809416750837,-0.2384175354180786,0.12327367182648268,0.09686482990487533,15.000000000001679,0.2196494159870781,
2373,237,ok,1.8086429981579257,0.2077027813164492,-0.2426111594401601,0.09563642812251291,15.000000000001679,0.1887413330259733,
2374,237,ok,1.4032196453477812,0.8969217242231752,-0.8673198317801685,0.09522033883608305,15.000000000001679,0.25244591699447483,
2375,237,ok,1.169923279102457,0.8790947436554246,0.33509981391362637,0.09787609356979203,15.000000000001679,0.22359420801512897,
2376,237,ok,2.176935275020764,-0.056000184391866485,-0.7154791635053673,0.09248995888617531,15.000000000001679,0.21975129199563526,
2377,237,ok,1.2444873462517132,0.784387038176012,-0.26652182279532455,0.0895798289404664,15.000000000001679,0.2229156669927761,
2378,237,ok,2.7917298529866423,-0.6484286375814861,-0.8829390260346925,0.09785128119284582,15.000000000001679,0.20001970801968127,
2379,237,ok,1.393188532006307,0.6560820533474072,-0.36723131454026087,0.11268971279151646,15.000000000001679,0.22216466700774617,
2380,237,ok,1.6475917483055866,0.3554788396061403,-0.10054214092356034,0.08849383172654356,15.000000000001679,0.2208457500091754,
2381,238,ok,2.303646618756615,-0.30351842691858116,-0.024302282924243395,0.09611947086376117,15.000000000001679,0.25346608299878426,
2382,238,ok,1.8372946004665298,0.46535866780852514,-1.0102115770634585,0.10094031872717131,15.000000000001679,0.2457744580169674,
2383,238,ok,1.0599860082434895,0.9763413962763465,-0.27512433679067255,0.09193055821907677,15.000000000001679,0.26585395899019204,
2384,238,ok,1.8618045231381484,0.18730987219608622,-0.42481829402686844,0.09444667970793612,15.000000000001679,0.23506479201023467,
2385,238,ok,1.8682143514472616,0.5679740778978359,-1.1998027426960478,0.09941484643825986,15.000000000001679,0.20308949999161996,
2386,238,ok,1.888567117012064,0.1238459386936538,-0.21617514589554884,0.10212384443068627,15.000000000001679,0.22754616700694896,
2387,238,ok,2.2829316760778497,-0.255841609695146,-0.3506503523563509,0.09738189706740197,15.000000000001679,0.236948207981186,
2388,238,ok,1.9089647713435371,0.1804158354231692,-0.5772867279367512,0.09368556684819346,15.000000000001679,0.2782632909948006,
2389,238,ok,0.9594093701644049,1.0436695732324097,-0.07680139580618756,0.09861095340754537,15.000000000001679,0.22571487500681542,
2390,238,ok,2.4866160141639666,-0.48292129771706854,-0.13550288277258393,0.10068966014836346,15.000000000001679,0.2325131249963306,
2391,239,ok,2.157577976743906,-0.15756934646309073,-0.00610253497812333,0.09822802020293327,15.000000000001679,0.228925250004977,
2392,239,ok,0.8002011312611292,1.297070913102045,0.3823774957609278,0.09970276456347509,15.000000000001679,0.2111541659978684,
2393,239,ok,1.9298488048453517,0.07062217241583728,0.04263341400415469,0.09644073612821236,15.000000000001679,0.2482599999930244,
2394,239,ok,2.0084921220896708,-0.008317714846214632,-0.026468107811983943,0.09525532654502968,15.000000000001679,0.3282198749948293,
2395,239,ok,1.577679587448368,0.8815071850379866,-1.1126754708941886,0.09967611874559992,15.000000000001679,0.26540954201482236,
2396,239,ok,1.4514058817120183,0.8465747223237492,-0.8810159829910607,0.09259574223534167,15.000000000001679,0.24653458298416808,
2397,239,ok,1.3956520459391826,0.886782431464899,-0.8417786398091985,0.10316078605049477,15.000000000001679,0.25741691698203795,
2398,239,ok,1.8876942075154939,0.6559890333458809,-1.325527797747376,0.10332171588545386,15.000000000001679,0.2550857080204878,
2399,239,ok,1.189222917852369,0.8739379703058047,-0.38240744452258224,0.09970443854579819,15.000000000001679,0.2557265830109827,
2400,239,ok,2.013003247433038,-0.0008474165935925729,-0.22088841003253581,0.09202634685559073,15.000000000001679,0.19197587500093505,
2401,240,ok,1.896362023580073,0.12973349570465875,-0.31351575301345563,0.10364119288802132,15.000000000001679,0.25846608300344087,
2402,240,ok,1.559319909592668,0.7090327505169084,-0.8745754062481674,0.10265840574685435,15.000000000001679,0.2184535840060562,
2403,240,ok,2.386307543115014,-0.3383865458200623,-0.47582775523852333,0.07520347689392994,15.000000000001679,0.27474091699696146,
2404,240,ok,2.4142155070068214,-0.4109786725846133,0.1249734156304407,0.09717344085910244,15.000000000001679,0.3220867920026649,
2405,240,ok,1.8606787293595357,0.14081194903212238,-0.07446559627963026,0.102663734611404,15.000000000001679,0.3130107909964863,
2406,240,ok,1.5001053309622496,0.4999590452034443,0.013897406750827236,0.09159757897840128,15.000000000001679,0.23703625000780448,
2407,240,ok,1.5395021641649262,0.7454946562851105,-0.8923470491122155,0.08991758222412861,15.000000000001679,0.2572830410208553,
2408,240,ok,1.2332509529002094,0.9508735802820045,-0.6482604941526012,0.09554056131740793,15.000000000001679,0.314832749980269,
2409,240,ok,2.046337979657302,0.049324656640619635,-0.6183565571720674,0.09286941417680562,15.000000000001679,0.2417389999900479,
2410,240,ok,1.2525363482146856,0.7926458520353554,-0.33338156066517405,0.08766708425330505,15.000000000001679,0.29873233297257684,
2411,241,ok,1.9691389049107968,0.040585287106330706,-0.19545334412363569,0.07939954689813228,15.000000000001679,0.2726165409840178,
2412,241,ok,0.8084223786343404,1.2077557083507295,0.1609214859052406,0.10045516312761714,15.000000000001679,0.26351437499397434,
2413,241,ok,2.269685166238579,-0.030861136890097583,-1.013446494153937,0.09871717878463153,15.000000000001679,0.24583537498256192,
2414,241,ok,1.4109799248369692,0.759486207232494,-0.6723019249165639,0.09983360117117192,15.000000000001679,0.23380425001960248,
2415,241,ok,2.5844418197695225,-0.3612138306404181,-1.0507182142544236,0.0992380791747017,15.000000000001679,0.20886325000901707,
2416,241,ok,1.883966414719184,0.11663376313482189,0.04755070584286002,0.09351928890350276,15.000000000001679,0.24083291701390408,
2417,241,ok,1.5070020505652393,0.8238463903303156,-0.9421878087031309,0.09843288457629569,15.000000000001679,0.21437395800603554,
2418,241,ok,2.4790229976736056,-0.47770776313165214,0.08074195632862838,0.10319255585289527,15.000000000001679,0.24473804200533777,
2419,241,ok,1.9795537661444411,0.020605928253548563,-0.025144020991954855,0.10032180120166427,15.000000000001679,0.22197733400389552,
2420,241,ok,1.971736799046277,0.032686227638156255,-0.13199441574805626,0.09680143550112781,15.000000000001679,0.24171962498803623,
2421,242,ok,1.914765489882636,0.21889203665412144,-0.7028380355041888,0.1081459562413305,15.000000000001679,0.217975249979645,
2422,242,ok,1.3430146445261848,0.6584706966637849,-0.06314636729094802,0.09818480866478055,15.000000000001679,0.24243745798594318,
2423,242,ok,1.792377490363493,0.22686983439995873,-0.261966570006372,0.10270045864938342,15.000000000001679,0.23774004200822674,
2424,242,ok,1.4574420619933512,0.551554885485337,0.16169141692135652,0.09194571637993194,15.000000000001679,0.25257629199768417,
2425,242,ok,2.0335145409833295,-0.033360470070320024,0.025031722794254963,0.10491100024330033,15.000000000001679,0.2003305830003228,
2426,242,ok,0.6316228561624809,1.376769401163623,-0.1026209194116913,0.0962966992443895,15.000000000001679,0.22568145801778883,
2427,242,ok,1.6261287159871138,0.7042842928481513,-0.9825555491665013,0.09443462587396577,15.000000000001679,0.21348612502333708,
2428,242,ok,1.1693408571498813,0.9890808861855793,-0.5877079083394108,0.0922184119717985,15.000000000001679,0.25319862499600276,
2429,242,ok,2.1584128286392508,-0.15758107387689713,0.05991534430099398,0.07504588364341754,15.000000000001679,0.25044550001621246,
2430,242,ok,1.7542266923476777,0.2696700192961712,-0.28856445730990726,0.1032967014488401,15.000000000001679,0.22282595798606053,
2431,243,ok,2.205645587735676,-0.16615604830388256,-0.4155002203301023,0.08898450927659479,15.000000000001679,0.2647347919992171,
2432,243,ok,1.9867136253425948,0.3714987741414192,-1.1379871644702397,0.0991607277591435,15.000000000001679,0.25741162500344217,
2433,243,ok,1.7660051107550534,0.26043227935987145,-0.3044309388348629,0.08372152851592471,15.000000000001679,0.25324424999416806,
2434,243,ok,1.4507754096026475,0.7222879397837385,-0.6871689605080007,0.08476992523977878,15.000000000001679,0.22968508399208076,
2435,243,ok,1.7390407930721823,0.440969662966909,-0.7705110564940723,0.10248850361847074,15.000000000001679,0.21777329200995155,
2436,243,ok,1.729359449485974,0.27076106726916527,-0.020416146902732142,0.08210945838470385,15.000000000001679,0.21504849998746067,
2437,243,ok,1.013090546999834,0.9869252856271259,-0.005663878418705156,0.09538765436868421,15.000000000001679,0.2578607499890495,
2438,243,ok,2.2830975274992618,-0.08318748072367871,-0.9342720375936423,0.0990365844277964,15.000000000001679,0.2661388340056874,
2439,243,ok,1.844579793903542,0.17040940763988485,-0.23467611813858702,0.09034607897249454,15.000000000001679,0.30769262500689365,
2440,243,ok,0.7966307085867294,1.2093369326910037,0.09732625471538604,0.106421495092908,15.000000000001679,0.27244229198549874,
2441,244,ok,1.8427232440842107,0.22481821587706646,-0.49432639784494253,0.0972799964529728,15.000000000001679,0.2636825410008896,
2442,244,ok,1.7803334968160347,0.235935622500379,-0.24013377921917647,0.08574945518618299,15.000000000001679,0.32629425000050105,
2443,244,ok,2.01073595702223,0.001710511259527756,-0.22337906806915647,0.09839406816447137,15.000000000001679,0.27863704098854214,
2444,244,ok,1.8028786162589088,0.24639404659940625,-0.41861374220351716,0.07867628001114771,15.000000000001679,0.2719793750147801,
2445,244,ok,1.405197844973789,0.9292694154183821,-0.9100093399303588,0.11352312429081529,15.000000000001679,0.23610595799982548,
2446,244,ok,1.5202184233002551,0.48870088827983377,-0.16443554802825003,0.08534134346330934,15.000000000001679,0.26000995899084955,
2447,244,ok,2.0529996355253113,0.008742663930781429,0.4997016359965007,0.10267289609916824,15.000000000001679,0.2550640840199776,
2448,244,ok,1.6762200493705883,0.33559940269661215,0.19870658169286537,0.12594825078444152,15.000000000001679,0.21029366701259278,
2449,244,ok,1.5679904787276715,0.7696031527988609,-0.9719659149260993,0.09335244465168989,15.000000000001679,0.3105654999963008,
2450,244,ok,1.109589362292609,0.9403879066009306,-0.32925789957928175,0.10220607887997102,15.000000000001679,0.21753774999524467,
2451,245,ok,2.3172099225694915,-0.09101508960834995,-0.9985578202010597,0.09775718626798792,15.000000000001679,0.3243779999902472,
2452,245,ok,2.0996433020564638,0.1395811236684621,-0.9733157763335946,0.10362961151171099,15.000000000001679,0.23391850001644343,
2453,245,ok,2.037116915667991,-0.03693754886139894,-0.027032390556208857,0.10144105763850662,15.000000000001679,0.24818266698275693,
2454,245,ok,2.0709612267897892,-0.061533335978352276,-0.19738466889967848,0.10032513802785469,15.000000000001679,0.2590993749909103,
2455,245,ok,1.5495921969119044,0.9537817620961341,-1.1430937736719555,0.09908553789487105,15.000000000001679,0.2077060420124326,
2456,245,ok,2.0125768160302955,0.03786381389082736,-0.447757777803572,0.10356151887749203,15.000000000001679,0.2391084580158349,
2457,245,ok,1.7322747824991251,0.44936843613632277,-0.7722160806614159,0.09469241692134392,15.000000000001679,0.2522117079934105,
2458,245,ok,2.046983199033579,-0.02386077905718945,-0.30680248388787784,0.09630758545008751,15.000000000001679,0.23684779199538752,
2459,245,ok,1.5162204231050143,0.537820768138213,-0.40119355098608395,0.10390286032901153,15.000000000001679,0.23223229200812057,
2460,245,ok,1.7954361205993452,0.21126853345044003,-0.15501807548891575,0.1133524118494803,15.000000000001679,0.22912625002209097,
2461,246,ok,1.2257424911610229,0.8177469578402786,-0.32360840369451827,0.09705164202182193,15.000000000001679,0.30636183300521225,
2462,246,ok,2.0770624829789854,-0.0310747359295991,-0.4346538568416689,0.10241845451659802,15.000000000001679,0.27671154201379977,
2463,246,ok,1.7853398910853768,0.23310180521640517,-0.25594783837965596,0.09836648614659876,15.000000000001679,0.19811250001657754,
2464,246,ok,1.82496875311568,0.19445970187103384,-0.26558460362182784,0.08991305376734851,15.000000000001679,0.21399899999960326,
2465,246,ok,1.3447199549584654,0.8792698815133544,-0.7431256682287368,0.10220357866568772,15.000000000001679,0.27444725000532344,
2466,246,ok,1.6701513227715263,0.3426053681468863,-0.2060302775321163,0.10390100272807935,15.000000000001679,0.23702450000564568,
2467,246,ok,1.5466837218399359,0.7190365594480247,-0.8668120900021427,0.095211421611822,15.000000000001679,0.22765179100679234,
2468,246,ok,2.241072112735655,-0.009297420059121961,-0.9925361918969049,0.099065544459317,15.000000000001679,0.2833829580049496,
2469,246,ok,1.7145727256740317,0.3162718224741667,-0.32375771161597794,0.09911206718830255,15.000000000001679,0.302182042010827,
2470,246,ok,1.6917807227953598,0.530854851508941,-0.8388888762447466,0.09714574893415669,15.000000000001679,0.2534529590047896,
2471,247,ok,2.2294410682888746,-0.06832157068221795,-0.8321378234545527,0.10353311569819132,15.000000000001679,0.25531912498991005,
2472,247,ok,2.077006246388131,-0.07252872555163728,-0.13630711389586808,0.08093151843050171,15.000000000001679,0.27678866701899096,
2473,247,ok,2.0643557409435056,-0.05968090960099946,-0.13884947170085982,0.10284778082436984,15.000000000001679,0.23072370901354589,
2474,247,ok,1.9881265990499601,0.013130758683384475,0.07069647629052792,0.10130518301468257,15.000000000001679,0.243850917002419,
2475,247,ok,1.572857776132935,0.7214174148461597,-0.9160284694719727,0.10152244794880076,15.000000000001679,0.2450427919975482,
2476,247,ok,0.9530154857857098,1.062357683454497,0.17048578348517826,0.10742802997689722,15.000000000001679,0.19460937500116415,
2477,247,ok,1.4932847844090218,0.5450222795031144,-0.3360643988957851,0.10618010088503971,15.000000000001679,0.21111091700731777,
2478,247,ok,1.2644425541169215,0.7390875964752588,-0.09441865969809271,0.0966721261776417,15.000000000001679,0.23981737499707378,
2479,247,ok,0.7300723999751466,1.3098933438162497,-0.23824045058795865,0.09575703758473629,15.000000000001679,0.2182886250084266,
2480,247,ok,2.2330376049042764,-0.23301133460334664,0.010831641131802681,0.10186249301206003,15.000000000001679,0.21234904101584107,
2481,248,ok,1.9624515556374977,0.038041987027728444,0.04400981206425168,0.10247608707803767,15.000000000001679,0.2835919999924954,
2482,248,ok,1.5334424776042337,0.5675016991281161,-0.5471694893907885,0.0896909153866933,15.000000000001679,0.22892891700030304,
2483,248,ok,2.0029058058972184,-0.0001576449738582329,-0.10488595020028456,0.10047799090068465,15.000000000001679,0.25127108299057,
2484,248,ok,2.7687641591241943,-0.6861892679117255,-0.6711498981647657,0.10189215217156053,15.000000000001679,0.3095799159782473,
2485,248,ok,1.4671605833453305,0.6176558729108328,-0.4916145762935622,0.0943770607812698,15.000000000001679,0.27097650000359863,
2486,248,ok,2.0004224501248546,0.0014048884554007583,-0.08548426213963341,0.08230617947215947,15.000000000001679,0.25281183401239105,
2487,248,ok,1.3502784142026647,0.6586018448536686,-0.1546052561580034,0.08945625573121989,15.000000000001679,0.23894250000012107,
2488,248,ok,2.261123720575258,-0.242895641985933,-0.286530310628049,0.10288873515094878,15.000000000001679,0.24100662500131875,
2489,248,ok,2.1572084111772547,-0.14000813166219014,0.27187005291793265,0.09489246385459602,15.000000000001679,0.2106030420109164,
2490,248,ok,1.97975359246623,0.021833240075386524,-0.07924996411544348,0.08349176412298054,15.000000000001679,0.25860054200165905,
2491,249,ok,0.6999915848782498,1.3143740216027546,0.141085919379589,0.10293630013762149,15.000000000001679,0.23557520797476172,
2492,249,ok,2.3398685854128405,0.005144398459295255,-1.222921144638345,0.09610923657459249,15.000000000001679,0.20429704102571122,
2493,249,ok,0.8168264871811309,1.357378055613331,-0.504224698674473,0.10251077271394456,15.000000000001679,0.24895120901055634,
2494,249,ok,0.9884189879092593,1.0302602137518024,-0.1912507323564137,0.09970273177504678,15.000000000001679,0.27169004202005453,
2495,249,ok,1.9369312680405992,0.07064261460562946,-0.1711222268951699,0.10415174358407805,15.000000000001679,0.2679757080040872,
2496,249,ok,1.9986967920666499,0.02507759085293652,-0.3073602844647893,0.09668915908184254,15.000000000001679,0.3193121250078548,
2497,249,ok,2.2962917548875685,-0.2541532656611,-0.4378914003197919,0.10021952609214488,15.000000000001679,0.2413963330036495,
2498,249,ok,2.027645263221815,0.24576146196051754,-1.0168542005238328,0.10438571098256226,15.000000000001679,0.2566579589911271,
2499,249,ok,1.766950227774685,0.2855106650758351,-0.42736334408124654,0.10050210869804255,15.000000000001679,0.23391362497932278,
2500,249,ok,1.186555631079553,0.9945208308266769,-0.6300205599860376,0.10253053387128278,15.000000000001679,0.23711075002211146,
2501,250,ok,1.2704725195477524,0.7503445263626739,-0.22904501770238223,0.0955143279374935,15.000000000001679,0.24917795899091288,
2502,250,ok,1.7833219101435653,0.2352843571735301,-0.2569352742650453,0.09706989914975762,15.000000000001679,0.2265742500021588,
2503,250,ok,1.0803820934998674,0.9854687717932309,-0.3714187057061354,0.11289875439715383,15.000000000001679,0.21843824998359196,
2504,250,ok,2.3317835028314042,-0.32645532858815574,0.15754335327289484,0.10347421824681143,15.000000000001679,0.24977950000902638,
2505,250,ok,2.354175792382412,-0.3320962055920981,-0.321669005815443,0.08823648375180582,15.000000000001679,0.23249720799503848,
2506,250,ok,2.6121782283782156,-0.6119271700536968,-0.03621539932732248,0.10320833716249445,15.000000000001679,0.3208071249828208,
2507,250,ok,1.7393185714301806,0.4825854039825003,-0.8501070736765888,0.09935958709195025,15.000000000001679,0.29325208300724626,
2508,250,ok,1.8842858078274043,0.13540991357490886,-0.2717293049802416,0.09537427785839611,15.000000000001679,0.2345683749881573,
2509,250,ok,1.3003934275603253,0.7565162505892816,-0.3804881488214224,0.09641473231026823,15.000000000001679,0.23289166600443423,
2510,250,ok,1.4140836108864208,0.7273793331569356,-0.6164974427371882,0.08968933651018603,15.000000000001679,0.22697345897904597,
2511,251,ok,1.442466541631963,1.0961884317859572,-1.1242038840397897,0.09454137357399332,15.000000000001679,0.25672799997846596,
2512,251,ok,1.4043247817105455,0.9265255169861703,-0.9054173771496556,0.10260537619088063,15.000000000001679,0.23430449998704717,
2513,251,ok,2.017469329695701,-0.01043267885899169,-0.16835361605465693,0.10392779700565366,15.000000000001679,0.2420750840101391,
2514,251,ok,1.8951367971924167,0.1239260899380483,-0.268123411990806,0.07623584266574435,15.000000000001679,0.23809395800344646,
2515,251,ok,2.0197623926175092,0.05125896066921644,-0.5308940424039265,0.0907238092568538,15.000000000001679,0.2771248749922961,
2516,251,ok,1.4017717235631935,0.642914593791014,-0.3511170249872784,0.10266952277861587,15.000000000001679,0.2800595829903614,
2517,251,ok,2.267980774614959,-0.26080574050803546,0.18026147039504303,0.0942828554952627,15.000000000001679,0.23214558299514465,
2518,251,ok,1.9820523049329581,0.02657188373713246,-0.1846965333546964,0.09335800995417397,15.000000000001679,0.23981741702300496,
2519,251,ok,1.5331330963796803,0.48140132374887384,-0.21060662787071402,0.09546138950614502,15.000000000001679,0.2501324999902863,
2520,251,ok,1.31201812849131,0.6998629974557025,-0.17616851053740762,0.09665104051902258,15.000000000001679,0.2561893750098534,
2521,252,ok,1.5567441412195393,0.44333063819235735,0.015258415079817662,0.08979651455890343,15.000000000001679,0.270443957997486,
2522,252,ok,1.7155036872620373,0.29823648750660914,-0.21668836737536712,0.09108869332531946,15.000000000001679,0.21496241600834765,
2523,252,ok,0.7648866272679758,1.2467856301607136,-0.13311523444364362,0.102558742921685,15.000000000001679,0.20985262497561052,
2524,252,ok,2.0022978903008317,0.00022146301278984563,-0.10041237228775203,0.0940434075384419,15.000000000001679,0.2275478329975158,
2525,252,ok,1.9981080842213093,0.002160886615104174,-0.03278403971453935,0.08551826445233786,15.000000000001679,0.2909920410020277,
2526,252,ok,1.7912114607251304,0.39514099079230786,-0.7955287911810356,0.10250346619331596,15.000000000001679,0.2796038340020459,
2527,252,ok,1.1189115540514807,0.8897003046858155,0.13855559308497323,0.08835012194751078,15.000000000001679,0.20629754097899422,
2528,252,ok,0.8670601661912305,1.2197089197122308,0.3780729583280327,0.09301600272050072,15.000000000001679,0.26912695801001973,
2529,252,ok,2.1425045765375,-0.1423660393395694,0.024364194397094082,0.0981929544259498,15.000000000001679,0.21105129100033082,
2530,252,ok,2.0394686338849466,-0.03890013577688825,0.048151271317771305,0.10364657901917208,15.000000000001679,0.2209512910048943,
2531,253,ok,1.860360616395978,0.14167696841565125,0.08704673067024644,0.10349884828004857,15.000000000001679,0.1991089580114931,
2532,253,ok,1.8692196111840258,0.16397381855673854,-0.35069903890634796,0.09928417760829159,15.000000000001679,0.21408279100432992,
2533,253,ok,1.4650373663217906,0.5927097936612177,-0.40726988577850476,0.08080818126135869,15.000000000001679,0.2183727500087116,
2534,253,ok,1.4449621660849208,0.6325498416593249,-0.4669001240853218,0.09613360241212565,15.000000000001679,0.2543180000211578,
2535,253,ok,1.881804413473975,0.20894942340597578,-0.5773436434675144,0.10389561891861707,15.000000000001679,0.2354675410024356,
2536,253,ok,1.9686039472443533,0.03215717233978923,-0.05473670370341269,0.09738155938812494,15.000000000001679,0.23276408298988827,
2537,253,ok,1.7665511265966474,0.42593709647472444,-0.801890802182855,0.0897370430859832,15.000000000001679,0.2779985840024892,
2538,253,ok,2.0563499427627034,-0.05634790049231721,0.0028981444085757605,0.0973926604714913,15.000000000001679,0.22654899998451583,
2539,253,ok,0.8983065069811054,1.1147112020547014,0.15237560407480952,0.09709853064819929,15.000000000001679,0.21323183298227377,
2540,253,ok,1.6113934541117492,0.6139581799198833,-0.8218740395846503,0.08053852063502463,15.000000000001679,0.2191672920016572,
2541,254,ok,2.386362708371034,-0.10367623534813078,-1.1266202877347151,0.10315573838578372,15.000000000001679,0.21264208300272003,
2542,254,ok,1.22223967482652,0.8584526679947106,-0.4367373484276829,0.10292324436776695,15.000000000001679,0.23437741701491177,
2543,254,ok,1.7665599061670192,0.6132694980140236,-1.0944004828848304,0.09770750487422375,15.000000000001679,0.20882420800626278,
2544,254,ok,1.32854333664703,0.6805291157479456,-0.154996719192135,0.08778665901110887,15.000000000001679,0.25130187498871237,
2545,254,ok,2.267337405590457,-0.028843115183274346,-1.0122324460138057,0.09992285393205422,15.000000000001679,0.2531465840002056,
2546,254,ok,2.1398289247361486,-0.13058775181915125,-0.19865462223587,0.0997242614670469,15.000000000001679,0.22742687500431202,
2547,254,ok,1.9719943187162092,0.09686082380177688,-0.5165489996782057,0.08594960637588672,15.000000000001679,0.24748499999986961,
2548,254,ok,1.9442978044365915,0.0571634664031183,0.07536681005723035,0.09585496280932812,15.000000000001679,0.221178375009913,
2549,254,ok,2.378113307734184,-0.37801220057589063,-0.021928938292369502,0.10757175584448529,15.000000000001679,0.2645723750174511,
2550,254,ok,1.459821900686608,0.7542756828296113,-0.7610853482590699,0.10346964733784172,15.000000000001679,0.23412916698725894,
2551,255,ok,1.0163577637751149,1.0497998917948317,0.36069773821419865,0.1005155642729916,15.000000000001679,0.21831416699569672,
2552,255,ok,1.1330658476125421,0.8669686659781947,-0.008843706841435813,0.09801599304067643,15.000000000001679,0.27374029098427854,
2553,255,ok,1.6078694822594564,0.7972814507147916,-1.0671046636514039,0.07806904366856125,15.000000000001679,0.2631228750105947,
2554,255,ok,0.9080242632748682,1.1420540959877021,-0.2973834031757457,0.10114587962935512,15.000000000001679,0.21723329101223499,
2555,255,ok,1.409355850888292,0.613110891466218,-0.25064420013922717,0.08672791422037754,15.000000000001679,0.2980623330222443,
2556,255,ok,2.4904287182408735,-0.31719707478573034,-0.9125967988346958,0.09871353603623076,15.000000000001679,0.263778958003968,
2557,255,ok,2.073453746614011,-0.014575706378797413,-0.4906069329066279,0.10126199002798222,15.000000000001679,0.25231945799896494,
2558,255,ok,2.3189127176402993,-0.28239846907535515,-0.40989440151872486,0.10268853117790357,15.000000000001679,0.24614350000047125,
2559,255,ok,1.4588586300917719,0.5625629697637474,-0.2490848985764168,0.09191768261552,15.000000000001679,0.22236462499131449,
2560,255,ok,1.8170497150565292,0.29019649202556796,-0.6150135210752204,0.1009198038202057,15.000000000001679,0.23375375001342036,
2561,256,ok,0.7988487547260676,1.2258568116140216,0.19713360140519037,0.09435404336872048,15.000000000001679,0.285942457994679,
2562,256,ok,2.227893526556789,-0.21553274218439863,-0.23435919863006507,0.09127715972242095,15.000000000001679,0.24206070898799226,
2563,256,ok,2.0139239190438314,0.20472834072877724,-0.9126276464771469,0.10513496675936847,15.000000000001679,0.20868516599875875,
2564,256,ok,1.062432060069469,1.085909376988589,0.5414796535291666,0.09731669680719514,15.000000000001679,0.25220591700053774,
2565,256,ok,1.4925726766230323,0.5897081376062087,-0.48872288453426677,0.09758794977327513,15.000000000001679,0.2290840829955414,
2566,256,ok,1.8219205085244994,0.18389653334169034,-0.14547349509048219,0.09684207344926389,15.000000000001679,0.2234436669969,
2567,256,ok,1.4235058206608207,0.5988415452048254,-0.2512445143903352,0.10217507244835802,15.000000000001679,0.24296787500497885,
2568,256,ok,1.573355922284245,0.5350180267003,-0.5738263466361788,0.08185556499337754,15.000000000001679,0.22208258300088346,
2569,256,ok,2.659018377637253,-0.622742128646851,-0.43772418168709243,0.09987219466086798,15.000000000001679,0.22106704200268723,
2570,256,ok,1.543614695420881,0.7282296391708125,-0.874840829657428,0.09432159529548993,15.000000000001679,0.23871312499977648,
2571,257,ok,1.9323278415080076,0.07411734872819642,-0.15769242403262174,0.08689109625499301,15.000000000001679,0.23528762499336153,
2572,257,ok,1.582799723301251,0.7285034854479542,-0.9426301382644814,0.09451128776221662,15.000000000001679,0.22247733300901018,
2573,257,ok,1.8021655494380189,0.23483397654065513,-0.3633036983103257,0.09522329981978006,15.000000000001679,0.23971158298081718,
2574,257,ok,2.097939378680926,-0.0218271214998501,-0.5599685057105788,0.10776954875457509,15.000000000001679,0.24130399999557994,
2575,257,ok,1.7292869344419597,0.2987379416804881,-0.31006565523148094,0.08634032128044909,15.000000000001679,0.2554510420013685,
2576,257,ok,2.1900814318708663,0.27602648618203357,-1.3506931560793807,0.10342220286781026,15.000000000001679,0.25515887499204837,
2577,257,ok,1.799723846588415,0.44233894885047975,-0.9014976282335816,0.09914976427920089,15.000000000001679,0.24382862501079217,
2578,257,ok,2.2250335970451043,-0.14973176669544513,-0.5739580465852506,0.10854188784356875,15.000000000001679,0.2585051670030225,
2579,257,ok,1.5864030262651083,0.61728771552123,-0.7776768609741418,0.09484288580197096,15.000000000001679,0.2681947910168674,
2580,257,ok,1.8552293202513048,0.16223173369775692,-0.2539362717151027,0.0956554119202794,15.000000000001679,0.24417345802066848,
2581,258,ok,2.2126932811121143,-0.16430481065222677,-0.4602132580297139,0.09735779969894624,15.000000000001679,0.2784578329883516,
2582,258,ok,1.5111067766846122,0.7571856808689748,-0.8595674835084472,0.1026679867500812,15.000000000001679,0.23383066701353528,
2583,258,ok,1.883044738054512,0.4403477334366406,-1.0551503650753105,0.10365542423271285,15.000000000001679,0.19944041699636728,
2584,258,ok,1.4980402984111303,0.5456944583231708,-0.35933289177554084,0.09318905283417865,15.000000000001679,0.24632599999313243,
2585,258,ok,1.0646027290678362,1.0062097677796769,-0.38178520804525806,0.09935536490671745,15.000000000001679,0.21215454101911746,
2586,258,ok,2.165042552663542,-0.1642200210867712,-0.05967373937539125,0.10182558468290843,15.000000000001679,0.2277568340068683,
2587,258,ok,2.3364308881635707,-0.3347206371210672,0.08938032090907588,0.10102078740229967,15.000000000001679,0.24272799998288974,
2588,258,ok,0.7224027377256561,1.2900981130069118,0.1338096645133518,0.10141575316800255,15.000000000001679,0.25007695800741203,
2589,258,ok,2.094619075854049,-0.07908205193502531,0.2546505335814477,0.10183264613871923,15.000000000001679,0.2514162920124363,
2590,258,ok,1.286384304899396,0.8455720692974171,-0.5675215702554873,0.10167742331414625,15.000000000001679,0.22732987499330193,
2591,259,ok,1.5109527507240492,0.6640187664645305,-0.7057849237279135,0.09352946093473176,15.000000000001679,0.22563258299487643,
2592,259,ok,1.630505394086553,0.40043570918715865,-0.3161359196639283,0.10139146296413894,15.000000000001679,0.22268874998553656,
2593,259,ok,1.3804529412196793,0.674662871497959,-0.3861758909305804,0.09001906387230782,15.000000000001679,0.24584379099542275,
2594,259,ok,1.9416918802388656,0.05834488671737187,0.01194901037599333,0.10257285375051194,15.000000000001679,0.2463489999936428,
2595,259,ok,1.4359610856639864,0.6625380017308633,-0.522665899717231,0.07942295574090376,15.000000000001679,0.23416349999024533,
2596,259,ok,2.232048778501934,-0.16031106514219903,-0.5613357742351311,0.09923827683058532,15.000000000001679,0.253256458992837,
2597,259,ok,0.948115898423166,1.0674896237250386,-0.17131303214378424,0.10152974026462988,15.000000000001679,0.23953595801140182,
2598,259,ok,2.0208086209862763,-0.0203694651348642,0.04212727148912311,0.09941474568045665,15.000000000001679,0.23722604199429043,
2599,259,ok,1.913073691828164,0.09066487436557155,-0.1195421615314131,0.08681539367212916,15.000000000001679,0.25299820900545456,
2600,259,ok,1.555078479216186,0.5207485429557487,-0.47967093236278735,0.09073565581152794,15.000000000001679,0.2576178329763934,
2601,260,ok,1.8750293339273023,0.14571414181501657,-0.2781347860715059,0.07546340903179968,15.000000000001679,0.22963641601381823,
2602,260,ok,1.0336809511671992,1.1403495221001874,-0.5740186100228365,0.09857648700437846,15.000000000001679,0.2244022089871578,
2603,260,ok,1.8003840858246458,0.35859034461425215,-0.7397007500990425,0.09207431646962201,15.000000000001679,0.2507363750191871,
2604,260,ok,2.002264169068973,0.5239430299760109,-1.3528923179547832,0.10248133588445532,15.000000000001679,0.2227452090010047,
2605,260,ok,1.6279992084588244,0.6181072274838455,-0.8606705455690781,0.08007809341227891,15.000000000001679,0.2765140419942327,
2606,260,ok,1.3139557087206188,0.7261510717023488,-0.32216224538953836,0.0865697579793606,15.000000000001679,0.22771750000538304,
2607,260,ok,2.293521508553481,-0.28836854897963843,0.15365641619619147,0.10175587345637514,15.000000000001679,0.24676354200346395,
2608,260,ok,1.5553685391206022,0.4611230742124841,-0.22589621458740947,0.10085675365287958,15.000000000001679,0.24267999999574386,
2609,260,ok,1.2787708366882322,0.726700771522533,-0.11816906330765671,0.09867705500524798,15.000000000001679,0.3207073749799747,
2610,260,ok,1.6698684628103861,0.5890164133061617,-0.8930767050871463,0.10153046254828067,15.000000000001679,0.2128484999993816,
2611,261,ok,1.342583053701775,0.9512200523430572,-0.8382063454065972,0.09463152699390645,15.000000000001679,0.260055332997581,
2612,261,ok,1.588969256901178,0.9217222130260803,-1.1671076700526424,0.10355739480033385,15.000000000001679,0.24192729199421592,
2613,261,ok,0.955116963271269,1.0774054759042029,0.24711891396042598,0.1032214918879348,15.000000000001679,0.23197900000377558,
2614,261,ok,1.943710411864701,0.06246478453980897,0.1548142565879418,0.10843493172283762,15.000000000001679,0.26053741699433886,
2615,261,ok,1.7481017657173068,0.27309540905885127,-0.27140434243090145,0.09701480657309855,15.000000000001679,0.2476092920114752,
2616,261,ok,0.751798007023111,1.3355381921849456,0.35169695665312684,0.0978766358358632,15.000000000001679,0.23253174999263138,
2617,261,ok,1.759044040501673,0.40091043962111267,-0.7329041644797142,0.09767061710654493,15.000000000001679,0.2330586250172928,
2618,261,ok,1.0639667384893137,1.0392154211552838,-0.45707571983837525,0.09064867490086494,15.000000000001679,0.25642570899799466,
2619,261,ok,1.9962701936121505,0.005700242744003737,-0.08867448400169599,0.09918077480036208,15.000000000001679,0.23782624999876134,
2620,261,ok,1.429023676625163,0.8906147651872143,-0.9007624931882313,0.09663232453963178,15.000000000001679,0.22651745800976641,
2621,262,ok,1.3959653810645103,0.6412253100429395,-0.320079188737221,0.08833398444797971,15.000000000001679,0.20875562497531064,
2622,262,ok,2.150928709394807,-0.14863259948949464,-0.09935927389945173,0.09923157432590854,15.000000000001679,0.21837724998476915,
2623,262,ok,1.6563072441507425,0.35831855840201476,-0.2196263448199883,0.08287251505509881,15.000000000001679,0.22615908298757859,
2624,262,ok,2.0346144390031644,0.2924259816363778,-1.1062761351532775,0.10696056322308907,15.000000000001679,0.23788720899028704,
2625,262,ok,0.9032121420770277,1.1000160439088242,-0.07629582147044102,0.09900569724603604,15.000000000001679,0.22484675000305288,
2626,262,ok,1.097436485116777,0.928242887966953,-0.23601595639288564,0.09402286892572159,15.000000000001679,0.20090220900601707,
2627,262,ok,1.600958847544365,0.46499825870504663,-0.45479543286189983,0.09785460016389284,15.000000000001679,0.251325082994299,
2628,262,ok,1.6625888168412801,0.6593747121161576,-0.9833236554522894,0.09780888366726923,15.000000000001679,0.24766249998356216,
2629,262,ok,1.3498722352389352,0.914563610700039,-0.8024854492465409,0.0988393218236625,15.000000000001679,0.22181508300127462,
2630,262,ok,1.9222404526038455,0.07803166435081729,-0.03234307326997377,0.09442218804261636,15.000000000001679,0.2655219160078559,
2631,263,ok,1.3465763189737805,0.9854627089716882,-0.8854275057473148,0.1046225088297409,15.000000000001679,0.24358700000448152,
2632,263,ok,1.260234471698342,0.9308494238255601,-0.667164124577051,0.10105321893617325,15.000000000001679,0.24421420801081695,
2633,263,ok,2.0835551937201906,-0.08330809506506634,-0.03208779074269306,0.08987477181987415,15.000000000001679,0.2446345410135109,
2634,263,ok,2.6061520142968795,-0.49730029006690313,-0.7453318608884529,0.09714443294616716,15.000000000001679,0.25041420801426284,
2635,263,ok,2.3943830745914596,-0.36286193220121193,-0.3872386825259159,0.09790571732152743,15.000000000001679,0.23212858400074765,
2636,263,ok,2.031811444758784,-0.030677539984573274,-0.0678710222037195,0.09907119021679878,15.000000000001679,0.23631070798728615,
2637,263,ok,1.242687477990594,0.7680506922230003,0.16301248732043355,0.09195748446039631,15.000000000001679,0.20385779099888168,
2638,263,ok,2.140623417346528,-0.1405265897511027,0.020360094814212578,0.10436812552414856,15.000000000001679,0.2060910000000149,
2639,263,ok,1.9262902641754742,0.07966299044697708,0.15132729957998683,0.09749378776118102,15.000000000001679,0.2245216250012163,
2640,263,ok,1.8100574237708862,0.19682045757882735,-0.15764331619789043,0.08882684490700303,15.000000000001679,0.26287637499626726,
2641,264,ok,1.0359071023707256,1.0438744743305035,-0.3986571257425885,0.08897567382051302,15.000000000001679,0.20450358401285484,
2642,264,ok,1.9519180021483478,0.591570928232251,-1.3514109060201618,0.10096982123030557,15.000000000001679,0.22214579198043793,
2643,264,ok,2.133138330521336,-0.11402459870359803,-0.28491952059387543,0.08759271897443716,15.000000000001679,0.2480275419948157,
2644,264,ok,1.4672565298089586,0.6001797397274398,-0.4397100899427816,0.09907821689297829,15.000000000001679,0.2329024579958059,
2645,264,ok,1.6003879509780818,0.4135149532757516,-0.21049178168323515,0.10694158509172401,15.000000000001679,0.250211542006582,
2646,264,ok,1.3837105416957414,0.6164217488115323,0.01913337498151386,0.07959367382856807,15.000000000001679,0.25341862501227297,
2647,264,ok,1.0292835356759513,1.0368604975477305,-0.3630246487906597,0.09680322851853512,15.000000000001679,0.24652616700041108,
2648,264,ok,1.7243460035123026,0.6372047346090314,-1.0564838874572624,0.09416430686026045,15.000000000001679,0.24289087500073947,
2649,264,ok,2.0779497722843883,-0.05490596700814252,-0.30860447645987205,0.0851928137164324,15.000000000001679,0.2561975000135135,
2650,264,ok,2.1740953714772226,-0.16236752353978204,0.22551580303631125,0.09149050531789449,15.000000000001679,0.2477202090085484,
2651,265,ok,2.013881738180543,-0.013787804812008558,-0.01945077292852062,0.09572121121277372,15.000000000001679,0.23685841701808386,
2652,265,ok,1.4963017529010445,1.0405679486784138,-1.1482199591679252,0.09532102099379271,15.000000000001679,0.23376370902406052,
2653,265,ok,1.4462591246886658,0.8114268618664446,-0.8239898974214294,0.09979715463456473,15.000000000001679,0.24947591600357555,
2654,265,ok,1.7744727902764519,0.5206641086988305,-0.9799586747101485,0.09913115054287172,15.000000000001679,0.22962820797692984,
2655,265,ok,1.6916913456752252,0.46410850382560964,-0.7091240519201466,0.10703780781923844,15.000000000001679,0.21647766698151827,
2656,265,ok,1.613730014107123,0.4463545156780775,-0.43624565038092195,0.10277747552433918,15.000000000001679,0.2474726669897791,
2657,265,ok,1.5997776161609378,0.42096387470279784,-0.2567748745028829,0.10067580820817655,15.000000000001679,0.20948112499900162,
2658,265,ok,2.3793924208110924,-0.26355201532488043,-0.7333761423253032,0.09275004640373857,15.000000000001679,0.3607161669933703,
2659,265,ok,2.1673126576781794,-0.1638820050580254,0.12189677730815866,0.10618415972044469,15.000000000001679,0.34088008300750516,
2660,265,ok,2.0477830354302933,-0.013548403103244098,-0.3728782489720765,0.10009573037601953,15.000000000001679,0.6112835829844698,
2661,266,ok,1.3056483916848232,0.7891554129737738,-0.48843946275710914,0.10225878122174827,15.000000000001679,0.34302474997821264,
2662,266,ok,1.0924038355086623,0.9086784099570282,-0.0486140611358084,0.0932698138314245,15.000000000001679,0.2941642089863308,
2663,266,ok,1.8908126662113132,0.10987581573392932,-0.051020650306078545,0.09521918793077323,15.000000000001679,0.36781100000371225,
2664,266,ok,1.8944362328828237,0.10577658134087466,-0.028395081662147416,0.09998437208190904,15.000000000001679,0.2227350830216892,
2665,266,ok,1.9504121035261384,0.05267054242729562,-0.10961458502796474,0.07497527970395224,15.000000000001679,0.2553231249912642,
2666,266,ok,1.5185250277381026,0.4827377981888218,-0.06191664414437615,0.09954264868411478,15.000000000001679,0.25225541699910536,
2667,266,ok,1.4638609479292657,0.777988604371349,-0.8059634134537899,0.10297068972661423,15.000000000001679,0.2510939589992631,
2668,266,ok,1.2213333590655353,0.9194306613474612,-0.56923200747175,0.09496755152373443,15.000000000001679,0.2677654159779195,
2669,266,ok,1.5122369196459233,0.5109111750220755,-0.2635810548314407,0.09229203282804097,15.000000000001679,0.24772054099594243,
2670,266,ok,1.3099812108354085,0.7061005736671503,-0.20463393481367095,0.10378900614354779,15.000000000001679,0.24599558301270008,
2671,267,ok,0.5789926841608477,1.4418821220380318,0.15406804539232885,0.10174364835978215,15.000000000001679,0.2665504169999622,
2672,267,ok,1.8935621863450545,0.33791849802285545,-0.9072281049114728,0.09576564719384321,15.000000000001679,0.26259233299060725,
2673,267,ok,1.4254351828093799,0.6053776262541531,-0.2947777044457567,0.09679314316796868,15.000000000001679,0.2294488750048913,
2674,267,ok,2.539358515411062,-0.5370892748420276,-0.10732977812437178,0.0980830086006712,15.000000000001679,0.2366483329969924,
2675,267,ok,1.5567057013495678,0.5100477388236371,-0.45097106340617127,0.08790709454887959,15.000000000001679,0.21139770798617974,
2676,267,ok,1.1638413135755852,0.8420061339178673,-0.11651956617452387,0.10088656497176526,15.000000000001679,0.22706299999845214,
2677,267,ok,2.088215032606304,-0.08152794982902978,-0.16698328204794088,0.098660886412147,15.000000000001679,0.21334133300115354,
2678,267,ok,1.8587221071661773,0.2502081738981444,-0.6269580823112563,0.10021016334443814,15.000000000001679,0.25307562499074265,
2679,267,ok,1.1286552838742816,0.9175381211947433,-0.31959197541666917,0.09028813622209321,15.000000000001679,0.23738558299373835,
2680,267,ok,0.8161982212304998,1.2350915750786176,-0.2847712025892393,0.10139105061660414,15.000000000001679,0.1940069590054918,
2681,268,ok,1.5150370969358717,0.5733254340101286,-0.5098402571879604,0.10192874083798553,15.000000000001679,0.2131557920074556,
2682,268,ok,1.92852465289582,0.20013374277268586,-0.6925956922487193,0.09916146442728989,15.000000000001679,0.26453899999614805,
2683,268,ok,1.622893227453544,0.39154248592866503,-0.2159788256798377,0.08541128998665488,15.000000000001679,0.2686612910183612,
2684,268,ok,1.9337880392241638,0.07130029066461166,-0.14019134016059662,0.10282471900399634,15.000000000001679,0.25550091700279154,
2685,268,ok,1.6873314812125753,0.5832244532076224,-0.9164248891765122,0.093280188988845,15.000000000001679,0.24077795800985768,
2686,268,ok,1.4879062946221924,0.5160835580865687,-0.10889047247268396,0.08432403388354161,15.000000000001679,0.28620575001696125,
2687,268,ok,1.882487005307234,0.2779082608180949,-0.7603666003922318,0.09885169294067288,15.000000000001679,0.27294166598585434,
2688,268,ok,1.9244535426846727,0.10837839426725301,-0.35396205824445526,0.1043092099189961,15.000000000001679,0.242513000004692,
2689,268,ok,1.377326293647245,0.9046681530080424,-0.8350304570117449,0.10245366077704396,15.000000000001679,0.2139035000000149,
2690,268,ok,1.9842968412921573,0.12436768072725161,-0.6476398360675197,0.1011153786296183,15.000000000001679,0.2126663330127485,
2691,269,ok,1.9969420381543457,0.0052708896847228955,-0.09398553191239567,0.10199765483337536,15.000000000001679,0.21702250000089407,
2692,269,ok,1.9788925863771667,0.024767240082088818,0.12029718436266272,0.10644376366244566,15.000000000001679,0.22107866700389422,
2693,269,ok,1.4473078584352481,1.0133459435088892,-1.0588738404069014,0.1011953349314866,15.000000000001679,0.23527737500262447,
2694,269,ok,1.2956095971244423,0.7045216905822296,-0.018443914688463233,0.09757034700135918,15.000000000001679,0.24975654200534336,
2695,269,ok,2.144251007463107,-0.13384525328647634,-0.2109900898936342,0.09903413856272733,15.000000000001679,0.2539513750234619,
2696,269,ok,0.8845119766383679,1.2733605645679726,0.5043377516027698,0.10177682016032319,15.000000000001679,0.22801262498251162,
2697,269,ok,1.5098178181241455,0.5296155459167211,-0.3428110282872667,0.08066695226447596,15.000000000001679,0.2965117910061963,
2698,269,ok,1.585376555594869,0.4721948985018945,-0.4233561088093734,0.10202418253973221,15.000000000001679,0.2087234999926295,
2699,269,ok,2.2104939030017268,-0.2029534678823398,-0.18242618658783405,0.07574393111270508,15.000000000001679,0.2783506250125356,
2700,269,ok,1.8825678590576533,0.4010377648778828,-0.9936707274596549,0.10030560133724979,15.000000000001679,0.22344383300514892,
2701,270,ok,2.1618787603364176,0.032298694649559805,-0.8954726949024744,0.1004914210249566,15.000000000001679,0.20983191599952988,
2702,270,ok,0.8071892550258944,1.2209509161540173,-0.21127474621448097,0.10325299962895221,15.000000000001679,0.3226689170114696,
2703,270,ok,2.1699730173600327,-0.16996114310027036,-0.007178684111466196,0.09436884193124263,15.000000000001679,0.25284320799983107,
2704,270,ok,1.7701269255291043,0.38788174267443665,-0.7310431292890376,0.10621963685741699,15.000000000001679,0.2885432080074679,
2705,270,ok,2.2802219012800102,-0.2800305883486507,0.029537015277953375,0.0986177666520377,15.000000000001679,0.26971575000789016,
2706,270,ok,0.9498066945169942,1.0515445763019229,0.05064648267154984,0.09155390947258876,15.000000000001679,0.2177317080204375,
2707,270,ok,0.6861139501549646,1.314634608392513,-0.032041107720630284,0.10293713709570594,15.000000000001679,0.2365150419936981,
2708,270,ok,1.3562569572488141,0.7179185735523474,-0.442380096798855,0.10535854871189229,15.000000000001679,0.2208971669897437,
2709,270,ok,1.8455838777087912,0.1878565754120682,-0.3497371275420172,0.08757350435477511,15.000000000001679,0.23223475000122562,
2710,270,ok,1.9842512914386838,0.02140418687884554,0.14970569753861215,0.07503446738859441,15.000000000001679,0.2730243749974761,
2711,271,ok,1.835996799367805,0.23120273870573252,-0.4921793328927195,0.09909552758389996,15.000000000001679,0.22149774999707006,
2712,271,ok,1.8862060205539577,0.1171437642627139,-0.11236346167333432,0.09540062170969076,15.000000000001679,0.2417685409891419,
2713,271,ok,2.2491307399573137,-0.24651827376192495,0.10837311047798458,0.10077805383118409,15.000000000001679,0.25194054198800586,
2714,271,ok,2.092231005265008,-0.08927924528405885,-0.11109822058655806,0.10472797391272547,15.000000000001679,0.22914420801680535,
2715,271,ok,2.1864857862345204,-0.1818697736853834,-0.14200135240088896,0.1013822833909861,15.000000000001679,0.22809812499326654,
2716,271,ok,1.1558939774695767,0.9070860329521561,-0.3763375450073813,0.10465582754107453,15.000000000001679,0.2370126669993624,
2717,271,ok,1.8872664762278244,0.1348248074805182,-0.2879170948438172,0.10271639095393983,15.000000000001679,0.24846875001094304,
2718,271,ok,1.315432797082064,0.7083238704283157,-0.24886988555037348,0.09463542098769764,15.000000000001679,0.21127279099891894,
2719,271,ok,1.8316067506789606,0.1781384214832443,0.18868936869144187,0.08048434927101872,15.000000000001679,0.23509254099917598,
2720,271,ok,1.213932268551362,1.0122847726740918,-0.7057267051336413,0.10194475604833217,15.000000000001679,0.21462758298730478,
2721,272,ok,1.371763707860138,0.9475648537599355,-0.8798385835827205,0.10331381958105591,15.000000000001679,0.19169695800519548,
2722,272,ok,1.747130810422717,0.27136752458036756,-0.25356623129457373,0.08528733242874473,15.000000000001679,0.25775858300039545,
2723,272,ok,1.7784974952283839,0.25058158829845517,-0.32029449157498796,0.09326082545570062,15.000000000001679,0.24705020801047795,
2724,272,ok,2.0811432656414697,-0.02689123581605726,-0.4720902565155261,0.1039152825510229,15.000000000001679,0.22485616599442437,
2725,272,ok,2.284619621863422,-0.2815487549826673,-0.11841492828357673,0.1081842705850232,15.000000000001679,0.22778116699191742,
2726,272,ok,1.7433962837335084,0.28648506737229684,-0.3213987831303751,0.09746496058492543,15.000000000001679,0.2537202909879852,
2727,272,ok,2.333064320641727,-0.2609880596575382,-0.5754321144474686,0.10333054515592105,15.000000000001679,0.278882667014841,
2728,272,ok,0.7012486270984416,1.3100442069918923,-0.12534209469289392,0.10233660869813038,15.000000000001679,0.2858466669858899,
2729,272,ok,1.8222358235383822,0.19536712756572452,-0.25267289588759195,0.08556029892788151,15.000000000001679,0.31677291699452326,
2730,272,ok,2.1484429273850965,-0.08677878677323232,-0.5110394381104845,0.07588430253363827,15.000000000001679,0.23414583300473168,
2731,273,ok,1.9748411145993252,0.048299815833525175,-0.3014362603212393,0.08800012973108584,15.000000000001679,0.23734162500477396,
2732,273,ok,1.7320556307228665,0.2768764815843857,0.17567597502726834,0.09875374658990359,15.000000000001679,0.21345412501250394,
2733,273,ok,2.0488706994276624,-0.04883272938886604,-0.012473570385724806,0.09152542419816981,15.000000000001679,0.23471608298132196,
2734,273,ok,1.4888630406173564,1.083257570127908,-1.1731566267931033,0.09345891746248582,15.000000000001679,0.23524979199282825,
2735,273,ok,1.6582801233835043,0.35532819153936296,-0.21200851413004004,0.10012101642450985,15.000000000001679,0.2011266670015175,
2736,273,ok,1.3120155865888656,0.7679671845475109,0.45108762020292476,0.10446457149005327,15.000000000001679,0.2125989590131212,
2737,273,ok,1.900946657338539,0.20132003132648502,-0.6151004506088477,0.09739970470303018,15.000000000001679,0.23247591601102613,
2738,273,ok,1.9235543933466908,0.10024876830696547,-0.30167327001932775,0.09790863561741385,15.000000000001679,0.2461312910018023,
2739,273,ok,2.268095160828364,-0.1928688782277222,-0.579294175245474,0.10594962818131475,15.000000000001679,0.23773120797704905,
2740,273,ok,1.0552159364606952,1.1374733460620212,-0.6078885126461727,0.10722744514795843,15.000000000001679,0.22997250000480562,
2741,274,ok,1.6151061939506868,0.3862420216785557,-0.06597882343417209,0.08790257871496511,15.000000000001679,0.2075141670065932,
2742,274,ok,1.779542689221355,0.3420415954176522,-0.6464875183914441,0.10636437775510352,15.000000000001679,0.2102116250025574,
2743,274,ok,1.9376242160425048,0.06262676023949061,0.0311854526053296,0.08936368439274574,15.000000000001679,0.2699547500233166,
2744,274,ok,2.2854410525362976,-0.21459351511723246,-0.564638262446783,0.09896892962367995,15.000000000001679,0.21810187498340383,
2745,274,ok,1.4029494075280844,0.7015273799133407,-0.5312587834273323,0.08981724571724425,15.000000000001679,0.2790131660003681,
2746,274,ok,1.6740419375441995,0.5046235092874157,-0.7525061858090301,0.09947602539593149,15.000000000001679,0.2806139999884181,
2747,274,ok,1.6789191343899816,0.40401592518788854,-0.5211566873474176,0.09894283157174842,15.000000000001679,0.2948246659943834,
2748,274,ok,0.8385237031615622,1.1741713058173224,-0.1453580703927834,0.10255286447907143,15.000000000001679,0.21005550000700168,
2749,274,ok,1.7968872902384208,0.20403817511124925,-0.05766331036839941,0.0758941534160692,15.000000000001679,0.25454754201928154,
2750,274,ok,1.7880780514452228,0.414502421613956,-0.8266925347383604,0.10084762543428505,15.000000000001679,0.2123871250078082,
2751,275,ok,1.7665757024227693,0.31718684690155924,-0.5375217243511043,0.10298742353957803,15.000000000001679,0.22718766701291315,
2752,275,ok,1.2595010338158528,1.065477336982076,-0.8443993406493695,0.10131460632217915,15.000000000001679,0.27045995800290257,
2753,275,ok,0.9996174024053882,1.0904574596482497,-0.4146894241262738,0.10671855796922289,15.000000000001679,0.22742754098726436,
2754,275,ok,1.506259950642092,0.5025429783998184,0.16260844802356203,0.09093553562989655,15.000000000001679,0.24074912501964718,
2755,275,ok,1.7764826608992013,0.2871355665843139,-0.4711539846112591,0.09985864569968973,15.000000000001679,0.2297981670126319,
2756,275,ok,2.0154004064013784,-0.01531058075790862,-0.019027906034577515,0.1028971326916028,15.000000000001679,0.24249887498444878,
2757,275,ok,1.57186401220404,0.43200749442336084,-0.11025413968498166,0.08277798365894198,15.000000000001679,0.22417645799578167,
2758,275,ok,1.5683185228604872,0.6653451911952101,-0.8236015605142758,0.09852359663378957,15.000000000001679,0.24303937502554618,
2759,275,ok,0.5911382678101228,1.412089339813053,0.06168879402371603,0.09906906114957144,15.000000000001679,0.28665650001494214,
2760,275,ok,1.9981096661012259,0.0018959282632063105,-0.004728242379383238,0.10253344330977841,15.000000000001679,0.2190216660092119,
2761,276,ok,1.3548879097986646,0.6680035691549201,-0.248005557063875,0.0821186295642641,15.000000000001679,0.2977426249999553,
2762,276,ok,1.5957291452133537,0.5884070354964339,-0.7441483773061489,0.09616179935157596,15.000000000001679,0.2322051250084769,
2763,276,ok,2.050838943362573,-0.015467693116313875,-0.3792497193366388,0.09459257911171372,15.000000000001679,0.22214320799685083,
2764,276,ok,1.943216995975955,0.0652250881510433,0.18093737571236282,0.07694925083845898,15.000000000001679,0.24077658401802182,
2765,276,ok,2.0631324809733718,-0.06258002836924108,-0.04774160260903543,0.10292078366515982,15.000000000001679,0.20451495799352415,
2766,276,ok,2.4952041315332503,-0.3436441905696899,-0.8563734968047201,0.09489087246425414,15.000000000001679,0.23942429199814796,
2767,276,ok,1.5018670380250128,0.520849870291959,-0.2602296940987149,0.09654600797364572,15.000000000001679,0.20978791700326838,
2768,276,ok,1.3192540264814214,1.058564461610598,-0.9241917081671419,0.09274903625552786,15.000000000001679,0.2883463330217637,
2769,276,ok,1.7144568961579698,0.3061435417668657,-0.2649768814170807,0.08980705021501226,15.000000000001679,0.2048862499941606,
2770,276,ok,2.1147222987944967,-0.08364382101341522,-0.36121853243057006,0.0935137822940197,15.000000000001679,0.272352707979735,
2771,277,ok,0.9402340866258804,1.0823640808753396,0.20490109220168473,0.09285423244500554,15.000000000001679,0.23070004099281505,
2772,277,ok,2.2413963563282593,-0.2319115445566483,-0.2059817551055259,0.08359803652257126,15.000000000001679,0.26620929199270904,
2773,277,ok,1.8603679312439254,0.15373198293456924,0.22861156742843447,0.08681262647180497,15.000000000001679,0.2681113339785952,
2774,277,ok,2.0090788716576777,-0.007551345431058438,-0.07832948358845848,0.09879947842984303,15.000000000001679,0.2054984999995213,
2775,277,ok,2.0902722620221934,-0.08994240572968862,-0.037133140348990394,0.08387226357686002,15.000000000001679,0.24935687499237247,
2776,277,ok,2.047091199424306,0.265687490228793,-1.087539653167433,0.10369165865559492,15.000000000001679,0.24212554199039005,
2777,277,ok,1.0089794072285667,1.05979277185044,-0.36612813651320353,0.0995466704729092,15.000000000001679,0.27228183299303055,
2778,277,ok,2.0138041414046244,0.0016816338550790881,0.24926056139371502,0.10391740982026827,15.000000000001679,0.2775086250039749,
2779,277,ok,1.86089934846702,0.2365296464180766,-0.5942379129293467,0.09104292602221786,15.000000000001679,0.23819133298820816,
2780,277,ok,2.063294556631108,-0.06238227444438538,-0.0613496656972504,0.1012593140842064,15.000000000001679,0.2227834579825867,
2781,278,ok,1.4659269184192587,0.6101908686698694,-0.4662320330238708,0.10200396815418412,15.000000000001679,0.19992187499883585,
2782,278,ok,2.113889045358004,-0.005000469273240161,-0.6697014366855274,0.10031927888669404,15.000000000001679,0.22615825000684708,
2783,278,ok,2.0568412132093,-0.05567461982544814,-0.06926495334441586,0.07781809440401659,15.000000000001679,0.196029916027328,
2784,278,ok,2.0015668507908013,0.00043886055902945967,-0.08958296613828463,0.09589272039557882,15.000000000001679,0.2231106249964796,
2785,278,ok,2.4948241237925304,-0.4293177481201556,-0.5679460250108133,0.10302629344532195,15.000000000001679,0.25232083300943486,
2786,278,ok,1.549715589977292,0.4619236963529486,-0.1895776726782187,0.09902914079205773,15.000000000001679,0.22733058300218545,
2787,278,ok,1.3592283340517082,1.1434141428841431,-1.0553493892915629,0.09596443312585583,15.000000000001679,0.20330504199955612,
2788,278,ok,2.3277184728195848,-0.16761060891136523,-0.8483734654268963,0.09948288046748491,15.000000000001679,0.25555924998479895,
2789,278,ok,1.9485102737106026,0.09942035817872406,-0.42952219017214693,0.09985925277558236,15.000000000001679,0.2089861670101527,
2790,278,ok,1.0410439477031572,0.9913309808510801,-0.25760301018918563,0.0958267969575495,15.000000000001679,0.2232968749885913,
2791,279,ok,1.1901071658440157,0.8571490243371698,-0.3320342054966516,0.09792306584697578,15.000000000001679,0.25804491600138135,
2792,279,ok,2.365320590082948,-0.14866618907816445,-0.9889262367753527,0.10010770789143364,15.000000000001679,0.3100280829821713,
2793,279,ok,1.675845513117763,0.3865310388264044,-0.45296367974301893,0.09290205121941085,15.000000000001679,0.25609816701035015,
2794,279,ok,1.917766842140771,0.08801846412191908,-0.14884981449729603,0.1163634075234903,15.000000000001679,0.22279812500346452,
2795,279,ok,1.862250766863528,0.25951259127901155,-0.6623303547079031,0.0993313410146605,15.000000000001679,0.2564141250040848,
2796,279,ok,2.0172609063908697,-0.01710686545382459,0.02492905517580633,0.08217303486047872,15.000000000001679,0.2271484170050826,
2797,279,ok,1.330005811420543,0.726505969256732,-0.38357321605357453,0.10478081011705102,15.000000000001679,0.2618408330017701,
2798,279,ok,1.9403704061688756,0.05978635591840887,-0.024664315429375652,0.11124865742663852,15.000000000001679,0.21644975000526756,
2799,279,ok,1.9699114431674558,0.09645761702877913,-0.5070280960206592,0.09609255706729918,15.000000000001679,0.27817433298332617,
2800,279,ok,1.6355287453390488,0.41202474658697746,-0.39152122723828164,0.07872507152316154,15.000000000001679,0.22138974998961203,
2801,280,ok,1.4451615057374183,0.7403833996630896,-0.7084192246268635,0.09491555086148645,15.000000000001679,0.24289545899955556,
2802,280,ok,2.4124173943785734,-0.41223029562390295,-0.03004472623479287,0.07521890498095822,15.000000000001679,0.2703365409979597,
2803,280,ok,1.8323639122929158,0.1762560244664835,-0.17752582566659242,0.09614607287821839,15.000000000001679,0.23994950001360849,
2804,280,ok,1.1638309564348297,0.8554439253208019,-0.21093574156827086,0.09669174138131027,15.000000000001679,0.2717690000135917,
2805,280,ok,2.393376331488903,-0.38948852882830737,-0.13636287885348355,0.09809085494681201,15.000000000001679,0.25938291699276306,
2806,280,ok,0.8267436995568196,1.240799806898163,-0.3272922418130775,0.10177645559738237,15.000000000001679,0.24102595800650306,
2807,280,ok,1.6561319376167294,0.4808298396963544,0.6594657070971454,0.09824508622017923,15.000000000001679,0.23972454099566676,
2808,280,ok,1.6829885475627109,0.3190289902754519,-0.0823827390469423,0.08198812823287593,15.000000000001679,0.2520516660006251,
2809,280,ok,1.3988028610451169,0.7753698705352264,-0.6759663379748257,0.09847577179470801,15.000000000001679,0.30762945901369676,
2810,280,ok,1.8150827448332727,0.19949165789220047,-0.229554090775376,0.09502906041691218,15.000000000001679,0.2488957500027027,
2811,281,ok,1.5957017972654897,0.6369585023338382,-0.8296879542552733,0.07925253874723992,15.000000000001679,0.22868904200731777,
2812,281,ok,1.7901026742176591,0.29318368517696447,-0.5396717999813657,0.10077160591173662,15.000000000001679,0.23214599999482743,
2813,281,ok,2.0156112681955785,-0.015609875269705607,0.0023696396834200118,0.10361816421405982,15.000000000001679,0.24520800000755116,
2814,281,ok,1.6849472014731919,0.5948323426083597,-0.9298123070667706,0.09750037152155308,15.000000000001679,0.24989287499920465,
2815,281,ok,0.9616598671949266,1.043980373504587,0.10400083619344054,0.09545485470831422,15.000000000001679,0.28541920898715034,
2816,281,ok,1.9199782128488434,0.08085354325584974,-0.05650854254545925,0.0954535990076195,15.000000000001679,0.23860179202165455,
2817,281,ok,1.9061099704168252,0.12315393383717851,-0.3327222013205191,0.08698045072559088,15.000000000001679,0.21039816600386985,
2818,281,ok,2.06309472909781,-0.06300434424702368,0.01931157293112705,0.10012208798432667,15.000000000001679,0.2652800830255728,
2819,281,ok,2.5242187192667163,-0.37920594310250616,-0.8432432762863956,0.10564558010170734,15.000000000001679,0.22847866598749533,
2820,281,ok,1.7525710385168503,0.45068781715299017,-0.8192295192007335,0.10042458057513798,15.000000000001679,0.2755069170088973,
2821,282,ok,1.7184720198971453,0.2816729329035829,-0.022319804058283408,0.0923878568503166,15.000000000001679,0.20926041700295173,
2822,282,ok,2.0132006375066966,-0.013175475706975762,-0.010065330067134752,0.10864381907115316,15.000000000001679,0.2632467500225175,
2823,282,ok,1.0066465091955208,1.0098298890498412,0.18138452485390785,0.09493541939469809,15.000000000001679,0.2694646659947466,
2824,282,ok,1.4979867105498452,0.5119962689677859,-0.1726530666340931,0.07713933343632372,15.000000000001679,0.2674872080096975,
2825,282,ok,1.500405357795487,0.7350009316622227,-0.806841740867414,0.10460222656659504,15.000000000001679,0.25520874999347143,
2826,282,ok,2.1245575729222668,0.00712558686024242,-0.7363399039263183,0.10704014301527759,15.000000000001679,0.22122970799682662,
2827,282,ok,0.9496153979615348,1.1799095038309497,-0.4787702811775653,0.0935965886773677,15.000000000001679,0.2500707920116838,
2828,282,ok,2.048430284789467,-0.02142659489385746,-0.3315134282325216,0.08636129051618865,15.000000000001679,0.264203250000719,
2829,282,ok,1.9664844991120576,0.034437682987505346,-0.06021680154635669,0.09890425320599625,15.000000000001679,0.23540183299337514,
2830,282,ok,1.137278688172964,1.0707141732079954,-0.6556147242824237,0.10205282430816043,15.000000000001679,0.24571108300006017,
2831,283,ok,1.6382417649854446,0.4235103140055203,-0.44555173717050117,0.11019084223915675,15.000000000001679,0.22074516699649394,
2832,283,ok,1.8003132913931417,0.20952975048347383,-0.18800061904960808,0.09729334640113223,15.000000000001679,0.27114579200861044,
2833,283,ok,1.1465732775666393,0.9004371768638452,-0.3249490403228703,0.09018448031680135,15.000000000001679,0.2596909999847412,
2834,283,ok,2.5996729443262985,-0.49239877557784867,-0.7390857602201558,0.08688706419813134,15.000000000001679,0.256923042004928,
2835,283,ok,2.2602094365952947,-0.20682139546126413,-0.4883503105444056,0.09119944421510989,15.000000000001679,0.2610167080129031,
2836,283,ok,2.46450780344638,-0.3788870766712425,-0.6439681589136608,0.08476103164437589,15.000000000001679,0.2152959999802988,
2837,283,ok,1.0581699604497963,0.9996813026180138,-0.345088639144104,0.09621234290747005,15.000000000001679,0.24889470799826086,
2838,283,ok,1.358565129487099,1.0087600067740428,-0.9290546199700546,0.10169148541675424,15.000000000001679,0.19515545800095424,
2839,283,ok,2.039094675190763,-0.039014842723809506,-0.018043434909132322,0.09706670052361398,15.000000000001679,0.2419899999804329,
2840,283,ok,0.8224333398478567,1.1782452292345569,-0.03340202415324984,0.09060879736351722,15.000000000001679,0.22677133299293928,
2841,284,ok,1.5888515278237532,0.5955495578586402,-0.7429455787854273,0.11347124459659716,15.000000000001679,0.22676191700156778,
2842,284,ok,2.004187780806101,-1.4382667029029647e-05,0.1292715353722849,0.07638298750170255,15.000000000001679,0.23652358300751075,
2843,284,ok,1.8918132519231978,0.11216261282601522,-0.12258621350024174,0.09521373441764734,15.000000000001679,0.29401487499126233,
2844,284,ok,1.1219698864152423,0.8843463183367957,0.11888350858705822,0.10320905026817309,15.000000000001679,0.2571102920046542,
2845,284,ok,1.5681425850925201,0.455570483390569,-0.27167744736398475,0.08764631262409893,15.000000000001679,0.23692437499994412,
2846,284,ok,1.1826452535840453,0.8750695772944027,-0.3649401867378779,0.0995159732808777,15.000000000001679,0.21564391601714306,
2847,284,ok,1.8478719686479574,0.2643593733911746,-0.634178545663445,0.1034568072369213,15.000000000001679,0.28613408299861476,
2848,284,ok,2.055352417218451,-0.05228665724735254,-0.11221869474475062,0.08097992751602205,15.000000000001679,0.2676858750055544,
2849,284,ok,1.4377091992500635,0.6548903759515495,-0.5076296296518699,0.09928961313044461,15.000000000001679,0.2347251659957692,
2850,284,ok,1.227918075218679,0.869039922210207,-0.4782385407873882,0.10253712710279578,15.000000000001679,0.23432562500238419,
2851,285,ok,1.3995756754099453,0.7086610253829118,-0.5396811316269002,0.1029649886297438,15.000000000001679,0.22853941601351835,
2852,285,ok,2.078483133971645,0.014484490289050335,-0.6146708866555016,0.10040318268616757,15.000000000001679,0.2789708750206046,
2853,285,ok,1.7212617924598637,0.31036335568375445,-0.32843594256091946,0.10180545768226822,15.000000000001679,0.20408608400612138,
2854,285,ok,1.9883755332308761,0.01243173124138088,-0.05665366868117168,0.09504588741573343,15.000000000001679,0.21558604200254194,
2855,285,ok,1.5249970546582003,0.886343835582905,-1.0418185850578738,0.10063586201430312,15.000000000001679,0.19722395797725767,
2856,285,ok,2.084230037557195,-0.08323358910378224,-0.06444115676678222,0.09308332151567364,15.000000000001679,0.2716767499805428,
2857,285,ok,1.7792414557864729,0.23979027373963308,-0.259541668268453,0.09270838648110435,15.000000000001679,0.2085065410064999,
2858,285,ok,2.103785620836251,0.031343954260535996,-0.7418270094913146,0.09596887553900861,15.000000000001679,0.23149870801717043,
2859,285,ok,0.7380470991244803,1.285540274633424,0.18509678915415365,0.09728202184295542,15.000000000001679,0.23856054100906476,
2860,285,ok,1.265822311746279,0.7355493337959229,-0.05891211802982299,0.10083971009227369,15.000000000001679,0.2462125830061268,
2861,286,ok,2.09254808884555,0.013170300771760032,-0.6567078881784392,0.0941938007185108,15.000000000001679,0.21506608300842345,
2862,286,ok,0.9022501901161858,1.1544385247931497,-0.31477165884289604,0.09590203666566524,15.000000000001679,0.23430783400544897,
2863,286,ok,2.0341516989277704,0.3002463716938579,-1.1174125188625912,0.09834125602218076,15.000000000001679,0.22525037499144673,
2864,286,ok,1.7297037016096868,0.4575192334714324,-0.7827055514378922,0.09442018594422515,15.000000000001679,0.22125437497743405,
2865,286,ok,1.4843145768565478,0.774616685950775,-0.8376308833361927,0.09586222285178407,15.000000000001679,0.31901379200280644,
2866,286,ok,2.258531256916054,-0.20961685939391675,-0.4675005595172832,0.0879533841034907,15.000000000001679,0.27071983300265856,
2867,286,ok,1.9590125989727583,0.05077980497183093,-0.195629737586972,0.1033048298367753,15.000000000001679,0.25613254198106006,
2868,286,ok,1.266014174216055,1.2513170178978863,-1.0209141401835151,0.09181165983506474,15.000000000001679,0.270218334015226,
2869,286,ok,1.8339381721676062,0.17945780513069234,-0.22125852759589631,0.08217608023154106,15.000000000001679,0.293598332995316,
2870,286,ok,1.1180452548981488,1.209144908522984,-0.7902995737599425,0.10076976217945414,15.000000000001679,0.2524482079898007,
2871,287,ok,1.5655737692992078,0.45452459622326696,-0.25005400104552034,0.0992285855211238,15.000000000001679,0.26033570800791495,
2872,287,ok,2.3678341436677686,-0.07068603843442667,-1.1484327852127942,0.09901723316485012,15.000000000001679,0.22427429200615734,
2873,287,ok,2.1816054473204263,-0.17979538980589374,-0.08885035936409925,0.0904755401415001,15.000000000001679,0.27334916600375436,
2874,287,ok,1.914258108737088,0.312837089944408,-0.9043591221403361,0.10156287182905278,15.000000000001679,0.2489074589975644,
2875,287,ok,1.209427418618771,1.139216634917099,-0.849568525372392,0.10223309253174324,15.000000000001679,0.25309845799347386,
2876,287,ok,0.7829929402778736,1.2346722924712386,-0.16538272163004303,0.10056199162810006,15.000000000001679,0.2162525409949012,
2877,287,ok,1.5942392618067869,0.6325079813899303,-0.819490331196168,0.08677268598459185,15.000000000001679,0.2681595419999212,
2878,287,ok,0.9502551946158097,1.1855583059428456,-0.48956068252632673,0.09718745540129844,15.000000000001679,0.24527191699598916,
2879,287,ok,1.9901413253578384,0.010306199962045473,-0.04220280781628074,0.09723534123653321,15.000000000001679,0.19754966700566,
2880,287,ok,1.8137042372364085,0.3811025153939611,-0.8177371182143699,0.09655806492257468,15.000000000001679,0.21983933402225375,
2881,288,ok,1.0692374565869551,1.078325397057769,-0.5420190631885762,0.10551718995906932,15.000000000001679,0.26532316600787453,
2882,288,ok,2.1370507930036764,-0.1362665942497998,0.05788894687248096,0.09838944811038569,15.000000000001679,0.22565074998419732,
2883,288,ok,1.0249899067110912,0.9859884010918857,-0.14961546089699856,0.09603502109910649,15.000000000001679,0.22495679097482935,
2884,288,ok,1.6109140074012172,0.4137945099845099,0.2810624177761373,0.1068507492560835,15.000000000001679,0.23553679199540056,
2885,288,ok,1.7358294386629347,0.3530199885915032,-0.5482341490182333,0.09522721199819927,15.000000000001679,0.2542439170065336,
2886,288,ok,1.5712059276905286,0.4369240160928766,-0.15962936992493956,0.09944132548407879,15.000000000001679,0.2538979160017334,
2887,288,ok,1.6141872162942383,0.38778971194491413,0.07986461254572527,0.09336534378383615,15.000000000001679,0.2698366249969695,
2888,288,ok,1.8706833284914535,0.2646495768411154,-0.6985807214188949,0.09428555633637128,15.000000000001679,0.23064720799447969,
2889,288,ok,1.9405727187753858,0.06682844813310877,-0.16932285110949621,0.08988430264651819,15.000000000001679,0.23035733299911954,
2890,288,ok,1.9573973943197434,0.05770338746150665,-0.24266938045665226,0.0998758988683927,15.000000000001679,0.23117104099947028,
2891,289,ok,1.828172222837935,0.3079388840200067,-0.6922014563295394,0.09737723173301108,15.000000000001679,0.26030545801040716,
2892,289,ok,2.1225648875211416,-0.1204292522687929,0.09519184765747274,0.09801925783886384,15.000000000001679,0.2105034170090221,
2893,289,ok,1.1239241832239506,1.065940934633343,-0.6250913789535031,0.1010082850912772,15.000000000001679,0.22188483297941275,
2894,289,ok,1.0829849835095413,0.9739077559211208,-0.3463974323639417,0.1034002113715737,15.000000000001679,0.22478095901897177,
2895,289,ok,2.12119436062932,-0.12033008959015046,0.06054607125367291,0.10273551735692805,15.000000000001679,0.2659287079877686,
2896,289,ok,0.862359400923657,1.2276799676044765,-0.38364762989230927,0.10477728483838429,15.000000000001679,0.2648801250034012,
2897,289,ok,2.1894873545607285,-0.18802179323729817,-0.08009686697977059,0.1023597147554763,15.000000000001679,0.2545114579843357,
2898,289,ok,1.3247808954447742,0.6945005303653687,-0.22520114502185395,0.082300889708204,15.000000000001679,0.28234279199386947,
2899,289,ok,0.766853471717897,1.2842692196487715,-0.2753065512181157,0.10146945893666112,15.000000000001679,0.3995406250178348,
2900,289,ok,1.6660440338509463,0.7266777440029818,-1.0744082813870142,0.09598477670829846,15.000000000001679,0.3065527920261957,
2901,290,ok,1.8048260258496895,0.22348994525401594,0.31844781200505184,0.08693700878111535,15.000000000001679,0.3155108749924693,
2902,290,ok,1.7104125806512411,0.29264135545274556,-0.10216484199469175,0.10475345982678762,15.000000000001679,0.3048754170013126,
2903,290,ok,1.0617971092592315,0.938466779209463,0.023671129870150517,0.08962440727110821,15.000000000001679,0.2782948749954812,
2904,290,ok,2.00982745915216,0.02257877694954621,-0.3594603207471917,0.10206283560105989,15.000000000001679,0.2944239999924321,
2905,290,ok,1.3245722126242125,0.7536497258653041,-0.4484445792074759,0.07780932463533582,15.000000000001679,0.2464468329853844,
2906,290,ok,1.9273027299955063,0.5469346253190636,-1.2661346018301058,0.10085961295898023,15.000000000001679,0.22826999999233522,
2907,290,ok,1.9756438042530073,0.025340696060394186,0.0623624458151417,0.09163952052653139,15.000000000001679,0.2079673330008518,
2908,290,ok,1.50911950032415,0.6561429229729785,-0.6866511652819078,0.09763412058586335,15.000000000001679,0.26882650001789443,
2909,290,ok,1.1420179760513585,0.95029397589861,-0.4498025351081217,0.10455527977666941,15.000000000001679,0.22146974998759106,
2910,290,ok,2.096786618543166,-0.09600083874088407,0.057398673322601075,0.07503268282935456,15.000000000001679,0.2514791249996051,
2911,291,ok,1.5715965999799892,0.6740970721775782,-0.8437400660515014,0.09964079256901096,15.000000000001679,0.24740337501862086,
2912,291,ok,1.9369856825810565,0.06306656837005796,-0.014227296238514176,0.09877861447442422,15.000000000001679,0.20598766597686335,
2913,291,ok,2.2594652857378645,-0.19281351177325667,-0.544749740742598,0.08798248768212619,15.000000000001679,0.2376791669812519,
2914,291,ok,1.0191166926149249,1.0565151633205323,-0.38527288526744446,0.10154970948112196,15.000000000001679,0.24378887499915436,
2915,291,ok,2.090519311992693,0.3502098798403901,-1.2839250574851095,0.10401572772886987,15.000000000001679,0.24898533301893622,
2916,291,ok,1.9618328559380882,0.04211380896957685,-0.12437772152028528,0.09691570853001671,15.000000000001679,0.19746733299689367,
2917,291,ok,1.8389411017855768,0.27361824505705445,-0.6334906566291778,0.09995082230783543,15.000000000001679,0.23312987500685267,
2918,291,ok,2.287898998968589,-0.1302576294887663,-0.8345563261316602,0.09917974790317283,15.000000000001679,0.19226229202467948,
2919,291,ok,2.303200736972152,-0.19510971369426172,-0.697299777451679,0.10434504710367444,15.000000000001679,0.23679487497429363,
2920,291,ok,1.9184395572204465,0.138501330124776,-0.46393214672078287,0.10392856545214753,15.000000000001679,0.24149279098492116,
2921,292,ok,2.0384065383077568,-0.038360863520749036,0.01364571298094298,0.09738039228642803,15.000000000001679,0.22438066601171158,
2922,292,ok,1.1514088323627367,0.8614209475934141,0.17140606950700968,0.08637605937254154,15.000000000001679,0.2551789999997709,
2923,292,ok,1.7796265121233925,0.4362361106423644,-0.849536945043329,0.09011940082308606,15.000000000001679,0.19318904198007658,
2924,292,ok,2.0056317747228416,-0.004793167988429415,-0.0579928389097617,0.07561594084859276,15.000000000001679,0.2655077090021223,
2925,292,ok,2.03195665105529,0.36651458035930345,-1.208541772380702,0.1051525411703002,15.000000000001679,0.24045204199501313,
2926,292,ok,2.2624457452058713,-0.2564126092329277,0.16511476885730594,0.07504972012176554,15.000000000001679,0.25471641699550673,
2927,292,ok,1.0288419611784616,0.9738687386642151,-0.07463521682807843,0.09990305796388908,15.000000000001679,0.24242104098084383,
2928,292,ok,2.1409070828867263,-0.08546259522403571,-0.48407530558373,0.102875101547458,15.000000000001679,0.23775345800095238,
2929,292,ok,2.114861911212332,-0.11478513680306353,-0.018020229008732992,0.0913049321727493,15.000000000001679,0.30203866699594073,
2930,292,ok,2.081569016098526,-0.0813360068391878,0.0311447494144853,0.09859965254275842,15.000000000001679,0.2261100829928182,
2931,293,ok,2.26255906710287,-0.22834978217962423,-0.391957625757468,0.11219337964762817,15.000000000001679,0.2205004999996163,
2932,293,ok,2.154595620955469,-0.1432090546764212,0.221217625413264,0.09671340229247341,15.000000000001679,0.26536183297866955,
2933,293,ok,1.2828369130226658,0.7181130166779471,-0.04935896476841898,0.09928710136253095,15.000000000001679,0.20746583299478516,
2934,293,ok,1.9896095900209487,0.012203215185656252,0.0849132674267408,0.0974353562566384,15.000000000001679,0.22972770800697617,
2935,293,ok,1.7319654386875996,0.3301189205417354,-0.45956660156677037,0.10583144066053539,15.000000000001679,0.23271170898806304,
2936,293,ok,1.9215082848772096,0.07977101095431592,-0.07010505317269346,0.10556272267973288,15.000000000001679,0.24427304201526567,
2937,293,ok,2.4849115527353502,-0.4492189655959676,-0.4196568639765448,0.1026427526365016,15.000000000001679,0.23193604202242568,
2938,293,ok,1.5861086866858431,0.5618437003233282,-0.6689149599766723,0.09644294574665786,15.000000000001679,0.22819679201347753,
2939,293,ok,1.889439116552394,0.2810084126186735,-0.7842500224230268,0.08949645644077647,15.000000000001679,0.24234187498223037,
2940,293,ok,2.390224871521008,-0.3379448910946543,-0.49718067404317384,0.0919820660612221,15.000000000001679,0.24772954097716138,
2941,294,ok,1.8553877043896942,0.31215294234489177,-0.770477672334152,0.10668563562106866,15.000000000001679,0.25138216599589214,
2942,294,ok,2.107726088815173,0.10610448687845357,-0.9250238109639024,0.09865504669848052,15.000000000001679,0.22877537499880418,
2943,294,ok,2.02123140298098,-0.019741414373548274,-0.07759512523863124,0.10110626689102181,15.000000000001679,0.22609616699628532,
2944,294,ok,1.3943685630198979,0.6165582188842375,-0.17421976868719954,0.10590902107985972,15.000000000001679,0.2321200409787707,
2945,294,ok,2.070946546521445,-0.06345596139383672,0.17598037941014372,0.10385088553734317,15.000000000001679,0.23481087500113063,
2946,294,ok,1.5982204978625247,0.8583499774880214,-1.1184560723990618,0.09753580572140313,15.000000000001679,0.1977690840139985,
2947,294,ok,1.0760495885244703,0.9606737553982729,-0.2787179115983632,0.09270394146889492,15.000000000001679,0.2329634579946287,
2948,294,ok,1.70014840742474,0.3030151296420496,0.10366753129639877,0.09435345257647533,15.000000000001679,0.2071748329908587,
2949,294,ok,0.8369888237318001,1.1637009987259819,0.03397457166797005,0.09515160529808807,15.000000000001679,0.23764179201680236,
2950,294,ok,1.8304946289858177,0.17107739833840602,0.07584658118407638,0.0980424713748769,15.000000000001679,0.2476948330004234,
2951,295,ok,2.221914080133163,-0.22173737714164063,0.028021536463642662,0.09998109466564464,15.000000000001679,0.24447354199946858,
2952,295,ok,1.2920734268365284,0.8034417459860418,-0.48754700808040796,0.09403368352168288,15.000000000001679,0.24352441701921634,
2953,295,ok,1.3071021883143152,0.7867425172330653,-0.48633569805856597,0.09938887235429684,15.000000000001679,0.20075633298256435,
2954,295,ok,1.4470151646565896,0.567390175702038,-0.20367124998658787,0.10638181450766829,15.000000000001679,0.19421058401349,
2955,295,ok,2.1299313818929724,-0.1297985467251272,0.023787432397043333,0.1039601320810638,15.000000000001679,0.22521220799535513,
2956,295,ok,1.443262763196241,0.6448182372419466,-0.4964773846982598,0.09677647277775711,15.000000000001679,0.20901370799401775,
2957,295,ok,2.4264952899273124,-0.425846583093126,-0.056104788876136645,0.10460903993430169,15.000000000001679,0.2081808750226628,
2958,295,ok,1.8202756444414971,0.24482616239326707,-0.48246059064732066,0.0948463145908372,15.000000000001679,0.23923795798327774,
2959,295,ok,1.9027384349191632,0.4016089244352666,-1.0322594253740875,0.1033152949009395,15.000000000001679,0.23587195802247152,
2960,295,ok,1.3237758605105754,0.7390880863629246,-0.4030926381349611,0.08990600572686647,15.000000000001679,0.2311598339874763,
2961,296,ok,2.2304579076122963,-0.14302974180409994,-0.6183575045014631,0.10321879636494997,15.000000000001679,0.26360608299728483,
2962,296,ok,1.445528599327943,0.7273067901863774,-0.6854231723317377,0.10656839559948748,15.000000000001679,0.24910041701514274,
2963,296,ok,2.352742962660716,-0.30561366834983555,-0.46855635804878215,0.09509859764784605,15.000000000001679,0.28229883301537484,
2964,296,ok,1.107229564438568,1.0023302511506762,-0.4802211788309089,0.09158040224917116,15.000000000001679,0.27098166599171236,
2965,296,ok,2.017875836995527,-0.010527781525405759,-0.1720492175074594,0.07775728436186545,15.000000000001679,0.2908198749937583,
2966,296,ok,2.141074583274411,-0.1398526496029257,-0.07232571555838713,0.09956670776737762,15.000000000001679,0.23961120800231583,
2967,296,ok,0.9479447571914357,1.0642101943517137,0.1513165633084244,0.10380710408075207,15.000000000001679,0.25168287500855513,
2968,296,ok,1.426365739379128,0.7556924677393169,-0.6972933296926737,0.10020502729152622,15.000000000001679,0.2669119159982074,
2969,296,ok,1.201170894838943,1.0595795996901662,-0.7472757116950071,0.0914641685350204,15.000000000001679,0.2248875829973258,
2970,296,ok,2.0398687480080033,0.09428637189802205,-0.7275438658707358,0.09863639931371798,15.000000000001679,0.2337236669845879,
2971,297,ok,2.2114226319869026,-0.0725216721508332,-0.7713909357316776,0.10122976368417363,15.000000000001679,0.2899672919884324,
2972,297,ok,2.215332250049679,-0.06727562356450267,-0.7962841668187113,0.10172142908959332,15.000000000001679,0.21422629099106416,
2973,297,ok,0.8717394449282323,1.129034534736867,0.03672625985254919,0.10249046985607511,15.000000000001679,0.2138217499887105,
2974,297,ok,2.046227093413408,-0.046100745138217034,-0.02273892178442345,0.07499497545055998,15.000000000001679,0.2422556670207996,
2975,297,ok,1.60973479978362,0.40006461210370353,-0.17734959879158999,0.07749275125361592,15.000000000001679,0.24181258300086483,
2976,297,ok,1.5222634716206747,0.8214280853961906,-0.9634595576036079,0.09136445240126496,15.000000000001679,0.22910954200779088,
2977,297,ok,1.307901436239661,0.8958345006832216,-0.7010169163695679,0.09712797772189438,15.000000000001679,0.1950160000124015,
2978,297,ok,2.1527718002887952,-0.15119055484893226,-0.08249618686583572,0.09925597896122576,15.000000000001679,0.22000716600450687,
2979,297,ok,1.9155913878049171,0.08481103098360396,-0.03926293405085791,0.0010378349361645288,15.000000000001679,0.2235243330069352,
2980,297,ok,2.0883560004368924,-0.012851538126285858,-0.556470547309936,0.10039987636716492,15.000000000001679,0.23981704202014953,
2981,298,ok,1.688777708387426,0.3757876296080543,-0.4624979180624093,0.10167616753513896,15.000000000001679,0.20981475000735372,
2982,298,ok,1.51873294371316,0.5017309540336303,-0.24847458666564912,0.08513475927864907,15.000000000001679,0.21005816699471325,
2983,298,ok,2.179954516617372,-0.15078481551597347,-0.3554242139562234,0.08268914540426167,15.000000000001679,0.2702114999992773,
2984,298,ok,1.2552587623138152,1.0679105604799244,-0.8407638414565427,0.09496345636054322,15.000000000001679,0.22510308300843462,
2985,298,ok,1.8769117051379887,0.1307267766704692,0.16916017683609097,0.0760606025354222,15.000000000001679,0.23191658401628956,
2986,298,ok,2.134378909509554,-0.12917750495196828,-0.14891770131754875,0.09495034854292637,15.000000000001679,0.22562037498573773,
2987,298,ok,0.7456444394179762,1.297475258645593,0.24988921109137865,0.10171162023499881,15.000000000001679,0.23248733300715685,
2988,298,ok,1.912945688355114,0.08753706551535685,-0.04297360607173509,0.07496334193384438,15.000000000001679,0.24219375001848675,
2989,298,ok,1.628799091115333,0.3911146637527584,-0.2539182034174304,0.09316248001181421,15.000000000001679,0.23584679199848324,
2990,298,ok,1.9829452029916692,0.02117213946035672,0.12771834801535287,0.07993028173178268,15.000000000001679,0.22706029200344346,
2991,299,ok,0.6612483599338732,1.3389072867730023,0.014346359587148501,0.09125497332390622,15.000000000001679,0.21998741701827385,
2992,299,ok,1.8636068181378955,0.27393123771004646,-0.7026499843142947,0.10002611356528562,15.000000000001679,0.21077941701514646,
2993,299,ok,1.9512117166036151,0.05558592923489906,0.16273009685339407,0.07954538330401449,15.000000000001679,0.2964874999888707,
2994,299,ok,1.2677459519249294,0.7355719940476371,-0.09166033158011443,0.09669471355589372,15.000000000001679,0.2269898749946151,
2995,299,ok,1.9899216931728398,0.05736800147624669,-0.431241537043303,0.0892352417604621,15.000000000001679,0.2417892500234302,
2996,299,ok,2.110137525606402,0.1695954637517132,-1.0499045721654905,0.09169664759243598,15.000000000001679,0.21897179100778885,
2997,299,ok,2.0940125028060326,-0.08696081631076989,-0.17170589125440025,0.09849580643045269,15.000000000001679,0.25362912501441315,
2998,299,ok,2.0700863221865533,-0.06456796214092521,0.1510513522121442,0.08065699381346735,15.000000000001679,0.25822891600546427,
2999,299,ok,2.2024284833242764,-0.12576058935376408,-0.5760495993474956,0.10792174681881554,15.000000000001679,0.2133968339767307,
3000,299,ok,2.108800511011163,-0.10439793809288912,-0.13619439559446064,0.10046502421268688,15.000000000001679,0.2379188330087345,
3001,300,ok,1.617885618282407,0.3847639870798453,-0.09255536943283502,0.08316121434990338,15.000000000001679,0.2600517079990823,
3002,300,ok,1.8469504807031587,0.1563288076007058,-0.11001187429815713,0.09264579156456756,15.000000000001679,0.24239829200087115,
3003,300,ok,2.017149295277324,-0.011591729883921997,-0.14963285635318962,0.10112067125894413,15.000000000001679,0.22555337499943562,
3004,300,ok,2.193502841553817,-0.19349471699135473,0.005970128615577201,0.09653886499644902,15.000000000001679,0.22767416699207388,
3005,300,ok,1.998812088925846,0.07035596157637419,-0.5212711883580992,0.09228695271287532,15.000000000001679,0.23310087498975918,
3006,300,ok,1.8247132367311483,0.7145250203803645,-1.2950414947304822,0.09886133580125435,15.000000000001679,0.2684801669965964,
3007,300,ok,1.2756577137877863,1.1332866525049374,-0.9360077863031828,0.09861257395231002,15.000000000001679,0.25028974999440834,
3008,300,ok,1.1185929289120269,0.8959468321845753,0.1797685824851292,0.09704188457968806,15.000000000001679,0.23676533400430344,
3009,300,ok,1.9460026323997504,0.07147573054020659,-0.26023141126952326,0.10425862677726941,15.000000000001679,0.2318712090200279,
3010,300,ok,1.3070560312018542,0.6978948074821052,-0.11365534003766926,0.08699558008866079,15.000000000001679,0.23859370799618773,
3011,301,ok,1.7564491315179311,0.25355713445488187,-0.18721877308820056,0.09787547363431971,15.000000000001679,0.2507030830020085,
3012,301,ok,1.6761551505652752,0.37667107096938063,-0.4174916489449846,0.10088988943627718,15.000000000001679,0.22158033400774002,
3013,301,ok,1.0332848535602175,0.969530101137381,-0.0762192635429105,0.09173091373175155,15.000000000001679,0.2164494999742601,
3014,301,ok,0.6495906123920637,1.4056444501167118,-0.262124863435025,0.09502753240551398,15.000000000001679,0.23691508299089037,
3015,301,ok,0.8723203237269063,1.1481615143069923,0.18792004012147878,0.10221202352942059,15.000000000001679,0.2325870000058785,
3016,301,ok,1.1327648262996153,0.8967747307359254,-0.257002250882764,0.09830798043790498,15.000000000001679,0.22401829101727344,
3017,301,ok,0.6738885943497079,1.326371986170988,-0.018738638675358337,0.0991772932136146,15.000000000001679,0.24521962500875816,
3018,301,ok,2.1535734976841834,-0.06996092477088676,-0.594256325039409,0.08435622834065477,15.000000000001679,0.2515895830001682,
3019,301,ok,1.7500848663815065,0.2537265265599527,0.11543827570267734,0.09460838092899451,15.000000000001679,0.22956454099039547,
3020,301,ok,0.8969221889954153,1.2067394421203663,-0.4185774724287248,0.09980818423182776,15.000000000001679,0.20991466598934494,
3021,302,ok,1.376734299814615,0.6941380379438589,-0.4360296645194264,0.09880572958428072,15.000000000001679,0.25478983399807476,
3022,302,ok,1.7351393602431773,0.3122170097880505,-0.4026129374676297,0.09652135056614487,15.000000000001679,0.17199470798368566,
3023,302,ok,1.7115330910665758,0.3244508006107276,-0.34911373826000563,0.09593704589452313,15.000000000001679,0.253109500015853,
3024,302,ok,2.004129171828451,0.03305684930934287,-0.38427643607812345,0.10184301748643117,15.000000000001679,0.22972808399936184,
3025,302,ok,1.4427620831049697,0.6466436353068716,-0.49998897846851753,0.09439018801934455,15.000000000001679,0.2244644159800373,
3026,302,ok,1.5741195199636004,0.5005267897675408,-0.47899097582898104,0.08950284134381245,15.000000000001679,0.2377650839916896,
3027,302,ok,2.192254032904081,-0.10855985783641678,-0.5999608909796339,0.09355259951743308,15.000000000001679,0.22818295899196528,
3028,302,ok,2.574786215948717,-0.38907130254665545,-0.9601366408941701,0.10264892062048524,15.000000000001679,0.2519618749793153,
3029,302,ok,1.740211024168543,0.7373008340348174,-1.19746616858622,0.09813312119467163,15.000000000001679,0.2317200419784058,
3030,302,ok,1.2232725006635743,1.1021398550895407,-0.8308085044467729,0.10217342129801345,15.000000000001679,0.23146487498888746,
3031,303,ok,1.9604927925073665,0.046849777744946544,0.16951754711052003,0.07580941808853695,15.000000000001679,0.2633177910174709,
3032,303,ok,1.7143709549423647,0.4797335925639924,-0.7923747986727053,0.09561407912002831,15.000000000001679,0.24901437500375323,
3033,303,ok,1.2900820110856048,0.7150194791581451,-0.11461525371290679,0.09250563892096082,15.000000000001679,0.22677720899810083,
3034,303,ok,1.6072264948946993,0.949669285206781,-1.2165452706140722,0.09517072893342472,15.000000000001679,0.2397327079961542,
3035,303,ok,2.1774641492372937,-0.17524790019481878,0.09821758453414968,0.09804042481944235,15.000000000001679,0.2759582919825334,
3036,303,ok,2.210938149262891,-0.17251655853137454,-0.4103892088895755,0.10802889007998283,15.000000000001679,0.20056624998687766,
3037,303,ok,1.5290955792861118,0.5920659300671366,-0.5965357871197777,0.10682192957247089,15.000000000001679,0.24032616699696518,
3038,303,ok,2.2471387308000197,-0.062136066045518176,-0.8928758707546292,0.09575886439287842,15.000000000001679,0.2644013749959413,
3039,303,ok,1.355675555814503,0.7116825185510284,-0.42201217947583075,0.10592735505795142,15.000000000001679,0.23962270800257102,
3040,303,ok,1.5880054801728984,0.44594302987105067,-0.32660119205659344,0.09501475156557242,15.000000000001679,0.24418566699023359,
3041,304,ok,1.0119082546518283,1.1651194368462003,-0.5717803434016455,0.09579767507759822,15.000000000001679,0.2537778330151923,
3042,304,ok,1.9216708052918805,0.07948998586372165,0.06678300317757573,0.07501625786218129,15.000000000001679,0.3022835000010673,
3043,304,ok,2.08331099973472,-0.0811726849786299,0.09436618522817362,0.07497584950187496,15.000000000001679,0.27656591701088473,
3044,304,ok,2.1568980560104434,-0.15645435971680877,0.04374721111108598,0.09974199260107587,15.000000000001679,0.21803079100209288,
3045,304,ok,1.6557683994994192,0.34578783768482513,-0.07177126743635978,0.10428386171608854,15.000000000001679,0.21436445898143575,
3046,304,ok,2.0873338138332524,-0.0873276414395608,0.0050761849879181874,0.09550468734557023,15.000000000001679,0.20776425002259202,
3047,304,ok,2.077325734837989,-0.07039918377818061,-0.16949757647481323,0.0876845310482035,15.000000000001679,0.2536714169837069,
3048,304,ok,1.7971471198652043,0.20331467022773173,0.04073814208962748,0.10188555429519901,15.000000000001679,0.21933941601309925,
3049,304,ok,1.9694298379225226,0.030929389127237663,-0.03761403855876949,0.10105988036340512,15.000000000001679,0.21636495800339617,
3050,304,ok,1.9049607908004864,0.17045450609709417,-0.5306966178776599,0.10446613837312752,15.000000000001679,0.2203041249886155,
3051,305,ok,2.109714219741505,-0.10464795569907025,0.14612005868884906,0.07599921651588756,15.000000000001679,0.2729920410201885,
3052,305,ok,2.0117683066822907,0.007259420630586969,-0.27603750307845376,0.08572889141207898,15.000000000001679,0.2497119590116199,
3053,305,ok,1.5290564188453715,0.6849099734080283,-0.7800972721209573,0.0979540668627819,15.000000000001679,0.2271671670023352,
3054,305,ok,1.5132537260286283,0.6866586820315272,-0.7517123265294786,0.09629239855285689,15.000000000001679,0.24804387500626035,
3055,305,ok,1.5540824260073447,0.8512695197698057,-1.0467045765711456,0.10252413040842748,15.000000000001679,0.20385625000926666,
3056,305,ok,2.2337316454342586,-0.07629986844258753,-0.8237329179532245,0.09884280791205666,15.000000000001679,0.24873420799849555,
3057,305,ok,2.0240225707046315,0.3006411988082512,-1.099475798521244,0.10349314372634683,15.000000000001679,0.20692250001593493,
3058,305,ok,1.1381340622339575,0.8618660254798978,-0.00044683357628323635,0.10174567370917019,15.000000000001679,0.21465149999130517,
3059,305,ok,2.130590091391312,-0.1304122122606232,0.027530771613559157,0.09790783455805711,15.000000000001679,0.2401189579977654,
3060,305,ok,2.632301313170044,-0.4755844727349791,-0.8947020295440343,0.10019925158801793,15.000000000001679,0.23731337499339134,
3061,306,ok,1.8218101165711151,0.435756818658825,-0.9338818825036169,0.10201367298059295,15.000000000001679,0.23587695899186656,
3062,306,ok,1.9873445221532804,0.012920710840385468,-0.032467650447352864,0.12770433093655728,15.000000000001679,0.24223249999340624,
3063,306,ok,1.6296202705952287,0.3723727723204774,-0.08057191850227707,0.08523956726338938,15.000000000001679,0.24636862499755807,
3064,306,ok,1.705627790227844,0.2978514662739708,-0.10888768494116878,0.07633919758330977,15.000000000001679,0.22951358399586752,
3065,306,ok,1.6428114564440464,0.5695876342949775,-0.8079294186140088,0.07561526232181233,15.000000000001679,0.20770037500187755,
3066,306,ok,1.0181157762509288,1.1407636150137714,-0.5461433589881222,0.09813231291321532,15.000000000001679,0.24773308300063945,
3067,306,ok,2.505976316440403,-0.2904978539103432,-1.0166301588052193,0.10010724915044912,15.000000000001679,0.2168466669972986,
3068,306,ok,1.1335437450038737,0.9143946310348796,0.32616315658196515,0.10030803507137223,15.000000000001679,0.21793287500622682,
3069,306,ok,1.2030290846233458,0.9641062354837915,-0.6117214129700899,0.101356606288855,15.000000000001679,0.2106184579897672,
3070,306,ok,1.6219997795270908,0.39067557463284486,-0.2023812706319611,0.0851540289505722,15.000000000001679,0.264683374989545,
3071,307,ok,2.1309284919213582,-0.1308575836046049,0.017383787762711534,0.09362752388335413,15.000000000001679,0.20169733301736414,
3072,307,ok,2.464667138432385,-0.414296218310255,-0.4957397235659887,0.0975899759734732,15.000000000001679,0.2386056249961257,
3073,307,ok,1.64713806278136,0.35424674708474113,-0.06752798221459876,0.0948809789574187,15.000000000001679,0.2249794589879457,
3074,307,ok,1.0425161854632738,1.1816485588821974,-0.645864471675994,0.10703793308786576,15.000000000001679,0.20968295901548117,
3075,307,ok,1.3682906839329734,0.9179378896990206,-0.8374729757960877,0.09988549052757435,15.000000000001679,0.251696167018963,
3076,307,ok,1.5032895392830181,0.5628115709604462,-0.44087283694118456,0.10334229419979929,15.000000000001679,0.23007087499718182,
3077,307,ok,0.9284826702545014,1.074168917236766,-0.07012043320165007,0.092010437183025,15.000000000001679,0.35729816599632613,
3078,307,ok,2.0072276014233967,-0.005123678951732042,0.09187859393239804,0.10720024339358426,15.000000000001679,0.3369732919964008,
3079,307,ok,1.8947142646850097,0.10654605626753087,-0.06909636578588464,0.08002449474050166,15.000000000001679,0.3698526250082068,
3080,307,ok,1.6881553839791432,0.6507074901168403,-1.0145335495837344,0.10293915566525656,15.000000000001679,0.34102058300049976,
3081,308,ok,1.8484069600202526,0.5335680277390085,-1.1252491104560138,0.1029316064990089,15.000000000001679,0.30144166699028574,
3082,308,ok,1.7280377227446,0.2847331510999744,-0.20969980518092965,0.09220268679825637,15.000000000001679,0.2884480840002652,
3083,308,ok,1.73976565649948,0.2979327420689412,-0.3602104787677802,0.07917335911916473,15.000000000001679,0.2514071250043344,
3084,308,ok,1.3908575021366458,0.6564506855407929,-0.35966627707638194,0.08600256957048846,15.000000000001679,0.23096345801604912,
3085,308,ok,2.2799316151060953,-0.059669107748541096,-0.9776764987185776,0.09691108719170302,15.000000000001679,0.26741612498881295,
3086,308,ok,0.9167310649701782,1.2080046946933682,0.46167010067104436,0.0962007589891278,15.000000000001679,0.2096046660153661,
3087,308,ok,2.100139170678883,-0.09916722780620955,0.06388650815453455,0.09696061621704735,15.000000000001679,0.24400549998972565,
3088,308,ok,1.500203225337046,0.5176464579214447,-0.23073294866324864,0.08908222136212714,15.000000000001679,0.2441939169948455,
3089,308,ok,1.9370603830600437,0.1540965020651322,-0.5872335173783448,0.07922983557918245,15.000000000001679,0.2796666669892147,
3090,308,ok,2.1486697836365565,-0.14205026915168523,0.16853036385162354,0.10420344618959342,15.000000000001679,0.22236358298687264,
3091,309,ok,2.2678930641805035,-0.07058668290043858,-0.9252079437366457,0.10033505121736161,15.000000000001679,0.2542871249897871,
3092,309,ok,1.723361496741949,0.3466244216255675,-0.486131715986174,0.09754149863004291,15.000000000001679,0.21279316701111384,
3093,309,ok,1.0976893350257793,1.0978579819317424,-0.6253492268045665,0.09336173932438446,15.000000000001679,0.2294530829822179,
3094,309,ok,1.9786039047427961,0.022033770922342443,-0.05022955794899177,0.09940278312963455,15.000000000001679,0.21321533402078785,
3095,309,ok,2.1218284631203135,-0.12157576520284952,-0.032745983134643386,0.09909471239253909,15.000000000001679,0.2371186249947641,
3096,309,ok,1.8561130334652065,0.20575929564982948,-0.47524297769921303,0.09398358474151314,15.000000000001679,0.2155462499940768,
3097,309,ok,2.438834281734927,-0.41616423486173365,-0.331757507738001,0.0976741129894361,15.000000000001679,0.20718370800022967,
3098,309,ok,1.798853906492546,0.4618753652302816,-0.9327636275166469,0.09691302321418496,15.000000000001679,0.238672375009628,
3099,309,ok,1.671706230771193,0.6350378749975403,-0.9651321771177247,0.08678271825609066,15.000000000001679,0.20602774998405948,
3100,309,ok,1.2348727535470982,0.8466078675305444,0.44113184674262007,0.09742125552492557,15.000000000001679,0.21638037500088103,
3101,310,ok,1.2622869185015593,0.7939640376065037,-0.3726198089658613,0.0861691581485885,15.000000000001679,0.2378670839825645,
3102,310,ok,1.994669655516044,0.007386086053683175,-0.09053631638206645,0.09984509883890934,15.000000000001679,0.24390095900162123,
3103,310,ok,1.428075284772194,0.7761908179678154,-0.7359959952003126,0.10007568092775687,15.000000000001679,0.22250358300516382,
3104,310,ok,2.5713845810788305,-0.3861529206403249,-0.958276005715264,0.10370211610583141,15.000000000001679,0.23965204099658877,
3105,310,ok,1.0503008927743178,1.0186523169922213,-0.37428423746905665,0.10072385071519602,15.000000000001679,0.2188273339997977,
3106,310,ok,1.8284450263821563,0.7961603458222734,-1.3762199321078357,0.10536393332432921,15.000000000001679,0.21952495799632743,
3107,310,ok,2.106939493510926,0.08602868842160483,-0.8808563150542513,0.09263206595192366,15.000000000001679,0.23056866598199122,
3108,310,ok,1.9956664256563004,0.0064308427249429746,-0.09146856101094088,0.08201052395304562,15.000000000001679,0.24046662499313243,
3109,310,ok,1.7963269654035459,0.22266554066644234,-0.26052406088767,0.10166025226519403,15.000000000001679,0.24439425001037307,
3110,310,ok,1.9128822342261056,0.5448967515970731,-1.2416895660772491,0.09293636291015475,15.000000000001679,0.23493454098934308,
3111,311,ok,1.946095251388239,0.05573545098101676,-0.08439248132306286,0.09704780376703341,15.000000000001679,0.2088210420042742,
3112,311,ok,1.8428844315806654,0.4737708873429384,-1.0328832091966786,0.09882033673255072,15.000000000001679,0.21898387500550598,
3113,311,ok,1.522826742593537,0.7646094961593852,-0.8903996804685376,0.10270012718340436,15.000000000001679,0.24365362501703203,
3114,311,ok,1.3940856852738857,0.6369925338860527,-0.29272093400232957,0.10014813631054253,15.000000000001679,0.2735289160045795,
3115,311,ok,1.0854713151970576,0.927863752434795,-0.16962264817067152,0.10167823875738637,15.000000000001679,0.24135762499645352,
3116,311,ok,1.4438456518210592,0.7287469846029994,-0.6845480531902873,0.10450316585569364,15.000000000001679,0.2278013339964673,
3117,311,ok,1.9234442032980077,0.08030866116711823,-0.1200948242461969,0.10086153332174869,15.000000000001679,0.23485325000365265,
3118,311,ok,2.2554682452837427,-0.14281684720883597,-0.7038984051703132,0.10145080982054398,15.000000000001679,0.2055340420047287,
3119,311,ok,1.7636690020211119,0.2581784298329472,-0.27674169615532807,0.09991498467109775,15.000000000001679,0.2187681669893209,
3120,311,ok,1.4824817533673682,0.5183873462352906,0.05075522900630148,0.10041661793269328,15.000000000001679,0.2535397089959588,
3121,312,ok,2.4865129473749086,-0.47829801175696757,-0.20195445621356323,0.10354305613047753,15.000000000001679,0.2227985420031473,
3122,312,ok,1.89080741259071,0.11474226648547727,0.14476169980924125,0.09722399309876185,15.000000000001679,0.26353845902485773,
3123,312,ok,2.077381019458551,0.37672959196747396,-1.2963429648100713,0.09676717006024459,15.000000000001679,0.2272200419974979,
3124,312,ok,1.3989525156812848,1.0041571381323902,-0.9825299667686092,0.10145464580070652,15.000000000001679,0.24157745897537097,
3125,312,ok,2.2837576484872355,-0.1921294898860856,-0.6404040104463096,0.09849490926970586,15.000000000001679,0.22370941599365324,
3126,312,ok,1.7001598943454328,0.36737373086777003,-0.47442083815959074,0.0758671178626666,15.000000000001679,0.2503753330092877,
3127,312,ok,1.825423081590357,0.2416521756222664,-0.49028803300603474,0.10102012366249145,15.000000000001679,0.20960641698911786,
3128,312,ok,1.345243517381128,0.7384202616091464,-0.46700822769798644,0.0977840825976118,15.000000000001679,0.2223741250054445,
3129,312,ok,1.9995990610800112,0.0008739000909084749,-0.04348840919517192,0.0835576750275256,15.000000000001679,0.231292582990136,
3130,312,ok,1.9980353039791623,0.021458155084347324,-0.278419187314504,0.09324471944211787,15.000000000001679,0.25681204098509625,
3131,313,ok,1.3496296523330664,0.6600103686625327,-0.16102169532318428,0.10494888300696603,15.000000000001679,0.2182889589748811,
3132,313,ok,2.247091165596876,-0.1393706896711097,-0.6873949073710734,0.10615274052033467,15.000000000001679,0.21278558298945427,
3133,313,ok,1.6802865307966943,0.4688573168292462,-0.6920729075389784,0.09675356097264178,15.000000000001679,0.2273776249785442,
3134,313,ok,1.245832768673845,0.7953294235349855,-0.31759737042517816,0.09386769720333674,15.000000000001679,0.23371762500028126,
3135,313,ok,0.9211727457067368,1.100315808385829,0.19780693312531855,0.10439088407925384,15.000000000001679,0.2351824170036707,
3136,313,ok,1.5772415753569053,0.5364247926973086,-0.5879103669805594,0.10124203827846691,15.000000000001679,0.24079458302003331,
3137,313,ok,1.823802661527955,0.6576404227099099,-1.2346363486687175,0.09645398506462986,15.000000000001679,0.21413487498648465,
3138,313,ok,1.8053424765883417,0.19813805343160004,-0.11204902178449982,0.08464145385979478,15.000000000001679,0.266875874978723,
3139,313,ok,1.425752795137255,0.6803998931326481,-0.5398394120452576,0.09032095202247582,15.000000000001679,0.2338015420245938,
3140,313,ok,2.479890235857097,-0.4173895905294405,-0.5532478192449314,0.0971842023971884,15.000000000001679,0.2166131249978207,
3141,314,ok,1.7614154395194477,0.7776655799292902,-1.2682597983409751,0.10461758380432283,15.000000000001679,0.23599370897863992,
3142,314,ok,1.0615680127407225,0.9660992520717528,0.2407818288569511,0.10160961482088857,15.000000000001679,0.22526841700891964,
3143,314,ok,1.2839810697561904,0.9632854499997429,-0.7575158937672628,0.08900039442336705,15.000000000001679,0.24087724997662008,
3144,314,ok,1.3640972307432644,0.9402320920157649,-0.8588674147551298,0.10252611437303508,15.000000000001679,0.21831758299958892,
3145,314,ok,2.3959758655575696,-0.3248168263192563,-0.5795921604000578,0.10642337308190226,15.000000000001679,0.23787379101850092,
3146,314,ok,1.4124779372786902,0.8412970774387356,-0.8077756251255962,0.09890006763696622,15.000000000001679,0.30341329201473854,
3147,314,ok,1.3572211688240705,0.969782645075885,-0.8835731450860966,0.0990744712421994,15.000000000001679,0.270855291018961,
3148,314,ok,2.000521017182065,-0.0001530710156393363,-0.03836707825561545,0.10412443442594199,15.000000000001679,0.2464302080043126,
3149,314,ok,1.2255673329132728,0.8100877321434025,-0.29346904829729753,0.08843762839871235,15.000000000001679,0.25233775001834147,
3150,314,ok,1.5623722332079257,0.8649090578919657,-1.073580713427461,0.0996646653245077,15.000000000001679,0.25184308300958946,
3151,315,ok,1.6355112659498623,0.9523624228021316,-1.2559269914656268,0.09955366811814087,15.000000000001679,0.2504559580120258,
3152,315,ok,2.335131716019376,-0.33050258237523483,0.14696205191122333,0.09599351126573036,15.000000000001679,0.24659233298734762,
3153,315,ok,1.8838562014663898,0.1398007551977753,-0.29761209222847085,0.07784007481970809,15.000000000001679,0.27262179099489003,
3154,315,ok,1.4002757266243895,0.6366140850151251,-0.3192976000447187,0.09098137646868044,15.000000000001679,0.22243454100680538,
3155,315,ok,2.2182400759822634,-0.21715879651456976,-0.06925247816405511,0.10836768126711,15.000000000001679,0.23198700000648387,
3156,315,ok,0.8845127944736804,1.1699280603866804,0.3055216173271879,0.10523440520166981,15.000000000001679,0.22228662500856444,
3157,315,ok,2.02101611863305,-0.020743997629433873,0.03316395361253076,0.10365898498449995,15.000000000001679,0.20971629201085307,
3158,315,ok,2.4224463061235655,-0.42220146012067916,0.034441147497693725,0.09326134987957956,15.000000000001679,0.22109220901620574,
3159,315,ok,1.9753847439708119,0.02474034702435424,-0.022230385492877355,0.09379730184444399,15.000000000001679,0.22555633401498199,
3160,315,ok,0.7152446677014554,1.3348228544525056,0.2628959864978026,0.10626734489411664,15.000000000001679,0.2657409160165116,
3161,316,ok,1.683280484827174,0.3192048896643275,-0.09143843651168124,0.08442980173358569,15.000000000001679,0.20400387499830686,
3162,316,ok,1.5951593998297715,0.947258713647848,-1.1984445314134873,0.09469027783960812,15.000000000001679,0.2780302499886602,
3163,316,ok,2.1310553282984346,-0.06153817920666639,-0.5398677133728331,0.0951790001184404,15.000000000001679,0.2153415840002708,
3164,316,ok,1.9762387299695057,0.04600325478644366,-0.29566237083253094,0.0979322808890468,15.000000000001679,0.253306500002509,
3165,316,ok,1.9865767171448103,0.026978954610493235,-0.23167867306239073,0.08605913614518443,15.000000000001679,0.21764629098470323,
3166,316,ok,1.453999877805948,0.6145210631746784,-0.4410938225288214,0.10274410754148403,15.000000000001679,0.21033962498768233,
3167,316,ok,1.9126732145261938,0.08924465442932782,-0.08563197381272881,0.09488609866776054,15.000000000001679,0.22509179098415188,
3168,316,ok,0.8106360670171607,1.2554671269498585,-0.3206269391313723,0.10242568599967897,15.000000000001679,0.23719137499574572,
3169,316,ok,1.9747051050019293,0.03257979616283922,-0.16946384055020505,0.09469790588522946,15.000000000001679,0.21629958300036378,
3170,316,ok,1.2008468671595676,0.8031949569152393,0.09844230398478285,0.09704361225132983,15.000000000001679,0.21927233401220292,
3171,317,ok,1.6346760422719129,0.4173264933209672,-0.4090358595943127,0.09541877513143635,15.000000000001679,0.22895370799233206,
3172,317,ok,2.4851954580552187,-0.48517565874180774,0.009920178199545764,0.0983305333122304,15.000000000001679,0.238596957991831,
3173,317,ok,1.123167504827724,0.8974496699093218,-0.2142148769760685,0.10316217351720516,15.000000000001679,0.21698012499837205,
3174,317,ok,2.086664953125941,-0.013167814144353567,-0.5489316703355092,0.1011848170117825,15.000000000001679,0.2242802499968093,
3175,317,ok,1.951725110095237,0.05345921047383109,-0.1421613874689752,0.08474406144407659,15.000000000001679,0.32707745902007446,
3176,317,ok,1.2428641423780982,0.8276836422488613,-0.412777947277164,0.09840380333097651,15.000000000001679,0.2301852090167813,
3177,317,ok,1.3313813204317766,0.701110467530522,-0.2923391914127869,0.10286183727812143,15.000000000001679,0.2628296250186395,
3178,317,ok,2.0688111659289823,-0.06623210756603758,0.10326915287560301,0.08645746400316955,15.000000000001679,0.21855520899407566,
3179,317,ok,0.9720933880520586,1.1648759481551219,-0.4975272586750633,0.09516596342324816,15.000000000001679,0.2396253340120893,
3180,317,ok,1.2995556916583575,0.773856336250926,-0.4306004082320752,0.09323622055154691,15.000000000001679,0.25674833299126476,
3181,318,ok,1.819968615528268,0.18455307524756126,-0.12821164110482894,0.10487985335106216,15.000000000001679,0.22802170799695887,
3182,318,ok,1.5041697934864067,0.5157217860635841,-0.24381335334772558,0.09068796900712735,15.000000000001679,0.24340350000420585,
3183,318,ok,2.1873567651431616,-0.18464285761261207,-0.10892751121619826,0.08913724093412857,15.000000000001679,0.2510787080100272,
3184,318,ok,1.858912001718237,0.42290100754409243,-0.9840287587904449,0.10140818138989689,15.000000000001679,0.2278412499872502,
3185,318,ok,2.070425311367648,-0.059036797080665726,-0.2168604118312384,0.09592005197614921,15.000000000001679,0.21009470900753513,
3186,318,ok,1.9257848925310839,0.07546734407059812,-0.06943708348052234,0.10104037805784644,15.000000000001679,0.23905320800258778,
3187,318,ok,1.9186280534261695,0.08470158547535106,-0.11298491365336316,0.0997397085141112,15.000000000001679,0.18678175000241026,
3188,318,ok,1.55278135398633,0.4581837548289153,-0.18420803297944913,0.08213879866654122,15.000000000001679,0.21832595899468288,
3189,318,ok,2.029853525119634,0.14238531234513538,-0.8182744073044963,0.10334623671277067,15.000000000001679,0.2356342920102179,
3190,318,ok,1.9585953236000602,0.04948829033971467,-0.17776307857970744,0.07653349052970213,15.000000000001679,0.25467225001193583,
3191,319,ok,2.381275103330359,-0.28559042081705394,-0.6682421312745351,0.08918207393738743,15.000000000001679,0.24688437499571592,
3192,319,ok,1.155541752030686,0.8494540153352907,0.1073344206583428,0.09803267852310413,15.000000000001679,0.2373120420088526,
3193,319,ok,1.4322336636790216,0.582186068086204,-0.20272375747941893,0.10223262760434303,15.000000000001679,0.19935012501082383,
3194,319,ok,1.4786543549428905,0.9647252859621065,-1.0557580062994236,0.09762030286887094,15.000000000001679,0.27504066700930707,
3195,319,ok,1.454693553588652,0.684675849158584,-0.621333817738652,0.09633644783947136,15.000000000001679,0.2245619170134887,
3196,319,ok,1.7274600833137543,0.6746768110279036,-1.107987718440595,0.10024224049835086,15.000000000001679,0.2534989999840036,
3197,319,ok,1.6825701012732894,0.3408376664055211,-0.2796828498140895,0.10324943669090045,15.000000000001679,0.24434116599150002,
3198,319,ok,1.2681511538881056,0.833772852618922,-0.49811804807608273,0.0967584808375964,15.000000000001679,0.22584291701787151,
3199,319,ok,1.3798933700083338,0.6201888384547584,-0.015062239811110606,0.10166972328582295,15.000000000001679,0.25594729199656285,
3200,319,ok,2.0117470936903232,0.00403204098773526,-0.25147221629411953,0.09864903059826527,15.000000000001679,0.26560541699291207,
3201,320,ok,1.8574576089501504,0.4180973475440279,-0.9735156738335393,0.10034232251818827,15.000000000001679,0.2971263329964131,
3202,320,ok,1.662338517797085,0.34216564764673113,-0.12228903429673425,0.08616711906472033,15.000000000001679,0.19397058300091885,
3203,320,ok,1.175648858713773,1.065516492548839,-0.7133658341249411,0.1030770746957342,15.000000000001679,0.2688875409949105,
3204,320,ok,2.090817817633452,-0.05244073101754982,-0.39875580521624626,0.10175457995325526,15.000000000001679,0.2639483750099316,
3205,320,ok,2.631245380125436,-0.5124439465549069,-0.7817145680176715,0.08580625084051174,15.000000000001679,0.33909950000816025,
3206,320,ok,1.2762716170625077,0.8566423046138931,-0.5671000096285651,0.09643482389024169,15.000000000001679,0.2543528339883778,
3207,320,ok,1.9850990040356462,0.4015035848959599,-1.1770417438319027,0.09946639860853435,15.000000000001679,0.2600400419905782,
3208,320,ok,1.0650755320366032,1.050557261851551,0.48264311444402636,0.09963123992355426,15.000000000001679,0.2946566670143511,
3209,320,ok,2.2140986274652383,-0.21389890058277894,-0.029738697715511166,0.0998429136665129,15.000000000001679,0.27766554200206883,
3210,320,ok,2.7506614106099776,-0.66265894470644,-0.6902068820242662,0.09335783780601789,15.000000000001679,0.29478366699186154,
3211,321,ok,1.256557114519913,0.9084170536751643,0.6224005569915573,0.09757529897676055,15.000000000001679,0.3565282500057947,
3212,321,ok,0.8414308626149535,1.1606325287512813,-0.058890956610298334,0.10088024878326152,15.000000000001679,0.33914175000973046,
3213,321,ok,1.7040100383446897,0.30289488679428495,0.15324635561894387,0.11387153996267643,15.000000000001679,0.29167158299242146,
3214,321,ok,1.9481606458841876,0.07075186126610668,-0.2707979345632141,0.07689757613577758,15.000000000001679,0.2956725830154028,
3215,321,ok,2.0767426496560084,-0.07575505866930841,-0.06403881095893656,0.10298146359474811,15.000000000001679,0.20663604198489338,
3216,321,ok,1.928124943889235,0.13678702217034372,-0.49608789392103675,0.09166560626414269,15.000000000001679,0.2644677919743117,
3217,321,ok,2.1109471485368543,0.1918398676485365,-1.0893368623573763,0.10268297318075424,15.000000000001679,0.23007791599957272,
3218,321,ok,2.1534075019062264,-0.05362006742001897,-0.6479262982437207,0.09889711727634641,15.000000000001679,0.2309917079983279,
3219,321,ok,1.452941012285615,0.9011689287187933,-0.9505829064150813,0.10434482052897968,15.000000000001679,0.22369633300695568,
3220,321,ok,2.3853577932554066,-0.10154936090512226,-1.1284600504774525,0.10042831225746846,15.000000000001679,0.3168442920141388,
3221,322,ok,1.750437182818645,0.6045224312427112,-1.0567273470906864,0.09595725839773835,15.000000000001679,0.204629166983068,
3222,322,ok,1.5151549503411768,0.5797255546729237,-0.5277452259322108,0.09677841747793892,15.000000000001679,0.225997333007399,
3223,322,ok,2.344954748369238,-0.2551261067331858,-0.6428211373545992,0.08587220468934108,15.000000000001679,0.22818450001068413,
3224,322,ok,2.336920252053684,-0.32799159598394556,-0.20408673030546268,0.1021221079802047,15.000000000001679,0.20087616698583588,
3225,322,ok,1.6195144488892579,0.40942482017430365,-0.30479115388004674,0.09622508689512856,15.000000000001679,0.2186465419945307,
3226,322,ok,1.905935022022515,0.10250646283352019,-0.17918310350980635,0.10346449224111971,15.000000000001679,0.2449799169844482,
3227,322,ok,1.90204296538192,0.10450062568174252,-0.1576374451643442,0.10728942799381264,15.000000000001679,0.2501791670219973,
3228,322,ok,1.9915466780067603,0.012610054534639823,-0.12860550277090044,0.09376205718838719,15.000000000001679,0.2238360829942394,
3229,322,ok,1.3080600954259125,0.7666137754349047,-0.43563704422226074,0.10034715469150986,15.000000000001679,0.23534954199567437,
3230,322,ok,2.58698908370948,-0.4860385735352103,-0.7156289053182758,0.10429988413219725,15.000000000001679,0.2597815830085892,
3231,323,ok,1.7975033295844554,0.20793244427326568,-0.13968570284324328,0.11636924788543389,15.000000000001679,0.27595775001100264,
3232,323,ok,1.9499895938330063,0.05055715322595018,-0.046173620374637084,0.09960996617591182,15.000000000001679,0.1981334589945618,
3233,323,ok,1.8492892065365418,0.15507870083199074,-0.12702743518144866,0.08191037169253976,15.000000000001679,0.2956343330151867,
3234,323,ok,1.0102515994853671,1.0400519439324156,0.31481426891868913,0.09945841206012608,15.000000000001679,0.24843274999875575,
3235,323,ok,1.32744390101889,0.9272559730417843,-0.7818743907928688,0.09103444599700208,15.000000000001679,0.26304070799960755,
3236,323,ok,2.175914761742352,-0.17454564117295873,-0.0771771003858092,0.07836159036121308,15.000000000001679,0.2735204590135254,
3237,323,ok,0.8948619749242952,1.1228899839112934,-0.17735832047659514,0.1030777376066806,15.000000000001679,0.25672441700589843,
3238,323,ok,1.7916116477944273,0.2887604095940424,-0.5305952890291368,0.09670445177635319,15.000000000001679,0.2328492499946151,
3239,323,ok,1.1259538707377652,0.8766808879588832,0.0769824106696641,0.10141888366622646,15.000000000001679,0.2559098749770783,
3240,323,ok,1.8314274507230615,0.23116600994873515,-0.47471341133497924,0.0944388638418638,15.000000000001679,0.26054204200045206,
3241,324,ok,1.8324126778003917,0.5368836088334399,-1.1031893072647794,0.10408766351471624,15.000000000001679,0.2523924160050228,
3242,324,ok,1.1042985812910988,0.9036327398717734,-0.13211429733552288,0.10071318846847775,15.000000000001679,0.19248204200994223,
3243,324,ok,1.8969126700867986,0.19000333336837585,-0.5676176043061363,0.1058379108661465,15.000000000001679,0.20125529100187123,
3244,324,ok,1.3233114102472125,0.7997035573461627,-0.5571728082408633,0.10017952180779106,15.000000000001679,0.19649550001486205,
3245,324,ok,1.6282764142473958,0.40445262641662866,0.32482712301401523,0.09396724775235936,15.000000000001679,0.24101591599173844,
3246,324,ok,1.4070610425588133,0.641207710728062,-0.36538239161434755,0.08685815413933644,15.000000000001679,0.22785812499932945,
3247,324,ok,1.9387111182510766,0.10076656555977179,-0.38924691589621513,0.09273126651039786,15.000000000001679,0.22487329199793749,
3248,324,ok,1.9800468553772028,0.06914076368564927,-0.438597946904351,0.08148064841635148,15.000000000001679,0.24806866599828936,
3249,324,ok,1.764748286821027,0.8154862253667983,-1.3081527561955268,0.10411712730937353,15.000000000001679,0.20815325001603924,
3250,324,ok,1.1426780831527958,0.8654111514050647,0.1357252605883198,0.10200433412205555,15.000000000001679,0.25386620801873505,
3251,325,ok,2.3202851613775013,-0.31643830244434895,-0.1335545621735164,0.09746799480694182,15.000000000001679,0.19307358301011845,
3252,325,ok,1.1828719480905867,0.8512261087904094,0.28196558735915866,0.10514084647942157,15.000000000001679,0.20584583299933001,
3253,325,ok,0.6603005993642367,1.3403149997700539,0.028505823832792373,0.1013108223829644,15.000000000001679,0.21055916702607647,
3254,325,ok,2.149354260713042,-0.007763673315713971,-0.7672084268040198,0.09355938236100818,15.000000000001679,0.21668091701576486,
3255,325,ok,1.5593612410033815,0.5069314408481977,-0.449837479114365,0.09702570103213153,15.000000000001679,0.23843883301015012,
3256,325,ok,0.652794694691972,1.367153728792159,0.16014527915713486,0.0970913595299922,15.000000000001679,0.20235008298186585,
3257,325,ok,1.919950436683435,0.08077965885198883,-0.052943001847502925,0.09960325765763411,15.000000000001679,0.192310374986846,
3258,325,ok,0.8827755943413585,1.1173085260113371,0.012186538165550771,0.10016866229043077,15.000000000001679,0.17133112499141134,
3259,325,ok,1.5617901596915682,0.6610173744249555,-0.803936584139305,0.09951102371857579,15.000000000001679,0.18244662502547726,
3260,325,ok,1.6913701363802336,0.40375844403822125,-0.5592368311007502,0.09481190817258524,15.000000000001679,0.21260454200091772,
3261,326,ok,1.6725904980658446,0.357422013761658,-0.3154307108468401,0.0980703923296075,15.000000000001679,0.21381250000558794,
3262,326,ok,1.9246772655108828,0.08182040322406949,-0.15801775497385637,0.10147904890706563,15.000000000001679,0.26875633298186585,
3263,326,ok,1.9982871977141392,0.002739932512294197,-0.06406205871834106,0.0943013314317068,15.000000000001679,0.2237837499997113,
3264,326,ok,1.2704076184959991,0.9668403885434302,-0.7392677014367568,0.10304085834581737,15.000000000001679,0.20298779199947603,
3265,326,ok,1.0118297525566038,0.988422167160886,0.022577339685614223,0.08946759229181742,15.000000000001679,0.2096185419941321,
3266,326,ok,1.7000479240105835,0.31018730819982204,-0.18626865158617506,0.09266363972825722,15.000000000001679,0.266321833973052,
3267,326,ok,1.6994110840188041,0.6961100648845815,-1.0898940634716188,0.09676315932141134,15.000000000001679,0.20921929200994782,
3268,326,ok,1.8259436333381294,0.2129975776923708,-0.37508998226387513,0.09675613322369825,15.000000000001679,0.19218608402297832,
3269,326,ok,0.9037133846834824,1.1593839380412645,0.33175671512881727,0.09942726635433764,15.000000000001679,0.2526519999955781,
3270,326,ok,2.0142164407983665,0.21421695710376154,-0.9316902887154568,0.1013541681261633,15.000000000001679,0.18996275000972673,
3271,327,ok,1.4423977560149535,0.5599111044022106,-0.08157977281723858,0.09232337471867794,15.000000000001679,0.20591008302289993,
3272,327,ok,1.2456580883349329,0.789714015388549,-0.2947404086434879,0.10362354478255133,15.000000000001679,0.22406387500814162,
3273,327,ok,2.294847157862104,-0.04315937706975307,-1.04490345862176,0.09771951904237587,15.000000000001679,0.2190945830079727,
3274,327,ok,1.9991814444639722,0.0015835815186285007,0.05530159340509558,0.10573419968808151,15.000000000001679,0.22904241699143313,
3275,327,ok,2.0038886665212416,0.0007540926743894518,-0.1363289765753256,0.10066289202416621,15.000000000001679,0.20048879098612815,
3276,327,ok,2.197827160537892,-0.15671586943733692,-0.4231085984888559,0.09505857788081741,15.000000000001679,0.20720795801025815,
3277,327,ok,1.9406442654426392,0.06391480558953488,-0.13294466886638145,0.10277498376016178,15.000000000001679,0.23949712500325404,
3278,327,ok,1.9179843284878275,0.5247043452947542,-1.2256290693079708,0.10187292270994146,15.000000000001679,0.21629549999488518,
3279,327,ok,1.8261709900173568,0.1842197304812886,-0.1945314823043531,0.08427404580913618,15.000000000001679,0.21131650000461377,
3280,327,ok,1.7319815611717995,0.4866618968966851,-0.8423585423884326,0.10220391985733457,15.000000000001679,0.21167562500340864,
3281,328,ok,1.215684190780097,0.9253302500782705,-0.5683071179528082,0.10208445342735331,15.000000000001679,0.20069374999729916,
3282,328,ok,2.3199735936552077,-0.3110323215815498,-0.2034873063924391,0.09699297418351555,15.000000000001679,0.17601287498837337,
3283,328,ok,2.0794562231375346,-0.07869132108442313,-0.056396592039915115,0.07615733647024547,15.000000000001679,0.22326983298989944,
3284,328,ok,2.1157257619844976,-0.11278475670725266,0.11151713657710588,0.10144520451385468,15.000000000001679,0.2285887920006644,
3285,328,ok,1.8919699980694287,0.12090132501003427,-0.22031487295638863,0.0989346620617657,15.000000000001679,0.21395070900325663,
3286,328,ok,1.800932283506554,0.2158872603350337,0.24555818443150923,0.07754725788496958,15.000000000001679,0.22821866601589136,
3287,328,ok,1.9084594982801684,0.16308771551265783,-0.5176590728223402,0.09861974664061347,15.000000000001679,0.22963429099763744,
3288,328,ok,2.091331542977232,0.022996069885958332,-0.6819993276867381,0.0958151866582429,15.000000000001679,0.2281089169846382,
3289,328,ok,1.3037322396341704,0.8402929686251318,-0.5956486834042534,0.11012733339979476,15.000000000001679,0.20730608300073072,
3290,328,ok,2.1361656803255467,-0.13418454506288197,0.09197902704119443,0.09845376538018825,15.000000000001679,0.19275545800337568,
3291,329,ok,2.0858762531435815,-0.085850399003487,0.010385393844349689,0.08074248767498922,15.000000000001679,0.20626179198734462,
3292,329,ok,0.8808758336730438,1.157119159303223,-0.2559181953974249,0.09932314923047518,15.000000000001679,0.22582795898779295,
3293,329,ok,2.028280722712223,-0.023716716282469186,-0.13599022893177673,0.0975168675578333,15.000000000001679,0.202991625003051,
3294,329,ok,1.8056642343103027,0.7027532793107416,-1.2560152358663395,0.10239726222961426,15.000000000001679,0.19447225000476465,
3295,329,ok,2.2878898663646017,-0.23711358490215112,-0.47933584140984187,0.10736071099015213,15.000000000001679,0.1785364999959711,
3296,329,ok,1.5332823805353946,0.6134840984812555,-0.6546208928043385,0.0999469251912727,15.000000000001679,0.19763737500761636,
3297,329,ok,2.021612973299217,-0.012679461131398511,0.18984309455843304,0.07635735862322138,15.000000000001679,0.2446912089944817,
3298,329,ok,0.8224612710294119,1.1798694574001387,0.06187435202224598,0.10285641327189168,15.000000000001679,0.22770879199379124,
3299,329,ok,2.077610276830329,0.4045492557645653,-1.3307897599206246,0.09955474472137635,15.000000000001679,0.19956883299164474,
3300,329,ok,1.1148192739579372,0.9215026211228573,-0.28225062859670574,0.09926846568770739,15.000000000001679,0.18425099999876693,
3301,330,ok,1.9310199099336474,0.07115329632820837,0.09158758810349821,0.09685860784705831,15.000000000001679,0.21552954200888053,
3302,330,ok,2.2837398910507996,0.018188599110567916,-1.1348530571317963,0.10089705783789246,15.000000000001679,0.23202049999963492,
3303,330,ok,1.2911084929438523,0.7243753949368923,-0.19935648348959265,0.1064121640939904,15.000000000001679,0.2700784999760799,
3304,330,ok,2.1339234117428427,-0.10998999070841411,-0.31870262988328196,0.09928584214081779,15.000000000001679,0.2085635419934988,
3305,330,ok,1.0272416784223821,0.9729612303312384,-0.020416451339763955,0.10186001866600303,15.000000000001679,0.21052483399398625,
3306,330,ok,0.8024345082173135,1.2485973277663378,0.28159397035105965,0.09666738285329397,15.000000000001679,0.2160919999878388,
3307,330,ok,2.1707883922570623,-0.16734073798585697,0.12229623634814032,0.0967429350987658,15.000000000001679,0.20545866698375903,
3308,330,ok,1.1635820643711081,1.2210683423034727,-0.8644007711497425,0.11140056879328501,15.000000000001679,0.2144907079928089,
3309,330,ok,1.954848175577532,0.04746149079261056,-0.09499873483889401,0.09541396171310317,15.000000000001679,0.23884658300084993,
3310,330,ok,2.308408887829369,-0.3083900746925203,0.009319681898230077,0.07532108098474152,15.000000000001679,0.20531737498822622,
3311,331,ok,2.0318094101985045,-0.030530119681255463,0.07208961394279824,0.10174324326338137,15.000000000001679,0.21156204098952003,
3312,331,ok,2.0965687260491213,-0.08898296291764231,-0.17818699079075528,0.08729586888936543,15.000000000001679,0.25084941598470323,
3313,331,ok,1.9908944595277345,0.009119403581510416,-0.007429655617091438,0.1028007122559135,15.000000000001679,0.23154075001366436,
3314,331,ok,2.204422834804637,-0.19170193509604974,-0.23647972916159704,0.09543468459187139,15.000000000001679,0.20666258299024776,
3315,331,ok,2.589772981074424,-0.46343840008571796,-0.7989964596205833,0.10271785659329553,15.000000000001679,0.22637883300194517,
3316,331,ok,1.5349058359484709,0.4820306925423397,-0.2273875696804568,0.0999838384634235,15.000000000001679,0.21208149997983128,
3317,331,ok,1.9637625987223502,0.343258642900916,-1.0543109692202977,0.1011566107437272,15.000000000001679,0.20232137499260716,
3318,331,ok,1.9513651048675944,0.05458557175264791,0.15227762429833966,0.10019315609656021,15.000000000001679,0.18106579102459364,
3319,331,ok,2.431410261839062,-0.21513491147654384,-1.002463558107775,0.09985431327021282,15.000000000001679,0.22576254201703705,
3320,331,ok,1.2307449817053382,0.8053043897390285,-0.2956951281574286,0.08400500729837874,15.000000000001679,0.19701000000350177,
3321,332,ok,2.2115319693191213,-0.16913466438153446,-0.4309622478813195,0.10286342981676454,15.000000000001679,0.20483549998607486,
3322,332,ok,2.167039886725124,-0.16674450421676257,-0.035778822005391654,0.10467797130694144,15.000000000001679,0.2386911250068806,
3323,332,ok,2.218173201884404,-0.19399917423757138,-0.326588390796374,0.0839525400030703,15.000000000001679,0.20343141598277725,
3324,332,ok,1.3631693774546916,0.8755159105244616,-0.7705623168482748,0.10596569174961128,15.000000000001679,0.21130545798223466,
3325,332,ok,1.53877923469439,0.8935548420168112,-1.0694020036928158,0.0946543615838816,15.000000000001679,0.20814137501292862,
3326,332,ok,2.454092477021989,-0.23917693258060282,-1.0043189485292234,0.10134309061995872,15.000000000001679,0.21527004201197997,
3327,332,ok,2.132200973976985,-0.12293589949306621,-0.1985551814281567,0.09568115281876927,15.000000000001679,0.2224256249901373,
3328,332,ok,2.1317713542972085,0.02589153124201854,-0.804577442251628,0.10176727376903867,15.000000000001679,0.21879383298801258,
3329,332,ok,1.8719410869399324,0.131062780489898,-0.10600520036160918,0.10176079227565185,15.000000000001679,0.2064154999970924,
3330,332,ok,1.4307857305180607,0.8636657100685718,-0.8694206048743828,0.09975773819767561,15.000000000001679,0.18442966602742672,
3331,333,ok,1.5517514011074094,0.872579048343171,-1.066233749514626,0.09388231371707313,15.000000000001679,0.20543674999498762,
3332,333,ok,1.9138999911035666,0.08946132975437542,-0.11338062198767603,0.101237456578589,15.000000000001679,0.22180212501552887,
3333,333,ok,2.2612009257149315,-0.13686749708807705,-0.7394774684482286,0.10427591324705285,15.000000000001679,0.21052037499612197,
3334,333,ok,1.2373028929322718,0.7632805676209375,0.037993347241042745,0.08717897733264125,15.000000000001679,0.21009466599207371,
3335,333,ok,2.187223391784427,-0.18712078978429458,0.02118528881788015,0.09656603951701388,15.000000000001679,0.19714100001147017,
3336,333,ok,2.573333094673978,-0.49457396201253434,-0.6317784138394086,0.09946791520150836,15.000000000001679,0.23016850001295097,
3337,333,ok,1.5979186130517737,0.4391817359317298,-0.3423306011565667,0.097356122614016,15.000000000001679,0.2104838329833001,
3338,333,ok,1.2957415703075459,1.0025150783190355,-0.8270248170654768,0.0983340929507058,15.000000000001679,0.22011329099768773,
3339,333,ok,2.1171771756020905,0.2734132985263652,-1.2252908043337463,0.10264030825547955,15.000000000001679,0.20688474999042228,
3340,333,ok,1.690340056695813,0.8999316147979319,-1.2833935698566201,0.102829533038801,15.000000000001679,0.21828012500191107,
3341,334,ok,1.8353120628258,0.195583109983203,-0.33533573471373995,0.07918716446947309,15.000000000001679,0.21374937499058433,
3342,334,ok,1.9687695034873265,0.032116235588758285,-0.05904953537813944,0.07501903579546178,15.000000000001679,0.19935141698806547,
3343,334,ok,1.7272592827721147,0.6198903126821775,-1.0386153671566498,0.10059962996313117,15.000000000001679,0.24331987497862428,
3344,334,ok,1.8005037154153527,0.20990006645286383,-0.19327663371196202,0.10231524568828002,15.000000000001679,0.20545120802125894,
3345,334,ok,2.3898519884242164,-0.25393837398052144,-0.7944522218945728,0.1029194694823567,15.000000000001679,0.22596374998101965,
3346,334,ok,1.0955443111630383,0.9246261265590413,-0.20925670847618089,0.08994007388547537,15.000000000001679,0.23616162498365156,
3347,334,ok,1.8428570734051044,0.40592946963192617,-0.9246952672157862,0.09947759273968544,15.000000000001679,0.3504901249834802,
3348,334,ok,0.8670060069061759,1.213149290921217,0.36409528647540634,0.10181718574621433,15.000000000001679,0.2679807500098832,
3349,334,ok,1.6916665109989186,0.4414047214785757,-0.6576597465300563,0.09329955934766336,15.000000000001679,0.2496467920136638,
3350,334,ok,2.6389718380775395,-0.5779450607376839,-0.5642442963686266,0.09364986421421485,15.000000000001679,0.3044231249950826,
3351,335,ok,1.887230406822202,0.11514099956014098,-0.0945788395739193,0.08901203299602349,15.000000000001679,0.2470265419979114,
3352,335,ok,1.8587362631246893,0.14292964610542452,-0.07867780208299525,0.09549981896649026,15.000000000001679,0.22387087499373592,
3353,335,ok,1.5515574318821035,0.8986211543370243,-1.0928380953987098,0.09757052541536596,15.000000000001679,0.22310062500764616,
3354,335,ok,2.097638936969059,-0.09646146246007746,0.07027407991883251,0.09893530004134662,15.000000000001679,0.25711524998769164,
3355,335,ok,2.2727337472110007,-0.236079717240913,-0.4065294378708091,0.1037927588122298,15.000000000001679,0.20324533301754855,
3356,335,ok,1.5761255521050053,0.5689083974539549,-0.6604154609944417,0.1032113071724056,15.000000000001679,0.24255895797978155,
3357,335,ok,1.770199903467588,0.5385226257815652,-0.9988451245734979,0.0940967730940226,15.000000000001679,0.19596166699193418,
3358,335,ok,2.401030890400558,-0.29909607929227094,-0.6921752342005628,0.09700239201546502,15.000000000001679,0.20580070800497197,
3359,335,ok,1.6778917635077735,0.32938490894551237,0.15609608447437828,0.09311186411704865,15.000000000001679,0.24204133299645036,
3360,335,ok,1.0898013325359794,0.9138507298787368,0.08914430667319012,0.11362405495689441,15.000000000001679,0.23144383300677873,
3361,336,ok,1.5406244760790064,0.8875567192706779,-1.065830063121648,0.10017880321113279,15.000000000001679,0.22615120900445618,
3362,336,ok,2.1771392519973958,-0.17105763346336694,-0.1626163422544732,0.10472134100837585,15.000000000001679,0.21729974998743273,
3363,336,ok,1.334252230051828,0.675110804469253,-0.15778983796229176,0.0900410091299204,15.000000000001679,0.21113737500854768,
3364,336,ok,2.6269329047643666,-0.46347826682737375,-0.9121684685423804,0.0988176649625564,15.000000000001679,0.31588416601880454,
3365,336,ok,1.398553410212303,0.606997675713303,-0.12448359630217129,0.08398133444197001,15.000000000001679,0.26078616600716487,
3366,336,ok,1.8864412126728152,0.469912734783137,-1.1034008381778864,0.0980783261426724,15.000000000001679,0.32901512502576225,
3367,336,ok,1.4128570566354335,0.5896389070285041,-0.08394432629301478,0.08893982993750967,15.000000000001679,0.23464350000722334,
3368,336,ok,2.217943949319439,-0.21610920498041455,0.09019619683659175,0.09727209221437376,15.000000000001679,0.23219212499679998,
3369,336,ok,2.241521876673569,-0.2377080727953035,-0.13070158588527447,0.1013043342885303,15.000000000001679,0.20499399999971502,
3370,336,ok,1.2471897436141186,0.7546677100120655,0.06804222284477406,0.09746552426337202,15.000000000001679,0.24738091698964126,
3371,337,ok,1.6560809096095561,0.37275175920680675,-0.30768025937435867,0.09488772963523354,15.000000000001679,0.25038183300057426,
3372,337,ok,2.252929792486474,-0.2518811815581892,0.06872986263073987,0.107614112934031,15.000000000001679,0.2485550410056021,
3373,337,ok,1.6615261716432617,0.3770097086762055,-0.35576921357000213,0.0993907179419649,15.000000000001679,0.2542232910054736,
3374,337,ok,1.550642800377253,0.5805434601398236,-0.6242084794441555,0.09404795396612743,15.000000000001679,0.22046566699282266,
3375,337,ok,1.8559004709665796,0.14803390916666287,-0.1207814411963178,0.10014551997550565,15.000000000001679,0.18630537498393096,
3376,337,ok,1.77764240007418,0.22800058420107028,0.14152940666074712,0.07774689927206561,15.000000000001679,0.2207254999957513,
3377,337,ok,1.035835625289483,1.0514450316951869,-0.4161717370546789,0.10344567317958955,15.000000000001679,0.19599249999737367,
3378,337,ok,2.2277919925362433,-0.22664399265528398,-0.07151008307043635,0.0937613696968197,15.000000000001679,0.18913645800785162,
3379,337,ok,2.3764804990163997,-0.37414531846449905,-0.10532601301833736,0.10866903051166849,15.000000000001679,0.18437791598262265,
3380,337,ok,2.4442743010534755,-0.3156253652376509,-0.7825318055251503,0.09519916190797932,15.000000000001679,0.22017879100167193,
3381,338,ok,2.15457030183999,-0.15450753229936184,0.016446240791765133,0.09840574348099024,15.000000000001679,0.22732466700836085,
3382,338,ok,1.796656789888342,0.20965043847460746,-0.15041299211742784,0.09891318067173455,15.000000000001679,0.23219470898038708,
3383,338,ok,1.7791046341067693,0.3467976274132287,-0.6573699220177721,0.10342888844072061,15.000000000001679,0.19121033299597912,
3384,338,ok,1.802539228294605,0.21484213700961055,-0.24971798842793688,0.0963156894035121,15.000000000001679,0.18521645897999406,
3385,338,ok,1.6858518823326922,0.3502375759956835,-0.3469589507536639,0.0751518771610052,15.000000000001679,0.24088416699669324,
3386,338,ok,0.6481535640579955,1.3613107038024155,-0.11035862233516783,0.09774634040095645,15.000000000001679,0.19668554101372138,
3387,338,ok,1.1956257873966865,0.8054446925290546,-0.05058300980508853,0.09521349000511287,15.000000000001679,0.20969345801859163,
3388,338,ok,1.925447337279517,0.08330439263580053,-0.1833722916570668,0.10208974797728261,15.000000000001679,0.23709949999465607,
3389,338,ok,1.8017368866653682,0.19885513184365894,-0.046184117234066326,0.09634967824931744,15.000000000001679,0.21308195899473503,
3390,338,ok,2.4425256741807133,-0.2840484406682294,-0.8654792832373157,0.0969919609822752,15.000000000001679,0.23002904202439822,
3391,339,ok,1.8325262031479994,0.1931291056861009,-0.30556481555524845,0.09423515651042508,15.000000000001679,0.23933204199420288,
3392,339,ok,2.0614849557765154,-0.039369122304598984,-0.3011541231387509,0.09889538833690556,15.000000000001679,0.2095031249918975,
3393,339,ok,1.5278148733433496,0.927574168267902,-1.088173296236805,0.09628125425023466,15.000000000001679,0.24173316598171368,
3394,339,ok,2.322859631437507,-0.218550918682204,-0.6882649842730183,0.09623119524427597,15.000000000001679,0.24542225000914186,
3395,339,ok,1.5394242374093141,0.8817503218684883,-1.0579908506608262,0.10066036610259702,15.000000000001679,0.27822262499830686,
3396,339,ok,2.019250204010956,0.08340800623685518,-0.6356465337286918,0.09522895239886531,15.000000000001679,0.1901803340006154,
3397,339,ok,2.4138305131093203,-0.408783078783552,-0.1560186699841929,0.10214943297515976,15.000000000001679,0.2131712910195347,
3398,339,ok,1.9629672799673408,0.03723372562558519,-0.028090824138144666,0.09651036953396136,15.000000000001679,0.2043063750024885,
3399,339,ok,1.9618965899858103,0.25110296697476864,-0.8890429672819491,0.1038020748797551,15.000000000001679,0.19173558300826699,
3400,339,ok,1.0516645962892366,1.004527248651536,-0.3391643029726481,0.10273803050208197,15.000000000001679,0.1984749169787392,
3401,340,ok,2.216759154395806,-0.20951035985822059,-0.17912319301756324,0.09684447059670302,15.000000000001679,0.20329337500152178,
3402,340,ok,1.3274998554835598,0.9073918509783644,-0.7539650515775829,0.1029484519710734,15.000000000001679,0.2125248329830356,
3403,340,ok,1.7339336713343771,0.9930226340839883,-1.4115674128853932,0.09275776919133538,15.000000000001679,0.21146741701522842,
3404,340,ok,1.5866315285078036,0.42395767062968626,-0.18300323299877727,0.0853265184342899,15.000000000001679,0.2409882500069216,
3405,340,ok,1.7860399573969137,0.23375751989957327,-0.2651909329276983,0.1115509600458446,15.000000000001679,0.2162095830135513,
3406,340,ok,2.388021033557497,-0.24461227854340747,-0.8150829256739388,0.10301343473119391,15.000000000001679,0.20953974997974,
3407,340,ok,1.8091158565761236,0.20677103175949693,-0.23922802924879488,0.09848003598598853,15.000000000001679,0.28583633300149813,
3408,340,ok,1.145921764252275,0.9622622308760139,-0.48604219191405484,0.10306212188830316,15.000000000001679,0.2078759999712929,
3409,340,ok,2.053820266313825,-0.0528668705222969,-0.06257234399784199,0.0806368711577963,15.000000000001679,0.22760283399838954,
3410,340,ok,1.6901471304892373,0.38630643017732613,-0.502583709857331,0.09914892243277389,15.000000000001679,0.19533108299947344,
3411,341,ok,1.9958778606651335,0.022881038563754633,-0.2730000861217682,0.09964447906342418,15.000000000001679,0.22159866700530984,
3412,341,ok,1.561019520474254,0.45756478994296995,-0.24015737772967913,0.0889255229207756,15.000000000001679,0.23390012499294244,
3413,341,ok,0.9567300532490868,1.2455561559033026,-0.5883424860526381,0.10557458837667037,15.000000000001679,0.20256895801867358,
3414,341,ok,1.6974246121309373,0.32125472216882517,-0.2511266732694768,0.09967732811562362,15.000000000001679,0.1951748330029659,
3415,341,ok,1.3804700409434647,0.8241397890025168,-0.7232221637473546,0.10285279581397731,15.000000000001679,0.19367295800475404,
3416,341,ok,1.5419858583835568,0.6230889338991785,-0.6941442958808879,0.08276053036256459,15.000000000001679,0.20197837500018068,
3417,341,ok,0.8046725864871512,1.215056123828199,-0.1770906059177343,0.10005299430104422,15.000000000001679,0.1909478330053389,
3418,341,ok,1.2386450081787805,0.9769412581035639,-0.698278072772941,0.09700233308880353,15.000000000001679,0.19163645801017992,
3419,341,ok,2.0692807292225157,-0.06710088429610997,-0.09495615026898678,0.09875176989168176,15.000000000001679,0.186339042003965,
3420,341,ok,1.6304059842568346,0.8831347395351946,-1.187786034379669,0.09244033564885433,15.000000000001679,0.21886141601135023,
3421,342,ok,1.6824616525616696,0.5905289607395277,-0.9187320620434166,0.10205898869477908,15.000000000001679,0.20379141700686887,
3422,342,ok,1.942959042888996,0.2576410964840909,-0.8598111965326821,0.0993165649289969,15.000000000001679,0.18875708398991264,
3423,342,ok,2.0718809147829695,-0.06544278015628913,-0.16320737404349706,0.09008566740365115,15.000000000001679,0.24982379100401886,
3424,342,ok,1.2754892009111929,0.7934356761873479,-0.4136124201998667,0.10711447048223591,15.000000000001679,0.19864791701547801,
3425,342,ok,1.3753683611250231,1.063608875202866,-1.0073776800112708,0.09601697399077824,15.000000000001679,0.23170166701311246,
3426,342,ok,1.0992818815315974,0.9269739502457374,-0.23882158950231458,0.09136050762426355,15.000000000001679,0.20760616700863466,
3427,342,ok,1.9342213978818181,0.070301774120294,0.13220125967860588,0.09626282924534693,15.000000000001679,0.2025402919971384,
3428,342,ok,2.28763931767536,-0.17277619548148446,-0.7157773760906344,0.10213837087083871,15.000000000001679,0.20919208298437297,
3429,342,ok,1.1572357164773626,1.077878592997265,-0.6992042721824366,0.09998357181618085,15.000000000001679,0.22826329100644216,
3430,342,ok,1.4518828940356043,0.5889265703834099,-0.3418123962399194,0.0897883111869373,15.000000000001679,0.19136808399343863,
3431,343,ok,1.9459171332701972,0.05472834984802773,-0.050116830202291476,0.10344131766859747,15.000000000001679,0.2007887910003774,
3432,343,ok,1.8797645878817342,0.12884488397656851,-0.17970374963679706,0.0985983937404231,15.000000000001679,0.23322562500834465,
3433,343,ok,1.988655941824074,0.012595486931448512,-0.07053904157945111,0.10201207032601248,15.000000000001679,0.2080384159926325,
3434,343,ok,1.2672329856126754,0.7374175762903201,-0.10846687588478518,0.09489664795494712,15.000000000001679,0.20195070799672976,
3435,343,ok,1.22488954174927,0.788786346703122,-0.18252636947566528,0.10272451586977953,15.000000000001679,0.20951254200190306,
3436,343,ok,1.269370709812049,0.7310852461949557,-0.03401979577582479,0.09031674479337892,15.000000000001679,0.21369674999732524,
3437,343,ok,1.4395008354356418,0.5873808254436431,-0.27689298094323067,0.10109674507917625,15.000000000001679,0.1887324170093052,
3438,343,ok,2.0779801833158844,0.19834592891279496,-1.0353956974936769,0.10366737936576889,15.000000000001679,0.20221304200822487,
3439,343,ok,2.610387055778972,-0.38238910195293585,-1.0669314635318872,0.09865891347561034,15.000000000001679,0.22200041700853035,
3440,343,ok,1.299251978761675,0.7499511598071297,-0.35416606478965135,0.1032391839318617,15.000000000001679,0.22560266600339673,
3441,344,ok,1.9093536478460413,0.0979858997736771,-0.1672534456543022,0.08852607097399365,15.000000000001679,0.21376316700479947,
3442,344,ok,1.4897105521922416,0.6713619243684804,-0.6737643455208105,0.10035083142013816,15.000000000001679,0.23323683298076503,
3443,344,ok,2.0026772835691866,-0.0008960704580215694,-0.0844465354511572,0.0848230946738357,15.000000000001679,0.1996325420041103,
3444,344,ok,2.5547145647869827,-0.4883494914223704,-0.5785182072093968,0.1108059759708312,15.000000000001679,0.19669158299802803,
3445,344,ok,1.080601219155178,0.9198351558978163,-0.030706748531266523,0.09844866530590463,15.000000000001679,0.24202204099856317,
3446,344,ok,2.180828691393599,-0.15853440006479275,-0.3110354078596866,0.07502176278996231,15.000000000001679,0.24954191700089723,
3447,344,ok,1.338482895698155,1.0508073717412316,-0.9437000670423468,0.10437640162093981,15.000000000001679,0.22767766698962077,
3448,344,ok,1.7314027239594092,0.48911398063944395,-0.8455642075176053,0.10377885371153354,15.000000000001679,0.21170758301741444,
3449,344,ok,1.7206830017442147,0.34899211219567855,-0.4846885050208992,0.10520088417703925,15.000000000001679,0.31365637498674914,
3450,344,ok,1.9661921076014195,0.0368497336515769,-0.1093271957484836,0.08916912971027437,15.000000000001679,0.34207462501944974,
3451,345,ok,2.0840968071132773,-0.06755700571027928,-0.26204489988950724,0.09594236513393871,15.000000000001679,0.2597669590031728,
3452,345,ok,0.8074331002503646,1.1925669181187795,-0.00017223155793234246,0.09111021316139031,15.000000000001679,0.23563716700300574,
3453,345,ok,1.4102381890999713,0.5957075374256762,0.12936162318441885,0.10099637550467584,15.000000000001679,0.23279675000230782,
3454,345,ok,2.062812310343695,-0.0622599933619667,-0.04773203834106516,0.09070151232226523,15.000000000001679,0.22517579200211912,
3455,345,ok,2.665572021617677,-0.3991534095729619,-1.1616097106022236,0.0984709672495656,15.000000000001679,0.18172283298918046,
3456,345,ok,0.8239745208330088,1.1765578643464136,-0.029615202384031494,0.1052196254166767,15.000000000001679,0.2237066249945201,
3457,345,ok,2.220336738220371,0.10102363169205228,-1.1505581183491054,0.09868717236173605,15.000000000001679,0.21283941599540412,
3458,345,ok,2.0309076057242232,0.49521061551227064,-1.3638895158045383,0.1038319899685244,15.000000000001679,0.24762329101213254,
3459,345,ok,0.7684195480845547,1.26465832974753,0.22302741954472521,0.10377423612535598,15.000000000001679,0.21180420799646527,
3460,345,ok,1.6080018501310127,1.1768545150741068,-1.3813404579142956,0.09999757456911887,15.000000000001679,0.2007785000023432,
3461,346,ok,1.0995377610414916,1.0240638801184434,-0.5064898595891809,0.09714358705994684,15.000000000001679,0.18240420799702406,
3462,346,ok,2.1026730381383625,0.27787917617691316,-1.2064550441143278,0.10330154914245437,15.000000000001679,0.21428133398876525,
3463,346,ok,1.7397904759829244,0.3848500745827203,-0.646654172448803,0.09888202702733473,15.000000000001679,0.24682050000410527,
3464,346,ok,1.5322994749490404,0.5307698616136857,-0.4350913483240455,0.08062237847870979,15.000000000001679,0.2224140409962274,
3465,346,ok,1.4680965233489716,0.5683568037980224,-0.32512330066902834,0.09215546495739294,15.000000000001679,0.2066339169978164,
3466,346,ok,1.518904513833439,0.6498498850551415,-0.6958200839714105,0.09403624231822763,15.000000000001679,0.23292833400773816,
3467,346,ok,1.9975100374920947,0.010508290010829932,0.1787990094101143,0.07499889103737158,15.000000000001679,0.2392620829923544,
3468,346,ok,2.359278292751077,-0.35092787610386383,-0.19832343281673434,0.09272241555237086,15.000000000001679,0.20570929200039245,
3469,346,ok,1.6793122562784477,0.6989068944751777,-1.061718599650013,0.10397856293982582,15.000000000001679,0.212846249982249,
3470,346,ok,2.1765912471768933,-0.17538950243895865,-0.0723185312727299,0.07946218599372377,15.000000000001679,0.21665791698615067,
3471,347,ok,0.994822603001165,1.0308764768446064,0.2246588709775125,0.10839745234833711,15.000000000001679,0.2821862080018036,
3472,347,ok,1.4071241439091244,0.8524261366567701,-0.814292689727398,0.0860531501163563,15.000000000001679,0.2051985419820994,
3473,347,ok,1.2680967967123897,0.7523893823340773,-0.2270181325786079,0.09125706285552675,15.000000000001679,0.2327315830043517,
3474,347,ok,2.182238250495005,-0.1821412192968642,-0.020578653238118753,0.095528883724333,15.000000000001679,0.2328935000114143,
3475,347,ok,1.5349173613936746,0.47085402876615573,-0.13298084436122193,0.10162432373981711,15.000000000001679,0.21547766699222848,
3476,347,ok,1.373568767231145,1.0230489472878908,-0.9655349806804457,0.09570036900856624,15.000000000001679,0.20641145799891092,
3477,347,ok,2.102645862644531,-0.0911041353084903,-0.2200070885037439,0.10187061887140066,15.000000000001679,0.22756199998548254,
3478,347,ok,2.2556775866239094,-0.20095762113763824,-0.49382884155708756,0.10350893328998932,15.000000000001679,0.1936503330070991,
3479,347,ok,1.5718224325963348,0.5494101256656293,-0.6053220432890696,0.09252765596041558,15.000000000001679,0.26519325000117533,
3480,347,ok,2.4173772048004976,-0.2156573648567802,-0.9667341888259543,0.09508007636858447,15.000000000001679,0.2283769579953514,
3481,348,ok,1.9572448054081357,0.07501597296295856,-0.3538979004591381,0.10361701070867976,15.000000000001679,0.18217949999962002,
3482,348,ok,0.9555202386173488,1.0744836507491513,-0.23756770335366764,0.09989096443697847,15.000000000001679,0.2147292909794487,
3483,348,ok,1.2538409469614564,0.7759488653586342,-0.27169089064668056,0.09841432296177477,15.000000000001679,0.2087667909800075,
3484,348,ok,0.9941697317677973,1.0321786412910894,-0.22736594553734812,0.10177953235061417,15.000000000001679,0.19241424999199808,
3485,348,ok,2.277051031576477,0.0015175613580288968,-1.091342908000569,0.09666008417551401,15.000000000001679,0.23308579198783264,
3486,348,ok,2.061648462952968,-0.06153577205629831,0.021555633337443595,0.07496144043788187,15.000000000001679,0.21594079199712723,
3487,348,ok,1.909391069133218,0.14994404859222135,-0.47229993811809096,0.10021959517601955,15.000000000001679,0.247758999990765,
3488,348,ok,2.4156432262114715,-0.2125445151985682,-0.9695251232464787,0.10216676651206794,15.000000000001679,0.26926025000284426,
3489,348,ok,1.9189480265593126,0.08263663171841742,0.07796949793210686,0.09471912866434402,15.000000000001679,0.28209545800928026,
3490,348,ok,0.9875256241279433,1.0497686016869012,-0.2688254972453635,0.08841782512248865,15.000000000001679,0.1926327080000192,
3491,349,ok,2.1224608061841646,-0.12237046915526961,-0.01958227375907623,0.07630138240156618,15.000000000001679,0.22916491600335576,
3492,349,ok,2.0210278945372164,-0.020887719326076342,-0.02380286483985618,0.09952691931674604,15.000000000001679,0.2858749160077423,
3493,349,ok,1.4270158673464424,0.5736921056734279,-0.04494525826179018,0.09200862366675376,15.000000000001679,0.30578333299490623,
3494,349,ok,1.5893491745391053,0.4175395715575706,-0.14781674811041653,0.1138550328552821,15.000000000001679,0.2401724999945145,
3495,349,ok,2.0307416408699424,-0.02059066167833954,-0.20279297300803237,0.09337920010210062,15.000000000001679,0.20762249999097548,
3496,349,ok,2.602458837448226,-0.4824097927061876,-0.7813025161157451,0.10392899234974301,15.000000000001679,0.22613679099595174,
3497,349,ok,2.023716299774316,-0.01631975847722025,-0.17286495754378198,0.07664476999102852,15.000000000001679,0.288396832998842,
3498,349,ok,1.868647434623886,0.13861174320463016,0.16455088085672467,0.10270403794700751,15.000000000001679,0.23167375000775792,
3499,349,ok,1.5646974483074052,0.8453154513045769,-1.0559269376920695,0.09679597748598748,15.000000000001679,0.20363954099593684,
3500,349,ok,1.6441015719787042,0.507336293210895,-0.6892206014168869,0.09707758159185727,15.000000000001679,0.24764012498781085,
3501,350,ok,1.2243800943642464,0.7759702280301691,-0.029287075765334618,0.10020120550378125,15.000000000001679,0.29259679198730737,
3502,350,ok,1.381750199262294,0.6671396560171402,-0.3643033304806343,0.08946256765241815,15.000000000001679,0.2564880000136327,
3503,350,ok,1.3161127768483973,0.8320643563649484,-0.6066952890128431,0.10447748335382477,15.000000000001679,0.19941395800560713,
3504,350,ok,2.160444000712578,-0.10676570714510226,-0.4785985117114,0.09831920112210601,15.000000000001679,0.2266537499963306,
3505,350,ok,1.6563632713918384,0.6105197294898556,-0.9016007235350518,0.09018776798333082,15.000000000001679,0.24477491600555368,
3506,350,ok,1.4798561492366282,0.9374242286322048,-1.0300033750117505,0.09950824341130561,15.000000000001679,0.2355515000235755,
3507,350,ok,0.9897920959398224,1.0109091504936183,-0.03725163899334895,0.09848946949923186,15.000000000001679,0.27036450000014156,
3508,350,ok,2.281652341618509,-0.26820376089096737,-0.24736432057452104,0.10616865343047459,15.000000000001679,0.20696991600561887,
3509,350,ok,1.5453122975168896,0.503328449130614,-0.3846613649369465,0.09575854558226946,15.000000000001679,0.21074424998369068,
3510,350,ok,1.6824817243011663,0.45295769483909415,-0.6613659037551423,0.09349584479677225,15.000000000001679,0.2052873329957947,
3511,351,ok,2.1295133712726226,-0.12892158094271647,0.05020060383356578,0.09969258124675022,15.000000000001679,0.2433583340025507,
3512,351,ok,1.0168150777423057,1.01224426524428,-0.24135349755344088,0.09770988667423289,15.000000000001679,0.22162595798727125,
3513,351,ok,1.8106476631894257,0.4394857391678711,-0.9182811127061703,0.09587771668710032,15.000000000001679,0.21469599998090416,
3514,351,ok,1.2239540932064177,0.7810019235463217,-0.11003323079404821,0.09474937727094113,15.000000000001679,0.22661129100015387,
3515,351,ok,1.5887045060695861,0.5167411825342703,-0.569144347258209,0.09954460874028048,15.000000000001679,0.20532612499664538,
3516,351,ok,1.6823970589015753,0.3266727326743727,-0.17445836243992224,0.08449422657942351,15.000000000001679,0.24295116699067876,
3517,351,ok,1.6857914458221361,0.3887776860546684,-0.4958381327124194,0.10389975417708336,15.000000000001679,0.23220491700340062,
3518,351,ok,1.6329692937061902,0.447166455038089,-0.505268934161124,0.09696141797460711,15.000000000001679,0.23133508398314007,
3519,351,ok,1.883282316506233,0.14043857181561795,0.2979657337244412,0.09779071598020843,15.000000000001679,0.21760729199741036,
3520,351,ok,1.4032184247272628,0.5968105512843461,0.009017677479298184,0.08522894565786411,15.000000000001679,0.21916708300705068,
3521,352,ok,1.2880725469558143,0.9402404755826309,-0.7321479608848949,0.09805326741296308,15.000000000001679,0.26705933301127516,
3522,352,ok,1.5554799794690464,0.4778536023750649,-0.32029410036161843,0.10943564668519112,15.000000000001679,0.2019040420127567,
3523,352,ok,0.7367486440292583,1.3844583925372589,0.4048544108208969,0.10109700416547077,15.000000000001679,0.2100003750238102,
3524,352,ok,1.1580309416002312,0.8542119805126511,0.1679448603047355,0.08985707028255675,15.000000000001679,0.22714216698659584,
3525,352,ok,1.5720245915943447,0.4592998214157305,-0.31225674738549114,0.10296201543231545,15.000000000001679,0.206133708008565,
3526,352,ok,1.8961555703546658,0.10384455277649911,0.0006833386219372825,0.09184936578247362,15.000000000001679,0.23054483300074935,
3527,352,ok,2.1957488124854554,-0.18956168469704746,0.16471938695221813,0.09897489069181005,15.000000000001679,0.2223942499840632,
3528,352,ok,1.982270135724966,0.01859798995226327,-0.05865974399759192,0.09897647604941812,15.000000000001679,0.2532190000056289,
3529,352,ok,1.0161246596793712,1.0445438471524628,-0.34585092741570245,0.1108673692170619,15.000000000001679,0.2280249999894295,
3530,352,ok,1.8994835571762057,0.10719631202070541,-0.1591602423809196,0.10138372498109591,15.000000000001679,0.17357387498486787,
3531,353,ok,1.807612417726481,0.21868715719529255,0.30722501326875296,0.09603912561120928,15.000000000001679,0.27048037498025224,
3532,353,ok,1.8642286714148375,0.3724205725564132,-0.909029013116488,0.10632192561946763,15.000000000001679,0.2173101249791216,
3533,353,ok,1.682691323951877,0.7535500918322983,-1.130403785437597,0.0952752777759058,15.000000000001679,0.22471012501046062,
3534,353,ok,1.4697949519722566,0.7014829573167923,-0.6885860082113091,0.10188675184360825,15.000000000001679,0.2975245000270661,
3535,353,ok,1.63696965377027,0.5690038758306258,-0.7949337959710775,0.10013586009360285,15.000000000001679,0.22733524997602217,
3536,353,ok,2.0502799735413535,-0.04158626427116936,-0.18860937263037292,0.09528325425098312,15.000000000001679,0.28128845800529234,
3537,353,ok,2.1253706134125405,0.0684210254092349,-0.8866808384511795,0.10028517298777964,15.000000000001679,0.26559500000439584,
3538,353,ok,1.6949987897115761,0.3294546064725666,-0.2868779972182961,0.08806692353704765,15.000000000001679,0.2565696669917088,
3539,353,ok,2.016257236689452,0.009981876158251241,-0.32422385983136875,0.08972661734095132,15.000000000001679,0.24005216598743573,
3540,353,ok,1.1179149370984791,0.9055346552862578,-0.22777053323142102,0.09477892355328989,15.000000000001679,0.24654862500028685,
3541,354,ok,1.2197799832665994,0.813766164299271,0.2840994449424371,0.09155067901941263,15.000000000001679,0.19585220800945535,
3542,354,ok,1.8000985279103543,0.23648807466447067,-0.3610822612430567,0.09421453527512541,15.000000000001679,0.22459450000314973,
3543,354,ok,1.3352379542721091,0.6782543145533678,-0.18933762841014837,0.09109008340800628,15.000000000001679,0.2295575000171084,
3544,354,ok,0.7421880565369473,1.262649836086661,-0.08460406044075502,0.10224622777124415,15.000000000001679,0.19843225000659004,
3545,354,ok,1.847049839999565,0.6865681301964027,-1.2986492347153042,0.10377443647170928,15.000000000001679,0.2406592079787515,
3546,354,ok,2.246221804994216,-0.1844917830223368,-0.5229799682008537,0.09398790774122272,15.000000000001679,0.20149787500849925,
3547,354,ok,1.6738117568828346,0.6395003456434938,-0.9750315317850126,0.09258509968742722,15.000000000001679,0.23215266602346674,
3548,354,ok,2.057681443594684,-0.05732398823327643,0.03835271507766897,0.10001261064218815,15.000000000001679,0.20671912500984035,
3549,354,ok,1.9554329742068217,0.6882824012672248,-1.4502120733844617,0.10210830183878829,15.000000000001679,0.34480283298762515,
3550,354,ok,2.2946867682922996,-0.2753939547340176,-0.29693385683624196,0.09888869676380406,15.000000000001679,0.20259120900300331,
3551,355,ok,1.4027986064806062,0.606852339464484,-0.16426663169478253,0.09706975081244698,15.000000000001679,0.22426991601241753,
3552,355,ok,1.3961289990984103,1.0371812061558272,-1.011017384788205,0.10115626878760742,15.000000000001679,0.26785808301065117,
3553,355,ok,1.4242419157573738,0.579495947292917,-0.10311775231737474,0.10334979947718123,15.000000000001679,0.2876526660111267,
3554,355,ok,2.1854129414485204,-0.1853895715412392,-0.010106693300650723,0.09870694116620009,15.000000000001679,0.23598145801224746,
3555,355,ok,1.7304282928130414,0.6322283927090703,-1.059991937165865,0.10055552546712122,15.000000000001679,0.19199279099120758,
3556,355,ok,1.916180219653764,0.11782798945103463,-0.35940945577212174,0.10005097821050798,15.000000000001679,0.31726312497630715,
3557,355,ok,1.5926531067029661,0.514259553062754,-0.5736891515667013,0.07514975190843669,15.000000000001679,0.24223045801045373,
3558,355,ok,1.5342677312109003,0.9333507791648378,-1.1028313156266396,0.10137869467894171,15.000000000001679,0.23178324999753386,
3559,355,ok,2.150742878278775,-0.14128630130934847,-0.20146439956429113,0.0949034237657555,15.000000000001679,0.22375600002123974,
3560,355,ok,1.5406069641725855,0.5326122296785439,-0.46930048963121257,0.10210047031223007,15.000000000001679,0.23874883400276303,
3561,356,ok,2.4950787395767673,-0.47003212884650597,-0.35264599693458487,0.10309795093192525,15.000000000001679,0.2285230830020737,
3562,356,ok,1.5908168903772766,0.44499054157142104,-0.3356247352435238,0.10275538598992728,15.000000000001679,0.252830957993865,
3563,356,ok,2.290959597932782,-0.20017470585407884,-0.6385351541459966,0.09356809329534067,15.000000000001679,0.20743070801836438,
3564,356,ok,1.8411132539625283,0.1592206340613877,-0.03506194305982102,0.09768123430281637,15.000000000001679,0.22191687498707324,
3565,356,ok,2.120866583379577,0.17590398396483103,-1.0820114550136637,0.09980119519089534,15.000000000001679,0.2590339170128573,
3566,356,ok,1.2232447449060968,0.7776024843443674,0.045519442651679294,0.09614344832200371,15.000000000001679,0.2618737079901621,
3567,356,ok,2.4212930753724384,-0.1795906641566544,-1.0545352974498645,0.10471538469566834,15.000000000001679,0.28680295901722275,
3568,356,ok,1.8218699469562327,0.17986737912348866,-0.07954461668464592,0.10178167196297636,15.000000000001679,0.26702600001590326,
3569,356,ok,1.594175709873441,0.4538685864482718,-0.38842482667695827,0.10768789996522728,15.000000000001679,0.2634132080129348,
3570,356,ok,1.9987977535199208,0.005268980927727338,-0.12743869517212988,0.0749727470574709,15.000000000001679,0.3171743749990128,
3571,357,ok,0.9637873127904398,1.176668548786436,-0.5010102850624762,0.10341295473576675,15.000000000001679,0.2825205409899354,
3572,357,ok,2.152883909743547,-0.15250145141895738,0.040578694803333606,0.09984130956702467,15.000000000001679,0.23512054199818522,
3573,357,ok,1.982003106181687,0.11951265110872221,-0.6261817975426214,0.0980868432025856,15.000000000001679,0.2534853329998441,
3574,357,ok,2.1649462508960715,-0.13783591706804008,-0.34154042361455234,0.10374161522923217,15.000000000001679,0.28846012501162477,
3575,357,ok,1.9005634765166417,0.11521329768242364,-0.24437801667879014,0.09670757059631228,15.000000000001679,0.22444166598143056,
3576,357,ok,2.108938152751046,-0.10864743863632223,-0.03501587727688551,0.09896622115938178,15.000000000001679,0.3051465000025928,
3577,357,ok,1.9893515817403107,0.011140420318525393,-0.04424124864766762,0.09719815905056223,15.000000000001679,0.22183070800383575,
3578,357,ok,0.7447765639869973,1.2683036289581544,0.13896960411712983,0.10423974284986509,15.000000000001679,0.22507183399284258,
3579,357,ok,2.2774026802552574,-0.12513647473050685,-0.8187538896419508,0.10298521295706459,15.000000000001679,0.2268395419814624,
3580,357,ok,1.0130155367111604,0.9910382331458201,-0.09053524531745734,0.09582063527370588,15.000000000001679,0.22801204098504968,
3581,358,ok,2.3363726500033994,-0.33439380568008076,-0.09613906430986778,0.09606093042230648,15.000000000001679,0.23773416600306518,
3582,358,ok,1.4849015418750597,0.5217713327134218,-0.14061506418260025,0.0861675036308754,15.000000000001679,0.22177400000509806,
3583,358,ok,1.100627558649326,1.1427955852499954,-0.6903489075760731,0.10510445545031104,15.000000000001679,0.2009482499852311,
3584,358,ok,1.116198431676775,1.0915267106919406,-0.6485177110083327,0.09181816517862011,15.000000000001679,0.21251737501006573,
3585,358,ok,1.5033710551134813,0.7534794021330554,-0.8404230651561492,0.09515127395716598,15.000000000001679,0.19137366701033898,
3586,358,ok,1.512711388615983,0.5263093804640068,-0.34136740198811705,0.09027391771090752,15.000000000001679,0.21032812498742715,
3587,358,ok,2.3825680706645675,-0.23431598490720051,-0.8273226039088054,0.09835007696263232,15.000000000001679,0.2754787500016391,
3588,358,ok,1.7113873854445625,0.7519749899993066,-1.171016804948394,0.10429185900758504,15.000000000001679,0.2488037080038339,
3589,358,ok,1.1645132637704345,0.8571268187926248,-0.22345476762468977,0.101090037012485,15.000000000001679,0.22530449999612756,
3590,358,ok,0.9597804124930188,1.2472524643762075,-0.5954406669161727,0.1044455274160814,15.000000000001679,0.21735454199369997,
3591,359,ok,2.2773822343077885,-0.21526863138711516,-0.5282563127242238,0.10174133729696705,15.000000000001679,0.24006608399213292,
3592,359,ok,1.908363906853983,0.22808328261332114,-0.7086352712281646,0.1014212544095621,15.000000000001679,0.1826545000076294,
3593,359,ok,1.6818299277248325,0.5932465097491416,-0.9217356038788694,0.10093827382350984,15.000000000001679,0.20550250000087544,
3594,359,ok,0.9095589802636076,1.1057034188733108,-0.16592517459170814,0.09429782187153037,15.000000000001679,0.21619770899997093,
3595,359,ok,2.0153971395231656,-0.012953621254426938,0.09921365166572153,0.07862990542464855,15.000000000001679,0.2235269579978194,
3596,359,ok,1.8798033593648393,0.6731198137946902,-1.3315591017056274,0.10364172864452817,15.000000000001679,0.18234275002032518,
3597,359,ok,2.2825959947590584,-0.2157184422047239,-0.5484854238391097,0.09813337120325438,15.000000000001679,0.23188966599991545,
3598,359,ok,1.3900295900157524,0.7327582773901635,-0.5712098367467204,0.09256306370345448,15.000000000001679,0.23569937501451932,
3599,359,ok,1.2475350626474548,0.7535374263028505,-0.051718322740275005,0.09376617288146347,15.000000000001679,0.18951337502221577,
3600,359,ok,1.3574113008177184,0.6683994966515651,-0.2634493102474283,0.1019870968028913,15.000000000001679,0.1944666669878643,
3601,360,ok,0.9580649910063598,1.0692135961805778,-0.22699162419993318,0.10167312760434209,15.000000000001679,0.22495533298933879,
3602,360,ok,1.642199474765811,0.4134463418621723,-0.4238709765607723,0.10028761183212603,15.000000000001679,0.20535987502080388,
3603,360,ok,2.276536480440687,-0.2607721052338467,-0.2674468825277084,0.10834766262147584,15.000000000001679,0.21881641700747423,
3604,360,ok,1.2646208458290753,0.8466726765351342,-0.5187503914743725,0.09338107190431771,15.000000000001679,0.21475116699002683,
3605,360,ok,1.3296782152123432,1.1307363045200796,-1.0061932139161316,0.10420921082936264,15.000000000001679,0.25051675000577234,
3606,360,ok,2.1136044954803315,-0.11354659771090324,0.01564425195819979,0.0949092222630098,15.000000000001679,0.22350583301158622,
3607,360,ok,1.286416244960546,1.0847184694313512,-0.9039504826583719,0.09637186080992283,15.000000000001679,0.23673979099839926,
3608,360,ok,2.8352965060400317,-0.8070730278385051,-0.39905800774370853,0.10374355640628898,15.000000000001679,0.2229542080021929,
3609,360,ok,1.1794320225499353,1.1140485412790735,-0.7785562976474427,0.09504003602643417,15.000000000001679,0.19714954102528282,
3610,360,ok,0.8090713446911071,1.2070358834886123,0.16063732668838404,0.09631303422484451,15.000000000001679,0.2217720840126276,
3611,361,ok,1.946153526650124,0.14732841897960247,-0.5959207683678224,0.09349722314669832,15.000000000001679,0.21064891698188148,
3612,361,ok,1.1803378959279751,0.8500245454524535,-0.2659962452777171,0.10371022808295519,15.000000000001679,0.1940044999937527,
3613,361,ok,1.9593626909647832,0.04904694655676535,0.18134039264674628,0.10443091253294659,15.000000000001679,0.2121655419759918,
3614,361,ok,2.203002586752164,-0.18696984841285075,-0.2652984722341952,0.09154242535514222,15.000000000001679,0.257264749991009,
3615,361,ok,1.5000536280218526,0.5196836707196216,-0.24253752742078785,0.10743436633429099,15.000000000001679,0.27296862500952557,
3616,361,ok,1.8802912571354509,0.19027815989209176,-0.5102960641592881,0.1000491750626623,15.000000000001679,0.22718708400498144,
3617,361,ok,1.8839532759458364,0.1254966445978465,-0.18845985390293787,0.1019447290148747,15.000000000001679,0.2376512500050012,
3618,361,ok,1.3504501832409908,0.9061422529805262,-0.7919538665232378,0.10190807474263061,15.000000000001679,0.23730691699893214,
3619,361,ok,1.5946592576434049,0.49869455393418805,-0.5376059017542019,0.09810576817240796,15.000000000001679,0.20687833297415636,
3620,361,ok,1.8244718127882291,0.1917417714067294,-0.24269234512751703,0.10212401388038586,15.000000000001679,0.20757274999050424,
3621,362,ok,1.8028470698097918,0.20285670475186068,-0.14329526672717205,0.09554351733540246,15.000000000001679,0.20901241598767228,
3622,362,ok,1.3850236851447444,0.6736574493401969,-0.3988809931811439,0.09315374919229578,15.000000000001679,0.20146387498243712,
3623,362,ok,0.877843853316136,1.1450413013076586,0.1991367729356377,0.1026636736651122,15.000000000001679,0.22091312499833293,
3624,362,ok,2.033268711062339,0.2902357226601403,-1.1004034566092624,0.1013619954163708,15.000000000001679,0.20466379201388918,
3625,362,ok,2.062089901608026,-0.05269289800889148,-0.19663831970817883,0.08904333387693796,15.000000000001679,0.25385891599580646,
3626,362,ok,1.3107483732370901,0.8611426339641388,-0.6488953673509611,0.0991059782959562,15.000000000001679,0.19119408400729299,
3627,362,ok,1.618747129638993,0.4546346470818293,0.48185910359209455,0.08928832680041801,15.000000000001679,0.2053618330101017,
3628,362,ok,1.6402591632393106,0.3775938833020541,-0.2413472914528253,0.10276935412703865,15.000000000001679,0.27885129099013284,
3629,362,ok,2.1267327768335402,-0.1050789776295569,0.3027124080710934,0.10341972460184462,15.000000000001679,0.20103866601129994,
3630,362,ok,2.5267590457002513,-0.40968311195081575,-0.7602227140825744,0.09634301053000323,15.000000000001679,0.23047270899405703,
3631,363,ok,1.8506079499557617,0.15540568311271588,-0.14906907978048772,0.09378449053351837,15.000000000001679,0.2764956660103053,
3632,363,ok,2.3301982923809033,-0.1380401806280292,-0.9266111740287517,0.10494512167007074,15.000000000001679,0.2454547080269549,
3633,363,ok,2.1583619952475224,-0.12946678162310882,-0.35199109149605534,0.09578792429001466,15.000000000001679,0.23612208402482793,
3634,363,ok,2.196993875386115,-0.14436519712446047,-0.47799580525928836,0.09865790711749388,15.000000000001679,0.30765695800073445,
3635,363,ok,1.7138184255453504,0.29471600722690183,-0.17082183622295985,0.08061527506710016,15.000000000001679,0.23658750002505258,
3636,363,ok,1.9097923628948223,0.14889913344921296,-0.46982172281229545,0.10026148770233805,15.000000000001679,0.2832009590056259,
3637,363,ok,0.7762468780016639,1.223777504025548,-0.0061524263930594295,0.09826858423285628,15.000000000001679,0.2569076659856364,
3638,363,ok,1.9830158402353975,0.017001503856034397,-0.008293787751751427,0.08237832198623606,15.000000000001679,0.21379270902252756,
3639,363,ok,1.5450822723196558,0.5208765293819516,-0.44662398827569716,0.0956669981514121,15.000000000001679,0.2392424590070732,
3640,363,ok,1.0178379719609318,1.042139366633839,-0.3442341415561793,0.10164100632926286,15.000000000001679,0.23994920798577368,
3641,364,ok,1.134228418806926,0.9393578809777379,-0.4018860552261364,0.09764697306847893,15.000000000001679,0.25481845799367875,
3642,364,ok,1.8188249047248362,0.2755941606659144,-0.5784017075682064,0.10280744043363235,15.000000000001679,0.2879174590052571,
3643,364,ok,0.7137296037420173,1.3017682759568023,0.1479270320036232,0.09822725498546071,15.000000000001679,0.23800995899364352,
3644,364,ok,1.0753880221935552,1.0329864762375625,-0.47047236171524476,0.10410019719389416,15.000000000001679,0.2354164170101285,
3645,364,ok,2.068290452476068,0.12118637533995368,-0.864803306882806,0.0946804490188116,15.000000000001679,0.23276787498616613,
3646,364,ok,2.1334979587632015,-0.110364979552867,-0.3133260173103635,0.10858762046724804,15.000000000001679,0.22800908298813738,
3647,364,ok,2.445668554840897,-0.31561761684742135,-0.7868988071432267,0.10905565108697632,15.000000000001679,0.2864124579937197,
3648,364,ok,1.135514338223869,0.8920956936485119,-0.24887920821117043,0.09136305915497578,15.000000000001679,0.19557987499865703,
3649,364,ok,1.3430809852143484,1.1358842944044425,-1.028188008190835,0.09378808105724708,15.000000000001679,0.41886904201237485,
3650,364,ok,1.9099478722212406,0.18890226779645836,-0.6064865035675839,0.09913451450319231,15.000000000001679,0.20918945799348876,
3651,365,ok,1.9969868882791733,0.06605502449597216,-0.49780866171819466,0.09824951383883658,15.000000000001679,0.22007000001030974,
3652,365,ok,2.3127752991356543,-0.25315683190095584,-0.5217411955654477,0.10690677053728655,15.000000000001679,0.21054045797791332,
3653,365,ok,1.178198602407308,0.8358514981711263,-0.1814117206911462,0.09605293938626756,15.000000000001679,0.20330683400970884,
3654,365,ok,1.84470888625022,0.5726205780164593,-1.1685627328938997,0.0967969243954099,15.000000000001679,0.23458958300761878,
3655,365,ok,2.155687253144383,-0.14711298544762863,0.19207644595667134,0.08822612711476255,15.000000000001679,0.21606204099953175,
3656,365,ok,1.5783510603813153,0.8155774221850526,-1.0432330645493448,0.09087176271935518,15.000000000001679,0.19742541699088179,
3657,365,ok,2.3721936966820545,-0.36803161605153517,0.14046067050396566,0.09560199379812272,15.000000000001679,0.19992850002017803,
3658,365,ok,1.8197651336416534,0.3301335175806243,-0.7232503525821236,0.10193161968911112,15.000000000001679,0.23360166701604612,
3659,365,ok,0.9104422300794462,1.289131911857562,-0.568833557003057,0.10187743967615338,15.000000000001679,0.23030333401402459,
3660,365,ok,2.1833022577594017,-0.1510336606911888,-0.37398253877790155,0.09922632464847238,15.000000000001679,0.2249478340090718,
3661,366,ok,1.7493273167982084,0.264182072140574,-0.21698429117848092,0.10006876319495661,15.000000000001679,0.23442029100260697,
3662,366,ok,0.8587465153882088,1.2300802481993696,0.3803539844390312,0.1039392938801674,15.000000000001679,0.24628458402003162,
3663,366,ok,1.129599914115605,0.878548165551162,0.13543171335148194,0.08972791146939899,15.000000000001679,0.21750433300621808,
3664,366,ok,0.9685632612063511,1.2742087796913992,-0.641359412094057,0.09618439251255508,15.000000000001679,0.21578729097382165,
3665,366,ok,2.2612833226722717,-0.0991223378396136,-0.8408850552712327,0.09813371426932647,15.000000000001679,0.2262990410090424,
3666,366,ok,2.346911011294921,-0.34428019440101776,0.11109304693127295,0.09606015263130968,15.000000000001679,0.2021738329785876,
3667,366,ok,1.9083847870947477,0.3929593786700431,-1.0292487245608282,0.09470980603113541,15.000000000001679,0.23334404197521508,
3668,366,ok,2.6653979976744795,-0.6368980830939592,-0.38873510953157664,0.10135884505956635,15.000000000001679,0.23309391699149273,
3669,366,ok,1.9763374352197776,0.026039387261539187,-0.09689766358529268,0.09256376693556866,15.000000000001679,0.2168782080116216,
3670,366,ok,1.4813023845383217,0.8803028541777708,-0.9698118663310278,0.09975876929561844,15.000000000001679,0.2461769999936223,
3671,367,ok,2.453999119801977,-0.4333433491558085,-0.3177291694321914,0.0842090683648051,15.000000000001679,0.26628541699028574,
3672,367,ok,1.3103559973150687,0.8771462786613193,-0.6754497465951443,0.09693027419829134,15.000000000001679,0.25168862502323464,
3673,367,ok,1.9922997457681115,0.01040064818384586,-0.1036952083773444,0.08955077386665873,15.000000000001679,0.22958512502373196,
3674,367,ok,1.9990824285416582,0.011030801585717,-0.2008284936538109,0.10378834513428178,15.000000000001679,0.2521610420080833,
3675,367,ok,1.5136525863883534,0.5627726421013429,-0.474891223321507,0.09307796894058355,15.000000000001679,0.22943629199289717,
3676,367,ok,0.8458187199085547,1.1783371955169626,0.20069763993833087,0.09781146008870993,15.000000000001679,0.2892977500159759,
3677,367,ok,1.9699270973276204,0.03025079362570148,-0.026473246371484238,0.09991931335889254,15.000000000001679,0.3004431670124177,
3678,367,ok,1.4079228251461664,0.6437643185616291,0.3779834096371957,0.09391673874199227,15.000000000001679,0.20804833300644532,
3679,367,ok,2.104875221758504,0.5525767344405168,-1.5282230169350388,0.10045514687330892,15.000000000001679,0.24367716698907316,
3680,367,ok,1.3890667564776555,0.7026726526614133,-0.4964355021538854,0.08407804122058417,15.000000000001679,0.21890037500998005,
3681,368,ok,1.724127377213166,0.7063771217434143,-1.139804834920039,0.10089302762659236,15.000000000001679,0.2067122079897672,
3682,368,ok,1.9313519636406025,0.08394864479753991,0.24262648595161185,0.09570829848464683,15.000000000001679,0.20473241599393077,
3683,368,ok,1.9448025848777564,0.05526368962161029,0.016055442785868495,0.09250561497853213,15.000000000001679,0.23066070800996386,
3684,368,ok,2.14401123361558,-0.08812047454386357,-0.48635075168083236,0.09615906503580113,15.000000000001679,0.2224267499987036,
3685,368,ok,1.0919035215966175,0.992822964292913,0.42171995354664,0.09818010765581521,15.000000000001679,0.22804812499089167,
3686,368,ok,1.5751099852501442,0.44790892678743177,-0.2682997690803477,0.08948019285350371,15.000000000001679,0.22740245799650438,
3687,368,ok,2.2578820793179655,-0.2551259005204923,-0.11152872682343999,0.11463677370720769,15.000000000001679,0.20343854199745692,
3688,368,ok,1.3466984616187634,0.6537020790621358,-0.03284287753423512,0.10289619082685461,15.000000000001679,0.2471922499826178,
3689,368,ok,1.2158514683727435,0.8186627579348016,-0.2876405980628381,0.08777480394879446,15.000000000001679,0.19351416698191315,
3690,368,ok,1.4341891833660434,0.5769596859985052,0.17847935009598426,0.10383833771467171,15.000000000001679,0.1782942499849014,
3691,369,ok,1.7120030892378102,0.594973211899937,-0.9781892977747335,0.10251490017875284,15.000000000001679,0.1893542920006439,
3692,369,ok,1.998960647634801,0.0062617428204585525,-0.1444002515622038,0.07688384740174325,15.000000000001679,0.22669816701090895,
3693,369,ok,1.598241610158564,0.409252335151892,-0.15459013947380365,0.1022602380527112,15.000000000001679,0.20308141701389104,
3694,369,ok,1.013914490495463,1.0859980127301567,0.438888324410039,0.10238326165260074,15.000000000001679,0.2075983330141753,
3695,369,ok,2.0455359050832165,-0.045495068815294616,-0.012925263514748373,0.1007341096646339,15.000000000001679,0.17532874998869374,
3696,369,ok,2.1842764534361097,-0.1814255030476879,-0.11156343347428024,0.09794215006589849,15.000000000001679,0.19999308299156837,
3697,369,ok,2.442600447927231,-0.3295071032832451,-0.7346384171599067,0.1034160264182875,15.000000000001679,0.19177599999238737,
3698,369,ok,1.640615084029359,0.39518823070188835,-0.3408768678964956,0.07640063030278903,15.000000000001679,0.21755074997781776,
3699,369,ok,0.9073489944882112,1.0933108317424312,0.03459696465249359,0.09813714946482525,15.000000000001679,0.19805387500673532,
3700,369,ok,1.4405587247976641,0.6564756189773319,-0.5197611732212485,0.10167278494743306,15.000000000001679,0.20990954100852832,
3701,370,ok,1.9425518606417718,0.06132392327940184,0.12264909634416198,0.10337392515584036,15.000000000001679,0.22895662501105107,
3702,370,ok,1.0194512109894924,1.0215413448494008,0.2861807676082087,0.09732366959849938,15.000000000001679,0.20581266601220705,
3703,370,ok,1.5305495591507368,0.46947572359768264,-0.008797292747068846,0.10134168721581129,15.000000000001679,0.22552491698297672,
3704,370,ok,1.1573513768569024,0.8625743196072273,-0.21383412051308706,0.10354418057175192,15.000000000001679,0.19235345799825154,
3705,370,ok,1.7454225437092683,0.26549704450562694,-0.19493422857419776,0.08361194805765669,15.000000000001679,0.2104808340081945,
3706,370,ok,1.3162588874167516,0.7266481241220472,-0.333335355013061,0.08086880350123507,15.000000000001679,0.19163004201254807,
3707,370,ok,0.900066283642929,1.106270116096448,-0.10661242689544688,0.09818138682504822,15.000000000001679,0.19340079199173488,
3708,370,ok,1.726043261628207,0.3086864499526988,-0.3445051762144286,0.09998587896787157,15.000000000001679,0.19709458298166282,
3709,370,ok,1.01045063278985,0.9925097253778145,-0.0772905417701356,0.09793973564674854,15.000000000001679,0.20827274999464862,
3710,370,ok,2.1739397460527927,0.02215960306310005,-0.9023089181164989,0.1041699776905138,15.000000000001679,0.19444091600598767,
3711,371,ok,2.327870751405276,-0.29467375151565983,-0.39173282904705803,0.1008629800793465,15.000000000001679,0.1898023330140859,
3712,371,ok,1.4637346232236428,0.564200738746941,-0.2846041612640791,0.09384014191685583,15.000000000001679,0.21444891599821858,
3713,371,ok,1.668080638383451,0.4485683526270605,-0.6128236774794429,0.10400544130718337,15.000000000001679,0.19884641701355577,
3714,371,ok,2.236172332799757,-0.12479339069811557,-0.6969359718257561,0.10267398533161068,15.000000000001679,0.1936827089812141,
3715,371,ok,1.2186966969793243,0.7830495068977027,0.06521607598123207,0.0949715696405352,15.000000000001679,0.20328820799477398,
3716,371,ok,1.7992681274260298,0.25114989824675127,-0.4229528531276545,0.10143010031556483,15.000000000001679,0.202009041007841,
3717,371,ok,1.479910804471668,0.611785826121799,-0.512832717984767,0.08301883678911964,15.000000000001679,0.1880460829997901,
3718,371,ok,1.9068161756867175,0.4957959266620584,-1.1718865276186357,0.09811635200981073,15.000000000001679,0.2008661250001751,
3719,371,ok,1.0241769852240663,1.0215333508659405,0.3025582813195216,0.09364610264136615,15.000000000001679,0.20106500000110827,
3720,371,ok,2.0423603561633987,-0.014096558092525495,-0.3386013572148338,0.10433230154131783,15.000000000001679,0.21638345799874514,
3721,372,ok,2.1150993418700104,6.893497535609724e-07,-0.6882208826950035,0.10002002606944967,15.000000000001679,0.2538967090076767,
3722,372,ok,1.765924601004588,1.0786923724517872,-1.5065463656504887,0.10181617625672028,15.000000000001679,0.2013007499917876,
3723,372,ok,0.9029063674980703,1.114615731139536,-0.17701583240767446,0.10215120926603286,15.000000000001679,0.24559408400091343,
3724,372,ok,1.5701014356795167,0.6497549616290402,-0.8012845029560254,0.1017504766456147,15.000000000001679,0.25346366700250655,
3725,372,ok,1.4711786315406783,0.6763561900251498,-0.6421320971709527,0.10307053432820844,15.000000000001679,0.2437625000020489,
3726,372,ok,0.8898261527848091,1.1373225054388074,-0.2181240989836702,0.0964610953489523,15.000000000001679,0.20768533300724812,
3727,372,ok,1.278218908082594,0.7537285633074715,0.28399134329095393,0.09673381518432386,15.000000000001679,0.18244816598598845,
3728,372,ok,2.1904450471940384,-0.19016977928617776,-0.03472524554887061,0.07797164151769857,15.000000000001679,0.2282544999907259,
3729,372,ok,1.4068799085355643,0.5941370298377541,-0.05348257816920991,0.11483235723340396,15.000000000001679,0.18572716700145975,
3730,372,ok,2.4619589562519963,-0.3564867711283354,-0.712889893157822,0.10255542604080754,15.000000000001679,0.1962165409931913,
3731,373,ok,2.008563593132953,0.004509896142011042,-0.2287945651976714,0.10360343922700004,15.000000000001679,0.2149727499927394,
3732,373,ok,1.6078124013117858,0.41285564446003453,-0.2569698668902626,0.09104682636203247,15.000000000001679,0.2678932499838993,
3733,373,ok,2.1052938808547634,-0.1000587658662776,-0.14837622677746284,0.07983755349207367,15.000000000001679,0.26168391600367613,
3734,373,ok,1.4514871380982135,0.9492982286628471,-1.001419342620019,0.09847069295367981,15.000000000001679,0.2013451250095386,
3735,373,ok,2.2242427334856014,-0.2239170018762379,-0.038064500907089835,0.09745509514028419,15.000000000001679,0.19753716699779034,
3736,373,ok,2.3588383447098553,-0.12711254506898742,-1.0195639053456458,0.10143481037021712,15.000000000001679,0.20129799999995157,
3737,373,ok,1.9965769164702598,0.004574879272075116,-0.06780833982510179,0.08911823148203404,15.000000000001679,0.2122727920068428,
3738,373,ok,1.4914807756870234,0.6348558765070524,-0.6007465574904588,0.1031130306147203,15.000000000001679,0.20258962499792688,
3739,373,ok,1.2201233044712816,0.7979603789672741,0.20928838377086448,0.09239077059110826,15.000000000001679,0.17739591700956225,
3740,373,ok,1.4607539518776445,0.5460085548494894,-0.14039581673000673,0.10381640767034937,15.000000000001679,0.1988938330032397,
3741,374,ok,2.0059859280254027,-0.005862539446599119,0.022248961341522162,0.09963383238428912,15.000000000001679,0.22238512500189245,
3742,374,ok,2.450476703925745,-0.4354958273301877,-0.27054787291720944,0.10600190128324852,15.000000000001679,0.24481625002226792,
3743,374,ok,1.8761481072196196,0.12841429172759833,-0.1307618324063011,0.09829492831947637,15.000000000001679,0.23915808298625052,
3744,374,ok,1.9951464913733143,0.4256463760994494,-1.2255693325758648,0.10383281370334031,15.000000000001679,0.20725054200738668,
3745,374,ok,2.0735933432976545,-0.05931988466249477,-0.24288055912730747,0.073397048982419,15.000000000001679,0.21335695800371468,
3746,374,ok,1.65083165122129,0.785798670981903,-1.1184633535725246,0.1033721778760124,15.000000000001679,0.197765666001942,
3747,374,ok,1.8687373382787942,0.169068096463165,-0.37398877535067054,0.10172444053454245,15.000000000001679,0.22113225000794046,
3748,374,ok,2.1560867398365953,-0.04353701753736862,-0.6875074455259915,0.09920491152593135,15.000000000001679,0.20078304200433195,
3749,374,ok,1.5617825888468004,0.6646362289260722,-0.8099187945271007,0.10042211699392654,15.000000000001679,0.19995816599112004,
3750,374,ok,1.3722187189735429,0.6377518493125406,-0.16511871078102394,0.0983521427251925,15.000000000001679,0.23096708301454782,
3751,375,ok,1.992194013811983,0.08417471097181066,-0.5463061875801462,0.09762479068804333,15.000000000001679,0.2012234999856446,
3752,375,ok,1.71869388946586,0.6728464055846719,-1.0920494597396957,0.1030271561993565,15.000000000001679,0.1940234999929089,
3753,375,ok,0.6425041490703016,1.3637822405706292,0.08965792859097106,0.10045145580064999,15.000000000001679,0.21667620798689313,
3754,375,ok,1.2570293452119858,1.0314545145168448,-0.8012754939933412,0.0900158474255587,15.000000000001679,0.2051684999896679,
3755,375,ok,2.0488157753162457,-0.04839736244195563,-0.04140442881561998,0.10157271406594652,15.000000000001679,0.24773012500372715,
3756,375,ok,1.8253274497320424,0.22336231627651257,-0.418782568308333,0.10168406633694599,15.000000000001679,0.2695359160134103,
3757,375,ok,2.0979558572262684,0.18172415667741956,-1.0465618646117223,0.10496664202518409,15.000000000001679,0.2322024579916615,
3758,375,ok,2.1214131862055035,-0.06984170671260778,-0.4649185044280599,0.10196617143299609,15.000000000001679,0.21231033399817534,
3759,375,ok,1.014943784957468,0.9873106269949987,-0.06761006157761153,0.08942548065783498,15.000000000001679,0.1897833340044599,
3760,375,ok,1.2183032328778722,0.8158634832473647,0.2865021412373916,0.09372982917196238,15.000000000001679,0.21245549997547641,
3761,376,ok,1.6513304020219408,0.7963885072541139,-1.130580148053186,0.10167717002564715,15.000000000001679,0.215930375008611,
3762,376,ok,1.3964568511421809,0.6037999380985825,0.0267791756484865,0.10505536069374787,15.000000000001679,0.1995658329979051,
3763,376,ok,0.9813873978141591,1.1290125357553251,-0.4522190417453446,0.09901854904268075,15.000000000001679,0.1920584999897983,
3764,376,ok,1.4604291547497015,0.6167573514684781,-0.4685008978928733,0.08614645969737139,15.000000000001679,0.22936191599001177,
3765,376,ok,2.8198082870245322,-0.6341422448728102,-1.006286941855382,0.10060424747286906,15.000000000001679,0.20404625000082888,
3766,376,ok,1.8927057524179596,0.1373664321695672,-0.33605246201643374,0.07997679435096246,15.000000000001679,0.21471062500495464,
3767,376,ok,1.74701317875119,0.3183527666183131,0.4734106348510305,0.0976064190873141,15.000000000001679,0.1989942499785684,
3768,376,ok,2.0672557064195436,-0.06378525181075588,-0.11973550071963207,0.07910789010544095,15.000000000001679,0.21656762500060722,
3769,376,ok,1.8419984094388724,0.17498013660119222,-0.24952081791933237,0.0963299152532225,15.000000000001679,0.20160995901096612,
3770,376,ok,1.5913769271489902,0.695115700406245,-0.9109102529535373,0.10115195583030512,15.000000000001679,0.19904124998720363,
3771,377,ok,2.226162931607446,-0.15619754635557792,-0.553726953609127,0.07909401767403676,15.000000000001679,0.23218095902120695,
3772,377,ok,1.4596680658132157,1.0068545257649275,-1.069716284517202,0.09960414603265581,15.000000000001679,0.19957095899735577,
3773,377,ok,0.8200311342521223,1.180023118495658,0.009432652926743496,0.108594944657641,15.000000000001679,0.19771187502192333,
3774,377,ok,1.2270689089407447,0.8553843517222237,-0.4422138905627856,0.09933158437233365,15.000000000001679,0.20014562501455657,
3775,377,ok,2.107433231072609,-0.10719554555097796,0.0316505330010644,0.09976804260961315,15.000000000001679,0.2576310830190778,
3776,377,ok,1.411455874363847,0.7024485335389692,-0.5554888632196332,0.09828895061049145,15.000000000001679,0.1969147499767132,
3777,377,ok,1.5007063702592411,0.6279570272443362,-0.6079619154589103,0.09137420188806743,15.000000000001679,0.21831475000362843,
3778,377,ok,1.1233493071333922,0.8803097623655131,-0.09059490925597284,0.099424539900869,15.000000000001679,0.20029529102612287,
3779,377,ok,1.6147035933105687,0.821909373887256,-1.1042509546816546,0.10197324615744137,15.000000000001679,0.19508654199307784,
3780,377,ok,1.9672527526315695,0.03427226361993694,-0.07744584664525365,0.10471563645239947,15.000000000001679,0.19571304199052975,
3781,378,ok,2.147967649384623,-0.10134710679640578,-0.4450902824835414,0.09419078683436784,15.000000000001679,0.2087044999934733,
3782,378,ok,2.0796737052994727,-0.07955295050130362,-0.022410858425345587,0.1025730809751869,15.000000000001679,0.2217006249993574,
3783,378,ok,1.6509786390953198,1.006441074126708,-1.318548871891575,0.10167625451871125,15.000000000001679,0.18546479201177135,
3784,378,ok,1.4531123973576043,0.6253512535997438,-0.4710376453900133,0.10181302750784148,15.000000000001679,0.1923241250042338,
3785,378,ok,1.5717593868776487,0.46779135297308216,-0.3503772712576321,0.07914369443071616,15.000000000001679,0.21652358301798813,
3786,378,ok,1.67471421298006,0.4815461184255849,-0.7063749037791573,0.10767355432774978,15.000000000001679,0.20255408401135355,
3787,378,ok,1.7480160638239632,0.2786234263177781,-0.3040112678251837,0.10356289407215816,15.000000000001679,0.18384774998412468,
3788,378,ok,2.021766180661393,-0.021262322632376762,0.04513438127331646,0.1006751817796878,15.000000000001679,0.21336233301553875,
3789,378,ok,1.9735381586061755,0.02698485758261694,-0.04543249130708444,0.10361563307625084,15.000000000001679,0.1849233329994604,
3790,378,ok,0.9186822575584418,1.0826752979403966,-0.04992475682399412,0.10076782485283411,15.000000000001679,0.21571383302216418,
3791,379,ok,1.7299265164119504,0.3558273720824128,-0.5379053093173193,0.09965118333637107,15.000000000001679,0.22940033400664106,
3792,379,ok,1.5577696057077948,0.5844942404388965,-0.6503764979735677,0.09406679489629809,15.000000000001679,0.19536304200300947,
3793,379,ok,1.7023736786014898,0.3313738062096932,-0.33728736559800365,0.10260911967004638,15.000000000001679,0.19769262499175966,
3794,379,ok,2.192309750389558,-0.17398452547314694,-0.2828662663811681,0.09788164131862749,15.000000000001679,0.19211016700137407,
3795,379,ok,2.109818076051039,-0.10214490682569745,0.1797751505033072,0.07586877863304894,15.000000000001679,0.27766095800325274,
3796,379,ok,1.241887480118079,1.2174306804437518,-0.9642975543696577,0.09984669937764472,15.000000000001679,0.22038391599198803,
3797,379,ok,1.9332109790296939,0.08909214769378887,0.2928068807856318,0.10012878504217179,15.000000000001679,0.20230424997862428,
3798,379,ok,1.5619998504652641,0.45100518509798887,-0.20114322325197076,0.08197933854466061,15.000000000001679,0.21462695900117978,
3799,379,ok,1.8765264857403534,0.13300243163260303,-0.18886961480150158,0.1009296885953498,15.000000000001679,0.21462016698205844,
3800,379,ok,0.6136818638672895,1.3905558586827356,-0.07199492102706075,0.09945385978847741,15.000000000001679,0.1902404580032453,
3801,380,ok,1.1779713972268444,1.0201037924435918,0.6537736879847129,0.10356953006528405,15.000000000001679,0.20936158299446106,
3802,380,ok,1.9589061278127158,0.04293622776535324,-0.08493885441247084,0.09616588064694265,15.000000000001679,0.17896004099748097,
3803,380,ok,2.1473098314728123,-0.1382055377889963,-0.1975261767672015,0.07796214810582346,15.000000000001679,0.2209910840028897,
3804,380,ok,1.626749309494882,0.3732514929795113,-0.0016158120824916098,0.08631048088787438,15.000000000001679,0.21998137500486337,
3805,380,ok,1.4789167684833693,0.5235119577311406,0.08472230602599756,0.09622472306334783,15.000000000001679,0.182850832992699,
3806,380,ok,2.1006425468151555,-0.09175544775510501,0.1930239785024191,0.1213737598066279,15.000000000001679,0.19084812499932013,
3807,380,ok,0.7378484428673144,1.2642790127427936,0.05599065592580852,0.0985108032552522,15.000000000001679,0.21554470801493153,
3808,380,ok,1.9962537117606325,0.006011704635412408,-0.09507659894594885,0.08005679352630117,15.000000000001679,0.20433012500870973,
3809,380,ok,0.8425650972103358,1.1575249036833732,-0.012314833468347835,0.09957916856438738,15.000000000001679,0.195395291026216,
3810,380,ok,1.1507465770588392,0.940752874538825,-0.44968123355869827,0.09491727923543829,15.000000000001679,0.18129458301700652,
3811,381,ok,1.9981471166207407,0.002481231112197871,-0.05010656245183415,0.0970959482041376,15.000000000001679,0.20246649999171495,
3812,381,ok,2.024278864037314,0.04850178976907427,-0.537921606606103,0.0927145243302057,15.000000000001679,0.2223980829876382,
3813,381,ok,2.446069663614378,-0.18583807877183195,-1.0978928420595624,0.10226467958662605,15.000000000001679,0.19025616699946113,
3814,381,ok,2.1828212234189466,0.12976150250521484,-1.1255738340493864,0.10363848272204562,15.000000000001679,0.21125466699595563,
3815,381,ok,1.6016021799535909,0.5868160687704244,-0.753684761254078,0.10125672329498557,15.000000000001679,0.22763770900201052,
3816,381,ok,2.1820968594518866,-0.1662999518068363,-0.2620901044135107,0.0875227089617624,15.000000000001679,0.2188378749997355,
3817,381,ok,1.998457560896108,0.01767876168267114,-0.2534465048464335,0.10134722947481847,15.000000000001679,0.29222575001767837,
3818,381,ok,2.230663595878692,-0.19070936021017162,-0.420300579426199,0.07794610986931903,15.000000000001679,0.24192883301293477,
3819,381,ok,1.6229432083952764,0.6155335118331573,-0.8468749617383452,0.0993582795305242,15.000000000001679,0.2169679589860607,
3820,381,ok,2.8450192821683773,-0.788660399491093,-0.5634783866485451,0.10298105325791573,15.000000000001679,0.2076667910150718,
3821,382,ok,1.9724085520985661,0.02772840203165783,0.023243068621951146,0.10490749281339089,15.000000000001679,0.2685712089878507,
3822,382,ok,1.5878806056655579,0.7609099470086936,-0.9929857292160951,0.10223673207324428,15.000000000001679,0.20017429199651815,
3823,382,ok,2.0074605771506593,0.04577846378113307,-0.45925608998948597,0.09936342503436084,15.000000000001679,0.19202820799546316,
3824,382,ok,0.9049059976511581,1.096689980371088,-0.053720322253799704,0.09584235296473544,15.000000000001679,0.19235004202346317,
3825,382,ok,1.6908030252230328,0.8810088932247695,-1.2675463593341683,0.1028065886734898,15.000000000001679,0.23678787500830367,
3826,382,ok,1.1962667697262988,1.0178610786987898,-0.6829768104530991,0.09820088198694972,15.000000000001679,0.22531020897440612,
3827,382,ok,1.8880361740352134,0.5961516728369667,-1.2624937499992146,0.10208082276918844,15.000000000001679,0.196958500018809,
3828,382,ok,1.405392951006494,0.6349143455510613,-0.3341713673498288,0.10305068878278564,15.000000000001679,0.18144020898034796,
3829,382,ok,1.1455637283430815,0.8680977308554235,0.17639021741769068,0.09897142508262499,15.000000000001679,0.20253758298349567,
3830,382,ok,1.8040398164103315,0.20104893131061244,-0.13540572977216805,0.10002586881736049,15.000000000001679,0.18115529202623293,
3831,383,ok,1.6745945475048092,0.3630270072656029,-0.3529678733128952,0.09948813079002794,15.000000000001679,0.1976390840136446,
3832,383,ok,1.9343243431744703,0.06807592795343019,-0.09633298731143917,0.08458372402028454,15.000000000001679,0.21746033400995657,
3833,383,ok,2.0444380266293813,-0.04317281337866808,0.07191452842463565,0.10416447473330877,15.000000000001679,0.19895099999848753,
3834,383,ok,0.7155833847635741,1.3386039739179156,-0.27315723902638944,0.09552737472567178,15.000000000001679,0.19853029199293815,
3835,383,ok,1.9888524895583282,0.19876705792677052,-0.8432639643744884,0.10061094564388971,15.000000000001679,0.24175387498689815,
3836,383,ok,2.1873826714697753,-0.09038221397745994,-0.6441623637973155,0.10383761823632275,15.000000000001679,0.2385615420062095,
3837,383,ok,0.9121189343755682,1.328631483763711,0.6174344223098562,0.10406698743803795,15.000000000001679,0.23864333401434124,
3838,383,ok,1.6014049203676044,0.527250487749778,-0.6288931492267237,0.09565655301416558,15.000000000001679,0.21822033301577903,
3839,383,ok,1.8937674870716454,0.19701341647625534,-0.5793053380757253,0.09373045209790926,15.000000000001679,0.21328958397498354,
3840,383,ok,0.883342825956835,1.1206867392776612,-0.08427774135117436,0.10341019074085715,15.000000000001679,0.24447262499597855,
3841,384,ok,1.5274493707613126,0.5244449866316832,-0.39476446491896416,0.09753665724149757,15.000000000001679,0.251841167017119,
3842,384,ok,2.0150442843997762,-0.015044176917819656,0.000658150281866684,0.07504277370289815,15.000000000001679,0.230225250008516,
3843,384,ok,2.229939850001627,-0.10725745838348005,-0.7294502990008812,0.09906325595907606,15.000000000001679,0.21051991599961184,
3844,384,ok,1.9617585558526118,0.045812585426850655,-0.17218646922692615,0.09609170687788332,15.000000000001679,0.24221608298830688,
3845,384,ok,2.4996283194883153,-0.3213642490714412,-0.9270435581573081,0.09942696156968157,15.000000000001679,0.19235216599190608,
3846,384,ok,2.02041680509744,-0.020345455702349483,0.016979574288300152,0.10104788300500697,15.000000000001679,0.2513823750196025,
3847,384,ok,0.9996952070056311,1.0101328598804427,-0.13983401525222722,0.09610759830465894,15.000000000001679,0.18991874999483116,
3848,384,ok,1.598856261413853,0.4276956834525585,-0.2901731910920891,0.09925775570252839,15.000000000001679,0.17975800001295283,
3849,384,ok,2.0810267419981794,-0.08093239028852689,-0.01981635586160416,0.10239731011902278,15.000000000001679,0.2016810410132166,
3850,384,ok,0.864778789798056,1.1755077307379462,0.26087325123841176,0.10063614699941015,15.000000000001679,0.22489487499115057,
3851,385,ok,1.1700711164125888,1.1786889381511987,-0.8333753998935871,0.10184728466856603,15.000000000001679,0.18015549998381175,
3852,385,ok,2.0049170970345083,0.04674168099330363,-0.4521885726247569,0.1033699084037172,15.000000000001679,0.21348929198575206,
3853,385,ok,1.925930332191358,0.09539582489053006,-0.2858156409476038,0.07991523813658473,15.000000000001679,0.19544895901344717,
3854,385,ok,2.233704892024578,-0.22544178783423852,-0.19195414456499854,0.08398225189385207,15.000000000001679,0.21730166699853726,
3855,385,ok,1.8398210409224294,0.23950938354994786,-0.5344289026729436,0.10168354111173183,15.000000000001679,0.20021458400879055,
3856,385,ok,1.333297784362434,0.9935035224163613,-0.8744414345154875,0.09951804720587276,15.000000000001679,0.20546425000065938,
3857,385,ok,0.8615252389372141,1.2667074616812322,0.45222537586013717,0.10473000062920658,15.000000000001679,0.19636133400490507,
3858,385,ok,2.641319115826219,-0.6399547570305988,-0.08488552562428887,0.10565891047929932,15.000000000001679,0.20026962499832734,
3859,385,ok,2.167738922537125,-0.16143480361850196,-0.16520177356512653,0.09320630276943624,15.000000000001679,0.2164030419953633,
3860,385,ok,2.589394233767816,-0.4112781736887713,-0.9437690750189692,0.10210987474955158,15.000000000001679,0.1997952909732703,
3861,386,ok,2.200369738438681,0.11345939745828182,-1.1325155808191962,0.09943950377182724,15.000000000001679,0.1709974170080386,
3862,386,ok,2.261869285525911,-0.13902691781566967,-0.735266284869293,0.1053706722920813,15.000000000001679,0.18843645800370723,
3863,386,ok,2.432987112821417,-0.40831021130345885,-0.34564174702512906,0.0984199947933469,15.000000000001679,0.20061683299718425,
3864,386,ok,2.104240524282872,-0.10386051654018122,0.03998888567511455,0.09703389561740182,15.000000000001679,0.1954612499976065,
3865,386,ok,1.6720979271944154,0.3436424222906933,-0.2288909192013045,0.09559429869537099,15.000000000001679,0.17601037499844097,
3866,386,ok,1.8491796079844713,0.17945668364072553,-0.32417164565269685,0.10267609191572562,15.000000000001679,0.19519262498943135,
3867,386,ok,2.010522319886665,-0.00977993085676203,-0.05463175164541992,0.09814445351642481,15.000000000001679,0.18020933301886544,
3868,386,ok,1.7545883410770167,0.630259175508758,-1.0965355992239603,0.09856156104470686,15.000000000001679,0.19870649999938905,
3869,386,ok,1.5415931021829945,0.4586799866865752,-0.029015672621743847,0.08735778473651055,15.000000000001679,0.2276550410024356,
3870,386,ok,2.1169914636412006,0.07486175152464787,-0.880622269413491,0.10279685454696853,15.000000000001679,0.1927039580186829,
3871,387,ok,2.1530061487953644,-0.15126232994447003,-0.08663639254111072,0.08584117230277652,15.000000000001679,0.21625537500949576,
3872,387,ok,1.0219464574171404,1.0015714340287671,0.21797926617013522,0.09744160667226616,15.000000000001679,0.19506979099242017,
3873,387,ok,1.139375128504012,0.9382436517373427,-0.41333901385845545,0.0981434827649649,15.000000000001679,0.19444875000044703,
3874,387,ok,1.6727559169960704,0.33002370841396733,-0.09639265213659334,0.08486701713308971,15.000000000001679,0.19210320798447356,
3875,387,ok,1.360978694498355,0.7560655720682353,-0.5521685846591786,0.10025440562975159,15.000000000001679,0.20256608299678192,
3876,387,ok,1.5050002478261015,0.7018110484172898,-0.7614008089995776,0.10354450064188193,15.000000000001679,0.18314170799567364,
3877,387,ok,1.7961302574023281,0.20428987120116182,-0.038846298220211926,0.0993013762101875,15.000000000001679,0.17980424998677336,
3878,387,ok,0.8435144022876111,1.1674958785720404,0.13584341968636895,0.10371000999039447,15.000000000001679,0.1865020000259392,
3879,387,ok,1.5961790954490649,0.411327200633735,-0.15461707959455773,0.08504231518480655,15.000000000001679,0.19480479098274373,
3880,387,ok,2.192044392137104,0.07726781659064624,-1.0526915825547503,0.10288293713572459,15.000000000001679,0.19718650000868365,
3881,388,ok,2.606968240960814,-0.5321872811624206,-0.6199282075350241,0.09991757262189907,15.000000000001679,0.1934665830049198,
3882,388,ok,0.995192637044632,1.0058676058654459,-0.04592567648002906,0.09245463920364025,15.000000000001679,0.19394262501737103,
3883,388,ok,2.2719017324229136,-0.16067668773653745,-0.7021493664870041,0.0924987203081719,15.000000000001679,0.1766891670122277,
3884,388,ok,1.351910382389861,0.664277567307082,-0.20858395147856798,0.10247674890647117,15.000000000001679,0.1892922919942066,
3885,388,ok,2.1173953943039923,0.059955749690609746,-0.8482874292721984,0.11032649117538257,15.000000000001679,0.19559449999360368,
3886,388,ok,1.5179920917325858,0.4913347915521189,-0.1680157117104891,0.10158073770449193,15.000000000001679,0.2041882500052452,
3887,388,ok,1.6263534056189073,0.3810787047547848,-0.15530370172591623,0.08731905811472157,15.000000000001679,0.19055754100554623,
3888,388,ok,0.8895831300323697,1.129068080345854,-0.18120633699109975,0.10049527450199909,15.000000000001679,0.17832516701309942,
3889,388,ok,1.5524035297757512,0.7283210129698117,-0.8903871479340241,0.09936543664002472,15.000000000001679,0.18000733299413696,
3890,388,ok,1.4255808603357332,0.5757721870707344,0.06209610482381397,0.09387507970459097,15.000000000001679,0.18604870900162496,
3891,389,ok,1.2343473591625678,0.7731014181632327,0.1354004171283617,0.09694484963892752,15.000000000001679,0.19112054200377315,
3892,389,ok,2.2308857587180206,-0.22872771008293175,0.09810230761490586,0.1012508544310754,15.000000000001679,0.20422341697849333,
3893,389,ok,2.1364005259073138,-0.08022592163029076,-0.4866901705134957,0.08258212820160944,15.000000000001679,0.20478241599630564,
3894,389,ok,2.251995238055595,-0.25079297107557535,-0.07357685493320049,0.09994399226707648,15.000000000001679,0.18978854099987075,
3895,389,ok,1.1302409894409036,0.9649846456031587,0.45407918954201565,0.09877645946332544,15.000000000001679,0.1873476250038948,
3896,389,ok,2.145993575153948,-0.14596072917616543,-0.011873223476551512,0.10107061759077766,15.000000000001679,0.22355062499991618,
3897,389,ok,1.8905052714216073,0.1341190649528429,-0.30413568929086926,0.1021636825089929,15.000000000001679,0.19076654201489873,
3898,389,ok,2.3072490621081694,-0.2646110824951546,-0.4415143028704177,0.10579510829045198,15.000000000001679,0.20340729199233465,
3899,389,ok,1.9800753624765361,0.020387452202831124,-0.042808897329728354,0.10042818321915241,15.000000000001679,0.19850658299401402,
3900,389,ok,1.7578288476577806,0.46969486345011885,-0.8649441870473088,0.09317497244772482,15.000000000001679,0.20093566700234078,
3901,390,ok,1.857303718778837,0.1498479520665393,-0.16283274645266746,0.09569181576812018,15.000000000001679,0.19132158299908042,
3902,390,ok,1.8336453402948316,0.5630972830437768,-1.1391074646357,0.10420301203585301,15.000000000001679,0.19153562499559484,
3903,390,ok,2.199028185777017,-0.1985182175406646,0.04735619266346621,0.09995804169091937,15.000000000001679,0.18242812500102445,
3904,390,ok,1.2676442154236387,0.9296613170975178,-0.6791884574840714,0.08483858811394276,15.000000000001679,0.2006285839888733,
3905,390,ok,0.5921192660663104,1.423873435348455,0.13668725891506958,0.09366802890671203,15.000000000001679,0.18214337498648092,
3906,390,ok,1.616396927682777,0.39115557705446663,0.15607258112613429,0.10663338056705612,15.000000000001679,0.19151891599176452,
3907,390,ok,1.3997096239238933,0.6041587816844451,-0.10399194467128091,0.09531761006864982,15.000000000001679,0.18918995902640745,
3908,390,ok,1.903145502093587,0.10752159768942576,-0.20121704432544352,0.09789503555190114,15.000000000001679,0.19545974998618476,
3909,390,ok,1.4581145033454577,0.5883376207535849,-0.36511262904304065,0.10430214154270542,15.000000000001679,0.18714104100945406,
3910,390,ok,2.0068531436208352,-0.002641625595455042,-0.12994637160468284,0.09345571092029789,15.000000000001679,0.1875368329929188,
3911,391,ok,2.1003441248724766,-0.09206694569520824,-0.18628295041643278,0.10215348326264946,15.000000000001679,0.19162429199786857,
3912,391,ok,2.088377665700081,-0.08790922020514762,-0.044230789923456276,0.10373354307966386,15.000000000001679,0.18440900000859983,
3913,391,ok,1.6807786517265613,0.33063457477611163,0.19554015742763356,0.12467831189450589,15.000000000001679,0.19600612501380965,
3914,391,ok,1.8964353303447044,0.10718821692457985,-0.11717728461812477,0.09815377286189864,15.000000000001679,0.18416891701053828,
3915,391,ok,0.949494777928758,1.0753083623430006,-0.21560544650170135,0.08921450232166395,15.000000000001679,0.1945888749905862,
3916,391,ok,0.7523045026209553,1.3804786675332994,0.4267966533168304,0.1040725989258023,15.000000000001679,0.1899638749891892,
3917,391,ok,1.0855723274364943,0.9680914645892437,0.33709353693346783,0.11253027505774676,15.000000000001679,0.19016254201414995,
3918,391,ok,1.9606044855365845,0.07410040791456837,-0.36726109229176934,0.09361947247675102,15.000000000001679,0.20601766699110158,
3919,391,ok,2.3837780850781627,-0.36625299271087525,-0.288521634172794,0.10383741895504735,15.000000000001679,0.19389279099414125,
3920,391,ok,1.8798960836330163,0.14072977312615073,0.277711196603986,0.0822484557107154,15.000000000001679,0.20830520798335783,
3921,392,ok,1.9496697732099473,0.05343666183762207,-0.11001543114793937,0.09835577408401673,15.000000000001679,0.19694200000958517,
3922,392,ok,2.202970891494943,-0.12606557103382157,-0.5769973452613564,0.08814871883017836,15.000000000001679,0.2134048749867361,
3923,392,ok,1.675314668422861,0.3289724415816871,-0.11977536157045092,0.07983548563536522,15.000000000001679,0.24303829099517316,
3924,392,ok,2.1732401209131447,-0.084166583445816,-0.6158102594098084,0.09650416594027116,15.000000000001679,0.22430204201373272,
3925,392,ok,1.9013307486783682,0.12110339050614932,-0.2912149493112551,0.1087284094066762,15.000000000001679,0.22362366699962877,
3926,392,ok,1.0614542554621502,0.9504168869515207,-0.1583048490797767,0.10306121182595845,15.000000000001679,0.2242610419925768,
3927,392,ok,0.8544107198671628,1.177536002505914,0.2314533452987264,0.09299170030082585,15.000000000001679,0.24281912500737235,
3928,392,ok,1.969784347150158,0.03368884518744829,-0.11692226792832645,0.10107203251601037,15.000000000001679,0.28533179199439473,
3929,392,ok,2.2046575301912927,-0.13240838906742744,-0.5597761049419935,0.09954328639278687,15.000000000001679,0.25280024998937733,
3930,392,ok,2.381297235732061,-0.381186827569617,0.02293070243360126,0.09620172559929217,15.000000000001679,0.21538658300414681,
3931,393,ok,1.7636920516958012,0.25407272495755073,0.2496950209311196,0.1518084840067351,15.000000000001679,0.2699348340102006,
3932,393,ok,1.5162365406027603,0.5070650546158537,-0.2647989726374749,0.1025529885644928,15.000000000001679,0.18187741600559093,
3933,393,ok,1.1937801865540516,1.0187206246726705,-0.6798543383447901,0.08802079075160434,15.000000000001679,0.2185961669893004,
3934,393,ok,1.7692069715560073,0.24254718428086997,-0.2035998740748136,0.10115664107326523,15.000000000001679,0.18510962498839945,
3935,393,ok,0.9089489727654247,1.150014819634857,0.3220456927998821,0.10429951426317566,15.000000000001679,0.1916870840068441,
3936,393,ok,1.2282655484816867,0.9202844149254158,-0.5855343823671392,0.09765587850766703,15.000000000001679,0.21171729199704714,
3937,393,ok,1.0699988152011901,1.0052009053317201,-0.3940459691192403,0.0924093781271992,15.000000000001679,0.2261874169926159,
3938,393,ok,0.9564053211863333,1.0473707468381617,-0.08490373615955595,0.0914715289371173,15.000000000001679,0.20061004199669696,
3939,393,ok,1.9507053772800953,0.049336921980468906,-0.012846205698473157,0.0994977253053799,15.000000000001679,0.19439687501289882,
3940,393,ok,1.6962045056252932,0.4489305918366898,-0.6865081324816653,0.09543386168746223,15.000000000001679,0.20175708300666884,
3941,394,ok,2.02839057245887,-0.008008382098542936,-0.28682861060573384,0.09739617598939034,15.000000000001679,0.20989166700746864,
3942,394,ok,1.6500803198758724,0.35024597995506235,-0.03281364635679585,0.11376354497827096,15.000000000001679,0.21532279200619087,
3943,394,ok,1.218626557418755,0.9787868766841902,-0.6649619862923399,0.1007747996632276,15.000000000001679,0.18982162501197308,
3944,394,ok,2.038572345551505,-0.03476063202354971,0.12460488920780448,0.07660593166477961,15.000000000001679,0.20884479201049544,
3945,394,ok,1.9909778131356541,0.009804021452230343,-0.055790853826743016,0.09439751120283736,15.000000000001679,0.20715833400026895,
3946,394,ok,1.9540919580273457,0.04686735886374858,-0.061223088416681816,0.0978583774620818,15.000000000001679,0.17652695899596438,
3947,394,ok,2.169225902601764,-0.16680778412822667,0.10239649974369334,0.0990495174791048,15.000000000001679,0.19548712502000853,
3948,394,ok,2.32902731203645,-0.21424921797467086,-0.7221278424976356,0.09272093441289936,15.000000000001679,0.19259304099250585,
3949,394,ok,1.5501778126340962,0.5480608609197577,-0.5430690445882143,0.10637412062166161,15.000000000001679,0.19233204098418355,
3950,394,ok,2.1574424880781886,-0.15436954372372635,-0.11510846380969356,0.08508820000534653,15.000000000001679,0.1921167500258889,
3951,395,ok,1.18376851775658,0.8199802165474079,-0.09413402303157052,0.10011221331693675,15.000000000001679,0.18456487500225194,
3952,395,ok,1.2263008934561603,0.9909537642571852,-0.6968784509687705,0.08511566806101703,15.000000000001679,0.19227516700630076,
3953,395,ok,2.0748817395406207,-0.07487453849529359,0.0054664964150693525,0.10053606663250485,15.000000000001679,0.21815645799506456,
3954,395,ok,1.6430260073989418,0.37423119952461303,-0.23750845961802894,0.10202297780785766,15.000000000001679,0.20299745799275115,
3955,395,ok,1.7982500888824704,0.21806004082429284,-0.2416471892215835,0.07495207450992468,15.000000000001679,0.21885158302029595,
3956,395,ok,2.0164858641914187,0.398310442204015,-1.2250737940757346,0.10519248445481379,15.000000000001679,0.19210041698534042,
3957,395,ok,1.8727329977963367,0.19380400670673698,-0.4947574303096595,0.1033656934002308,15.000000000001679,0.18490037499577738,
3958,395,ok,2.0771281006496443,-0.07694764684916325,-0.027379166461416603,0.07498094075069817,15.000000000001679,0.18881833300110884,
3959,395,ok,1.240469584944717,0.7777222152077298,-0.2116643757844452,0.1064778894416986,15.000000000001679,0.18100924999453127,
3960,395,ok,1.409712259074488,0.7503797571726345,-0.6524859401557802,0.11107540772529256,15.000000000001679,0.19796429201960564,
3961,396,ok,0.6043718749484407,1.4055358530495539,0.1089850504389108,0.10333320688620068,15.000000000001679,0.19551741701434366,
3962,396,ok,1.8427873237938677,0.17910147929871603,-0.28318491846007604,0.08893368904082452,15.000000000001679,0.19521941602579318,
3963,396,ok,2.034119125454715,-0.029648114404332307,-0.13479298288706543,0.11225001101254799,15.000000000001679,0.1904282910109032,
3964,396,ok,1.9920213798583288,0.008932563099329688,-0.06164121613397863,0.09936492869884672,15.000000000001679,0.18975383299402893,
3965,396,ok,1.9298004915744207,0.07441005736261515,0.12741000782759856,0.09487707015551582,15.000000000001679,0.1837228339863941,
3966,396,ok,1.6244391630238089,0.37611627984101215,-0.04247655551123788,0.08448918697120349,15.000000000001679,0.20678274999954738,
3967,396,ok,1.9752794785147656,0.10276869950081859,-0.5497657779889075,0.09739660789952527,15.000000000001679,0.1779665839858353,
3968,396,ok,1.342676187790854,0.6899945039588381,-0.2943891057809889,0.0947606400072446,15.000000000001679,0.2022922910109628,
3969,396,ok,1.9154012545715708,0.1978273189663712,-0.6487954945515655,0.10002767605692682,15.000000000001679,0.19246979200397618,
3970,396,ok,1.59721389186543,0.4030754155771989,0.030398816325267412,0.08926412138704828,15.000000000001679,0.19655412499560043,
3971,397,ok,2.0229402952656717,-0.022804775963945912,-0.023415305827913627,0.09940915629034712,15.000000000001679,0.17611991599551402,
3972,397,ok,2.061175453238808,-0.058671768340485035,0.10156180026006745,0.1056502511517199,15.000000000001679,0.20071783298044465,
3973,397,ok,1.4282107599320641,0.5908516137649897,0.23256569041238795,0.09333805821941253,15.000000000001679,0.19932291700388305,
3974,397,ok,1.9418080968419131,0.06077098424751411,-0.10004753582401475,0.09929662748897342,15.000000000001679,0.18120325001655146,
3975,397,ok,1.3523024787416842,0.7798276516336744,-0.5830106639617402,0.10261979259634815,15.000000000001679,0.21204562499769963,
3976,397,ok,1.7389801383787757,0.2698462961259515,-0.1749859498553468,0.10330788002666677,15.000000000001679,0.20286362498882227,
3977,397,ok,2.0602452611521778,0.08938942497512016,-0.7708292720850075,0.09930140950669744,15.000000000001679,0.20140308301779442,
3978,397,ok,1.4895665332755585,0.6358123657726948,-0.5981643216340087,0.10323478374180042,15.000000000001679,0.18829179200110957,
3979,397,ok,1.9391415914157129,0.49855955920905376,-1.227170205927341,0.1010411631434332,15.000000000001679,0.22870245898957364,
3980,397,ok,1.217058349472595,0.7866630450342204,0.0951023645096526,0.09741453275313897,15.000000000001679,0.23917187500046566,
3981,398,ok,2.0880161555592474,0.016939085193772564,-0.6536672502461072,0.10117671604988461,15.000000000001679,0.21486358300899155,
3982,398,ok,1.482813667740144,0.5704535682542882,-0.3938697408028204,0.09421498355884961,15.000000000001679,0.19177616699016653,
3983,398,ok,1.3486530028658088,0.7763300350079093,0.567006824399159,0.10134460456715602,15.000000000001679,0.19127608399139717,
3984,398,ok,2.006134593445175,-0.005986097433289114,-0.024408685376343192,0.09825839476327064,15.000000000001679,0.19805691699730232,
3985,398,ok,2.109137901148102,-0.10696333891422288,0.09575058501570934,0.10381566119824728,15.000000000001679,0.18425287498394027,
3986,398,ok,1.8540234910308155,0.14717700825034497,-0.06670881904179025,0.10257115849145731,15.000000000001679,0.21157237500301562,
3987,398,ok,1.7700662728237369,0.35787251223974376,-0.6607207610861828,0.09833741905122674,15.000000000001679,0.18760479101911187,
3988,398,ok,2.02830271538043,-0.017180958467676748,-0.2121152658698837,0.0978332129172804,15.000000000001679,0.21297729198704474,
3989,398,ok,1.641885350554324,0.4286959613160056,-0.47622591527579067,0.09429150536005124,15.000000000001679,0.19936358300037682,
3990,398,ok,2.01520430708592,-0.008990745754917588,0.15812837433156374,0.08111031274404967,15.000000000001679,0.2378892499837093,
3991,399,ok,2.133491355827262,0.050402794869361854,-0.8665195341920767,0.0938023542849779,15.000000000001679,0.17659587500384077,
3992,399,ok,2.1207168183507745,-0.12067743082351087,0.01292509309930219,0.09258348091625311,15.000000000001679,0.18629887499264441,
3993,399,ok,1.9277223076606915,0.08238987044619385,0.19719200411095952,0.07776077632301967,15.000000000001679,0.20004862500354648,
3994,399,ok,1.7945404152213384,0.6959946633221747,-1.2328606505921607,0.09810589747113152,15.000000000001679,0.1940487079846207,
3995,399,ok,0.9330647761351505,1.0799909469286442,-0.1555416945094974,0.09612718331812911,15.000000000001679,0.20195254200370982,
3996,399,ok,1.8929703419625388,0.11776875263264357,-0.20135105409134632,0.09715342493854248,15.000000000001679,0.19443120798678137,
3997,399,ok,1.5088233903045172,0.8408628136334084,-0.9658928544679057,0.09763624068937705,15.000000000001679,0.2036993330111727,
3998,399,ok,1.6978013739598148,0.31254576845345605,-0.18715694444903147,0.09762847391346868,15.000000000001679,0.24309299999731593,
3999,399,ok,1.6286596477493132,0.6379576786634974,-0.892957425130218,0.09554005848058914,15.000000000001679,0.21461754100164399,
4000,399,ok,1.0022277933783894,1.1894321665242398,0.5894406985902211,0.10045826516083153,15.000000000001679,0.20382854199851863,
4001,400,ok,1.2526124758121964,0.7495585029154885,-0.07371619177226707,0.10384732761974487,15.000000000001679,0.20855054099229164,
4002,400,ok,1.6343208655175803,0.7076756135730764,-1.0004510841177634,0.09949829993117433,15.000000000001679,0.22168862499529496,
4003,400,ok,1.8618438884698039,0.17249177677919109,-0.355916224823598,0.07500862381212738,15.000000000001679,0.2260603339818772,
4004,400,ok,0.7991220046405686,1.2016348099465857,-0.03477070047808362,0.10393154153154366,15.000000000001679,0.20569029200123623,
4005,400,ok,2.1073456167581064,-0.02391616611414416,-0.5870850883913062,0.10197759752805932,15.000000000001679,0.21051166599499993,
4006,400,ok,1.449717625711838,0.7525099463947441,-0.7385457064092412,0.0924587950319728,15.000000000001679,0.22082004099502228,
4007,400,ok,1.514533907288032,0.6312022529192087,-0.6482327390002015,0.09550528398845168,15.000000000001679,0.18090041700634174,
4008,400,ok,1.6917965029610809,0.3229440830677719,-0.22284267749680683,0.1054213302084164,15.000000000001679,0.19074099999852479,
4009,400,ok,1.4551492122291503,0.5730272799439767,-0.2849703248884529,0.10190142225695183,15.000000000001679,0.18092912502470426,
4010,400,ok,1.3629531062861027,0.8510239791710391,-0.7331406914740054,0.09976799129702467,15.000000000001679,0.18854833298246376,
4011,401,ok,1.682541050605451,0.3630094718435721,-0.38885266837021215,0.0986827167421355,15.000000000001679,0.18819566600723192,
4012,401,ok,1.9419805573170406,0.2891266511921941,-0.9188040429474433,0.10150705531568675,15.000000000001679,0.2030016669887118,
4013,401,ok,2.062614294249788,-0.052598393632915415,-0.20302108584855325,0.09290490748193964,15.000000000001679,0.18150416598655283,
4014,401,ok,2.085474000367442,-0.08304574415978543,-0.10060931341773215,0.08418789872631027,15.000000000001679,0.2001596670015715,
4015,401,ok,2.082597588405598,-0.08252948622084078,0.0168420382843994,0.09878799035198088,15.000000000001679,0.2092488750058692,
4016,401,ok,1.0974483196451064,0.9164894308498922,-0.1743492495879366,0.1052630975883857,15.000000000001679,0.196080499998061,
4017,401,ok,1.5876687068623259,0.7388204970214519,-0.9644263497108904,0.09589602655001625,15.000000000001679,0.19977433298481628,
4018,401,ok,1.4404150341426503,0.7425586705520082,-0.702592893203624,0.1006334180814156,15.000000000001679,0.19350229101837613,
4019,401,ok,1.5537723505108036,0.5629947539116628,-0.5909521469006308,0.09652930772785986,15.000000000001679,0.25332366599468514,
4020,401,ok,0.9326242736005913,1.0730128822120093,-0.10238612779153392,0.100470318393135,15.000000000001679,0.27965812498587184,
4021,402,ok,1.865370532627564,0.38084937722168033,-0.9262604842871264,0.10017225624078663,15.000000000001679,0.24387729199952446,
4022,402,ok,1.8688539888123161,0.21188007873397904,-0.5433621063998699,0.10328677790048164,15.000000000001679,0.20350708399200812,
4023,402,ok,2.0825990382666943,-0.003937844626925139,-0.56696725572237,0.0956393959214409,15.000000000001679,0.18443674998707138,
4024,402,ok,1.2378293941983798,0.775568601976366,0.18162973510803987,0.08491404542014483,15.000000000001679,0.2059808750054799,
4025,402,ok,2.173171717655673,-0.17186846800665412,-0.0752507282153276,0.07795550943278014,15.000000000001679,0.20042762497905642,
4026,402,ok,1.4577866765644183,0.5902525210121374,-0.3711523135534761,0.09369770105823297,15.000000000001679,0.18751550000160933,
4027,402,ok,2.0694198288745795,-0.05675852952790668,0.2285667940745019,0.0785124060297966,15.000000000001679,0.19586900001741014,
4028,402,ok,1.973824747410893,0.22691683870924167,-0.8672717201885731,0.10445485136130053,15.000000000001679,0.2088745830114931,
4029,402,ok,2.257967867423315,-0.25644442958670105,0.08293025083370147,0.10141537948100586,15.000000000001679,0.18630845900042914,
4030,402,ok,0.7903362526869843,1.209842071906347,0.01678812026554048,0.09403038394746893,15.000000000001679,0.2114943329943344,
4031,403,ok,1.560811498693306,0.516725006757673,-0.48582695363186507,0.09325586010222071,15.000000000001679,0.19202808299451135,
4032,403,ok,2.010424967733986,0.03305117438587494,-0.41583755037684256,0.07718077241267335,15.000000000001679,0.18786908299080096,
4033,403,ok,2.0929836401003645,-0.08128467830811771,-0.2209855324849263,0.09815918382540825,15.000000000001679,0.19426762498915195,
4034,403,ok,1.7600310209642291,0.4209752144722693,-0.7774251870408438,0.08948490189783187,15.000000000001679,0.20811183299520053,
4035,403,ok,1.1272109195189888,0.8736802435704695,-0.04481365148441561,0.09570795189354948,15.000000000001679,0.18491487498977222,
4036,403,ok,1.5983932565798098,0.5692926927495787,-0.7126974138160305,0.09699130337756728,15.000000000001679,0.17445550000411458,
4037,403,ok,1.6356541874712278,0.3890609999288066,-0.28326693954958065,0.1011746852542026,15.000000000001679,0.18539500000770204,
4038,403,ok,2.35757452320326,-0.15691946352765235,-0.9517647084824383,0.10217817461900854,15.000000000001679,0.1831234580022283,
4039,403,ok,2.220492540572739,-0.22041891174437814,0.018082563620498388,0.098698795948589,15.000000000001679,0.19916133300284855,
4040,403,ok,2.048800609719819,-0.04735964941326283,-0.0768271068224221,0.10102679973081499,15.000000000001679,0.22165166697232053,
4041,404,ok,1.3639354330153048,0.7510703072894828,-0.5481737754587136,0.08295505820982654,15.000000000001679,0.2265179160167463,
4042,404,ok,1.621329237444559,0.5051936867233628,-0.627903322161034,0.09091733878362368,15.000000000001679,0.21603095898171887,
4043,404,ok,2.0598613600133997,-0.05828245754576096,0.0806358942136529,0.09188375329191044,15.000000000001679,0.1875045000051614,
4044,404,ok,1.4762062088264292,1.0421054425470706,-1.123219830567354,0.09431523394231245,15.000000000001679,0.19248891700408421,
4045,404,ok,2.1254187767475745,-0.12495179288991105,0.044551705299675025,0.07730643483838787,15.000000000001679,0.18266962500638328,
4046,404,ok,0.9927665982870179,1.1834156945418985,-0.5646021526295194,0.10612769844400909,15.000000000001679,0.1963754160096869,
4047,404,ok,1.8870628066574735,0.16064456926440313,-0.4216368528644632,0.10271128288793147,15.000000000001679,0.1768156670150347,
4048,404,ok,1.7350755059127494,0.3059139832250363,-0.3749127618338973,0.11507395890207982,15.000000000001679,0.1830834159918595,
4049,404,ok,1.8928812102642867,0.12935321219964563,-0.28927473353856376,0.10104934175351915,15.000000000001679,0.2178328329755459,
4050,404,ok,1.8319705367575176,0.20793456810726418,-0.380286123021508,0.07904612754903263,15.000000000001679,0.21021658400422893,
4051,405,ok,1.7221001451510822,0.28113424033680545,-0.10549601976779695,0.08915588587596757,15.000000000001679,0.17818858299870044,
4052,405,ok,2.0216447847560266,-0.021582260103957567,0.015899728432181744,0.1024834873381112,15.000000000001679,0.18615533399861306,
4053,405,ok,0.8426383607330804,1.2502298647269523,-0.3845570844901556,0.10189472497702298,15.000000000001679,0.2048984580032993,
4054,405,ok,2.0738531055511515,-0.07378035529927782,0.017370704618907447,0.1111560798914887,15.000000000001679,0.18533741700230166,
4055,405,ok,2.0279732065820615,0.04517116731571245,-0.5397402722800249,0.10062155037465476,15.000000000001679,0.21913670800859109,
4056,405,ok,2.1252059476272622,0.13538659814295453,-1.0196652300855342,0.09498124971664164,15.000000000001679,0.18686654101475142,
4057,405,ok,1.6892334468695414,0.41496407772328514,-0.5840982478274996,0.08092093994994314,15.000000000001679,0.19733458300470375,
4058,405,ok,2.226547615334804,-0.14158940235794953,-0.6091872577961756,0.0944192977214228,15.000000000001679,0.20423183400998823,
4059,405,ok,1.6276281191098234,0.3931187994965603,0.2590484541270345,0.1193948046051693,15.000000000001679,0.18594450000091456,
4060,405,ok,2.142664946377546,-0.13381443545629734,-0.19454826515138893,0.09341971516868715,15.000000000001679,0.20820666701183654,
4061,406,ok,1.43405496107718,0.5674150250437537,0.06491472036205449,0.09165958129513074,15.000000000001679,0.19656487499014474,
4062,406,ok,1.3434121239998273,0.6720256754144541,0.20307714827446946,0.08411000233593316,15.000000000001679,0.22589616701588966,
4063,406,ok,1.904279599167042,0.23760148235656292,-0.7212712782386428,0.10126738329566462,15.000000000001679,0.22999491600785404,
4064,406,ok,1.8025069348668352,0.23813853747912103,-0.38062506108613253,0.10338402274787896,15.000000000001679,0.19449608301511034,
4065,406,ok,0.783458950642151,1.2192222786135254,0.06476169491176881,0.09880176952563736,15.000000000001679,0.1963781249942258,
4066,406,ok,0.7115616121765175,1.3163212582094355,0.19723920996322014,0.0908396757883625,15.000000000001679,0.2023625840083696,
4067,406,ok,2.283531834402854,-0.28088855421485737,0.10984098498703368,0.09306808463339482,15.000000000001679,0.20127816600142978,
4068,406,ok,1.6094481478329183,0.6932807061929115,-0.9395786437308562,0.10243659270461963,15.000000000001679,0.17831024999031797,
4069,406,ok,1.648314437381482,0.35629420395104283,-0.12317361939675145,0.07863878236812984,15.000000000001679,0.20244679099414498,
4070,406,ok,1.3204654754024316,0.7726911674906676,-0.48717768973378583,0.10267852921433913,15.000000000001679,0.1792952090036124,
4071,407,ok,1.9966368525026084,0.00509222528035621,-0.08307641743986022,0.0787082867169948,15.000000000001679,0.24782104199402966,
4072,407,ok,2.19795382784987,0.05225633472047372,-1.0184771198821174,0.09818717978725355,15.000000000001679,0.23956404201453552,
4073,407,ok,2.525992442606867,-0.3316582774449021,-0.9716004823638572,0.10307914508212733,15.000000000001679,0.18352062499616295,
4074,407,ok,1.58030615984476,0.8842804255302319,-1.1191681687701325,0.09292312271616406,15.000000000001679,0.1756887499941513,
4075,407,ok,1.8163713043985041,0.1953670519129838,-0.20616653006995986,0.09708418997989976,15.000000000001679,0.17755716701503843,
4076,407,ok,1.7234424155864028,0.2922759646625468,0.23223345791048264,0.10373129024306388,15.000000000001679,0.17820491699967533,
4077,407,ok,1.8178379093163903,0.21202188616272283,-0.3281294393782386,0.10274561053190513,15.000000000001679,0.1936127920052968,
4078,407,ok,2.2416510005783614,-0.24016864481369224,0.08150859578936868,0.10041962581169576,15.000000000001679,0.1883026669966057,
4079,407,ok,1.6646146089534009,0.5700719032770262,-0.8522015222606077,0.10116396309115412,15.000000000001679,0.21358354200492613,
4080,407,ok,1.4079716360799204,0.592743680624692,-0.044875155529857096,0.09566712908266624,15.000000000001679,0.1930397909891326,
4081,408,ok,1.4108808123024348,0.6139540539529105,-0.26355512131166525,0.10058861668818245,15.000000000001679,0.20479370901011862,
4082,408,ok,2.0188975553079174,-0.018896437359360124,0.0021246284308607216,0.09864992315984177,15.000000000001679,0.17454995898879133,
4083,408,ok,1.4315571681003427,0.733015006047056,-0.6664119976692584,0.09711426958928356,15.000000000001679,0.21964829199714586,
4084,408,ok,1.5585583676729922,0.46227095330212253,-0.25395583156355966,0.0864156106937088,15.000000000001679,0.21165837501757778,
4085,408,ok,1.822612627956819,0.5885403644435392,-1.1531255303662673,0.1011436746533892,15.000000000001679,0.19176412498927675,
4086,408,ok,2.0869973670535007,-0.04792928494063616,-0.40192493574146204,0.09876793978810658,15.000000000001679,0.20935491600539535,
4087,408,ok,2.457243704424921,-0.41405659675233153,-0.4586691297792561,0.10557352191183576,15.000000000001679,0.1937064579979051,
4088,408,ok,1.1174456951268106,0.8943942028215177,0.16223656432128267,0.10115421084431639,15.000000000001679,0.20874841598561034,
4089,408,ok,2.368594364053365,-0.14021122489168525,-1.0147586778505502,0.10333395631771224,15.000000000001679,0.20178137501352467,
4090,408,ok,1.217829143900128,0.8138249204943021,-0.2758559488069268,0.09988424797031745,15.000000000001679,0.20375570800388232,
4091,409,ok,2.0307029177642413,-0.03062797229515146,-0.01744644229305378,0.10154033438035338,15.000000000001679,0.18107787502231076,
4092,409,ok,1.205499440572168,0.8018007816498416,-0.13246710672796905,0.09876144666159643,15.000000000001679,0.20445320798899047,
4093,409,ok,1.888486937737398,0.37536380966617905,-0.9627773174843621,0.09708743059629323,15.000000000001679,0.20644312500371598,
4094,409,ok,1.5940558442932784,0.6176705701555227,-0.793838385385463,0.09961659853256635,15.000000000001679,0.2041355000110343,
4095,409,ok,1.769722273604321,0.2302788624151502,-0.002005212365817116,0.07835513716742273,15.000000000001679,0.2140670419903472,
4096,409,ok,1.4570021949462055,0.608697374735842,-0.432588026892935,0.09982157345197093,15.000000000001679,0.20001295901602134,
4097,409,ok,2.141494382644024,-0.11359640343424517,-0.34454090364676854,0.09213767440174682,15.000000000001679,0.1977951249864418,
4098,409,ok,1.1178271550724943,1.1453865444749274,-0.7205368764004804,0.10817702107043352,15.000000000001679,0.18557975001749583,
4099,409,ok,1.8713858145748483,0.27314592698820167,-0.721151771484014,0.10149508137280264,15.000000000001679,0.20050925001851283,
4100,409,ok,2.13565533197792,-0.1346298272262888,-0.06617550696130216,0.08037930707239539,15.000000000001679,0.1873447080142796,
4101,410,ok,2.0375857303202243,0.3348587164736214,-1.1743339023892339,0.09950884181785591,15.000000000001679,0.17611762500018813,
4102,410,ok,2.2858796379397983,-0.28574487735904497,-0.02482085362486107,0.10345907404558881,15.000000000001679,0.17239308400894515,
4103,410,ok,0.7561122329919978,1.2682489293618897,-0.19038403163113385,0.09245472027572878,15.000000000001679,0.18919766700128093,
4104,410,ok,1.8247890988678332,0.4220757551569199,-0.9165207760238029,0.09653327169613475,15.000000000001679,0.17084883301868103,
4105,410,ok,1.4926931052013315,0.908273976123864,-1.01797200114109,0.09874889614118106,15.000000000001679,0.18704741599503905,
4106,410,ok,1.0476059378359823,0.9781058447788108,0.2306740915533857,0.08393790484909121,15.000000000001679,0.17507141700480133,
4107,410,ok,1.980995816599616,0.028752208182785025,-0.1962818601932777,0.10376604738849188,15.000000000001679,0.1809987090236973,
4108,410,ok,1.9559522413853283,0.05620836792339365,-0.21776882616493232,0.10375160231320264,15.000000000001679,0.17608329199720174,
4109,410,ok,1.9325225211202532,0.08415167869792696,0.25331502995481453,0.11232904845701122,15.000000000001679,0.1821173749922309,
4110,410,ok,1.7046584594248433,0.3396181192423868,-0.38599543176116896,0.09872515870715186,15.000000000001679,0.1856397080118768,
4111,411,ok,1.6285804917397335,0.4559022746248187,-0.517722544000571,0.08817747280078457,15.000000000001679,0.18990358398878016,
4112,411,ok,0.7259299754962245,1.331436250276926,0.2828371295996547,0.09373985394847711,15.000000000001679,0.18190674998913892,
4113,411,ok,1.9883633855869247,0.16627352310388832,-0.7687887623221811,0.10103107765925205,15.000000000001679,0.19025804099510424,
4114,411,ok,1.3112019811182412,0.9270568733529169,-0.753686726876082,0.10339976515045464,15.000000000001679,0.1763304999913089,
4115,411,ok,1.6880327765610958,0.3120133867581166,0.012483920087812444,0.07518968625524737,15.000000000001679,0.18893712499993853,
4116,411,ok,1.486011688156299,0.734862964053508,-0.7795248665781344,0.09614360901329072,15.000000000001679,0.1932643750042189,
4117,411,ok,1.2192297416369315,0.7839715944172276,-0.0882954115901787,0.08808302666692748,15.000000000001679,0.19021437500487082,
4118,411,ok,2.0047708876401207,0.006151202722328085,-0.20898154350022918,0.10389511904770053,15.000000000001679,0.18891850000363775,
4119,411,ok,1.580188090584832,0.7656868733463512,-0.9866435562028625,0.09900033869742972,15.000000000001679,0.18223362500430085,
4120,411,ok,2.087790962285957,-0.08770241866173689,-0.019227930644161874,0.07830862032428607,15.000000000001679,0.18866454201634042,
4121,412,ok,0.9763736216696738,1.0465414784164646,-0.21029098105266966,0.10391433806213722,15.000000000001679,0.18045466698822565,
4122,412,ok,2.0674312070930063,-0.06392840284401571,-0.1202968993606886,0.07732068974962258,15.000000000001679,0.19087379198754206,
4123,412,ok,1.41100487010527,0.7007350339140109,-0.5503138117132479,0.09631857042222482,15.000000000001679,0.1864586669835262,
4124,412,ok,0.7427293261202469,1.3074760763627236,0.2684352195019645,0.10320283541879166,15.000000000001679,0.17392745800316334,
4125,412,ok,1.719534223818016,0.3146380529671667,-0.34110563521455317,0.10708982584403662,15.000000000001679,0.19102720799855888,
4126,412,ok,1.3997296610326022,0.7157537121024677,-0.5567356607905154,0.10555950274296783,15.000000000001679,0.1894666669832077,
4127,412,ok,2.380774012715425,-0.37655287507818036,-0.14170861504771418,0.1012272847411822,15.000000000001679,0.19500195898581296,
4128,412,ok,2.4415255936920377,-0.4388841835769607,-0.11353926083694203,0.10727748253102551,15.000000000001679,0.17413216701243073,
4129,412,ok,1.8125036136824213,0.1923817339127028,-0.13298704342675388,0.09980983155068979,15.000000000001679,0.18627683399245143,
4130,412,ok,1.946678055359534,0.14310037822953198,-0.5843622557002373,0.09506274491751415,15.000000000001679,0.19159537501400337,
4131,413,ok,1.0100197766427395,0.9924257503831587,-0.07024301188380414,0.10829941588807829,15.000000000001679,0.19198762500309385,
4132,413,ok,1.7699018930602852,0.274219712067659,-0.3927277795656273,0.09773949988908225,15.000000000001679,0.18216912500793114,
4133,413,ok,1.9217990847713378,0.23766809380554876,-0.7664841646355023,0.10264026531050023,15.000000000001679,0.17728045798139647,
4134,413,ok,1.5857537285066297,0.5858006721475091,-0.7173946951115826,0.10284735562146669,15.000000000001679,0.17104741701041348,
4135,413,ok,1.2394488141342326,1.1420597479117702,-0.8945232734286683,0.10050647035996448,15.000000000001679,0.1829862089944072,
4136,413,ok,2.187216350090321,-0.05017240790251935,-0.762042295399417,0.09990027714608087,15.000000000001679,0.17613991600228474,
4137,413,ok,2.039199306123225,-0.005982503681363098,-0.36656241626453123,0.09363811816024444,15.000000000001679,0.1842939589987509,
4138,413,ok,1.8878926852611828,0.11986527042597021,-0.1709742369840226,0.08245227110721234,15.000000000001679,0.1895622499869205,
4139,413,ok,1.476997075666328,0.6176927456237917,-0.5203335622711585,0.10674523810964254,15.000000000001679,0.17961695897975005,
4140,413,ok,1.4568021737690597,0.5633550651961506,-0.24150342606410563,0.08483736832342008,15.000000000001679,0.20813204199657775,
4141,414,ok,2.102902870616004,-0.08652645280180492,-0.2619309928270159,0.09544088763181957,15.000000000001679,0.1744118329952471,
4142,414,ok,1.3621101676160956,0.7244391422769747,-0.4777955702683396,0.08274681079478616,15.000000000001679,0.19216833400423639,
4143,414,ok,1.5670766170210746,0.7043214467861865,-0.8814455231924291,0.09339321584798278,15.000000000001679,0.18668474999140017,
4144,414,ok,1.9554544210898763,0.049193512882716964,0.13474436085072022,0.08847561666430606,15.000000000001679,0.1891055000014603,
4145,414,ok,1.0035040091691272,1.000406238817581,0.08850202835922252,0.09899243718892595,15.000000000001679,0.18772870799875818,
4146,414,ok,2.2993316466158484,-0.20390907278327197,-0.6555233176880332,0.09984790730537837,15.000000000001679,0.1796657920058351,
4147,414,ok,1.863710825052881,0.8571234914497304,-1.472158729764979,0.09345895257166445,15.000000000001679,0.17538308299845085,
4148,414,ok,1.2477059266644366,1.1262959369638246,-0.8907363749548117,0.10277596359059969,15.000000000001679,0.17969000001903623,
4149,414,ok,2.2651712107592212,-0.11174093206072963,-0.8194820619828579,0.10122753555851763,15.000000000001679,0.2575905830017291,
4150,414,ok,1.9347503125666912,0.07864712089240193,-0.22729251180329987,0.09930408092747964,15.000000000001679,0.20102704101009294,
4151,415,ok,1.5560657943522171,0.4480968315151384,-0.1137423052326766,0.09441032724236958,15.000000000001679,0.17951487499522045,
4152,415,ok,1.8188727551127215,0.24081693219074576,-0.4621396252482173,0.10930242324053673,15.000000000001679,0.19238166700233705,
4153,415,ok,1.3597322579071398,1.135186483360918,-1.0492708871552632,0.10141412399148397,15.000000000001679,0.19598283400409855,
4154,415,ok,1.2534141882409477,0.7582305000709173,-0.17045713927433448,0.10019557302327249,15.000000000001679,0.18334716602112167,
4155,415,ok,2.1870072665850566,-0.1701178316430469,-0.27127362732252575,0.08411109157111799,15.000000000001679,0.21370337501866743,
4156,415,ok,1.5339302179924121,0.5653380480174643,-0.5428508056583405,0.09411994312817018,15.000000000001679,0.19633924998925067,
4157,415,ok,1.1141206243046085,1.0038914462617226,0.49903157682688554,0.09849409854899731,15.000000000001679,0.1696652500249911,
4158,415,ok,2.4846195062392527,-0.43100914843886134,-0.513350378388046,0.10228579241681438,15.000000000001679,0.18525829099235125,
4159,415,ok,0.8397856039361161,1.1602747466006456,-0.01006773965382326,0.09093392594178609,15.000000000001679,0.19018287499784492,
4160,415,ok,2.215667005390495,-0.2114356903147424,-0.13686660066737077,0.09185594826935257,15.000000000001679,0.1898568750184495,
4161,416,ok,1.3116775109690975,0.9554987848996405,-0.7934198790274661,0.09705616162874782,15.000000000001679,0.18131424998864532,
4162,416,ok,2.094999948395564,-0.04989691447522946,-0.43237417106292364,0.09570838535931837,15.000000000001679,0.17868475001887418,
4163,416,ok,0.804361608212424,1.2128748226104236,0.16562473210696763,0.09688683375958712,15.000000000001679,0.1783877499983646,
4164,416,ok,1.6938117332181708,0.3470819957835994,-0.36994629194629625,0.0884198919990133,15.000000000001679,0.1763321670005098,
4165,416,ok,1.8875443863118169,0.12363111497461647,-0.20509416765440291,0.0940289370336594,15.000000000001679,0.17250979199889116,
4166,416,ok,1.6822202263973285,0.711929031220528,-1.0820065015922,0.09736278823924727,15.000000000001679,0.1766891670122277,
4167,416,ok,1.3991050537309437,0.6499637373927761,-0.3672833252694523,0.10031648033338804,15.000000000001679,0.202743375004502,
4168,416,ok,1.0867561100179328,1.0583062438483959,-0.5424497324973001,0.1018129410007036,15.000000000001679,0.17340137501014397,
4169,416,ok,1.839380466976722,0.20605392346612267,-0.40629789168073754,0.09994499763214017,15.000000000001679,0.1780928749940358,
4170,416,ok,1.7045138071125203,0.3614501239261302,-0.4695972979644625,0.09913407612091445,15.000000000001679,0.17658133298391476,
4171,417,ok,2.04181357813872,-0.04133589192758243,0.044164060047317565,0.10430408070941014,15.000000000001679,0.17078695900272578,
4172,417,ok,2.042943283896179,-0.04281780366603984,0.022642487530349257,0.10133319966965233,15.000000000001679,0.17707020899979398,
4173,417,ok,1.6870919778993432,0.31310101243395094,0.025517594732969624,0.08873909479754201,15.000000000001679,0.17978033298277296,
4174,417,ok,1.8059528571438908,0.2062585584359814,-0.20966011314033664,0.09528481954244133,15.000000000001679,0.17276424998999573,
4175,417,ok,1.90895572944129,0.1278738055563309,-0.37316951783953645,0.10044418224565704,15.000000000001679,0.17021845901035704,
4176,417,ok,1.6749667023381154,0.37548906717633057,-0.40801676813311555,0.09856803814853217,15.000000000001679,0.18185116699896753,
4177,417,ok,2.255956168639464,-0.2355899063245957,-0.30245000506205133,0.07636252215814747,15.000000000001679,0.1964595419995021,
4178,417,ok,1.8285147755398454,0.24057539440865475,-0.49788687631556533,0.10262630989888613,15.000000000001679,0.19075520799378864,
4179,417,ok,2.0531265337246656,-0.052684214583855284,0.0426154746837541,0.09912360522320621,15.000000000001679,0.23474312500911765,
4180,417,ok,1.952146422609911,0.048288231055366414,0.04119255116744477,0.07575858223429784,15.000000000001679,0.19548875000327826,
4181,418,ok,0.8820442203891041,1.120184804297955,-0.06266760034974002,0.09047377969197692,15.000000000001679,0.19964208401506767,
4182,418,ok,1.7093894776826166,0.517177333306093,-0.8504406655086637,0.0955626179009841,15.000000000001679,0.19102558298618533,
4183,418,ok,1.908740952005184,0.11213128684268749,0.2815026531729482,0.08511777060178344,15.000000000001679,0.17388924999977462,
4184,418,ok,1.9922131095194031,0.04783497394504986,0.39744783907935044,0.08159634309264423,15.000000000001679,0.20631537502049468,
4185,418,ok,1.495203114296087,0.7954376026558426,-0.8858113703860513,0.09606828968774431,15.000000000001679,0.17966495899599977,
4186,418,ok,1.819664574156564,0.5823008639592944,-1.1407490180183484,0.0962066617288543,15.000000000001679,0.1954678750189487,
4187,418,ok,1.7416970473875257,0.5662790932056033,-0.9889150450362654,0.10336207800052107,15.000000000001679,0.1766910000005737,
4188,418,ok,0.9223765108201082,1.2329253161650113,-0.5122253968050875,0.10442471415912723,15.000000000001679,0.18339983400073834,
4189,418,ok,1.3933284463855868,0.6836230703652375,-0.4566354548571852,0.10109883506456029,15.000000000001679,0.18412662501214072,
4190,418,ok,1.5632318931854559,0.9431809255599293,-1.151879939825248,0.09602909405343159,15.000000000001679,0.18049170900485478,
4191,419,ok,1.9883604568779865,0.01587295775020934,-0.12968109611324377,0.07607267630222597,15.000000000001679,0.20572970798821189,
4192,419,ok,2.0587537232698963,-0.055311341700335005,0.1190049652562033,0.08333625563737636,15.000000000001679,0.18352049999521114,
4193,419,ok,1.9379405591817673,0.33282155371390704,-0.9879927323421107,0.10424225127439771,15.000000000001679,0.17273862499860115,
4194,419,ok,2.0014446414881912,0.0010711246048952842,-0.10031950983461017,0.09578637066248011,15.000000000001679,0.18695408300845884,
4195,419,ok,2.052694966006724,-0.047812481757170615,-0.1414943922170917,0.09568612621293072,15.000000000001679,0.18851229100255296,
4196,419,ok,1.629541006100717,0.3706163319865508,-0.022644049434114282,0.07889851062237739,15.000000000001679,0.1814060829929076,
4197,419,ok,1.7904226669687433,0.41997519664094435,-0.8421015064501696,0.10855054470864589,15.000000000001679,0.1766537499788683,
4198,419,ok,1.5234507890338318,0.5236643317663977,-0.375945875504769,0.10046369490296389,15.000000000001679,0.17802358302287757,
4199,419,ok,2.0479293257703937,-0.047912937009792544,-0.008193032302166713,0.09903131055531794,15.000000000001679,0.17193595800199546,
4200,419,ok,0.6518070028088873,1.410119826025897,0.27729722188111927,0.0984247284902432,15.000000000001679,0.17675816698465496,
4201,420,ok,1.0441935315483586,1.0982512504775543,-0.5264877245122992,0.10056106027089917,15.000000000001679,0.18363704200601205,
4202,420,ok,1.8267486156752597,0.4296631331383168,-0.9333020033443136,0.09220890424227705,15.000000000001679,0.17560125002637506,
4203,420,ok,1.6573205313911756,0.44986220343045463,-0.5863310970921156,0.10150051980465326,15.000000000001679,0.18835987499915063,
4204,420,ok,2.186292874616258,-0.15419939979359346,-0.37323113418730675,0.10120790130791239,15.000000000001679,0.19233579200226814,
4205,420,ok,1.3300025915471645,1.079376773348817,-0.9598748710496271,0.09781756652217048,15.000000000001679,0.19485833297949284,
4206,420,ok,1.8167044182946996,0.26137278667927477,-0.5268684433063842,0.09593713700951868,15.000000000001679,0.18464575000689365,
4207,420,ok,2.1776110202363155,-0.17760824369571862,0.0034774190277352614,0.10001427575869959,15.000000000001679,0.1922625830047764,
4208,420,ok,1.9746397600647936,0.04623866424355703,0.28638928913621364,0.08388199101159512,15.000000000001679,0.1992057909956202,
4209,420,ok,0.9241832818140966,1.0887629231144098,0.15414839633832966,0.10303599221316853,15.000000000001679,0.18343470798572525,
4210,420,ok,2.4604716512299385,-0.3742031386730179,-0.6458174686560971,0.08790173002720861,15.000000000001679,0.19583529199007899,
4211,421,ok,1.3989615839916278,0.6516584477223041,-0.37291898836843523,0.1024388329476829,15.000000000001679,0.18707837499096058,
4212,421,ok,1.744151453823496,0.26569309323106255,-0.18505093084925264,0.09543693193748524,15.000000000001679,0.1902702910010703,
4213,421,ok,1.879696053319598,0.12278673286443201,-0.09657951416051216,0.10052584624786663,15.000000000001679,0.1714922080282122,
4214,421,ok,1.5488555178885188,0.5918385679870721,-0.6450075942847588,0.07546269084503045,15.000000000001679,0.1932340410130564,
4215,421,ok,1.5668609090290198,0.4435380283404583,-0.18021997397885162,0.09120117309703439,15.000000000001679,0.17535991701879539,
4216,421,ok,0.6540132414664148,1.4179721256220978,0.29828991511706865,0.10535335995271583,15.000000000001679,0.18622129198047332,
4217,421,ok,2.03597533615328,-0.027579958969066766,0.18470267840900134,0.07925873962223945,15.000000000001679,0.1853661669883877,
4218,421,ok,1.5590486383337012,0.4418554202823817,0.05308601875046432,0.09222385418750496,15.000000000001679,0.18331633298657835,
4219,421,ok,1.189764403299354,0.817118569523267,-0.12779224073309733,0.09369976166250386,15.000000000001679,0.18586520900134929,
4220,421,ok,2.201466009356103,-0.20091406576726814,-0.04929366549647624,0.10687327197684167,15.000000000001679,0.18424191701342352,
4221,422,ok,1.842185474933561,0.1858672339821432,-0.32026493925590815,0.08117017562223504,15.000000000001679,0.20440141699509695,
4222,422,ok,1.6789079701798928,0.3773277783028035,-0.4308907440011357,0.09158808743134196,15.000000000001679,0.19028737500775605,
4223,422,ok,2.4373366000112475,-0.2464687496146821,-0.9455093118309497,0.10082533446139003,15.000000000001679,0.17990745799033903,
4224,422,ok,2.4008349048062483,-0.39847354177751726,-0.10645613899273479,0.09424553769601696,15.000000000001679,0.18385662502259947,
4225,422,ok,1.3382904741830413,0.9145572743395299,-0.7828380947551283,0.10525029728991243,15.000000000001679,0.18235733298934065,
4226,422,ok,2.027380352047323,-0.019355738724170846,0.18020402978092526,0.08954371831172814,15.000000000001679,0.18850670801475644,
4227,422,ok,2.6887771622859966,-0.6460671885118366,-0.47733747214292815,0.09925158689168095,15.000000000001679,0.18344954098574817,
4228,422,ok,1.4303483146108085,0.7805054773725427,-0.7474820468690938,0.09874833924324695,15.000000000001679,0.17048870801227167,
4229,422,ok,1.6376406861575528,0.3802159707244739,-0.2411777673470795,0.09869659292079058,15.000000000001679,0.19413837499450892,
4230,422,ok,1.1128448656764318,0.9237448922176676,-0.2830170278178258,0.09709965063609932,15.000000000001679,0.1798087919887621,
4231,423,ok,2.1283777650519453,-0.08298191112732171,-0.4372393722938096,0.09055976890804784,15.000000000001679,0.18511074999696575,
4232,423,ok,1.987226767802986,0.3148302246869004,-1.0532203259735828,0.09501352846539539,15.000000000001679,0.18368954097968526,
4233,423,ok,2.068630328469163,-0.06589038309025443,-0.10643477306613314,0.09379554740042645,15.000000000001679,0.20277266699122265,
4234,423,ok,1.0411948700561078,0.9801080193771828,0.2095402235667953,0.10226258604041587,15.000000000001679,0.17068824998568743,
4235,423,ok,2.4594780784080132,-0.37648303278544,-0.6335304357743906,0.09920459682558279,15.000000000001679,0.18696462499792688,
4236,423,ok,1.6154778148031383,0.5215950440352783,-0.6512198985750302,0.10236914560808238,15.000000000001679,0.169713250012137,
4237,423,ok,1.756170094966778,0.4940703618516008,-0.9034983826227103,0.10003377583722076,15.000000000001679,0.2016856250120327,
4238,423,ok,1.9502864317863573,0.05149496213964968,-0.08333836717140677,0.09128298263461157,15.000000000001679,0.20835033399634995,
4239,423,ok,2.2359720684890028,-0.1664297392783445,-0.5533111925791419,0.09251290081458291,15.000000000001679,0.18144683400169015,
4240,423,ok,1.6398020837486345,0.39964577672918433,-0.35751536180369564,0.11153093491144343,15.000000000001679,0.19153408301644959,
4241,424,ok,1.9696826921579895,0.031146198525955442,0.05713682007207136,0.08798870707166319,15.000000000001679,0.18777554199914448,
4242,424,ok,2.141591460842843,0.2284715247040449,-1.2033706188745725,0.10384469875334497,15.000000000001679,0.20230462498147972,
4243,424,ok,0.7797480464006473,1.2379719609992061,0.16528848611512742,0.09963710669071701,15.000000000001679,0.20223166700452566,
4244,424,ok,2.390809772513173,-0.3853140214884284,-0.16201354028349477,0.09401773557473452,15.000000000001679,0.19039479197817855,
4245,424,ok,1.77778098806408,0.3123048103580609,-0.5587398217252423,0.10355474630291375,15.000000000001679,0.17170937499031425,
4246,424,ok,1.9363923571613462,0.06453111060561362,-0.05979581138621189,0.07622227712274246,15.000000000001679,0.17415208302554674,
4247,424,ok,1.557557828806437,0.48847634506512416,-0.3758758181215394,0.10284897277873194,15.000000000001679,0.18979583302279934,
4248,424,ok,2.1988987007602216,-0.19559945684182767,0.12040980575045106,0.09997842579851578,15.000000000001679,0.1636058749863878,
4249,424,ok,1.9269306393660803,0.5459579151549365,-1.2644458487524062,0.10329738963309135,15.000000000001679,0.1822092079964932,
4250,424,ok,0.5993530884942456,1.4010214448848524,0.02118525902039264,0.10020563335699843,15.000000000001679,0.17195616700337268,
4251,425,ok,2.054999710410349,-0.05496298971498993,0.012284978154131303,0.10205269999032035,15.000000000001679,0.18020291699212976,
4252,425,ok,1.9171084630198565,0.08291098967778325,-0.008636288794373642,0.08396753297907229,15.000000000001679,0.19439587500528432,
4253,425,ok,2.0756844327052053,-0.026142467871491794,-0.4507910425711125,0.08738267611475481,15.000000000001679,0.18058995800674893,
4254,425,ok,1.9170419936502703,0.28495056612528924,-0.8565368904983816,0.10029817153420309,15.000000000001679,0.18594583397498354,
4255,425,ok,1.7598004277863508,0.38308845878588393,-0.6946183221925655,0.10228415225075217,15.000000000001679,0.1894618330115918,
4256,425,ok,1.7477172327742194,0.7863113912102988,-1.2575672891062708,0.09902128482699557,15.000000000001679,0.17571524999220856,
4257,425,ok,1.7149454648782096,0.2851320106316976,0.016301121012217083,0.08853549876899292,15.000000000001679,0.17260537500260398,
4258,425,ok,1.7168660243873977,0.32375020153723066,-0.3712351799726336,0.10373315010954932,15.000000000001679,0.18121100001735613,
4259,425,ok,2.350289208321014,-0.33600966584899594,-0.25868553073235145,0.10990122002071973,15.000000000001679,0.17979587501031347,
4260,425,ok,2.109009860650376,-0.04497498498828383,-0.5157517843814868,0.09279410516301294,15.000000000001679,0.18882916698930785,
4261,426,ok,1.6051822558178597,0.5644917534989928,-0.7182799931921506,0.09736327618720228,15.000000000001679,0.1806572920177132,
4262,426,ok,2.2282769662338096,-0.1505454917781815,-0.583414369072865,0.09593592552027053,15.000000000001679,0.1748645839979872,
4263,426,ok,2.010957985771589,-0.010925941957811356,-0.011352378588481411,0.09102701251308258,15.000000000001679,0.18023462500423193,
4264,426,ok,1.6789986364979406,0.4087322948135862,-0.5356337478097395,0.0822238923986874,15.000000000001679,0.18193854202399962,
4265,426,ok,2.0064576153792153,-0.00645751313969205,0.0006405298814636567,0.09512414092480995,15.000000000001679,0.18855058299959637,
4266,426,ok,1.1938262936814001,1.0556685930995187,-0.7303830593780404,0.1028410578836185,15.000000000001679,0.1689985829871148,
4267,426,ok,1.8973199552525184,0.1131688062196248,-0.19922614983164882,0.09993722758185945,15.000000000001679,0.16821487501147203,
4268,426,ok,1.47075448699013,0.5402117285248451,-0.1792678539648963,0.09620403463966322,15.000000000001679,0.1958597920020111,
4269,426,ok,2.1231759596455513,-0.10030594020393667,-0.31079110856146636,0.10215708281894315,15.000000000001679,0.1779404160042759,
4270,426,ok,1.8985935987224456,0.33542562303452644,-0.9131537639739826,0.09975436827269737,15.000000000001679,0.1767692079884,
4271,427,ok,2.0160151852819554,-0.010640041942138873,0.147118486351477,0.09993904678347607,15.000000000001679,0.18194145799498074,
4272,427,ok,2.3141247792798314,-0.22091976732242422,-0.6501452769907955,0.09466407691471715,15.000000000001679,0.17994899998302571,
4273,427,ok,1.8633917175775443,0.1411243066410691,-0.12965280473612725,0.09824345386508095,15.000000000001679,0.1823624579992611,
4274,427,ok,1.9935128899619354,0.009914059618511564,-0.11684002884420645,0.07498920523025195,15.000000000001679,0.1967727089941036,
4275,427,ok,1.3730879280404618,1.0673547430362598,-1.0077416746336767,0.10157044765589429,15.000000000001679,0.18210079200798646,
4276,427,ok,1.7920697594234702,0.23278220210421863,0.29741431949467373,0.07497245031526385,15.000000000001679,0.18664695901679806,
4277,427,ok,1.8949322076167268,0.11695060681806535,-0.21187981097865205,0.09409520371405813,15.000000000001679,0.17756554199149832,
4278,427,ok,1.7511618454836413,0.6553540206278976,-1.1218266351072754,0.10094892921325278,15.000000000001679,0.17080966700450517,
4279,427,ok,1.6982822437698462,0.33228118608912927,-0.3207437251633483,0.09767942578384119,15.000000000001679,0.17182499999762513,
4280,427,ok,1.8581896542824705,0.14184486687410872,-0.011326628814824585,0.09902501568359583,15.000000000001679,0.17894645800697617,
4281,428,ok,1.7311037407264633,0.6243505962348096,-1.050861017964617,0.0980328433559047,15.000000000001679,0.20884091698098928,
4282,428,ok,1.977230529611093,0.023732040494754744,0.06168889251022657,0.09180890961564168,15.000000000001679,0.1784648750035558,
4283,428,ok,1.5744109822048697,0.46383617148721673,-0.3449211980384082,0.1039354521216161,15.000000000001679,0.17629529198165983,
4284,428,ok,1.5049251385823634,0.49507568330442125,-0.0015728176914317161,0.07689308409654913,15.000000000001679,0.1860089169931598,
4285,428,ok,1.9161593124956677,0.0840717939285896,0.02975936900972771,0.10096865051164941,15.000000000001679,0.17926974999136291,
4286,428,ok,2.512685476864857,-0.4184603815928862,-0.681643373262856,0.09626856623886229,15.000000000001679,0.1907013749878388,
4287,428,ok,1.9846418828862586,0.03102893988746281,-0.24891036086435847,0.10354933543899957,15.000000000001679,0.17867200000910088,
4288,428,ok,1.9027347396461005,0.3851985800251024,-1.0063875314724282,0.09534942894430527,15.000000000001679,0.19479133299319074,
4289,428,ok,1.6215426033874996,0.4091500072477129,-0.3140011387889511,0.10258856570526434,15.000000000001679,0.16741733299568295,
4290,428,ok,1.0489130313859916,0.9514271560595142,-0.026712138849443505,0.11245905153377157,15.000000000001679,0.1763798749889247,
4291,429,ok,2.415761479172414,-0.4056384140559607,-0.22092384450668137,0.10547757610908658,15.000000000001679,0.17641775001538917,
4292,429,ok,1.3378502931242138,0.7096578596295551,-0.35335614837832363,0.09746225330363549,15.000000000001679,0.180397542018909,
4293,429,ok,1.8062343124214466,0.1951120465896949,0.06972708944833968,0.09742895653302566,15.000000000001679,0.1829251250019297,
4294,429,ok,2.2330496275122176,-0.01995013662738075,-0.9520042460364763,0.09833697665131456,15.000000000001679,0.18012554102460854,
4295,429,ok,1.7929725402187973,0.2517479619781475,-0.3979514311207913,0.10681280916490933,15.000000000001679,0.1708967080048751,
4296,429,ok,1.6046867636043058,0.4960287410675283,-0.5595445126099782,0.10166664549951399,15.000000000001679,0.17125591699732468,
4297,429,ok,1.5254515636921049,0.5968774196436049,-0.5985394704317331,0.0838799051824227,15.000000000001679,0.2367114170046989,
4298,429,ok,0.883023535774139,1.1314537786417065,0.15924203620681368,0.10800964415945902,15.000000000001679,0.19853041600435972,
4299,429,ok,1.975384057564283,0.15383975002981085,-0.7027335955460919,0.08514361880947804,15.000000000001679,0.19336183401173912,
4300,429,ok,1.2287367458848062,0.8187788257556573,-0.33839404280276403,0.10355028048394312,15.000000000001679,0.17113645901554264,
4301,430,ok,1.6150877534356594,0.8536198399207735,-1.137682284240452,0.10063918456254099,15.000000000001679,0.17915579202235676,
4302,430,ok,0.9088466093034792,1.0996260151196604,-0.12380971929993605,0.09652785306988756,15.000000000001679,0.17696333301137201,
4303,430,ok,1.741950898410969,0.586733932927216,-1.018367299227252,0.09557245715097623,15.000000000001679,0.17937299999175593,
4304,430,ok,1.9845080912587127,0.023890903583063876,-0.182387508699307,0.07498211935940309,15.000000000001679,0.19341104201157577,
4305,430,ok,2.2630003247173813,-0.24828619773587765,-0.2576424707638939,0.0782981996675144,15.000000000001679,0.19906279200222343,
4306,430,ok,1.5097267357391362,0.6813577460550467,-0.7351580936890524,0.08892992254515761,15.000000000001679,0.20884854102041572,
4307,430,ok,1.6983219592558758,0.34310716656254014,-0.37283188677244605,0.09600603273411983,15.000000000001679,0.1899527919886168,
4308,430,ok,1.9781929740040844,0.021931379350484375,-0.022180495955834593,0.09548584436692859,15.000000000001679,0.18788391698035412,
4309,430,ok,2.3210812157972924,-0.057536232966485065,-1.0742265405197937,0.10512317087566407,15.000000000001679,0.19925745800719596,
4310,430,ok,1.3863263093212725,0.6716958537720065,-0.39687369657091476,0.10171954553626196,15.000000000001679,0.18880712499958463,
4311,431,ok,1.7477744010874765,0.26397090242307564,0.20228279576606845,0.07646130990055691,15.000000000001679,0.19851604200084694,
4312,431,ok,2.0827580659034757,-0.08247110068333206,-0.03457276246902009,0.10415250256997263,15.000000000001679,0.1830338750150986,
4313,431,ok,2.2817957517842467,0.0900707278977977,-1.248503916064258,0.09958430176117192,15.000000000001679,0.19178487500175834,
4314,431,ok,1.1218777202619012,0.9356638816948942,-0.3546804850724959,0.09194175931390665,15.000000000001679,0.1995817499991972,
4315,431,ok,1.6729979856340806,0.3854813483779131,-0.438465259171226,0.10214976806977312,15.000000000001679,0.180858250008896,
4316,431,ok,2.4909690217654954,-0.4655449199132202,-0.35498579589254076,0.10208831616522294,15.000000000001679,0.20142079098150134,
4317,431,ok,0.8722628455679527,1.1278511446939254,-0.014101274644723135,0.11063754912019702,15.000000000001679,0.18414741699234582,
4318,431,ok,1.6679341480823175,0.38486026524983435,-0.4163267461624957,0.07968508378751593,15.000000000001679,0.2055960830184631,
4319,431,ok,1.8205537322235537,0.2198717241800646,-0.3815222320382579,0.10017007482599459,15.000000000001679,0.1819434579811059,
4320,431,ok,1.5157077713114824,0.4854359470124574,-0.05887085367113992,0.09092664538657814,15.000000000001679,0.19146133301546797,
4321,432,ok,1.97872446790134,0.03917370734103615,-0.265538641046355,0.07584970820815225,15.000000000001679,0.2039790420094505,
4322,432,ok,1.1490139415418004,1.0870921441807375,-0.6977336774449837,0.10188717508853845,15.000000000001679,0.18366754200542346,
4323,432,ok,1.4412360415108894,0.5968665338949368,-0.3292078426252473,0.10919686698514093,15.000000000001679,0.1986022079945542,
4324,432,ok,1.0177495521768203,1.005432136106948,0.21598359907022982,0.10407601870897588,15.000000000001679,0.17359854202368297,
4325,432,ok,2.085769680566303,0.15617258846018048,-0.9750567351821258,0.10075693512754694,15.000000000001679,0.1752575000282377,
4326,432,ok,1.8024009302044988,0.19765192205387377,0.013802866584417253,0.09931474217874064,15.000000000001679,0.1985247920092661,
4327,432,ok,1.9699816943222908,0.03337121271456792,-0.11488728817913046,0.08861644879761302,15.000000000001679,0.18429741699947044,
4328,432,ok,1.1227910724689565,1.0209868973591514,-0.5497209631017621,0.09635737433636823,15.000000000001679,0.17956195800798014,
4329,432,ok,1.7552165238528583,0.3611043819876532,-0.6283360556788379,0.09832277339603457,15.000000000001679,0.17405208401032723,
4330,432,ok,1.65085706548695,0.5713860939969352,-0.8272794922170198,0.09447933762643763,15.000000000001679,0.191125125013059,
4331,433,ok,1.790935072193703,0.2207044113343773,-0.20385200751652843,0.10946861970964496,15.000000000001679,0.19535887500387616,
4332,433,ok,2.164789340426742,-0.15797740372280716,-0.17159957298030404,0.076280584408473,15.000000000001679,0.20617712501552887,
4333,433,ok,2.0972301006037113,0.08679157841893718,-0.8590737049110229,0.10099784238597836,15.000000000001679,0.19386775000020862,
4334,433,ok,2.057192131796112,0.005887039051637928,-0.5055224684438738,0.09705431925197869,15.000000000001679,0.17125066698645242,
4335,433,ok,2.014967039682593,-0.01445058401254242,0.0456181496639132,0.08021994068485781,15.000000000001679,0.1853723750100471,
4336,433,ok,1.4252967788735138,0.588300414367072,-0.19640567148388038,0.09829627295385593,15.000000000001679,0.18161175001296215,
4337,433,ok,1.759863313671407,0.33790457429610005,-0.5784096114871163,0.09785286253576818,15.000000000001679,0.18733812498976476,
4338,433,ok,1.738217888684301,0.26343583998066106,-0.07580466132393629,0.07943284226709589,15.000000000001679,0.20200233301147819,
4339,433,ok,2.444501131522958,-0.43256487233448093,-0.2412756181244844,0.10129112769726313,15.000000000001679,0.18878050000057556,
4340,433,ok,1.21832926827662,0.9007121148336319,-0.5252545587292873,0.1013615850199954,15.000000000001679,0.18516487500164658,
4341,434,ok,2.0491879091692042,-0.034850634377479976,-0.2419793025422263,0.09022227296682665,15.000000000001679,0.18233741700532846,
4342,434,ok,0.9649893289834682,1.1379256009036154,-0.4336267236628431,0.10218690750502042,15.000000000001679,0.16684404201805592,
4343,434,ok,2.1706111232131673,-0.1593377809999739,-0.22093663291278273,0.07499388999982512,15.000000000001679,0.1904635000100825,
4344,434,ok,2.332837859355154,-0.13519435401057067,-0.9397220592505637,0.09809109198105231,15.000000000001679,0.1747516250179615,
4345,434,ok,1.6122848313141225,0.3943522029129124,0.1461421533815298,0.09281783617367706,15.000000000001679,0.18304554198402911,
4346,434,ok,1.205759114300827,0.8090382144466162,-0.1883217116293569,0.09023943836322583,15.000000000001679,0.1700458750128746,
4347,434,ok,1.741810081221348,0.3316049484869056,-0.5003601814002966,0.09966521111852872,15.000000000001679,0.17882749999989755,
4348,434,ok,2.001573898788482,-0.00117983486610931,0.039715750484867265,0.07734655115223159,15.000000000001679,0.19693691699649207,
4349,434,ok,1.8024264980476954,0.3390994153990319,-0.700107512412659,0.09959242163495649,15.000000000001679,0.18158820900134742,
4350,434,ok,1.8247728320630963,0.19922633305009563,0.29497472612982834,0.08449290138117165,15.000000000001679,0.19952241599094123,
4351,435,ok,1.1482076875508462,0.8570939743162913,-0.11021211460965342,0.09668085330876501,15.000000000001679,0.1818692089873366,
4352,435,ok,1.37135860546307,1.028782380372417,-0.9681739307079835,0.0916667569176437,15.000000000001679,0.20444237501942553,
4353,435,ok,1.6052221363753827,0.39627030733505725,-0.06920390143883547,0.09521767022227247,15.000000000001679,0.1866720000107307,
4354,435,ok,1.6057327577295115,0.41158694436799115,0.23520555678683847,0.09266129462709694,15.000000000001679,0.2177161249855999,
4355,435,ok,2.0363319995129205,-0.03458166758896282,-0.08441238150416402,0.09730051523821519,15.000000000001679,0.1707000829919707,
4356,435,ok,2.10061561602628,-0.10058282745939336,0.01173674896083765,0.07728942875466346,15.000000000001679,0.19309033401077613,
4357,435,ok,1.93336876092129,0.12481360137549281,-0.47073425212106074,0.08854745202166667,15.000000000001679,0.1886645419872366,
4358,435,ok,2.039414412612505,-0.03919256009794876,0.03008071164020349,0.10046962242532045,15.000000000001679,0.1842557080090046,
4359,435,ok,1.8926332577961573,0.4596145016098334,-1.099669570764497,0.10174832927439388,15.000000000001679,0.1745399589999579,
4360,435,ok,1.1778550150461975,0.8692169235067552,0.3296544712057627,0.0927150016594862,15.000000000001679,0.19818504201248288,
4361,436,ok,1.6926346873659388,0.3479409752479397,-0.3683926758360717,0.09023760208557008,15.000000000001679,0.2241446249827277,
4362,436,ok,1.4810529009510482,0.5946262536856973,-0.4673781430341146,0.0979886085768047,15.000000000001679,0.19362974999239668,
4363,436,ok,1.2471110116471809,0.925420856602187,-0.6329024726970793,0.09581370554186276,15.000000000001679,0.19470541598275304,
4364,436,ok,2.0878613246622395,-0.08500470399888527,0.10918010497742314,0.09630047647110525,15.000000000001679,0.21386820799671113,
4365,436,ok,1.3346669052449434,0.9658341711687002,-0.8437042055328309,0.10194526077592996,15.000000000001679,0.17659887499758042,
4366,436,ok,1.9075790255619494,0.13310265041800817,-0.3918571485728059,0.11062286490230804,15.000000000001679,0.19298354198690504,
4367,436,ok,1.9148163852147826,0.09049955529195516,-0.14258275052328576,0.09928341847104706,15.000000000001679,0.1833355420094449,
4368,436,ok,2.298370826603363,-0.2129090296085831,-0.62092035178292,0.09361726176949471,15.000000000001679,0.20118416598415934,
4369,436,ok,2.0068275538983715,-0.006152462033030973,-0.052049305130131916,0.10137407304675886,15.000000000001679,0.201860792003572,
4370,436,ok,1.5677380456408723,1.0147446398357158,-1.2194566228519192,0.09534065628507395,15.000000000001679,0.1948702080117073,
