method,seed,eval_index,generation,fitness,best_so_far,n_nodes
random_search,9,0,0,22.07907545067406,22.07907545067406,21
random_search,9,1,0,20.760681686165903,20.760681686165903,21
random_search,9,2,0,21.04939015319192,20.760681686165903,21
random_search,9,3,0,20.088409872672514,20.088409872672514,21
random_search,9,4,0,20.11245154965971,20.088409872672514,21
random_search,9,5,0,21.693743884534264,20.088409872672514,21
random_search,9,6,0,22.619392214170773,20.088409872672514,21
random_search,9,7,0,20.870828693386972,20.088409872672514,21
random_search,9,8,0,19.27979589711327,19.27979589711327,21
random_search,9,9,0,21.06767050061961,19.27979589711327,21
random_search,9,10,0,21.43130005674953,19.27979589711327,21
random_search,9,11,0,20.227566688249706,19.27979589711327,21
random_search,9,12,0,20.810693864511038,19.27979589711327,21
random_search,9,13,0,19.76023252670426,19.27979589711327,21
random_search,9,14,0,20.257583690279024,19.27979589711327,21
random_search,9,15,0,20.145906043549196,19.27979589711327,21
random_search,9,16,0,18.62736184954957,18.62736184954957,21
random_search,9,17,0,22.097617696340304,18.62736184954957,21
random_search,9,18,0,21.344994432064368,18.62736184954957,21
random_search,9,19,0,21.537211521390788,18.62736184954957,21
random_search,9,20,0,23.57967389859482,18.62736184954957,21
random_search,9,21,0,20.80787840283389,18.62736184954957,21
random_search,9,22,0,20.366431913239847,18.62736184954957,21
random_search,9,23,0,21.615167380558045,18.62736184954957,21
random_search,9,24,0,21.75306852353742,18.62736184954957,21
random_search,9,25,0,21.0,18.62736184954957,21
random_search,9,26,0,19.922497216032184,18.62736184954957,21
random_search,9,27,0,22.457066051117284,18.62736184954957,21
random_search,9,28,0,19.760681686165903,18.62736184954957,21
random_search,9,29,0,22.469817807045693,18.62736184954957,21
random_search,9,30,0,20.7131126469709,18.62736184954957,21
random_search,9,31,0,22.06859590355097,18.62736184954957,21
random_search,9,32,0,18.171779788708136,18.171779788708136,21
random_search,9,33,0,20.667156809750924,18.171779788708136,21
random_search,9,34,0,20.020465053408525,18.171779788708136,21
random_search,9,35,0,21.049545416973505,18.171779788708136,21
random_search,9,36,0,21.493468988235943,18.171779788708136,21
random_search,9,37,0,21.80199920063936,18.171779788708136,21
random_search,9,38,0,19.492838827718412,18.171779788708136,21
random_search,9,39,0,20.47156333832011,18.171779788708136,21
random_search,9,40,0,20.493468988235943,18.171779788708136,21
random_search,9,41,0,20.20332963783729,18.171779788708136,21
random_search,9,42,0,22.56859590355097,18.171779788708136,21
random_search,9,43,0,20.015167380558044,18.171779788708136,21
random_search,9,44,0,21.90831891575846,18.171779788708136,21
random_search,9,45,0,21.44948974278318,18.171779788708136,21
random_search,9,46,0,23.22654919008431,18.171779788708136,21
random_search,9,47,0,20.054065922853802,18.171779788708136,21
random_search,9,48,0,20.213594362117867,18.171779788708136,21
random_search,9,49,0,20.577902338672775,18.171779788708136,21
random_search,9,50,1,20.531300056749533,18.171779788708136,21
random_search,9,51,1,20.660107523773828,18.171779788708136,21
random_search,9,52,1,20.009980079602226,18.171779788708136,21
random_search,9,53,1,20.099999999999998,18.171779788708136,21
random_search,9,54,1,21.024845673131658,18.171779788708136,21
random_search,9,55,1,20.420526275297412,18.171779788708136,21
random_search,9,56,1,21.67681974534503,18.171779788708136,21
random_search,9,57,1,20.767491648096545,18.171779788708136,21
random_search,9,58,1,19.880624847486573,18.171779788708136,21
random_search,9,59,1,20.23205080756888,18.171779788708136,21
random_search,9,60,1,21.5153393661244,18.171779788708136,21
random_search,9,61,1,21.72654919008431,18.171779788708136,21
random_search,9,62,1,21.167156809750924,18.171779788708136,21
random_search,9,63,1,19.50830459735946,18.171779788708136,21
random_search,9,64,1,19.843559577416272,18.171779788708136,21
random_search,9,65,1,19.16770782520313,18.171779788708136,21
random_search,9,66,1,22.20199920063936,18.171779788708136,21
random_search,9,67,1,21.26397674405503,18.171779788708136,21
random_search,9,68,1,21.957066051117284,18.171779788708136,21
random_search,9,69,1,21.53315017762062,18.171779788708136,21
random_search,9,70,1,19.117935662402836,18.171779788708136,21
random_search,9,71,1,20.896662954709576,18.171779788708136,21
random_search,9,72,1,20.70199920063936,18.171779788708136,21
random_search,9,73,1,21.359591794226542,18.171779788708136,21
random_search,9,74,1,21.994438717061495,18.171779788708136,21
random_search,9,75,1,21.856349099818896,18.171779788708136,21
random_search,9,76,1,19.372004514666937,18.171779788708136,21
random_search,9,77,1,19.362873883832776,18.171779788708136,21
random_search,9,78,1,19.80787840283389,18.171779788708136,21
random_search,9,79,1,22.22074368738204,18.171779788708136,21
random_search,9,80,1,20.802172886644268,18.171779788708136,21
random_search,9,81,1,20.672004514666934,18.171779788708136,21
random_search,9,82,1,21.24131112314674,18.171779788708136,21
random_search,9,83,1,20.009980079602226,18.171779788708136,21
random_search,9,84,1,21.49615099714943,18.171779788708136,21
random_search,9,85,1,21.020465053408525,18.171779788708136,21
random_search,9,86,1,21.777154105707726,18.171779788708136,21
random_search,9,87,1,20.690890230020663,18.171779788708136,21
random_search,9,88,1,18.30990195135928,18.171779788708136,21
random_search,9,89,1,21.435415650406263,18.171779788708136,21
random_search,9,90,1,20.920465053408524,18.171779788708136,21
random_search,9,91,1,20.57364413533277,18.171779788708136,21
random_search,9,92,1,21.16405499221705,18.171779788708136,21
random_search,9,93,1,21.380697580112788,18.171779788708136,21
random_search,9,94,1,19.983239697419133,18.171779788708136,21
random_search,9,95,1,21.08679622641132,18.171779788708136,21
random_search,9,96,1,22.003569153775235,18.171779788708136,21
random_search,9,97,1,21.51662062579967,18.171779788708136,21
random_search,9,98,1,19.53072757526625,18.171779788708136,21
random_search,9,99,1,21.00454076850486,18.171779788708136,21
random_search,9,100,2,21.26397674405503,18.171779788708136,21
random_search,9,101,2,21.549444375840398,18.171779788708136,21
random_search,9,102,2,20.760681686165903,18.171779788708136,21
random_search,9,103,2,20.28790581563873,18.171779788708136,21
random_search,9,104,2,21.417935662402833,18.171779788708136,21
random_search,9,105,2,20.055294535724684,18.171779788708136,21
random_search,9,106,2,21.987475490101847,18.171779788708136,21
random_search,9,107,2,22.894438717061494,18.171779788708136,21
random_search,9,108,2,19.911871208194288,18.171779788708136,21
random_search,9,109,2,21.00554700852678,18.171779788708136,21
random_search,9,110,2,20.41547594742265,18.171779788708136,21
random_search,9,111,2,20.43095064303001,18.171779788708136,21
random_search,9,112,2,21.007878402833892,18.171779788708136,21
random_search,9,113,2,20.507878402833892,18.171779788708136,21
random_search,9,114,2,20.029822128134704,18.171779788708136,21
random_search,9,115,2,20.29283882771841,18.171779788708136,21
random_search,9,116,2,20.867156809750927,18.171779788708136,21
random_search,9,117,2,21.66794833886788,18.171779788708136,21
random_search,9,118,2,21.683281572999746,18.171779788708136,21
random_search,9,119,2,22.196150997149434,18.171779788708136,21
random_search,9,120,2,21.5,18.171779788708136,21
random_search,9,121,2,20.11245154965971,18.171779788708136,21
random_search,9,122,2,22.109243436828812,18.171779788708136,21
random_search,9,123,2,22.213594362117867,18.171779788708136,21
random_search,9,124,2,20.80384048104053,18.171779788708136,21
random_search,9,125,2,20.372004514666937,18.171779788708136,21
random_search,9,126,2,19.588409872672514,18.171779788708136,21
random_search,9,127,2,21.24131112314674,18.171779788708136,21
random_search,9,128,2,19.563818169698585,18.171779788708136,21
random_search,9,129,2,20.659126028197402,18.171779788708136,21
random_search,9,130,2,21.14575131106459,18.171779788708136,21
random_search,9,131,2,22.059591794226545,18.171779788708136,21
random_search,9,132,2,22.674021572639983,18.171779788708136,21
random_search,9,133,2,22.03315017762062,18.171779788708136,21
random_search,9,134,2,21.971750305430742,18.171779788708136,21
random_search,9,135,2,20.380972058177587,18.171779788708136,21
random_search,9,136,2,22.440063693621518,18.171779788708136,21
random_search,9,137,2,18.588409872672514,18.171779788708136,21
random_search,9,138,2,20.739607805437114,18.171779788708136,21
random_search,9,139,2,20.133030277982336,18.171779788708136,21
random_search,9,140,2,22.025657829663178,18.171779788708136,21
random_search,9,141,2,21.098386676965934,18.171779788708136,21
random_search,9,142,2,19.193737745050925,18.171779788708136,21
random_search,9,143,2,21.173320053068153,18.171779788708136,21
random_search,9,144,2,20.172004514666934,18.171779788708136,21
random_search,9,145,2,20.761706725018236,18.171779788708136,21
random_search,9,146,2,19.769693845669906,18.171779788708136,21
random_search,9,147,2,21.380697580112788,18.171779788708136,21
random_search,9,148,2,20.659126028197402,18.171779788708136,21
random_search,9,149,2,19.877032961426902,18.171779788708136,21
random_search,9,150,3,20.11980390271856,18.171779788708136,21
random_search,9,151,3,20.2131126469709,18.171779788708136,21
random_search,9,152,3,20.63907194296653,18.171779788708136,21
random_search,9,153,3,21.539013913315678,18.171779788708136,21
random_search,9,154,3,21.280350850198275,18.171779788708136,21
random_search,9,155,3,20.239607805437114,18.171779788708136,21
random_search,9,156,3,21.327636339397174,18.171779788708136,21
random_search,9,157,3,21.122611077089285,18.171779788708136,21
random_search,9,158,3,19.37840487520902,18.171779788708136,21
random_search,9,159,3,21.453720459187966,18.171779788708136,21
random_search,9,160,3,21.76397674405503,18.171779788708136,21
random_search,9,161,3,21.846536616149585,18.171779788708136,21
random_search,9,162,3,20.93469899493758,18.171779788708136,21
random_search,9,163,3,20.827636339397174,18.171779788708136,21
random_search,9,164,3,20.903123475609394,18.171779788708136,21
random_search,9,165,3,20.23205080756888,18.171779788708136,21
random_search,9,166,3,21.72074368738204,18.171779788708136,21
random_search,9,167,3,19.239071942966532,18.171779788708136,21
random_search,9,168,3,21.173320053068153,18.171779788708136,21
random_search,9,169,3,19.44928556845359,18.171779788708136,21
random_search,9,170,3,21.114642819948223,18.171779788708136,21
random_search,9,171,3,20.063705936241092,18.171779788708136,21
random_search,9,172,3,19.689974874213238,18.171779788708136,21
random_search,9,173,3,21.366431913239847,18.171779788708136,21
random_search,9,174,3,20.213594362117867,18.171779788708136,21
random_search,9,175,3,20.93469899493758,18.171779788708136,21
random_search,9,176,3,19.659126028197402,18.171779788708136,21
random_search,9,177,3,20.992838827718412,18.171779788708136,21
random_search,9,178,3,21.857066051117283,18.171779788708136,21
random_search,9,179,3,19.86619037896906,18.171779788708136,21
random_search,9,180,3,20.659126028197402,18.171779788708136,21
random_search,9,181,3,21.715339366124404,18.171779788708136,21
random_search,9,182,3,21.164688270438848,18.171779788708136,21
random_search,9,183,3,19.08522995463527,18.171779788708136,21
random_search,9,184,3,20.159126028197402,18.171779788708136,21
random_search,9,185,3,22.57364413533277,18.171779788708136,21
random_search,9,186,3,18.96619037896906,18.171779788708136,21
random_search,9,187,3,21.14131112314674,18.171779788708136,21
random_search,9,188,3,19.45870331449229,18.171779788708136,21
random_search,9,189,3,22.161706725018234,18.171779788708136,21
random_search,9,190,3,22.569870314579497,18.171779788708136,21
random_search,9,191,3,21.64476105895272,18.171779788708136,21
random_search,9,192,3,20.857066051117283,18.171779788708136,21
random_search,9,193,3,20.30332963783729,18.171779788708136,21
random_search,9,194,3,21.435415650406263,18.171779788708136,21
random_search,9,195,3,21.377902338672772,18.171779788708136,21
random_search,9,196,3,21.049509756796393,18.171779788708136,21
random_search,9,197,3,21.324099870362662,18.171779788708136,21
random_search,9,198,3,22.302172886644268,18.171779788708136,21
random_search,9,199,3,20.13907194296653,18.171779788708136,21
random_search,9,200,4,20.923538406167136,18.171779788708136,21
random_search,9,201,4,20.85870331449229,18.171779788708136,21
random_search,9,202,4,19.862873883832776,18.171779788708136,21
random_search,9,203,4,20.782306905057553,18.171779788708136,21
random_search,9,204,4,20.870828693386972,18.171779788708136,21
random_search,9,205,4,20.43130005674953,18.171779788708136,21
random_search,9,206,4,20.387467277262665,18.171779788708136,21
random_search,9,207,4,21.855430508634196,18.171779788708136,21
random_search,9,208,4,19.72474487139159,18.171779788708136,21
random_search,9,209,4,18.900000000000002,18.171779788708136,21
random_search,9,210,4,22.75972971738975,18.171779788708136,21
random_search,9,211,4,20.26843871413581,18.171779788708136,21
random_search,9,212,4,21.70185121722126,18.171779788708136,21
random_search,9,213,4,20.256465996625053,18.171779788708136,21
random_search,9,214,4,20.311871208194287,18.171779788708136,21
random_search,9,215,4,21.715339366124404,18.171779788708136,21
random_search,9,216,4,21.241653005427764,18.171779788708136,21
random_search,9,217,4,19.322497216032183,18.171779788708136,21
random_search,9,218,4,21.956141357987224,18.171779788708136,21
random_search,9,219,4,20.449545416973503,18.171779788708136,21
random_search,9,220,4,20.52828568570857,18.171779788708136,21
random_search,9,221,4,21.015167380558044,18.171779788708136,21
random_search,9,222,4,21.18910462845192,18.171779788708136,21
random_search,9,223,4,21.0,18.171779788708136,21
random_search,9,224,4,20.00454076850486,18.171779788708136,21
random_search,9,225,4,23.46232255123179,18.171779788708136,21
random_search,9,226,4,20.456465996625056,18.171779788708136,21
random_search,9,227,4,20.856349099818896,18.171779788708136,21
random_search,9,228,4,21.927105745132007,18.171779788708136,21
random_search,9,229,4,21.949576240750524,18.171779788708136,21
random_search,9,230,4,21.423538406167136,18.171779788708136,21
random_search,9,231,4,21.13907194296653,18.171779788708136,21
random_search,9,232,4,18.62074368738204,18.171779788708136,21
random_search,9,233,4,19.162049935181333,18.171779788708136,21
random_search,9,234,4,21.86124969497314,18.171779788708136,21
random_search,9,235,4,21.2,18.171779788708136,21
random_search,9,236,4,18.79283882771841,18.171779788708136,21
random_search,9,237,4,20.660107523773828,18.171779788708136,21
random_search,9,238,4,21.077154105707724,18.171779788708136,21
random_search,9,239,4,21.322611077089288,18.171779788708136,21
random_search,9,240,4,19.781488772222676,18.171779788708136,21
random_search,9,241,4,20.533030277982334,18.171779788708136,21
random_search,9,242,4,20.53721152139079,18.171779788708136,21
random_search,9,243,4,21.83541565040626,18.171779788708136,21
random_search,9,244,4,21.113112646970897,18.171779788708136,21
random_search,9,245,4,18.86619037896906,18.171779788708136,21
random_search,9,246,4,20.08113883008419,18.171779788708136,21
random_search,9,247,4,19.870828693386972,18.171779788708136,21
random_search,9,248,4,19.533907960581374,18.171779788708136,21
random_search,9,249,4,20.659126028197402,18.171779788708136,21
random_search,9,250,5,19.735270009440733,18.171779788708136,21
random_search,9,251,5,20.549193338482965,18.171779788708136,21
random_search,9,252,5,20.33541565040626,18.171779788708136,21
random_search,9,253,5,18.588409872672514,18.171779788708136,21
random_search,9,254,5,19.56953597148327,18.171779788708136,21
random_search,9,255,5,21.167156809750924,18.171779788708136,21
random_search,9,256,5,19.230727575266254,18.171779788708136,21
random_search,9,257,5,21.474868417407585,18.171779788708136,21
random_search,9,258,5,19.06287388383278,18.171779788708136,21
random_search,9,259,5,20.113112646970897,18.171779788708136,21
random_search,9,260,5,23.57612260356422,18.171779788708136,21
random_search,9,261,5,22.476819745345026,18.171779788708136,21
random_search,9,262,5,21.12074368738204,18.171779788708136,21
random_search,9,263,5,20.367156809750927,18.171779788708136,21
random_search,9,264,5,21.322611077089288,18.171779788708136,21
random_search,9,265,5,20.917935662402833,18.171779788708136,21
random_search,9,266,5,21.588435821108956,18.171779788708136,21
random_search,9,267,5,19.584943324127924,18.171779788708136,21
random_search,9,268,5,20.491153452528778,18.171779788708136,21
random_search,9,269,5,19.72474487139159,18.171779788708136,21
random_search,9,270,5,20.113112646970897,18.171779788708136,21
random_search,9,271,5,19.811871208194287,18.171779788708136,21
random_search,9,272,5,21.367156809750927,18.171779788708136,21
random_search,9,273,5,18.30990195135928,18.171779788708136,21
random_search,9,274,5,20.781488772222676,18.171779788708136,21
random_search,9,275,5,21.033907960581374,18.171779788708136,21
random_search,9,276,5,19.258317958127243,18.171779788708136,21
random_search,9,277,5,21.099999999999998,18.171779788708136,21
random_search,9,278,5,21.09799919935936,18.171779788708136,21
random_search,9,279,5,21.16794833886788,18.171779788708136,21
random_search,9,280,5,20.255294535724687,18.171779788708136,21
random_search,9,281,5,19.06287388383278,18.171779788708136,21
random_search,9,282,5,22.06767050061961,18.171779788708136,21
random_search,9,283,5,19.615167380558045,18.171779788708136,21
random_search,9,284,5,20.167156809750924,18.171779788708136,21
random_search,9,285,5,20.755294535724687,18.171779788708136,21
random_search,9,286,5,20.033907960581374,18.171779788708136,21
random_search,9,287,5,21.053299832284317,18.171779788708136,21
random_search,9,288,5,20.01657508881031,18.171779788708136,21
random_search,9,289,5,21.741653005427764,18.171779788708136,21
random_search,9,290,5,21.44935886896179,18.171779788708136,21
random_search,9,291,5,19.56287388383278,18.171779788708136,21
random_search,9,292,5,20.56287388383278,18.171779788708136,21
random_search,9,293,5,22.743024810940586,18.171779788708136,21
random_search,9,294,5,19.72474487139159,18.171779788708136,21
random_search,9,295,5,21.181934729198172,18.171779788708136,21
random_search,9,296,5,19.40454076850486,18.171779788708136,21
random_search,9,297,5,20.254723699099138,18.171779788708136,21
random_search,9,298,5,20.900000000000002,18.171779788708136,21
random_search,9,299,5,22.641186241925155,18.171779788708136,21
random_search,9,300,6,21.103569153775236,18.171779788708136,21
random_search,9,301,6,21.29283882771841,18.171779788708136,21
random_search,9,302,6,21.18208554864871,18.171779788708136,21
random_search,9,303,6,21.610589071449372,18.171779788708136,21
random_search,9,304,6,19.900000000000002,18.171779788708136,21
random_search,9,305,6,20.85870331449229,18.171779788708136,21
random_search,9,306,6,19.37840487520902,18.171779788708136,21
random_search,9,307,6,20.85870331449229,18.171779788708136,21
random_search,9,308,6,20.80787840283389,18.171779788708136,21
random_search,9,309,6,22.57624151769984,18.171779788708136,21
random_search,9,310,6,19.257583690279024,18.171779788708136,21
random_search,9,311,6,21.5554305086342,18.171779788708136,21
random_search,9,312,6,21.57364413533277,18.171779788708136,21
random_search,9,313,6,20.811871208194287,18.171779788708136,21
random_search,9,314,6,22.267491648096545,18.171779788708136,21
random_search,9,315,6,20.129705854077837,18.171779788708136,21
random_search,9,316,6,22.089983277545212,18.171779788708136,21
random_search,9,317,6,19.669693845669904,18.171779788708136,21
random_search,9,318,6,19.72736184954957,18.171779788708136,21
random_search,9,319,6,19.814642819948226,18.171779788708136,21
random_search,9,320,6,20.870828693386972,18.171779788708136,21
random_search,9,321,6,21.857066051117283,18.171779788708136,21
random_search,9,322,6,21.588435821108956,18.171779788708136,21
random_search,9,323,6,19.13527000944073,18.171779788708136,21
random_search,9,324,6,20.819160170741757,18.171779788708136,21
random_search,9,325,6,20.816590212458493,18.171779788708136,21
random_search,9,326,6,21.577902338672775,18.171779788708136,21
random_search,9,327,6,21.409975124224175,18.171779788708136,21
random_search,9,328,6,20.377902338672772,18.171779788708136,21
random_search,9,329,6,21.38494332412792,18.171779788708136,21
random_search,9,330,6,22.095451410656818,18.171779788708136,21
random_search,9,331,6,21.967670500619608,18.171779788708136,21
random_search,9,332,6,20.554065922853802,18.171779788708136,21
random_search,9,333,6,20.17681974534503,18.171779788708136,21
random_search,9,334,6,21.341653005427766,18.171779788708136,21
random_search,9,335,6,18.336660026534076,18.171779788708136,21
random_search,9,336,6,21.93238075793812,18.171779788708136,21
random_search,9,337,6,21.077902338672775,18.171779788708136,21
random_search,9,338,6,20.44935886896179,18.171779788708136,21
random_search,9,339,6,22.272077843177478,18.171779788708136,21
random_search,9,340,6,20.732380757938117,18.171779788708136,21
random_search,9,341,6,19.614642819948223,18.171779788708136,21
random_search,9,342,6,21.715339366124404,18.171779788708136,21
random_search,9,343,6,19.7,18.171779788708136,21
random_search,9,344,6,20.41916017074176,18.171779788708136,21
random_search,9,345,6,20.52480768092719,18.171779788708136,21
random_search,9,346,6,22.324099870362662,18.171779788708136,21
random_search,9,347,6,20.730727575266254,18.171779788708136,21
random_search,9,348,6,21.570459909270543,18.171779788708136,21
random_search,9,349,6,21.106659275674584,18.171779788708136,21
random_search,9,350,7,21.934192325759245,18.171779788708136,21
random_search,9,351,7,21.99582971014219,18.171779788708136,21
random_search,9,352,7,19.98148877222268,18.171779788708136,21
random_search,9,353,7,20.07364413533277,18.171779788708136,21
random_search,9,354,7,21.015167380558044,18.171779788708136,21
random_search,9,355,7,20.93095064303001,18.171779788708136,21
random_search,9,356,7,18.96204993518133,18.171779788708136,21
random_search,9,357,7,20.256465996625053,18.171779788708136,21
random_search,9,358,7,21.16794833886788,18.171779788708136,21
random_search,9,359,7,19.988409872672513,18.171779788708136,21
random_search,9,360,7,22.6886890422961,18.171779788708136,21
random_search,9,361,7,22.2,18.171779788708136,21
random_search,9,362,7,23.526368339802364,18.171779788708136,21
random_search,9,363,7,19.693737745050925,18.171779788708136,21
random_search,9,364,7,20.4591260281974,18.171779788708136,21
random_search,9,365,7,23.28790581563873,18.171779788708136,21
random_search,9,366,7,19.80332963783729,18.171779788708136,21
random_search,9,367,7,19.730727575266254,18.171779788708136,21
random_search,9,368,7,20.87175030543074,18.171779788708136,21
random_search,9,369,7,21.70713075057055,18.171779788708136,21
random_search,9,370,7,21.809243436828815,18.171779788708136,21
random_search,9,371,7,22.77488738510232,18.171779788708136,21
random_search,9,372,7,21.256465996625053,18.171779788708136,21
random_search,9,373,7,22.608607914449795,18.171779788708136,21
random_search,9,374,7,21.40831891575846,18.171779788708136,21
random_search,9,375,7,20.381742422927143,18.171779788708136,21
random_search,9,376,7,20.989979919597747,18.171779788708136,21
random_search,9,377,7,20.911871208194288,18.171779788708136,21
random_search,9,378,7,20.43095064303001,18.171779788708136,21
random_search,9,379,7,20.5,18.171779788708136,21
random_search,9,380,7,21.084943324127924,18.171779788708136,21
random_search,9,381,7,21.553299832284317,18.171779788708136,21
random_search,9,382,7,21.029822128134704,18.171779788708136,21
random_search,9,383,7,21.938181191654586,18.171779788708136,21
random_search,9,384,7,21.196150997149434,18.171779788708136,21
random_search,9,385,7,20.183266665599966,18.171779788708136,21
random_search,9,386,7,21.453720459187966,18.171779788708136,21
random_search,9,387,7,20.76843871413581,18.171779788708136,21
random_search,9,388,7,19.414213562373096,18.171779788708136,21
random_search,9,389,7,20.537211521390788,18.171779788708136,21
random_search,9,390,7,19.2,18.171779788708136,21
random_search,9,391,7,21.857066051117283,18.171779788708136,21
random_search,9,392,7,21.520465053408525,18.171779788708136,21
random_search,9,393,7,19.255294535724687,18.171779788708136,21
random_search,9,394,7,21.63901391331568,18.171779788708136,21
random_search,9,395,7,22.15657137141714,18.171779788708136,21
random_search,9,396,7,21.776575213227446,18.171779788708136,21
random_search,9,397,7,21.06767050061961,18.171779788708136,21
random_search,9,398,7,20.8,18.171779788708136,21
random_search,9,399,7,21.80805405358401,18.171779788708136,21
random_search,9,400,8,21.877902338672772,18.171779788708136,21
random_search,9,401,8,20.98148877222268,18.171779788708136,21
random_search,9,402,8,21.880697580112788,18.171779788708136,21
random_search,9,403,8,22.037211521390788,18.171779788708136,21
random_search,9,404,8,19.06953597148327,18.171779788708136,21
random_search,9,405,8,20.341653005427766,18.171779788708136,21
random_search,9,406,8,18.671779788708136,18.171779788708136,21
random_search,9,407,8,20.88806130178211,18.171779788708136,21
random_search,9,408,8,22.341653005427766,18.171779788708136,21
random_search,9,409,8,21.730727575266254,18.171779788708136,21
random_search,9,410,8,20.72074368738204,18.171779788708136,21
random_search,9,411,8,21.790724809414744,18.171779788708136,21
random_search,9,412,8,21.549444375840398,18.171779788708136,21
random_search,9,413,8,21.00454076850486,18.171779788708136,21
random_search,9,414,8,19.255294535724687,18.171779788708136,21
random_search,9,415,8,19.99373774505092,18.171779788708136,21
random_search,9,416,8,19.991153452528778,18.171779788708136,21
random_search,9,417,8,20.724807680927192,18.171779788708136,21
random_search,9,418,8,21.031300056749533,18.171779788708136,21
random_search,9,419,8,21.76397674405503,18.171779788708136,21
random_search,9,420,8,20.660107523773828,18.171779788708136,21
random_search,9,421,8,21.50554700852678,18.171779788708136,21
random_search,9,422,8,19.72474487139159,18.171779788708136,21
random_search,9,423,8,22.310693864511038,18.171779788708136,21
random_search,9,424,8,23.70936130717624,18.171779788708136,21
random_search,9,425,8,19.729563014098698,18.171779788708136,21
random_search,9,426,8,20.5,18.171779788708136,21
random_search,9,427,8,20.58113883008419,18.171779788708136,21
random_search,9,428,8,20.36124969497314,18.171779788708136,21
random_search,9,429,8,22.0576411454889,18.171779788708136,21
random_search,9,430,8,18.872004514666937,18.171779788708136,21
random_search,9,431,8,20.340967364599088,18.171779788708136,21
random_search,9,432,8,21.192415526630864,18.171779788708136,21
random_search,9,433,8,20.024845673131658,18.171779788708136,21
random_search,9,434,8,21.99582971014219,18.171779788708136,21
random_search,9,435,8,20.64355957741627,18.171779788708136,21
random_search,9,436,8,20.76468827043885,18.171779788708136,21
random_search,9,437,8,20.83390796058137,18.171779788708136,21
random_search,9,438,8,21.520465053408525,18.171779788708136,21
random_search,9,439,8,21.77488738510232,18.171779788708136,21
random_search,9,440,8,20.157342370508886,18.171779788708136,21
random_search,9,441,8,20.258089374931437,18.171779788708136,21
random_search,9,442,8,20.82636833980236,18.171779788708136,21
random_search,9,443,8,20.30332963783729,18.171779788708136,21
random_search,9,444,8,20.72654919008431,18.171779788708136,21
random_search,9,445,8,18.94899959967968,18.171779788708136,21
random_search,9,446,8,21.2,18.171779788708136,21
random_search,9,447,8,18.419803902718556,18.171779788708136,21
random_search,9,448,8,20.253720459187964,18.171779788708136,21
random_search,9,449,8,20.164688270438848,18.171779788708136,21
random_search,9,450,9,18.94899959967968,18.171779788708136,21
random_search,9,451,9,19.88806130178211,18.171779788708136,21
random_search,9,452,9,21.189974874213238,18.171779788708136,21
random_search,9,453,9,20.882085548648714,18.171779788708136,21
random_search,9,454,9,20.367156809750927,18.171779788708136,21
random_search,9,455,9,21.109975124224178,18.171779788708136,21
random_search,9,456,9,20.559591794226545,18.171779788708136,21
random_search,9,457,9,19.909975124224175,18.171779788708136,21
random_search,9,458,9,21.254723699099138,18.171779788708136,21
random_search,9,459,9,20.9377155080899,18.171779788708136,21
random_search,9,460,9,19.822611077089288,18.171779788708136,21
random_search,9,461,9,19.634846922834953,18.171779788708136,21
random_search,9,462,9,19.488409872672513,18.171779788708136,21
random_search,9,463,9,17.93469899493758,17.93469899493758,21
random_search,9,464,9,22.772751070837067,17.93469899493758,21
random_search,9,465,9,21.361324772583615,17.93469899493758,21
random_search,9,466,9,21.793325909419153,17.93469899493758,21
random_search,9,467,9,22.0,17.93469899493758,21
random_search,9,468,9,20.285229954635273,17.93469899493758,21
random_search,9,469,9,21.45870331449229,17.93469899493758,21
random_search,9,470,9,19.672004514666934,17.93469899493758,21
random_search,9,471,9,19.13527000944073,17.93469899493758,21
random_search,9,472,9,20.417800560721076,17.93469899493758,21
random_search,9,473,9,19.533907960581374,17.93469899493758,21
random_search,9,474,9,21.04928556845359,17.93469899493758,21
random_search,9,475,9,20.372004514666937,17.93469899493758,21
random_search,9,476,9,20.57763888346312,17.93469899493758,21
random_search,9,477,9,20.55796522451032,17.93469899493758,21
random_search,9,478,9,20.92756668824971,17.93469899493758,21
random_search,9,479,9,20.811871208194287,17.93469899493758,21
random_search,9,480,9,19.679075450674063,17.93469899493758,21
random_search,9,481,9,21.882085548648714,17.93469899493758,21
random_search,9,482,9,20.88910462845192,17.93469899493758,21
random_search,9,483,9,18.80384048104053,17.93469899493758,21
random_search,9,484,9,20.27488738510232,17.93469899493758,21
random_search,9,485,9,21.801514803843837,17.93469899493758,21
random_search,9,486,9,20.00454076850486,17.93469899493758,21
random_search,9,487,9,21.38998327754521,17.93469899493758,21
random_search,9,488,9,22.377902338672772,17.93469899493758,21
random_search,9,489,9,21.274868417407582,17.93469899493758,21
random_search,9,490,9,19.033907960581374,17.93469899493758,21
random_search,9,491,9,19.58522995463527,17.93469899493758,21
random_search,9,492,9,19.991153452528778,17.93469899493758,21
random_search,9,493,9,21.99615099714943,17.93469899493758,21
random_search,9,494,9,19.429705854077834,17.93469899493758,21
random_search,9,495,9,19.707106781186546,17.93469899493758,21
random_search,9,496,9,21.088435821108956,17.93469899493758,21
random_search,9,497,9,22.23606797749979,17.93469899493758,21
random_search,9,498,9,18.735270009440733,17.93469899493758,21
random_search,9,499,9,18.991153452528778,17.93469899493758,21
random_search,9,500,10,20.57364413533277,17.93469899493758,21
random_search,9,501,10,19.114642819948223,17.93469899493758,21
random_search,9,502,10,21.626785107312738,17.93469899493758,21
random_search,9,503,10,22.213594362117867,17.93469899493758,21
random_search,9,504,10,23.156141357987227,17.93469899493758,21
random_search,9,505,10,19.88494332412792,17.93469899493758,21
random_search,9,506,10,21.483266665599963,17.93469899493758,21
random_search,9,507,10,21.481742422927145,17.93469899493758,21
random_search,9,508,10,21.3576411454889,17.93469899493758,21
random_search,9,509,10,21.10554700852678,17.93469899493758,21
random_search,9,510,10,21.391153452528776,17.93469899493758,21
random_search,9,511,10,22.487475490101847,17.93469899493758,21
random_search,9,512,10,22.25329983228432,17.93469899493758,21
random_search,9,513,10,21.372004514666937,17.93469899493758,21
random_search,9,514,10,21.985677655436824,17.93469899493758,21
random_search,9,515,10,19.129705854077837,17.93469899493758,21
random_search,9,516,10,20.816590212458493,17.93469899493758,21
random_search,9,517,10,21.049509756796393,17.93469899493758,21
random_search,9,518,10,22.004834939252003,17.93469899493758,21
random_search,9,519,10,22.2343879744639,17.93469899493758,21
random_search,9,520,10,20.33622914957372,17.93469899493758,21
random_search,9,521,10,21.33390796058137,17.93469899493758,21
random_search,9,522,10,21.8459060435492,17.93469899493758,21
random_search,9,523,10,22.01869538788622,17.93469899493758,21
random_search,9,524,10,20.911871208194288,17.93469899493758,21
random_search,9,525,10,23.020897306865447,17.93469899493758,21
random_search,9,526,10,20.281488772222676,17.93469899493758,21
random_search,9,527,10,22.423243291566195,17.93469899493758,21
random_search,9,528,10,21.840063693621516,17.93469899493758,21
random_search,9,529,10,19.870828693386972,17.93469899493758,21
random_search,9,530,10,20.23205080756888,17.93469899493758,21
random_search,9,531,10,20.507878402833892,17.93469899493758,21
random_search,9,532,10,20.614642819948223,17.93469899493758,21
random_search,9,533,10,21.780350850198275,17.93469899493758,21
random_search,9,534,10,19.629705854077837,17.93469899493758,21
random_search,9,535,10,21.59799919935936,17.93469899493758,21
random_search,9,536,10,20.341640786499873,17.93469899493758,21
random_search,9,537,10,22.07430975749267,17.93469899493758,21
random_search,9,538,10,19.134698994937583,17.93469899493758,21
random_search,9,539,10,22.049545416973505,17.93469899493758,21
random_search,9,540,10,19.956465996625056,17.93469899493758,21
random_search,9,541,10,21.475817632051932,17.93469899493758,21
random_search,9,542,10,20.54939015319192,17.93469899493758,21
random_search,9,543,10,20.097617696340304,17.93469899493758,21
random_search,9,544,10,20.613112646970897,17.93469899493758,21
random_search,9,545,10,21.900000000000002,17.93469899493758,21
random_search,9,546,10,18.612403840463596,17.93469899493758,21
random_search,9,547,10,21.816590212458493,17.93469899493758,21
random_search,9,548,10,20.20293863659264,17.93469899493758,21
random_search,9,549,10,19.8295630140987,17.93469899493758,21
random_search,9,550,11,20.429705854077834,17.93469899493758,21
random_search,9,551,11,19.13527000944073,17.93469899493758,21
random_search,9,552,11,22.5576411454889,17.93469899493758,21
random_search,9,553,11,19.672004514666934,17.93469899493758,21
random_search,9,554,11,21.880697580112788,17.93469899493758,21
random_search,9,555,11,20.15796522451032,17.93469899493758,21
random_search,9,556,11,21.117935662402836,17.93469899493758,21
random_search,9,557,11,18.79283882771841,17.93469899493758,21
random_search,9,558,11,20.882085548648714,17.93469899493758,21
random_search,9,559,11,19.033030277982334,17.93469899493758,21
random_search,9,560,11,20.140175425099137,17.93469899493758,21
random_search,9,561,11,19.20293863659264,17.93469899493758,21
random_search,9,562,11,21.322611077089288,17.93469899493758,21
random_search,9,563,11,20.04928556845359,17.93469899493758,21
random_search,9,564,11,20.164688270438848,17.93469899493758,21
random_search,9,565,11,22.953720459187966,17.93469899493758,21
random_search,9,566,11,20.215339366124404,17.93469899493758,21
random_search,9,567,11,23.311744421846395,17.93469899493758,21
random_search,9,568,11,22.623243291566197,17.93469899493758,21
random_search,9,569,11,21.91547594742265,17.93469899493758,21
random_search,9,570,11,18.5,17.93469899493758,21
random_search,9,571,11,20.281934729198174,17.93469899493758,21
random_search,9,572,11,20.714944167960986,17.93469899493758,21
random_search,9,573,11,20.754065922853805,17.93469899493758,21
random_search,9,574,11,21.420465053408524,17.93469899493758,21
random_search,9,575,11,21.66794833886788,17.93469899493758,21
random_search,9,576,11,19.70293863659264,17.93469899493758,21
random_search,9,577,11,20.50516780926679,17.93469899493758,21
random_search,9,578,11,19.79283882771841,17.93469899493758,21
random_search,9,579,11,21.049444375840398,17.93469899493758,21
random_search,9,580,11,23.452610922848045,17.93469899493758,21
random_search,9,581,11,21.020465053408525,17.93469899493758,21
random_search,9,582,11,20.2,17.93469899493758,21
random_search,9,583,11,21.310693864511038,17.93469899493758,21
random_search,9,584,11,21.72264954516723,17.93469899493758,21
random_search,9,585,11,19.269693845669906,17.93469899493758,21
random_search,9,586,11,21.239071942966532,17.93469899493758,21
random_search,9,587,11,20.92756668824971,17.93469899493758,21
random_search,9,588,11,20.83390796058137,17.93469899493758,21
random_search,9,589,11,20.866431913239847,17.93469899493758,21
random_search,9,590,11,21.715339366124404,17.93469899493758,21
random_search,9,591,11,22.819160170741757,17.93469899493758,21
random_search,9,592,11,21.394438717061494,17.93469899493758,21
random_search,9,593,11,20.449137674618942,17.93469899493758,21
random_search,9,594,11,21.938181191654586,17.93469899493758,21
random_search,9,595,11,22.142787793912433,17.93469899493758,21
random_search,9,596,11,21.63901391331568,17.93469899493758,21
random_search,9,597,11,20.20332963783729,17.93469899493758,21
random_search,9,598,11,21.614674215792775,17.93469899493758,21
random_search,9,599,11,20.015167380558044,17.93469899493758,21
random_search,9,600,12,21.357066051117283,17.93469899493758,21
random_search,9,601,12,20.662049935181333,17.93469899493758,21
random_search,9,602,12,21.084943324127924,17.93469899493758,21
random_search,9,603,12,20.255294535724687,17.93469899493758,21
random_search,9,604,12,17.86397674405503,17.86397674405503,21
random_search,9,605,12,22.6886890422961,17.86397674405503,21
random_search,9,606,12,19.911871208194288,17.86397674405503,21
random_search,9,607,12,20.92756668824971,17.86397674405503,21
random_search,9,608,12,19.30384048104053,17.86397674405503,21
random_search,9,609,12,19.84390889145858,17.86397674405503,21
random_search,9,610,12,20.724807680927192,17.86397674405503,21
random_search,9,611,12,22.022327839240493,17.86397674405503,21
random_search,9,612,12,19.634698994937583,17.86397674405503,21
random_search,9,613,12,18.547722557505168,17.86397674405503,21
random_search,9,614,12,19.429705854077834,17.86397674405503,21
random_search,9,615,12,20.367156809750927,17.86397674405503,21
random_search,9,616,12,20.088409872672514,17.86397674405503,21
random_search,9,617,12,21.469817807045693,17.86397674405503,21
random_search,9,618,12,20.0,17.86397674405503,21
random_search,9,619,12,22.503569153775235,17.86397674405503,21
random_search,9,620,12,23.03868107973205,17.86397674405503,21
random_search,9,621,12,19.7131126469709,17.86397674405503,21
random_search,9,622,12,19.048999599679682,17.86397674405503,21
random_search,9,623,12,20.22074368738204,17.86397674405503,21
random_search,9,624,12,21.615167380558045,17.86397674405503,21
random_search,9,625,12,18.512403840463595,17.86397674405503,21
random_search,9,626,12,19.673320053068153,17.86397674405503,21
random_search,9,627,12,20.26023252670426,17.86397674405503,21
random_search,9,628,12,20.322611077089288,17.86397674405503,21
random_search,9,629,12,20.887467277262665,17.86397674405503,21
random_search,9,630,12,20.877902338672772,17.86397674405503,21
random_search,9,631,12,21.341653005427766,17.86397674405503,21
random_search,9,632,12,19.448683298050515,17.86397674405503,21
random_search,9,633,12,20.258317958127243,17.86397674405503,21
random_search,9,634,12,22.2131126469709,17.86397674405503,21
random_search,9,635,12,21.95306852353742,17.86397674405503,21
random_search,9,636,12,20.17681974534503,17.86397674405503,21
random_search,9,637,12,22.072077843177475,17.86397674405503,21
random_search,9,638,12,18.785229954635273,17.86397674405503,21
random_search,9,639,12,20.492838827718412,17.86397674405503,21
random_search,9,640,12,20.099999999999998,17.86397674405503,21
random_search,9,641,12,21.417935662402833,17.86397674405503,21
random_search,9,642,12,20.400000000000002,17.86397674405503,21
random_search,9,643,12,19.86397674405503,17.86397674405503,21
random_search,9,644,12,22.290724809414744,17.86397674405503,21
random_search,9,645,12,20.534387974463897,17.86397674405503,21
random_search,9,646,12,19.844994432064368,17.86397674405503,21
random_search,9,647,12,21.434192325759245,17.86397674405503,21
random_search,9,648,12,19.86397674405503,17.86397674405503,21
random_search,9,649,12,21.7219040425837,17.86397674405503,21
random_search,9,650,13,20.00830459735946,17.86397674405503,21
random_search,9,651,13,20.164688270438848,17.86397674405503,21
random_search,9,652,13,20.85870331449229,17.86397674405503,21
random_search,9,653,13,19.621320343559642,17.86397674405503,21
random_search,9,654,13,19.08113883008419,17.86397674405503,21
random_search,9,655,13,21.41916017074176,17.86397674405503,21
random_search,9,656,13,19.419803902718556,17.86397674405503,21
random_search,9,657,13,21.5563490998189,17.86397674405503,21
random_search,9,658,13,22.4496835316263,17.86397674405503,21
random_search,9,659,13,22.72491379207837,17.86397674405503,21
random_search,9,660,13,22.659729717389748,17.86397674405503,21
random_search,9,661,13,21.531300056749533,17.86397674405503,21
random_search,9,662,13,20.872004514666937,17.86397674405503,21
random_search,9,663,13,21.41547594742265,17.86397674405503,21
random_search,9,664,13,18.2770329614269,17.86397674405503,21
random_search,9,665,13,22.05796522451032,17.86397674405503,21
random_search,9,666,13,21.780350850198275,17.86397674405503,21
random_search,9,667,13,21.25306852353742,17.86397674405503,21
random_search,9,668,13,20.134698994937583,17.86397674405503,21
random_search,9,669,13,21.412931993250105,17.86397674405503,21
random_search,9,670,13,21.32636833980236,17.86397674405503,21
random_search,9,671,13,19.64355957741627,17.86397674405503,21
random_search,9,672,13,21.537211521390788,17.86397674405503,21
random_search,9,673,13,23.20936130717624,17.86397674405503,21
random_search,9,674,13,20.617935662402836,17.86397674405503,21
random_search,9,675,13,20.489979919597747,17.86397674405503,21
random_search,9,676,13,19.976819745345026,17.86397674405503,21
random_search,9,677,13,21.0,17.86397674405503,21
random_search,9,678,13,18.559591794226545,17.86397674405503,21
random_search,9,679,13,20.82828568570857,17.86397674405503,21
random_search,9,680,13,21.3,17.86397674405503,21
random_search,9,681,13,22.099999999999998,17.86397674405503,21
random_search,9,682,13,21.753720459187964,17.86397674405503,21
random_search,9,683,13,20.909975124224175,17.86397674405503,21
random_search,9,684,13,20.88494332412792,17.86397674405503,21
random_search,9,685,13,18.72736184954957,17.86397674405503,21
random_search,9,686,13,20.024845673131658,17.86397674405503,21
random_search,9,687,13,21.5563490998189,17.86397674405503,21
random_search,9,688,13,20.58522995463527,17.86397674405503,21
random_search,9,689,13,18.512403840463595,17.86397674405503,21
random_search,9,690,13,22.512931993250106,17.86397674405503,21
random_search,9,691,13,21.254065922853805,17.86397674405503,21
random_search,9,692,13,20.339607805437115,17.86397674405503,21
random_search,9,693,13,21.037211521390788,17.86397674405503,21
random_search,9,694,13,19.377032961426902,17.86397674405503,21
random_search,9,695,13,20.633030277982336,17.86397674405503,21
random_search,9,696,13,20.613112646970897,17.86397674405503,21
random_search,9,697,13,20.52480768092719,17.86397674405503,21
random_search,9,698,13,19.14355957741627,17.86397674405503,21
random_search,9,699,13,21.295829710142186,17.86397674405503,21
random_search,9,700,14,20.88806130178211,17.86397674405503,21
random_search,9,701,14,19.520465053408525,17.86397674405503,21
random_search,9,702,14,21.617935662402836,17.86397674405503,21
random_search,9,703,14,21.114642819948223,17.86397674405503,21
random_search,9,704,14,20.08522995463527,17.86397674405503,21
random_search,9,705,14,19.70293863659264,17.86397674405503,21
random_search,9,706,14,20.94928556845359,17.86397674405503,21
random_search,9,707,14,20.816609194718914,17.86397674405503,21
random_search,9,708,14,20.02664991614216,17.86397674405503,21
random_search,9,709,14,23.141186241925155,17.86397674405503,21
random_search,9,710,14,20.214944167960986,17.86397674405503,21
random_search,9,711,14,20.26468827043885,17.86397674405503,21
random_search,9,712,14,19.68679622641132,17.86397674405503,21
random_search,9,713,14,19.555294535724684,17.86397674405503,21
random_search,9,714,14,21.872004514666937,17.86397674405503,21
random_search,9,715,14,20.51657508881031,17.86397674405503,21
random_search,9,716,14,20.73861278752583,17.86397674405503,21
random_search,9,717,14,20.099999999999998,17.86397674405503,21
random_search,9,718,14,21.40831891575846,17.86397674405503,21
random_search,9,719,14,20.344994432064368,17.86397674405503,21
random_search,9,720,14,20.04928556845359,17.86397674405503,21
random_search,9,721,14,21.552396473549933,17.86397674405503,21
random_search,9,722,14,20.588435821108956,17.86397674405503,21
random_search,9,723,14,21.554065922853802,17.86397674405503,21
random_search,9,724,14,20.781488772222676,17.86397674405503,21
random_search,9,725,14,21.314642819948226,17.86397674405503,21
random_search,9,726,14,21.88910462845192,17.86397674405503,21
random_search,9,727,14,20.20293863659264,17.86397674405503,21
random_search,9,728,14,20.70713075057055,17.86397674405503,21
random_search,9,729,14,19.900000000000002,17.86397674405503,21
random_search,9,730,14,20.099999999999998,17.86397674405503,21
random_search,9,731,14,20.41547594742265,17.86397674405503,21
random_search,9,732,14,20.20185121722126,17.86397674405503,21
random_search,9,733,14,18.8,17.86397674405503,21
random_search,9,734,14,20.25277655408689,17.86397674405503,21
random_search,9,735,14,20.387467277262665,17.86397674405503,21
random_search,9,736,14,19.727566688249706,17.86397674405503,21
random_search,9,737,14,21.196150997149434,17.86397674405503,21
random_search,9,738,14,21.121320343559642,17.86397674405503,21
random_search,9,739,14,20.90454076850486,17.86397674405503,21
random_search,9,740,14,20.900000000000002,17.86397674405503,21
random_search,9,741,14,21.8559467676119,17.86397674405503,21
random_search,9,742,14,20.483266665599963,17.86397674405503,21
random_search,9,743,14,19.56287388383278,17.86397674405503,21
random_search,9,744,14,21.32636833980236,17.86397674405503,21
random_search,9,745,14,20.549444375840398,17.86397674405503,21
random_search,9,746,14,19.99373774505092,17.86397674405503,21
random_search,9,747,14,21.780350850198275,17.86397674405503,21
random_search,9,748,14,21.423538406167136,17.86397674405503,21
random_search,9,749,14,22.340063693621516,17.86397674405503,21
random_search,9,750,15,22.097617696340304,17.86397674405503,21
random_search,9,751,15,23.002630668366308,17.86397674405503,21
random_search,9,752,15,19.816609194718914,17.86397674405503,21
random_search,9,753,15,19.055294535724684,17.86397674405503,21
random_search,9,754,15,21.32842712474619,17.86397674405503,21
random_search,9,755,15,22.834057902536163,17.86397674405503,21
random_search,9,756,15,20.584943324127924,17.86397674405503,21
random_search,9,757,15,19.816590212458493,17.86397674405503,21
random_search,9,758,15,19.47763888346312,17.86397674405503,21
random_search,9,759,15,20.409975124224175,17.86397674405503,21
random_search,9,760,15,22.261249694973138,17.86397674405503,21
random_search,9,761,15,20.991153452528778,17.86397674405503,21
random_search,9,762,15,21.655277766926236,17.86397674405503,21
random_search,9,763,15,20.214944167960986,17.86397674405503,21
random_search,9,764,15,19.7131126469709,17.86397674405503,21
random_search,9,765,15,20.269693845669906,17.86397674405503,21
random_search,9,766,15,20.660107523773828,17.86397674405503,21
random_search,9,767,15,22.181934729198172,17.86397674405503,21
random_search,9,768,15,21.68910462845192,17.86397674405503,21
random_search,9,769,15,20.969817807045693,17.86397674405503,21
random_search,9,770,15,22.059591794226545,17.86397674405503,21
random_search,9,771,15,23.020897306865447,17.86397674405503,21
random_search,9,772,15,20.22574776766556,17.86397674405503,21
random_search,9,773,15,20.492838827718412,17.86397674405503,21
random_search,9,774,15,22.12074368738204,17.86397674405503,21
random_search,9,775,15,20.50554700852678,17.86397674405503,21
random_search,9,776,15,21.819160170741757,17.86397674405503,21
random_search,9,777,15,20.8,17.86397674405503,21
random_search,9,778,15,21.12763633939717,17.86397674405503,21
random_search,9,779,15,20.70293863659264,17.86397674405503,21
random_search,9,780,15,18.992838827718412,17.86397674405503,21
random_search,9,781,15,20.024845673131658,17.86397674405503,21
random_search,9,782,15,19.264911064067352,17.86397674405503,21
random_search,9,783,15,19.87840487520902,17.86397674405503,21
random_search,9,784,15,20.23622914957372,17.86397674405503,21
random_search,9,785,15,22.270540018881462,17.86397674405503,21
random_search,9,786,15,20.07763888346312,17.86397674405503,21
random_search,9,787,15,21.11245154965971,17.86397674405503,21
random_search,9,788,15,20.295829710142186,17.86397674405503,21
random_search,9,789,15,20.28997487421324,17.86397674405503,21
random_search,9,790,15,19.18062484748657,17.86397674405503,21
random_search,9,791,15,22.20185121722126,17.86397674405503,21
random_search,9,792,15,17.878232998312527,17.86397674405503,21
random_search,9,793,15,22.361901286060018,17.86397674405503,21
random_search,9,794,15,22.40587727318528,17.86397674405503,21
random_search,9,795,15,18.5,17.86397674405503,21
random_search,9,796,15,22.97245829914744,17.86397674405503,21
random_search,9,797,15,21.449444375840397,17.86397674405503,21
random_search,9,798,15,19.967707825203128,17.86397674405503,21
random_search,9,799,15,21.10768096208106,17.86397674405503,21
random_search,9,800,16,20.717800560721074,17.86397674405503,21
random_search,9,801,16,20.736877428271626,17.86397674405503,21
random_search,9,802,16,21.8732137494637,17.86397674405503,21
random_search,9,803,16,21.549444375840398,17.86397674405503,21
random_search,9,804,16,21.467670500619608,17.86397674405503,21
random_search,9,805,16,20.5,17.86397674405503,21
random_search,9,806,16,22.137715508089904,17.86397674405503,21
random_search,9,807,16,20.02710574513201,17.86397674405503,21
random_search,9,808,16,21.949545416973503,17.86397674405503,21
random_search,9,809,16,20.288854381999833,17.86397674405503,21
random_search,9,810,16,22.00516780926679,17.86397674405503,21
random_search,9,811,16,20.417935662402833,17.86397674405503,21
random_search,9,812,16,20.920465053408524,17.86397674405503,21
random_search,9,813,16,20.51657508881031,17.86397674405503,21
random_search,9,814,16,20.795829710142186,17.86397674405503,21
random_search,9,815,16,21.621347195933176,17.86397674405503,21
random_search,9,816,16,21.029822128134704,17.86397674405503,21
random_search,9,817,16,21.735270009440733,17.86397674405503,21
random_search,9,818,16,20.597617696340304,17.86397674405503,21
random_search,9,819,16,21.016609194718917,17.86397674405503,21
random_search,9,820,16,20.932380757938123,17.86397674405503,21
random_search,9,821,16,20.2,17.86397674405503,21
random_search,9,822,16,20.584943324127924,17.86397674405503,21
random_search,9,823,16,19.491153452528778,17.86397674405503,21
random_search,9,824,16,20.316590212458493,17.86397674405503,21
random_search,9,825,16,18.21909059582729,17.86397674405503,21
random_search,9,826,16,20.82232783924049,17.86397674405503,21
random_search,9,827,16,22.021347195933174,17.86397674405503,21
random_search,9,828,16,21.66405499221705,17.86397674405503,21
random_search,9,829,16,20.429705854077834,17.86397674405503,21
random_search,9,830,16,20.25306852353742,17.86397674405503,21
random_search,9,831,16,18.87840487520902,17.86397674405503,21
random_search,9,832,16,20.859591794226542,17.86397674405503,21
random_search,9,833,16,20.839607805437115,17.86397674405503,21
random_search,9,834,16,21.9377155080899,17.86397674405503,21
random_search,9,835,16,20.63907194296653,17.86397674405503,21
random_search,9,836,16,19.861324772583615,17.86397674405503,21
random_search,9,837,16,21.093468988235944,17.86397674405503,21
random_search,9,838,16,20.40454076850486,17.86397674405503,21
random_search,9,839,16,22.20185121722126,17.86397674405503,21
random_search,9,840,16,20.870828693386972,17.86397674405503,21
random_search,9,841,16,19.164688270438848,17.86397674405503,21
random_search,9,842,16,19.948683298050515,17.86397674405503,21
random_search,9,843,16,21.217800560721074,17.86397674405503,21
random_search,9,844,16,18.70332963783729,17.86397674405503,21
random_search,9,845,16,21.70185121722126,17.86397674405503,21
random_search,9,846,16,21.167156809750924,17.86397674405503,21
random_search,9,847,16,19.891153452528776,17.86397674405503,21
random_search,9,848,16,20.741653005427764,17.86397674405503,21
random_search,9,849,16,23.468787265568828,17.86397674405503,21
random_search,9,850,17,20.06953597148327,17.86397674405503,21
random_search,9,851,17,20.121320343559642,17.86397674405503,21
random_search,9,852,17,21.582207001484488,17.86397674405503,21
random_search,9,853,17,21.193737745050925,17.86397674405503,21
random_search,9,854,17,19.254723699099138,17.86397674405503,21
random_search,9,855,17,20.845207879911715,17.86397674405503,21
random_search,9,856,17,21.380972058177587,17.86397674405503,21
random_search,9,857,17,21.65796522451032,17.86397674405503,21
random_search,9,858,17,22.922902093797255,17.86397674405503,21
random_search,9,859,17,22.25306852353742,17.86397674405503,21
random_search,9,860,17,21.394438717061494,17.86397674405503,21
random_search,9,861,17,22.91916017074176,17.86397674405503,21
random_search,9,862,17,21.801514803843837,17.86397674405503,21
random_search,9,863,17,20.314642819948226,17.86397674405503,21
random_search,9,864,17,17.663818169698587,17.663818169698587,21
random_search,9,865,17,20.555294535724684,17.663818169698587,21
random_search,9,866,17,21.07364413533277,17.663818169698587,21
random_search,9,867,17,21.196150997149434,17.663818169698587,21
random_search,9,868,17,18.713552872566005,17.663818169698587,21
random_search,9,869,17,18.93469899493758,17.663818169698587,21
random_search,9,870,17,22.01662062579967,17.663818169698587,21
random_search,9,871,17,20.975817632051932,17.663818169698587,21
random_search,9,872,17,19.99373774505092,17.663818169698587,21
random_search,9,873,17,21.683281572999746,17.663818169698587,21
random_search,9,874,17,20.549509756796393,17.663818169698587,21
random_search,9,875,17,21.846536616149585,17.663818169698587,21
random_search,9,876,17,21.953720459187966,17.663818169698587,21
random_search,9,877,17,21.512931993250106,17.663818169698587,21
random_search,9,878,17,19.72474487139159,17.663818169698587,21
random_search,9,879,17,21.25972971738975,17.663818169698587,21
random_search,9,880,17,22.054065922853802,17.663818169698587,21
random_search,9,881,17,21.811871208194287,17.663818169698587,21
random_search,9,882,17,18.922497216032184,17.663818169698587,21
random_search,9,883,17,21.170831300812523,17.663818169698587,21
random_search,9,884,17,18.922497216032184,17.663818169698587,21
random_search,9,885,17,21.190890230020663,17.663818169698587,21
random_search,9,886,17,21.86154726279432,17.663818169698587,21
random_search,9,887,17,20.63907194296653,17.663818169698587,21
random_search,9,888,17,18.94935886896179,17.663818169698587,21
random_search,9,889,17,20.449444375840397,17.663818169698587,21
random_search,9,890,17,19.04833147735479,17.663818169698587,21
random_search,9,891,17,21.020465053408525,17.663818169698587,21
random_search,9,892,17,22.03072757526625,17.663818169698587,21
random_search,9,893,17,19.36619037896906,17.663818169698587,21
random_search,9,894,17,20.133030277982336,17.663818169698587,21
random_search,9,895,17,21.423538406167136,17.663818169698587,21
random_search,9,896,17,19.662049935181333,17.663818169698587,21
random_search,9,897,17,22.115167380558045,17.663818169698587,21
random_search,9,898,17,19.985677655436824,17.663818169698587,21
random_search,9,899,17,20.7,17.663818169698587,21
random_search,9,900,18,20.52664991614216,17.663818169698587,21
random_search,9,901,18,17.671779788708136,17.663818169698587,21
random_search,9,902,18,20.2,17.663818169698587,21
random_search,9,903,18,20.85870331449229,17.663818169698587,21
random_search,9,904,18,18.547722557505168,17.663818169698587,21
random_search,9,905,18,20.109975124224178,17.663818169698587,21
random_search,9,906,18,20.741653005427764,17.663818169698587,21
random_search,9,907,18,20.859591794226542,17.663818169698587,21
random_search,9,908,18,21.49615099714943,17.663818169698587,21
random_search,9,909,18,19.129705854077837,17.663818169698587,21
random_search,9,910,18,20.003569153775235,17.663818169698587,21
random_search,9,911,18,20.91084400165827,17.663818169698587,21
random_search,9,912,18,19.841640786499873,17.663818169698587,21
random_search,9,913,18,19.732380757938117,17.663818169698587,21
random_search,9,914,18,19.50554700852678,17.663818169698587,21
random_search,9,915,18,20.93469899493758,17.663818169698587,21
random_search,9,916,18,20.235270009440733,17.663818169698587,21
random_search,9,917,18,21.715339366124404,17.663818169698587,21
random_search,9,918,18,19.669693845669904,17.663818169698587,21
random_search,9,919,18,20.429705854077834,17.663818169698587,21
random_search,9,920,18,20.19332590941915,17.663818169698587,21
random_search,9,921,18,22.503569153775235,17.663818169698587,21
random_search,9,922,18,20.715339366124404,17.663818169698587,21
random_search,9,923,18,20.660107523773828,17.663818169698587,21
random_search,9,924,18,20.868438714135813,17.663818169698587,21
random_search,9,925,18,19.814642819948226,17.663818169698587,21
random_search,9,926,18,20.82828568570857,17.663818169698587,21
random_search,9,927,18,19.983266665599963,17.663818169698587,21
random_search,9,928,18,21.67681974534503,17.663818169698587,21
random_search,9,929,18,20.26397674405503,17.663818169698587,21
random_search,9,930,18,20.13527000944073,17.663818169698587,21
random_search,9,931,18,19.816590212458493,17.663818169698587,21
random_search,9,932,18,21.774868417407582,17.663818169698587,21
random_search,9,933,18,22.022327839240493,17.663818169698587,21
random_search,9,934,18,20.03721152139079,17.663818169698587,21
random_search,9,935,18,21.90665927567458,17.663818169698587,21
random_search,9,936,18,19.224807680927192,17.663818169698587,21
random_search,9,937,18,20.049193338482965,17.663818169698587,21
random_search,9,938,18,20.50454076850486,17.663818169698587,21
random_search,9,939,18,20.05758369027902,17.663818169698587,21
random_search,9,940,18,21.252610922848042,17.663818169698587,21
random_search,9,941,18,20.088409872672514,17.663818169698587,21
random_search,9,942,18,19.599999999999998,17.663818169698587,21
random_search,9,943,18,19.814642819948226,17.663818169698587,21
random_search,9,944,18,20.1431676725155,17.663818169698587,21
random_search,9,945,18,22.072077843177475,17.663818169698587,21
random_search,9,946,18,20.01651513899117,17.663818169698587,21
random_search,9,947,18,21.8,17.663818169698587,21
random_search,9,948,18,21.41916017074176,17.663818169698587,21
random_search,9,949,18,20.533907960581374,17.663818169698587,21
random_search,9,950,19,21.427105745132007,17.663818169698587,21
random_search,9,951,19,19.872004514666937,17.663818169698587,21
random_search,9,952,19,20.7,17.663818169698587,21
random_search,9,953,19,22.161901286060015,17.663818169698587,21
random_search,9,954,19,21.327636339397174,17.663818169698587,21
random_search,9,955,19,21.424099870362664,17.663818169698587,21
random_search,9,956,19,20.859591794226542,17.663818169698587,21
random_search,9,957,19,20.08113883008419,17.663818169698587,21
random_search,9,958,19,19.30787840283389,17.663818169698587,21
random_search,9,959,19,18.62736184954957,17.663818169698587,21
random_search,9,960,19,20.38910462845192,17.663818169698587,21
random_search,9,961,19,19.613112646970897,17.663818169698587,21
random_search,9,962,19,21.57402157263998,17.663818169698587,21
random_search,9,963,19,20.227566688249706,17.663818169698587,21
random_search,9,964,19,17.922497216032184,17.663818169698587,21
random_search,9,965,19,21.992849839314594,17.663818169698587,21
random_search,9,966,19,21.534192325759246,17.663818169698587,21
random_search,9,967,19,20.316590212458493,17.663818169698587,21
random_search,9,968,19,19.46204993518133,17.663818169698587,21
random_search,9,969,19,18.13527000944073,17.663818169698587,21
random_search,9,970,19,21.597617696340304,17.663818169698587,21
random_search,9,971,19,21.18208554864871,17.663818169698587,21
random_search,9,972,19,20.768595903550974,17.663818169698587,21
random_search,9,973,19,22.5563490998189,17.663818169698587,21
random_search,9,974,19,21.45870331449229,17.663818169698587,21
random_search,9,975,19,21.0576411454889,17.663818169698587,21
random_search,9,976,19,21.214944167960986,17.663818169698587,21
random_search,9,977,19,21.30199920063936,17.663818169698587,21
random_search,9,978,19,19.269693845669906,17.663818169698587,21
random_search,9,979,19,19.361324772583615,17.663818169698587,21
random_search,9,980,19,22.742787793912434,17.663818169698587,21
random_search,9,981,19,19.597617696340304,17.663818169698587,21
random_search,9,982,19,21.031300056749533,17.663818169698587,21
random_search,9,983,19,21.214944167960986,17.663818169698587,21
random_search,9,984,19,22.432575659723035,17.663818169698587,21
random_search,9,985,19,20.23205080756888,17.663818169698587,21
random_search,9,986,19,20.90831891575846,17.663818169698587,21
random_search,9,987,19,21.449545416973503,17.663818169698587,21
random_search,9,988,19,19.929705854077834,17.663818169698587,21
random_search,9,989,19,20.109975124224178,17.663818169698587,21
random_search,9,990,19,20.868438714135813,17.663818169698587,21
random_search,9,991,19,19.77488738510232,17.663818169698587,21
random_search,9,992,19,20.40454076850486,17.663818169698587,21
random_search,9,993,19,20.252396473549936,17.663818169698587,21
random_search,9,994,19,21.00454076850486,17.663818169698587,21
random_search,9,995,19,22.412931993250105,17.663818169698587,21
random_search,9,996,19,18.880624847486573,17.663818169698587,21
random_search,9,997,19,20.54928556845359,17.663818169698587,21
random_search,9,998,19,19.920465053408524,17.663818169698587,21
random_search,9,999,19,19.788854381999833,17.663818169698587,21
random_search,9,1000,20,18.96619037896906,17.663818169698587,21
random_search,9,1001,20,20.93469899493758,17.663818169698587,21
random_search,9,1002,20,20.790724809414744,17.663818169698587,21
random_search,9,1003,20,21.126785107312738,17.663818169698587,21
random_search,9,1004,20,20.036664289109584,17.663818169698587,21
random_search,9,1005,20,19.923538406167136,17.663818169698587,21
random_search,9,1006,20,20.634698994937583,17.663818169698587,21
random_search,9,1007,20,19.757583690279024,17.663818169698587,21
random_search,9,1008,20,20.23622914957372,17.663818169698587,21
random_search,9,1009,20,22.25576411921994,17.663818169698587,21
random_search,9,1010,20,21.57364413533277,17.663818169698587,21
random_search,9,1011,20,20.897999199359358,17.663818169698587,21
random_search,9,1012,20,21.531300056749533,17.663818169698587,21
random_search,9,1013,20,21.239607805437114,17.663818169698587,21
random_search,9,1014,20,20.613112646970897,17.663818169698587,21
random_search,9,1015,20,20.65796522451032,17.663818169698587,21
random_search,9,1016,20,21.708607914449797,17.663818169698587,21
random_search,9,1017,20,20.87581763205193,17.663818169698587,21
random_search,9,1018,20,21.85870331449229,17.663818169698587,21
random_search,9,1019,20,21.26397674405503,17.663818169698587,21
random_search,9,1020,20,21.95870331449229,17.663818169698587,21
random_search,9,1021,20,19.492838827718412,17.663818169698587,21
random_search,9,1022,20,22.49582971014219,17.663818169698587,21
random_search,9,1023,20,19.689974874213238,17.663818169698587,21
random_search,9,1024,20,19.04880884817015,17.663818169698587,21
random_search,9,1025,20,21.36397674405503,17.663818169698587,21
random_search,9,1026,20,21.7,17.663818169698587,21
random_search,9,1027,20,22.41547594742265,17.663818169698587,21
random_search,9,1028,20,21.183281572999746,17.663818169698587,21
random_search,9,1029,20,19.04928556845359,17.663818169698587,21
random_search,9,1030,20,21.25941170815567,17.663818169698587,21
random_search,9,1031,20,20.802172886644268,17.663818169698587,21
random_search,9,1032,20,20.994438717061495,17.663818169698587,21
random_search,9,1033,20,21.191366458960193,17.663818169698587,21
random_search,9,1034,20,20.735270009440733,17.663818169698587,21
random_search,9,1035,20,21.64131112314674,17.663818169698587,21
random_search,9,1036,20,21.78193472919817,17.663818169698587,21
random_search,9,1037,20,22.761249694973138,17.663818169698587,21
random_search,9,1038,20,20.210844001658266,17.663818169698587,21
random_search,9,1039,20,21.51657508881031,17.663818169698587,21
random_search,9,1040,20,22.340930106817048,17.663818169698587,21
random_search,9,1041,20,20.2131126469709,17.663818169698587,21
random_search,9,1042,20,19.983266665599963,17.663818169698587,21
random_search,9,1043,20,20.255294535724687,17.663818169698587,21
random_search,9,1044,20,20.94928556845359,17.663818169698587,21
random_search,9,1045,20,21.391153452528776,17.663818169698587,21
random_search,9,1046,20,20.94935886896179,17.663818169698587,21
random_search,9,1047,20,20.727566688249706,17.663818169698587,21
random_search,9,1048,20,20.423243291566195,17.663818169698587,21
random_search,9,1049,20,21.683266665599966,17.663818169698587,21
random_search,9,1050,21,19.489979919597747,17.663818169698587,21
random_search,9,1051,21,19.896662954709576,17.663818169698587,21
random_search,9,1052,21,21.8,17.663818169698587,21
random_search,9,1053,21,20.93238075793812,17.663818169698587,21
random_search,9,1054,21,20.50454076850486,17.663818169698587,21
random_search,9,1055,21,20.193737745050925,17.663818169698587,21
random_search,9,1056,21,19.739607805437114,17.663818169698587,21
random_search,9,1057,21,21.9377155080899,17.663818169698587,21
random_search,9,1058,21,19.554065922853802,17.663818169698587,21
random_search,9,1059,21,20.429705854077834,17.663818169698587,21
random_search,9,1060,21,20.04880884817015,17.663818169698587,21
random_search,9,1061,21,19.862873883832776,17.663818169698587,21
random_search,9,1062,21,18.66770782520313,17.663818169698587,21
random_search,9,1063,21,21.036664289109584,17.663818169698587,21
random_search,9,1064,21,21.2,17.663818169698587,21
random_search,9,1065,21,21.464965543462903,17.663818169698587,21
random_search,9,1066,21,21.93469899493758,17.663818169698587,21
random_search,9,1067,21,20.911871208194288,17.663818169698587,21
random_search,9,1068,21,20.802172886644268,17.663818169698587,21
random_search,9,1069,21,19.55758369027902,17.663818169698587,21
random_search,9,1070,21,21.923243291566195,17.663818169698587,21
random_search,9,1071,21,21.82232783924049,17.663818169698587,21
random_search,9,1072,21,19.340967364599088,17.663818169698587,21
random_search,9,1073,21,19.2131126469709,17.663818169698587,21
random_search,9,1074,21,18.614642819948223,17.663818169698587,21
random_search,9,1075,21,20.713594362117867,17.663818169698587,21
random_search,9,1076,21,21.38806130178211,17.663818169698587,21
random_search,9,1077,21,20.491153452528778,17.663818169698587,21
random_search,9,1078,21,19.923538406167136,17.663818169698587,21
random_search,9,1079,21,21.174021572639983,17.663818169698587,21
random_search,9,1080,21,21.87571129984594,17.663818169698587,21
random_search,9,1081,21,19.957342370508883,17.663818169698587,21
random_search,9,1082,21,21.485677655436824,17.663818169698587,21
random_search,9,1083,21,21.435415650406263,17.663818169698587,21
random_search,9,1084,21,20.435415650406263,17.663818169698587,21
random_search,9,1085,21,20.423538406167136,17.663818169698587,21
random_search,9,1086,21,21.549509756796393,17.663818169698587,21
random_search,9,1087,21,18.896662954709576,17.663818169698587,21
random_search,9,1088,21,21.77488738510232,17.663818169698587,21
random_search,9,1089,21,20.35870331449229,17.663818169698587,21
random_search,9,1090,21,21.75329983228432,17.663818169698587,21
random_search,9,1091,21,18.72736184954957,17.663818169698587,21
random_search,9,1092,21,20.935415650406263,17.663818169698587,21
random_search,9,1093,21,19.949137674618942,17.663818169698587,21
random_search,9,1094,21,20.5,17.663818169698587,21
random_search,9,1095,21,20.90805405358401,17.663818169698587,21
random_search,9,1096,21,20.411871208194288,17.663818169698587,21
random_search,9,1097,21,21.170459909270544,17.663818169698587,21
random_search,9,1098,21,20.49615099714943,17.663818169698587,21
random_search,9,1099,21,19.29283882771841,17.663818169698587,21
random_search,9,1100,22,20.78193472919817,17.663818169698587,21
random_search,9,1101,22,21.838181191654584,17.663818169698587,21
random_search,9,1102,22,19.974868417407585,17.663818169698587,21
random_search,9,1103,22,20.341640786499873,17.663818169698587,21
random_search,9,1104,22,19.559591794226545,17.663818169698587,21
random_search,9,1105,22,20.3,17.663818169698587,21
random_search,9,1106,22,20.58679622641132,17.663818169698587,21
random_search,9,1107,22,20.784336665618135,17.663818169698587,21
random_search,9,1108,22,20.456465996625056,17.663818169698587,21
random_search,9,1109,22,20.322611077089288,17.663818169698587,21
random_search,9,1110,22,20.16794833886788,17.663818169698587,21
random_search,9,1111,22,20.75329983228432,17.663818169698587,21
random_search,9,1112,22,20.683266665599966,17.663818169698587,21
random_search,9,1113,22,21.322611077089288,17.663818169698587,21
random_search,9,1114,22,20.063818169698585,17.663818169698587,21
random_search,9,1115,22,20.13907194296653,17.663818169698587,21
random_search,9,1116,22,20.20332963783729,17.663818169698587,21
random_search,9,1117,22,21.17681974534503,17.663818169698587,21
random_search,9,1118,22,23.15657137141714,17.663818169698587,21
random_search,9,1119,22,20.894438717061494,17.663818169698587,21
random_search,9,1120,22,21.214944167960986,17.663818169698587,21
random_search,9,1121,22,20.94935886896179,17.663818169698587,21
random_search,9,1122,22,21.801514803843837,17.663818169698587,21
random_search,9,1123,22,22.471750305430742,17.663818169698587,21
random_search,9,1124,22,19.662049935181333,17.663818169698587,21
random_search,9,1125,22,19.50830459735946,17.663818169698587,21
random_search,9,1126,22,20.340967364599088,17.663818169698587,21
random_search,9,1127,22,19.68910462845192,17.663818169698587,21
random_search,9,1128,22,21.845207879911715,17.663818169698587,21
random_search,9,1129,22,20.257583690279024,17.663818169698587,21
random_search,9,1130,22,19.662049935181333,17.663818169698587,21
random_search,9,1131,22,22.400000000000002,17.663818169698587,21
random_search,9,1132,22,21.807492981902776,17.663818169698587,21
random_search,9,1133,22,21.676575213227444,17.663818169698587,21
random_search,9,1134,22,21.880972058177587,17.663818169698587,21
random_search,9,1135,22,19.448683298050515,17.663818169698587,21
random_search,9,1136,22,21.093468988235944,17.663818169698587,21
random_search,9,1137,22,19.7131126469709,17.663818169698587,21
random_search,9,1138,22,19.588409872672514,17.663818169698587,21
random_search,9,1139,22,19.870828693386972,17.663818169698587,21
random_search,9,1140,22,20.49373774505092,17.663818169698587,21
random_search,9,1141,22,19.86619037896906,17.663818169698587,21
random_search,9,1142,22,20.811871208194287,17.663818169698587,21
random_search,9,1143,22,20.577902338672775,17.663818169698587,21
random_search,9,1144,22,18.2,17.663818169698587,21
random_search,9,1145,22,20.254065922853805,17.663818169698587,21
random_search,9,1146,22,21.036664289109584,17.663818169698587,21
random_search,9,1147,22,21.531300056749533,17.663818169698587,21
random_search,9,1148,22,20.816609194718914,17.663818169698587,21
random_search,9,1149,22,20.814944167960988,17.663818169698587,21
random_search,9,1150,23,21.196150997149434,17.663818169698587,21
random_search,9,1151,23,20.681934729198172,17.663818169698587,21
random_search,9,1152,23,19.16770782520313,17.663818169698587,21
random_search,9,1153,23,20.05758369027902,17.663818169698587,21
random_search,9,1154,23,22.20936130717624,17.663818169698587,21
random_search,9,1155,23,22.380697580112788,17.663818169698587,21
random_search,9,1156,23,20.689974874213238,17.663818169698587,21
random_search,9,1157,23,20.59544511501033,17.663818169698587,21
random_search,9,1158,23,20.00554700852678,17.663818169698587,21
random_search,9,1159,23,19.992838827718412,17.663818169698587,21
random_search,9,1160,23,21.8459060435492,17.663818169698587,21
random_search,9,1161,23,19.314642819948226,17.663818169698587,21
random_search,9,1162,23,21.68910462845192,17.663818169698587,21
random_search,9,1163,23,20.599999999999998,17.663818169698587,21
random_search,9,1164,23,21.667156809750924,17.663818169698587,21
random_search,9,1165,23,20.311871208194287,17.663818169698587,21
random_search,9,1166,23,20.7,17.663818169698587,21
random_search,9,1167,23,21.644994432064365,17.663818169698587,21
random_search,9,1168,23,22.341653005427766,17.663818169698587,21
random_search,9,1169,23,22.701428280002318,17.663818169698587,21
random_search,9,1170,23,22.3576411454889,17.663818169698587,21
random_search,9,1171,23,21.32654919008431,17.663818169698587,21
random_search,9,1172,23,20.63907194296653,17.663818169698587,21
random_search,9,1173,23,20.055294535724684,17.663818169698587,21
random_search,9,1174,23,20.23205080756888,17.663818169698587,21
random_search,9,1175,23,21.90312347560939,17.663818169698587,21
random_search,9,1176,23,20.362873883832776,17.663818169698587,21
random_search,9,1177,23,20.06287388383278,17.663818169698587,21
random_search,9,1178,23,19.672004514666934,17.663818169698587,21
random_search,9,1179,23,21.012931993250106,17.663818169698587,21
random_search,9,1180,23,22.031300056749533,17.663818169698587,21
random_search,9,1181,23,20.646426544510454,17.663818169698587,21
random_search,9,1182,23,21.780350850198275,17.663818169698587,21
random_search,9,1183,23,22.004834939252003,17.663818169698587,21
random_search,9,1184,23,22.23861278752583,17.663818169698587,21
random_search,9,1185,23,21.2,17.663818169698587,21
random_search,9,1186,23,22.164582518894846,17.663818169698587,21
random_search,9,1187,23,19.992838827718412,17.663818169698587,21
random_search,9,1188,23,20.04939015319192,17.663818169698587,21
random_search,9,1189,23,21.18208554864871,17.663818169698587,21
random_search,9,1190,23,21.66794833886788,17.663818169698587,21
random_search,9,1191,23,21.54959013639538,17.663818169698587,21
random_search,9,1192,23,20.816609194718914,17.663818169698587,21
random_search,9,1193,23,20.870828693386972,17.663818169698587,21
random_search,9,1194,23,20.370828693386972,17.663818169698587,21
random_search,9,1195,23,21.09666295470958,17.663818169698587,21
random_search,9,1196,23,20.311871208194287,17.663818169698587,21
random_search,9,1197,23,19.02664991614216,17.663818169698587,21
random_search,9,1198,23,21.3459060435492,17.663818169698587,21
random_search,9,1199,23,21.549509756796393,17.663818169698587,21
random_search,9,1200,24,20.055294535724684,17.663818169698587,21
random_search,9,1201,24,19.948683298050515,17.663818169698587,21
random_search,9,1202,24,20.339607805437115,17.663818169698587,21
random_search,9,1203,24,21.093468988235944,17.663818169698587,21
random_search,9,1204,24,21.339387691339812,17.663818169698587,21
random_search,9,1205,24,22.509980079602226,17.663818169698587,21
random_search,9,1206,24,20.20293863659264,17.663818169698587,21
random_search,9,1207,24,20.159126028197402,17.663818169698587,21
random_search,9,1208,24,19.840967364599088,17.663818169698587,21
random_search,9,1209,24,21.91916017074176,17.663818169698587,21
random_search,9,1210,24,19.93469899493758,17.663818169698587,21
random_search,9,1211,24,20.380972058177587,17.663818169698587,21
random_search,9,1212,24,19.50830459735946,17.663818169698587,21
random_search,9,1213,24,20.372004514666937,17.663818169698587,21
random_search,9,1214,24,20.940063693621518,17.663818169698587,21
random_search,9,1215,24,22.276575213227446,17.663818169698587,21
random_search,9,1216,24,19.269693845669906,17.663818169698587,21
random_search,9,1217,24,20.160107523773828,17.663818169698587,21
random_search,9,1218,24,22.912833614050058,17.663818169698587,21
random_search,9,1219,24,22.768595903550974,17.663818169698587,21
random_search,9,1220,24,20.20713075057055,17.663818169698587,21
random_search,9,1221,24,21.302172886644268,17.663818169698587,21
random_search,9,1222,24,20.071779788708135,17.663818169698587,21
random_search,9,1223,24,21.06767050061961,17.663818169698587,21
random_search,9,1224,24,22.72074368738204,17.663818169698587,21
random_search,9,1225,24,20.837211521390785,17.663818169698587,21
random_search,9,1226,24,20.474868417407585,17.663818169698587,21
random_search,9,1227,24,21.113112646970897,17.663818169698587,21
random_search,9,1228,24,19.055294535724684,17.663818169698587,21
random_search,9,1229,24,20.809243436828815,17.663818169698587,21
random_search,9,1230,24,21.488689042296098,17.663818169698587,21
random_search,9,1231,24,20.60768096208106,17.663818169698587,21
random_search,9,1232,24,19.754723699099138,17.663818169698587,21
random_search,9,1233,24,19.23622914957372,17.663818169698587,21
random_search,9,1234,24,20.02710574513201,17.663818169698587,21
random_search,9,1235,24,22.40665927567458,17.663818169698587,21
random_search,9,1236,24,20.255294535724687,17.663818169698587,21
random_search,9,1237,24,23.156141357987227,17.663818169698587,21
random_search,9,1238,24,19.133030277982336,17.663818169698587,21
random_search,9,1239,24,19.662049935181333,17.663818169698587,21
random_search,9,1240,24,20.172004514666934,17.663818169698587,21
random_search,9,1241,24,19.214944167960986,17.663818169698587,21
random_search,9,1242,24,21.305167809266788,17.663818169698587,21
random_search,9,1243,24,20.760681686165903,17.663818169698587,21
random_search,9,1244,24,21.119392214170773,17.663818169698587,21
random_search,9,1245,24,21.214674215792776,17.663818169698587,21
random_search,9,1246,24,21.599999999999998,17.663818169698587,21
random_search,9,1247,24,21.10768096208106,17.663818169698587,21
random_search,9,1248,24,20.73861278752583,17.663818169698587,21
random_search,9,1249,24,22.56767050061961,17.663818169698587,21
random_search,9,1250,25,20.981742422927145,17.663818169698587,21
random_search,9,1251,25,20.322611077089288,17.663818169698587,21
random_search,9,1252,25,22.907567081708248,17.663818169698587,21
random_search,9,1253,25,22.073213749463704,17.663818169698587,21
random_search,9,1254,25,20.900000000000002,17.663818169698587,21
random_search,9,1255,25,19.28997487421324,17.663818169698587,21
random_search,9,1256,25,18.341640786499873,17.663818169698587,21
random_search,9,1257,25,21.457342370508883,17.663818169698587,21
random_search,9,1258,25,19.8,17.663818169698587,21
random_search,9,1259,25,20.316590212458493,17.663818169698587,21
random_search,9,1260,25,19.764911064067352,17.663818169698587,21
random_search,9,1261,25,20.900000000000002,17.663818169698587,21
random_search,9,1262,25,20.322611077089288,17.663818169698587,21
random_search,9,1263,25,22.145906043549196,17.663818169698587,21
random_search,9,1264,25,20.033030277982334,17.663818169698587,21
random_search,9,1265,25,21.790724809414744,17.663818169698587,21
random_search,9,1266,25,20.887467277262665,17.663818169698587,21
random_search,9,1267,25,20.704834939252006,17.663818169698587,21
random_search,9,1268,25,21.122611077089285,17.663818169698587,21
random_search,9,1269,25,21.397999199359358,17.663818169698587,21
random_search,9,1270,25,20.585677655436825,17.663818169698587,21
random_search,9,1271,25,20.09072480941474,17.663818169698587,21
random_search,9,1272,25,21.364054992217053,17.663818169698587,21
random_search,9,1273,25,22.305167809266788,17.663818169698587,21
random_search,9,1274,25,21.86124969497314,17.663818169698587,21
random_search,9,1275,25,20.183266665599966,17.663818169698587,21
random_search,9,1276,25,19.560107523773826,17.663818169698587,21
random_search,9,1277,25,19.612403840463596,17.663818169698587,21
random_search,9,1278,25,20.322611077089288,17.663818169698587,21
random_search,9,1279,25,20.345207879911715,17.663818169698587,21
random_search,9,1280,25,22.67681974534503,17.663818169698587,21
random_search,9,1281,25,21.645906043549196,17.663818169698587,21
random_search,9,1282,25,22.487905815638733,17.663818169698587,21
random_search,9,1283,25,21.761706725018236,17.663818169698587,21
random_search,9,1284,25,19.93095064303001,17.663818169698587,21
random_search,9,1285,25,19.3459060435492,17.663818169698587,21
random_search,9,1286,25,19.013552872566002,17.663818169698587,21
random_search,9,1287,25,19.869535971483266,17.663818169698587,21
random_search,9,1288,25,20.20332963783729,17.663818169698587,21
random_search,9,1289,25,20.672004514666934,17.663818169698587,21
random_search,9,1290,25,20.160107523773828,17.663818169698587,21
random_search,9,1291,25,22.816631205513225,17.663818169698587,21
random_search,9,1292,25,21.370828693386972,17.663818169698587,21
random_search,9,1293,25,20.642787793912433,17.663818169698587,21
random_search,9,1294,25,21.134698994937583,17.663818169698587,21
random_search,9,1295,25,20.288061301782108,17.663818169698587,21
random_search,9,1296,25,22.939736830714132,17.663818169698587,21
random_search,9,1297,25,18.36619037896906,17.663818169698587,21
random_search,9,1298,25,20.73606797749979,17.663818169698587,21
random_search,9,1299,25,20.23205080756888,17.663818169698587,21
random_search,9,1300,26,22.012931993250106,17.663818169698587,21
random_search,9,1301,26,20.06287388383278,17.663818169698587,21
random_search,9,1302,26,20.708607914449797,17.663818169698587,21
random_search,9,1303,26,19.816590212458493,17.663818169698587,21
random_search,9,1304,26,21.440063693621518,17.663818169698587,21
random_search,9,1305,26,21.20199920063936,17.663818169698587,21
random_search,9,1306,26,21.338181191654584,17.663818169698587,21
random_search,9,1307,26,20.780350850198275,17.663818169698587,21
random_search,9,1308,26,21.549444375840398,17.663818169698587,21
random_search,9,1309,26,21.606659275674584,17.663818169698587,21
random_search,9,1310,26,20.339607805437115,17.663818169698587,21
random_search,9,1311,26,21.121320343559642,17.663818169698587,21
random_search,9,1312,26,21.270540018881462,17.663818169698587,21
random_search,9,1313,26,21.7343879744639,17.663818169698587,21
random_search,9,1314,26,21.8459060435492,17.663818169698587,21
random_search,9,1315,26,21.65796522451032,17.663818169698587,21
random_search,9,1316,26,20.260681686165903,17.663818169698587,21
random_search,9,1317,26,20.987905815638733,17.663818169698587,21
random_search,9,1318,26,20.560107523773826,17.663818169698587,21
random_search,9,1319,26,20.26468827043885,17.663818169698587,21
random_search,9,1320,26,21.449444375840397,17.663818169698587,21
random_search,9,1321,26,20.669693845669904,17.663818169698587,21
random_search,9,1322,26,20.136664289109586,17.663818169698587,21
random_search,9,1323,26,19.115167380558045,17.663818169698587,21
random_search,9,1324,26,20.839387691339812,17.663818169698587,21
random_search,9,1325,26,21.761706725018236,17.663818169698587,21
random_search,9,1326,26,21.949444375840397,17.663818169698587,21
random_search,9,1327,26,21.43130005674953,17.663818169698587,21
random_search,9,1328,26,21.761706725018236,17.663818169698587,21
random_search,9,1329,26,19.891153452528776,17.663818169698587,21
random_search,9,1330,26,18.255294535724687,17.663818169698587,21
random_search,9,1331,26,21.237663853655725,17.663818169698587,21
random_search,9,1332,26,20.93469899493758,17.663818169698587,21
random_search,9,1333,26,20.953720459187966,17.663818169698587,21
random_search,9,1334,26,21.309243436828815,17.663818169698587,21
random_search,9,1335,26,20.215339366124404,17.663818169698587,21
random_search,9,1336,26,20.85870331449229,17.663818169698587,21
random_search,9,1337,26,20.400000000000002,17.663818169698587,21
random_search,9,1338,26,22.912931993250105,17.663818169698587,21
random_search,9,1339,26,20.991153452528778,17.663818169698587,21
random_search,9,1340,26,20.055294535724684,17.663818169698587,21
random_search,9,1341,26,20.897366596101026,17.663818169698587,21
random_search,9,1342,26,22.14131112314674,17.663818169698587,21
random_search,9,1343,26,19.756465996625053,17.663818169698587,21
random_search,9,1344,26,20.60554700852678,17.663818169698587,21
random_search,9,1345,26,21.302172886644268,17.663818169698587,21
random_search,9,1346,26,20.802172886644268,17.663818169698587,21
random_search,9,1347,26,20.676575213227444,17.663818169698587,21
random_search,9,1348,26,20.864054992217053,17.663818169698587,21
random_search,9,1349,26,21.457342370508883,17.663818169698587,21
random_search,9,1350,27,20.949444375840397,17.663818169698587,21
random_search,9,1351,27,21.280350850198275,17.663818169698587,21
random_search,9,1352,27,21.341653005427766,17.663818169698587,21
random_search,9,1353,27,20.49582971014219,17.663818169698587,21
random_search,9,1354,27,21.214944167960986,17.663818169698587,21
random_search,9,1355,27,19.314642819948226,17.663818169698587,21
random_search,9,1356,27,19.63527000944073,17.663818169698587,21
random_search,9,1357,27,21.343024810940587,17.663818169698587,21
random_search,9,1358,27,21.173320053068153,17.663818169698587,21
random_search,9,1359,27,20.427105745132007,17.663818169698587,21
random_search,9,1360,27,20.3295630140987,17.663818169698587,21
random_search,9,1361,27,21.270540018881462,17.663818169698587,21
random_search,9,1362,27,20.428991560298222,17.663818169698587,21
random_search,9,1363,27,19.48148877222268,17.663818169698587,21
random_search,9,1364,27,20.134698994937583,17.663818169698587,21
random_search,9,1365,27,19.663818169698587,17.663818169698587,21
random_search,9,1366,27,19.368438714135813,17.663818169698587,21
random_search,9,1367,27,22.144994432064365,17.663818169698587,21
random_search,9,1368,27,20.953720459187966,17.663818169698587,21
random_search,9,1369,27,20.423538406167136,17.663818169698587,21
random_search,9,1370,27,22.474928570845474,17.663818169698587,21
random_search,9,1371,27,20.80384048104053,17.663818169698587,21
random_search,9,1372,27,21.577902338672775,17.663818169698587,21
random_search,9,1373,27,20.193737745050925,17.663818169698587,21
random_search,9,1374,27,20.419090595827292,17.663818169698587,21
random_search,9,1375,27,20.5,17.663818169698587,21
random_search,9,1376,27,20.193737745050925,17.663818169698587,21
random_search,9,1377,27,19.419090595827292,17.663818169698587,21
random_search,9,1378,27,20.227566688249706,17.663818169698587,21
random_search,9,1379,27,20.802172886644268,17.663818169698587,21
random_search,9,1380,27,20.77488738510232,17.663818169698587,21
random_search,9,1381,27,22.26988664825584,17.663818169698587,21
random_search,9,1382,27,20.121320343559642,17.663818169698587,21
random_search,9,1383,27,20.42756668824971,17.663818169698587,21
random_search,9,1384,27,20.83390796058137,17.663818169698587,21
random_search,9,1385,27,21.487475490101847,17.663818169698587,21
random_search,9,1386,27,21.735270009440733,17.663818169698587,21
random_search,9,1387,27,22.099999999999998,17.663818169698587,21
random_search,9,1388,27,21.25306852353742,17.663818169698587,21
random_search,9,1389,27,21.114642819948223,17.663818169698587,21
random_search,9,1390,27,20.254723699099138,17.663818169698587,21
random_search,9,1391,27,22.54959013639538,17.663818169698587,21
random_search,9,1392,27,21.646426544510454,17.663818169698587,21
random_search,9,1393,27,21.099999999999998,17.663818169698587,21
random_search,9,1394,27,20.04880884817015,17.663818169698587,21
random_search,9,1395,27,21.054065922853802,17.663818169698587,21
random_search,9,1396,27,19.08522995463527,17.663818169698587,21
random_search,9,1397,27,19.584943324127924,17.663818169698587,21
random_search,9,1398,27,21.0,17.663818169698587,21
random_search,9,1399,27,20.696150997149434,17.663818169698587,21
random_search,9,1400,28,20.16794833886788,17.663818169698587,21
random_search,9,1401,28,21.14355957741627,17.663818169698587,21
random_search,9,1402,28,20.64355957741627,17.663818169698587,21
random_search,9,1403,28,20.659126028197402,17.663818169698587,21
random_search,9,1404,28,22.97245829914744,17.663818169698587,21
random_search,9,1405,28,20.52710574513201,17.663818169698587,21
random_search,9,1406,28,20.97763888346312,17.663818169698587,21
random_search,9,1407,28,20.49373774505092,17.663818169698587,21
random_search,9,1408,28,19.66770782520313,17.663818169698587,21
random_search,9,1409,28,20.667156809750924,17.663818169698587,21
random_search,9,1410,28,22.487905815638733,17.663818169698587,21
random_search,9,1411,28,20.45472369909914,17.663818169698587,21
random_search,9,1412,28,21.2219040425837,17.663818169698587,21
random_search,9,1413,28,20.727566688249706,17.663818169698587,21
random_search,9,1414,28,19.63907194296653,17.663818169698587,21
random_search,9,1415,28,18.967707825203128,17.663818169698587,21
random_search,9,1416,28,20.761249694973138,17.663818169698587,21
random_search,9,1417,28,20.91084400165827,17.663818169698587,21
random_search,9,1418,28,18.80384048104053,17.663818169698587,21
random_search,9,1419,28,21.04928556845359,17.663818169698587,21
random_search,9,1420,28,21.099999999999998,17.663818169698587,21
random_search,9,1421,28,21.01657508881031,17.663818169698587,21
random_search,9,1422,28,21.417800560721076,17.663818169698587,21
random_search,9,1423,28,20.781934729198174,17.663818169698587,21
random_search,9,1424,28,21.423538406167136,17.663818169698587,21
random_search,9,1425,28,22.359411708155672,17.663818169698587,21
random_search,9,1426,28,20.210844001658266,17.663818169698587,21
random_search,9,1427,28,21.59072480941474,17.663818169698587,21
random_search,9,1428,28,20.64355957741627,17.663818169698587,21
random_search,9,1429,28,22.272077843177478,17.663818169698587,21
random_search,9,1430,28,21.462977544445355,17.663818169698587,21
random_search,9,1431,28,20.83390796058137,17.663818169698587,21
random_search,9,1432,28,21.108607914449795,17.663818169698587,21
random_search,9,1433,28,18.948331477354788,17.663818169698587,21
random_search,9,1434,28,19.64355957741627,17.663818169698587,21
random_search,9,1435,28,21.741653005427764,17.663818169698587,21
random_search,9,1436,28,20.90831891575846,17.663818169698587,21
random_search,9,1437,28,21.367156809750927,17.663818169698587,21
random_search,9,1438,28,20.622611077089285,17.663818169698587,21
random_search,9,1439,28,21.707567081708245,17.663818169698587,21
random_search,9,1440,28,21.516609194718917,17.663818169698587,21
random_search,9,1441,28,21.756809750418043,17.663818169698587,21
random_search,9,1442,28,20.13527000944073,17.663818169698587,21
random_search,9,1443,28,21.667156809750924,17.663818169698587,21
random_search,9,1444,28,20.071779788708135,17.663818169698587,21
random_search,9,1445,28,20.235270009440733,17.663818169698587,21
random_search,9,1446,28,20.73622914957372,17.663818169698587,21
random_search,9,1447,28,21.345207879911715,17.663818169698587,21
random_search,9,1448,28,20.679075450674063,17.663818169698587,21
random_search,9,1449,28,21.036664289109584,17.663818169698587,21
random_search,9,1450,29,20.88494332412792,17.663818169698587,21
random_search,9,1451,29,19.559591794226545,17.663818169698587,21
random_search,9,1452,29,20.173320053068153,17.663818169698587,21
random_search,9,1453,29,20.30787840283389,17.663818169698587,21
random_search,9,1454,29,20.94948974278318,17.663818169698587,21
random_search,9,1455,29,19.8,17.663818169698587,21
random_search,9,1456,29,18.891153452528776,17.663818169698587,21
random_search,9,1457,29,21.28997487421324,17.663818169698587,21
random_search,9,1458,29,21.94948974278318,17.663818169698587,21
random_search,9,1459,29,21.309243436828815,17.663818169698587,21
random_search,9,1460,29,21.681934729198172,17.663818169698587,21
random_search,9,1461,29,18.908304597359457,17.663818169698587,21
random_search,9,1462,29,22.160319135392633,17.663818169698587,21
random_search,9,1463,29,19.281934729198174,17.663818169698587,21
random_search,9,1464,29,20.449444375840397,17.663818169698587,21
random_search,9,1465,29,19.41916017074176,17.663818169698587,21
random_search,9,1466,29,20.920465053408524,17.663818169698587,21
random_search,9,1467,29,21.95306852353742,17.663818169698587,21
random_search,9,1468,29,21.41084400165827,17.663818169698587,21
random_search,9,1469,29,21.077154105707724,17.663818169698587,21
random_search,9,1470,29,21.099999999999998,17.663818169698587,21
random_search,9,1471,29,22.539013913315678,17.663818169698587,21
random_search,9,1472,29,20.613112646970897,17.663818169698587,21
random_search,9,1473,29,19.62763633939717,17.663818169698587,21
random_search,9,1474,29,22.823742416388576,17.663818169698587,21
random_search,9,1475,29,20.72074368738204,17.663818169698587,21
random_search,9,1476,29,22.210844001658266,17.663818169698587,21
random_search,9,1477,29,21.109243436828812,17.663818169698587,21
random_search,9,1478,29,20.26023252670426,17.663818169698587,21
random_search,9,1479,29,21.345207879911715,17.663818169698587,21
random_search,9,1480,29,18.099999999999998,17.663818169698587,21
random_search,9,1481,29,20.46204993518133,17.663818169698587,21
random_search,9,1482,29,20.672004514666934,17.663818169698587,21
random_search,9,1483,29,19.989979919597747,17.663818169698587,21
random_search,9,1484,29,20.311871208194287,17.663818169698587,21
random_search,9,1485,29,19.571779788708135,17.663818169698587,21
random_search,9,1486,29,19.322497216032183,17.663818169698587,21
random_search,9,1487,29,21.95870331449229,17.663818169698587,21
random_search,9,1488,29,20.47484176581315,17.663818169698587,21
random_search,9,1489,29,17.80990195135928,17.663818169698587,21
random_search,9,1490,29,20.58522995463527,17.663818169698587,21
random_search,9,1491,29,22.25306852353742,17.663818169698587,21
random_search,9,1492,29,21.438181191654586,17.663818169698587,21
random_search,9,1493,29,20.227566688249706,17.663818169698587,21
random_search,9,1494,29,20.672004514666934,17.663818169698587,21
random_search,9,1495,29,20.73205080756888,17.663818169698587,21
random_search,9,1496,29,22.949576240750524,17.663818169698587,21
random_search,9,1497,29,19.30332963783729,17.663818169698587,21
random_search,9,1498,29,20.483266665599963,17.663818169698587,21
random_search,9,1499,29,20.57402157263998,17.663818169698587,21
random_search,9,1500,30,20.343559577416272,17.663818169698587,21
random_search,9,1501,30,21.588435821108956,17.663818169698587,21
random_search,9,1502,30,19.20332963783729,17.663818169698587,21
random_search,9,1503,30,21.28997487421324,17.663818169698587,21
random_search,9,1504,30,21.713594362117867,17.663818169698587,21
random_search,9,1505,30,20.14575131106459,17.663818169698587,21
random_search,9,1506,30,20.071779788708135,17.663818169698587,21
random_search,9,1507,30,22.034387974463897,17.663818169698587,21
random_search,9,1508,30,19.822497216032183,17.663818169698587,21
random_search,9,1509,30,21.33390796058137,17.663818169698587,21
random_search,9,1510,30,18.80384048104053,17.663818169698587,21
random_search,9,1511,30,21.28790581563873,17.663818169698587,21
random_search,9,1512,30,19.50554700852678,17.663818169698587,21
random_search,9,1513,30,20.29283882771841,17.663818169698587,21
random_search,9,1514,30,18.87840487520902,17.663818169698587,21
random_search,9,1515,30,20.339607805437115,17.663818169698587,21
random_search,9,1516,30,20.099999999999998,17.663818169698587,21
random_search,9,1517,30,21.400000000000002,17.663818169698587,21
random_search,9,1518,30,19.683266665599966,17.663818169698587,21
random_search,9,1519,30,21.93469899493758,17.663818169698587,21
random_search,9,1520,30,21.802172886644268,17.663818169698587,21
random_search,9,1521,30,20.861324772583615,17.663818169698587,21
random_search,9,1522,30,22.04959013639538,17.663818169698587,21
random_search,9,1523,30,21.26397674405503,17.663818169698587,21
random_search,9,1524,30,19.512403840463595,17.663818169698587,21
random_search,9,1525,30,21.254065922853805,17.663818169698587,21
random_search,9,1526,30,21.5,17.663818169698587,21
random_search,9,1527,30,21.009980079602226,17.663818169698587,21
random_search,9,1528,30,20.491153452528778,17.663818169698587,21
random_search,9,1529,30,20.98148877222268,17.663818169698587,21
random_search,9,1530,30,20.93095064303001,17.663818169698587,21
random_search,9,1531,30,21.322611077089288,17.663818169698587,21
random_search,9,1532,30,20.822611077089288,17.663818169698587,21
random_search,9,1533,30,20.662049935181333,17.663818169698587,21
random_search,9,1534,30,20.88494332412792,17.663818169698587,21
random_search,9,1535,30,19.73622914957372,17.663818169698587,21
random_search,9,1536,30,20.99615099714943,17.663818169698587,21
random_search,9,1537,30,20.63907194296653,17.663818169698587,21
random_search,9,1538,30,20.423538406167136,17.663818169698587,21
random_search,9,1539,30,19.839607805437115,17.663818169698587,21
random_search,9,1540,30,20.991153452528778,17.663818169698587,21
random_search,9,1541,30,20.30384048104053,17.663818169698587,21
random_search,9,1542,30,19.919090595827292,17.663818169698587,21
random_search,9,1543,30,20.94935886896179,17.663818169698587,21
random_search,9,1544,30,19.56953597148327,17.663818169698587,21
random_search,9,1545,30,20.991153452528778,17.663818169698587,21
random_search,9,1546,30,21.549444375840398,17.663818169698587,21
random_search,9,1547,30,21.016609194718917,17.663818169698587,21
random_search,9,1548,30,20.230727575266254,17.663818169698587,21
random_search,9,1549,30,19.76468827043885,17.663818169698587,21
random_search,9,1550,31,20.772077843177478,17.663818169698587,21
random_search,9,1551,31,19.51657508881031,17.663818169698587,21
random_search,9,1552,31,19.46619037896906,17.663818169698587,21
random_search,9,1553,31,21.280697580112786,17.663818169698587,21
random_search,9,1554,31,21.60768096208106,17.663818169698587,21
random_search,9,1555,31,20.33390796058137,17.663818169698587,21
random_search,9,1556,31,21.00454076850486,17.663818169698587,21
random_search,9,1557,31,19.26843871413581,17.663818169698587,21
random_search,9,1558,31,21.033907960581374,17.663818169698587,21
random_search,9,1559,31,20.088409872672514,17.663818169698587,21
random_search,9,1560,31,18.760681686165903,17.663818169698587,21
random_search,9,1561,31,20.739071942966532,17.663818169698587,21
random_search,9,1562,31,20.59799919935936,17.663818169698587,21
random_search,9,1563,31,20.868438714135813,17.663818169698587,21
random_search,9,1564,31,20.48148877222268,17.663818169698587,21
random_search,9,1565,31,19.640967364599085,17.663818169698587,21
random_search,9,1566,31,19.44948974278318,17.663818169698587,21
random_search,9,1567,31,21.537211521390788,17.663818169698587,21
random_search,9,1568,31,20.45472369909914,17.663818169698587,21
random_search,9,1569,31,22.07364413533277,17.663818169698587,21
random_search,9,1570,31,20.961324772583616,17.663818169698587,21
random_search,9,1571,31,20.55796522451032,17.663818169698587,21
random_search,9,1572,31,20.021347195933174,17.663818169698587,21
random_search,9,1573,31,20.161706725018234,17.663818169698587,21
random_search,9,1574,31,21.049444375840398,17.663818169698587,21
random_search,9,1575,31,19.795829710142186,17.663818169698587,21
random_search,9,1576,31,21.781488772222676,17.663818169698587,21
random_search,9,1577,31,19.872004514666937,17.663818169698587,21
random_search,9,1578,31,20.534387974463897,17.663818169698587,21
random_search,9,1579,31,17.914213562373096,17.663818169698587,21
random_search,9,1580,31,20.75329983228432,17.663818169698587,21
random_search,9,1581,31,20.372004514666937,17.663818169698587,21
random_search,9,1582,31,21.160107523773828,17.663818169698587,21
random_search,9,1583,31,19.112403840463596,17.663818169698587,21
random_search,9,1584,31,21.18910462845192,17.663818169698587,21
random_search,9,1585,31,20.3,17.663818169698587,21
random_search,9,1586,31,19.836660026534076,17.663818169698587,21
random_search,9,1587,31,21.661706725018234,17.663818169698587,21
random_search,9,1588,31,18.7,17.663818169698587,21
random_search,9,1589,31,22.707492981902774,17.663818169698587,21
random_search,9,1590,31,19.629705854077837,17.663818169698587,21
random_search,9,1591,31,21.742787793912434,17.663818169698587,21
random_search,9,1592,31,20.172004514666934,17.663818169698587,21
random_search,9,1593,31,20.007878402833892,17.663818169698587,21
random_search,9,1594,31,20.935415650406263,17.663818169698587,21
random_search,9,1595,31,21.68679622641132,17.663818169698587,21
random_search,9,1596,31,20.157342370508886,17.663818169698587,21
random_search,9,1597,31,20.172004514666934,17.663818169698587,21
random_search,9,1598,31,22.90312347560939,17.663818169698587,21
random_search,9,1599,31,21.113112646970897,17.663818169698587,21
random_search,9,1600,32,21.23861278752583,17.663818169698587,21
random_search,9,1601,32,19.524845673131658,17.663818169698587,21
random_search,9,1602,32,21.059591794226545,17.663818169698587,21
random_search,9,1603,32,18.54833147735479,17.663818169698587,21
random_search,9,1604,32,21.25306852353742,17.663818169698587,21
random_search,9,1605,32,21.33390796058137,17.663818169698587,21
random_search,9,1606,32,20.88910462845192,17.663818169698587,21
random_search,9,1607,32,20.427105745132007,17.663818169698587,21
random_search,9,1608,32,21.93130005674953,17.663818169698587,21
random_search,9,1609,32,22.088435821108956,17.663818169698587,21
random_search,9,1610,32,21.657342370508886,17.663818169698587,21
random_search,9,1611,32,21.613112646970897,17.663818169698587,21
random_search,9,1612,32,21.91916017074176,17.663818169698587,21
random_search,9,1613,32,21.62074368738204,17.663818169698587,21
random_search,9,1614,32,21.636664289109586,17.663818169698587,21
random_search,9,1615,32,19.520465053408525,17.663818169698587,21
random_search,9,1616,32,20.13527000944073,17.663818169698587,21
random_search,9,1617,32,20.659126028197402,17.663818169698587,21
random_search,9,1618,32,20.710844001658266,17.663818169698587,21
random_search,9,1619,32,22.20713075057055,17.663818169698587,21
random_search,9,1620,32,19.38806130178211,17.663818169698587,21
random_search,9,1621,32,21.615587038162705,17.663818169698587,21
random_search,9,1622,32,22.32232783924049,17.663818169698587,21
random_search,9,1623,32,20.90312347560939,17.663818169698587,21
random_search,9,1624,32,22.59799919935936,17.663818169698587,21
random_search,9,1625,32,20.36619037896906,17.663818169698587,21
random_search,9,1626,32,21.053299832284317,17.663818169698587,21
random_search,9,1627,32,20.90454076850486,17.663818169698587,21
random_search,9,1628,32,20.94928556845359,17.663818169698587,21
random_search,9,1629,32,20.8459060435492,17.663818169698587,21
random_search,9,1630,32,22.089983277545212,17.663818169698587,21
random_search,9,1631,32,22.088435821108956,17.663818169698587,21
random_search,9,1632,32,23.552396473549933,17.663818169698587,21
random_search,9,1633,32,20.802172886644268,17.663818169698587,21
random_search,9,1634,32,21.183281572999746,17.663818169698587,21
random_search,9,1635,32,19.909975124224175,17.663818169698587,21
random_search,9,1636,32,19.90454076850486,17.663818169698587,21
random_search,9,1637,32,21.539013913315678,17.663818169698587,21
random_search,9,1638,32,20.99373774505092,17.663818169698587,21
random_search,9,1639,32,19.20293863659264,17.663818169698587,21
random_search,9,1640,32,18.70332963783729,17.663818169698587,21
random_search,9,1641,32,22.17681974534503,17.663818169698587,21
random_search,9,1642,32,22.52883794381533,17.663818169698587,21
random_search,9,1643,32,21.772751070837067,17.663818169698587,21
random_search,9,1644,32,23.20936130717624,17.663818169698587,21
random_search,9,1645,32,21.56767050061961,17.663818169698587,21
random_search,9,1646,32,19.30332963783729,17.663818169698587,21
random_search,9,1647,32,19.872004514666937,17.663818169698587,21
random_search,9,1648,32,20.427105745132007,17.663818169698587,21
random_search,9,1649,32,21.117935662402836,17.663818169698587,21
random_search,9,1650,33,21.609243436828812,17.663818169698587,21
random_search,9,1651,33,20.70199920063936,17.663818169698587,21
random_search,9,1652,33,20.8,17.663818169698587,21
random_search,9,1653,33,19.316590212458493,17.663818169698587,21
random_search,9,1654,33,20.780350850198275,17.663818169698587,21
random_search,9,1655,33,21.776575213227446,17.663818169698587,21
random_search,9,1656,33,21.048999599679682,17.663818169698587,21
random_search,9,1657,33,19.340967364599088,17.663818169698587,21
random_search,9,1658,33,19.714944167960986,17.663818169698587,21
random_search,9,1659,33,21.16794833886788,17.663818169698587,21
random_search,9,1660,33,21.16794833886788,17.663818169698587,21
random_search,9,1661,33,20.055294535724684,17.663818169698587,21
random_search,9,1662,33,19.80332963783729,17.663818169698587,21
random_search,9,1663,33,18.8,17.663818169698587,21
random_search,9,1664,33,20.311871208194287,17.663818169698587,21
random_search,9,1665,33,21.877902338672772,17.663818169698587,21
random_search,9,1666,33,22.95306852353742,17.663818169698587,21
random_search,9,1667,33,20.26843871413581,17.663818169698587,21
random_search,9,1668,33,22.471750305430742,17.663818169698587,21
random_search,9,1669,33,21.956141357987224,17.663818169698587,21
random_search,9,1670,33,19.689974874213238,17.663818169698587,21
random_search,9,1671,33,20.007878402833892,17.663818169698587,21
random_search,9,1672,33,22.176575213227444,17.663818169698587,21
random_search,9,1673,33,19.614642819948223,17.663818169698587,21
random_search,9,1674,33,19.880697580112788,17.663818169698587,21
random_search,9,1675,33,20.64476105895272,17.663818169698587,21
random_search,9,1676,33,20.488409872672513,17.663818169698587,21
random_search,9,1677,33,20.524845673131658,17.663818169698587,21
random_search,9,1678,33,19.71909059582729,17.663818169698587,21
random_search,9,1679,33,18.612403840463596,17.663818169698587,21
random_search,9,1680,33,20.084943324127924,17.663818169698587,21
random_search,9,1681,33,20.06287388383278,17.663818169698587,21
random_search,9,1682,33,21.034387974463897,17.663818169698587,21
random_search,9,1683,33,20.900000000000002,17.663818169698587,21
random_search,9,1684,33,20.370828693386972,17.663818169698587,21
random_search,9,1685,33,18.769693845669906,17.663818169698587,21
random_search,9,1686,33,20.38806130178211,17.663818169698587,21
random_search,9,1687,33,20.033907960581374,17.663818169698587,21
random_search,9,1688,33,20.57907545067406,17.663818169698587,21
random_search,9,1689,33,21.230727575266254,17.663818169698587,21
random_search,9,1690,33,21.8554305086342,17.663818169698587,21
random_search,9,1691,33,20.457342370508883,17.663818169698587,21
random_search,9,1692,33,20.3459060435492,17.663818169698587,21
random_search,9,1693,33,22.507135583350035,17.663818169698587,21
random_search,9,1694,33,23.49722114972099,17.663818169698587,21
random_search,9,1695,33,20.872004514666937,17.663818169698587,21
random_search,9,1696,33,20.47484176581315,17.663818169698587,21
random_search,9,1697,33,21.597617696340304,17.663818169698587,21
random_search,9,1698,33,22.80142828000232,17.663818169698587,21
random_search,9,1699,33,22.495451410656816,17.663818169698587,21
random_search,9,1700,34,22.0,17.663818169698587,21
random_search,9,1701,34,21.36356421265527,17.663818169698587,21
random_search,9,1702,34,20.280350850198275,17.663818169698587,21
random_search,9,1703,34,21.599999999999998,17.663818169698587,21
random_search,9,1704,34,20.160107523773828,17.663818169698587,21
random_search,9,1705,34,20.055294535724684,17.663818169698587,21
random_search,9,1706,34,18.983266665599963,17.663818169698587,21
random_search,9,1707,34,21.864054992217053,17.663818169698587,21
random_search,9,1708,34,21.17681974534503,17.663818169698587,21
random_search,9,1709,34,19.814642819948226,17.663818169698587,21
random_search,9,1710,34,21.30332963783729,17.663818169698587,21
random_search,9,1711,34,20.319160170741757,17.663818169698587,21
random_search,9,1712,34,20.664688270438848,17.663818169698587,21
random_search,9,1713,34,20.449545416973503,17.663818169698587,21
random_search,9,1714,34,20.06767050061961,17.663818169698587,21
random_search,9,1715,34,20.51657508881031,17.663818169698587,21
random_search,9,1716,34,20.956141357987224,17.663818169698587,21
random_search,9,1717,34,22.07907545067406,17.663818169698587,21
random_search,9,1718,34,20.193737745050925,17.663818169698587,21
random_search,9,1719,34,20.872004514666937,17.663818169698587,21
random_search,9,1720,34,21.770540018881462,17.663818169698587,21
random_search,9,1721,34,20.162049935181333,17.663818169698587,21
random_search,9,1722,34,21.302172886644268,17.663818169698587,21
random_search,9,1723,34,19.00830459735946,17.663818169698587,21
random_search,9,1724,34,22.110589071449372,17.663818169698587,21
random_search,9,1725,34,21.357066051117283,17.663818169698587,21
random_search,9,1726,34,20.93238075793812,17.663818169698587,21
random_search,9,1727,34,21.73238075793812,17.663818169698587,21
random_search,9,1728,34,20.92756668824971,17.663818169698587,21
random_search,9,1729,34,21.449444375840397,17.663818169698587,21
random_search,9,1730,34,19.01651513899117,17.663818169698587,21
random_search,9,1731,34,20.634698994937583,17.663818169698587,21
random_search,9,1732,34,19.3295630140987,17.663818169698587,21
random_search,9,1733,34,21.2,17.663818169698587,21
random_search,9,1734,34,19.869535971483266,17.663818169698587,21
random_search,9,1735,34,19.571779788708135,17.663818169698587,21
random_search,9,1736,34,22.05277655408689,17.663818169698587,21
random_search,9,1737,34,20.57364413533277,17.663818169698587,21
random_search,9,1738,34,20.515167380558044,17.663818169698587,21
random_search,9,1739,34,20.054065922853802,17.663818169698587,21
random_search,9,1740,34,20.58113883008419,17.663818169698587,21
random_search,9,1741,34,19.492838827718412,17.663818169698587,21
random_search,9,1742,34,20.736877428271626,17.663818169698587,21
random_search,9,1743,34,20.560107523773826,17.663818169698587,21
random_search,9,1744,34,21.61283361405006,17.663818169698587,21
random_search,9,1745,34,22.394438717061494,17.663818169698587,21
random_search,9,1746,34,20.710844001658266,17.663818169698587,21
random_search,9,1747,34,20.900000000000002,17.663818169698587,21
random_search,9,1748,34,19.213552872566005,17.663818169698587,21
random_search,9,1749,34,19.55758369027902,17.663818169698587,21
random_search,9,1750,35,20.020465053408525,17.663818169698587,21
random_search,9,1751,35,20.83541565040626,17.663818169698587,21
random_search,9,1752,35,20.08113883008419,17.663818169698587,21
random_search,9,1753,35,20.64355957741627,17.663818169698587,21
random_search,9,1754,35,21.016609194718917,17.663818169698587,21
random_search,9,1755,35,21.59799919935936,17.663818169698587,21
random_search,9,1756,35,20.63907194296653,17.663818169698587,21
random_search,9,1757,35,19.23622914957372,17.663818169698587,21
random_search,9,1758,35,20.83721152139079,17.663818169698587,21
random_search,9,1759,35,19.614642819948223,17.663818169698587,21
random_search,9,1760,35,20.754723699099138,17.663818169698587,21
random_search,9,1761,35,20.975817632051932,17.663818169698587,21
random_search,9,1762,35,20.614642819948223,17.663818169698587,21
random_search,9,1763,35,21.659729717389748,17.663818169698587,21
random_search,9,1764,35,21.553299832284317,17.663818169698587,21
random_search,9,1765,35,23.016631205513228,17.663818169698587,21
random_search,9,1766,35,21.00454076850486,17.663818169698587,21
random_search,9,1767,35,18.460232526704264,17.663818169698587,21
random_search,9,1768,35,22.039387691339815,17.663818169698587,21
random_search,9,1769,35,20.26468827043885,17.663818169698587,21
random_search,9,1770,35,21.3,17.663818169698587,21
random_search,9,1771,35,20.603569153775236,17.663818169698587,21
random_search,9,1772,35,20.56287388383278,17.663818169698587,21
random_search,9,1773,35,20.82828568570857,17.663818169698587,21
random_search,9,1774,35,20.47763888346312,17.663818169698587,21
random_search,9,1775,35,21.016609194718917,17.663818169698587,21
random_search,9,1776,35,20.964965543462903,17.663818169698587,21
random_search,9,1777,35,18.891153452528776,17.663818169698587,21
random_search,9,1778,35,22.82842712474619,17.663818169698587,21
random_search,9,1779,35,20.36619037896906,17.663818169698587,21
random_search,9,1780,35,20.844994432064368,17.663818169698587,21
random_search,9,1781,35,21.957342370508883,17.663818169698587,21
random_search,9,1782,35,20.285229954635273,17.663818169698587,21
random_search,9,1783,35,21.024845673131658,17.663818169698587,21
random_search,9,1784,35,19.533907960581374,17.663818169698587,21
random_search,9,1785,35,19.88494332412792,17.663818169698587,21
random_search,9,1786,35,21.093468988235944,17.663818169698587,21
random_search,9,1787,35,20.44935886896179,17.663818169698587,21
random_search,9,1788,35,19.46204993518133,17.663818169698587,21
random_search,9,1789,35,21.493468988235943,17.663818169698587,21
random_search,9,1790,35,23.177193921634785,17.663818169698587,21
random_search,9,1791,35,21.343559577416272,17.663818169698587,21
random_search,9,1792,35,20.427105745132007,17.663818169698587,21
random_search,9,1793,35,19.04880884817015,17.663818169698587,21
random_search,9,1794,35,20.309243436828815,17.663818169698587,21
random_search,9,1795,35,20.577154105707724,17.663818169698587,21
random_search,9,1796,35,19.64355957741627,17.663818169698587,21
random_search,9,1797,35,21.30787840283389,17.663818169698587,21
random_search,9,1798,35,21.841653005427766,17.663818169698587,21
random_search,9,1799,35,22.309983388658484,17.663818169698587,21
random_search,9,1800,36,21.049615361854386,17.663818169698587,21
random_search,9,1801,36,20.362873883832776,17.663818169698587,21
random_search,9,1802,36,20.23606797749979,17.663818169698587,21
random_search,9,1803,36,20.919090595827292,17.663818169698587,21
random_search,9,1804,36,22.072077843177475,17.663818169698587,21
random_search,9,1805,36,20.088435821108956,17.663818169698587,21
random_search,9,1806,36,22.526368339802364,17.663818169698587,21
random_search,9,1807,36,19.288854381999833,17.663818169698587,21
random_search,9,1808,36,18.380624847486573,17.663818169698587,21
random_search,9,1809,36,22.70936130717624,17.663818169698587,21
random_search,9,1810,36,21.470540018881465,17.663818169698587,21
random_search,9,1811,36,22.27488738510232,17.663818169698587,21
random_search,9,1812,36,22.293325909419153,17.663818169698587,21
random_search,9,1813,36,19.60554700852678,17.663818169698587,21
random_search,9,1814,36,21.37571129984594,17.663818169698587,21
random_search,9,1815,36,20.35870331449229,17.663818169698587,21
random_search,9,1816,36,20.411871208194288,17.663818169698587,21
random_search,9,1817,36,20.597617696340304,17.663818169698587,21
random_search,9,1818,36,22.564965543462904,17.663818169698587,21
random_search,9,1819,36,20.662049935181333,17.663818169698587,21
random_search,9,1820,36,23.207567081708245,17.663818169698587,21
random_search,9,1821,36,20.036664289109584,17.663818169698587,21
random_search,9,1822,36,20.891153452528776,17.663818169698587,21
random_search,9,1823,36,21.084943324127924,17.663818169698587,21
random_search,9,1824,36,19.46204993518133,17.663818169698587,21
random_search,9,1825,36,19.7770329614269,17.663818169698587,21
random_search,9,1826,36,22.05657137141714,17.663818169698587,21
random_search,9,1827,36,21.049444375840398,17.663818169698587,21
random_search,9,1828,36,19.877032961426902,17.663818169698587,21
random_search,9,1829,36,20.967707825203128,17.663818169698587,21
random_search,9,1830,36,20.8,17.663818169698587,21
random_search,9,1831,36,20.366431913239847,17.663818169698587,21
random_search,9,1832,36,18.7,17.663818169698587,21
random_search,9,1833,36,20.67681974534503,17.663818169698587,21
random_search,9,1834,36,21.664582518894846,17.663818169698587,21
random_search,9,1835,36,19.341640786499873,17.663818169698587,21
random_search,9,1836,36,21.5,17.663818169698587,21
random_search,9,1837,36,19.460232526704264,17.663818169698587,21
random_search,9,1838,36,20.908304597359457,17.663818169698587,21
random_search,9,1839,36,21.049444375840398,17.663818169698587,21
random_search,9,1840,36,19.84390889145858,17.663818169698587,21
random_search,9,1841,36,19.76397674405503,17.663818169698587,21
random_search,9,1842,36,20.80787840283389,17.663818169698587,21
random_search,9,1843,36,19.56953597148327,17.663818169698587,21
random_search,9,1844,36,20.613112646970897,17.663818169698587,21
random_search,9,1845,36,21.084943324127924,17.663818169698587,21
random_search,9,1846,36,21.621347195933176,17.663818169698587,21
random_search,9,1847,36,20.867156809750927,17.663818169698587,21
random_search,9,1848,36,21.281934729198174,17.663818169698587,21
random_search,9,1849,36,20.40454076850486,17.663818169698587,21
random_search,9,1850,37,21.38608421540822,17.663818169698587,21
random_search,9,1851,37,21.940063693621518,17.663818169698587,21
random_search,9,1852,37,20.593468988235944,17.663818169698587,21
random_search,9,1853,37,19.663818169698587,17.663818169698587,21
random_search,9,1854,37,20.534387974463897,17.663818169698587,21
random_search,9,1855,37,20.975817632051932,17.663818169698587,21
random_search,9,1856,37,20.862873883832776,17.663818169698587,21
random_search,9,1857,37,20.967670500619608,17.663818169698587,21
random_search,9,1858,37,19.133030277982336,17.663818169698587,21
random_search,9,1859,37,20.595451410656818,17.663818169698587,21
random_search,9,1860,37,18.978232998312528,17.663818169698587,21
random_search,9,1861,37,20.07364413533277,17.663818169698587,21
random_search,9,1862,37,18.140175425099137,17.663818169698587,21
random_search,9,1863,37,19.420465053408524,17.663818169698587,21
random_search,9,1864,37,19.662049935181333,17.663818169698587,21
random_search,9,1865,37,20.86397674405503,17.663818169698587,21
random_search,9,1866,37,21.15796522451032,17.663818169698587,21
random_search,9,1867,37,17.7,17.663818169698587,21
random_search,9,1868,37,20.780697580112786,17.663818169698587,21
random_search,9,1869,37,20.795829710142186,17.663818169698587,21
random_search,9,1870,37,20.802172886644268,17.663818169698587,21
random_search,9,1871,37,23.319950248448357,17.663818169698587,21
random_search,9,1872,37,21.04928556845359,17.663818169698587,21
random_search,9,1873,37,21.114642819948223,17.663818169698587,21
random_search,9,1874,37,20.760681686165903,17.663818169698587,21
random_search,9,1875,37,21.642787793912433,17.663818169698587,21
random_search,9,1876,37,18.640967364599085,17.663818169698587,21
random_search,9,1877,37,22.341653005427766,17.663818169698587,21
random_search,9,1878,37,21.49615099714943,17.663818169698587,21
random_search,9,1879,37,22.656141357987227,17.663818169698587,21
random_search,9,1880,37,22.015167380558044,17.663818169698587,21
random_search,9,1881,37,19.86397674405503,17.663818169698587,21
random_search,9,1882,37,20.809243436828815,17.663818169698587,21
random_search,9,1883,37,21.509980079602226,17.663818169698587,21
random_search,9,1884,37,21.115167380558045,17.663818169698587,21
random_search,9,1885,37,19.524845673131658,17.663818169698587,21
random_search,9,1886,37,19.173320053068153,17.663818169698587,21
random_search,9,1887,37,22.210844001658266,17.663818169698587,21
random_search,9,1888,37,20.777154105707726,17.663818169698587,21
random_search,9,1889,37,21.637715508089904,17.663818169698587,21
random_search,9,1890,37,19.32828568570857,17.663818169698587,21
random_search,9,1891,37,21.82232783924049,17.663818169698587,21
random_search,9,1892,37,22.346536616149585,17.663818169698587,21
random_search,9,1893,37,19.21909059582729,17.663818169698587,21
random_search,9,1894,37,18.900000000000002,17.663818169698587,21
random_search,9,1895,37,20.8,17.663818169698587,21
random_search,9,1896,37,20.099999999999998,17.663818169698587,21
random_search,9,1897,37,20.46619037896906,17.663818169698587,21
random_search,9,1898,37,21.752610922848042,17.663818169698587,21
random_search,9,1899,37,20.617935662402836,17.663818169698587,21
random_search,9,1900,38,21.56767050061961,17.663818169698587,21
random_search,9,1901,38,18.908304597359457,17.663818169698587,21
random_search,9,1902,38,20.20293863659264,17.663818169698587,21
random_search,9,1903,38,21.0576411454889,17.663818169698587,21
random_search,9,1904,38,21.409975124224175,17.663818169698587,21
random_search,9,1905,38,21.295829710142186,17.663818169698587,21
random_search,9,1906,38,21.866431913239847,17.663818169698587,21
random_search,9,1907,38,20.613112646970897,17.663818169698587,21
random_search,9,1908,38,21.696150997149434,17.663818169698587,21
random_search,9,1909,38,20.533907960581374,17.663818169698587,21
random_search,9,1910,38,20.967670500619608,17.663818169698587,21
random_search,9,1911,38,20.372004514666937,17.663818169698587,21
random_search,9,1912,38,21.03315017762062,17.663818169698587,21
random_search,9,1913,38,20.774868417407582,17.663818169698587,21
random_search,9,1914,38,19.976819745345026,17.663818169698587,21
random_search,9,1915,38,19.288854381999833,17.663818169698587,21
random_search,9,1916,38,20.033030277982334,17.663818169698587,21
random_search,9,1917,38,21.126785107312738,17.663818169698587,21
random_search,9,1918,38,23.174021572639983,17.663818169698587,21
random_search,9,1919,38,21.122611077089285,17.663818169698587,21
random_search,9,1920,38,19.420465053408524,17.663818169698587,21
random_search,9,1921,38,20.30787840283389,17.663818169698587,21
random_search,9,1922,38,23.51058907144937,17.663818169698587,21
random_search,9,1923,38,21.549509756796393,17.663818169698587,21
random_search,9,1924,38,20.1431676725155,17.663818169698587,21
random_search,9,1925,38,20.822611077089288,17.663818169698587,21
random_search,9,1926,38,18.588409872672514,17.663818169698587,21
random_search,9,1927,38,21.167156809750924,17.663818169698587,21
random_search,9,1928,38,20.68910462845192,17.663818169698587,21
random_search,9,1929,38,20.877902338672772,17.663818169698587,21
random_search,9,1930,38,19.8732137494637,17.663818169698587,21
random_search,9,1931,38,19.099999999999998,17.663818169698587,21
random_search,9,1932,38,21.4377155080899,17.663818169698587,21
random_search,9,1933,38,20.02828568570857,17.663818169698587,21
random_search,9,1934,38,22.577154105707724,17.663818169698587,21
random_search,9,1935,38,20.634698994937583,17.663818169698587,21
random_search,9,1936,38,22.039387691339815,17.663818169698587,21
random_search,9,1937,38,20.99582971014219,17.663818169698587,21
random_search,9,1938,38,21.67681974534503,17.663818169698587,21
random_search,9,1939,38,20.44948974278318,17.663818169698587,21
random_search,9,1940,38,20.949444375840397,17.663818169698587,21
random_search,9,1941,38,22.053299832284317,17.663818169698587,21
random_search,9,1942,38,20.38494332412792,17.663818169698587,21
random_search,9,1943,38,19.58522995463527,17.663818169698587,21
random_search,9,1944,38,20.26023252670426,17.663818169698587,21
random_search,9,1945,38,19.20293863659264,17.663818169698587,21
random_search,9,1946,38,21.3,17.663818169698587,21
random_search,9,1947,38,19.88494332412792,17.663818169698587,21
random_search,9,1948,38,19.664582518894846,17.663818169698587,21
random_search,9,1949,38,21.86356421265527,17.663818169698587,21
random_search,9,1950,39,21.274868417407582,17.663818169698587,21
random_search,9,1951,39,22.295829710142186,17.663818169698587,21
random_search,9,1952,39,21.953720459187966,17.663818169698587,21
random_search,9,1953,39,20.217800560721074,17.663818169698587,21
random_search,9,1954,39,20.555294535724684,17.663818169698587,21
random_search,9,1955,39,20.727566688249706,17.663818169698587,21
random_search,9,1956,39,18.63527000944073,17.663818169698587,21
random_search,9,1957,39,20.88998327754521,17.663818169698587,21
random_search,9,1958,39,20.92756668824971,17.663818169698587,21
random_search,9,1959,39,21.134698994937583,17.663818169698587,21
random_search,9,1960,39,19.90831891575846,17.663818169698587,21
random_search,9,1961,39,20.93095064303001,17.663818169698587,21
random_search,9,1962,39,21.381742422927143,17.663818169698587,21
random_search,9,1963,39,20.97156333832011,17.663818169698587,21
random_search,9,1964,39,20.613112646970897,17.663818169698587,21
random_search,9,1965,39,21.136664289109586,17.663818169698587,21
random_search,9,1966,39,21.841653005427766,17.663818169698587,21
random_search,9,1967,39,19.336660026534076,17.663818169698587,21
random_search,9,1968,39,21.456141357987224,17.663818169698587,21
random_search,9,1969,39,19.866431913239847,17.663818169698587,21
random_search,9,1970,39,21.869870314579494,17.663818169698587,21
random_search,9,1971,39,20.12664991614216,17.663818169698587,21
random_search,9,1972,39,20.84390889145858,17.663818169698587,21
random_search,9,1973,39,20.34390889145858,17.663818169698587,21
random_search,9,1974,39,19.06287388383278,17.663818169698587,21
random_search,9,1975,39,20.660107523773828,17.663818169698587,21
random_search,9,1976,39,22.310693864511038,17.663818169698587,21
random_search,9,1977,39,19.714944167960986,17.663818169698587,21
random_search,9,1978,39,19.554065922853802,17.663818169698587,21
random_search,9,1979,39,21.12074368738204,17.663818169698587,21
random_search,9,1980,39,19.099999999999998,17.663818169698587,21
random_search,9,1981,39,21.911871208194288,17.663818169698587,21
random_search,9,1982,39,20.83390796058137,17.663818169698587,21
random_search,9,1983,39,20.75329983228432,17.663818169698587,21
random_search,9,1984,39,21.553299832284317,17.663818169698587,21
random_search,9,1985,39,21.167156809750924,17.663818169698587,21
random_search,9,1986,39,22.2,17.663818169698587,21
random_search,9,1987,39,20.754065922853805,17.663818169698587,21
random_search,9,1988,39,21.642787793912433,17.663818169698587,21
random_search,9,1989,39,21.097617696340304,17.663818169698587,21
random_search,9,1990,39,20.10554700852678,17.663818169698587,21
random_search,9,1991,39,21.572077843177475,17.663818169698587,21
random_search,9,1992,39,21.024845673131658,17.663818169698587,21
random_search,9,1993,39,22.521347195933174,17.663818169698587,21
random_search,9,1994,39,21.753720459187964,17.663818169698587,21
random_search,9,1995,39,22.20185121722126,17.663818169698587,21
random_search,9,1996,39,21.157342370508886,17.663818169698587,21
random_search,9,1997,39,20.341653005427766,17.663818169698587,21
random_search,9,1998,39,20.8,17.663818169698587,21
random_search,9,1999,39,20.172004514666934,17.663818169698587,21
random_search,9,2000,40,20.56287388383278,17.663818169698587,21
random_search,9,2001,40,19.391153452528776,17.663818169698587,21
random_search,9,2002,40,19.86397674405503,17.663818169698587,21
random_search,9,2003,40,19.86619037896906,17.663818169698587,21
random_search,9,2004,40,20.04928556845359,17.663818169698587,21
random_search,9,2005,40,19.914213562373096,17.663818169698587,21
random_search,9,2006,40,20.780697580112786,17.663818169698587,21
random_search,9,2007,40,18.26023252670426,17.663818169698587,21
random_search,9,2008,40,20.82379000772445,17.663818169698587,21
random_search,9,2009,40,20.181934729198172,17.663818169698587,21
random_search,9,2010,40,22.509980079602226,17.663818169698587,21
random_search,9,2011,40,21.261249694973138,17.663818169698587,21
random_search,9,2012,40,20.770540018881462,17.663818169698587,21
random_search,9,2013,40,22.7319206502675,17.663818169698587,21
random_search,9,2014,40,22.024845673131658,17.663818169698587,21
random_search,9,2015,40,17.50830459735946,17.50830459735946,21
random_search,9,2016,40,20.269693845669906,17.50830459735946,21
random_search,9,2017,40,22.790724809414744,17.50830459735946,21
random_search,9,2018,40,22.341653005427766,17.50830459735946,21
random_search,9,2019,40,19.923538406167136,17.50830459735946,21
random_search,9,2020,40,19.967707825203128,17.50830459735946,21
random_search,9,2021,40,20.25329983228432,17.50830459735946,21
random_search,9,2022,40,21.054065922853802,17.50830459735946,21
random_search,9,2023,40,21.838181191654584,17.50830459735946,21
random_search,9,2024,40,21.491015291668745,17.50830459735946,21
random_search,9,2025,40,20.727566688249706,17.50830459735946,21
random_search,9,2026,40,21.526368339802364,17.50830459735946,21
random_search,9,2027,40,21.049509756796393,17.50830459735946,21
random_search,9,2028,40,20.637715508089904,17.50830459735946,21
random_search,9,2029,40,18.662049935181333,17.50830459735946,21
random_search,9,2030,40,21.681934729198172,17.50830459735946,21
random_search,9,2031,40,21.277154105707726,17.50830459735946,21
random_search,9,2032,40,21.840063693621516,17.50830459735946,21
random_search,9,2033,40,20.758317958127243,17.50830459735946,21
random_search,9,2034,40,20.92756668824971,17.50830459735946,21
random_search,9,2035,40,20.92756668824971,17.50830459735946,21
random_search,9,2036,40,19.693737745050925,17.50830459735946,21
random_search,9,2037,40,22.357066051117283,17.50830459735946,21
random_search,9,2038,40,20.427105745132007,17.50830459735946,21
random_search,9,2039,40,21.857066051117283,17.50830459735946,21
random_search,9,2040,40,20.08113883008419,17.50830459735946,21
random_search,9,2041,40,21.573213749463704,17.50830459735946,21
random_search,9,2042,40,17.919803902718556,17.50830459735946,21
random_search,9,2043,40,20.316590212458493,17.50830459735946,21
random_search,9,2044,40,21.967670500619608,17.50830459735946,21
random_search,9,2045,40,21.172004514666934,17.50830459735946,21
random_search,9,2046,40,19.917935662402833,17.50830459735946,21
random_search,9,2047,40,18.46619037896906,17.50830459735946,21
random_search,9,2048,40,21.155592347112503,17.50830459735946,21
random_search,9,2049,40,19.60554700852678,17.50830459735946,21
random_search,9,2050,41,20.577154105707724,17.50830459735946,21
random_search,9,2051,41,20.843559577416272,17.50830459735946,21
random_search,9,2052,41,22.52710574513201,17.50830459735946,21
random_search,9,2053,41,22.59072480941474,17.50830459735946,21
random_search,9,2054,41,19.520465053408525,17.50830459735946,21
random_search,9,2055,41,19.88494332412792,17.50830459735946,21
random_search,9,2056,41,19.99373774505092,17.50830459735946,21
random_search,9,2057,41,20.11245154965971,17.50830459735946,21
random_search,9,2058,41,20.35870331449229,17.50830459735946,21
random_search,9,2059,41,20.714944167960986,17.50830459735946,21
random_search,9,2060,41,20.870828693386972,17.50830459735946,21
random_search,9,2061,41,20.43238075793812,17.50830459735946,21
random_search,9,2062,41,21.0576411454889,17.50830459735946,21
random_search,9,2063,41,20.372004514666937,17.50830459735946,21
random_search,9,2064,41,20.30332963783729,17.50830459735946,21
random_search,9,2065,41,20.387467277262665,17.50830459735946,21
random_search,9,2066,41,22.0576411454889,17.50830459735946,21
random_search,9,2067,41,21.00454076850486,17.50830459735946,21
random_search,9,2068,41,21.65796522451032,17.50830459735946,21
random_search,9,2069,41,18.755294535724687,17.50830459735946,21
random_search,9,2070,41,21.70185121722126,17.50830459735946,21
random_search,9,2071,41,20.03072757526625,17.50830459735946,21
random_search,9,2072,41,22.025657829663178,17.50830459735946,21
random_search,9,2073,41,21.657342370508886,17.50830459735946,21
random_search,9,2074,41,20.45870331449229,17.50830459735946,21
random_search,9,2075,41,21.0576411454889,17.50830459735946,21
random_search,9,2076,41,21.5,17.50830459735946,21
random_search,9,2077,41,20.160107523773828,17.50830459735946,21
random_search,9,2078,41,20.659126028197402,17.50830459735946,21
random_search,9,2079,41,22.97245829914744,17.50830459735946,21
random_search,9,2080,41,20.345207879911715,17.50830459735946,21
random_search,9,2081,41,21.099999999999998,17.50830459735946,21
random_search,9,2082,41,18.909975124224175,17.50830459735946,21
random_search,9,2083,41,22.27488738510232,17.50830459735946,21
random_search,9,2084,41,21.634698994937583,17.50830459735946,21
random_search,9,2085,41,21.20936130717624,17.50830459735946,21
random_search,9,2086,41,19.76843871413581,17.50830459735946,21
random_search,9,2087,41,22.025657829663178,17.50830459735946,21
random_search,9,2088,41,21.983266665599963,17.50830459735946,21
random_search,9,2089,41,22.432575659723035,17.50830459735946,21
random_search,9,2090,41,20.924099870362664,17.50830459735946,21
random_search,9,2091,41,20.00830459735946,17.50830459735946,21
random_search,9,2092,41,22.22029410174709,17.50830459735946,21
random_search,9,2093,41,21.357066051117283,17.50830459735946,21
random_search,9,2094,41,20.994438717061495,17.50830459735946,21
random_search,9,2095,41,21.20199920063936,17.50830459735946,21
random_search,9,2096,41,19.258317958127243,17.50830459735946,21
random_search,9,2097,41,20.93469899493758,17.50830459735946,21
random_search,9,2098,41,21.311871208194287,17.50830459735946,21
random_search,9,2099,41,20.754723699099138,17.50830459735946,21
random_search,9,2100,42,21.183266665599966,17.50830459735946,21
random_search,9,2101,42,17.878232998312527,17.50830459735946,21
random_search,9,2102,42,20.637715508089904,17.50830459735946,21
random_search,9,2103,42,19.173320053068153,17.50830459735946,21
random_search,9,2104,42,20.862873883832776,17.50830459735946,21
random_search,9,2105,42,19.816590212458493,17.50830459735946,21
random_search,9,2106,42,21.57907545067406,17.50830459735946,21
random_search,9,2107,42,22.417800560721076,17.50830459735946,21
random_search,9,2108,42,20.437663853655728,17.50830459735946,21
random_search,9,2109,42,20.35870331449229,17.50830459735946,21
random_search,9,2110,42,20.664688270438848,17.50830459735946,21
random_search,9,2111,42,20.584943324127924,17.50830459735946,21
random_search,9,2112,42,19.908304597359457,17.50830459735946,21
random_search,9,2113,42,20.396662954709576,17.50830459735946,21
random_search,9,2114,42,21.20199920063936,17.50830459735946,21
random_search,9,2115,42,21.50454076850486,17.50830459735946,21
random_search,9,2116,42,21.036664289109584,17.50830459735946,21
random_search,9,2117,42,21.3,17.50830459735946,21
random_search,9,2118,42,19.640175425099137,17.50830459735946,21
random_search,9,2119,42,20.83390796058137,17.50830459735946,21
random_search,9,2120,42,18.213552872566005,17.50830459735946,21
random_search,9,2121,42,20.44928556845359,17.50830459735946,21
random_search,9,2122,42,22.846640106136302,17.50830459735946,21
random_search,9,2123,42,21.880697580112788,17.50830459735946,21
random_search,9,2124,42,19.46619037896906,17.50830459735946,21
random_search,9,2125,42,20.66794833886788,17.50830459735946,21
random_search,9,2126,42,21.964965543462903,17.50830459735946,21
random_search,9,2127,42,21.097617696340304,17.50830459735946,21
random_search,9,2128,42,20.70293863659264,17.50830459735946,21
random_search,9,2129,42,21.811871208194287,17.50830459735946,21
random_search,9,2130,42,22.60768096208106,17.50830459735946,21
random_search,9,2131,42,20.23606797749979,17.50830459735946,21
random_search,9,2132,42,21.12074368738204,17.50830459735946,21
random_search,9,2133,42,20.21909059582729,17.50830459735946,21
random_search,9,2134,42,21.938181191654586,17.50830459735946,21
random_search,9,2135,42,21.493468988235943,17.50830459735946,21
random_search,9,2136,42,22.674021572639983,17.50830459735946,21
random_search,9,2137,42,20.280350850198275,17.50830459735946,21
random_search,9,2138,42,21.254065922853805,17.50830459735946,21
random_search,9,2139,42,21.179075450674063,17.50830459735946,21
random_search,9,2140,42,20.339607805437115,17.50830459735946,21
random_search,9,2141,42,19.983266665599963,17.50830459735946,21
random_search,9,2142,42,19.537211521390788,17.50830459735946,21
random_search,9,2143,42,21.122611077089285,17.50830459735946,21
random_search,9,2144,42,18.908304597359457,17.50830459735946,21
random_search,9,2145,42,20.753720459187964,17.50830459735946,21
random_search,9,2146,42,22.549545416973505,17.50830459735946,21
random_search,9,2147,42,20.412931993250105,17.50830459735946,21
random_search,9,2148,42,17.419090595827292,17.419090595827292,21
random_search,9,2149,42,20.816590212458493,17.419090595827292,21
random_search,9,2150,43,21.57156333832011,17.419090595827292,21
random_search,9,2151,43,18.56953597148327,17.419090595827292,21
random_search,9,2152,43,21.04939015319192,17.419090595827292,21
random_search,9,2153,43,21.209983388658483,17.419090595827292,21
random_search,9,2154,43,21.880697580112788,17.419090595827292,21
random_search,9,2155,43,20.14131112314674,17.419090595827292,21
random_search,9,2156,43,20.18910462845192,17.419090595827292,21
random_search,9,2157,43,21.397999199359358,17.419090595827292,21
random_search,9,2158,43,21.57364413533277,17.419090595827292,21
random_search,9,2159,43,21.761249694973138,17.419090595827292,21
random_search,9,2160,43,18.48309518948453,17.419090595827292,21
random_search,9,2161,43,20.13907194296653,17.419090595827292,21
random_search,9,2162,43,22.767491648096545,17.419090595827292,21
random_search,9,2163,43,20.12736184954957,17.419090595827292,21
random_search,9,2164,43,19.40831891575846,17.419090595827292,21
random_search,9,2165,43,21.167156809750924,17.419090595827292,21
random_search,9,2166,43,24.27492857084547,17.419090595827292,21
random_search,9,2167,43,21.126785107312738,17.419090595827292,21
random_search,9,2168,43,21.971750305430742,17.419090595827292,21
random_search,9,2169,43,18.334846922834956,17.419090595827292,21
random_search,9,2170,43,19.599999999999998,17.419090595827292,21
random_search,9,2171,43,20.235270009440733,17.419090595827292,21
random_search,9,2172,43,20.822611077089288,17.419090595827292,21
random_search,9,2173,43,20.730727575266254,17.419090595827292,21
random_search,9,2174,43,19.448683298050515,17.419090595827292,21
random_search,9,2175,43,20.622611077089285,17.419090595827292,21
random_search,9,2176,43,22.565941943351177,17.419090595827292,21
random_search,9,2177,43,19.80384048104053,17.419090595827292,21
random_search,9,2178,43,19.30332963783729,17.419090595827292,21
random_search,9,2179,43,21.924099870362664,17.419090595827292,21
random_search,9,2180,43,20.63907194296653,17.419090595827292,21
random_search,9,2181,43,21.109975124224178,17.419090595827292,21
random_search,9,2182,43,20.13907194296653,17.419090595827292,21
random_search,9,2183,43,19.3459060435492,17.419090595827292,21
random_search,9,2184,43,21.606659275674584,17.419090595827292,21
random_search,9,2185,43,19.507130750570546,17.419090595827292,21
random_search,9,2186,43,20.007878402833892,17.419090595827292,21
random_search,9,2187,43,21.049444375840398,17.419090595827292,21
random_search,9,2188,43,18.816590212458493,17.419090595827292,21
random_search,9,2189,43,18.861324772583615,17.419090595827292,21
random_search,9,2190,43,20.8459060435492,17.419090595827292,21
random_search,9,2191,43,18.88494332412792,17.419090595827292,21
random_search,9,2192,43,20.380624847486573,17.419090595827292,21
random_search,9,2193,43,20.23606797749979,17.419090595827292,21
random_search,9,2194,43,20.099999999999998,17.419090595827292,21
random_search,9,2195,43,19.492838827718412,17.419090595827292,21
random_search,9,2196,43,20.70199920063936,17.419090595827292,21
random_search,9,2197,43,19.822611077089288,17.419090595827292,21
random_search,9,2198,43,20.73606797749979,17.419090595827292,21
random_search,9,2199,43,19.769693845669906,17.419090595827292,21
random_search,9,2200,44,21.20185121722126,17.419090595827292,21
random_search,9,2201,44,19.862873883832776,17.419090595827292,21
random_search,9,2202,44,19.46204993518133,17.419090595827292,21
random_search,9,2203,44,22.614674215792775,17.419090595827292,21
random_search,9,2204,44,20.735270009440733,17.419090595827292,21
random_search,9,2205,44,20.417800560721076,17.419090595827292,21
random_search,9,2206,44,21.77488738510232,17.419090595827292,21
random_search,9,2207,44,20.48148877222268,17.419090595827292,21
random_search,9,2208,44,19.811871208194287,17.419090595827292,21
random_search,9,2209,44,20.73622914957372,17.419090595827292,21
random_search,9,2210,44,20.613112646970897,17.419090595827292,21
random_search,9,2211,44,21.683281572999746,17.419090595827292,21
random_search,9,2212,44,22.29192496674806,17.419090595827292,21
random_search,9,2213,44,21.845207879911715,17.419090595827292,21
random_search,9,2214,44,18.663818169698587,17.419090595827292,21
random_search,9,2215,44,18.867156809750927,17.419090595827292,21
random_search,9,2216,44,21.555294535724684,17.419090595827292,21
random_search,9,2217,44,20.368438714135813,17.419090595827292,21
random_search,9,2218,44,22.3219040425837,17.419090595827292,21
random_search,9,2219,44,20.724807680927192,17.419090595827292,21
random_search,9,2220,44,20.330950643030008,17.419090595827292,21
random_search,9,2221,44,20.424099870362664,17.419090595827292,21
random_search,9,2222,44,20.097617696340304,17.419090595827292,21
random_search,9,2223,44,20.802172886644268,17.419090595827292,21
random_search,9,2224,44,21.22928563989645,17.419090595827292,21
random_search,9,2225,44,22.270540018881462,17.419090595827292,21
random_search,9,2226,44,21.467670500619608,17.419090595827292,21
random_search,9,2227,44,21.189974874213238,17.419090595827292,21
random_search,9,2228,44,20.295829710142186,17.419090595827292,21
random_search,9,2229,44,20.258317958127243,17.419090595827292,21
random_search,9,2230,44,21.741653005427764,17.419090595827292,21
random_search,9,2231,44,20.172004514666934,17.419090595827292,21
random_search,9,2232,44,20.05758369027902,17.419090595827292,21
random_search,9,2233,44,19.68679622641132,17.419090595827292,21
random_search,9,2234,44,19.14355957741627,17.419090595827292,21
random_search,9,2235,44,20.67804971641414,17.419090595827292,21
random_search,9,2236,44,21.819160170741757,17.419090595827292,21
random_search,9,2237,44,22.75329983228432,17.419090595827292,21
random_search,9,2238,44,20.99373774505092,17.419090595827292,21
random_search,9,2239,44,21.617935662402836,17.419090595827292,21
random_search,9,2240,44,21.99615099714943,17.419090595827292,21
random_search,9,2241,44,20.52480768092719,17.419090595827292,21
random_search,9,2242,44,21.35870331449229,17.419090595827292,21
random_search,9,2243,44,20.664582518894846,17.419090595827292,21
random_search,9,2244,44,21.609243436828812,17.419090595827292,21
random_search,9,2245,44,19.816609194718914,17.419090595827292,21
random_search,9,2246,44,22.72074368738204,17.419090595827292,21
random_search,9,2247,44,21.025657829663178,17.419090595827292,21
random_search,9,2248,44,20.667156809750924,17.419090595827292,21
random_search,9,2249,44,21.489979919597747,17.419090595827292,21
random_search,9,2250,45,22.5563490998189,17.419090595827292,21
random_search,9,2251,45,20.2,17.419090595827292,21
random_search,9,2252,45,20.172004514666934,17.419090595827292,21
random_search,9,2253,45,19.76023252670426,17.419090595827292,21
random_search,9,2254,45,20.970540018881465,17.419090595827292,21
random_search,9,2255,45,22.2,17.419090595827292,21
random_search,9,2256,45,20.93469899493758,17.419090595827292,21
random_search,9,2257,45,22.37175030543074,17.419090595827292,21
random_search,9,2258,45,19.756465996625053,17.419090595827292,21
random_search,9,2259,45,21.161706725018234,17.419090595827292,21
random_search,9,2260,45,22.53315017762062,17.419090595827292,21
random_search,9,2261,45,19.862873883832776,17.419090595827292,21
random_search,9,2262,45,21.20713075057055,17.419090595827292,21
random_search,9,2263,45,20.7,17.419090595827292,21
random_search,9,2264,45,19.683266665599966,17.419090595827292,21
random_search,9,2265,45,20.83541565040626,17.419090595827292,21
random_search,9,2266,45,19.709983388658483,17.419090595827292,21
random_search,9,2267,45,20.314944167960988,17.419090595827292,21
random_search,9,2268,45,22.243835071544513,17.419090595827292,21
random_search,9,2269,45,20.491153452528778,17.419090595827292,21
random_search,9,2270,45,20.235270009440733,17.419090595827292,21
random_search,9,2271,45,21.088435821108956,17.419090595827292,21
random_search,9,2272,45,22.12074368738204,17.419090595827292,21
random_search,9,2273,45,19.87840487520902,17.419090595827292,21
random_search,9,2274,45,20.419090595827292,17.419090595827292,21
random_search,9,2275,45,19.260681686165903,17.419090595827292,21
random_search,9,2276,45,20.923538406167136,17.419090595827292,21
random_search,9,2277,45,22.25306852353742,17.419090595827292,21
random_search,9,2278,45,20.339607805437115,17.419090595827292,21
random_search,9,2279,45,19.662049935181333,17.419090595827292,21
random_search,9,2280,45,18.134846922834953,17.419090595827292,21
random_search,9,2281,45,20.160107523773828,17.419090595827292,21
random_search,9,2282,45,20.64355957741627,17.419090595827292,21
random_search,9,2283,45,21.6886890422961,17.419090595827292,21
random_search,9,2284,45,21.86356421265527,17.419090595827292,21
random_search,9,2285,45,20.088435821108956,17.419090595827292,21
random_search,9,2286,45,21.033907960581374,17.419090595827292,21
random_search,9,2287,45,19.59666295470958,17.419090595827292,21
random_search,9,2288,45,22.060107523773826,17.419090595827292,21
random_search,9,2289,45,21.99722114972099,17.419090595827292,21
random_search,9,2290,45,22.327636339397174,17.419090595827292,21
random_search,9,2291,45,21.18208554864871,17.419090595827292,21
random_search,9,2292,45,22.742787793912434,17.419090595827292,21
random_search,9,2293,45,19.571779788708135,17.419090595827292,21
random_search,9,2294,45,20.05796522451032,17.419090595827292,21
random_search,9,2295,45,20.164582518894846,17.419090595827292,21
random_search,9,2296,45,20.95472369909914,17.419090595827292,21
random_search,9,2297,45,21.838181191654584,17.419090595827292,21
random_search,9,2298,45,21.780350850198275,17.419090595827292,21
random_search,9,2299,45,21.261706725018236,17.419090595827292,21
random_search,9,2300,46,22.449576240750524,17.419090595827292,21
random_search,9,2301,46,21.753720459187964,17.419090595827292,21
random_search,9,2302,46,21.07763888346312,17.419090595827292,21
random_search,9,2303,46,20.559591794226545,17.419090595827292,21
random_search,9,2304,46,19.423538406167136,17.419090595827292,21
random_search,9,2305,46,21.077154105707724,17.419090595827292,21
random_search,9,2306,46,20.372004514666937,17.419090595827292,21
random_search,9,2307,46,21.09799919935936,17.419090595827292,21
random_search,9,2308,46,20.772077843177478,17.419090595827292,21
random_search,9,2309,46,20.62074368738204,17.419090595827292,21
random_search,9,2310,46,19.341640786499873,17.419090595827292,21
random_search,9,2311,46,22.69332590941915,17.419090595827292,21
random_search,9,2312,46,20.099999999999998,17.419090595827292,21
random_search,9,2313,46,21.683266665599966,17.419090595827292,21
random_search,9,2314,46,19.414213562373096,17.419090595827292,21
random_search,9,2315,46,20.06287388383278,17.419090595827292,21
random_search,9,2316,46,20.214944167960986,17.419090595827292,21
random_search,9,2317,46,21.033030277982334,17.419090595827292,21
random_search,9,2318,46,20.3,17.419090595827292,21
random_search,9,2319,46,21.159126028197402,17.419090595827292,21
random_search,9,2320,46,22.242787793912434,17.419090595827292,21
random_search,9,2321,46,21.261706725018236,17.419090595827292,21
random_search,9,2322,46,20.26468827043885,17.419090595827292,21
random_search,9,2323,46,20.777154105707726,17.419090595827292,21
random_search,9,2324,46,21.696150997149434,17.419090595827292,21
random_search,9,2325,46,21.136664289109586,17.419090595827292,21
random_search,9,2326,46,22.121347195933176,17.419090595827292,21
random_search,9,2327,46,20.145906043549196,17.419090595827292,21
random_search,9,2328,46,21.400000000000002,17.419090595827292,21
random_search,9,2329,46,19.59544511501033,17.419090595827292,21
random_search,9,2330,46,19.57763888346312,17.419090595827292,21
random_search,9,2331,46,21.843024810940587,17.419090595827292,21
random_search,9,2332,46,21.400000000000002,17.419090595827292,21
random_search,9,2333,46,22.22089730686545,17.419090595827292,21
random_search,9,2334,46,20.830950643030008,17.419090595827292,21
random_search,9,2335,46,20.761706725018236,17.419090595827292,21
random_search,9,2336,46,19.18910462845192,17.419090595827292,21
random_search,9,2337,46,22.179075450674063,17.419090595827292,21
random_search,9,2338,46,20.739607805437114,17.419090595827292,21
random_search,9,2339,46,21.117935662402836,17.419090595827292,21
random_search,9,2340,46,18.914213562373096,17.419090595827292,21
random_search,9,2341,46,21.295829710142186,17.419090595827292,21
random_search,9,2342,46,20.179075450674063,17.419090595827292,21
random_search,9,2343,46,21.696150997149434,17.419090595827292,21
random_search,9,2344,46,21.290724809414744,17.419090595827292,21
random_search,9,2345,46,19.88494332412792,17.419090595827292,21
random_search,9,2346,46,21.494438717061495,17.419090595827292,21
random_search,9,2347,46,20.930375285612676,17.419090595827292,21
random_search,9,2348,46,20.840063693621516,17.419090595827292,21
random_search,9,2349,46,19.254723699099138,17.419090595827292,21
random_search,9,2350,47,19.133030277982336,17.419090595827292,21
random_search,9,2351,47,21.7,17.419090595827292,21
random_search,9,2352,47,20.739607805437114,17.419090595827292,21
random_search,9,2353,47,21.314944167960988,17.419090595827292,21
random_search,9,2354,47,22.357066051117283,17.419090595827292,21
random_search,9,2355,47,20.549193338482965,17.419090595827292,21
random_search,9,2356,47,21.01657508881031,17.419090595827292,21
random_search,9,2357,47,20.491153452528778,17.419090595827292,21
random_search,9,2358,47,21.10768096208106,17.419090595827292,21
random_search,9,2359,47,21.367156809750927,17.419090595827292,21
random_search,9,2360,47,19.757583690279024,17.419090595827292,21
random_search,9,2361,47,21.126785107312738,17.419090595827292,21
random_search,9,2362,47,21.0576411454889,17.419090595827292,21
random_search,9,2363,47,20.172004514666934,17.419090595827292,21
random_search,9,2364,47,22.214674215792776,17.419090595827292,21
random_search,9,2365,47,19.983239697419133,17.419090595827292,21
random_search,9,2366,47,21.049444375840398,17.419090595827292,21
random_search,9,2367,47,21.934192325759245,17.419090595827292,21
random_search,9,2368,47,20.92756668824971,17.419090595827292,21
random_search,9,2369,47,20.95870331449229,17.419090595827292,21
random_search,9,2370,47,20.555294535724684,17.419090595827292,21
random_search,9,2371,47,20.02828568570857,17.419090595827292,21
random_search,9,2372,47,20.51657508881031,17.419090595827292,21
random_search,9,2373,47,21.50454076850486,17.419090595827292,21
random_search,9,2374,47,21.880697580112788,17.419090595827292,21
random_search,9,2375,47,19.391153452528776,17.419090595827292,21
random_search,9,2376,47,21.8,17.419090595827292,21
random_search,9,2377,47,19.87840487520902,17.419090595827292,21
random_search,9,2378,47,21.109243436828812,17.419090595827292,21
random_search,9,2379,47,21.24131112314674,17.419090595827292,21
random_search,9,2380,47,22.022327839240493,17.419090595827292,21
random_search,9,2381,47,21.934192325759245,17.419090595827292,21
random_search,9,2382,47,22.324099870362662,17.419090595827292,21
random_search,9,2383,47,19.316609194718914,17.419090595827292,21
random_search,9,2384,47,21.43130005674953,17.419090595827292,21
random_search,9,2385,47,22.27488738510232,17.419090595827292,21
random_search,9,2386,47,21.65796522451032,17.419090595827292,21
random_search,9,2387,47,19.78997487421324,17.419090595827292,21
random_search,9,2388,47,22.24131112314674,17.419090595827292,21
random_search,9,2389,47,22.412833614050058,17.419090595827292,21
random_search,9,2390,47,19.840967364599088,17.419090595827292,21
random_search,9,2391,47,21.907567081708248,17.419090595827292,21
random_search,9,2392,47,22.275711299845938,17.419090595827292,21
random_search,9,2393,47,20.069046515733024,17.419090595827292,21
random_search,9,2394,47,20.507878402833892,17.419090595827292,21
random_search,9,2395,47,20.071779788708135,17.419090595827292,21
random_search,9,2396,47,20.44928556845359,17.419090595827292,21
random_search,9,2397,47,19.60768096208106,17.419090595827292,21
random_search,9,2398,47,18.617935662402836,17.419090595827292,21
random_search,9,2399,47,20.819160170741757,17.419090595827292,21
random_search,9,2400,48,20.781488772222676,17.419090595827292,21
random_search,9,2401,48,20.12664991614216,17.419090595827292,21
random_search,9,2402,48,19.588409872672514,17.419090595827292,21
random_search,9,2403,48,19.919803902718556,17.419090595827292,21
random_search,9,2404,48,21.7343879744639,17.419090595827292,21
random_search,9,2405,48,22.243024810940586,17.419090595827292,21
random_search,9,2406,48,19.362873883832776,17.419090595827292,21
random_search,9,2407,48,20.645906043549196,17.419090595827292,21
random_search,9,2408,48,22.241653005427764,17.419090595827292,21
random_search,9,2409,48,19.316590212458493,17.419090595827292,21
random_search,9,2410,48,20.059591794226545,17.419090595827292,21
random_search,9,2411,48,22.485677655436824,17.419090595827292,21
random_search,9,2412,48,22.539387691339815,17.419090595827292,21
random_search,9,2413,48,21.43469899493758,17.419090595827292,21
random_search,9,2414,48,20.213594362117867,17.419090595827292,21
random_search,9,2415,48,21.417800560721076,17.419090595827292,21
random_search,9,2416,48,21.3,17.419090595827292,21
random_search,9,2417,48,20.42756668824971,17.419090595827292,21
random_search,9,2418,48,21.183281572999746,17.419090595827292,21
random_search,9,2419,48,20.730727575266254,17.419090595827292,21
random_search,9,2420,48,23.32636833980236,17.419090595827292,21
random_search,9,2421,48,21.814944167960988,17.419090595827292,21
random_search,9,2422,48,19.90454076850486,17.419090595827292,21
random_search,9,2423,48,19.755294535724687,17.419090595827292,21
random_search,9,2424,48,20.196150997149434,17.419090595827292,21
random_search,9,2425,48,21.620215047547653,17.419090595827292,21
random_search,9,2426,48,22.617935662402836,17.419090595827292,21
random_search,9,2427,48,22.036664289109584,17.419090595827292,21
random_search,9,2428,48,21.94948974278318,17.419090595827292,21
random_search,9,2429,48,19.56287388383278,17.419090595827292,21
random_search,9,2430,48,21.690890230020663,17.419090595827292,21
random_search,9,2431,48,19.93469899493758,17.419090595827292,21
random_search,9,2432,48,20.224807680927192,17.419090595827292,21
random_search,9,2433,48,20.534387974463897,17.419090595827292,21
random_search,9,2434,48,21.911871208194288,17.419090595827292,21
random_search,9,2435,48,21.62574776766556,17.419090595827292,21
random_search,9,2436,48,19.769693845669906,17.419090595827292,21
random_search,9,2437,48,22.691366458960193,17.419090595827292,21
random_search,9,2438,48,21.049444375840398,17.419090595827292,21
random_search,9,2439,48,21.932575659723035,17.419090595827292,21
random_search,9,2440,48,18.513552872566002,17.419090595827292,21
random_search,9,2441,48,19.456465996625056,17.419090595827292,21
random_search,9,2442,48,22.978505426185215,17.419090595827292,21
random_search,9,2443,48,20.714944167960986,17.419090595827292,21
random_search,9,2444,48,22.357066051117283,17.419090595827292,21
random_search,9,2445,48,21.23606797749979,17.419090595827292,21
random_search,9,2446,48,20.8459060435492,17.419090595827292,21
random_search,9,2447,48,19.822497216032183,17.419090595827292,21
random_search,9,2448,48,22.121347195933176,17.419090595827292,21
random_search,9,2449,48,21.28790581563873,17.419090595827292,21
random_search,9,2450,49,21.661901286060015,17.419090595827292,21
random_search,9,2451,49,20.634698994937583,17.419090595827292,21
random_search,9,2452,49,20.70199920063936,17.419090595827292,21
random_search,9,2453,49,20.033907960581374,17.419090595827292,21
random_search,9,2454,49,21.22074368738204,17.419090595827292,21
random_search,9,2455,49,21.160107523773828,17.419090595827292,21
random_search,9,2456,49,21.173320053068153,17.419090595827292,21
random_search,9,2457,49,21.0,17.419090595827292,21
random_search,9,2458,49,19.693737745050925,17.419090595827292,21
random_search,9,2459,49,20.02710574513201,17.419090595827292,21
random_search,9,2460,49,20.693737745050925,17.419090595827292,21
random_search,9,2461,49,17.878232998312527,17.419090595827292,21
random_search,9,2462,49,20.07364413533277,17.419090595827292,21
random_search,9,2463,49,22.109243436828812,17.419090595827292,21
random_search,9,2464,49,20.512403840463595,17.419090595827292,21
random_search,9,2465,49,20.756809750418043,17.419090595827292,21
random_search,9,2466,49,20.917935662402833,17.419090595827292,21
random_search,9,2467,49,22.016609194718917,17.419090595827292,21
random_search,9,2468,49,20.316590212458493,17.419090595827292,21
random_search,9,2469,49,21.781934729198174,17.419090595827292,21
random_search,9,2470,49,19.3,17.419090595827292,21
random_search,9,2471,49,20.18679622641132,17.419090595827292,21
random_search,9,2472,49,21.033907960581374,17.419090595827292,21
random_search,9,2473,49,22.22089730686545,17.419090595827292,21
random_search,9,2474,49,20.932575659723035,17.419090595827292,21
random_search,9,2475,49,19.254065922853805,17.419090595827292,21
random_search,9,2476,49,21.584943324127924,17.419090595827292,21
random_search,9,2477,49,22.437663853655728,17.419090595827292,21
random_search,9,2478,49,21.606750598570127,17.419090595827292,21
random_search,9,2479,49,20.50454076850486,17.419090595827292,21
random_search,9,2480,49,22.05796522451032,17.419090595827292,21
random_search,9,2481,49,21.380972058177587,17.419090595827292,21
random_search,9,2482,49,20.664688270438848,17.419090595827292,21
random_search,9,2483,49,20.93130005674953,17.419090595827292,21
random_search,9,2484,49,20.53315017762062,17.419090595827292,21
random_search,9,2485,49,23.333630940518894,17.419090595827292,21
random_search,9,2486,49,20.64355957741627,17.419090595827292,21
random_search,9,2487,49,21.288854381999833,17.419090595827292,21
random_search,9,2488,49,20.753720459187964,17.419090595827292,21
random_search,9,2489,49,18.183095189484533,17.419090595827292,21
random_search,9,2490,49,21.07156333832011,17.419090595827292,21
random_search,9,2491,49,22.23606797749979,17.419090595827292,21
random_search,9,2492,49,21.121320343559642,17.419090595827292,21
random_search,9,2493,49,21.115167380558045,17.419090595827292,21
random_search,9,2494,49,20.713594362117867,17.419090595827292,21
random_search,9,2495,49,21.122611077089285,17.419090595827292,21
random_search,9,2496,49,20.50554700852678,17.419090595827292,21
random_search,9,2497,49,23.109243436828812,17.419090595827292,21
random_search,9,2498,49,20.40454076850486,17.419090595827292,21
random_search,9,2499,49,19.927105745132007,17.419090595827292,21
random_search,9,2500,50,20.662049935181333,17.419090595827292,21
random_search,9,2501,50,20.491153452528778,17.419090595827292,21
random_search,9,2502,50,21.024845673131658,17.419090595827292,21
random_search,9,2503,50,21.70199920063936,17.419090595827292,21
random_search,9,2504,50,21.114674215792775,17.419090595827292,21
random_search,9,2505,50,22.003569153775235,17.419090595827292,21
random_search,9,2506,50,22.359411708155672,17.419090595827292,21
random_search,9,2507,50,23.00516780926679,17.419090595827292,21
random_search,9,2508,50,20.85870331449229,17.419090595827292,21
random_search,9,2509,50,18.80384048104053,17.419090595827292,21
random_search,9,2510,50,21.164688270438848,17.419090595827292,21
random_search,9,2511,50,19.897366596101026,17.419090595827292,21
random_search,9,2512,50,21.957066051117284,17.419090595827292,21
random_search,9,2513,50,19.62664991614216,17.419090595827292,21
random_search,9,2514,50,20.49582971014219,17.419090595827292,21
random_search,9,2515,50,20.683266665599966,17.419090595827292,21
random_search,9,2516,50,22.00554700852678,17.419090595827292,21
random_search,9,2517,50,20.68910462845192,17.419090595827292,21
random_search,9,2518,50,21.967491648096548,17.419090595827292,21
random_search,9,2519,50,19.423538406167136,17.419090595827292,21
random_search,9,2520,50,21.65657137141714,17.419090595827292,21
random_search,9,2521,50,20.48148877222268,17.419090595827292,21
random_search,9,2522,50,18.816227766016837,17.419090595827292,21
random_search,9,2523,50,21.13901391331568,17.419090595827292,21
random_search,9,2524,50,20.780350850198275,17.419090595827292,21
random_search,9,2525,50,22.25329983228432,17.419090595827292,21
random_search,9,2526,50,18.713552872566005,17.419090595827292,21
random_search,9,2527,50,21.37175030543074,17.419090595827292,21
random_search,9,2528,50,20.481742422927145,17.419090595827292,21
random_search,9,2529,50,21.179075450674063,17.419090595827292,21
random_search,9,2530,50,20.476819745345026,17.419090595827292,21
random_search,9,2531,50,20.193737745050925,17.419090595827292,21
random_search,9,2532,50,20.38494332412792,17.419090595827292,21
random_search,9,2533,50,22.521347195933174,17.419090595827292,21
random_search,9,2534,50,19.93095064303001,17.419090595827292,21
random_search,9,2535,50,20.33390796058137,17.419090595827292,21
random_search,9,2536,50,18.35870331449229,17.419090595827292,21
random_search,9,2537,50,20.923538406167136,17.419090595827292,21
random_search,9,2538,50,19.929705854077834,17.419090595827292,21
random_search,9,2539,50,18.71909059582729,17.419090595827292,21
random_search,9,2540,50,21.162277660168378,17.419090595827292,21
random_search,9,2541,50,22.435112807463533,17.419090595827292,21
random_search,9,2542,50,19.7,17.419090595827292,21
random_search,9,2543,50,20.457066051117284,17.419090595827292,21
random_search,9,2544,50,20.95306852353742,17.419090595827292,21
random_search,9,2545,50,21.599999999999998,17.419090595827292,21
random_search,9,2546,50,23.026368339802364,17.419090595827292,21
random_search,9,2547,50,21.67804971641414,17.419090595827292,21
random_search,9,2548,50,19.7219040425837,17.419090595827292,21
random_search,9,2549,50,19.894438717061494,17.419090595827292,21
random_search,9,2550,51,20.020465053408525,17.419090595827292,21
random_search,9,2551,51,20.85870331449229,17.419090595827292,21
random_search,9,2552,51,20.264911064067352,17.419090595827292,21
random_search,9,2553,51,17.61980390271856,17.419090595827292,21
random_search,9,2554,51,19.788061301782108,17.419090595827292,21
random_search,9,2555,51,20.02828568570857,17.419090595827292,21
random_search,9,2556,51,20.63907194296653,17.419090595827292,21
random_search,9,2557,51,20.05758369027902,17.419090595827292,21
random_search,9,2558,51,20.357066051117283,17.419090595827292,21
random_search,9,2559,51,21.10554700852678,17.419090595827292,21
random_search,9,2560,51,20.372004514666937,17.419090595827292,21
random_search,9,2561,51,19.515167380558044,17.419090595827292,21
random_search,9,2562,51,19.894427190999917,17.419090595827292,21
random_search,9,2563,51,21.01657508881031,17.419090595827292,21
random_search,9,2564,51,21.839607805437115,17.419090595827292,21
random_search,9,2565,51,19.710844001658266,17.419090595827292,21
random_search,9,2566,51,19.93238075793812,17.419090595827292,21
random_search,9,2567,51,21.305167809266788,17.419090595827292,21
random_search,9,2568,51,20.969817807045693,17.419090595827292,21
random_search,9,2569,51,21.144994432064365,17.419090595827292,21
random_search,9,2570,51,20.88910462845192,17.419090595827292,21
random_search,9,2571,51,20.033907960581374,17.419090595827292,21
random_search,9,2572,51,19.330950643030008,17.419090595827292,21
random_search,9,2573,51,21.57907545067406,17.419090595827292,21
random_search,9,2574,51,19.419803902718556,17.419090595827292,21
random_search,9,2575,51,20.811871208194287,17.419090595827292,21
random_search,9,2576,51,21.801514803843837,17.419090595827292,21
random_search,9,2577,51,23.099999999999998,17.419090595827292,21
random_search,9,2578,51,22.00516780926679,17.419090595827292,21
random_search,9,2579,51,22.97245829914744,17.419090595827292,21
random_search,9,2580,51,18.547722557505168,17.419090595827292,21
random_search,9,2581,51,21.790724809414744,17.419090595827292,21
random_search,9,2582,51,21.316609194718914,17.419090595827292,21
random_search,9,2583,51,21.554065922853802,17.419090595827292,21
random_search,9,2584,51,23.0563490998189,17.419090595827292,21
random_search,9,2585,51,21.26843871413581,17.419090595827292,21
random_search,9,2586,51,20.04833147735479,17.419090595827292,21
random_search,9,2587,51,21.280350850198275,17.419090595827292,21
random_search,9,2588,51,20.785229954635273,17.419090595827292,21
random_search,9,2589,51,20.33390796058137,17.419090595827292,21
random_search,9,2590,51,22.49615099714943,17.419090595827292,21
random_search,9,2591,51,21.87175030543074,17.419090595827292,21
random_search,9,2592,51,20.8219040425837,17.419090595827292,21
random_search,9,2593,51,21.2,17.419090595827292,21
random_search,9,2594,51,20.099999999999998,17.419090595827292,21
random_search,9,2595,51,20.224807680927192,17.419090595827292,21
random_search,9,2596,51,21.311871208194287,17.419090595827292,21
random_search,9,2597,51,20.129705854077837,17.419090595827292,21
random_search,9,2598,51,21.49615099714943,17.419090595827292,21
random_search,9,2599,51,20.29283882771841,17.419090595827292,21
random_search,9,2600,52,20.88494332412792,17.419090595827292,21
random_search,9,2601,52,21.938181191654586,17.419090595827292,21
random_search,9,2602,52,19.940063693621518,17.419090595827292,21
random_search,9,2603,52,19.88494332412792,17.419090595827292,21
random_search,9,2604,52,20.771085446759226,17.419090595827292,21
random_search,9,2605,52,21.28193472919817,17.419090595827292,21
random_search,9,2606,52,21.474868417407585,17.419090595827292,21
random_search,9,2607,52,20.868438714135813,17.419090595827292,21
random_search,9,2608,52,21.179075450674063,17.419090595827292,21
random_search,9,2609,52,22.593468988235944,17.419090595827292,21
random_search,9,2610,52,22.310693864511038,17.419090595827292,21
random_search,9,2611,52,21.73861278752583,17.419090595827292,21
random_search,9,2612,52,20.761706725018236,17.419090595827292,21
random_search,9,2613,52,20.6886890422961,17.419090595827292,21
random_search,9,2614,52,21.53315017762062,17.419090595827292,21
random_search,9,2615,52,21.53072757526625,17.419090595827292,21
random_search,9,2616,52,20.673320053068153,17.419090595827292,21
random_search,9,2617,52,18.83622914957372,17.419090595827292,21
random_search,9,2618,52,19.993468988235943,17.419090595827292,21
random_search,9,2619,52,20.8576411454889,17.419090595827292,21
random_search,9,2620,52,22.54959013639538,17.419090595827292,21
random_search,9,2621,52,19.50830459735946,17.419090595827292,21
random_search,9,2622,52,19.524845673131658,17.419090595827292,21
random_search,9,2623,52,21.754065922853805,17.419090595827292,21
random_search,9,2624,52,22.585677655436825,17.419090595827292,21
random_search,9,2625,52,19.3295630140987,17.419090595827292,21
random_search,9,2626,52,22.522327839240493,17.419090595827292,21
random_search,9,2627,52,21.26843871413581,17.419090595827292,21
random_search,9,2628,52,19.99373774505092,17.419090595827292,21
random_search,9,2629,52,21.449545416973503,17.419090595827292,21
random_search,9,2630,52,19.764911064067352,17.419090595827292,21
random_search,9,2631,52,20.717800560721074,17.419090595827292,21
random_search,9,2632,52,21.672751070837066,17.419090595827292,21
random_search,9,2633,52,20.314642819948226,17.419090595827292,21
random_search,9,2634,52,22.52769256906871,17.419090595827292,21
random_search,9,2635,52,22.0576411454889,17.419090595827292,21
random_search,9,2636,52,20.033907960581374,17.419090595827292,21
random_search,9,2637,52,20.872004514666937,17.419090595827292,21
random_search,9,2638,52,20.162049935181333,17.419090595827292,21
random_search,9,2639,52,19.683266665599966,17.419090595827292,21
random_search,9,2640,52,18.54880884817015,17.419090595827292,21
random_search,9,2641,52,19.7,17.419090595827292,21
random_search,9,2642,52,21.43238075793812,17.419090595827292,21
random_search,9,2643,52,20.255294535724687,17.419090595827292,21
random_search,9,2644,52,21.70936130717624,17.419090595827292,21
random_search,9,2645,52,21.428991560298222,17.419090595827292,21
random_search,9,2646,52,18.869535971483266,17.419090595827292,21
random_search,9,2647,52,21.36124969497314,17.419090595827292,21
random_search,9,2648,52,20.319160170741757,17.419090595827292,21
random_search,9,2649,52,19.830950643030008,17.419090595827292,21
random_search,9,2650,53,20.256465996625053,17.419090595827292,21
random_search,9,2651,53,21.43130005674953,17.419090595827292,21
random_search,9,2652,53,21.3459060435492,17.419090595827292,21
random_search,9,2653,53,21.515167380558044,17.419090595827292,21
random_search,9,2654,53,19.80332963783729,17.419090595827292,21
random_search,9,2655,53,20.80787840283389,17.419090595827292,21
random_search,9,2656,53,20.2,17.419090595827292,21
random_search,9,2657,53,21.493468988235943,17.419090595827292,21
random_search,9,2658,53,20.839607805437115,17.419090595827292,21
random_search,9,2659,53,20.20293863659264,17.419090595827292,21
random_search,9,2660,53,22.20936130717624,17.419090595827292,21
random_search,9,2661,53,19.735270009440733,17.419090595827292,21
random_search,9,2662,53,20.99373774505092,17.419090595827292,21
random_search,9,2663,53,21.949545416973503,17.419090595827292,21
random_search,9,2664,53,21.487905815638733,17.419090595827292,21
random_search,9,2665,53,21.8,17.419090595827292,21
random_search,9,2666,53,20.696150997149434,17.419090595827292,21
random_search,9,2667,53,21.290724809414744,17.419090595827292,21
random_search,9,2668,53,20.50454076850486,17.419090595827292,21
random_search,9,2669,53,21.015167380558044,17.419090595827292,21
random_search,9,2670,53,23.004834939252003,17.419090595827292,21
random_search,9,2671,53,21.38494332412792,17.419090595827292,21
random_search,9,2672,53,21.30199920063936,17.419090595827292,21
random_search,9,2673,53,20.844994432064368,17.419090595827292,21
random_search,9,2674,53,20.555294535724684,17.419090595827292,21
random_search,9,2675,53,20.93130005674953,17.419090595827292,21
random_search,9,2676,53,21.72264954516723,17.419090595827292,21
random_search,9,2677,53,18.456465996625056,17.419090595827292,21
random_search,9,2678,53,21.033907960581374,17.419090595827292,21
random_search,9,2679,53,20.68910462845192,17.419090595827292,21
random_search,9,2680,53,20.814642819948226,17.419090595827292,21
random_search,9,2681,53,18.93469899493758,17.419090595827292,21
random_search,9,2682,53,20.887467277262665,17.419090595827292,21
random_search,9,2683,53,20.97484176581315,17.419090595827292,21
random_search,9,2684,53,20.164688270438848,17.419090595827292,21
random_search,9,2685,53,21.70185121722126,17.419090595827292,21
random_search,9,2686,53,22.72029410174709,17.419090595827292,21
random_search,9,2687,53,20.588409872672514,17.419090595827292,21
random_search,9,2688,53,20.949444375840397,17.419090595827292,21
random_search,9,2689,53,22.569870314579497,17.419090595827292,21
random_search,9,2690,53,20.368438714135813,17.419090595827292,21
random_search,9,2691,53,21.214944167960986,17.419090595827292,21
random_search,9,2692,53,21.531300056749533,17.419090595827292,21
random_search,9,2693,53,20.664688270438848,17.419090595827292,21
random_search,9,2694,53,20.01657508881031,17.419090595827292,21
random_search,9,2695,53,20.814944167960988,17.419090595827292,21
random_search,9,2696,53,20.764911064067352,17.419090595827292,21
random_search,9,2697,53,19.048999599679682,17.419090595827292,21
random_search,9,2698,53,18.96619037896906,17.419090595827292,21
random_search,9,2699,53,21.22074368738204,17.419090595827292,21
random_search,9,2700,54,20.423538406167136,17.419090595827292,21
random_search,9,2701,54,20.640175425099137,17.419090595827292,21
random_search,9,2702,54,19.830950643030008,17.419090595827292,21
random_search,9,2703,54,21.87175030543074,17.419090595827292,21
random_search,9,2704,54,19.491153452528778,17.419090595827292,21
random_search,9,2705,54,21.343559577416272,17.419090595827292,21
random_search,9,2706,54,20.730727575266254,17.419090595827292,21
random_search,9,2707,54,18.919803902718556,17.419090595827292,21
random_search,9,2708,54,18.862873883832776,17.419090595827292,21
random_search,9,2709,54,20.097617696340304,17.419090595827292,21
random_search,9,2710,54,19.560107523773826,17.419090595827292,21
random_search,9,2711,54,21.286335345031,17.419090595827292,21
random_search,9,2712,54,20.939736830714132,17.419090595827292,21
random_search,9,2713,54,19.822611077089288,17.419090595827292,21
random_search,9,2714,54,22.667156809750924,17.419090595827292,21
random_search,9,2715,54,21.672458299147443,17.419090595827292,21
random_search,9,2716,54,20.97156333832011,17.419090595827292,21
random_search,9,2717,54,20.024845673131658,17.419090595827292,21
random_search,9,2718,54,19.54880884817015,17.419090595827292,21
random_search,9,2719,54,20.173320053068153,17.419090595827292,21
random_search,9,2720,54,19.5,17.419090595827292,21
random_search,9,2721,54,22.88608421540822,17.419090595827292,21
random_search,9,2722,54,22.880972058177587,17.419090595827292,21
random_search,9,2723,54,20.537211521390788,17.419090595827292,21
random_search,9,2724,54,22.489979919597747,17.419090595827292,21
random_search,9,2725,54,19.868438714135813,17.419090595827292,21
random_search,9,2726,54,21.660319135392633,17.419090595827292,21
random_search,9,2727,54,21.93238075793812,17.419090595827292,21
random_search,9,2728,54,21.08522995463527,17.419090595827292,21
random_search,9,2729,54,23.177193921634785,17.419090595827292,21
random_search,9,2730,54,20.708607914449797,17.419090595827292,21
random_search,9,2731,54,21.126785107312738,17.419090595827292,21
random_search,9,2732,54,19.993468988235943,17.419090595827292,21
random_search,9,2733,54,22.105551275463988,17.419090595827292,21
random_search,9,2734,54,21.20199920063936,17.419090595827292,21
random_search,9,2735,54,20.09666295470958,17.419090595827292,21
random_search,9,2736,54,21.174021572639983,17.419090595827292,21
random_search,9,2737,54,18.760681686165903,17.419090595827292,21
random_search,9,2738,54,20.319160170741757,17.419090595827292,21
random_search,9,2739,54,20.235270009440733,17.419090595827292,21
random_search,9,2740,54,20.867156809750927,17.419090595827292,21
random_search,9,2741,54,20.845207879911715,17.419090595827292,21
random_search,9,2742,54,20.391153452528776,17.419090595827292,21
random_search,9,2743,54,20.341640786499873,17.419090595827292,21
random_search,9,2744,54,22.467491648096548,17.419090595827292,21
random_search,9,2745,54,22.082207001484488,17.419090595827292,21
random_search,9,2746,54,19.423538406167136,17.419090595827292,21
random_search,9,2747,54,20.8,17.419090595827292,21
random_search,9,2748,54,19.836660026534076,17.419090595827292,21
random_search,9,2749,54,19.96619037896906,17.419090595827292,21
random_search,9,2750,55,18.671779788708136,17.419090595827292,21
random_search,9,2751,55,21.66405499221705,17.419090595827292,21
random_search,9,2752,55,19.822497216032183,17.419090595827292,21
random_search,9,2753,55,21.025657829663178,17.419090595827292,21
random_search,9,2754,55,21.12565782966318,17.419090595827292,21
random_search,9,2755,55,20.86356421265527,17.419090595827292,21
random_search,9,2756,55,19.15796522451032,17.419090595827292,21
random_search,9,2757,55,21.861901286060018,17.419090595827292,21
random_search,9,2758,55,22.252610922848042,17.419090595827292,21
random_search,9,2759,55,19.493468988235943,17.419090595827292,21
random_search,9,2760,55,21.457066051117284,17.419090595827292,21
random_search,9,2761,55,20.261706725018236,17.419090595827292,21
random_search,9,2762,55,21.645906043549196,17.419090595827292,21
random_search,9,2763,55,21.020897306865447,17.419090595827292,21
random_search,9,2764,55,21.276575213227446,17.419090595827292,21
random_search,9,2765,55,20.993468988235943,17.419090595827292,21
random_search,9,2766,55,21.060107523773826,17.419090595827292,21
random_search,9,2767,55,20.453720459187966,17.419090595827292,21
random_search,9,2768,55,20.45870331449229,17.419090595827292,21
random_search,9,2769,55,20.343559577416272,17.419090595827292,21
random_search,9,2770,55,20.73861278752583,17.419090595827292,21
random_search,9,2771,55,20.40454076850486,17.419090595827292,21
random_search,9,2772,55,19.839607805437115,17.419090595827292,21
random_search,9,2773,55,22.28790581563873,17.419090595827292,21
random_search,9,2774,55,21.242787793912434,17.419090595827292,21
random_search,9,2775,55,21.07156333832011,17.419090595827292,21
random_search,9,2776,55,19.862873883832776,17.419090595827292,21
random_search,9,2777,55,20.227566688249706,17.419090595827292,21
random_search,9,2778,55,21.20199920063936,17.419090595827292,21
random_search,9,2779,55,18.663818169698587,17.419090595827292,21
random_search,9,2780,55,21.2131126469709,17.419090595827292,21
random_search,9,2781,55,19.68208554864871,17.419090595827292,21
random_search,9,2782,55,21.097617696340304,17.419090595827292,21
random_search,9,2783,55,21.72074368738204,17.419090595827292,21
random_search,9,2784,55,20.84390889145858,17.419090595827292,21
random_search,9,2785,55,21.097617696340304,17.419090595827292,21
random_search,9,2786,55,21.429705854077834,17.419090595827292,21
random_search,9,2787,55,18.757583690279024,17.419090595827292,21
random_search,9,2788,55,20.588435821108956,17.419090595827292,21
random_search,9,2789,55,21.770540018881462,17.419090595827292,21
random_search,9,2790,55,18.36619037896906,17.419090595827292,21
random_search,9,2791,55,20.634698994937583,17.419090595827292,21
random_search,9,2792,55,21.020897306865447,17.419090595827292,21
random_search,9,2793,55,20.6886890422961,17.419090595827292,21
random_search,9,2794,55,20.95472369909914,17.419090595827292,21
random_search,9,2795,55,21.417935662402833,17.419090595827292,21
random_search,9,2796,55,20.66794833886788,17.419090595827292,21
random_search,9,2797,55,20.37840487520902,17.419090595827292,21
random_search,9,2798,55,20.564965543462904,17.419090595827292,21
random_search,9,2799,55,20.88806130178211,17.419090595827292,21
random_search,9,2800,56,21.23861278752583,17.419090595827292,21
random_search,9,2801,56,21.97763888346312,17.419090595827292,21
random_search,9,2802,56,20.872004514666937,17.419090595827292,21
random_search,9,2803,56,21.964965543462903,17.419090595827292,21
random_search,9,2804,56,20.40831891575846,17.419090595827292,21
random_search,9,2805,56,19.507878402833892,17.419090595827292,21
random_search,9,2806,56,21.0576411454889,17.419090595827292,21
random_search,9,2807,56,21.43130005674953,17.419090595827292,21
random_search,9,2808,56,20.727566688249706,17.419090595827292,21
random_search,9,2809,56,22.2,17.419090595827292,21
random_search,9,2810,56,20.3,17.419090595827292,21
random_search,9,2811,56,19.419803902718556,17.419090595827292,21
random_search,9,2812,56,19.163818169698587,17.419090595827292,21
random_search,9,2813,56,21.577902338672775,17.419090595827292,21
random_search,9,2814,56,20.449137674618942,17.419090595827292,21
random_search,9,2815,56,20.660107523773828,17.419090595827292,21
random_search,9,2816,56,22.0555923471125,17.419090595827292,21
random_search,9,2817,56,20.867156809750927,17.419090595827292,21
random_search,9,2818,56,18.914213562373096,17.419090595827292,21
random_search,9,2819,56,19.614482300479487,17.419090595827292,21
random_search,9,2820,56,19.991153452528778,17.419090595827292,21
random_search,9,2821,56,21.536877428271623,17.419090595827292,21
random_search,9,2822,56,20.457342370508883,17.419090595827292,21
random_search,9,2823,56,20.05758369027902,17.419090595827292,21
random_search,9,2824,56,21.615587038162705,17.419090595827292,21
random_search,9,2825,56,21.15796522451032,17.419090595827292,21
random_search,9,2826,56,19.588409872672514,17.419090595827292,21
random_search,9,2827,56,21.33390796058137,17.419090595827292,21
random_search,9,2828,56,20.05796522451032,17.419090595827292,21
random_search,9,2829,56,20.114642819948223,17.419090595827292,21
random_search,9,2830,56,21.49615099714943,17.419090595827292,21
random_search,9,2831,56,20.43469899493758,17.419090595827292,21
random_search,9,2832,56,19.109975124224178,17.419090595827292,21
random_search,9,2833,56,20.438181191654586,17.419090595827292,21
random_search,9,2834,56,20.03072757526625,17.419090595827292,21
random_search,9,2835,56,22.646426544510454,17.419090595827292,21
random_search,9,2836,56,18.632455532033674,17.419090595827292,21
random_search,9,2837,56,21.659126028197402,17.419090595827292,21
random_search,9,2838,56,21.109243436828812,17.419090595827292,21
random_search,9,2839,56,19.140175425099137,17.419090595827292,21
random_search,9,2840,56,22.261706725018236,17.419090595827292,21
random_search,9,2841,56,22.5563490998189,17.419090595827292,21
random_search,9,2842,56,22.03315017762062,17.419090595827292,21
random_search,9,2843,56,19.133030277982336,17.419090595827292,21
random_search,9,2844,56,23.24037034920393,17.419090595827292,21
random_search,9,2845,56,21.364054992217053,17.419090595827292,21
random_search,9,2846,56,21.598386676965934,17.419090595827292,21
random_search,9,2847,56,20.929705854077834,17.419090595827292,21
random_search,9,2848,56,21.380972058177587,17.419090595827292,21
random_search,9,2849,56,20.016609194718917,17.419090595827292,21
random_search,9,2850,57,21.742787793912434,17.419090595827292,21
random_search,9,2851,57,21.72089730686545,17.419090595827292,21
random_search,9,2852,57,17.632455532033674,17.419090595827292,21
random_search,9,2853,57,19.90831891575846,17.419090595827292,21
random_search,9,2854,57,22.540658617698014,17.419090595827292,21
random_search,9,2855,57,18.769693845669906,17.419090595827292,21
random_search,9,2856,57,21.133030277982336,17.419090595827292,21
random_search,9,2857,57,21.179075450674063,17.419090595827292,21
random_search,9,2858,57,21.30787840283389,17.419090595827292,21
random_search,9,2859,57,20.830950643030008,17.419090595827292,21
random_search,9,2860,57,22.3459060435492,17.419090595827292,21
random_search,9,2861,57,19.04928556845359,17.419090595827292,21
random_search,9,2862,57,19.33390796058137,17.419090595827292,21
random_search,9,2863,57,20.26468827043885,17.419090595827292,21
random_search,9,2864,57,22.04939015319192,17.419090595827292,21
random_search,9,2865,57,19.969817807045693,17.419090595827292,21
random_search,9,2866,57,19.22474487139159,17.419090595827292,21
random_search,9,2867,57,19.372004514666937,17.419090595827292,21
random_search,9,2868,57,19.660107523773828,17.419090595827292,21
random_search,9,2869,57,21.00554700852678,17.419090595827292,21
random_search,9,2870,57,21.25277655408689,17.419090595827292,21
random_search,9,2871,57,21.49615099714943,17.419090595827292,21
random_search,9,2872,57,19.920465053408524,17.419090595827292,21
random_search,9,2873,57,19.911871208194288,17.419090595827292,21
random_search,9,2874,57,21.599999999999998,17.419090595827292,21
random_search,9,2875,57,19.429705854077834,17.419090595827292,21
random_search,9,2876,57,21.83541565040626,17.419090595827292,21
random_search,9,2877,57,22.697221149720992,17.419090595827292,21
random_search,9,2878,57,20.949444375840397,17.419090595827292,21
random_search,9,2879,57,20.657342370508886,17.419090595827292,21
random_search,9,2880,57,22.485677655436824,17.419090595827292,21
random_search,9,2881,57,20.04928556845359,17.419090595827292,21
random_search,9,2882,57,20.880697580112788,17.419090595827292,21
random_search,9,2883,57,22.22491379207837,17.419090595827292,21
random_search,9,2884,57,20.713594362117867,17.419090595827292,21
random_search,9,2885,57,20.08679622641132,17.419090595827292,21
random_search,9,2886,57,20.48148877222268,17.419090595827292,21
random_search,9,2887,57,21.258317958127243,17.419090595827292,21
random_search,9,2888,57,21.534387974463897,17.419090595827292,21
random_search,9,2889,57,19.843559577416272,17.419090595827292,21
random_search,9,2890,57,21.10554700852678,17.419090595827292,21
random_search,9,2891,57,20.983266665599963,17.419090595827292,21
random_search,9,2892,57,19.380624847486573,17.419090595827292,21
random_search,9,2893,57,20.53072757526625,17.419090595827292,21
random_search,9,2894,57,20.26843871413581,17.419090595827292,21
random_search,9,2895,57,21.0,17.419090595827292,21
random_search,9,2896,57,18.673320053068153,17.419090595827292,21
random_search,9,2897,57,23.967491648096548,17.419090595827292,21
random_search,9,2898,57,20.976819745345026,17.419090595827292,21
random_search,9,2899,57,21.072077843177475,17.419090595827292,21
random_search,9,2900,58,21.75329983228432,17.419090595827292,21
random_search,9,2901,58,21.272077843177478,17.419090595827292,21
random_search,9,2902,58,21.016609194718917,17.419090595827292,21
random_search,9,2903,58,22.503569153775235,17.419090595827292,21
random_search,9,2904,58,17.62736184954957,17.419090595827292,21
random_search,9,2905,58,21.47484176581315,17.419090595827292,21
random_search,9,2906,58,19.862873883832776,17.419090595827292,21
random_search,9,2907,58,21.457066051117284,17.419090595827292,21
random_search,9,2908,58,21.438181191654586,17.419090595827292,21
random_search,9,2909,58,21.752272056851645,17.419090595827292,21
random_search,9,2910,58,20.7219040425837,17.419090595827292,21
random_search,9,2911,58,21.417800560721076,17.419090595827292,21
random_search,9,2912,58,21.341653005427766,17.419090595827292,21
random_search,9,2913,58,20.11245154965971,17.419090595827292,21
random_search,9,2914,58,21.45870331449229,17.419090595827292,21
random_search,9,2915,58,19.44928556845359,17.419090595827292,21
random_search,9,2916,58,19.80332963783729,17.419090595827292,21
random_search,9,2917,58,19.099999999999998,17.419090595827292,21
random_search,9,2918,58,18.112403840463596,17.419090595827292,21
random_search,9,2919,58,20.157342370508886,17.419090595827292,21
random_search,9,2920,58,20.659126028197402,17.419090595827292,21
random_search,9,2921,58,21.11245154965971,17.419090595827292,21
random_search,9,2922,58,20.3,17.419090595827292,21
random_search,9,2923,58,21.44948974278318,17.419090595827292,21
random_search,9,2924,58,20.93095064303001,17.419090595827292,21
random_search,9,2925,58,21.302172886644268,17.419090595827292,21
random_search,9,2926,58,21.387467277262665,17.419090595827292,21
random_search,9,2927,58,23.187817782917154,17.419090595827292,21
random_search,9,2928,58,19.44935886896179,17.419090595827292,21
random_search,9,2929,58,20.67681974534503,17.419090595827292,21
random_search,9,2930,58,19.311871208194287,17.419090595827292,21
random_search,9,2931,58,20.80332963783729,17.419090595827292,21
random_search,9,2932,58,19.63527000944073,17.419090595827292,21
random_search,9,2933,58,21.86124969497314,17.419090595827292,21
random_search,9,2934,58,19.391153452528776,17.419090595827292,21
random_search,9,2935,58,20.239607805437114,17.419090595827292,21
random_search,9,2936,58,19.836660026534076,17.419090595827292,21
random_search,9,2937,58,22.06767050061961,17.419090595827292,21
random_search,9,2938,58,21.337211521390785,17.419090595827292,21
random_search,9,2939,58,21.073213749463704,17.419090595827292,21
random_search,9,2940,58,19.992838827718412,17.419090595827292,21
random_search,9,2941,58,21.024845673131658,17.419090595827292,21
random_search,9,2942,58,20.21909059582729,17.419090595827292,21
random_search,9,2943,58,21.302172886644268,17.419090595827292,21
random_search,9,2944,58,21.02710574513201,17.419090595827292,21
random_search,9,2945,58,20.173320053068153,17.419090595827292,21
random_search,9,2946,58,21.710844001658266,17.419090595827292,21
random_search,9,2947,58,19.63527000944073,17.419090595827292,21
random_search,9,2948,58,19.099999999999998,17.419090595827292,21
random_search,9,2949,58,21.179075450674063,17.419090595827292,21
random_search,9,2950,59,20.68910462845192,17.419090595827292,21
random_search,9,2951,59,20.409975124224175,17.419090595827292,21
random_search,9,2952,59,21.452610922848045,17.419090595827292,21
random_search,9,2953,59,20.18679622641132,17.419090595827292,21
random_search,9,2954,59,19.048999599679682,17.419090595827292,21
random_search,9,2955,59,19.729563014098698,17.419090595827292,21
random_search,9,2956,59,21.099999999999998,17.419090595827292,21
random_search,9,2957,59,21.114642819948223,17.419090595827292,21
random_search,9,2958,59,20.20332963783729,17.419090595827292,21
random_search,9,2959,59,20.6431676725155,17.419090595827292,21
random_search,9,2960,59,20.696150997149434,17.419090595827292,21
random_search,9,2961,59,21.51058907144937,17.419090595827292,21
random_search,9,2962,59,19.891153452528776,17.419090595827292,21
random_search,9,2963,59,19.58113883008419,17.419090595827292,21
random_search,9,2964,59,20.761706725018236,17.419090595827292,21
random_search,9,2965,59,21.713594362117867,17.419090595827292,21
random_search,9,2966,59,18.80332963783729,17.419090595827292,21
random_search,9,2967,59,20.01657508881031,17.419090595827292,21
random_search,9,2968,59,20.160107523773828,17.419090595827292,21
random_search,9,2969,59,22.156141357987227,17.419090595827292,21
random_search,9,2970,59,21.117935662402836,17.419090595827292,21
random_search,9,2971,59,20.822611077089288,17.419090595827292,21
random_search,9,2972,59,19.727566688249706,17.419090595827292,21
random_search,9,2973,59,20.614482300479487,17.419090595827292,21
random_search,9,2974,59,19.207106781186546,17.419090595827292,21
random_search,9,2975,59,20.841653005427766,17.419090595827292,21
random_search,9,2976,59,20.23622914957372,17.419090595827292,21
random_search,9,2977,59,20.183266665599966,17.419090595827292,21
random_search,9,2978,59,19.67979589711327,17.419090595827292,21
random_search,9,2979,59,20.11245154965971,17.419090595827292,21
random_search,9,2980,59,19.867156809750927,17.419090595827292,21
random_search,9,2981,59,20.20199920063936,17.419090595827292,21
random_search,9,2982,59,20.622611077089285,17.419090595827292,21
random_search,9,2983,59,21.20199920063936,17.419090595827292,21
random_search,9,2984,59,20.43469899493758,17.419090595827292,21
random_search,9,2985,59,20.36397674405503,17.419090595827292,21
random_search,9,2986,59,21.36397674405503,17.419090595827292,21
random_search,9,2987,59,21.024845673131658,17.419090595827292,21
random_search,9,2988,59,20.739071942966532,17.419090595827292,21
random_search,9,2989,59,22.082207001484488,17.419090595827292,21
random_search,9,2990,59,18.80787840283389,17.419090595827292,21
random_search,9,2991,59,20.2,17.419090595827292,21
random_search,9,2992,59,20.912931993250105,17.419090595827292,21
random_search,9,2993,59,21.345207879911715,17.419090595827292,21
random_search,9,2994,59,21.58679622641132,17.419090595827292,21
random_search,9,2995,59,20.622611077089285,17.419090595827292,21
random_search,9,2996,59,21.549444375840398,17.419090595827292,21
random_search,9,2997,59,19.877902338672772,17.419090595827292,21
random_search,9,2998,59,20.420465053408524,17.419090595827292,21
random_search,9,2999,59,18.988409872672513,17.419090595827292,21
random_search,9,3000,60,20.370828693386972,17.419090595827292,21
random_search,9,3001,60,20.939736830714132,17.419090595827292,21
random_search,9,3002,60,19.50830459735946,17.419090595827292,21
random_search,9,3003,60,19.91916017074176,17.419090595827292,21
random_search,9,3004,60,20.68679622641132,17.419090595827292,21
random_search,9,3005,60,20.18679622641132,17.419090595827292,21
random_search,9,3006,60,21.815587038162708,17.419090595827292,21
random_search,9,3007,60,20.33390796058137,17.419090595827292,21
random_search,9,3008,60,20.683266665599966,17.419090595827292,21
random_search,9,3009,60,20.160107523773828,17.419090595827292,21
random_search,9,3010,60,20.98148877222268,17.419090595827292,21
random_search,9,3011,60,20.20332963783729,17.419090595827292,21
random_search,9,3012,60,22.0576411454889,17.419090595827292,21
random_search,9,3013,60,21.16794833886788,17.419090595827292,21
random_search,9,3014,60,20.24131112314674,17.419090595827292,21
random_search,9,3015,60,21.288854381999833,17.419090595827292,21
random_search,9,3016,60,19.059591794226545,17.419090595827292,21
random_search,9,3017,60,21.593468988235944,17.419090595827292,21
random_search,9,3018,60,21.493468988235943,17.419090595827292,21
random_search,9,3019,60,19.757583690279024,17.419090595827292,21
random_search,9,3020,60,21.47156333832011,17.419090595827292,21
random_search,9,3021,60,21.82654919008431,17.419090595827292,21
random_search,9,3022,60,21.210844001658266,17.419090595827292,21
random_search,9,3023,60,20.314642819948226,17.419090595827292,21
random_search,9,3024,60,21.159126028197402,17.419090595827292,21
random_search,9,3025,60,20.88494332412792,17.419090595827292,21
random_search,9,3026,60,20.055294535724684,17.419090595827292,21
random_search,9,3027,60,21.18910462845192,17.419090595827292,21
random_search,9,3028,60,23.392492955535424,17.419090595827292,21
random_search,9,3029,60,20.73606797749979,17.419090595827292,21
random_search,9,3030,60,21.8,17.419090595827292,21
random_search,9,3031,60,21.987905815638733,17.419090595827292,21
random_search,9,3032,60,20.533907960581374,17.419090595827292,21
random_search,9,3033,60,20.377032961426902,17.419090595827292,21
random_search,9,3034,60,21.02664991614216,17.419090595827292,21
random_search,9,3035,60,20.099999999999998,17.419090595827292,21
random_search,9,3036,60,20.802172886644268,17.419090595827292,21
random_search,9,3037,60,20.316609194718914,17.419090595827292,21
random_search,9,3038,60,20.367156809750927,17.419090595827292,21
random_search,9,3039,60,21.55657137141714,17.419090595827292,21
random_search,9,3040,60,21.77488738510232,17.419090595827292,21
random_search,9,3041,60,21.09799919935936,17.419090595827292,21
random_search,9,3042,60,20.44928556845359,17.419090595827292,21
random_search,9,3043,60,20.70332963783729,17.419090595827292,21
random_search,9,3044,60,20.485677655436824,17.419090595827292,21
random_search,9,3045,60,20.923538406167136,17.419090595827292,21
random_search,9,3046,60,21.5563490998189,17.419090595827292,21
random_search,9,3047,60,22.243024810940586,17.419090595827292,21
random_search,9,3048,60,20.14476105895272,17.419090595827292,21
random_search,9,3049,60,20.709983388658483,17.419090595827292,21
random_search,9,3050,61,19.920465053408524,17.419090595827292,21
random_search,9,3051,61,20.819160170741757,17.419090595827292,21
random_search,9,3052,61,21.49615099714943,17.419090595827292,21
random_search,9,3053,61,20.93469899493758,17.419090595827292,21
random_search,9,3054,61,20.877902338672772,17.419090595827292,21
random_search,9,3055,61,23.11283361405006,17.419090595827292,21
random_search,9,3056,61,19.162049935181333,17.419090595827292,21
random_search,9,3057,61,20.129285639896448,17.419090595827292,21
random_search,9,3058,61,20.636664289109586,17.419090595827292,21
random_search,9,3059,61,20.78997487421324,17.419090595827292,21
random_search,9,3060,61,21.923243291566195,17.419090595827292,21
random_search,9,3061,61,19.861324772583615,17.419090595827292,21
random_search,9,3062,61,20.911871208194288,17.419090595827292,21
random_search,9,3063,61,22.077154105707724,17.419090595827292,21
random_search,9,3064,61,20.42756668824971,17.419090595827292,21
random_search,9,3065,61,20.162049935181333,17.419090595827292,21
random_search,9,3066,61,20.911871208194288,17.419090595827292,21
random_search,9,3067,61,23.17804971641414,17.419090595827292,21
random_search,9,3068,61,20.78193472919817,17.419090595827292,21
random_search,9,3069,61,20.50554700852678,17.419090595827292,21
random_search,9,3070,61,22.48328677803526,17.419090595827292,21
random_search,9,3071,61,20.924099870362664,17.419090595827292,21
random_search,9,3072,61,21.345207879911715,17.419090595827292,21
random_search,9,3073,61,20.09666295470958,17.419090595827292,21
random_search,9,3074,61,19.59666295470958,17.419090595827292,21
random_search,9,3075,61,21.281934729198174,17.419090595827292,21
random_search,9,3076,61,19.563818169698585,17.419090595827292,21
random_search,9,3077,61,21.742787793912434,17.419090595827292,21
random_search,9,3078,61,22.503123475609392,17.419090595827292,21
random_search,9,3079,61,20.58526217596215,17.419090595827292,21
random_search,9,3080,61,21.5563490998189,17.419090595827292,21
random_search,9,3081,61,22.47624151769984,17.419090595827292,21
random_search,9,3082,61,19.140175425099137,17.419090595827292,21
random_search,9,3083,61,21.713594362117867,17.419090595827292,21
random_search,9,3084,61,20.362873883832776,17.419090595827292,21
random_search,9,3085,61,23.055430508634203,17.419090595827292,21
random_search,9,3086,61,19.58679622641132,17.419090595827292,21
random_search,9,3087,61,21.609243436828812,17.419090595827292,21
random_search,9,3088,61,21.816590212458493,17.419090595827292,21
random_search,9,3089,61,21.099999999999998,17.419090595827292,21
random_search,9,3090,61,20.024845673131658,17.419090595827292,21
random_search,9,3091,61,22.65486705347928,17.419090595827292,21
random_search,9,3092,61,20.183266665599966,17.419090595827292,21
random_search,9,3093,61,21.13907194296653,17.419090595827292,21
random_search,9,3094,61,21.114482300479487,17.419090595827292,21
random_search,9,3095,61,22.417935662402833,17.419090595827292,21
random_search,9,3096,61,22.475817632051932,17.419090595827292,21
random_search,9,3097,61,20.84390889145858,17.419090595827292,21
random_search,9,3098,61,19.48148877222268,17.419090595827292,21
random_search,9,3099,61,21.19332590941915,17.419090595827292,21
random_search,9,3100,62,22.629285639896448,17.419090595827292,21
random_search,9,3101,62,21.50554700852678,17.419090595827292,21
random_search,9,3102,62,20.253720459187964,17.419090595827292,21
random_search,9,3103,62,19.549193338482965,17.419090595827292,21
random_search,9,3104,62,19.83721152139079,17.419090595827292,21
random_search,9,3105,62,19.367156809750927,17.419090595827292,21
random_search,9,3106,62,21.254065922853805,17.419090595827292,21
random_search,9,3107,62,20.949444375840397,17.419090595827292,21
random_search,9,3108,62,21.659729717389748,17.419090595827292,21
random_search,9,3109,62,20.340967364599088,17.419090595827292,21
random_search,9,3110,62,20.9377155080899,17.419090595827292,21
random_search,9,3111,62,19.36397674405503,17.419090595827292,21
random_search,9,3112,62,20.08522995463527,17.419090595827292,21
random_search,9,3113,62,22.790724809414744,17.419090595827292,21
random_search,9,3114,62,22.082207001484488,17.419090595827292,21
random_search,9,3115,62,21.277154105707726,17.419090595827292,21
random_search,9,3116,62,19.02480768092719,17.419090595827292,21
random_search,9,3117,62,19.59666295470958,17.419090595827292,21
random_search,9,3118,62,20.14355957741627,17.419090595827292,21
random_search,9,3119,62,20.230727575266254,17.419090595827292,21
random_search,9,3120,62,22.917935662402833,17.419090595827292,21
random_search,9,3121,62,20.372004514666937,17.419090595827292,21
random_search,9,3122,62,21.169693845669904,17.419090595827292,21
random_search,9,3123,62,22.310693864511038,17.419090595827292,21
random_search,9,3124,62,21.272077843177478,17.419090595827292,21
random_search,9,3125,62,20.59799919935936,17.419090595827292,21
random_search,9,3126,62,21.280350850198275,17.419090595827292,21
random_search,9,3127,62,19.063818169698585,17.419090595827292,21
random_search,9,3128,62,22.70936130717624,17.419090595827292,21
random_search,9,3129,62,18.22736184954957,17.419090595827292,21
random_search,9,3130,62,20.92756668824971,17.419090595827292,21
random_search,9,3131,62,21.503569153775235,17.419090595827292,21
random_search,9,3132,62,20.210844001658266,17.419090595827292,21
random_search,9,3133,62,19.8,17.419090595827292,21
random_search,9,3134,62,21.491153452528778,17.419090595827292,21
random_search,9,3135,62,20.599999999999998,17.419090595827292,21
random_search,9,3136,62,19.033907960581374,17.419090595827292,21
random_search,9,3137,62,19.755294535724687,17.419090595827292,21
random_search,9,3138,62,20.57763888346312,17.419090595827292,21
random_search,9,3139,62,22.261249694973138,17.419090595827292,21
random_search,9,3140,62,19.09666295470958,17.419090595827292,21
random_search,9,3141,62,22.121347195933176,17.419090595827292,21
random_search,9,3142,62,20.16794833886788,17.419090595827292,21
random_search,9,3143,62,20.679075450674063,17.419090595827292,21
random_search,9,3144,62,19.6431676725155,17.419090595827292,21
random_search,9,3145,62,20.923538406167136,17.419090595827292,21
random_search,9,3146,62,19.164688270438848,17.419090595827292,21
random_search,9,3147,62,21.8,17.419090595827292,21
random_search,9,3148,62,20.33622914957372,17.419090595827292,21
random_search,9,3149,62,19.26843871413581,17.419090595827292,21
random_search,9,3150,63,20.597617696340304,17.419090595827292,21
random_search,9,3151,63,20.316609194718914,17.419090595827292,21
random_search,9,3152,63,19.757583690279024,17.419090595827292,21
random_search,9,3153,63,19.974868417407585,17.419090595827292,21
random_search,9,3154,63,19.729563014098698,17.419090595827292,21
random_search,9,3155,63,18.80384048104053,17.419090595827292,21
random_search,9,3156,63,20.739607805437114,17.419090595827292,21
random_search,9,3157,63,21.160107523773828,17.419090595827292,21
random_search,9,3158,63,20.7,17.419090595827292,21
random_search,9,3159,63,21.2343879744639,17.419090595827292,21
random_search,9,3160,63,21.811871208194287,17.419090595827292,21
random_search,9,3161,63,20.255294535724687,17.419090595827292,21
random_search,9,3162,63,21.8732137494637,17.419090595827292,21
random_search,9,3163,63,19.311871208194287,17.419090595827292,21
random_search,9,3164,63,20.674021572639983,17.419090595827292,21
random_search,9,3165,63,20.524845673131658,17.419090595827292,21
random_search,9,3166,63,19.55758369027902,17.419090595827292,21
random_search,9,3167,63,21.975817632051932,17.419090595827292,21
random_search,9,3168,63,22.507135583350035,17.419090595827292,21
random_search,9,3169,63,20.756465996625053,17.419090595827292,21
random_search,9,3170,63,19.71909059582729,17.419090595827292,21
random_search,9,3171,63,20.58113883008419,17.419090595827292,21
random_search,9,3172,63,21.937663853655728,17.419090595827292,21
random_search,9,3173,63,22.62574776766556,17.419090595827292,21
random_search,9,3174,63,21.845207879911715,17.419090595827292,21
random_search,9,3175,63,22.145906043549196,17.419090595827292,21
random_search,9,3176,63,23.2,17.419090595827292,21
random_search,9,3177,63,19.68679622641132,17.419090595827292,21
random_search,9,3178,63,20.43130005674953,17.419090595827292,21
random_search,9,3179,63,20.370828693386972,17.419090595827292,21
random_search,9,3180,63,21.880697580112788,17.419090595827292,21
random_search,9,3181,63,20.758317958127243,17.419090595827292,21
random_search,9,3182,63,21.622611077089285,17.419090595827292,21
random_search,9,3183,63,19.961324772583616,17.419090595827292,21
random_search,9,3184,63,22.088435821108956,17.419090595827292,21
random_search,9,3185,63,20.033907960581374,17.419090595827292,21
random_search,9,3186,63,19.76843871413581,17.419090595827292,21
random_search,9,3187,63,20.529822128134704,17.419090595827292,21
random_search,9,3188,63,21.261249694973138,17.419090595827292,21
random_search,9,3189,63,20.880624847486573,17.419090595827292,21
random_search,9,3190,63,19.584943324127924,17.419090595827292,21
random_search,9,3191,63,19.020465053408525,17.419090595827292,21
random_search,9,3192,63,21.75306852353742,17.419090595827292,21
random_search,9,3193,63,20.614642819948223,17.419090595827292,21
random_search,9,3194,63,19.8,17.419090595827292,21
random_search,9,3195,63,18.43095064303001,17.419090595827292,21
random_search,9,3196,63,19.30384048104053,17.419090595827292,21
random_search,9,3197,63,20.57907545067406,17.419090595827292,21
random_search,9,3198,63,18.714944167960986,17.419090595827292,21
random_search,9,3199,63,21.997057550292606,17.419090595827292,21
random_search,9,3200,64,21.887467277262665,17.419090595827292,21
random_search,9,3201,64,20.866431913239847,17.419090595827292,21
random_search,9,3202,64,21.758323293158117,17.419090595827292,21
random_search,9,3203,64,20.60554700852678,17.419090595827292,21
random_search,9,3204,64,18.112403840463596,17.419090595827292,21
random_search,9,3205,64,21.467670500619608,17.419090595827292,21
random_search,9,3206,64,21.539387691339815,17.419090595827292,21
random_search,9,3207,64,21.290724809414744,17.419090595827292,21
random_search,9,3208,64,21.35870331449229,17.419090595827292,21
random_search,9,3209,64,21.427105745132007,17.419090595827292,21
random_search,9,3210,64,20.13318042491699,17.419090595827292,21
random_search,9,3211,64,22.377902338672772,17.419090595827292,21
random_search,9,3212,64,22.54093010681705,17.419090595827292,21
random_search,9,3213,64,19.86619037896906,17.419090595827292,21
random_search,9,3214,64,21.493468988235943,17.419090595827292,21
random_search,9,3215,64,22.3559467676119,17.419090595827292,21
random_search,9,3216,64,21.457342370508883,17.419090595827292,21
random_search,9,3217,64,22.12565782966318,17.419090595827292,21
random_search,9,3218,64,18.988409872672513,17.419090595827292,21
random_search,9,3219,64,20.72574776766556,17.419090595827292,21
random_search,9,3220,64,20.169693845669904,17.419090595827292,21
random_search,9,3221,64,23.422649545167232,17.419090595827292,21
random_search,9,3222,64,21.485677655436824,17.419090595827292,21
random_search,9,3223,64,19.781488772222676,17.419090595827292,21
random_search,9,3224,64,20.761249694973138,17.419090595827292,21
random_search,9,3225,64,20.534387974463897,17.419090595827292,21
random_search,9,3226,64,23.193743884534264,17.419090595827292,21
random_search,9,3227,64,21.05277655408689,17.419090595827292,21
random_search,9,3228,64,21.837211521390785,17.419090595827292,21
random_search,9,3229,64,21.0563490998189,17.419090595827292,21
random_search,9,3230,64,20.914213562373096,17.419090595827292,21
random_search,9,3231,64,19.52480768092719,17.419090595827292,21
random_search,9,3232,64,19.129705854077837,17.419090595827292,21
random_search,9,3233,64,22.292848008753786,17.419090595827292,21
random_search,9,3234,64,22.03315017762062,17.419090595827292,21
random_search,9,3235,64,20.213594362117867,17.419090595827292,21
random_search,9,3236,64,21.10768096208106,17.419090595827292,21
random_search,9,3237,64,21.62574776766556,17.419090595827292,21
random_search,9,3238,64,21.985677655436824,17.419090595827292,21
random_search,9,3239,64,19.897366596101026,17.419090595827292,21
random_search,9,3240,64,18.900000000000002,17.419090595827292,21
random_search,9,3241,64,20.359591794226542,17.419090595827292,21
random_search,9,3242,64,19.923538406167136,17.419090595827292,21
random_search,9,3243,64,19.68321595661992,17.419090595827292,21
random_search,9,3244,64,22.00454076850486,17.419090595827292,21
random_search,9,3245,64,22.03072757526625,17.419090595827292,21
random_search,9,3246,64,20.054065922853802,17.419090595827292,21
random_search,9,3247,64,22.82232783924049,17.419090595827292,21
random_search,9,3248,64,19.113112646970897,17.419090595827292,21
random_search,9,3249,64,21.400000000000002,17.419090595827292,21
random_search,9,3250,65,21.470540018881465,17.419090595827292,21
random_search,9,3251,65,21.036664289109584,17.419090595827292,21
random_search,9,3252,65,20.920465053408524,17.419090595827292,21
random_search,9,3253,65,22.714674215792776,17.419090595827292,21
random_search,9,3254,65,21.060107523773826,17.419090595827292,21
random_search,9,3255,65,19.408304597359457,17.419090595827292,21
random_search,9,3256,65,19.969817807045693,17.419090595827292,21
random_search,9,3257,65,22.082207001484488,17.419090595827292,21
random_search,9,3258,65,20.672004514666934,17.419090595827292,21
random_search,9,3259,65,22.521363372331802,17.419090595827292,21
random_search,9,3260,65,17.919090595827292,17.419090595827292,21
random_search,9,3261,65,21.937663853655728,17.419090595827292,21
random_search,9,3262,65,23.819950248448357,17.419090595827292,21
random_search,9,3263,65,19.227566688249706,17.419090595827292,21
random_search,9,3264,65,21.254065922853805,17.419090595827292,21
random_search,9,3265,65,20.43469899493758,17.419090595827292,21
random_search,9,3266,65,20.5,17.419090595827292,21
random_search,9,3267,65,19.900000000000002,17.419090595827292,21
random_search,9,3268,65,20.91084400165827,17.419090595827292,21
random_search,9,3269,65,19.73861278752583,17.419090595827292,21
random_search,9,3270,65,20.255294535724687,17.419090595827292,21
random_search,9,3271,65,22.07364413533277,17.419090595827292,21
random_search,9,3272,65,20.163818169698587,17.419090595827292,21
random_search,9,3273,65,20.983266665599963,17.419090595827292,21
random_search,9,3274,65,19.908304597359457,17.419090595827292,21
random_search,9,3275,65,21.73238075793812,17.419090595827292,21
random_search,9,3276,65,21.314944167960988,17.419090595827292,21
random_search,9,3277,65,20.830950643030008,17.419090595827292,21
random_search,9,3278,65,22.337211521390785,17.419090595827292,21
random_search,9,3279,65,19.45472369909914,17.419090595827292,21
random_search,9,3280,65,21.952610922848045,17.419090595827292,21
random_search,9,3281,65,20.420465053408524,17.419090595827292,21
random_search,9,3282,65,21.89192496674806,17.419090595827292,21
random_search,9,3283,65,19.8,17.419090595827292,21
random_search,9,3284,65,20.077902338672775,17.419090595827292,21
random_search,9,3285,65,20.343559577416272,17.419090595827292,21
random_search,9,3286,65,20.714944167960986,17.419090595827292,21
random_search,9,3287,65,20.380624847486573,17.419090595827292,21
random_search,9,3288,65,21.989979919597747,17.419090595827292,21
random_search,9,3289,65,19.669693845669904,17.419090595827292,21
random_search,9,3290,65,18.707106781186546,17.419090595827292,21
random_search,9,3291,65,20.60554700852678,17.419090595827292,21
random_search,9,3292,65,21.181934729198172,17.419090595827292,21
random_search,9,3293,65,19.93095064303001,17.419090595827292,21
random_search,9,3294,65,21.05796522451032,17.419090595827292,21
random_search,9,3295,65,20.59666295470958,17.419090595827292,21
random_search,9,3296,65,20.85870331449229,17.419090595827292,21
random_search,9,3297,65,20.802172886644268,17.419090595827292,21
random_search,9,3298,65,21.18910462845192,17.419090595827292,21
random_search,9,3299,65,20.48148877222268,17.419090595827292,21
random_search,9,3300,66,21.037211521390788,17.419090595827292,21
random_search,9,3301,66,21.20185121722126,17.419090595827292,21
random_search,9,3302,66,21.12074368738204,17.419090595827292,21
random_search,9,3303,66,21.344994432064368,17.419090595827292,21
random_search,9,3304,66,20.285229954635273,17.419090595827292,21
random_search,9,3305,66,20.802172886644268,17.419090595827292,21
random_search,9,3306,66,21.07907545067406,17.419090595827292,21
random_search,9,3307,66,20.634698994937583,17.419090595827292,21
random_search,9,3308,66,20.09666295470958,17.419090595827292,21
random_search,9,3309,66,22.284336665618135,17.419090595827292,21
random_search,9,3310,66,19.927105745132007,17.419090595827292,21
random_search,9,3311,66,20.285229954635273,17.419090595827292,21
random_search,9,3312,66,18.764911064067352,17.419090595827292,21
random_search,9,3313,66,20.57763888346312,17.419090595827292,21
random_search,9,3314,66,22.2,17.419090595827292,21
random_search,9,3315,66,20.714944167960986,17.419090595827292,21
random_search,9,3316,66,20.70293863659264,17.419090595827292,21
random_search,9,3317,66,19.13527000944073,17.419090595827292,21
random_search,9,3318,66,19.785229954635273,17.419090595827292,21
random_search,9,3319,66,21.577902338672775,17.419090595827292,21
random_search,9,3320,66,22.5,17.419090595827292,21
random_search,9,3321,66,20.949444375840397,17.419090595827292,21
random_search,9,3322,66,22.181934729198172,17.419090595827292,21
random_search,9,3323,66,22.495451410656816,17.419090595827292,21
random_search,9,3324,66,22.709983388658483,17.419090595827292,21
random_search,9,3325,66,20.280697580112786,17.419090595827292,21
random_search,9,3326,66,19.36619037896906,17.419090595827292,21
random_search,9,3327,66,20.2131126469709,17.419090595827292,21
random_search,9,3328,66,22.208607914449797,17.419090595827292,21
random_search,9,3329,66,21.357066051117283,17.419090595827292,21
random_search,9,3330,66,20.549509756796393,17.419090595827292,21
random_search,9,3331,66,21.621347195933176,17.419090595827292,21
random_search,9,3332,66,20.20332963783729,17.419090595827292,21
random_search,9,3333,66,19.872004514666937,17.419090595827292,21
random_search,9,3334,66,20.254723699099138,17.419090595827292,21
random_search,9,3335,66,20.887467277262665,17.419090595827292,21
random_search,9,3336,66,20.08433666561813,17.419090595827292,21
random_search,9,3337,66,20.6886890422961,17.419090595827292,21
random_search,9,3338,66,22.053299832284317,17.419090595827292,21
random_search,9,3339,66,21.281934729198174,17.419090595827292,21
random_search,9,3340,66,23.359107887809373,17.419090595827292,21
random_search,9,3341,66,20.80384048104053,17.419090595827292,21
random_search,9,3342,66,22.549615361854386,17.419090595827292,21
random_search,9,3343,66,21.409975124224175,17.419090595827292,21
random_search,9,3344,66,22.22795348811006,17.419090595827292,21
random_search,9,3345,66,21.970540018881465,17.419090595827292,21
random_search,9,3346,66,19.362873883832776,17.419090595827292,21
random_search,9,3347,66,22.254065922853805,17.419090595827292,21
random_search,9,3348,66,19.98148877222268,17.419090595827292,21
random_search,9,3349,66,20.60554700852678,17.419090595827292,21
random_search,9,3350,67,20.95306852353742,17.419090595827292,21
random_search,9,3351,67,21.381742422927143,17.419090595827292,21
random_search,9,3352,67,19.76023252670426,17.419090595827292,21
random_search,9,3353,67,21.52710574513201,17.419090595827292,21
random_search,9,3354,67,21.57402157263998,17.419090595827292,21
random_search,9,3355,67,19.255294535724687,17.419090595827292,21
random_search,9,3356,67,21.134698994937583,17.419090595827292,21
random_search,9,3357,67,21.65796522451032,17.419090595827292,21
random_search,9,3358,67,21.503569153775235,17.419090595827292,21
random_search,9,3359,67,21.2,17.419090595827292,21
random_search,9,3360,67,22.809983388658484,17.419090595827292,21
random_search,9,3361,67,22.122611077089285,17.419090595827292,21
random_search,9,3362,67,19.30384048104053,17.419090595827292,21
random_search,9,3363,67,20.467670500619608,17.419090595827292,21
random_search,9,3364,67,20.92756668824971,17.419090595827292,21
random_search,9,3365,67,19.18062484748657,17.419090595827292,21
random_search,9,3366,67,20.7,17.419090595827292,21
random_search,9,3367,67,21.894438717061494,17.419090595827292,21
random_search,9,3368,67,22.8559467676119,17.419090595827292,21
random_search,9,3369,67,20.938181191654586,17.419090595827292,21
random_search,9,3370,67,19.559591794226545,17.419090595827292,21
random_search,9,3371,67,20.060107523773826,17.419090595827292,21
random_search,9,3372,67,20.659126028197402,17.419090595827292,21
random_search,9,3373,67,20.730727575266254,17.419090595827292,21
random_search,9,3374,67,20.953720459187966,17.419090595827292,21
random_search,9,3375,67,21.975817632051932,17.419090595827292,21
random_search,9,3376,67,19.62736184954957,17.419090595827292,21
random_search,9,3377,67,20.775711299845938,17.419090595827292,21
random_search,9,3378,67,20.70713075057055,17.419090595827292,21
random_search,9,3379,67,21.837211521390785,17.419090595827292,21
random_search,9,3380,67,21.281488772222676,17.419090595827292,21
random_search,9,3381,67,21.22074368738204,17.419090595827292,21
random_search,9,3382,67,22.115587038162705,17.419090595827292,21
random_search,9,3383,67,20.63901391331568,17.419090595827292,21
random_search,9,3384,67,21.377193921634788,17.419090595827292,21
random_search,9,3385,67,20.730727575266254,17.419090595827292,21
random_search,9,3386,67,18.612403840463596,17.419090595827292,21
random_search,9,3387,67,20.341653005427766,17.419090595827292,21
random_search,9,3388,67,20.52480768092719,17.419090595827292,21
random_search,9,3389,67,22.361901286060018,17.419090595827292,21
random_search,9,3390,67,20.01657508881031,17.419090595827292,21
random_search,9,3391,67,22.0554305086342,17.419090595827292,21
random_search,9,3392,67,22.3459060435492,17.419090595827292,21
random_search,9,3393,67,21.690890230020663,17.419090595827292,21
random_search,9,3394,67,21.42756668824971,17.419090595827292,21
random_search,9,3395,67,21.38494332412792,17.419090595827292,21
random_search,9,3396,67,17.86619037896906,17.419090595827292,21
random_search,9,3397,67,21.588435821108956,17.419090595827292,21
random_search,9,3398,67,19.555294535724684,17.419090595827292,21
random_search,9,3399,67,20.43469899493758,17.419090595827292,21
random_search,9,3400,68,21.90831891575846,17.419090595827292,21
random_search,9,3401,68,18.991153452528778,17.419090595827292,21
random_search,9,3402,68,20.795829710142186,17.419090595827292,21
random_search,9,3403,68,22.01662062579967,17.419090595827292,21
random_search,9,3404,68,20.256465996625053,17.419090595827292,21
random_search,9,3405,68,18.183095189484533,17.419090595827292,21
random_search,9,3406,68,21.330950643030008,17.419090595827292,21
random_search,9,3407,68,21.309243436828815,17.419090595827292,21
random_search,9,3408,68,19.983239697419133,17.419090595827292,21
random_search,9,3409,68,20.06287388383278,17.419090595827292,21
random_search,9,3410,68,20.2219040425837,17.419090595827292,21
random_search,9,3411,68,19.914213562373096,17.419090595827292,21
random_search,9,3412,68,21.539013913315678,17.419090595827292,21
random_search,9,3413,68,18.673320053068153,17.419090595827292,21
random_search,9,3414,68,19.785229954635273,17.419090595827292,21
random_search,9,3415,68,19.764911064067352,17.419090595827292,21
random_search,9,3416,68,21.73606797749979,17.419090595827292,21
random_search,9,3417,68,20.08113883008419,17.419090595827292,21
random_search,9,3418,68,20.841653005427766,17.419090595827292,21
random_search,9,3419,68,20.72074368738204,17.419090595827292,21
random_search,9,3420,68,20.161706725018234,17.419090595827292,21
random_search,9,3421,68,20.533907960581374,17.419090595827292,21
random_search,9,3422,68,20.269693845669906,17.419090595827292,21
random_search,9,3423,68,18.880624847486573,17.419090595827292,21
random_search,9,3424,68,21.795829710142186,17.419090595827292,21
random_search,9,3425,68,21.345207879911715,17.419090595827292,21
random_search,9,3426,68,21.622611077089285,17.419090595827292,21
random_search,9,3427,68,20.822611077089288,17.419090595827292,21
random_search,9,3428,68,21.469817807045693,17.419090595827292,21
random_search,9,3429,68,18.04939015319192,17.419090595827292,21
random_search,9,3430,68,20.811871208194287,17.419090595827292,21
random_search,9,3431,68,19.72736184954957,17.419090595827292,21
random_search,9,3432,68,19.456465996625056,17.419090595827292,21
random_search,9,3433,68,20.145906043549196,17.419090595827292,21
random_search,9,3434,68,19.61980390271856,17.419090595827292,21
random_search,9,3435,68,20.423538406167136,17.419090595827292,21
random_search,9,3436,68,20.93130005674953,17.419090595827292,21
random_search,9,3437,68,20.114642819948223,17.419090595827292,21
random_search,9,3438,68,22.261249694973138,17.419090595827292,21
random_search,9,3439,68,20.37581763205193,17.419090595827292,21
random_search,9,3440,68,23.141186241925155,17.419090595827292,21
random_search,9,3441,68,21.19332590941915,17.419090595827292,21
random_search,9,3442,68,21.91916017074176,17.419090595827292,21
random_search,9,3443,68,20.577154105707724,17.419090595827292,21
random_search,9,3444,68,22.272077843177478,17.419090595827292,21
random_search,9,3445,68,20.060107523773826,17.419090595827292,21
random_search,9,3446,68,19.98148877222268,17.419090595827292,21
random_search,9,3447,68,19.12664991614216,17.419090595827292,21
random_search,9,3448,68,21.877902338672772,17.419090595827292,21
random_search,9,3449,68,21.319160170741757,17.419090595827292,21
random_search,9,3450,69,20.91084400165827,17.419090595827292,21
random_search,9,3451,69,19.063818169698585,17.419090595827292,21
random_search,9,3452,69,19.760681686165903,17.419090595827292,21
random_search,9,3453,69,20.370828693386972,17.419090595827292,21
random_search,9,3454,69,21.40805405358401,17.419090595827292,21
random_search,9,3455,69,21.94928556845359,17.419090595827292,21
random_search,9,3456,69,21.07907545067406,17.419090595827292,21
random_search,9,3457,69,22.367156809750927,17.419090595827292,21
random_search,9,3458,69,20.68193472919817,17.419090595827292,21
random_search,9,3459,69,18.314642819948226,17.419090595827292,21
random_search,9,3460,69,20.391153452528776,17.419090595827292,21
random_search,9,3461,69,23.743835071544513,17.419090595827292,21
random_search,9,3462,69,19.46619037896906,17.419090595827292,21
random_search,9,3463,69,19.781934729198174,17.419090595827292,21
random_search,9,3464,69,20.739607805437114,17.419090595827292,21
random_search,9,3465,69,20.020465053408525,17.419090595827292,21
random_search,9,3466,69,20.43469899493758,17.419090595827292,21
random_search,9,3467,69,20.28997487421324,17.419090595827292,21
random_search,9,3468,69,20.35870331449229,17.419090595827292,21
random_search,9,3469,69,21.33541565040626,17.419090595827292,21
random_search,9,3470,69,19.917935662402833,17.419090595827292,21
random_search,9,3471,69,20.33390796058137,17.419090595827292,21
random_search,9,3472,69,20.44928556845359,17.419090595827292,21
random_search,9,3473,69,22.471750305430742,17.419090595827292,21
random_search,9,3474,69,21.457066051117284,17.419090595827292,21
random_search,9,3475,69,20.94935886896179,17.419090595827292,21
random_search,9,3476,69,19.949137674618942,17.419090595827292,21
random_search,9,3477,69,19.555294535724684,17.419090595827292,21
random_search,9,3478,69,22.43792402008342,17.419090595827292,21
random_search,9,3479,69,21.27488738510232,17.419090595827292,21
random_search,9,3480,69,19.09544511501033,17.419090595827292,21
random_search,9,3481,69,21.214944167960986,17.419090595827292,21
random_search,9,3482,69,21.288061301782108,17.419090595827292,21
random_search,9,3483,69,19.51657508881031,17.419090595827292,21
random_search,9,3484,69,20.515167380558044,17.419090595827292,21
random_search,9,3485,69,21.146426544510454,17.419090595827292,21
random_search,9,3486,69,19.47763888346312,17.419090595827292,21
random_search,9,3487,69,20.13907194296653,17.419090595827292,21
random_search,9,3488,69,20.88494332412792,17.419090595827292,21
random_search,9,3489,69,21.857066051117283,17.419090595827292,21
random_search,9,3490,69,20.582207001484488,17.419090595827292,21
random_search,9,3491,69,20.189974874213238,17.419090595827292,21
random_search,9,3492,69,19.6431676725155,17.419090595827292,21
random_search,9,3493,69,21.035533905932738,17.419090595827292,21
random_search,9,3494,69,20.830950643030008,17.419090595827292,21
random_search,9,3495,69,20.387467277262665,17.419090595827292,21
random_search,9,3496,69,21.04939015319192,17.419090595827292,21
random_search,9,3497,69,20.870828693386972,17.419090595827292,21
random_search,9,3498,69,19.960232526704264,17.419090595827292,21
random_search,9,3499,69,19.209901951359278,17.419090595827292,21
random_search,9,3500,70,22.340063693621516,17.419090595827292,21
random_search,9,3501,70,19.2131126469709,17.419090595827292,21
random_search,9,3502,70,19.859591794226542,17.419090595827292,21
random_search,9,3503,70,20.60768096208106,17.419090595827292,21
random_search,9,3504,70,20.54939015319192,17.419090595827292,21
random_search,9,3505,70,19.993468988235943,17.419090595827292,21
random_search,9,3506,70,18.20332963783729,17.419090595827292,21
random_search,9,3507,70,21.48328677803526,17.419090595827292,21
random_search,9,3508,70,20.20332963783729,17.419090595827292,21
random_search,9,3509,70,19.739607805437114,17.419090595827292,21
random_search,9,3510,70,23.183294573433784,17.419090595827292,21
random_search,9,3511,70,20.121320343559642,17.419090595827292,21
random_search,9,3512,70,21.99373774505092,17.419090595827292,21
random_search,9,3513,70,20.599999999999998,17.419090595827292,21
random_search,9,3514,70,20.894438717061494,17.419090595827292,21
random_search,9,3515,70,20.56287388383278,17.419090595827292,21
random_search,9,3516,70,18.56953597148327,17.419090595827292,21
random_search,9,3517,70,20.891153452528776,17.419090595827292,21
random_search,9,3518,70,21.776575213227446,17.419090595827292,21
random_search,9,3519,70,21.669313659514952,17.419090595827292,21
random_search,9,3520,70,22.934192325759245,17.419090595827292,21
random_search,9,3521,70,20.60554700852678,17.419090595827292,21
random_search,9,3522,70,20.0,17.419090595827292,21
random_search,9,3523,70,21.423538406167136,17.419090595827292,21
random_search,9,3524,70,21.537211521390788,17.419090595827292,21
random_search,9,3525,70,21.667156809750924,17.419090595827292,21
random_search,9,3526,70,21.856349099818896,17.419090595827292,21
random_search,9,3527,70,20.099999999999998,17.419090595827292,21
random_search,9,3528,70,21.449444375840397,17.419090595827292,21
random_search,9,3529,70,21.449545416973503,17.419090595827292,21
random_search,9,3530,70,19.432380757938123,17.419090595827292,21
random_search,9,3531,70,21.181934729198172,17.419090595827292,21
random_search,9,3532,70,21.87571129984594,17.419090595827292,21
random_search,9,3533,70,22.322611077089288,17.419090595827292,21
random_search,9,3534,70,20.00554700852678,17.419090595827292,21
random_search,9,3535,70,20.802172886644268,17.419090595827292,21
random_search,9,3536,70,20.896662954709576,17.419090595827292,21
random_search,9,3537,70,20.661706725018234,17.419090595827292,21
random_search,9,3538,70,22.12565782966318,17.419090595827292,21
random_search,9,3539,70,20.927105745132007,17.419090595827292,21
random_search,9,3540,70,19.316590212458493,17.419090595827292,21
random_search,9,3541,70,22.256809750418043,17.419090595827292,21
random_search,9,3542,70,19.00830459735946,17.419090595827292,21
random_search,9,3543,70,21.44928556845359,17.419090595827292,21
random_search,9,3544,70,20.387467277262665,17.419090595827292,21
random_search,9,3545,70,19.59666295470958,17.419090595827292,21
random_search,9,3546,70,22.952610922848045,17.419090595827292,21
random_search,9,3547,70,21.02710574513201,17.419090595827292,21
random_search,9,3548,70,20.657342370508886,17.419090595827292,21
random_search,9,3549,70,21.20185121722126,17.419090595827292,21
random_search,9,3550,71,21.491153452528778,17.419090595827292,21
random_search,9,3551,71,19.46619037896906,17.419090595827292,21
random_search,9,3552,71,19.76843871413581,17.419090595827292,21
random_search,9,3553,71,20.917935662402833,17.419090595827292,21
random_search,9,3554,71,21.146426544510454,17.419090595827292,21
random_search,9,3555,71,18.894427190999917,17.419090595827292,21
random_search,9,3556,71,21.04928556845359,17.419090595827292,21
random_search,9,3557,71,22.412931993250105,17.419090595827292,21
random_search,9,3558,71,21.314944167960988,17.419090595827292,21
random_search,9,3559,71,20.288854381999833,17.419090595827292,21
random_search,9,3560,71,23.00516780926679,17.419090595827292,21
random_search,9,3561,71,20.94928556845359,17.419090595827292,21
random_search,9,3562,71,20.257583690279024,17.419090595827292,21
random_search,9,3563,71,21.487905815638733,17.419090595827292,21
random_search,9,3564,71,21.036664289109584,17.419090595827292,21
random_search,9,3565,71,21.599999999999998,17.419090595827292,21
random_search,9,3566,71,18.394427190999917,17.419090595827292,21
random_search,9,3567,71,21.391153452528776,17.419090595827292,21
random_search,9,3568,71,21.117935662402836,17.419090595827292,21
random_search,9,3569,71,19.063818169698585,17.419090595827292,21
random_search,9,3570,71,22.2343879744639,17.419090595827292,21
random_search,9,3571,71,20.93130005674953,17.419090595827292,21
random_search,9,3572,71,21.72089730686545,17.419090595827292,21
random_search,9,3573,71,21.584943324127924,17.419090595827292,21
random_search,9,3574,71,22.364054992217053,17.419090595827292,21
random_search,9,3575,71,20.710844001658266,17.419090595827292,21
random_search,9,3576,71,20.20713075057055,17.419090595827292,21
random_search,9,3577,71,20.227566688249706,17.419090595827292,21
random_search,9,3578,71,20.235270009440733,17.419090595827292,21
random_search,9,3579,71,22.24131112314674,17.419090595827292,21
random_search,9,3580,71,18.988409872672513,17.419090595827292,21
random_search,9,3581,71,20.30332963783729,17.419090595827292,21
random_search,9,3582,71,21.109975124224178,17.419090595827292,21
random_search,9,3583,71,21.976819745345026,17.419090595827292,21
random_search,9,3584,71,19.880624847486573,17.419090595827292,21
random_search,9,3585,71,20.489979919597747,17.419090595827292,21
random_search,9,3586,71,21.366431913239847,17.419090595827292,21
random_search,9,3587,71,21.609243436828812,17.419090595827292,21
random_search,9,3588,71,19.362873883832776,17.419090595827292,21
random_search,9,3589,71,21.70199920063936,17.419090595827292,21
random_search,9,3590,71,20.343559577416272,17.419090595827292,21
random_search,9,3591,71,21.47156333832011,17.419090595827292,21
random_search,9,3592,71,19.805167809266788,17.419090595827292,21
random_search,9,3593,71,22.009980079602226,17.419090595827292,21
random_search,9,3594,71,19.693737745050925,17.419090595827292,21
random_search,9,3595,71,21.577708763999663,17.419090595827292,21
random_search,9,3596,71,19.8,17.419090595827292,21
random_search,9,3597,71,20.839607805437115,17.419090595827292,21
random_search,9,3598,71,20.83390796058137,17.419090595827292,21
random_search,9,3599,71,20.86124969497314,17.419090595827292,21
random_search,9,3600,72,20.049545416973505,17.419090595827292,21
random_search,9,3601,72,18.336660026534076,17.419090595827292,21
random_search,9,3602,72,20.400000000000002,17.419090595827292,21
random_search,9,3603,72,21.394438717061494,17.419090595827292,21
random_search,9,3604,72,22.449615361854384,17.419090595827292,21
random_search,9,3605,72,20.08679622641132,17.419090595827292,21
random_search,9,3606,72,20.277154105707726,17.419090595827292,21
random_search,9,3607,72,20.777154105707726,17.419090595827292,21
random_search,9,3608,72,21.49615099714943,17.419090595827292,21
random_search,9,3609,72,20.815587038162708,17.419090595827292,21
random_search,9,3610,72,21.50454076850486,17.419090595827292,21
random_search,9,3611,72,21.32232783924049,17.419090595827292,21
random_search,9,3612,72,20.07624151769984,17.419090595827292,21
random_search,9,3613,72,22.167156809750924,17.419090595827292,21
random_search,9,3614,72,18.12736184954957,17.419090595827292,21
random_search,9,3615,72,21.36397674405503,17.419090595827292,21
random_search,9,3616,72,21.411871208194288,17.419090595827292,21
random_search,9,3617,72,19.992838827718412,17.419090595827292,21
random_search,9,3618,72,21.02710574513201,17.419090595827292,21
random_search,9,3619,72,20.05758369027902,17.419090595827292,21
random_search,9,3620,72,20.60768096208106,17.419090595827292,21
random_search,9,3621,72,21.880972058177587,17.419090595827292,21
random_search,9,3622,72,19.229563014098698,17.419090595827292,21
random_search,9,3623,72,21.45870331449229,17.419090595827292,21
random_search,9,3624,72,20.756809750418043,17.419090595827292,21
random_search,9,3625,72,20.193737745050925,17.419090595827292,21
random_search,9,3626,72,19.900000000000002,17.419090595827292,21
random_search,9,3627,72,20.57364413533277,17.419090595827292,21
random_search,9,3628,72,20.82379000772445,17.419090595827292,21
random_search,9,3629,72,21.2,17.419090595827292,21
random_search,9,3630,72,23.815587038162708,17.419090595827292,21
random_search,9,3631,72,20.32828568570857,17.419090595827292,21
random_search,9,3632,72,19.86619037896906,17.419090595827292,21
random_search,9,3633,72,20.809243436828815,17.419090595827292,21
random_search,9,3634,72,20.983266665599963,17.419090595827292,21
random_search,9,3635,72,19.06287388383278,17.419090595827292,21
random_search,9,3636,72,20.14355957741627,17.419090595827292,21
random_search,9,3637,72,21.816609194718914,17.419090595827292,21
random_search,9,3638,72,22.98328677803526,17.419090595827292,21
random_search,9,3639,72,22.077902338672775,17.419090595827292,21
random_search,9,3640,72,19.989979919597747,17.419090595827292,21
random_search,9,3641,72,20.345207879911715,17.419090595827292,21
random_search,9,3642,72,20.51869538788622,17.419090595827292,21
random_search,9,3643,72,20.45472369909914,17.419090595827292,21
random_search,9,3644,72,19.880624847486573,17.419090595827292,21
random_search,9,3645,72,22.049444375840398,17.419090595827292,21
random_search,9,3646,72,19.62664991614216,17.419090595827292,21
random_search,9,3647,72,20.049509756796393,17.419090595827292,21
random_search,9,3648,72,19.662049935181333,17.419090595827292,21
random_search,9,3649,72,20.622611077089285,17.419090595827292,21
random_search,9,3650,73,19.1431676725155,17.419090595827292,21
random_search,9,3651,73,20.54880884817015,17.419090595827292,21
random_search,9,3652,73,19.491153452528778,17.419090595827292,21
random_search,9,3653,73,20.983266665599963,17.419090595827292,21
random_search,9,3654,73,22.520897306865447,17.419090595827292,21
random_search,9,3655,73,21.060107523773826,17.419090595827292,21
random_search,9,3656,73,22.339387691339812,17.419090595827292,21
random_search,9,3657,73,20.534387974463897,17.419090595827292,21
random_search,9,3658,73,20.280350850198275,17.419090595827292,21
random_search,9,3659,73,20.92756668824971,17.419090595827292,21
random_search,9,3660,73,20.70293863659264,17.419090595827292,21
random_search,9,3661,73,20.341653005427766,17.419090595827292,21
random_search,9,3662,73,20.597617696340304,17.419090595827292,21
random_search,9,3663,73,22.009980079602226,17.419090595827292,21
random_search,9,3664,73,21.62574776766556,17.419090595827292,21
random_search,9,3665,73,21.145906043549196,17.419090595827292,21
random_search,9,3666,73,22.599999999999998,17.419090595827292,21
random_search,9,3667,73,22.467491648096548,17.419090595827292,21
random_search,9,3668,73,21.40831891575846,17.419090595827292,21
random_search,9,3669,73,21.811871208194287,17.419090595827292,21
random_search,9,3670,73,21.314944167960988,17.419090595827292,21
random_search,9,3671,73,20.50454076850486,17.419090595827292,21
random_search,9,3672,73,21.27488738510232,17.419090595827292,21
random_search,9,3673,73,20.609243436828812,17.419090595827292,21
random_search,9,3674,73,21.366431913239847,17.419090595827292,21
random_search,9,3675,73,21.993468988235943,17.419090595827292,21
random_search,9,3676,73,21.56859590355097,17.419090595827292,21
random_search,9,3677,73,20.911871208194288,17.419090595827292,21
random_search,9,3678,73,21.599999999999998,17.419090595827292,21
random_search,9,3679,73,20.93095064303001,17.419090595827292,21
random_search,9,3680,73,20.991153452528778,17.419090595827292,21
random_search,9,3681,73,20.288854381999833,17.419090595827292,21
random_search,9,3682,73,20.736877428271626,17.419090595827292,21
random_search,9,3683,73,20.311871208194287,17.419090595827292,21
random_search,9,3684,73,20.911871208194288,17.419090595827292,21
random_search,9,3685,73,20.51657508881031,17.419090595827292,21
random_search,9,3686,73,22.380972058177587,17.419090595827292,21
random_search,9,3687,73,21.09666295470958,17.419090595827292,21
random_search,9,3688,73,20.859591794226542,17.419090595827292,21
random_search,9,3689,73,19.840967364599088,17.419090595827292,21
random_search,9,3690,73,20.664688270438848,17.419090595827292,21
random_search,9,3691,73,20.341640786499873,17.419090595827292,21
random_search,9,3692,73,19.739071942966532,17.419090595827292,21
random_search,9,3693,73,20.76468827043885,17.419090595827292,21
random_search,9,3694,73,22.015167380558044,17.419090595827292,21
random_search,9,3695,73,21.428991560298222,17.419090595827292,21
random_search,9,3696,73,20.897366596101026,17.419090595827292,21
random_search,9,3697,73,22.714674215792776,17.419090595827292,21
random_search,9,3698,73,18.920465053408524,17.419090595827292,21
random_search,9,3699,73,19.8,17.419090595827292,21
random_search,9,3700,74,20.66794833886788,17.419090595827292,21
random_search,9,3701,74,20.382085548648714,17.419090595827292,21
random_search,9,3702,74,20.86356421265527,17.419090595827292,21
random_search,9,3703,74,21.36124969497314,17.419090595827292,21
random_search,9,3704,74,19.193737745050925,17.419090595827292,21
random_search,9,3705,74,22.588435821108956,17.419090595827292,21
random_search,9,3706,74,18.774596669241483,17.419090595827292,21
random_search,9,3707,74,21.38494332412792,17.419090595827292,21
random_search,9,3708,74,19.162049935181333,17.419090595827292,21
random_search,9,3709,74,20.093468988235944,17.419090595827292,21
random_search,9,3710,74,20.71909059582729,17.419090595827292,21
random_search,9,3711,74,20.730727575266254,17.419090595827292,21
random_search,9,3712,74,22.629285639896448,17.419090595827292,21
random_search,9,3713,74,21.411871208194288,17.419090595827292,21
random_search,9,3714,74,21.62763633939717,17.419090595827292,21
random_search,9,3715,74,19.241653005427764,17.419090595827292,21
random_search,9,3716,74,19.08113883008419,17.419090595827292,21
random_search,9,3717,74,21.211094017053558,17.419090595827292,21
random_search,9,3718,74,20.162049935181333,17.419090595827292,21
random_search,9,3719,74,20.488409872672513,17.419090595827292,21
random_search,9,3720,74,20.93469899493758,17.419090595827292,21
random_search,9,3721,74,20.38494332412792,17.419090595827292,21
random_search,9,3722,74,21.730727575266254,17.419090595827292,21
random_search,9,3723,74,21.314944167960988,17.419090595827292,21
random_search,9,3724,74,21.552396473549933,17.419090595827292,21
random_search,9,3725,74,19.735270009440733,17.419090595827292,21
random_search,9,3726,74,22.935112807463533,17.419090595827292,21
random_search,9,3727,74,19.12736184954957,17.419090595827292,21
random_search,9,3728,74,20.52710574513201,17.419090595827292,21
random_search,9,3729,74,21.622611077089285,17.419090595827292,21
random_search,9,3730,74,22.115167380558045,17.419090595827292,21
random_search,9,3731,74,22.037211521390788,17.419090595827292,21
random_search,9,3732,74,22.487475490101847,17.419090595827292,21
random_search,9,3733,74,20.391153452528776,17.419090595827292,21
random_search,9,3734,74,21.845207879911715,17.419090595827292,21
random_search,9,3735,74,22.07907545067406,17.419090595827292,21
random_search,9,3736,74,20.599999999999998,17.419090595827292,21
random_search,9,3737,74,21.630495168499706,17.419090595827292,21
random_search,9,3738,74,23.592492955535427,17.419090595827292,21
random_search,9,3739,74,20.024845673131658,17.419090595827292,21
random_search,9,3740,74,19.86619037896906,17.419090595827292,21
random_search,9,3741,74,21.623243291566197,17.419090595827292,21
random_search,9,3742,74,19.660107523773828,17.419090595827292,21
random_search,9,3743,74,20.814944167960988,17.419090595827292,21
random_search,9,3744,74,20.97763888346312,17.419090595827292,21
random_search,9,3745,74,19.795829710142186,17.419090595827292,21
random_search,9,3746,74,22.13901391331568,17.419090595827292,21
random_search,9,3747,74,20.86397674405503,17.419090595827292,21
random_search,9,3748,74,20.660107523773828,17.419090595827292,21
random_search,9,3749,74,20.727566688249706,17.419090595827292,21
random_search,9,3750,75,21.457342370508883,17.419090595827292,21
random_search,9,3751,75,20.129705854077837,17.419090595827292,21
random_search,9,3752,75,21.49615099714943,17.419090595827292,21
random_search,9,3753,75,18.93469899493758,17.419090595827292,21
random_search,9,3754,75,20.991153452528778,17.419090595827292,21
random_search,9,3755,75,20.411871208194288,17.419090595827292,21
random_search,9,3756,75,19.060107523773826,17.419090595827292,21
random_search,9,3757,75,21.055294535724684,17.419090595827292,21
random_search,9,3758,75,22.25972971738975,17.419090595827292,21
random_search,9,3759,75,21.62574776766556,17.419090595827292,21
random_search,9,3760,75,19.70332963783729,17.419090595827292,21
random_search,9,3761,75,21.593468988235944,17.419090595827292,21
random_search,9,3762,75,21.25306852353742,17.419090595827292,21
random_search,9,3763,75,20.60554700852678,17.419090595827292,21
random_search,9,3764,75,22.55277655408689,17.419090595827292,21
random_search,9,3765,75,19.411871208194288,17.419090595827292,21
random_search,9,3766,75,20.644994432064365,17.419090595827292,21
random_search,9,3767,75,22.02710574513201,17.419090595827292,21
random_search,9,3768,75,21.881742422927143,17.419090595827292,21
random_search,9,3769,75,22.549545416973505,17.419090595827292,21
random_search,9,3770,75,22.06767050061961,17.419090595827292,21
random_search,9,3771,75,22.36124969497314,17.419090595827292,21
random_search,9,3772,75,22.261249694973138,17.419090595827292,21
random_search,9,3773,75,20.555294535724684,17.419090595827292,21
random_search,9,3774,75,20.173320053068153,17.419090595827292,21
random_search,9,3775,75,20.781488772222676,17.419090595827292,21
random_search,9,3776,75,19.322497216032183,17.419090595827292,21
random_search,9,3777,75,19.7,17.419090595827292,21
random_search,9,3778,75,19.3,17.419090595827292,21
random_search,9,3779,75,21.412931993250105,17.419090595827292,21
random_search,9,3780,75,20.68679622641132,17.419090595827292,21
random_search,9,3781,75,22.16794833886788,17.419090595827292,21
random_search,9,3782,75,20.50554700852678,17.419090595827292,21
random_search,9,3783,75,18.897366596101026,17.419090595827292,21
random_search,9,3784,75,20.533907960581374,17.419090595827292,21
random_search,9,3785,75,23.1886890422961,17.419090595827292,21
random_search,9,3786,75,20.44948974278318,17.419090595827292,21
random_search,9,3787,75,19.396662954709576,17.419090595827292,21
random_search,9,3788,75,21.564965543462904,17.419090595827292,21
random_search,9,3789,75,20.115167380558045,17.419090595827292,21
random_search,9,3790,75,22.292848008753786,17.419090595827292,21
random_search,9,3791,75,21.91084400165827,17.419090595827292,21
random_search,9,3792,75,23.392415526630867,17.419090595827292,21
random_search,9,3793,75,21.35870331449229,17.419090595827292,21
random_search,9,3794,75,20.18910462845192,17.419090595827292,21
random_search,9,3795,75,19.870828693386972,17.419090595827292,21
random_search,9,3796,75,19.593468988235944,17.419090595827292,21
random_search,9,3797,75,20.660107523773828,17.419090595827292,21
random_search,9,3798,75,21.400000000000002,17.419090595827292,21
random_search,9,3799,75,20.40454076850486,17.419090595827292,21
random_search,9,3800,76,20.949444375840397,17.419090595827292,21
random_search,9,3801,76,19.774868417407582,17.419090595827292,21
random_search,9,3802,76,21.239607805437114,17.419090595827292,21
random_search,9,3803,76,18.735270009440733,17.419090595827292,21
random_search,9,3804,76,21.42756668824971,17.419090595827292,21
random_search,9,3805,76,21.880972058177587,17.419090595827292,21
random_search,9,3806,76,21.055294535724684,17.419090595827292,21
random_search,9,3807,76,19.760681686165903,17.419090595827292,21
random_search,9,3808,76,20.816590212458493,17.419090595827292,21
random_search,9,3809,76,20.08522995463527,17.419090595827292,21
random_search,9,3810,76,21.40454076850486,17.419090595827292,21
random_search,9,3811,76,19.533907960581374,17.419090595827292,21
random_search,9,3812,76,20.636664289109586,17.419090595827292,21
random_search,9,3813,76,20.924099870362664,17.419090595827292,21
random_search,9,3814,76,19.588409872672514,17.419090595827292,21
random_search,9,3815,76,18.729563014098698,17.419090595827292,21
random_search,9,3816,76,20.822611077089288,17.419090595827292,21
random_search,9,3817,76,21.183281572999746,17.419090595827292,21
random_search,9,3818,76,22.09136645896019,17.419090595827292,21
random_search,9,3819,76,22.53315017762062,17.419090595827292,21
random_search,9,3820,76,22.380972058177587,17.419090595827292,21
random_search,9,3821,76,20.78997487421324,17.419090595827292,21
random_search,9,3822,76,19.256465996625053,17.419090595827292,21
random_search,9,3823,76,18.389897948556634,17.419090595827292,21
random_search,9,3824,76,18.774596669241483,17.419090595827292,21
random_search,9,3825,76,20.664582518894846,17.419090595827292,21
random_search,9,3826,76,21.7343879744639,17.419090595827292,21
random_search,9,3827,76,20.461324772583616,17.419090595827292,21
random_search,9,3828,76,21.45870331449229,17.419090595827292,21
random_search,9,3829,76,20.295829710142186,17.419090595827292,21
random_search,9,3830,76,20.52710574513201,17.419090595827292,21
random_search,9,3831,76,21.243024810940586,17.419090595827292,21
random_search,9,3832,76,22.75972971738975,17.419090595827292,21
random_search,9,3833,76,21.10554700852678,17.419090595827292,21
random_search,9,3834,76,20.983266665599963,17.419090595827292,21
random_search,9,3835,76,21.809243436828815,17.419090595827292,21
random_search,9,3836,76,20.99373774505092,17.419090595827292,21
random_search,9,3837,76,20.007130750570546,17.419090595827292,21
random_search,9,3838,76,20.30384048104053,17.419090595827292,21
random_search,9,3839,76,22.539013913315678,17.419090595827292,21
random_search,9,3840,76,20.288854381999833,17.419090595827292,21
random_search,9,3841,76,19.420465053408524,17.419090595827292,21
random_search,9,3842,76,20.664688270438848,17.419090595827292,21
random_search,9,3843,76,20.1431676725155,17.419090595827292,21
random_search,9,3844,76,20.672004514666934,17.419090595827292,21
random_search,9,3845,76,21.615167380558045,17.419090595827292,21
random_search,9,3846,76,21.316609194718914,17.419090595827292,21
random_search,9,3847,76,18.836660026534076,17.419090595827292,21
random_search,9,3848,76,19.64355957741627,17.419090595827292,21
random_search,9,3849,76,20.928991560298222,17.419090595827292,21
random_search,9,3850,77,22.077902338672775,17.419090595827292,21
random_search,9,3851,77,20.58113883008419,17.419090595827292,21
random_search,9,3852,77,21.242787793912434,17.419090595827292,21
random_search,9,3853,77,21.20185121722126,17.419090595827292,21
random_search,9,3854,77,19.588409872672514,17.419090595827292,21
random_search,9,3855,77,20.012931993250106,17.419090595827292,21
random_search,9,3856,77,21.370828693386972,17.419090595827292,21
random_search,9,3857,77,21.577154105707724,17.419090595827292,21
random_search,9,3858,77,20.08522995463527,17.419090595827292,21
random_search,9,3859,77,21.533907960581374,17.419090595827292,21
random_search,9,3860,77,19.788854381999833,17.419090595827292,21
random_search,9,3861,77,21.857066051117283,17.419090595827292,21
random_search,9,3862,77,21.87581763205193,17.419090595827292,21
random_search,9,3863,77,22.681934729198172,17.419090595827292,21
random_search,9,3864,77,20.33390796058137,17.419090595827292,21
random_search,9,3865,77,20.522327839240493,17.419090595827292,21
random_search,9,3866,77,19.88910462845192,17.419090595827292,21
random_search,9,3867,77,21.034387974463897,17.419090595827292,21
random_search,9,3868,77,22.537211521390788,17.419090595827292,21
random_search,9,3869,77,20.88806130178211,17.419090595827292,21
random_search,9,3870,77,19.560107523773826,17.419090595827292,21
random_search,9,3871,77,21.055294535724684,17.419090595827292,21
random_search,9,3872,77,21.967670500619608,17.419090595827292,21
random_search,9,3873,77,18.693737745050925,17.419090595827292,21
random_search,9,3874,77,21.62074368738204,17.419090595827292,21
random_search,9,3875,77,21.12074368738204,17.419090595827292,21
random_search,9,3876,77,21.10768096208106,17.419090595827292,21
random_search,9,3877,77,20.316609194718914,17.419090595827292,21
random_search,9,3878,77,20.5,17.419090595827292,21
random_search,9,3879,77,19.672004514666934,17.419090595827292,21
random_search,9,3880,77,20.99373774505092,17.419090595827292,21
random_search,9,3881,77,19.48148877222268,17.419090595827292,21
random_search,9,3882,77,20.909975124224175,17.419090595827292,21
random_search,9,3883,77,21.549509756796393,17.419090595827292,21
random_search,9,3884,77,22.280697580112786,17.419090595827292,21
random_search,9,3885,77,21.117935662402836,17.419090595827292,21
random_search,9,3886,77,20.243024810940586,17.419090595827292,21
random_search,9,3887,77,20.909975124224175,17.419090595827292,21
random_search,9,3888,77,21.63363094051889,17.419090595827292,21
random_search,9,3889,77,19.2131126469709,17.419090595827292,21
random_search,9,3890,77,20.427105745132007,17.419090595827292,21
random_search,9,3891,77,22.82636833980236,17.419090595827292,21
random_search,9,3892,77,19.880624847486573,17.419090595827292,21
random_search,9,3893,77,21.717800560721074,17.419090595827292,21
random_search,9,3894,77,22.438181191654586,17.419090595827292,21
random_search,9,3895,77,21.311871208194287,17.419090595827292,21
random_search,9,3896,77,18.179075450674063,17.419090595827292,21
random_search,9,3897,77,22.895943722515266,17.419090595827292,21
random_search,9,3898,77,21.324099870362662,17.419090595827292,21
random_search,9,3899,77,19.380624847486573,17.419090595827292,21
random_search,9,3900,78,20.659126028197402,17.419090595827292,21
random_search,9,3901,78,21.466479394838267,17.419090595827292,21
random_search,9,3902,78,19.420465053408524,17.419090595827292,21
random_search,9,3903,78,21.455277766926233,17.419090595827292,21
random_search,9,3904,78,19.83390796058137,17.419090595827292,21
random_search,9,3905,78,22.11283361405006,17.419090595827292,21
random_search,9,3906,78,21.428991560298222,17.419090595827292,21
random_search,9,3907,78,21.322611077089288,17.419090595827292,21
random_search,9,3908,78,19.92756668824971,17.419090595827292,21
random_search,9,3909,78,20.44935886896179,17.419090595827292,21
random_search,9,3910,78,20.845207879911715,17.419090595827292,21
random_search,9,3911,78,21.239071942966532,17.419090595827292,21
random_search,9,3912,78,20.400000000000002,17.419090595827292,21
random_search,9,3913,78,22.16794833886788,17.419090595827292,21
random_search,9,3914,78,22.844009029333872,17.419090595827292,21
random_search,9,3915,78,22.077902338672775,17.419090595827292,21
random_search,9,3916,78,20.114642819948223,17.419090595827292,21
random_search,9,3917,78,20.920465053408524,17.419090595827292,21
random_search,9,3918,78,21.339387691339812,17.419090595827292,21
random_search,9,3919,78,20.760681686165903,17.419090595827292,21
random_search,9,3920,78,20.560107523773826,17.419090595827292,21
random_search,9,3921,78,22.456141357987224,17.419090595827292,21
random_search,9,3922,78,19.76397674405503,17.419090595827292,21
random_search,9,3923,78,19.163818169698587,17.419090595827292,21
random_search,9,3924,78,19.50554700852678,17.419090595827292,21
random_search,9,3925,78,19.822611077089288,17.419090595827292,21
random_search,9,3926,78,20.164688270438848,17.419090595827292,21
random_search,9,3927,78,21.614482300479487,17.419090595827292,21
random_search,9,3928,78,20.254723699099138,17.419090595827292,21
random_search,9,3929,78,20.752776554086893,17.419090595827292,21
random_search,9,3930,78,21.681934729198172,17.419090595827292,21
random_search,9,3931,78,21.033030277982334,17.419090595827292,21
random_search,9,3932,78,20.024845673131658,17.419090595827292,21
random_search,9,3933,78,21.208607914449797,17.419090595827292,21
random_search,9,3934,78,21.020465053408525,17.419090595827292,21
random_search,9,3935,78,21.039387691339815,17.419090595827292,21
random_search,9,3936,78,19.380624847486573,17.419090595827292,21
random_search,9,3937,78,19.713552872566005,17.419090595827292,21
random_search,9,3938,78,20.861324772583615,17.419090595827292,21
random_search,9,3939,78,20.055294535724684,17.419090595827292,21
random_search,9,3940,78,21.18193472919817,17.419090595827292,21
random_search,9,3941,78,18.322497216032183,17.419090595827292,21
random_search,9,3942,78,19.513552872566002,17.419090595827292,21
random_search,9,3943,78,19.280697580112786,17.419090595827292,21
random_search,9,3944,78,19.629705854077837,17.419090595827292,21
random_search,9,3945,78,20.549444375840398,17.419090595827292,21
random_search,9,3946,78,21.077154105707724,17.419090595827292,21
random_search,9,3947,78,22.07402157263998,17.419090595827292,21
random_search,9,3948,78,20.30332963783729,17.419090595827292,21
random_search,9,3949,78,19.983239697419133,17.419090595827292,21
random_search,9,3950,79,21.536664289109584,17.419090595827292,21
random_search,9,3951,79,20.04928556845359,17.419090595827292,21
random_search,9,3952,79,21.64131112314674,17.419090595827292,21
random_search,9,3953,79,21.534387974463897,17.419090595827292,21
random_search,9,3954,79,20.30384048104053,17.419090595827292,21
random_search,9,3955,79,18.991153452528778,17.419090595827292,21
random_search,9,3956,79,22.815587038162708,17.419090595827292,21
random_search,9,3957,79,20.47763888346312,17.419090595827292,21
random_search,9,3958,79,21.243024810940586,17.419090595827292,21
random_search,9,3959,79,22.114482300479487,17.419090595827292,21
random_search,9,3960,79,22.761706725018236,17.419090595827292,21
random_search,9,3961,79,20.923538406167136,17.419090595827292,21
random_search,9,3962,79,21.816609194718914,17.419090595827292,21
random_search,9,3963,79,22.129285639896448,17.419090595827292,21
random_search,9,3964,79,22.72089730686545,17.419090595827292,21
random_search,9,3965,79,19.991153452528778,17.419090595827292,21
random_search,9,3966,79,21.277154105707726,17.419090595827292,21
random_search,9,3967,79,21.90454076850486,17.419090595827292,21
random_search,9,3968,79,21.196150997149434,17.419090595827292,21
random_search,9,3969,79,21.569046515733024,17.419090595827292,21
random_search,9,3970,79,21.626785107312738,17.419090595827292,21
random_search,9,3971,79,21.822611077089288,17.419090595827292,21
random_search,9,3972,79,21.38806130178211,17.419090595827292,21
random_search,9,3973,79,20.44948974278318,17.419090595827292,21
random_search,9,3974,79,19.3,17.419090595827292,21
random_search,9,3975,79,21.417935662402833,17.419090595827292,21
random_search,9,3976,79,22.106659275674584,17.419090595827292,21
random_search,9,3977,79,20.47763888346312,17.419090595827292,21
random_search,9,3978,79,21.949576240750524,17.419090595827292,21
random_search,9,3979,79,19.114642819948223,17.419090595827292,21
random_search,9,3980,79,21.280350850198275,17.419090595827292,21
random_search,9,3981,79,19.769693845669906,17.419090595827292,21
random_search,9,3982,79,21.457342370508883,17.419090595827292,21
random_search,9,3983,79,19.6431676725155,17.419090595827292,21
random_search,9,3984,79,21.400000000000002,17.419090595827292,21
random_search,9,3985,79,20.49615099714943,17.419090595827292,21
random_search,9,3986,79,19.900000000000002,17.419090595827292,21
random_search,9,3987,79,21.976819745345026,17.419090595827292,21
random_search,9,3988,79,21.8,17.419090595827292,21
random_search,9,3989,79,20.140967364599085,17.419090595827292,21
random_search,9,3990,79,20.292848008753786,17.419090595827292,21
random_search,9,3991,79,21.343024810940587,17.419090595827292,21
random_search,9,3992,79,21.801514803843837,17.419090595827292,21
random_search,9,3993,79,20.01657508881031,17.419090595827292,21
random_search,9,3994,79,21.2086079144498,17.419090595827292,21
random_search,9,3995,79,19.6431676725155,17.419090595827292,21
random_search,9,3996,79,20.456465996625056,17.419090595827292,21
random_search,9,3997,79,20.83541565040626,17.419090595827292,21
random_search,9,3998,79,21.380972058177587,17.419090595827292,21
random_search,9,3999,79,20.975817632051932,17.419090595827292,21
random_search,9,4000,80,20.867156809750927,17.419090595827292,21
random_search,9,4001,80,21.302172886644268,17.419090595827292,21
random_search,9,4002,80,21.521347195933174,17.419090595827292,21
random_search,9,4003,80,21.674021572639983,17.419090595827292,21
random_search,9,4004,80,19.560107523773826,17.419090595827292,21
random_search,9,4005,80,21.254723699099138,17.419090595827292,21
random_search,9,4006,80,20.91916017074176,17.419090595827292,21
random_search,9,4007,80,21.129705854077837,17.419090595827292,21
random_search,9,4008,80,22.400000000000002,17.419090595827292,21
random_search,9,4009,80,20.85870331449229,17.419090595827292,21
random_search,9,4010,80,21.756809750418043,17.419090595827292,21
random_search,9,4011,80,20.560107523773826,17.419090595827292,21
random_search,9,4012,80,21.45870331449229,17.419090595827292,21
random_search,9,4013,80,20.80805405358401,17.419090595827292,21
random_search,9,4014,80,21.474868417407585,17.419090595827292,21
random_search,9,4015,80,22.117935662402836,17.419090595827292,21
random_search,9,4016,80,20.7,17.419090595827292,21
random_search,9,4017,80,20.90665927567458,17.419090595827292,21
random_search,9,4018,80,20.92756668824971,17.419090595827292,21
random_search,9,4019,80,20.991153452528778,17.419090595827292,21
random_search,9,4020,80,21.07907545067406,17.419090595827292,21
random_search,9,4021,80,20.742787793912434,17.419090595827292,21
random_search,9,4022,80,20.837211521390785,17.419090595827292,21
random_search,9,4023,80,20.76843871413581,17.419090595827292,21
random_search,9,4024,80,19.988409872672513,17.419090595827292,21
random_search,9,4025,80,19.64355957741627,17.419090595827292,21
random_search,9,4026,80,21.771085446759226,17.419090595827292,21
random_search,9,4027,80,20.241653005427764,17.419090595827292,21
random_search,9,4028,80,20.288061301782108,17.419090595827292,21
random_search,9,4029,80,18.76023252670426,17.419090595827292,21
random_search,9,4030,80,20.281488772222676,17.419090595827292,21
random_search,9,4031,80,19.57156333832011,17.419090595827292,21
random_search,9,4032,80,19.56287388383278,17.419090595827292,21
random_search,9,4033,80,20.391153452528776,17.419090595827292,21
random_search,9,4034,80,20.872004514666937,17.419090595827292,21
random_search,9,4035,80,20.811871208194287,17.419090595827292,21
random_search,9,4036,80,21.72654919008431,17.419090595827292,21
random_search,9,4037,80,20.36619037896906,17.419090595827292,21
random_search,9,4038,80,21.55277655408689,17.419090595827292,21
random_search,9,4039,80,21.210844001658266,17.419090595827292,21
random_search,9,4040,80,21.949444375840397,17.419090595827292,21
random_search,9,4041,80,21.657342370508886,17.419090595827292,21
random_search,9,4042,80,20.1431676725155,17.419090595827292,21
random_search,9,4043,80,21.743835071544513,17.419090595827292,21
random_search,9,4044,80,20.96619037896906,17.419090595827292,21
random_search,9,4045,80,21.322611077089288,17.419090595827292,21
random_search,9,4046,80,21.44935886896179,17.419090595827292,21
random_search,9,4047,80,19.923243291566195,17.419090595827292,21
random_search,9,4048,80,20.10554700852678,17.419090595827292,21
random_search,9,4049,80,19.23622914957372,17.419090595827292,21
random_search,9,4050,81,20.679075450674063,17.419090595827292,21
random_search,9,4051,81,21.310693864511038,17.419090595827292,21
random_search,9,4052,81,20.629705854077837,17.419090595827292,21
random_search,9,4053,81,20.758317958127243,17.419090595827292,21
random_search,9,4054,81,17.460232526704264,17.419090595827292,21
random_search,9,4055,81,19.18062484748657,17.419090595827292,21
random_search,9,4056,81,21.18910462845192,17.419090595827292,21
random_search,9,4057,81,20.14355957741627,17.419090595827292,21
random_search,9,4058,81,22.464965543462903,17.419090595827292,21
random_search,9,4059,81,19.969817807045693,17.419090595827292,21
random_search,9,4060,81,21.314944167960988,17.419090595827292,21
random_search,9,4061,81,19.760681686165903,17.419090595827292,21
random_search,9,4062,81,21.260681686165903,17.419090595827292,21
random_search,9,4063,81,21.134698994937583,17.419090595827292,21
random_search,9,4064,81,22.938181191654586,17.419090595827292,21
random_search,9,4065,81,19.732380757938117,17.419090595827292,21
random_search,9,4066,81,21.114482300479487,17.419090595827292,21
random_search,9,4067,81,18.841640786499873,17.419090595827292,21
random_search,9,4068,81,18.3295630140987,17.419090595827292,21
random_search,9,4069,81,21.288061301782108,17.419090595827292,21
random_search,9,4070,81,20.172004514666934,17.419090595827292,21
random_search,9,4071,81,20.134698994937583,17.419090595827292,21
random_search,9,4072,81,22.280697580112786,17.419090595827292,21
random_search,9,4073,81,22.016609194718917,17.419090595827292,21
random_search,9,4074,81,20.01657508881031,17.419090595827292,21
random_search,9,4075,81,19.563818169698585,17.419090595827292,21
random_search,9,4076,81,20.254723699099138,17.419090595827292,21
random_search,9,4077,81,20.400000000000002,17.419090595827292,21
random_search,9,4078,81,20.345207879911715,17.419090595827292,21
random_search,9,4079,81,20.633030277982336,17.419090595827292,21
random_search,9,4080,81,22.089983277545212,17.419090595827292,21
random_search,9,4081,81,19.49373774505092,17.419090595827292,21
random_search,9,4082,81,21.176819745345025,17.419090595827292,21
random_search,9,4083,81,20.02710574513201,17.419090595827292,21
random_search,9,4084,81,19.047722557505168,17.419090595827292,21
random_search,9,4085,81,20.554065922853802,17.419090595827292,21
random_search,9,4086,81,20.555294535724684,17.419090595827292,21
random_search,9,4087,81,20.99373774505092,17.419090595827292,21
random_search,9,4088,81,22.265229618017536,17.419090595827292,21
random_search,9,4089,81,19.34390889145858,17.419090595827292,21
random_search,9,4090,81,21.097617696340304,17.419090595827292,21
random_search,9,4091,81,20.20332963783729,17.419090595827292,21
random_search,9,4092,81,20.615167380558045,17.419090595827292,21
random_search,9,4093,81,20.636664289109586,17.419090595827292,21
random_search,9,4094,81,20.115167380558045,17.419090595827292,21
random_search,9,4095,81,21.66794833886788,17.419090595827292,21
random_search,9,4096,81,21.457342370508883,17.419090595827292,21
random_search,9,4097,81,20.816590212458493,17.419090595827292,21
random_search,9,4098,81,19.3,17.419090595827292,21
random_search,9,4099,81,21.22074368738204,17.419090595827292,21
random_search,9,4100,82,20.423538406167136,17.419090595827292,21
random_search,9,4101,82,19.70332963783729,17.419090595827292,21
random_search,9,4102,82,21.134698994937583,17.419090595827292,21
random_search,9,4103,82,22.232380757938117,17.419090595827292,21
random_search,9,4104,82,22.031300056749533,17.419090595827292,21
random_search,9,4105,82,20.55796522451032,17.419090595827292,21
random_search,9,4106,82,20.00830459735946,17.419090595827292,21
random_search,9,4107,82,21.157342370508886,17.419090595827292,21
random_search,9,4108,82,18.96619037896906,17.419090595827292,21
random_search,9,4109,82,20.41084400165827,17.419090595827292,21
random_search,9,4110,82,22.670459909270544,17.419090595827292,21
random_search,9,4111,82,19.949444375840397,17.419090595827292,21
random_search,9,4112,82,21.981742422927145,17.419090595827292,21
random_search,9,4113,82,22.121347195933176,17.419090595827292,21
random_search,9,4114,82,20.82379000772445,17.419090595827292,21
random_search,9,4115,82,21.129285639896448,17.419090595827292,21
random_search,9,4116,82,20.70199920063936,17.419090595827292,21
random_search,9,4117,82,19.693737745050925,17.419090595827292,21
random_search,9,4118,82,19.61245154965971,17.419090595827292,21
random_search,9,4119,82,19.461324772583616,17.419090595827292,21
random_search,9,4120,82,19.96204993518133,17.419090595827292,21
random_search,9,4121,82,19.344994432064368,17.419090595827292,21
random_search,9,4122,82,21.5563490998189,17.419090595827292,21
random_search,9,4123,82,21.341653005427766,17.419090595827292,21
random_search,9,4124,82,21.055294535724684,17.419090595827292,21
random_search,9,4125,82,20.280697580112786,17.419090595827292,21
random_search,9,4126,82,21.989979919597747,17.419090595827292,21
random_search,9,4127,82,21.387467277262665,17.419090595827292,21
random_search,9,4128,82,21.391153452528776,17.419090595827292,21
random_search,9,4129,82,20.672458299147443,17.419090595827292,21
random_search,9,4130,82,21.423538406167136,17.419090595827292,21
random_search,9,4131,82,22.7,17.419090595827292,21
random_search,9,4132,82,21.009980079602226,17.419090595827292,21
random_search,9,4133,82,21.487905815638733,17.419090595827292,21
random_search,9,4134,82,20.20293863659264,17.419090595827292,21
random_search,9,4135,82,19.844994432064368,17.419090595827292,21
random_search,9,4136,82,21.743835071544513,17.419090595827292,21
random_search,9,4137,82,19.79283882771841,17.419090595827292,21
random_search,9,4138,82,20.993468988235943,17.419090595827292,21
random_search,9,4139,82,20.173320053068153,17.419090595827292,21
random_search,9,4140,82,20.64131112314674,17.419090595827292,21
random_search,9,4141,82,20.524845673131658,17.419090595827292,21
random_search,9,4142,82,21.857066051117283,17.419090595827292,21
random_search,9,4143,82,20.710844001658266,17.419090595827292,21
random_search,9,4144,82,19.554065922853802,17.419090595827292,21
random_search,9,4145,82,18.67979589711327,17.419090595827292,21
random_search,9,4146,82,21.949576240750524,17.419090595827292,21
random_search,9,4147,82,20.841653005427766,17.419090595827292,21
random_search,9,4148,82,22.492849839314594,17.419090595827292,21
random_search,9,4149,82,22.478505426185215,17.419090595827292,21
random_search,9,4150,83,21.846536616149585,17.419090595827292,21
random_search,9,4151,83,22.661901286060015,17.419090595827292,21
random_search,9,4152,83,19.36397674405503,17.419090595827292,21
random_search,9,4153,83,17.59544511501033,17.419090595827292,21
random_search,9,4154,83,20.258089374931437,17.419090595827292,21
random_search,9,4155,83,20.7219040425837,17.419090595827292,21
random_search,9,4156,83,21.491153452528778,17.419090595827292,21
random_search,9,4157,83,19.140967364599085,17.419090595827292,21
random_search,9,4158,83,19.020465053408525,17.419090595827292,21
random_search,9,4159,83,22.208607914449797,17.419090595827292,21
random_search,9,4160,83,19.269693845669906,17.419090595827292,21
random_search,9,4161,83,20.20185121722126,17.419090595827292,21
random_search,9,4162,83,21.055294535724684,17.419090595827292,21
random_search,9,4163,83,19.54928556845359,17.419090595827292,21
random_search,9,4164,83,20.59666295470958,17.419090595827292,21
random_search,9,4165,83,21.780350850198275,17.419090595827292,21
random_search,9,4166,83,20.843559577416272,17.419090595827292,21
random_search,9,4167,83,20.394438717061494,17.419090595827292,21
random_search,9,4168,83,20.38494332412792,17.419090595827292,21
random_search,9,4169,83,22.89827534923789,17.419090595827292,21
random_search,9,4170,83,20.661706725018234,17.419090595827292,21
random_search,9,4171,83,21.42756668824971,17.419090595827292,21
random_search,9,4172,83,21.256809750418043,17.419090595827292,21
random_search,9,4173,83,20.055294535724684,17.419090595827292,21
random_search,9,4174,83,18.755294535724687,17.419090595827292,21
random_search,9,4175,83,21.99615099714943,17.419090595827292,21
random_search,9,4176,83,20.00554700852678,17.419090595827292,21
random_search,9,4177,83,20.54939015319192,17.419090595827292,21
random_search,9,4178,83,22.664688270438848,17.419090595827292,21
random_search,9,4179,83,19.867156809750927,17.419090595827292,21
random_search,9,4180,83,19.54928556845359,17.419090595827292,21
random_search,9,4181,83,20.65796522451032,17.419090595827292,21
random_search,9,4182,83,21.270540018881462,17.419090595827292,21
random_search,9,4183,83,18.991153452528778,17.419090595827292,21
random_search,9,4184,83,21.339607805437115,17.419090595827292,21
random_search,9,4185,83,19.51657508881031,17.419090595827292,21
random_search,9,4186,83,20.82842712474619,17.419090595827292,21
random_search,9,4187,83,20.515167380558044,17.419090595827292,21
random_search,9,4188,83,19.24131112314674,17.419090595827292,21
random_search,9,4189,83,20.26397674405503,17.419090595827292,21
random_search,9,4190,83,20.891153452528776,17.419090595827292,21
random_search,9,4191,83,20.08433666561813,17.419090595827292,21
random_search,9,4192,83,20.907567081708248,17.419090595827292,21
random_search,9,4193,83,20.57763888346312,17.419090595827292,21
random_search,9,4194,83,20.637715508089904,17.419090595827292,21
random_search,9,4195,83,19.11980390271856,17.419090595827292,21
random_search,9,4196,83,21.0,17.419090595827292,21
random_search,9,4197,83,20.33390796058137,17.419090595827292,21
random_search,9,4198,83,21.743024810940586,17.419090595827292,21
random_search,9,4199,83,20.810693864511038,17.419090595827292,21
random_search,9,4200,84,21.599999999999998,17.419090595827292,21
random_search,9,4201,84,20.816590212458493,17.419090595827292,21
random_search,9,4202,84,20.73606797749979,17.419090595827292,21
random_search,9,4203,84,20.991153452528778,17.419090595827292,21
random_search,9,4204,84,21.077154105707724,17.419090595827292,21
random_search,9,4205,84,19.30384048104053,17.419090595827292,21
random_search,9,4206,84,21.115167380558045,17.419090595827292,21
random_search,9,4207,84,20.634698994937583,17.419090595827292,21
random_search,9,4208,84,21.644994432064365,17.419090595827292,21
random_search,9,4209,84,22.18193472919817,17.419090595827292,21
random_search,9,4210,84,20.85870331449229,17.419090595827292,21
random_search,9,4211,84,21.160107523773828,17.419090595827292,21
random_search,9,4212,84,21.884250278036866,17.419090595827292,21
random_search,9,4213,84,21.055294535724684,17.419090595827292,21
random_search,9,4214,84,19.3,17.419090595827292,21
random_search,9,4215,84,21.04939015319192,17.419090595827292,21
random_search,9,4216,84,20.50554700852678,17.419090595827292,21
random_search,9,4217,84,19.229563014098698,17.419090595827292,21
random_search,9,4218,84,21.05796522451032,17.419090595827292,21
random_search,9,4219,84,21.20293863659264,17.419090595827292,21
random_search,9,4220,84,21.45472369909914,17.419090595827292,21
random_search,9,4221,84,19.957066051117284,17.419090595827292,21
random_search,9,4222,84,20.761706725018236,17.419090595827292,21
random_search,9,4223,84,21.40454076850486,17.419090595827292,21
random_search,9,4224,84,20.693737745050925,17.419090595827292,21
random_search,9,4225,84,18.362873883832776,17.419090595827292,21
random_search,9,4226,84,21.593468988235944,17.419090595827292,21
random_search,9,4227,84,22.797057550292603,17.419090595827292,21
random_search,9,4228,84,22.337211521390785,17.419090595827292,21
random_search,9,4229,84,21.183266665599966,17.419090595827292,21
random_search,9,4230,84,21.359591794226542,17.419090595827292,21
random_search,9,4231,84,18.533907960581374,17.419090595827292,21
random_search,9,4232,84,20.3,17.419090595827292,21
random_search,9,4233,84,21.359411708155672,17.419090595827292,21
random_search,9,4234,84,23.235489375751563,17.419090595827292,21
random_search,9,4235,84,20.476819745345026,17.419090595827292,21
random_search,9,4236,84,21.593468988235944,17.419090595827292,21
random_search,9,4237,84,19.872004514666937,17.419090595827292,21
random_search,9,4238,84,21.16405499221705,17.419090595827292,21
random_search,9,4239,84,22.137715508089904,17.419090595827292,21
random_search,9,4240,84,20.084943324127924,17.419090595827292,21
random_search,9,4241,84,22.162277660168378,17.419090595827292,21
random_search,9,4242,84,20.713594362117867,17.419090595827292,21
random_search,9,4243,84,19.867156809750927,17.419090595827292,21
random_search,9,4244,84,19.727566688249706,17.419090595827292,21
random_search,9,4245,84,20.261249694973138,17.419090595827292,21
random_search,9,4246,84,19.8,17.419090595827292,21
random_search,9,4247,84,20.3,17.419090595827292,21
random_search,9,4248,84,22.19332590941915,17.419090595827292,21
random_search,9,4249,84,20.159126028197402,17.419090595827292,21
random_search,9,4250,85,21.22089730686545,17.419090595827292,21
random_search,9,4251,85,20.63527000944073,17.419090595827292,21
random_search,9,4252,85,21.469817807045693,17.419090595827292,21
random_search,9,4253,85,19.976819745345026,17.419090595827292,21
random_search,9,4254,85,20.449444375840397,17.419090595827292,21
random_search,9,4255,85,18.27979589711327,17.419090595827292,21
random_search,9,4256,85,19.621320343559642,17.419090595827292,21
random_search,9,4257,85,20.164688270438848,17.419090595827292,21
random_search,9,4258,85,21.145906043549196,17.419090595827292,21
random_search,9,4259,85,20.613112646970897,17.419090595827292,21
random_search,9,4260,85,21.25306852353742,17.419090595827292,21
random_search,9,4261,85,20.57364413533277,17.419090595827292,21
random_search,9,4262,85,21.645906043549196,17.419090595827292,21
random_search,9,4263,85,19.193737745050925,17.419090595827292,21
random_search,9,4264,85,20.196150997149434,17.419090595827292,21
random_search,9,4265,85,21.95306852353742,17.419090595827292,21
random_search,9,4266,85,20.758317958127243,17.419090595827292,21
random_search,9,4267,85,20.660107523773828,17.419090595827292,21
random_search,9,4268,85,20.33390796058137,17.419090595827292,21
random_search,9,4269,85,20.739071942966532,17.419090595827292,21
random_search,9,4270,85,20.83390796058137,17.419090595827292,21
random_search,9,4271,85,20.774868417407582,17.419090595827292,21
random_search,9,4272,85,22.819160170741757,17.419090595827292,21
random_search,9,4273,85,21.26397674405503,17.419090595827292,21
random_search,9,4274,85,22.098386676965934,17.419090595827292,21
random_search,9,4275,85,20.758317958127243,17.419090595827292,21
random_search,9,4276,85,19.929705854077834,17.419090595827292,21
random_search,9,4277,85,21.03721152139079,17.419090595827292,21
random_search,9,4278,85,20.983266665599963,17.419090595827292,21
random_search,9,4279,85,21.254723699099138,17.419090595827292,21
random_search,9,4280,85,23.765229618017536,17.419090595827292,21
random_search,9,4281,85,21.16405499221705,17.419090595827292,21
random_search,9,4282,85,21.281488772222676,17.419090595827292,21
random_search,9,4283,85,18.729563014098698,17.419090595827292,21
random_search,9,4284,85,19.57907545067406,17.419090595827292,21
random_search,9,4285,85,22.22074368738204,17.419090595827292,21
random_search,9,4286,85,21.7343879744639,17.419090595827292,21
random_search,9,4287,85,21.85870331449229,17.419090595827292,21
random_search,9,4288,85,20.52710574513201,17.419090595827292,21
random_search,9,4289,85,21.361324772583615,17.419090595827292,21
random_search,9,4290,85,20.26397674405503,17.419090595827292,21
random_search,9,4291,85,20.36356421265527,17.419090595827292,21
random_search,9,4292,85,20.683266665599966,17.419090595827292,21
random_search,9,4293,85,21.483266665599963,17.419090595827292,21
random_search,9,4294,85,21.159126028197402,17.419090595827292,21
random_search,9,4295,85,19.664688270438848,17.419090595827292,21
random_search,9,4296,85,20.780350850198275,17.419090595827292,21
random_search,9,4297,85,20.810693864511038,17.419090595827292,21
random_search,9,4298,85,20.887467277262665,17.419090595827292,21
random_search,9,4299,85,19.548999599679682,17.419090595827292,21
random_search,9,4300,86,21.40665927567458,17.419090595827292,21
random_search,9,4301,86,22.437663853655728,17.419090595827292,21
random_search,9,4302,86,21.964965543462903,17.419090595827292,21
random_search,9,4303,86,20.033907960581374,17.419090595827292,21
random_search,9,4304,86,21.6886890422961,17.419090595827292,21
random_search,9,4305,86,22.011094017053555,17.419090595827292,21
random_search,9,4306,86,19.94935886896179,17.419090595827292,21
random_search,9,4307,86,20.75306852353742,17.419090595827292,21
random_search,9,4308,86,19.063818169698585,17.419090595827292,21
random_search,9,4309,86,21.36356421265527,17.419090595827292,21
random_search,9,4310,86,20.673320053068153,17.419090595827292,21
random_search,9,4311,86,21.867156809750927,17.419090595827292,21
random_search,9,4312,86,20.621320343559642,17.419090595827292,21
random_search,9,4313,86,19.80384048104053,17.419090595827292,21
random_search,9,4314,86,20.900000000000002,17.419090595827292,21
random_search,9,4315,86,18.908304597359457,17.419090595827292,21
random_search,9,4316,86,20.85870331449229,17.419090595827292,21
random_search,9,4317,86,20.46619037896906,17.419090595827292,21
random_search,9,4318,86,21.311871208194287,17.419090595827292,21
random_search,9,4319,86,22.428991560298222,17.419090595827292,21
random_search,9,4320,86,20.52664991614216,17.419090595827292,21
random_search,9,4321,86,19.659126028197402,17.419090595827292,21
random_search,9,4322,86,21.50516780926679,17.419090595827292,21
random_search,9,4323,86,20.739607805437114,17.419090595827292,21
random_search,9,4324,86,19.493468988235943,17.419090595827292,21
random_search,9,4325,86,21.469817807045693,17.419090595827292,21
random_search,9,4326,86,20.172004514666934,17.419090595827292,21
random_search,9,4327,86,18.90454076850486,17.419090595827292,21
random_search,9,4328,86,19.99615099714943,17.419090595827292,21
random_search,9,4329,86,21.35870331449229,17.419090595827292,21
random_search,9,4330,86,20.469817807045693,17.419090595827292,21
random_search,9,4331,86,20.920465053408524,17.419090595827292,21
random_search,9,4332,86,22.117935662402836,17.419090595827292,21
random_search,9,4333,86,20.54928556845359,17.419090595827292,21
random_search,9,4334,86,21.8,17.419090595827292,21
random_search,9,4335,86,21.20199920063936,17.419090595827292,21
random_search,9,4336,86,21.3,17.419090595827292,21
random_search,9,4337,86,20.033030277982334,17.419090595827292,21
random_search,9,4338,86,21.191366458960193,17.419090595827292,21
random_search,9,4339,86,22.162277660168378,17.419090595827292,21
random_search,9,4340,86,19.2,17.419090595827292,21
random_search,9,4341,86,20.357066051117283,17.419090595827292,21
random_search,9,4342,86,20.97763888346312,17.419090595827292,21
random_search,9,4343,86,20.07364413533277,17.419090595827292,21
random_search,9,4344,86,20.66794833886788,17.419090595827292,21
random_search,9,4345,86,20.491153452528778,17.419090595827292,21
random_search,9,4346,86,21.985677655436824,17.419090595827292,21
random_search,9,4347,86,20.457066051117284,17.419090595827292,21
random_search,9,4348,86,20.14476105895272,17.419090595827292,21
random_search,9,4349,86,20.98148877222268,17.419090595827292,21
random_search,9,4350,87,21.52710574513201,17.419090595827292,21
random_search,9,4351,87,21.183266665599966,17.419090595827292,21
random_search,9,4352,87,20.993468988235943,17.419090595827292,21
random_search,9,4353,87,21.302172886644268,17.419090595827292,21
random_search,9,4354,87,22.09072480941474,17.419090595827292,21
random_search,9,4355,87,20.729563014098698,17.419090595827292,21
random_search,9,4356,87,20.45472369909914,17.419090595827292,21
random_search,9,4357,87,21.40665927567458,17.419090595827292,21
random_search,9,4358,87,20.301514803843837,17.419090595827292,21
random_search,9,4359,87,22.73861278752583,17.419090595827292,21
random_search,9,4360,87,21.81386219991853,17.419090595827292,21
random_search,9,4361,87,21.491153452528778,17.419090595827292,21
random_search,9,4362,87,21.341653005427766,17.419090595827292,21
random_search,9,4363,87,21.05657137141714,17.419090595827292,21
random_search,9,4364,87,21.35870331449229,17.419090595827292,21
random_search,9,4365,87,22.449545416973503,17.419090595827292,21
random_search,9,4366,87,22.176575213227444,17.419090595827292,21
random_search,9,4367,87,19.58522995463527,17.419090595827292,21
random_search,9,4368,87,19.841640786499873,17.419090595827292,21
random_search,9,4369,87,21.964965543462903,17.419090595827292,21
random_search,9,4370,87,22.656141357987227,17.419090595827292,21
random_search,9,4371,87,21.123243291566197,17.419090595827292,21
random_search,9,4372,87,20.260681686165903,17.419090595827292,21
random_search,9,4373,87,19.732380757938117,17.419090595827292,21
random_search,9,4374,87,20.622611077089285,17.419090595827292,21
random_search,9,4375,87,20.533030277982334,17.419090595827292,21
random_search,9,4376,87,21.036664289109584,17.419090595827292,21
random_search,9,4377,87,21.164688270438848,17.419090595827292,21
random_search,9,4378,87,18.840967364599088,17.419090595827292,21
random_search,9,4379,87,22.003123475609392,17.419090595827292,21
random_search,9,4380,87,21.44935886896179,17.419090595827292,21
random_search,9,4381,87,21.122611077089285,17.419090595827292,21
random_search,9,4382,87,21.33541565040626,17.419090595827292,21
random_search,9,4383,87,20.08522995463527,17.419090595827292,21
random_search,9,4384,87,21.8576411454889,17.419090595827292,21
random_search,9,4385,87,22.364054992217053,17.419090595827292,21
random_search,9,4386,87,19.99373774505092,17.419090595827292,21
random_search,9,4387,87,21.145906043549196,17.419090595827292,21
random_search,9,4388,87,20.917935662402833,17.419090595827292,21
random_search,9,4389,87,19.16770782520313,17.419090595827292,21
random_search,9,4390,87,19.449137674618942,17.419090595827292,21
random_search,9,4391,87,19.735270009440733,17.419090595827292,21
random_search,9,4392,87,19.548999599679682,17.419090595827292,21
random_search,9,4393,87,22.614482300479487,17.419090595827292,21
random_search,9,4394,87,20.75306852353742,17.419090595827292,21
random_search,9,4395,87,19.51657508881031,17.419090595827292,21
random_search,9,4396,87,20.034192325759246,17.419090595827292,21
random_search,9,4397,87,19.72736184954957,17.419090595827292,21
random_search,9,4398,87,20.42756668824971,17.419090595827292,21
random_search,9,4399,87,21.109975124224178,17.419090595827292,21
random_search,9,4400,88,20.461324772583616,17.419090595827292,21
random_search,9,4401,88,17.894427190999917,17.419090595827292,21
random_search,9,4402,88,19.51657508881031,17.419090595827292,21
random_search,9,4403,88,19.38494332412792,17.419090595827292,21
random_search,9,4404,88,21.84604989415154,17.419090595827292,21
random_search,9,4405,88,20.661706725018234,17.419090595827292,21
random_search,9,4406,88,20.92756668824971,17.419090595827292,21
random_search,9,4407,88,20.814642819948226,17.419090595827292,21
random_search,9,4408,88,21.45870331449229,17.419090595827292,21
random_search,9,4409,88,21.031300056749533,17.419090595827292,21
random_search,9,4410,88,20.063818169698585,17.419090595827292,21
random_search,9,4411,88,20.03072757526625,17.419090595827292,21
random_search,9,4412,88,19.229563014098698,17.419090595827292,21
random_search,9,4413,88,18.96619037896906,17.419090595827292,21
random_search,9,4414,88,20.8576411454889,17.419090595827292,21
random_search,9,4415,88,21.357066051117283,17.419090595827292,21
random_search,9,4416,88,20.129705854077837,17.419090595827292,21
random_search,9,4417,88,20.57156333832011,17.419090595827292,21
random_search,9,4418,88,20.411871208194288,17.419090595827292,21
random_search,9,4419,88,21.391153452528776,17.419090595827292,21
random_search,9,4420,88,22.846640106136302,17.419090595827292,21
random_search,9,4421,88,19.72474487139159,17.419090595827292,21
random_search,9,4422,88,19.52480768092719,17.419090595827292,21
random_search,9,4423,88,20.841640786499873,17.419090595827292,21
random_search,9,4424,88,19.3,17.419090595827292,21
random_search,9,4425,88,21.034387974463897,17.419090595827292,21
random_search,9,4426,88,19.843559577416272,17.419090595827292,21
random_search,9,4427,88,19.949137674618942,17.419090595827292,21
random_search,9,4428,88,20.690890230020663,17.419090595827292,21
random_search,9,4429,88,21.339607805437115,17.419090595827292,21
random_search,9,4430,88,18.769693845669906,17.419090595827292,21
random_search,9,4431,88,20.256465996625053,17.419090595827292,21
random_search,9,4432,88,20.49582971014219,17.419090595827292,21
random_search,9,4433,88,21.230727575266254,17.419090595827292,21
random_search,9,4434,88,21.302172886644268,17.419090595827292,21
random_search,9,4435,88,21.36397674405503,17.419090595827292,21
random_search,9,4436,88,19.11245154965971,17.419090595827292,21
random_search,9,4437,88,19.961324772583616,17.419090595827292,21
random_search,9,4438,88,20.63901391331568,17.419090595827292,21
random_search,9,4439,88,20.754723699099138,17.419090595827292,21
random_search,9,4440,88,20.549444375840398,17.419090595827292,21
random_search,9,4441,88,19.491153452528778,17.419090595827292,21
random_search,9,4442,88,21.133030277982336,17.419090595827292,21
random_search,9,4443,88,21.45870331449229,17.419090595827292,21
random_search,9,4444,88,19.86397674405503,17.419090595827292,21
random_search,9,4445,88,22.356349099818896,17.419090595827292,21
random_search,9,4446,88,21.134698994937583,17.419090595827292,21
random_search,9,4447,88,21.009980079602226,17.419090595827292,21
random_search,9,4448,88,19.50554700852678,17.419090595827292,21
random_search,9,4449,88,20.33390796058137,17.419090595827292,21
random_search,9,4450,89,21.033907960581374,17.419090595827292,21
random_search,9,4451,89,20.636664289109586,17.419090595827292,21
random_search,9,4452,89,21.428991560298222,17.419090595827292,21
random_search,9,4453,89,20.95870331449229,17.419090595827292,21
random_search,9,4454,89,21.009980079602226,17.419090595827292,21
random_search,9,4455,89,20.673320053068153,17.419090595827292,21
random_search,9,4456,89,21.10768096208106,17.419090595827292,21
random_search,9,4457,89,19.993468988235943,17.419090595827292,21
random_search,9,4458,89,20.94935886896179,17.419090595827292,21
random_search,9,4459,89,19.82828568570857,17.419090595827292,21
random_search,9,4460,89,20.483266665599963,17.419090595827292,21
random_search,9,4461,89,20.09072480941474,17.419090595827292,21
random_search,9,4462,89,20.524845673131658,17.419090595827292,21
random_search,9,4463,89,20.400000000000002,17.419090595827292,21
random_search,9,4464,89,20.660107523773828,17.419090595827292,21
random_search,9,4465,89,20.880697580112788,17.419090595827292,21
random_search,9,4466,89,21.193737745050925,17.419090595827292,21
random_search,9,4467,89,20.560107523773826,17.419090595827292,21
random_search,9,4468,89,19.891153452528776,17.419090595827292,21
random_search,9,4469,89,21.274868417407582,17.419090595827292,21
random_search,9,4470,89,19.870828693386972,17.419090595827292,21
random_search,9,4471,89,20.224807680927192,17.419090595827292,21
random_search,9,4472,89,20.00830459735946,17.419090595827292,21
random_search,9,4473,89,21.676575213227444,17.419090595827292,21
random_search,9,4474,89,20.280350850198275,17.419090595827292,21
random_search,9,4475,89,21.577902338672775,17.419090595827292,21
random_search,9,4476,89,23.642276586281547,17.419090595827292,21
random_search,9,4477,89,21.345207879911715,17.419090595827292,21
random_search,9,4478,89,19.969817807045693,17.419090595827292,21
random_search,9,4479,89,18.513552872566002,17.419090595827292,21
random_search,9,4480,89,20.97484176581315,17.419090595827292,21
random_search,9,4481,89,19.340967364599088,17.419090595827292,21
random_search,9,4482,89,21.272077843177478,17.419090595827292,21
random_search,9,4483,89,20.277154105707726,17.419090595827292,21
random_search,9,4484,89,20.314642819948226,17.419090595827292,21
random_search,9,4485,89,18.840967364599088,17.419090595827292,21
random_search,9,4486,89,20.470540018881465,17.419090595827292,21
random_search,9,4487,89,20.55758369027902,17.419090595827292,21
random_search,9,4488,89,21.637715508089904,17.419090595827292,21
random_search,9,4489,89,21.345207879911715,17.419090595827292,21
random_search,9,4490,89,19.881742422927143,17.419090595827292,21
random_search,9,4491,89,19.80384048104053,17.419090595827292,21
random_search,9,4492,89,20.474868417407585,17.419090595827292,21
random_search,9,4493,89,20.396662954709576,17.419090595827292,21
random_search,9,4494,89,20.47484176581315,17.419090595827292,21
random_search,9,4495,89,20.40454076850486,17.419090595827292,21
random_search,9,4496,89,21.949615361854384,17.419090595827292,21
random_search,9,4497,89,20.055294535724684,17.419090595827292,21
random_search,9,4498,89,23.258323293158117,17.419090595827292,21
random_search,9,4499,89,19.73622914957372,17.419090595827292,21
random_search,9,4500,90,19.512403840463595,17.419090595827292,21
random_search,9,4501,90,20.2,17.419090595827292,21
random_search,9,4502,90,19.56287388383278,17.419090595827292,21
random_search,9,4503,90,20.645906043549196,17.419090595827292,21
random_search,9,4504,90,21.20185121722126,17.419090595827292,21
random_search,9,4505,90,19.93095064303001,17.419090595827292,21
random_search,9,4506,90,20.8,17.419090595827292,21
random_search,9,4507,90,23.15486705347928,17.419090595827292,21
random_search,9,4508,90,19.167156809750924,17.419090595827292,21
random_search,9,4509,90,17.599999999999998,17.419090595827292,21
random_search,9,4510,90,20.467670500619608,17.419090595827292,21
random_search,9,4511,90,19.224807680927192,17.419090595827292,21
random_search,9,4512,90,21.57156333832011,17.419090595827292,21
random_search,9,4513,90,19.830950643030008,17.419090595827292,21
random_search,9,4514,90,20.790724809414744,17.419090595827292,21
random_search,9,4515,90,19.830950643030008,17.419090595827292,21
random_search,9,4516,90,20.2131126469709,17.419090595827292,21
random_search,9,4517,90,18.868438714135813,17.419090595827292,21
random_search,9,4518,90,20.113112646970897,17.419090595827292,21
random_search,9,4519,90,21.20713075057055,17.419090595827292,21
random_search,9,4520,90,20.67681974534503,17.419090595827292,21
random_search,9,4521,90,21.418695387886217,17.419090595827292,21
random_search,9,4522,90,19.861324772583615,17.419090595827292,21
random_search,9,4523,90,20.75329983228432,17.419090595827292,21
random_search,9,4524,90,21.488689042296098,17.419090595827292,21
random_search,9,4525,90,21.159126028197402,17.419090595827292,21
random_search,9,4526,90,19.478232998312528,17.419090595827292,21
random_search,9,4527,90,21.281488772222676,17.419090595827292,21
random_search,9,4528,90,21.423538406167136,17.419090595827292,21
random_search,9,4529,90,20.370828693386972,17.419090595827292,21
random_search,9,4530,90,19.983239697419133,17.419090595827292,21
random_search,9,4531,90,20.859591794226542,17.419090595827292,21
random_search,9,4532,90,19.549444375840398,17.419090595827292,21
random_search,9,4533,90,21.758317958127243,17.419090595827292,21
random_search,9,4534,90,21.937663853655728,17.419090595827292,21
random_search,9,4535,90,19.739607805437114,17.419090595827292,21
random_search,9,4536,90,21.45870331449229,17.419090595827292,21
random_search,9,4537,90,20.453720459187966,17.419090595827292,21
random_search,9,4538,90,21.911871208194288,17.419090595827292,21
random_search,9,4539,90,20.896662954709576,17.419090595827292,21
random_search,9,4540,90,20.063818169698585,17.419090595827292,21
random_search,9,4541,90,23.114482300479487,17.419090595827292,21
random_search,9,4542,90,21.577902338672775,17.419090595827292,21
random_search,9,4543,90,20.524845673131658,17.419090595827292,21
random_search,9,4544,90,19.68321595661992,17.419090595827292,21
random_search,9,4545,90,20.491153452528778,17.419090595827292,21
random_search,9,4546,90,20.077902338672775,17.419090595827292,21
random_search,9,4547,90,20.6431676725155,17.419090595827292,21
random_search,9,4548,90,24.080243893371346,17.419090595827292,21
random_search,9,4549,90,21.64575131106459,17.419090595827292,21
random_search,9,4550,91,19.739071942966532,17.419090595827292,21
random_search,9,4551,91,20.714944167960986,17.419090595827292,21
random_search,9,4552,91,22.656141357987227,17.419090595827292,21
random_search,9,4553,91,21.70936130717624,17.419090595827292,21
random_search,9,4554,91,21.277154105707726,17.419090595827292,21
random_search,9,4555,91,21.258317958127243,17.419090595827292,21
random_search,9,4556,91,22.377902338672772,17.419090595827292,21
random_search,9,4557,91,21.824099870362662,17.419090595827292,21
random_search,9,4558,91,20.696150997149434,17.419090595827292,21
random_search,9,4559,91,21.75306852353742,17.419090595827292,21
random_search,9,4560,91,23.49722114972099,17.419090595827292,21
random_search,9,4561,91,21.767491648096545,17.419090595827292,21
random_search,9,4562,91,19.99373774505092,17.419090595827292,21
random_search,9,4563,91,20.467670500619608,17.419090595827292,21
random_search,9,4564,91,20.599999999999998,17.419090595827292,21
random_search,9,4565,91,19.51657508881031,17.419090595827292,21
random_search,9,4566,91,21.87581763205193,17.419090595827292,21
random_search,9,4567,91,19.62074368738204,17.419090595827292,21
random_search,9,4568,91,19.055294535724684,17.419090595827292,21
random_search,9,4569,91,20.322611077089288,17.419090595827292,21
random_search,9,4570,91,18.872004514666937,17.419090595827292,21
random_search,9,4571,91,22.534387974463897,17.419090595827292,21
random_search,9,4572,91,22.206404996924924,17.419090595827292,21
random_search,9,4573,91,20.524845673131658,17.419090595827292,21
random_search,9,4574,91,21.039013913315678,17.419090595827292,21
random_search,9,4575,91,20.509980079602226,17.419090595827292,21
random_search,9,4576,91,21.280350850198275,17.419090595827292,21
random_search,9,4577,91,20.57907545067406,17.419090595827292,21
random_search,9,4578,91,21.016609194718917,17.419090595827292,21
random_search,9,4579,91,20.264911064067352,17.419090595827292,21
random_search,9,4580,91,22.341653005427766,17.419090595827292,21
random_search,9,4581,91,21.164582518894846,17.419090595827292,21
random_search,9,4582,91,19.7131126469709,17.419090595827292,21
random_search,9,4583,91,19.80332963783729,17.419090595827292,21
random_search,9,4584,91,21.099999999999998,17.419090595827292,21
random_search,9,4585,91,21.516609194718917,17.419090595827292,21
random_search,9,4586,91,21.549615361854386,17.419090595827292,21
random_search,9,4587,91,21.2343879744639,17.419090595827292,21
random_search,9,4588,91,20.97484176581315,17.419090595827292,21
random_search,9,4589,91,21.239071942966532,17.419090595827292,21
random_search,9,4590,91,22.79192496674806,17.419090595827292,21
random_search,9,4591,91,20.606659275674584,17.419090595827292,21
random_search,9,4592,91,20.80332963783729,17.419090595827292,21
random_search,9,4593,91,20.28790581563873,17.419090595827292,21
random_search,9,4594,91,19.830950643030008,17.419090595827292,21
random_search,9,4595,91,20.1431676725155,17.419090595827292,21
random_search,9,4596,91,22.25306852353742,17.419090595827292,21
random_search,9,4597,91,22.801514803843837,17.419090595827292,21
random_search,9,4598,91,20.56287388383278,17.419090595827292,21
random_search,9,4599,91,20.99582971014219,17.419090595827292,21
random_search,9,4600,92,21.5555923471125,17.419090595827292,21
random_search,9,4601,92,20.64355957741627,17.419090595827292,21
random_search,9,4602,92,20.76468827043885,17.419090595827292,21
random_search,9,4603,92,19.880624847486573,17.419090595827292,21
random_search,9,4604,92,21.73238075793812,17.419090595827292,21
random_search,9,4605,92,18.80332963783729,17.419090595827292,21
random_search,9,4606,92,21.214944167960986,17.419090595827292,21
random_search,9,4607,92,21.00454076850486,17.419090595827292,21
random_search,9,4608,92,23.316624790355398,17.419090595827292,21
random_search,9,4609,92,18.991153452528778,17.419090595827292,21
random_search,9,4610,92,20.049444375840398,17.419090595827292,21
random_search,9,4611,92,19.256465996625053,17.419090595827292,21
random_search,9,4612,92,20.622611077089285,17.419090595827292,21
random_search,9,4613,92,22.3,17.419090595827292,21
random_search,9,4614,92,18.880624847486573,17.419090595827292,21
random_search,9,4615,92,20.423538406167136,17.419090595827292,21
random_search,9,4616,92,20.492838827718412,17.419090595827292,21
random_search,9,4617,92,20.13907194296653,17.419090595827292,21
random_search,9,4618,92,20.877902338672772,17.419090595827292,21
random_search,9,4619,92,20.659126028197402,17.419090595827292,21
random_search,9,4620,92,19.781488772222676,17.419090595827292,21
random_search,9,4621,92,20.254723699099138,17.419090595827292,21
random_search,9,4622,92,20.754723699099138,17.419090595827292,21
random_search,9,4623,92,19.64355957741627,17.419090595827292,21
random_search,9,4624,92,19.830950643030008,17.419090595827292,21
random_search,9,4625,92,19.757583690279024,17.419090595827292,21
random_search,9,4626,92,21.32379000772445,17.419090595827292,21
random_search,9,4627,92,22.0555923471125,17.419090595827292,21
random_search,9,4628,92,20.397366596101026,17.419090595827292,21
random_search,9,4629,92,21.254723699099138,17.419090595827292,21
random_search,9,4630,92,19.140967364599085,17.419090595827292,21
random_search,9,4631,92,20.741653005427764,17.419090595827292,21
random_search,9,4632,92,21.00454076850486,17.419090595827292,21
random_search,9,4633,92,21.309243436828815,17.419090595827292,21
random_search,9,4634,92,21.44928556845359,17.419090595827292,21
random_search,9,4635,92,21.537211521390788,17.419090595827292,21
random_search,9,4636,92,19.04880884817015,17.419090595827292,21
random_search,9,4637,92,21.23238075793812,17.419090595827292,21
random_search,9,4638,92,20.520465053408525,17.419090595827292,21
random_search,9,4639,92,19.45870331449229,17.419090595827292,21
random_search,9,4640,92,21.49582971014219,17.419090595827292,21
random_search,9,4641,92,22.181934729198172,17.419090595827292,21
random_search,9,4642,92,20.00554700852678,17.419090595827292,21
random_search,9,4643,92,21.084943324127924,17.419090595827292,21
random_search,9,4644,92,19.408304597359457,17.419090595827292,21
random_search,9,4645,92,19.730727575266254,17.419090595827292,21
random_search,9,4646,92,20.408304597359457,17.419090595827292,21
random_search,9,4647,92,19.80332963783729,17.419090595827292,21
random_search,9,4648,92,22.52883794381533,17.419090595827292,21
random_search,9,4649,92,21.644994432064365,17.419090595827292,21
random_search,9,4650,93,23.143835071544512,17.419090595827292,21
random_search,9,4651,93,20.760681686165903,17.419090595827292,21
random_search,9,4652,93,20.08113883008419,17.419090595827292,21
random_search,9,4653,93,20.830950643030008,17.419090595827292,21
random_search,9,4654,93,21.493468988235943,17.419090595827292,21
random_search,9,4655,93,21.099999999999998,17.419090595827292,21
random_search,9,4656,93,22.14575131106459,17.419090595827292,21
random_search,9,4657,93,20.088435821108956,17.419090595827292,21
random_search,9,4658,93,21.63907194296653,17.419090595827292,21
random_search,9,4659,93,20.43095064303001,17.419090595827292,21
random_search,9,4660,93,21.45870331449229,17.419090595827292,21
random_search,9,4661,93,21.70199920063936,17.419090595827292,21
random_search,9,4662,93,21.555294535724684,17.419090595827292,21
random_search,9,4663,93,19.239607805437114,17.419090595827292,21
random_search,9,4664,93,21.319160170741757,17.419090595827292,21
random_search,9,4665,93,22.17804971641414,17.419090595827292,21
random_search,9,4666,93,21.661706725018234,17.419090595827292,21
random_search,9,4667,93,21.23205080756888,17.419090595827292,21
random_search,9,4668,93,20.880697580112788,17.419090595827292,21
random_search,9,4669,93,20.549444375840398,17.419090595827292,21
random_search,9,4670,93,22.707567081708245,17.419090595827292,21
random_search,9,4671,93,20.86397674405503,17.419090595827292,21
random_search,9,4672,93,19.663818169698587,17.419090595827292,21
random_search,9,4673,93,19.140967364599085,17.419090595827292,21
random_search,9,4674,93,21.864054992217053,17.419090595827292,21
random_search,9,4675,93,20.20185121722126,17.419090595827292,21
random_search,9,4676,93,21.43130005674953,17.419090595827292,21
random_search,9,4677,93,20.3,17.419090595827292,21
random_search,9,4678,93,21.44948974278318,17.419090595827292,21
random_search,9,4679,93,21.772077843177478,17.419090595827292,21
random_search,9,4680,93,21.23205080756888,17.419090595827292,21
random_search,9,4681,93,20.174021572639983,17.419090595827292,21
random_search,9,4682,93,17.447213595499957,17.419090595827292,21
random_search,9,4683,93,22.2219040425837,17.419090595827292,21
random_search,9,4684,93,21.18679622641132,17.419090595827292,21
random_search,9,4685,93,20.400000000000002,17.419090595827292,21
random_search,9,4686,93,20.06287388383278,17.419090595827292,21
random_search,9,4687,93,20.55796522451032,17.419090595827292,21
random_search,9,4688,93,20.423538406167136,17.419090595827292,21
random_search,9,4689,93,21.440063693621518,17.419090595827292,21
random_search,9,4690,93,20.311871208194287,17.419090595827292,21
random_search,9,4691,93,21.077154105707724,17.419090595827292,21
random_search,9,4692,93,22.464965543462903,17.419090595827292,21
random_search,9,4693,93,19.983266665599963,17.419090595827292,21
random_search,9,4694,93,19.23622914957372,17.419090595827292,21
random_search,9,4695,93,20.659126028197402,17.419090595827292,21
random_search,9,4696,93,20.634698994937583,17.419090595827292,21
random_search,9,4697,93,20.01657508881031,17.419090595827292,21
random_search,9,4698,93,19.05758369027902,17.419090595827292,21
random_search,9,4699,93,21.07156333832011,17.419090595827292,21
random_search,9,4700,94,21.106659275674584,17.419090595827292,21
random_search,9,4701,94,22.470540018881465,17.419090595827292,21
random_search,9,4702,94,22.63318042491699,17.419090595827292,21
random_search,9,4703,94,21.181934729198172,17.419090595827292,21
random_search,9,4704,94,19.760681686165903,17.419090595827292,21
random_search,9,4705,94,21.36397674405503,17.419090595827292,21
random_search,9,4706,94,22.121347195933176,17.419090595827292,21
random_search,9,4707,94,20.560107523773826,17.419090595827292,21
random_search,9,4708,94,20.7131126469709,17.419090595827292,21
random_search,9,4709,94,21.758317958127243,17.419090595827292,21
random_search,9,4710,94,20.60554700852678,17.419090595827292,21
random_search,9,4711,94,21.756809750418043,17.419090595827292,21
random_search,9,4712,94,20.520465053408525,17.419090595827292,21
random_search,9,4713,94,21.664688270438848,17.419090595827292,21
random_search,9,4714,94,22.39857113690718,17.419090595827292,21
random_search,9,4715,94,20.281488772222676,17.419090595827292,21
random_search,9,4716,94,20.054065922853802,17.419090595827292,21
random_search,9,4717,94,21.5576411454889,17.419090595827292,21
random_search,9,4718,94,20.660107523773828,17.419090595827292,21
random_search,9,4719,94,21.577154105707724,17.419090595827292,21
random_search,9,4720,94,20.599999999999998,17.419090595827292,21
random_search,9,4721,94,19.33622914957372,17.419090595827292,21
random_search,9,4722,94,21.72654919008431,17.419090595827292,21
random_search,9,4723,94,21.183266665599966,17.419090595827292,21
random_search,9,4724,94,20.859411708155672,17.419090595827292,21
random_search,9,4725,94,22.204834939252006,17.419090595827292,21
random_search,9,4726,94,19.891153452528776,17.419090595827292,21
random_search,9,4727,94,20.8459060435492,17.419090595827292,21
random_search,9,4728,94,23.70135110466435,17.419090595827292,21
random_search,9,4729,94,19.634698994937583,17.419090595827292,21
random_search,9,4730,94,18.6431676725155,17.419090595827292,21
random_search,9,4731,94,20.491153452528778,17.419090595827292,21
random_search,9,4732,94,21.7219040425837,17.419090595827292,21
random_search,9,4733,94,21.33541565040626,17.419090595827292,21
random_search,9,4734,94,21.846536616149585,17.419090595827292,21
random_search,9,4735,94,20.466479394838267,17.419090595827292,21
random_search,9,4736,94,21.549545416973505,17.419090595827292,21
random_search,9,4737,94,18.80332963783729,17.419090595827292,21
random_search,9,4738,94,21.0,17.419090595827292,21
random_search,9,4739,94,20.88494332412792,17.419090595827292,21
random_search,9,4740,94,21.16794833886788,17.419090595827292,21
random_search,9,4741,94,18.95870331449229,17.419090595827292,21
random_search,9,4742,94,20.95870331449229,17.419090595827292,21
random_search,9,4743,94,19.599999999999998,17.419090595827292,21
random_search,9,4744,94,21.65796522451032,17.419090595827292,21
random_search,9,4745,94,21.687119154832537,17.419090595827292,21
random_search,9,4746,94,19.6431676725155,17.419090595827292,21
random_search,9,4747,94,21.02710574513201,17.419090595827292,21
random_search,9,4748,94,22.780350850198275,17.419090595827292,21
random_search,9,4749,94,18.419803902718556,17.419090595827292,21
random_search,9,4750,95,22.164582518894846,17.419090595827292,21
random_search,9,4751,95,21.08113883008419,17.419090595827292,21
random_search,9,4752,95,21.661706725018234,17.419090595827292,21
random_search,9,4753,95,20.14355957741627,17.419090595827292,21
random_search,9,4754,95,19.43095064303001,17.419090595827292,21
random_search,9,4755,95,19.837211521390785,17.419090595827292,21
random_search,9,4756,95,20.732380757938117,17.419090595827292,21
random_search,9,4757,95,18.555294535724684,17.419090595827292,21
random_search,9,4758,95,22.25306852353742,17.419090595827292,21
random_search,9,4759,95,21.12074368738204,17.419090595827292,21
random_search,9,4760,95,20.1431676725155,17.419090595827292,21
random_search,9,4761,95,22.229872518944557,17.419090595827292,21
random_search,9,4762,95,20.93130005674953,17.419090595827292,21
random_search,9,4763,95,19.735270009440733,17.419090595827292,21
random_search,9,4764,95,19.140967364599085,17.419090595827292,21
random_search,9,4765,95,21.795829710142186,17.419090595827292,21
random_search,9,4766,95,20.909975124224175,17.419090595827292,21
random_search,9,4767,95,20.01657508881031,17.419090595827292,21
random_search,9,4768,95,21.838181191654584,17.419090595827292,21
random_search,9,4769,95,20.53072757526625,17.419090595827292,21
random_search,9,4770,95,20.04928556845359,17.419090595827292,21
random_search,9,4771,95,19.159126028197402,17.419090595827292,21
random_search,9,4772,95,18.869535971483266,17.419090595827292,21
random_search,9,4773,95,21.10768096208106,17.419090595827292,21
random_search,9,4774,95,20.67681974534503,17.419090595827292,21
random_search,9,4775,95,21.588435821108956,17.419090595827292,21
random_search,9,4776,95,20.900000000000002,17.419090595827292,21
random_search,9,4777,95,19.88494332412792,17.419090595827292,21
random_search,9,4778,95,20.310693864511038,17.419090595827292,21
random_search,9,4779,95,20.991153452528778,17.419090595827292,21
random_search,9,4780,95,20.805167809266788,17.419090595827292,21
random_search,9,4781,95,21.7343879744639,17.419090595827292,21
random_search,9,4782,95,21.877902338672772,17.419090595827292,21
random_search,9,4783,95,22.978505426185215,17.419090595827292,21
random_search,9,4784,95,19.483266665599963,17.419090595827292,21
random_search,9,4785,95,21.417800560721076,17.419090595827292,21
random_search,9,4786,95,21.176575213227444,17.419090595827292,21
random_search,9,4787,95,21.529822128134704,17.419090595827292,21
random_search,9,4788,95,20.322611077089288,17.419090595827292,21
random_search,9,4789,95,21.14131112314674,17.419090595827292,21
random_search,9,4790,95,20.140175425099137,17.419090595827292,21
random_search,9,4791,95,20.659126028197402,17.419090595827292,21
random_search,9,4792,95,20.007878402833892,17.419090595827292,21
random_search,9,4793,95,18.992838827718412,17.419090595827292,21
random_search,9,4794,95,20.196150997149434,17.419090595827292,21
random_search,9,4795,95,21.659126028197402,17.419090595827292,21
random_search,9,4796,95,19.140175425099137,17.419090595827292,21
random_search,9,4797,95,20.449545416973503,17.419090595827292,21
random_search,9,4798,95,20.880697580112788,17.419090595827292,21
random_search,9,4799,95,19.814642819948226,17.419090595827292,21
random_search,9,4800,96,19.8,17.419090595827292,21
random_search,9,4801,96,19.70332963783729,17.419090595827292,21
random_search,9,4802,96,22.614674215792775,17.419090595827292,21
random_search,9,4803,96,22.793325909419153,17.419090595827292,21
random_search,9,4804,96,20.667156809750924,17.419090595827292,21
random_search,9,4805,96,21.161706725018234,17.419090595827292,21
random_search,9,4806,96,19.72474487139159,17.419090595827292,21
random_search,9,4807,96,21.531300056749533,17.419090595827292,21
random_search,9,4808,96,19.59666295470958,17.419090595827292,21
random_search,9,4809,96,21.009980079602226,17.419090595827292,21
random_search,9,4810,96,21.88494332412792,17.419090595827292,21
random_search,9,4811,96,21.311871208194287,17.419090595827292,21
random_search,9,4812,96,20.483266665599963,17.419090595827292,21
random_search,9,4813,96,18.949137674618942,17.419090595827292,21
random_search,9,4814,96,19.6431676725155,17.419090595827292,21
random_search,9,4815,96,21.802172886644268,17.419090595827292,21
random_search,9,4816,96,21.77488738510232,17.419090595827292,21
random_search,9,4817,96,20.072077843177475,17.419090595827292,21
random_search,9,4818,96,20.049193338482965,17.419090595827292,21
random_search,9,4819,96,21.280350850198275,17.419090595827292,21
random_search,9,4820,96,20.255294535724687,17.419090595827292,21
random_search,9,4821,96,21.136664289109586,17.419090595827292,21
random_search,9,4822,96,20.48148877222268,17.419090595827292,21
random_search,9,4823,96,19.563818169698585,17.419090595827292,21
random_search,9,4824,96,22.440063693621518,17.419090595827292,21
random_search,9,4825,96,19.87840487520902,17.419090595827292,21
random_search,9,4826,96,22.049444375840398,17.419090595827292,21
random_search,9,4827,96,20.46619037896906,17.419090595827292,21
random_search,9,4828,96,21.088435821108956,17.419090595827292,21
random_search,9,4829,96,21.33390796058137,17.419090595827292,21
random_search,9,4830,96,21.985677655436824,17.419090595827292,21
random_search,9,4831,96,19.361324772583615,17.419090595827292,21
random_search,9,4832,96,22.145906043549196,17.419090595827292,21
random_search,9,4833,96,20.781488772222676,17.419090595827292,21
random_search,9,4834,96,22.864054992217053,17.419090595827292,21
random_search,9,4835,96,18.209901951359278,17.419090595827292,21
random_search,9,4836,96,20.095451410656818,17.419090595827292,21
random_search,9,4837,96,21.857066051117283,17.419090595827292,21
random_search,9,4838,96,21.957066051117284,17.419090595827292,21
random_search,9,4839,96,19.991153452528778,17.419090595827292,21
random_search,9,4840,96,22.275711299845938,17.419090595827292,21
random_search,9,4841,96,21.145906043549196,17.419090595827292,21
random_search,9,4842,96,18.37840487520902,17.419090595827292,21
random_search,9,4843,96,20.34390889145858,17.419090595827292,21
random_search,9,4844,96,20.40831891575846,17.419090595827292,21
random_search,9,4845,96,22.169313659514952,17.419090595827292,21
random_search,9,4846,96,22.067366884975478,17.419090595827292,21
random_search,9,4847,96,20.56287388383278,17.419090595827292,21
random_search,9,4848,96,20.615167380558045,17.419090595827292,21
random_search,9,4849,96,21.74131112314674,17.419090595827292,21
random_search,9,4850,97,20.756809750418043,17.419090595827292,21
random_search,9,4851,97,19.80332963783729,17.419090595827292,21
random_search,9,4852,97,20.09799919935936,17.419090595827292,21
random_search,9,4853,97,21.509980079602226,17.419090595827292,21
random_search,9,4854,97,20.23622914957372,17.419090595827292,21
random_search,9,4855,97,21.311871208194287,17.419090595827292,21
random_search,9,4856,97,20.957066051117284,17.419090595827292,21
random_search,9,4857,97,22.22089730686545,17.419090595827292,21
random_search,9,4858,97,20.814944167960988,17.419090595827292,21
random_search,9,4859,97,18.8295630140987,17.419090595827292,21
random_search,9,4860,97,21.435112807463533,17.419090595827292,21
random_search,9,4861,97,20.531300056749533,17.419090595827292,21
random_search,9,4862,97,19.63907194296653,17.419090595827292,21
random_search,9,4863,97,20.7343879744639,17.419090595827292,21
random_search,9,4864,97,21.420465053408524,17.419090595827292,21
random_search,9,4865,97,20.492838827718412,17.419090595827292,21
random_search,9,4866,97,22.004834939252003,17.419090595827292,21
random_search,9,4867,97,22.412833614050058,17.419090595827292,21
random_search,9,4868,97,20.664688270438848,17.419090595827292,21
random_search,9,4869,97,21.55796522451032,17.419090595827292,21
random_search,9,4870,97,19.3,17.419090595827292,21
random_search,9,4871,97,20.438181191654586,17.419090595827292,21
random_search,9,4872,97,20.520465053408525,17.419090595827292,21
random_search,9,4873,97,21.507130750570546,17.419090595827292,21
random_search,9,4874,97,20.877902338672772,17.419090595827292,21
random_search,9,4875,97,20.52828568570857,17.419090595827292,21
random_search,9,4876,97,19.753720459187964,17.419090595827292,21
random_search,9,4877,97,19.063324958071078,17.419090595827292,21
random_search,9,4878,97,20.400000000000002,17.419090595827292,21
random_search,9,4879,97,22.49722114972099,17.419090595827292,21
random_search,9,4880,97,20.515167380558044,17.419090595827292,21
random_search,9,4881,97,19.91084400165827,17.419090595827292,21
random_search,9,4882,97,21.68679622641132,17.419090595827292,21
random_search,9,4883,97,20.137715508089904,17.419090595827292,21
random_search,9,4884,97,20.593468988235944,17.419090595827292,21
random_search,9,4885,97,21.302172886644268,17.419090595827292,21
random_search,9,4886,97,21.157342370508886,17.419090595827292,21
random_search,9,4887,97,20.88806130178211,17.419090595827292,21
random_search,9,4888,97,20.64476105895272,17.419090595827292,21
random_search,9,4889,97,19.91084400165827,17.419090595827292,21
random_search,9,4890,97,21.457342370508883,17.419090595827292,21
random_search,9,4891,97,21.5153393661244,17.419090595827292,21
random_search,9,4892,97,22.41084400165827,17.419090595827292,21
random_search,9,4893,97,21.039013913315678,17.419090595827292,21
random_search,9,4894,97,19.949137674618942,17.419090595827292,21
random_search,9,4895,97,21.8,17.419090595827292,21
random_search,9,4896,97,21.730727575266254,17.419090595827292,21
random_search,9,4897,97,21.176575213227444,17.419090595827292,21
random_search,9,4898,97,21.95306852353742,17.419090595827292,21
random_search,9,4899,97,19.377032961426902,17.419090595827292,21
random_search,9,4900,98,19.814642819948226,17.419090595827292,21
random_search,9,4901,98,20.122611077089285,17.419090595827292,21
random_search,9,4902,98,22.522902093797256,17.419090595827292,21
random_search,9,4903,98,22.072077843177475,17.419090595827292,21
random_search,9,4904,98,21.417935662402833,17.419090595827292,21
random_search,9,4905,98,19.97484176581315,17.419090595827292,21
random_search,9,4906,98,21.015167380558044,17.419090595827292,21
random_search,9,4907,98,20.3,17.419090595827292,21
random_search,9,4908,98,21.60768096208106,17.419090595827292,21
random_search,9,4909,98,20.253720459187964,17.419090595827292,21
random_search,9,4910,98,19.44928556845359,17.419090595827292,21
random_search,9,4911,98,22.021347195933174,17.419090595827292,21
random_search,9,4912,98,20.785229954635273,17.419090595827292,21
random_search,9,4913,98,21.38494332412792,17.419090595827292,21
random_search,9,4914,98,20.60554700852678,17.419090595827292,21
random_search,9,4915,98,21.621320343559642,17.419090595827292,21
random_search,9,4916,98,19.256465996625053,17.419090595827292,21
random_search,9,4917,98,19.515167380558044,17.419090595827292,21
random_search,9,4918,98,21.015167380558044,17.419090595827292,21
random_search,9,4919,98,21.531300056749533,17.419090595827292,21
random_search,9,4920,98,20.59666295470958,17.419090595827292,21
random_search,9,4921,98,19.134698994937583,17.419090595827292,21
random_search,9,4922,98,20.5,17.419090595827292,21
random_search,9,4923,98,19.727566688249706,17.419090595827292,21
random_search,9,4924,98,20.483266665599963,17.419090595827292,21
random_search,9,4925,98,20.164688270438848,17.419090595827292,21
random_search,9,4926,98,20.033030277982334,17.419090595827292,21
random_search,9,4927,98,19.423538406167136,17.419090595827292,21
random_search,9,4928,98,21.32379000772445,17.419090595827292,21
random_search,9,4929,98,21.210844001658266,17.419090595827292,21
random_search,9,4930,98,20.928991560298222,17.419090595827292,21
random_search,9,4931,98,21.964965543462903,17.419090595827292,21
random_search,9,4932,98,19.63527000944073,17.419090595827292,21
random_search,9,4933,98,21.534387974463897,17.419090595827292,21
random_search,9,4934,98,20.20293863659264,17.419090595827292,21
random_search,9,4935,98,22.589983277545212,17.419090595827292,21
random_search,9,4936,98,19.322497216032183,17.419090595827292,21
random_search,9,4937,98,20.020465053408525,17.419090595827292,21
random_search,9,4938,98,21.183281572999746,17.419090595827292,21
random_search,9,4939,98,20.169693845669904,17.419090595827292,21
random_search,9,4940,98,21.830950643030008,17.419090595827292,21
random_search,9,4941,98,21.05796522451032,17.419090595827292,21
random_search,9,4942,98,18.822497216032183,17.419090595827292,21
random_search,9,4943,98,19.054065922853802,17.419090595827292,21
random_search,9,4944,98,21.880972058177587,17.419090595827292,21
random_search,9,4945,98,21.864054992217053,17.419090595827292,21
random_search,9,4946,98,22.176575213227444,17.419090595827292,21
random_search,9,4947,98,21.26468827043885,17.419090595827292,21
random_search,9,4948,98,19.845207879911715,17.419090595827292,21
random_search,9,4949,98,19.555294535724684,17.419090595827292,21
random_search,9,4950,99,20.593468988235944,17.419090595827292,21
random_search,9,4951,99,19.340967364599088,17.419090595827292,21
random_search,9,4952,99,20.00554700852678,17.419090595827292,21
random_search,9,4953,99,22.217800560721074,17.419090595827292,21
random_search,9,4954,99,20.481742422927145,17.419090595827292,21
random_search,9,4955,99,20.114642819948223,17.419090595827292,21
random_search,9,4956,99,19.456465996625056,17.419090595827292,21
random_search,9,4957,99,21.00554700852678,17.419090595827292,21
random_search,9,4958,99,21.521347195933174,17.419090595827292,21
random_search,9,4959,99,20.790724809414744,17.419090595827292,21
random_search,9,4960,99,22.655592347112503,17.419090595827292,21
random_search,9,4961,99,19.423538406167136,17.419090595827292,21
random_search,9,4962,99,20.78608421540822,17.419090595827292,21
random_search,9,4963,99,22.181934729198172,17.419090595827292,21
random_search,9,4964,99,19.77488738510232,17.419090595827292,21
random_search,9,4965,99,19.961324772583616,17.419090595827292,21
random_search,9,4966,99,21.034387974463897,17.419090595827292,21
random_search,9,4967,99,21.10768096208106,17.419090595827292,21
random_search,9,4968,99,19.727566688249706,17.419090595827292,21
random_search,9,4969,99,20.70199920063936,17.419090595827292,21
random_search,9,4970,99,20.555294535724684,17.419090595827292,21
random_search,9,4971,99,21.213594362117867,17.419090595827292,21
random_search,9,4972,99,20.03072757526625,17.419090595827292,21
random_search,9,4973,99,20.14355957741627,17.419090595827292,21
random_search,9,4974,99,19.991153452528778,17.419090595827292,21
random_search,9,4975,99,22.17681974534503,17.419090595827292,21
random_search,9,4976,99,20.66794833886788,17.419090595827292,21
random_search,9,4977,99,21.553299832284317,17.419090595827292,21
random_search,9,4978,99,21.25306852353742,17.419090595827292,21
random_search,9,4979,99,20.599999999999998,17.419090595827292,21
random_search,9,4980,99,21.7131126469709,17.419090595827292,21
random_search,9,4981,99,21.331666249791535,17.419090595827292,21
random_search,9,4982,99,21.99615099714943,17.419090595827292,21
random_search,9,4983,99,20.714944167960986,17.419090595827292,21
random_search,9,4984,99,19.788854381999833,17.419090595827292,21
random_search,9,4985,99,22.588435821108956,17.419090595827292,21
random_search,9,4986,99,20.56287388383278,17.419090595827292,21
random_search,9,4987,99,21.2,17.419090595827292,21
random_search,9,4988,99,22.274868417407582,17.419090595827292,21
random_search,9,4989,99,22.196150997149434,17.419090595827292,21
random_search,9,4990,99,21.626785107312738,17.419090595827292,21
random_search,9,4991,99,21.4377155080899,17.419090595827292,21
random_search,9,4992,99,21.790724809414744,17.419090595827292,21
random_search,9,4993,99,21.060107523773826,17.419090595827292,21
random_search,9,4994,99,21.577902338672775,17.419090595827292,21
random_search,9,4995,99,20.230727575266254,17.419090595827292,21
random_search,9,4996,99,19.693737745050925,17.419090595827292,21
random_search,9,4997,99,20.554065922853802,17.419090595827292,21
random_search,9,4998,99,20.29283882771841,17.419090595827292,21
random_search,9,4999,99,20.80787840283389,17.419090595827292,21
random_search,9,5000,100,19.755294535724687,17.419090595827292,21
random_search,9,5001,100,20.727566688249706,17.419090595827292,21
random_search,9,5002,100,18.01651513899117,17.419090595827292,21
random_search,9,5003,100,20.06287388383278,17.419090595827292,21
random_search,9,5004,100,23.174234614174768,17.419090595827292,21
random_search,9,5005,100,20.769693845669906,17.419090595827292,21
random_search,9,5006,100,20.08522995463527,17.419090595827292,21
random_search,9,5007,100,21.271085446759226,17.419090595827292,21
random_search,9,5008,100,22.677193921634785,17.419090595827292,21
random_search,9,5009,100,22.04959013639538,17.419090595827292,21
random_search,9,5010,100,21.162277660168378,17.419090595827292,21
random_search,9,5011,100,20.264911064067352,17.419090595827292,21
random_search,9,5012,100,22.69332590941915,17.419090595827292,21
random_search,9,5013,100,19.513552872566002,17.419090595827292,21
random_search,9,5014,100,21.077902338672775,17.419090595827292,21
random_search,9,5015,100,21.560107523773826,17.419090595827292,21
random_search,9,5016,100,21.196150997149434,17.419090595827292,21
random_search,9,5017,100,21.07907545067406,17.419090595827292,21
random_search,9,5018,100,20.11245154965971,17.419090595827292,21
random_search,9,5019,100,19.77979589711327,17.419090595827292,21
random_search,9,5020,100,20.112403840463596,17.419090595827292,21
random_search,9,5021,100,19.785229954635273,17.419090595827292,21
random_search,9,5022,100,21.210844001658266,17.419090595827292,21
random_search,9,5023,100,20.659126028197402,17.419090595827292,21
random_search,9,5024,100,21.743024810940586,17.419090595827292,21
random_search,9,5025,100,19.16770782520313,17.419090595827292,21
random_search,9,5026,100,19.98148877222268,17.419090595827292,21
random_search,9,5027,100,22.672751070837066,17.419090595827292,21
random_search,9,5028,100,21.159126028197402,17.419090595827292,21
random_search,9,5029,100,20.467707825203128,17.419090595827292,21
random_search,9,5030,100,20.483239697419133,17.419090595827292,21
random_search,9,5031,100,22.02710574513201,17.419090595827292,21
random_search,9,5032,100,21.780697580112786,17.419090595827292,21
random_search,9,5033,100,22.337211521390785,17.419090595827292,21
random_search,9,5034,100,19.76843871413581,17.419090595827292,21
random_search,9,5035,100,19.735270009440733,17.419090595827292,21
random_search,9,5036,100,20.584943324127924,17.419090595827292,21
random_search,9,5037,100,21.57364413533277,17.419090595827292,21
random_search,9,5038,100,20.555294535724684,17.419090595827292,21
random_search,9,5039,100,19.372004514666937,17.419090595827292,21
random_search,9,5040,100,19.68321595661992,17.419090595827292,21
random_search,9,5041,100,21.441186241925152,17.419090595827292,21
random_search,9,5042,100,19.68679622641132,17.419090595827292,21
random_search,9,5043,100,20.26843871413581,17.419090595827292,21
random_search,9,5044,100,21.339607805437115,17.419090595827292,21
random_search,9,5045,100,21.51869538788622,17.419090595827292,21
random_search,9,5046,100,21.210844001658266,17.419090595827292,21
random_search,9,5047,100,20.866431913239847,17.419090595827292,21
random_search,9,5048,100,19.09544511501033,17.419090595827292,21
random_search,9,5049,100,20.210844001658266,17.419090595827292,21
