method,seed,eval_index,generation,fitness,best_so_far,n_nodes
random_search,4,0,0,20.193737745050925,20.193737745050925,21
random_search,4,1,0,21.957066051117284,20.193737745050925,21
random_search,4,2,0,17.880624847486573,17.880624847486573,21
random_search,4,3,0,19.367156809750927,17.880624847486573,21
random_search,4,4,0,21.493468988235943,17.880624847486573,21
random_search,4,5,0,21.99615099714943,17.880624847486573,21
random_search,4,6,0,21.301514803843837,17.880624847486573,21
random_search,4,7,0,19.137715508089904,17.880624847486573,21
random_search,4,8,0,20.76468827043885,17.880624847486573,21
random_search,4,9,0,20.492838827718412,17.880624847486573,21
random_search,4,10,0,20.260681686165903,17.880624847486573,21
random_search,4,11,0,21.582207001484488,17.880624847486573,21
random_search,4,12,0,20.957066051117284,17.880624847486573,21
random_search,4,13,0,20.761249694973138,17.880624847486573,21
random_search,4,14,0,20.54928556845359,17.880624847486573,21
random_search,4,15,0,20.01657508881031,17.880624847486573,21
random_search,4,16,0,20.5576411454889,17.880624847486573,21
random_search,4,17,0,22.155277766926236,17.880624847486573,21
random_search,4,18,0,19.94928556845359,17.880624847486573,21
random_search,4,19,0,20.621320343559642,17.880624847486573,21
random_search,4,20,0,20.427105745132007,17.880624847486573,21
random_search,4,21,0,20.509980079602226,17.880624847486573,21
random_search,4,22,0,21.340930106817048,17.880624847486573,21
random_search,4,23,0,20.26843871413581,17.880624847486573,21
random_search,4,24,0,20.12664991614216,17.880624847486573,21
random_search,4,25,0,20.86397674405503,17.880624847486573,21
random_search,4,26,0,21.39192496674806,17.880624847486573,21
random_search,4,27,0,20.739607805437114,17.880624847486573,21
random_search,4,28,0,18.577154105707724,17.880624847486573,21
random_search,4,29,0,21.70185121722126,17.880624847486573,21
random_search,4,30,0,22.529822128134704,17.880624847486573,21
random_search,4,31,0,21.133030277982336,17.880624847486573,21
random_search,4,32,0,20.949444375840397,17.880624847486573,21
random_search,4,33,0,20.22074368738204,17.880624847486573,21
random_search,4,34,0,21.314944167960988,17.880624847486573,21
random_search,4,35,0,20.41547594742265,17.880624847486573,21
random_search,4,36,0,21.186819245752297,17.880624847486573,21
random_search,4,37,0,18.922497216032184,17.880624847486573,21
random_search,4,38,0,21.515167380558044,17.880624847486573,21
random_search,4,39,0,21.536877428271623,17.880624847486573,21
random_search,4,40,0,20.411871208194288,17.880624847486573,21
random_search,4,41,0,20.134698994937583,17.880624847486573,21
random_search,4,42,0,20.8,17.880624847486573,21
random_search,4,43,0,20.769693845669906,17.880624847486573,21
random_search,4,44,0,20.27488738510232,17.880624847486573,21
random_search,4,45,0,21.515167380558044,17.880624847486573,21
random_search,4,46,0,21.060107523773826,17.880624847486573,21
random_search,4,47,0,20.22574776766556,17.880624847486573,21
random_search,4,48,0,20.02664991614216,17.880624847486573,21
random_search,4,49,0,21.55796522451032,17.880624847486573,21
random_search,4,50,1,19.372004514666937,17.880624847486573,21
random_search,4,51,1,23.482306905057555,17.880624847486573,21
random_search,4,52,1,19.129705854077837,17.880624847486573,21
random_search,4,53,1,21.191366458960193,17.880624847486573,21
random_search,4,54,1,19.408304597359457,17.880624847486573,21
random_search,4,55,1,21.2,17.880624847486573,21
random_search,4,56,1,21.928991560298222,17.880624847486573,21
random_search,4,57,1,21.644994432064365,17.880624847486573,21
random_search,4,58,1,20.710844001658266,17.880624847486573,21
random_search,4,59,1,21.077154105707724,17.880624847486573,21
random_search,4,60,1,20.367156809750927,17.880624847486573,21
random_search,4,61,1,19.16770782520313,17.880624847486573,21
random_search,4,62,1,19.400000000000002,17.880624847486573,21
random_search,4,63,1,19.129705854077837,17.880624847486573,21
random_search,4,64,1,20.20199920063936,17.880624847486573,21
random_search,4,65,1,20.10554700852678,17.880624847486573,21
random_search,4,66,1,19.830950643030008,17.880624847486573,21
random_search,4,67,1,19.614642819948223,17.880624847486573,21
random_search,4,68,1,19.013552872566002,17.880624847486573,21
random_search,4,69,1,21.802172886644268,17.880624847486573,21
random_search,4,70,1,20.33390796058137,17.880624847486573,21
random_search,4,71,1,21.900000000000002,17.880624847486573,21
random_search,4,72,1,19.640175425099137,17.880624847486573,21
random_search,4,73,1,20.727566688249706,17.880624847486573,21
random_search,4,74,1,19.330950643030008,17.880624847486573,21
random_search,4,75,1,20.993468988235943,17.880624847486573,21
random_search,4,76,1,20.42756668824971,17.880624847486573,21
random_search,4,77,1,22.82099463490856,17.880624847486573,21
random_search,4,78,1,20.781488772222676,17.880624847486573,21
random_search,4,79,1,20.830950643030008,17.880624847486573,21
random_search,4,80,1,19.396662954709576,17.880624847486573,21
random_search,4,81,1,20.020465053408525,17.880624847486573,21
random_search,4,82,1,20.084943324127924,17.880624847486573,21
random_search,4,83,1,19.730727575266254,17.880624847486573,21
random_search,4,84,1,20.47763888346312,17.880624847486573,21
random_search,4,85,1,18.336660026534076,17.880624847486573,21
random_search,4,86,1,21.577902338672775,17.880624847486573,21
random_search,4,87,1,21.36124969497314,17.880624847486573,21
random_search,4,88,1,22.417935662402833,17.880624847486573,21
random_search,4,89,1,21.819160170741757,17.880624847486573,21
random_search,4,90,1,20.435415650406263,17.880624847486573,21
random_search,4,91,1,21.034387974463897,17.880624847486573,21
random_search,4,92,1,20.814944167960988,17.880624847486573,21
random_search,4,93,1,20.59666295470958,17.880624847486573,21
random_search,4,94,1,20.845207879911715,17.880624847486573,21
random_search,4,95,1,21.76468827043885,17.880624847486573,21
random_search,4,96,1,21.164688270438848,17.880624847486573,21
random_search,4,97,1,20.261249694973138,17.880624847486573,21
random_search,4,98,1,20.46204993518133,17.880624847486573,21
random_search,4,99,1,19.672004514666934,17.880624847486573,21
random_search,4,100,2,22.322611077089288,17.880624847486573,21
random_search,4,101,2,21.622611077089285,17.880624847486573,21
random_search,4,102,2,20.802172886644268,17.880624847486573,21
random_search,4,103,2,19.810693864511038,17.880624847486573,21
random_search,4,104,2,20.660107523773828,17.880624847486573,21
random_search,4,105,2,20.900000000000002,17.880624847486573,21
random_search,4,106,2,20.838181191654584,17.880624847486573,21
random_search,4,107,2,21.62763633939717,17.880624847486573,21
random_search,4,108,2,20.512931993250106,17.880624847486573,21
random_search,4,109,2,20.00830459735946,17.880624847486573,21
random_search,4,110,2,23.06859590355097,17.880624847486573,21
random_search,4,111,2,18.673320053068153,17.880624847486573,21
random_search,4,112,2,21.911871208194288,17.880624847486573,21
random_search,4,113,2,19.866431913239847,17.880624847486573,21
random_search,4,114,2,20.690890230020663,17.880624847486573,21
random_search,4,115,2,21.555294535724684,17.880624847486573,21
random_search,4,116,2,21.40831891575846,17.880624847486573,21
random_search,4,117,2,19.6431676725155,17.880624847486573,21
random_search,4,118,2,20.314642819948226,17.880624847486573,21
random_search,4,119,2,21.242787793912434,17.880624847486573,21
random_search,4,120,2,20.7131126469709,17.880624847486573,21
random_search,4,121,2,19.613112646970897,17.880624847486573,21
random_search,4,122,2,20.122611077089285,17.880624847486573,21
random_search,4,123,2,21.5563490998189,17.880624847486573,21
random_search,4,124,2,20.49582971014219,17.880624847486573,21
random_search,4,125,2,21.400000000000002,17.880624847486573,21
random_search,4,126,2,22.428991560298222,17.880624847486573,21
random_search,4,127,2,20.727566688249706,17.880624847486573,21
random_search,4,128,2,20.5,17.880624847486573,21
random_search,4,129,2,21.82842712474619,17.880624847486573,21
random_search,4,130,2,21.53072757526625,17.880624847486573,21
random_search,4,131,2,22.093468988235944,17.880624847486573,21
random_search,4,132,2,19.380624847486573,17.880624847486573,21
random_search,4,133,2,20.260681686165903,17.880624847486573,21
random_search,4,134,2,20.683281572999746,17.880624847486573,21
random_search,4,135,2,21.87175030543074,17.880624847486573,21
random_search,4,136,2,21.14575131106459,17.880624847486573,21
random_search,4,137,2,22.22654919008431,17.880624847486573,21
random_search,4,138,2,23.377193921634788,17.880624847486573,21
random_search,4,139,2,20.172004514666934,17.880624847486573,21
random_search,4,140,2,21.093468988235944,17.880624847486573,21
random_search,4,141,2,20.897366596101026,17.880624847486573,21
random_search,4,142,2,20.928991560298222,17.880624847486573,21
random_search,4,143,2,21.357066051117283,17.880624847486573,21
random_search,4,144,2,20.36124969497314,17.880624847486573,21
random_search,4,145,2,19.960232526704264,17.880624847486573,21
random_search,4,146,2,19.30332963783729,17.880624847486573,21
random_search,4,147,2,21.254065922853805,17.880624847486573,21
random_search,4,148,2,22.68208554864871,17.880624847486573,21
random_search,4,149,2,21.49582971014219,17.880624847486573,21
random_search,4,150,3,20.33622914957372,17.880624847486573,21
random_search,4,151,3,20.73606797749979,17.880624847486573,21
random_search,4,152,3,21.772077843177478,17.880624847486573,21
random_search,4,153,3,21.742787793912434,17.880624847486573,21
random_search,4,154,3,21.2131126469709,17.880624847486573,21
random_search,4,155,3,21.509980079602226,17.880624847486573,21
random_search,4,156,3,19.316590212458493,17.880624847486573,21
random_search,4,157,3,20.2131126469709,17.880624847486573,21
random_search,4,158,3,19.929705854077834,17.880624847486573,21
random_search,4,159,3,19.408304597359457,17.880624847486573,21
random_search,4,160,3,20.74131112314674,17.880624847486573,21
random_search,4,161,3,21.305167809266788,17.880624847486573,21
random_search,4,162,3,19.063818169698585,17.880624847486573,21
random_search,4,163,3,21.70199920063936,17.880624847486573,21
random_search,4,164,3,21.456141357987224,17.880624847486573,21
random_search,4,165,3,19.419090595827292,17.880624847486573,21
random_search,4,166,3,21.009980079602226,17.880624847486573,21
random_search,4,167,3,20.758317958127243,17.880624847486573,21
random_search,4,168,3,20.961324772583616,17.880624847486573,21
random_search,4,169,3,21.98148877222268,17.880624847486573,21
random_search,4,170,3,20.713594362117867,17.880624847486573,21
random_search,4,171,3,19.11980390271856,17.880624847486573,21
random_search,4,172,3,19.841640786499873,17.880624847486573,21
random_search,4,173,3,19.872004514666937,17.880624847486573,21
random_search,4,174,3,20.55796522451032,17.880624847486573,21
random_search,4,175,3,21.475817632051932,17.880624847486573,21
random_search,4,176,3,21.03721152139079,17.880624847486573,21
random_search,4,177,3,21.343024810940587,17.880624847486573,21
random_search,4,178,3,21.758317958127243,17.880624847486573,21
random_search,4,179,3,21.115167380558045,17.880624847486573,21
random_search,4,180,3,20.2,17.880624847486573,21
random_search,4,181,3,22.276575213227446,17.880624847486573,21
random_search,4,182,3,18.099999999999998,17.880624847486573,21
random_search,4,183,3,20.93469899493758,17.880624847486573,21
random_search,4,184,3,20.483266665599963,17.880624847486573,21
random_search,4,185,3,21.14355957741627,17.880624847486573,21
random_search,4,186,3,21.94963766213207,17.880624847486573,21
random_search,4,187,3,20.411871208194288,17.880624847486573,21
random_search,4,188,3,21.145906043549196,17.880624847486573,21
random_search,4,189,3,21.065941943351177,17.880624847486573,21
random_search,4,190,3,22.093237062523876,17.880624847486573,21
random_search,4,191,3,19.660107523773828,17.880624847486573,21
random_search,4,192,3,22.0563490998189,17.880624847486573,21
random_search,4,193,3,20.2,17.880624847486573,21
random_search,4,194,3,20.663818169698587,17.880624847486573,21
random_search,4,195,3,20.94928556845359,17.880624847486573,21
random_search,4,196,3,22.077902338672775,17.880624847486573,21
random_search,4,197,3,21.76397674405503,17.880624847486573,21
random_search,4,198,3,21.57364413533277,17.880624847486573,21
random_search,4,199,3,20.957066051117284,17.880624847486573,21
random_search,4,200,4,20.4377155080899,17.880624847486573,21
random_search,4,201,4,21.68679622641132,17.880624847486573,21
random_search,4,202,4,22.98328677803526,17.880624847486573,21
random_search,4,203,4,19.781488772222676,17.880624847486573,21
random_search,4,204,4,21.012931993250106,17.880624847486573,21
random_search,4,205,4,19.257583690279024,17.880624847486573,21
random_search,4,206,4,20.637715508089904,17.880624847486573,21
random_search,4,207,4,19.533907960581374,17.880624847486573,21
random_search,4,208,4,21.811871208194287,17.880624847486573,21
random_search,4,209,4,22.646536616149582,17.880624847486573,21
random_search,4,210,4,19.257583690279024,17.880624847486573,21
random_search,4,211,4,19.956465996625056,17.880624847486573,21
random_search,4,212,4,20.76468827043885,17.880624847486573,21
random_search,4,213,4,21.45306852353742,17.880624847486573,21
random_search,4,214,4,20.302172886644268,17.880624847486573,21
random_search,4,215,4,20.366431913239847,17.880624847486573,21
random_search,4,216,4,21.75306852353742,17.880624847486573,21
random_search,4,217,4,21.45870331449229,17.880624847486573,21
random_search,4,218,4,21.370828693386972,17.880624847486573,21
random_search,4,219,4,21.84390889145858,17.880624847486573,21
random_search,4,220,4,21.145906043549196,17.880624847486573,21
random_search,4,221,4,20.877902338672772,17.880624847486573,21
random_search,4,222,4,19.710844001658266,17.880624847486573,21
random_search,4,223,4,20.00830459735946,17.880624847486573,21
random_search,4,224,4,20.37840487520902,17.880624847486573,21
random_search,4,225,4,21.32636833980236,17.880624847486573,21
random_search,4,226,4,18.840967364599088,17.880624847486573,21
random_search,4,227,4,21.036664289109584,17.880624847486573,21
random_search,4,228,4,20.44928556845359,17.880624847486573,21
random_search,4,229,4,19.6431676725155,17.880624847486573,21
random_search,4,230,4,18.735270009440733,17.880624847486573,21
random_search,4,231,4,20.663818169698587,17.880624847486573,21
random_search,4,232,4,20.690890230020663,17.880624847486573,21
random_search,4,233,4,21.453720459187966,17.880624847486573,21
random_search,4,234,4,21.55277655408689,17.880624847486573,21
random_search,4,235,4,21.167156809750924,17.880624847486573,21
random_search,4,236,4,18.513552872566002,17.880624847486573,21
random_search,4,237,4,21.487905815638733,17.880624847486573,21
random_search,4,238,4,23.034192325759246,17.880624847486573,21
random_search,4,239,4,21.80199920063936,17.880624847486573,21
random_search,4,240,4,21.696150997149434,17.880624847486573,21
random_search,4,241,4,20.99615099714943,17.880624847486573,21
random_search,4,242,4,21.599999999999998,17.880624847486573,21
random_search,4,243,4,17.960232526704264,17.880624847486573,21
random_search,4,244,4,20.54939015319192,17.880624847486573,21
random_search,4,245,4,21.8,17.880624847486573,21
random_search,4,246,4,20.509980079602226,17.880624847486573,21
random_search,4,247,4,21.345207879911715,17.880624847486573,21
random_search,4,248,4,20.524845673131658,17.880624847486573,21
random_search,4,249,4,20.309243436828815,17.880624847486573,21
random_search,4,250,5,21.59136645896019,17.880624847486573,21
random_search,4,251,5,20.47763888346312,17.880624847486573,21
random_search,4,252,5,19.58113883008419,17.880624847486573,21
random_search,4,253,5,20.667156809750924,17.880624847486573,21
random_search,4,254,5,21.065941943351177,17.880624847486573,21
random_search,4,255,5,19.80384048104053,17.880624847486573,21
random_search,4,256,5,21.614482300479487,17.880624847486573,21
random_search,4,257,5,21.7343879744639,17.880624847486573,21
random_search,4,258,5,18.316515138991168,17.880624847486573,21
random_search,4,259,5,20.780697580112786,17.880624847486573,21
random_search,4,260,5,21.33541565040626,17.880624847486573,21
random_search,4,261,5,22.40944739819828,17.880624847486573,21
random_search,4,262,5,19.729563014098698,17.880624847486573,21
random_search,4,263,5,19.99582971014219,17.880624847486573,21
random_search,4,264,5,22.891164991562633,17.880624847486573,21
random_search,4,265,5,21.90665927567458,17.880624847486573,21
random_search,4,266,5,18.896662954709576,17.880624847486573,21
random_search,4,267,5,22.190890230020663,17.880624847486573,21
random_search,4,268,5,21.521347195933174,17.880624847486573,21
random_search,4,269,5,20.981742422927145,17.880624847486573,21
random_search,4,270,5,23.145222154178573,17.880624847486573,21
random_search,4,271,5,20.164688270438848,17.880624847486573,21
random_search,4,272,5,20.520465053408525,17.880624847486573,21
random_search,4,273,5,21.341653005427766,17.880624847486573,21
random_search,4,274,5,22.217800560721074,17.880624847486573,21
random_search,4,275,5,20.254065922853805,17.880624847486573,21
random_search,4,276,5,20.949444375840397,17.880624847486573,21
random_search,4,277,5,20.322611077089288,17.880624847486573,21
random_search,4,278,5,23.082207001484488,17.880624847486573,21
random_search,4,279,5,20.82828568570857,17.880624847486573,21
random_search,4,280,5,21.039387691339815,17.880624847486573,21
random_search,4,281,5,20.917935662402833,17.880624847486573,21
random_search,4,282,5,20.288854381999833,17.880624847486573,21
random_search,4,283,5,20.343559577416272,17.880624847486573,21
random_search,4,284,5,19.95870331449229,17.880624847486573,21
random_search,4,285,5,19.077902338672775,17.880624847486573,21
random_search,4,286,5,20.83541565040626,17.880624847486573,21
random_search,4,287,5,22.41547594742265,17.880624847486573,21
random_search,4,288,5,23.69523539268061,17.880624847486573,21
random_search,4,289,5,21.09799919935936,17.880624847486573,21
random_search,4,290,5,20.230727575266254,17.880624847486573,21
random_search,4,291,5,19.423538406167136,17.880624847486573,21
random_search,4,292,5,21.243024810940586,17.880624847486573,21
random_search,4,293,5,19.614642819948223,17.880624847486573,21
random_search,4,294,5,19.754723699099138,17.880624847486573,21
random_search,4,295,5,19.02480768092719,17.880624847486573,21
random_search,4,296,5,19.72736184954957,17.880624847486573,21
random_search,4,297,5,21.689974874213238,17.880624847486573,21
random_search,4,298,5,20.280350850198275,17.880624847486573,21
random_search,4,299,5,19.834846922834956,17.880624847486573,21
random_search,4,300,6,18.814642819948226,17.880624847486573,21
random_search,4,301,6,21.88494332412792,17.880624847486573,21
random_search,4,302,6,19.229563014098698,17.880624847486573,21
random_search,4,303,6,20.60768096208106,17.880624847486573,21
random_search,4,304,6,20.060107523773826,17.880624847486573,21
random_search,4,305,6,20.420465053408524,17.880624847486573,21
random_search,4,306,6,22.03072757526625,17.880624847486573,21
random_search,4,307,6,22.073213749463704,17.880624847486573,21
random_search,4,308,6,19.140175425099137,17.880624847486573,21
random_search,4,309,6,19.983266665599963,17.880624847486573,21
random_search,4,310,6,20.949137674618942,17.880624847486573,21
random_search,4,311,6,22.51058907144937,17.880624847486573,21
random_search,4,312,6,20.73861278752583,17.880624847486573,21
random_search,4,313,6,22.034387974463897,17.880624847486573,21
random_search,4,314,6,21.33541565040626,17.880624847486573,21
random_search,4,315,6,22.235489375751563,17.880624847486573,21
random_search,4,316,6,19.822611077089288,17.880624847486573,21
random_search,4,317,6,21.50454076850486,17.880624847486573,21
random_search,4,318,6,21.054065922853802,17.880624847486573,21
random_search,4,319,6,21.62074368738204,17.880624847486573,21
random_search,4,320,6,21.656141357987227,17.880624847486573,21
random_search,4,321,6,22.438181191654586,17.880624847486573,21
random_search,4,322,6,20.911871208194288,17.880624847486573,21
random_search,4,323,6,20.927105745132007,17.880624847486573,21
random_search,4,324,6,21.07364413533277,17.880624847486573,21
random_search,4,325,6,20.531300056749533,17.880624847486573,21
random_search,4,326,6,21.815587038162708,17.880624847486573,21
random_search,4,327,6,20.05758369027902,17.880624847486573,21
random_search,4,328,6,21.309243436828815,17.880624847486573,21
random_search,4,329,6,20.93469899493758,17.880624847486573,21
random_search,4,330,6,22.22074368738204,17.880624847486573,21
random_search,4,331,6,18.229563014098698,17.880624847486573,21
random_search,4,332,6,21.25306852353742,17.880624847486573,21
random_search,4,333,6,21.033907960581374,17.880624847486573,21
random_search,4,334,6,22.02710574513201,17.880624847486573,21
random_search,4,335,6,20.339607805437115,17.880624847486573,21
random_search,4,336,6,20.94935886896179,17.880624847486573,21
random_search,4,337,6,21.59072480941474,17.880624847486573,21
random_search,4,338,6,20.91386219991853,17.880624847486573,21
random_search,4,339,6,22.07402157263998,17.880624847486573,21
random_search,4,340,6,21.280350850198275,17.880624847486573,21
random_search,4,341,6,21.97484176581315,17.880624847486573,21
random_search,4,342,6,19.408304597359457,17.880624847486573,21
random_search,4,343,6,20.0,17.880624847486573,21
random_search,4,344,6,21.227566688249706,17.880624847486573,21
random_search,4,345,6,19.164688270438848,17.880624847486573,21
random_search,4,346,6,19.70332963783729,17.880624847486573,21
random_search,4,347,6,20.50454076850486,17.880624847486573,21
random_search,4,348,6,19.285229954635273,17.880624847486573,21
random_search,4,349,6,22.423243291566195,17.880624847486573,21
random_search,4,350,7,19.213552872566005,17.880624847486573,21
random_search,4,351,7,21.917935662402833,17.880624847486573,21
random_search,4,352,7,18.50830459735946,17.880624847486573,21
random_search,4,353,7,19.26843871413581,17.880624847486573,21
random_search,4,354,7,19.548999599679682,17.880624847486573,21
random_search,4,355,7,17.960232526704264,17.880624847486573,21
random_search,4,356,7,21.741653005427764,17.880624847486573,21
random_search,4,357,7,21.43095064303001,17.880624847486573,21
random_search,4,358,7,21.80199920063936,17.880624847486573,21
random_search,4,359,7,21.811871208194287,17.880624847486573,21
random_search,4,360,7,20.58679622641132,17.880624847486573,21
random_search,4,361,7,19.483239697419133,17.880624847486573,21
random_search,4,362,7,21.003123475609396,17.880624847486573,21
random_search,4,363,7,21.14131112314674,17.880624847486573,21
random_search,4,364,7,21.981742422927145,17.880624847486573,21
random_search,4,365,7,20.736877428271626,17.880624847486573,21
random_search,4,366,7,20.07763888346312,17.880624847486573,21
random_search,4,367,7,21.22089730686545,17.880624847486573,21
random_search,4,368,7,18.93095064303001,17.880624847486573,21
random_search,4,369,7,18.891153452528776,17.880624847486573,21
random_search,4,370,7,20.664688270438848,17.880624847486573,21
random_search,4,371,7,19.159126028197402,17.880624847486573,21
random_search,4,372,7,20.10554700852678,17.880624847486573,21
random_search,4,373,7,22.614482300479487,17.880624847486573,21
random_search,4,374,7,20.92756668824971,17.880624847486573,21
random_search,4,375,7,20.85870331449229,17.880624847486573,21
random_search,4,376,7,19.513552872566002,17.880624847486573,21
random_search,4,377,7,21.67804971641414,17.880624847486573,21
random_search,4,378,7,20.47484176581315,17.880624847486573,21
random_search,4,379,7,23.606404996924923,17.880624847486573,21
random_search,4,380,7,22.24037034920393,17.880624847486573,21
random_search,4,381,7,19.58522995463527,17.880624847486573,21
random_search,4,382,7,23.297057550292603,17.880624847486573,21
random_search,4,383,7,20.93238075793812,17.880624847486573,21
random_search,4,384,7,20.40454076850486,17.880624847486573,21
random_search,4,385,7,21.837211521390785,17.880624847486573,21
random_search,4,386,7,21.593468988235944,17.880624847486573,21
random_search,4,387,7,21.66794833886788,17.880624847486573,21
random_search,4,388,7,21.8459060435492,17.880624847486573,21
random_search,4,389,7,19.70332963783729,17.880624847486573,21
random_search,4,390,7,20.815587038162708,17.880624847486573,21
random_search,4,391,7,22.20936130717624,17.880624847486573,21
random_search,4,392,7,20.18679622641132,17.880624847486573,21
random_search,4,393,7,21.427105745132007,17.880624847486573,21
random_search,4,394,7,20.411871208194288,17.880624847486573,21
random_search,4,395,7,21.949444375840397,17.880624847486573,21
random_search,4,396,7,19.927105745132007,17.880624847486573,21
random_search,4,397,7,19.98148877222268,17.880624847486573,21
random_search,4,398,7,23.36356421265527,17.880624847486573,21
random_search,4,399,7,20.739607805437114,17.880624847486573,21
random_search,4,400,8,18.71909059582729,17.880624847486573,21
random_search,4,401,8,21.549444375840398,17.880624847486573,21
random_search,4,402,8,20.408304597359457,17.880624847486573,21
random_search,4,403,8,20.400000000000002,17.880624847486573,21
random_search,4,404,8,22.236877428271626,17.880624847486573,21
random_search,4,405,8,21.140967364599085,17.880624847486573,21
random_search,4,406,8,20.856349099818896,17.880624847486573,21
random_search,4,407,8,19.76468827043885,17.880624847486573,21
random_search,4,408,8,19.423538406167136,17.880624847486573,21
random_search,4,409,8,20.013552872566002,17.880624847486573,21
random_search,4,410,8,21.126785107312738,17.880624847486573,21
random_search,4,411,8,19.06287388383278,17.880624847486573,21
random_search,4,412,8,22.676575213227444,17.880624847486573,21
random_search,4,413,8,21.20293863659264,17.880624847486573,21
random_search,4,414,8,21.41916017074176,17.880624847486573,21
random_search,4,415,8,21.982306905057555,17.880624847486573,21
random_search,4,416,8,19.61245154965971,17.880624847486573,21
random_search,4,417,8,22.253720459187964,17.880624847486573,21
random_search,4,418,8,19.887467277262665,17.880624847486573,21
random_search,4,419,8,21.55657137141714,17.880624847486573,21
random_search,4,420,8,21.515167380558044,17.880624847486573,21
random_search,4,421,8,20.13907194296653,17.880624847486573,21
random_search,4,422,8,19.408304597359457,17.880624847486573,21
random_search,4,423,8,21.739607805437114,17.880624847486573,21
random_search,4,424,8,22.97245829914744,17.880624847486573,21
random_search,4,425,8,20.00554700852678,17.880624847486573,21
random_search,4,426,8,20.90454076850486,17.880624847486573,21
random_search,4,427,8,20.70185121722126,17.880624847486573,21
random_search,4,428,8,20.254065922853805,17.880624847486573,21
random_search,4,429,8,20.59136645896019,17.880624847486573,21
random_search,4,430,8,20.8,17.880624847486573,21
random_search,4,431,8,21.121320343559642,17.880624847486573,21
random_search,4,432,8,19.900000000000002,17.880624847486573,21
random_search,4,433,8,20.45472369909914,17.880624847486573,21
random_search,4,434,8,21.696150997149434,17.880624847486573,21
random_search,4,435,8,20.254723699099138,17.880624847486573,21
random_search,4,436,8,19.52664991614216,17.880624847486573,21
random_search,4,437,8,21.7086079144498,17.880624847486573,21
random_search,4,438,8,20.57907545067406,17.880624847486573,21
random_search,4,439,8,21.91547594742265,17.880624847486573,21
random_search,4,440,8,20.07907545067406,17.880624847486573,21
random_search,4,441,8,19.555294535724684,17.880624847486573,21
random_search,4,442,8,21.361324772583615,17.880624847486573,21
random_search,4,443,8,21.09072480941474,17.880624847486573,21
random_search,4,444,8,20.83622914957372,17.880624847486573,21
random_search,4,445,8,20.857066051117283,17.880624847486573,21
random_search,4,446,8,20.56767050061961,17.880624847486573,21
random_search,4,447,8,21.88910462845192,17.880624847486573,21
random_search,4,448,8,21.164688270438848,17.880624847486573,21
random_search,4,449,8,20.72074368738204,17.880624847486573,21
random_search,4,450,9,20.90665927567458,17.880624847486573,21
random_search,4,451,9,20.563818169698585,17.880624847486573,21
random_search,4,452,9,22.209983388658483,17.880624847486573,21
random_search,4,453,9,20.73205080756888,17.880624847486573,21
random_search,4,454,9,21.659126028197402,17.880624847486573,21
random_search,4,455,9,21.572077843177475,17.880624847486573,21
random_search,4,456,9,22.232380757938117,17.880624847486573,21
random_search,4,457,9,19.396662954709576,17.880624847486573,21
random_search,4,458,9,19.54880884817015,17.880624847486573,21
random_search,4,459,9,19.423538406167136,17.880624847486573,21
random_search,4,460,9,21.88998327754521,17.880624847486573,21
random_search,4,461,9,19.340967364599088,17.880624847486573,21
random_search,4,462,9,21.987905815638733,17.880624847486573,21
random_search,4,463,9,21.357066051117283,17.880624847486573,21
random_search,4,464,9,20.664688270438848,17.880624847486573,21
random_search,4,465,9,21.137715508089904,17.880624847486573,21
random_search,4,466,9,21.717800560721074,17.880624847486573,21
random_search,4,467,9,22.164688270438848,17.880624847486573,21
random_search,4,468,9,22.20185121722126,17.880624847486573,21
random_search,4,469,9,20.92756668824971,17.880624847486573,21
random_search,4,470,9,19.97484176581315,17.880624847486573,21
random_search,4,471,9,21.162049935181333,17.880624847486573,21
random_search,4,472,9,21.7,17.880624847486573,21
random_search,4,473,9,20.311871208194287,17.880624847486573,21
random_search,4,474,9,21.76468827043885,17.880624847486573,21
random_search,4,475,9,18.914213562373096,17.880624847486573,21
random_search,4,476,9,22.003123475609392,17.880624847486573,21
random_search,4,477,9,21.909975124224175,17.880624847486573,21
random_search,4,478,9,20.396662954709576,17.880624847486573,21
random_search,4,479,9,22.109243436828812,17.880624847486573,21
random_search,4,480,9,19.870828693386972,17.880624847486573,21
random_search,4,481,9,19.18321595661992,17.880624847486573,21
random_search,4,482,9,22.14575131106459,17.880624847486573,21
random_search,4,483,9,21.344994432064368,17.880624847486573,21
random_search,4,484,9,18.162049935181333,17.880624847486573,21
random_search,4,485,9,20.841653005427766,17.880624847486573,21
random_search,4,486,9,22.72928563989645,17.880624847486573,21
random_search,4,487,9,18.86619037896906,17.880624847486573,21
random_search,4,488,9,21.22574776766556,17.880624847486573,21
random_search,4,489,9,21.667156809750924,17.880624847486573,21
random_search,4,490,9,18.274165738677393,17.880624847486573,21
random_search,4,491,9,19.70332963783729,17.880624847486573,21
random_search,4,492,9,20.191366458960193,17.880624847486573,21
random_search,4,493,9,20.989979919597747,17.880624847486573,21
random_search,4,494,9,20.488689042296098,17.880624847486573,21
random_search,4,495,9,21.04928556845359,17.880624847486573,21
random_search,4,496,9,18.714944167960986,17.880624847486573,21
random_search,4,497,9,20.43095064303001,17.880624847486573,21
random_search,4,498,9,20.522327839240493,17.880624847486573,21
random_search,4,499,9,19.419090595827292,17.880624847486573,21
random_search,4,500,10,20.76468827043885,17.880624847486573,21
random_search,4,501,10,22.16794833886788,17.880624847486573,21
random_search,4,502,10,18.66770782520313,17.880624847486573,21
random_search,4,503,10,21.0,17.880624847486573,21
random_search,4,504,10,20.190890230020663,17.880624847486573,21
random_search,4,505,10,22.756809750418043,17.880624847486573,21
random_search,4,506,10,22.279673898594822,17.880624847486573,21
random_search,4,507,10,21.881742422927143,17.880624847486573,21
random_search,4,508,10,20.914213562373096,17.880624847486573,21
random_search,4,509,10,19.811871208194287,17.880624847486573,21
random_search,4,510,10,20.077154105707724,17.880624847486573,21
random_search,4,511,10,22.327636339397174,17.880624847486573,21
random_search,4,512,10,22.07364413533277,17.880624847486573,21
random_search,4,513,10,19.414213562373096,17.880624847486573,21
random_search,4,514,10,22.8,17.880624847486573,21
random_search,4,515,10,19.862873883832776,17.880624847486573,21
random_search,4,516,10,19.559591794226545,17.880624847486573,21
random_search,4,517,10,20.993468988235943,17.880624847486573,21
random_search,4,518,10,20.14476105895272,17.880624847486573,21
random_search,4,519,10,20.054065922853802,17.880624847486573,21
random_search,4,520,10,21.466479394838267,17.880624847486573,21
random_search,4,521,10,20.367156809750927,17.880624847486573,21
random_search,4,522,10,20.513552872566002,17.880624847486573,21
random_search,4,523,10,21.36124969497314,17.880624847486573,21
random_search,4,524,10,21.62074368738204,17.880624847486573,21
random_search,4,525,10,22.004834939252003,17.880624847486573,21
random_search,4,526,10,20.72074368738204,17.880624847486573,21
random_search,4,527,10,21.12074368738204,17.880624847486573,21
random_search,4,528,10,20.316590212458493,17.880624847486573,21
random_search,4,529,10,20.423538406167136,17.880624847486573,21
random_search,4,530,10,20.456465996625056,17.880624847486573,21
random_search,4,531,10,19.992838827718412,17.880624847486573,21
random_search,4,532,10,18.362873883832776,17.880624847486573,21
random_search,4,533,10,21.43630833845388,17.880624847486573,21
random_search,4,534,10,20.449444375840397,17.880624847486573,21
random_search,4,535,10,21.900000000000002,17.880624847486573,21
random_search,4,536,10,20.15796522451032,17.880624847486573,21
random_search,4,537,10,21.70185121722126,17.880624847486573,21
random_search,4,538,10,20.94928556845359,17.880624847486573,21
random_search,4,539,10,21.04928556845359,17.880624847486573,21
random_search,4,540,10,20.70293863659264,17.880624847486573,21
random_search,4,541,10,19.841640786499873,17.880624847486573,21
random_search,4,542,10,20.816609194718914,17.880624847486573,21
random_search,4,543,10,19.644994432064365,17.880624847486573,21
random_search,4,544,10,20.159126028197402,17.880624847486573,21
random_search,4,545,10,21.553299832284317,17.880624847486573,21
random_search,4,546,10,21.83721152139079,17.880624847486573,21
random_search,4,547,10,19.88806130178211,17.880624847486573,21
random_search,4,548,10,21.024845673131658,17.880624847486573,21
random_search,4,549,10,20.43095064303001,17.880624847486573,21
random_search,4,550,11,20.760681686165903,17.880624847486573,21
random_search,4,551,11,22.382085548648714,17.880624847486573,21
random_search,4,552,11,21.07364413533277,17.880624847486573,21
random_search,4,553,11,18.878232998312527,17.880624847486573,21
random_search,4,554,11,20.689974874213238,17.880624847486573,21
random_search,4,555,11,20.20332963783729,17.880624847486573,21
random_search,4,556,11,20.57907545067406,17.880624847486573,21
random_search,4,557,11,21.621320343559642,17.880624847486573,21
random_search,4,558,11,20.38806130178211,17.880624847486573,21
random_search,4,559,11,19.260681686165903,17.880624847486573,21
random_search,4,560,11,21.22029410174709,17.880624847486573,21
random_search,4,561,11,18.84390889145858,17.880624847486573,21
random_search,4,562,11,20.099999999999998,17.880624847486573,21
random_search,4,563,11,20.987905815638733,17.880624847486573,21
random_search,4,564,11,20.76397674405503,17.880624847486573,21
random_search,4,565,11,20.79283882771841,17.880624847486573,21
random_search,4,566,11,20.387467277262665,17.880624847486573,21
random_search,4,567,11,21.8,17.880624847486573,21
random_search,4,568,11,19.72474487139159,17.880624847486573,21
random_search,4,569,11,20.277154105707726,17.880624847486573,21
random_search,4,570,11,22.088435821108956,17.880624847486573,21
random_search,4,571,11,21.161706725018234,17.880624847486573,21
random_search,4,572,11,22.191366458960193,17.880624847486573,21
random_search,4,573,11,22.356349099818896,17.880624847486573,21
random_search,4,574,11,23.522902093797256,17.880624847486573,21
random_search,4,575,11,20.449444375840397,17.880624847486573,21
random_search,4,576,11,20.227566688249706,17.880624847486573,21
random_search,4,577,11,19.91084400165827,17.880624847486573,21
random_search,4,578,11,20.429705854077834,17.880624847486573,21
random_search,4,579,11,21.900000000000002,17.880624847486573,21
random_search,4,580,11,19.816590212458493,17.880624847486573,21
random_search,4,581,11,20.97763888346312,17.880624847486573,21
random_search,4,582,11,20.549509756796393,17.880624847486573,21
random_search,4,583,11,19.693737745050925,17.880624847486573,21
random_search,4,584,11,19.764911064067352,17.880624847486573,21
random_search,4,585,11,20.491153452528778,17.880624847486573,21
random_search,4,586,11,22.007878402833892,17.880624847486573,21
random_search,4,587,11,19.3295630140987,17.880624847486573,21
random_search,4,588,11,19.64131112314674,17.880624847486573,21
random_search,4,589,11,19.59666295470958,17.880624847486573,21
random_search,4,590,11,20.90454076850486,17.880624847486573,21
random_search,4,591,11,19.83622914957372,17.880624847486573,21
random_search,4,592,11,20.345207879911715,17.880624847486573,21
random_search,4,593,11,19.935415650406263,17.880624847486573,21
random_search,4,594,11,20.099999999999998,17.880624847486573,21
random_search,4,595,11,21.86124969497314,17.880624847486573,21
random_search,4,596,11,22.36124969497314,17.880624847486573,21
random_search,4,597,11,20.867156809750927,17.880624847486573,21
random_search,4,598,11,20.94928556845359,17.880624847486573,21
random_search,4,599,11,20.741653005427764,17.880624847486573,21
random_search,4,600,12,20.509980079602226,17.880624847486573,21
random_search,4,601,12,20.822611077089288,17.880624847486573,21
random_search,4,602,12,20.42756668824971,17.880624847486573,21
random_search,4,603,12,19.414213562373096,17.880624847486573,21
random_search,4,604,12,20.88806130178211,17.880624847486573,21
random_search,4,605,12,20.190890230020663,17.880624847486573,21
random_search,4,606,12,20.52710574513201,17.880624847486573,21
random_search,4,607,12,21.844994432064368,17.880624847486573,21
random_search,4,608,12,19.85870331449229,17.880624847486573,21
random_search,4,609,12,20.788854381999833,17.880624847486573,21
random_search,4,610,12,20.48148877222268,17.880624847486573,21
random_search,4,611,12,18.94899959967968,17.880624847486573,21
random_search,4,612,12,19.43095064303001,17.880624847486573,21
random_search,4,613,12,20.63907194296653,17.880624847486573,21
random_search,4,614,12,22.06767050061961,17.880624847486573,21
random_search,4,615,12,20.57364413533277,17.880624847486573,21
random_search,4,616,12,19.559591794226545,17.880624847486573,21
random_search,4,617,12,20.64355957741627,17.880624847486573,21
random_search,4,618,12,20.239071942966532,17.880624847486573,21
random_search,4,619,12,20.32379000772445,17.880624847486573,21
random_search,4,620,12,20.48148877222268,17.880624847486573,21
random_search,4,621,12,20.655277766926236,17.880624847486573,21
random_search,4,622,12,20.7,17.880624847486573,21
random_search,4,623,12,21.966479394838267,17.880624847486573,21
random_search,4,624,12,21.024845673131658,17.880624847486573,21
random_search,4,625,12,19.960232526704264,17.880624847486573,21
random_search,4,626,12,23.04959013639538,17.880624847486573,21
random_search,4,627,12,22.449444375840397,17.880624847486573,21
random_search,4,628,12,20.993468988235943,17.880624847486573,21
random_search,4,629,12,21.108607914449795,17.880624847486573,21
random_search,4,630,12,21.034387974463897,17.880624847486573,21
random_search,4,631,12,18.61980390271856,17.880624847486573,21
random_search,4,632,12,21.891164991562633,17.880624847486573,21
random_search,4,633,12,20.816590212458493,17.880624847486573,21
random_search,4,634,12,19.7,17.880624847486573,21
random_search,4,635,12,20.37581763205193,17.880624847486573,21
random_search,4,636,12,20.841653005427766,17.880624847486573,21
random_search,4,637,12,20.3,17.880624847486573,21
random_search,4,638,12,20.483266665599963,17.880624847486573,21
random_search,4,639,12,20.88806130178211,17.880624847486573,21
random_search,4,640,12,18.37840487520902,17.880624847486573,21
random_search,4,641,12,19.644994432064365,17.880624847486573,21
random_search,4,642,12,20.29283882771841,17.880624847486573,21
random_search,4,643,12,20.45472369909914,17.880624847486573,21
random_search,4,644,12,20.802172886644268,17.880624847486573,21
random_search,4,645,12,21.016609194718917,17.880624847486573,21
random_search,4,646,12,20.520465053408525,17.880624847486573,21
random_search,4,647,12,21.84604989415154,17.880624847486573,21
random_search,4,648,12,20.88494332412792,17.880624847486573,21
random_search,4,649,12,20.788854381999833,17.880624847486573,21
random_search,4,650,13,18.908304597359457,17.880624847486573,21
random_search,4,651,13,20.51657508881031,17.880624847486573,21
random_search,4,652,13,21.72074368738204,17.880624847486573,21
random_search,4,653,13,20.12074368738204,17.880624847486573,21
random_search,4,654,13,22.34604989415154,17.880624847486573,21
random_search,4,655,13,20.969817807045693,17.880624847486573,21
random_search,4,656,13,23.108607914449795,17.880624847486573,21
random_search,4,657,13,20.322611077089288,17.880624847486573,21
random_search,4,658,13,21.05796522451032,17.880624847486573,21
random_search,4,659,13,20.38806130178211,17.880624847486573,21
random_search,4,660,13,20.57907545067406,17.880624847486573,21
random_search,4,661,13,21.503569153775235,17.880624847486573,21
random_search,4,662,13,21.372004514666937,17.880624847486573,21
random_search,4,663,13,19.60554700852678,17.880624847486573,21
random_search,4,664,13,20.53721152139079,17.880624847486573,21
random_search,4,665,13,21.60768096208106,17.880624847486573,21
random_search,4,666,13,21.8,17.880624847486573,21
random_search,4,667,13,19.90454076850486,17.880624847486573,21
random_search,4,668,13,19.420465053408524,17.880624847486573,21
random_search,4,669,13,22.106659275674584,17.880624847486573,21
random_search,4,670,13,20.985677655436824,17.880624847486573,21
random_search,4,671,13,20.613112646970897,17.880624847486573,21
random_search,4,672,13,21.693743884534264,17.880624847486573,21
random_search,4,673,13,20.227566688249706,17.880624847486573,21
random_search,4,674,13,22.235489375751563,17.880624847486573,21
random_search,4,675,13,20.255294535724687,17.880624847486573,21
random_search,4,676,13,21.549509756796393,17.880624847486573,21
random_search,4,677,13,20.549444375840398,17.880624847486573,21
random_search,4,678,13,19.8295630140987,17.880624847486573,21
random_search,4,679,13,19.640175425099137,17.880624847486573,21
random_search,4,680,13,20.18062484748657,17.880624847486573,21
random_search,4,681,13,21.285229954635273,17.880624847486573,21
random_search,4,682,13,21.33622914957372,17.880624847486573,21
random_search,4,683,13,20.380972058177587,17.880624847486573,21
random_search,4,684,13,21.183266665599966,17.880624847486573,21
random_search,4,685,13,22.256809750418043,17.880624847486573,21
random_search,4,686,13,21.015167380558044,17.880624847486573,21
random_search,4,687,13,22.704834939252006,17.880624847486573,21
random_search,4,688,13,19.640967364599085,17.880624847486573,21
random_search,4,689,13,20.8459060435492,17.880624847486573,21
random_search,4,690,13,18.571779788708135,17.880624847486573,21
random_search,4,691,13,19.93238075793812,17.880624847486573,21
random_search,4,692,13,20.862873883832776,17.880624847486573,21
random_search,4,693,13,21.380697580112788,17.880624847486573,21
random_search,4,694,13,20.183266665599966,17.880624847486573,21
random_search,4,695,13,20.739071942966532,17.880624847486573,21
random_search,4,696,13,19.72474487139159,17.880624847486573,21
random_search,4,697,13,21.27488738510232,17.880624847486573,21
random_search,4,698,13,21.00554700852678,17.880624847486573,21
random_search,4,699,13,19.369535971483266,17.880624847486573,21
random_search,4,700,14,21.483239697419133,17.880624847486573,21
random_search,4,701,14,20.781934729198174,17.880624847486573,21
random_search,4,702,14,21.70185121722126,17.880624847486573,21
random_search,4,703,14,20.493468988235943,17.880624847486573,21
random_search,4,704,14,18.613112646970897,17.880624847486573,21
random_search,4,705,14,21.487905815638733,17.880624847486573,21
random_search,4,706,14,21.3459060435492,17.880624847486573,21
random_search,4,707,14,20.055294535724684,17.880624847486573,21
random_search,4,708,14,19.774868417407582,17.880624847486573,21
random_search,4,709,14,21.411871208194288,17.880624847486573,21
random_search,4,710,14,19.79283882771841,17.880624847486573,21
random_search,4,711,14,20.140967364599085,17.880624847486573,21
random_search,4,712,14,19.3295630140987,17.880624847486573,21
random_search,4,713,14,20.92756668824971,17.880624847486573,21
random_search,4,714,14,20.976819745345026,17.880624847486573,21
random_search,4,715,14,19.362873883832776,17.880624847486573,21
random_search,4,716,14,20.880697580112788,17.880624847486573,21
random_search,4,717,14,21.007878402833892,17.880624847486573,21
random_search,4,718,14,21.837211521390785,17.880624847486573,21
random_search,4,719,14,20.797057550292603,17.880624847486573,21
random_search,4,720,14,21.380697580112788,17.880624847486573,21
random_search,4,721,14,22.003569153775235,17.880624847486573,21
random_search,4,722,14,21.380972058177587,17.880624847486573,21
random_search,4,723,14,22.47245829914744,17.880624847486573,21
random_search,4,724,14,19.227566688249706,17.880624847486573,21
random_search,4,725,14,19.76843871413581,17.880624847486573,21
random_search,4,726,14,21.617935662402836,17.880624847486573,21
random_search,4,727,14,21.53072757526625,17.880624847486573,21
random_search,4,728,14,21.108607914449795,17.880624847486573,21
random_search,4,729,14,21.295829710142186,17.880624847486573,21
random_search,4,730,14,19.06287388383278,17.880624847486573,21
random_search,4,731,14,19.330950643030008,17.880624847486573,21
random_search,4,732,14,22.40831891575846,17.880624847486573,21
random_search,4,733,14,21.20713075057055,17.880624847486573,21
random_search,4,734,14,21.8,17.880624847486573,21
random_search,4,735,14,20.614642819948223,17.880624847486573,21
random_search,4,736,14,21.164582518894846,17.880624847486573,21
random_search,4,737,14,20.488409872672513,17.880624847486573,21
random_search,4,738,14,19.80384048104053,17.880624847486573,21
random_search,4,739,14,20.23205080756888,17.880624847486573,21
random_search,4,740,14,19.330950643030008,17.880624847486573,21
random_search,4,741,14,22.73606797749979,17.880624847486573,21
random_search,4,742,14,20.084943324127924,17.880624847486573,21
random_search,4,743,14,20.739607805437114,17.880624847486573,21
random_search,4,744,14,20.419090595827292,17.880624847486573,21
random_search,4,745,14,20.340967364599088,17.880624847486573,21
random_search,4,746,14,21.80199920063936,17.880624847486573,21
random_search,4,747,14,21.761706725018236,17.880624847486573,21
random_search,4,748,14,18.419090595827292,17.880624847486573,21
random_search,4,749,14,18.760681686165903,17.880624847486573,21
random_search,4,750,15,20.13527000944073,17.880624847486573,21
random_search,4,751,15,21.1431676725155,17.880624847486573,21
random_search,4,752,15,19.14355957741627,17.880624847486573,21
random_search,4,753,15,20.179075450674063,17.880624847486573,21
random_search,4,754,15,22.15796522451032,17.880624847486573,21
random_search,4,755,15,19.164582518894846,17.880624847486573,21
random_search,4,756,15,21.70185121722126,17.880624847486573,21
random_search,4,757,15,20.29283882771841,17.880624847486573,21
random_search,4,758,15,21.75972971738975,17.880624847486573,21
random_search,4,759,15,21.106659275674584,17.880624847486573,21
random_search,4,760,15,21.18208554864871,17.880624847486573,21
random_search,4,761,15,19.714944167960986,17.880624847486573,21
random_search,4,762,15,19.049193338482965,17.880624847486573,21
random_search,4,763,15,20.08522995463527,17.880624847486573,21
random_search,4,764,15,22.55277655408689,17.880624847486573,21
random_search,4,765,15,20.4591260281974,17.880624847486573,21
random_search,4,766,15,20.343559577416272,17.880624847486573,21
random_search,4,767,15,20.392415526630867,17.880624847486573,21
random_search,4,768,15,19.555294535724684,17.880624847486573,21
random_search,4,769,15,21.209983388658483,17.880624847486573,21
random_search,4,770,15,21.183266665599966,17.880624847486573,21
random_search,4,771,15,19.01651513899117,17.880624847486573,21
random_search,4,772,15,19.12664991614216,17.880624847486573,21
random_search,4,773,15,20.811871208194287,17.880624847486573,21
random_search,4,774,15,19.255294535724687,17.880624847486573,21
random_search,4,775,15,22.156141357987227,17.880624847486573,21
random_search,4,776,15,20.055294535724684,17.880624847486573,21
random_search,4,777,15,19.819160170741757,17.880624847486573,21
random_search,4,778,15,21.987905815638733,17.880624847486573,21
random_search,4,779,15,21.055294535724684,17.880624847486573,21
random_search,4,780,15,22.380972058177587,17.880624847486573,21
random_search,4,781,15,22.41547594742265,17.880624847486573,21
random_search,4,782,15,21.2343879744639,17.880624847486573,21
random_search,4,783,15,19.3,17.880624847486573,21
random_search,4,784,15,20.754065922853805,17.880624847486573,21
random_search,4,785,15,19.911871208194288,17.880624847486573,21
random_search,4,786,15,21.159126028197402,17.880624847486573,21
random_search,4,787,15,19.788854381999833,17.880624847486573,21
random_search,4,788,15,21.86397674405503,17.880624847486573,21
random_search,4,789,15,21.055294535724684,17.880624847486573,21
random_search,4,790,15,20.935415650406263,17.880624847486573,21
random_search,4,791,15,22.432575659723035,17.880624847486573,21
random_search,4,792,15,22.440063693621518,17.880624847486573,21
random_search,4,793,15,21.33541565040626,17.880624847486573,21
random_search,4,794,15,22.243024810940586,17.880624847486573,21
random_search,4,795,15,22.04964786985977,17.880624847486573,21
random_search,4,796,15,21.088435821108956,17.880624847486573,21
random_search,4,797,15,20.769693845669906,17.880624847486573,21
random_search,4,798,15,20.94928556845359,17.880624847486573,21
random_search,4,799,15,20.377902338672772,17.880624847486573,21
random_search,4,800,16,23.40805405358401,17.880624847486573,21
random_search,4,801,16,19.099999999999998,17.880624847486573,21
random_search,4,802,16,21.573213749463704,17.880624847486573,21
random_search,4,803,16,20.4591260281974,17.880624847486573,21
random_search,4,804,16,17.822497216032183,17.822497216032183,21
random_search,4,805,16,22.520897306865447,17.822497216032183,21
random_search,4,806,16,20.660107523773828,17.822497216032183,21
random_search,4,807,16,20.193737745050925,17.822497216032183,21
random_search,4,808,16,21.90665927567458,17.822497216032183,21
random_search,4,809,16,21.077154105707724,17.822497216032183,21
random_search,4,810,16,22.142787793912433,17.822497216032183,21
random_search,4,811,16,19.56287388383278,17.822497216032183,21
random_search,4,812,16,21.183266665599966,17.822497216032183,21
random_search,4,813,16,20.870828693386972,17.822497216032183,21
random_search,4,814,16,21.314944167960988,17.822497216032183,21
random_search,4,815,16,21.993468988235943,17.822497216032183,21
random_search,4,816,16,19.920465053408524,17.822497216032183,21
random_search,4,817,16,21.38806130178211,17.822497216032183,21
random_search,4,818,16,21.26397674405503,17.822497216032183,21
random_search,4,819,16,20.173320053068153,17.822497216032183,21
random_search,4,820,16,21.50554700852678,17.822497216032183,21
random_search,4,821,16,19.61980390271856,17.822497216032183,21
random_search,4,822,16,19.932380757938123,17.822497216032183,21
random_search,4,823,16,21.00454076850486,17.822497216032183,21
random_search,4,824,16,20.483266665599963,17.822497216032183,21
random_search,4,825,16,21.02491379207837,17.822497216032183,21
random_search,4,826,16,20.683266665599966,17.822497216032183,21
random_search,4,827,16,20.288061301782108,17.822497216032183,21
random_search,4,828,16,20.935415650406263,17.822497216032183,21
random_search,4,829,16,19.088409872672514,17.822497216032183,21
random_search,4,830,16,21.020465053408525,17.822497216032183,21
random_search,4,831,16,20.70185121722126,17.822497216032183,21
random_search,4,832,16,20.816590212458493,17.822497216032183,21
random_search,4,833,16,21.670459909270544,17.822497216032183,21
random_search,4,834,16,20.991153452528778,17.822497216032183,21
random_search,4,835,16,21.302172886644268,17.822497216032183,21
random_search,4,836,16,21.314642819948226,17.822497216032183,21
random_search,4,837,16,21.696150997149434,17.822497216032183,21
random_search,4,838,16,22.522327839240493,17.822497216032183,21
random_search,4,839,16,21.19332590941915,17.822497216032183,21
random_search,4,840,16,20.11245154965971,17.822497216032183,21
random_search,4,841,16,23.12074368738204,17.822497216032183,21
random_search,4,842,16,20.2131126469709,17.822497216032183,21
random_search,4,843,16,19.788854381999833,17.822497216032183,21
random_search,4,844,16,22.704834939252006,17.822497216032183,21
random_search,4,845,16,21.35870331449229,17.822497216032183,21
random_search,4,846,16,21.940063693621518,17.822497216032183,21
random_search,4,847,16,20.239071942966532,17.822497216032183,21
random_search,4,848,16,18.314642819948226,17.822497216032183,21
random_search,4,849,16,23.13901391331568,17.822497216032183,21
random_search,4,850,17,20.5563490998189,17.822497216032183,21
random_search,4,851,17,18.640967364599085,17.822497216032183,21
random_search,4,852,17,21.275711299845938,17.822497216032183,21
random_search,4,853,17,21.683281572999746,17.822497216032183,21
random_search,4,854,17,20.811871208194287,17.822497216032183,21
random_search,4,855,17,19.548999599679682,17.822497216032183,21
random_search,4,856,17,20.689974874213238,17.822497216032183,21
random_search,4,857,17,21.577154105707724,17.822497216032183,21
random_search,4,858,17,21.621320343559642,17.822497216032183,21
random_search,4,859,17,22.75306852353742,17.822497216032183,21
random_search,4,860,17,21.18679622641132,17.822497216032183,21
random_search,4,861,17,21.521363372331802,17.822497216032183,21
random_search,4,862,17,21.309243436828815,17.822497216032183,21
random_search,4,863,17,22.707567081708245,17.822497216032183,21
random_search,4,864,17,22.121347195933176,17.822497216032183,21
random_search,4,865,17,20.672004514666934,17.822497216032183,21
random_search,4,866,17,20.394438717061494,17.822497216032183,21
random_search,4,867,17,21.753720459187964,17.822497216032183,21
random_search,4,868,17,20.311871208194287,17.822497216032183,21
random_search,4,869,17,20.83390796058137,17.822497216032183,21
random_search,4,870,17,23.400000000000002,17.822497216032183,21
random_search,4,871,17,20.08679622641132,17.822497216032183,21
random_search,4,872,17,21.536664289109584,17.822497216032183,21
random_search,4,873,17,19.56287388383278,17.822497216032183,21
random_search,4,874,17,20.90454076850486,17.822497216032183,21
random_search,4,875,17,20.6431676725155,17.822497216032183,21
random_search,4,876,17,20.420465053408524,17.822497216032183,21
random_search,4,877,17,21.464101615137753,17.822497216032183,21
random_search,4,878,17,22.281934729198174,17.822497216032183,21
random_search,4,879,17,21.344994432064368,17.822497216032183,21
random_search,4,880,17,18.834846922834956,17.822497216032183,21
random_search,4,881,17,19.3,17.822497216032183,21
random_search,4,882,17,19.70332963783729,17.822497216032183,21
random_search,4,883,17,21.142787793912433,17.822497216032183,21
random_search,4,884,17,20.449444375840397,17.822497216032183,21
random_search,4,885,17,21.776575213227446,17.822497216032183,21
random_search,4,886,17,20.760681686165903,17.822497216032183,21
random_search,4,887,17,20.739607805437114,17.822497216032183,21
random_search,4,888,17,21.115167380558045,17.822497216032183,21
random_search,4,889,17,20.43238075793812,17.822497216032183,21
random_search,4,890,17,21.481742422927145,17.822497216032183,21
random_search,4,891,17,19.22736184954957,17.822497216032183,21
random_search,4,892,17,19.83390796058137,17.822497216032183,21
random_search,4,893,17,20.07364413533277,17.822497216032183,21
random_search,4,894,17,20.555294535724684,17.822497216032183,21
random_search,4,895,17,21.367156809750927,17.822497216032183,21
random_search,4,896,17,20.50454076850486,17.822497216032183,21
random_search,4,897,17,20.994438717061495,17.822497216032183,21
random_search,4,898,17,20.43469899493758,17.822497216032183,21
random_search,4,899,17,20.42756668824971,17.822497216032183,21
random_search,4,900,18,20.77488738510232,17.822497216032183,21
random_search,4,901,18,22.106659275674584,17.822497216032183,21
random_search,4,902,18,21.864054992217053,17.822497216032183,21
random_search,4,903,18,21.253720459187964,17.822497216032183,21
random_search,4,904,18,20.07763888346312,17.822497216032183,21
random_search,4,905,18,21.645906043549196,17.822497216032183,21
random_search,4,906,18,20.68679622641132,17.822497216032183,21
random_search,4,907,18,21.159126028197402,17.822497216032183,21
random_search,4,908,18,22.243835071544513,17.822497216032183,21
random_search,4,909,18,20.93130005674953,17.822497216032183,21
random_search,4,910,18,21.549509756796393,17.822497216032183,21
random_search,4,911,18,20.483266665599963,17.822497216032183,21
random_search,4,912,18,21.00554700852678,17.822497216032183,21
random_search,4,913,18,22.7,17.822497216032183,21
random_search,4,914,18,22.106659275674584,17.822497216032183,21
random_search,4,915,18,19.189974874213238,17.822497216032183,21
random_search,4,916,18,21.599999999999998,17.822497216032183,21
random_search,4,917,18,19.3,17.822497216032183,21
random_search,4,918,18,22.409975124224175,17.822497216032183,21
random_search,4,919,18,19.58522995463527,17.822497216032183,21
random_search,4,920,18,20.274868417407582,17.822497216032183,21
random_search,4,921,18,20.897999199359358,17.822497216032183,21
random_search,4,922,18,20.012403840463595,17.822497216032183,21
random_search,4,923,18,20.64355957741627,17.822497216032183,21
random_search,4,924,18,19.840967364599088,17.822497216032183,21
random_search,4,925,18,23.029822128134704,17.822497216032183,21
random_search,4,926,18,21.549509756796393,17.822497216032183,21
random_search,4,927,18,19.33622914957372,17.822497216032183,21
random_search,4,928,18,19.693737745050925,17.822497216032183,21
random_search,4,929,18,21.53315017762062,17.822497216032183,21
random_search,4,930,18,22.123243291566197,17.822497216032183,21
random_search,4,931,18,19.949137674618942,17.822497216032183,21
random_search,4,932,18,20.049444375840398,17.822497216032183,21
random_search,4,933,18,21.387475490101846,17.822497216032183,21
random_search,4,934,18,21.136664289109586,17.822497216032183,21
random_search,4,935,18,21.22490309931942,17.822497216032183,21
random_search,4,936,18,21.3219040425837,17.822497216032183,21
random_search,4,937,18,20.91547594742265,17.822497216032183,21
random_search,4,938,18,21.63907194296653,17.822497216032183,21
random_search,4,939,18,19.264911064067352,17.822497216032183,21
random_search,4,940,18,20.3295630140987,17.822497216032183,21
random_search,4,941,18,19.033030277982334,17.822497216032183,21
random_search,4,942,18,19.644994432064365,17.822497216032183,21
random_search,4,943,18,21.487905815638733,17.822497216032183,21
random_search,4,944,18,21.190890230020663,17.822497216032183,21
random_search,4,945,18,23.194182110716774,17.822497216032183,21
random_search,4,946,18,21.22074368738204,17.822497216032183,21
random_search,4,947,18,19.84390889145858,17.822497216032183,21
random_search,4,948,18,21.934192325759245,17.822497216032183,21
random_search,4,949,18,20.577902338672775,17.822497216032183,21
random_search,4,950,19,19.739071942966532,17.822497216032183,21
random_search,4,951,19,22.48328677803526,17.822497216032183,21
random_search,4,952,19,21.70199920063936,17.822497216032183,21
random_search,4,953,19,21.77488738510232,17.822497216032183,21
random_search,4,954,19,21.730727575266254,17.822497216032183,21
random_search,4,955,19,18.862873883832776,17.822497216032183,21
random_search,4,956,19,22.191366458960193,17.822497216032183,21
random_search,4,957,19,20.20332963783729,17.822497216032183,21
random_search,4,958,19,21.12074368738204,17.822497216032183,21
random_search,4,959,19,20.841653005427766,17.822497216032183,21
random_search,4,960,19,20.232380757938117,17.822497216032183,21
random_search,4,961,19,22.108607914449795,17.822497216032183,21
random_search,4,962,19,22.05277655408689,17.822497216032183,21
random_search,4,963,19,19.897366596101026,17.822497216032183,21
random_search,4,964,19,21.449444375840397,17.822497216032183,21
random_search,4,965,19,22.645906043549196,17.822497216032183,21
random_search,4,966,19,20.343559577416272,17.822497216032183,21
random_search,4,967,19,21.70936130717624,17.822497216032183,21
random_search,4,968,19,21.534387974463897,17.822497216032183,21
random_search,4,969,19,19.735270009440733,17.822497216032183,21
random_search,4,970,19,21.971750305430742,17.822497216032183,21
random_search,4,971,19,19.98148877222268,17.822497216032183,21
random_search,4,972,19,21.377902338672772,17.822497216032183,21
random_search,4,973,19,21.122611077089285,17.822497216032183,21
random_search,4,974,19,20.487475490101847,17.822497216032183,21
random_search,4,975,19,19.7131126469709,17.822497216032183,21
random_search,4,976,19,22.07402157263998,17.822497216032183,21
random_search,4,977,19,21.179075450674063,17.822497216032183,21
random_search,4,978,19,21.033030277982334,17.822497216032183,21
random_search,4,979,19,21.280350850198275,17.822497216032183,21
random_search,4,980,19,22.434192325759245,17.822497216032183,21
random_search,4,981,19,20.539387691339815,17.822497216032183,21
random_search,4,982,19,21.72574776766556,17.822497216032183,21
random_search,4,983,19,20.114642819948223,17.822497216032183,21
random_search,4,984,19,21.7086079144498,17.822497216032183,21
random_search,4,985,19,21.617935662402836,17.822497216032183,21
random_search,4,986,19,20.91916017074176,17.822497216032183,21
random_search,4,987,19,21.68679622641132,17.822497216032183,21
random_search,4,988,19,20.795829710142186,17.822497216032183,21
random_search,4,989,19,20.691366458960193,17.822497216032183,21
random_search,4,990,19,22.639736830714135,17.822497216032183,21
random_search,4,991,19,19.260681686165903,17.822497216032183,21
random_search,4,992,19,21.957066051117284,17.822497216032183,21
random_search,4,993,19,20.775711299845938,17.822497216032183,21
random_search,4,994,19,21.417935662402833,17.822497216032183,21
random_search,4,995,19,21.917935662402833,17.822497216032183,21
random_search,4,996,19,20.80384048104053,17.822497216032183,21
random_search,4,997,19,18.400000000000002,17.822497216032183,21
random_search,4,998,19,21.254723699099138,17.822497216032183,21
random_search,4,999,19,19.20293863659264,17.822497216032183,21
random_search,4,1000,20,22.786335345031,17.822497216032183,21
random_search,4,1001,20,20.656141357987227,17.822497216032183,21
random_search,4,1002,20,20.483266665599963,17.822497216032183,21
random_search,4,1003,20,21.539013913315678,17.822497216032183,21
random_search,4,1004,20,21.08679622641132,17.822497216032183,21
random_search,4,1005,20,21.577154105707724,17.822497216032183,21
random_search,4,1006,20,21.469817807045693,17.822497216032183,21
random_search,4,1007,20,22.37571129984594,17.822497216032183,21
random_search,4,1008,20,21.400000000000002,17.822497216032183,21
random_search,4,1009,20,20.816590212458493,17.822497216032183,21
random_search,4,1010,20,20.364054992217053,17.822497216032183,21
random_search,4,1011,20,22.201428280002318,17.822497216032183,21
random_search,4,1012,20,19.50454076850486,17.822497216032183,21
random_search,4,1013,20,19.449444375840397,17.822497216032183,21
random_search,4,1014,20,21.133030277982336,17.822497216032183,21
random_search,4,1015,20,22.39192496674806,17.822497216032183,21
random_search,4,1016,20,20.814944167960988,17.822497216032183,21
random_search,4,1017,20,20.084943324127924,17.822497216032183,21
random_search,4,1018,20,21.309243436828815,17.822497216032183,21
random_search,4,1019,20,22.609243436828812,17.822497216032183,21
random_search,4,1020,20,21.295829710142186,17.822497216032183,21
random_search,4,1021,20,19.710844001658266,17.822497216032183,21
random_search,4,1022,20,21.524845673131658,17.822497216032183,21
random_search,4,1023,20,22.141186241925155,17.822497216032183,21
random_search,4,1024,20,20.870828693386972,17.822497216032183,21
random_search,4,1025,20,22.026368339802364,17.822497216032183,21
random_search,4,1026,20,22.09072480941474,17.822497216032183,21
random_search,4,1027,20,21.859591794226542,17.822497216032183,21
random_search,4,1028,20,19.663818169698587,17.822497216032183,21
random_search,4,1029,20,19.663818169698587,17.822497216032183,21
random_search,4,1030,20,21.196150997149434,17.822497216032183,21
random_search,4,1031,20,19.01662062579967,17.822497216032183,21
random_search,4,1032,20,20.683266665599966,17.822497216032183,21
random_search,4,1033,20,19.843559577416272,17.822497216032183,21
random_search,4,1034,20,22.208607914449797,17.822497216032183,21
random_search,4,1035,20,21.029822128134704,17.822497216032183,21
random_search,4,1036,20,20.254723699099138,17.822497216032183,21
random_search,4,1037,20,19.52480768092719,17.822497216032183,21
random_search,4,1038,20,21.493468988235943,17.822497216032183,21
random_search,4,1039,20,21.84604989415154,17.822497216032183,21
random_search,4,1040,20,20.077154105707724,17.822497216032183,21
random_search,4,1041,20,19.26397674405503,17.822497216032183,21
random_search,4,1042,20,19.524845673131658,17.822497216032183,21
random_search,4,1043,20,20.23622914957372,17.822497216032183,21
random_search,4,1044,20,22.0,17.822497216032183,21
random_search,4,1045,20,21.588435821108956,17.822497216032183,21
random_search,4,1046,20,21.536877428271623,17.822497216032183,21
random_search,4,1047,20,20.664582518894846,17.822497216032183,21
random_search,4,1048,20,21.288854381999833,17.822497216032183,21
random_search,4,1049,20,18.72474487139159,17.822497216032183,21
random_search,4,1050,21,22.271085446759226,17.822497216032183,21
random_search,4,1051,21,20.19332590941915,17.822497216032183,21
random_search,4,1052,21,19.491153452528778,17.822497216032183,21
random_search,4,1053,21,21.809243436828815,17.822497216032183,21
random_search,4,1054,21,20.991153452528778,17.822497216032183,21
random_search,4,1055,21,20.345207879911715,17.822497216032183,21
random_search,4,1056,21,20.276575213227446,17.822497216032183,21
random_search,4,1057,21,19.909975124224175,17.822497216032183,21
random_search,4,1058,21,20.524845673131658,17.822497216032183,21
random_search,4,1059,21,19.04880884817015,17.822497216032183,21
random_search,4,1060,21,19.836660026534076,17.822497216032183,21
random_search,4,1061,21,19.377032961426902,17.822497216032183,21
random_search,4,1062,21,20.976819745345026,17.822497216032183,21
random_search,4,1063,21,22.449576240750524,17.822497216032183,21
random_search,4,1064,21,19.13907194296653,17.822497216032183,21
random_search,4,1065,21,21.2,17.822497216032183,21
random_search,4,1066,21,21.007878402833892,17.822497216032183,21
random_search,4,1067,21,21.49615099714943,17.822497216032183,21
random_search,4,1068,21,21.172004514666934,17.822497216032183,21
random_search,4,1069,21,21.25306852353742,17.822497216032183,21
random_search,4,1070,21,19.560107523773826,17.822497216032183,21
random_search,4,1071,21,21.14476105895272,17.822497216032183,21
random_search,4,1072,21,20.584943324127924,17.822497216032183,21
random_search,4,1073,21,21.06767050061961,17.822497216032183,21
random_search,4,1074,21,19.97763888346312,17.822497216032183,21
random_search,4,1075,21,18.94935886896179,17.822497216032183,21
random_search,4,1076,21,20.012403840463595,17.822497216032183,21
random_search,4,1077,21,19.780350850198275,17.822497216032183,21
random_search,4,1078,21,20.597617696340304,17.822497216032183,21
random_search,4,1079,21,20.788061301782108,17.822497216032183,21
random_search,4,1080,21,21.377902338672772,17.822497216032183,21
random_search,4,1081,21,19.06287388383278,17.822497216032183,21
random_search,4,1082,21,22.497057550292606,17.822497216032183,21
random_search,4,1083,21,21.055294535724684,17.822497216032183,21
random_search,4,1084,21,20.285229954635273,17.822497216032183,21
random_search,4,1085,21,20.423538406167136,17.822497216032183,21
random_search,4,1086,21,19.73622914957372,17.822497216032183,21
random_search,4,1087,21,20.91084400165827,17.822497216032183,21
random_search,4,1088,21,21.00454076850486,17.822497216032183,21
random_search,4,1089,21,21.04959013639538,17.822497216032183,21
random_search,4,1090,21,20.862873883832776,17.822497216032183,21
random_search,4,1091,21,21.553299832284317,17.822497216032183,21
random_search,4,1092,21,22.529822128134704,17.822497216032183,21
random_search,4,1093,21,20.659126028197402,17.822497216032183,21
random_search,4,1094,21,20.14355957741627,17.822497216032183,21
random_search,4,1095,21,20.58522995463527,17.822497216032183,21
random_search,4,1096,21,20.114642819948223,17.822497216032183,21
random_search,4,1097,21,21.7343879744639,17.822497216032183,21
random_search,4,1098,21,20.93238075793812,17.822497216032183,21
random_search,4,1099,21,19.840967364599088,17.822497216032183,21
random_search,4,1100,22,21.117935662402836,17.822497216032183,21
random_search,4,1101,22,20.978505426185215,17.822497216032183,21
random_search,4,1102,22,21.420465053408524,17.822497216032183,21
random_search,4,1103,22,20.780697580112786,17.822497216032183,21
random_search,4,1104,22,18.513552872566002,17.822497216032183,21
random_search,4,1105,22,20.088409872672514,17.822497216032183,21
random_search,4,1106,22,20.9591260281974,17.822497216032183,21
random_search,4,1107,22,22.40312347560939,17.822497216032183,21
random_search,4,1108,22,21.310693864511038,17.822497216032183,21
random_search,4,1109,22,19.72474487139159,17.822497216032183,21
random_search,4,1110,22,20.239607805437114,17.822497216032183,21
random_search,4,1111,22,20.554065922853802,17.822497216032183,21
random_search,4,1112,22,20.730727575266254,17.822497216032183,21
random_search,4,1113,22,20.672004514666934,17.822497216032183,21
random_search,4,1114,22,21.28790581563873,17.822497216032183,21
random_search,4,1115,22,21.049615361854386,17.822497216032183,21
random_search,4,1116,22,20.577154105707724,17.822497216032183,21
random_search,4,1117,22,21.109975124224178,17.822497216032183,21
random_search,4,1118,22,20.95870331449229,17.822497216032183,21
random_search,4,1119,22,23.567815921162744,17.822497216032183,21
random_search,4,1120,22,20.164688270438848,17.822497216032183,21
random_search,4,1121,22,19.467707825203128,17.822497216032183,21
random_search,4,1122,22,18.764911064067352,17.822497216032183,21
random_search,4,1123,22,21.253720459187964,17.822497216032183,21
random_search,4,1124,22,21.357066051117283,17.822497216032183,21
random_search,4,1125,22,21.241653005427764,17.822497216032183,21
random_search,4,1126,22,20.792848008753786,17.822497216032183,21
random_search,4,1127,22,20.400000000000002,17.822497216032183,21
random_search,4,1128,22,20.88806130178211,17.822497216032183,21
random_search,4,1129,22,20.983266665599963,17.822497216032183,21
random_search,4,1130,22,20.088409872672514,17.822497216032183,21
random_search,4,1131,22,20.366431913239847,17.822497216032183,21
random_search,4,1132,22,21.167156809750924,17.822497216032183,21
random_search,4,1133,22,21.356349099818896,17.822497216032183,21
random_search,4,1134,22,19.777154105707726,17.822497216032183,21
random_search,4,1135,22,20.031300056749533,17.822497216032183,21
random_search,4,1136,22,21.676575213227444,17.822497216032183,21
random_search,4,1137,22,21.3,17.822497216032183,21
random_search,4,1138,22,20.30332963783729,17.822497216032183,21
random_search,4,1139,22,20.844994432064368,17.822497216032183,21
random_search,4,1140,22,21.288854381999833,17.822497216032183,21
random_search,4,1141,22,19.662049935181333,17.822497216032183,21
random_search,4,1142,22,19.3576411454889,17.822497216032183,21
random_search,4,1143,22,21.93238075793812,17.822497216032183,21
random_search,4,1144,22,18.891153452528776,17.822497216032183,21
random_search,4,1145,22,21.208607914449797,17.822497216032183,21
random_search,4,1146,22,20.577902338672775,17.822497216032183,21
random_search,4,1147,22,21.12074368738204,17.822497216032183,21
random_search,4,1148,22,20.254723699099138,17.822497216032183,21
random_search,4,1149,22,21.710844001658266,17.822497216032183,21
random_search,4,1150,23,22.606750598570127,17.822497216032183,21
random_search,4,1151,23,20.239607805437114,17.822497216032183,21
random_search,4,1152,23,19.524845673131658,17.822497216032183,21
random_search,4,1153,23,20.0563490998189,17.822497216032183,21
random_search,4,1154,23,19.47763888346312,17.822497216032183,21
random_search,4,1155,23,21.68208554864871,17.822497216032183,21
random_search,4,1156,23,21.819160170741757,17.822497216032183,21
random_search,4,1157,23,21.49615099714943,17.822497216032183,21
random_search,4,1158,23,21.516609194718917,17.822497216032183,21
random_search,4,1159,23,22.672458299147443,17.822497216032183,21
random_search,4,1160,23,18.72474487139159,17.822497216032183,21
random_search,4,1161,23,19.11980390271856,17.822497216032183,21
random_search,4,1162,23,21.1431676725155,17.822497216032183,21
random_search,4,1163,23,20.428991560298222,17.822497216032183,21
random_search,4,1164,23,22.62703841770968,17.822497216032183,21
random_search,4,1165,23,20.94935886896179,17.822497216032183,21
random_search,4,1166,23,19.909975124224175,17.822497216032183,21
random_search,4,1167,23,20.57763888346312,17.822497216032183,21
random_search,4,1168,23,21.456141357987224,17.822497216032183,21
random_search,4,1169,23,20.487905815638733,17.822497216032183,21
random_search,4,1170,23,23.11283361405006,17.822497216032183,21
random_search,4,1171,23,22.036877428271623,17.822497216032183,21
random_search,4,1172,23,21.816609194718914,17.822497216032183,21
random_search,4,1173,23,20.534387974463897,17.822497216032183,21
random_search,4,1174,23,19.11980390271856,17.822497216032183,21
random_search,4,1175,23,20.05796522451032,17.822497216032183,21
random_search,4,1176,23,22.683281572999746,17.822497216032183,21
random_search,4,1177,23,20.309983388658484,17.822497216032183,21
random_search,4,1178,23,20.05758369027902,17.822497216032183,21
random_search,4,1179,23,23.108607914449795,17.822497216032183,21
random_search,4,1180,23,20.449444375840397,17.822497216032183,21
random_search,4,1181,23,19.055294535724684,17.822497216032183,21
random_search,4,1182,23,20.68062484748657,17.822497216032183,21
random_search,4,1183,23,21.994438717061495,17.822497216032183,21
random_search,4,1184,23,20.923538406167136,17.822497216032183,21
random_search,4,1185,23,21.75329983228432,17.822497216032183,21
random_search,4,1186,23,20.867156809750927,17.822497216032183,21
random_search,4,1187,23,20.345207879911715,17.822497216032183,21
random_search,4,1188,23,22.097617696340304,17.822497216032183,21
random_search,4,1189,23,22.172458299147443,17.822497216032183,21
random_search,4,1190,23,20.95472369909914,17.822497216032183,21
random_search,4,1191,23,19.756465996625053,17.822497216032183,21
random_search,4,1192,23,19.97484176581315,17.822497216032183,21
random_search,4,1193,23,21.361324772583615,17.822497216032183,21
random_search,4,1194,23,18.80384048104053,17.822497216032183,21
random_search,4,1195,23,21.923243291566195,17.822497216032183,21
random_search,4,1196,23,20.70293863659264,17.822497216032183,21
random_search,4,1197,23,21.65796522451032,17.822497216032183,21
random_search,4,1198,23,21.644994432064365,17.822497216032183,21
random_search,4,1199,23,21.57907545067406,17.822497216032183,21
random_search,4,1200,24,22.656141357987227,17.822497216032183,21
random_search,4,1201,24,19.366431913239847,17.822497216032183,21
random_search,4,1202,24,20.315587038162708,17.822497216032183,21
random_search,4,1203,24,21.38494332412792,17.822497216032183,21
random_search,4,1204,24,22.606659275674584,17.822497216032183,21
random_search,4,1205,24,23.297057550292603,17.822497216032183,21
random_search,4,1206,24,20.577154105707724,17.822497216032183,21
random_search,4,1207,24,20.70185121722126,17.822497216032183,21
random_search,4,1208,24,21.991015291668745,17.822497216032183,21
random_search,4,1209,24,21.054065922853802,17.822497216032183,21
random_search,4,1210,24,20.38494332412792,17.822497216032183,21
random_search,4,1211,24,19.04833147735479,17.822497216032183,21
random_search,4,1212,24,20.22074368738204,17.822497216032183,21
random_search,4,1213,24,20.80787840283389,17.822497216032183,21
random_search,4,1214,24,19.840967364599088,17.822497216032183,21
random_search,4,1215,24,20.599999999999998,17.822497216032183,21
random_search,4,1216,24,20.83390796058137,17.822497216032183,21
random_search,4,1217,24,20.07364413533277,17.822497216032183,21
random_search,4,1218,24,22.59072480941474,17.822497216032183,21
random_search,4,1219,24,20.810693864511038,17.822497216032183,21
random_search,4,1220,24,22.164582518894846,17.822497216032183,21
random_search,4,1221,24,21.210844001658266,17.822497216032183,21
random_search,4,1222,24,19.88494332412792,17.822497216032183,21
random_search,4,1223,24,17.54494897427832,17.54494897427832,21
random_search,4,1224,24,19.659126028197402,17.54494897427832,21
random_search,4,1225,24,21.256809750418043,17.54494897427832,21
random_search,4,1226,24,21.845207879911715,17.54494897427832,21
random_search,4,1227,24,21.56767050061961,17.54494897427832,21
random_search,4,1228,24,19.8,17.54494897427832,21
random_search,4,1229,24,20.034387974463897,17.54494897427832,21
random_search,4,1230,24,19.048999599679682,17.54494897427832,21
random_search,4,1231,24,20.780697580112786,17.54494897427832,21
random_search,4,1232,24,19.51657508881031,17.54494897427832,21
random_search,4,1233,24,19.76397674405503,17.54494897427832,21
random_search,4,1234,24,21.04939015319192,17.54494897427832,21
random_search,4,1235,24,21.020465053408525,17.54494897427832,21
random_search,4,1236,24,20.957066051117284,17.54494897427832,21
random_search,4,1237,24,21.08113883008419,17.54494897427832,21
random_search,4,1238,24,21.2,17.54494897427832,21
random_search,4,1239,24,20.520465053408525,17.54494897427832,21
random_search,4,1240,24,20.917935662402833,17.54494897427832,21
random_search,4,1241,24,20.51657508881031,17.54494897427832,21
random_search,4,1242,24,19.7,17.54494897427832,21
random_search,4,1243,24,19.060107523773826,17.54494897427832,21
random_search,4,1244,24,19.862873883832776,17.54494897427832,21
random_search,4,1245,24,20.72029410174709,17.54494897427832,21
random_search,4,1246,24,21.471750305430742,17.54494897427832,21
random_search,4,1247,24,20.754065922853805,17.54494897427832,21
random_search,4,1248,24,20.754723699099138,17.54494897427832,21
random_search,4,1249,24,21.242787793912434,17.54494897427832,21
random_search,4,1250,25,20.991153452528778,17.54494897427832,21
random_search,4,1251,25,21.554065922853802,17.54494897427832,21
random_search,4,1252,25,21.033907960581374,17.54494897427832,21
random_search,4,1253,25,21.2343879744639,17.54494897427832,21
random_search,4,1254,25,20.396662954709576,17.54494897427832,21
random_search,4,1255,25,19.533907960581374,17.54494897427832,21
random_search,4,1256,25,19.857066051117283,17.54494897427832,21
random_search,4,1257,25,20.46204993518133,17.54494897427832,21
random_search,4,1258,25,20.76468827043885,17.54494897427832,21
random_search,4,1259,25,19.94928556845359,17.54494897427832,21
random_search,4,1260,25,21.66405499221705,17.54494897427832,21
random_search,4,1261,25,22.32842712474619,17.54494897427832,21
random_search,4,1262,25,21.997057550292606,17.54494897427832,21
random_search,4,1263,25,19.92756668824971,17.54494897427832,21
random_search,4,1264,25,19.47763888346312,17.54494897427832,21
random_search,4,1265,25,20.660107523773828,17.54494897427832,21
random_search,4,1266,25,21.121320343559642,17.54494897427832,21
random_search,4,1267,25,22.434192325759245,17.54494897427832,21
random_search,4,1268,25,20.322611077089288,17.54494897427832,21
random_search,4,1269,25,21.341653005427766,17.54494897427832,21
random_search,4,1270,25,21.164582518894846,17.54494897427832,21
random_search,4,1271,25,21.08526217596215,17.54494897427832,21
random_search,4,1272,25,21.049444375840398,17.54494897427832,21
random_search,4,1273,25,22.181934729198172,17.54494897427832,21
random_search,4,1274,25,20.42756668824971,17.54494897427832,21
random_search,4,1275,25,20.8,17.54494897427832,21
random_search,4,1276,25,21.339607805437115,17.54494897427832,21
random_search,4,1277,25,20.62074368738204,17.54494897427832,21
random_search,4,1278,25,19.97763888346312,17.54494897427832,21
random_search,4,1279,25,21.43469899493758,17.54494897427832,21
random_search,4,1280,25,22.160601043544624,17.54494897427832,21
random_search,4,1281,25,20.109243436828812,17.54494897427832,21
random_search,4,1282,25,21.37175030543074,17.54494897427832,21
random_search,4,1283,25,20.781934729198174,17.54494897427832,21
random_search,4,1284,25,21.133030277982336,17.54494897427832,21
random_search,4,1285,25,20.520465053408525,17.54494897427832,21
random_search,4,1286,25,21.344994432064368,17.54494897427832,21
random_search,4,1287,25,18.7,17.54494897427832,21
random_search,4,1288,25,19.43095064303001,17.54494897427832,21
random_search,4,1289,25,21.737663853655725,17.54494897427832,21
random_search,4,1290,25,21.12074368738204,17.54494897427832,21
random_search,4,1291,25,21.295829710142186,17.54494897427832,21
random_search,4,1292,25,21.976819745345026,17.54494897427832,21
random_search,4,1293,25,20.493468988235943,17.54494897427832,21
random_search,4,1294,25,19.923538406167136,17.54494897427832,21
random_search,4,1295,25,20.25306852353742,17.54494897427832,21
random_search,4,1296,25,20.20293863659264,17.54494897427832,21
random_search,4,1297,25,20.923538406167136,17.54494897427832,21
random_search,4,1298,25,21.599999999999998,17.54494897427832,21
random_search,4,1299,25,21.75941170815567,17.54494897427832,21
random_search,4,1300,26,17.632455532033674,17.54494897427832,21
random_search,4,1301,26,20.683266665599966,17.54494897427832,21
random_search,4,1302,26,20.814944167960988,17.54494897427832,21
random_search,4,1303,26,21.469817807045693,17.54494897427832,21
random_search,4,1304,26,21.121347195933176,17.54494897427832,21
random_search,4,1305,26,22.121320343559642,17.54494897427832,21
random_search,4,1306,26,21.07907545067406,17.54494897427832,21
random_search,4,1307,26,21.00554700852678,17.54494897427832,21
random_search,4,1308,26,19.58113883008419,17.54494897427832,21
random_search,4,1309,26,21.084943324127924,17.54494897427832,21
random_search,4,1310,26,20.136664289109586,17.54494897427832,21
random_search,4,1311,26,18.869535971483266,17.54494897427832,21
random_search,4,1312,26,19.02664991614216,17.54494897427832,21
random_search,4,1313,26,20.73606797749979,17.54494897427832,21
random_search,4,1314,26,19.758317958127243,17.54494897427832,21
random_search,4,1315,26,19.2,17.54494897427832,21
random_search,4,1316,26,20.900000000000002,17.54494897427832,21
random_search,4,1317,26,22.36154726279432,17.54494897427832,21
random_search,4,1318,26,21.024845673131658,17.54494897427832,21
random_search,4,1319,26,23.62565782966318,17.54494897427832,21
random_search,4,1320,26,21.428991560298222,17.54494897427832,21
random_search,4,1321,26,21.66794833886788,17.54494897427832,21
random_search,4,1322,26,18.53072757526625,17.54494897427832,21
random_search,4,1323,26,20.42756668824971,17.54494897427832,21
random_search,4,1324,26,20.776575213227446,17.54494897427832,21
random_search,4,1325,26,19.56287388383278,17.54494897427832,21
random_search,4,1326,26,21.239607805437114,17.54494897427832,21
random_search,4,1327,26,21.690890230020663,17.54494897427832,21
random_search,4,1328,26,22.070459909270543,17.54494897427832,21
random_search,4,1329,26,21.7343879744639,17.54494897427832,21
random_search,4,1330,26,20.70713075057055,17.54494897427832,21
random_search,4,1331,26,19.953720459187966,17.54494897427832,21
random_search,4,1332,26,19.991153452528778,17.54494897427832,21
random_search,4,1333,26,20.741653005427764,17.54494897427832,21
random_search,4,1334,26,20.311871208194287,17.54494897427832,21
random_search,4,1335,26,20.453720459187966,17.54494897427832,21
random_search,4,1336,26,20.429705854077834,17.54494897427832,21
random_search,4,1337,26,21.144994432064365,17.54494897427832,21
random_search,4,1338,26,20.18321595661992,17.54494897427832,21
random_search,4,1339,26,20.68910462845192,17.54494897427832,21
random_search,4,1340,26,21.809243436828815,17.54494897427832,21
random_search,4,1341,26,20.16794833886788,17.54494897427832,21
random_search,4,1342,26,20.309983388658484,17.54494897427832,21
random_search,4,1343,26,20.994438717061495,17.54494897427832,21
random_search,4,1344,26,20.573213749463704,17.54494897427832,21
random_search,4,1345,26,21.824099870362662,17.54494897427832,21
random_search,4,1346,26,18.640175425099137,17.54494897427832,21
random_search,4,1347,26,19.1431676725155,17.54494897427832,21
random_search,4,1348,26,20.55758369027902,17.54494897427832,21
random_search,4,1349,26,21.372004514666937,17.54494897427832,21
random_search,4,1350,27,20.372004514666937,17.54494897427832,21
random_search,4,1351,27,20.30787840283389,17.54494897427832,21
random_search,4,1352,27,21.935415650406263,17.54494897427832,21
random_search,4,1353,27,20.5576411454889,17.54494897427832,21
random_search,4,1354,27,19.735270009440733,17.54494897427832,21
random_search,4,1355,27,19.672004514666934,17.54494897427832,21
random_search,4,1356,27,20.512931993250106,17.54494897427832,21
random_search,4,1357,27,20.75329983228432,17.54494897427832,21
random_search,4,1358,27,20.82654919008431,17.54494897427832,21
random_search,4,1359,27,22.049666651850536,17.54494897427832,21
random_search,4,1360,27,21.322611077089288,17.54494897427832,21
random_search,4,1361,27,20.07763888346312,17.54494897427832,21
random_search,4,1362,27,19.73205080756888,17.54494897427832,21
random_search,4,1363,27,20.76468827043885,17.54494897427832,21
random_search,4,1364,27,21.656141357987227,17.54494897427832,21
random_search,4,1365,27,21.810693864511038,17.54494897427832,21
random_search,4,1366,27,21.412833614050058,17.54494897427832,21
random_search,4,1367,27,21.01662062579967,17.54494897427832,21
random_search,4,1368,27,22.455946767611902,17.54494897427832,21
random_search,4,1369,27,22.16405499221705,17.54494897427832,21
random_search,4,1370,27,20.92756668824971,17.54494897427832,21
random_search,4,1371,27,20.881742422927143,17.54494897427832,21
random_search,4,1372,27,20.3,17.54494897427832,21
random_search,4,1373,27,21.435415650406263,17.54494897427832,21
random_search,4,1374,27,20.956465996625056,17.54494897427832,21
random_search,4,1375,27,21.00454076850486,17.54494897427832,21
random_search,4,1376,27,20.26468827043885,17.54494897427832,21
random_search,4,1377,27,21.380972058177587,17.54494897427832,21
random_search,4,1378,27,20.285229954635273,17.54494897427832,21
random_search,4,1379,27,21.020897306865447,17.54494897427832,21
random_search,4,1380,27,21.060107523773826,17.54494897427832,21
random_search,4,1381,27,20.164688270438848,17.54494897427832,21
random_search,4,1382,27,21.16794833886788,17.54494897427832,21
random_search,4,1383,27,18.77979589711327,17.54494897427832,21
random_search,4,1384,27,19.340967364599088,17.54494897427832,21
random_search,4,1385,27,19.92756668824971,17.54494897427832,21
random_search,4,1386,27,20.417461885320133,17.54494897427832,21
random_search,4,1387,27,20.50554700852678,17.54494897427832,21
random_search,4,1388,27,22.036664289109584,17.54494897427832,21
random_search,4,1389,27,21.57907545067406,17.54494897427832,21
random_search,4,1390,27,20.113112646970897,17.54494897427832,21
random_search,4,1391,27,20.797057550292603,17.54494897427832,21
random_search,4,1392,27,20.387467277262665,17.54494897427832,21
random_search,4,1393,27,21.322611077089288,17.54494897427832,21
random_search,4,1394,27,21.172004514666934,17.54494897427832,21
random_search,4,1395,27,22.13901391331568,17.54494897427832,21
random_search,4,1396,27,21.30787840283389,17.54494897427832,21
random_search,4,1397,27,21.435415650406263,17.54494897427832,21
random_search,4,1398,27,20.457342370508883,17.54494897427832,21
random_search,4,1399,27,21.136664289109586,17.54494897427832,21
random_search,4,1400,28,19.06287388383278,17.54494897427832,21
random_search,4,1401,28,20.795829710142186,17.54494897427832,21
random_search,4,1402,28,20.14355957741627,17.54494897427832,21
random_search,4,1403,28,21.302172886644268,17.54494897427832,21
random_search,4,1404,28,22.22074368738204,17.54494897427832,21
random_search,4,1405,28,20.816590212458493,17.54494897427832,21
random_search,4,1406,28,20.227566688249706,17.54494897427832,21
random_search,4,1407,28,21.435489375751565,17.54494897427832,21
random_search,4,1408,28,21.679075450674063,17.54494897427832,21
random_search,4,1409,28,21.534387974463897,17.54494897427832,21
random_search,4,1410,28,21.183266665599966,17.54494897427832,21
random_search,4,1411,28,22.392415526630867,17.54494897427832,21
random_search,4,1412,28,21.144994432064365,17.54494897427832,21
random_search,4,1413,28,20.529822128134704,17.54494897427832,21
random_search,4,1414,28,21.258317958127243,17.54494897427832,21
random_search,4,1415,28,20.70293863659264,17.54494897427832,21
random_search,4,1416,28,21.679075450674063,17.54494897427832,21
random_search,4,1417,28,18.533030277982334,17.54494897427832,21
random_search,4,1418,28,21.20713075057055,17.54494897427832,21
random_search,4,1419,28,21.573213749463704,17.54494897427832,21
random_search,4,1420,28,19.94935886896179,17.54494897427832,21
random_search,4,1421,28,21.193737745050925,17.54494897427832,21
random_search,4,1422,28,21.099999999999998,17.54494897427832,21
random_search,4,1423,28,20.453720459187966,17.54494897427832,21
random_search,4,1424,28,20.80384048104053,17.54494897427832,21
random_search,4,1425,28,20.98328677803526,17.54494897427832,21
random_search,4,1426,28,21.18910462845192,17.54494897427832,21
random_search,4,1427,28,19.3,17.54494897427832,21
random_search,4,1428,28,20.634698994937583,17.54494897427832,21
random_search,4,1429,28,21.054065922853802,17.54494897427832,21
random_search,4,1430,28,20.94948974278318,17.54494897427832,21
random_search,4,1431,28,19.71909059582729,17.54494897427832,21
random_search,4,1432,28,20.62074368738204,17.54494897427832,21
random_search,4,1433,28,20.48148877222268,17.54494897427832,21
random_search,4,1434,28,20.717800560721074,17.54494897427832,21
random_search,4,1435,28,21.814944167960988,17.54494897427832,21
random_search,4,1436,28,19.488409872672513,17.54494897427832,21
random_search,4,1437,28,22.776575213227446,17.54494897427832,21
random_search,4,1438,28,20.256465996625053,17.54494897427832,21
random_search,4,1439,28,20.183266665599966,17.54494897427832,21
random_search,4,1440,28,21.66405499221705,17.54494897427832,21
random_search,4,1441,28,22.064965543462904,17.54494897427832,21
random_search,4,1442,28,21.935415650406263,17.54494897427832,21
random_search,4,1443,28,20.07364413533277,17.54494897427832,21
random_search,4,1444,28,18.991153452528778,17.54494897427832,21
random_search,4,1445,28,22.256809750418043,17.54494897427832,21
random_search,4,1446,28,21.37581763205193,17.54494897427832,21
random_search,4,1447,28,19.949444375840397,17.54494897427832,21
random_search,4,1448,28,20.99582971014219,17.54494897427832,21
random_search,4,1449,28,21.569046515733024,17.54494897427832,21
random_search,4,1450,29,21.314944167960988,17.54494897427832,21
random_search,4,1451,29,21.129705854077837,17.54494897427832,21
random_search,4,1452,29,21.082207001484488,17.54494897427832,21
random_search,4,1453,29,20.368438714135813,17.54494897427832,21
random_search,4,1454,29,20.314642819948226,17.54494897427832,21
random_search,4,1455,29,20.727566688249706,17.54494897427832,21
random_search,4,1456,29,18.377032961426902,17.54494897427832,21
random_search,4,1457,29,23.271085446759226,17.54494897427832,21
random_search,4,1458,29,21.533907960581374,17.54494897427832,21
random_search,4,1459,29,21.758323293158117,17.54494897427832,21
random_search,4,1460,29,20.753720459187964,17.54494897427832,21
random_search,4,1461,29,22.359411708155672,17.54494897427832,21
random_search,4,1462,29,19.330950643030008,17.54494897427832,21
random_search,4,1463,29,22.549509756796393,17.54494897427832,21
random_search,4,1464,29,20.679075450674063,17.54494897427832,21
random_search,4,1465,29,20.261706725018236,17.54494897427832,21
random_search,4,1466,29,22.758323293158117,17.54494897427832,21
random_search,4,1467,29,20.552776554086886,17.54494897427832,21
random_search,4,1468,29,19.949137674618942,17.54494897427832,21
random_search,4,1469,29,21.302172886644268,17.54494897427832,21
random_search,4,1470,29,19.4591260281974,17.54494897427832,21
random_search,4,1471,29,20.758317958127243,17.54494897427832,21
random_search,4,1472,29,20.70332963783729,17.54494897427832,21
random_search,4,1473,29,23.012931993250106,17.54494897427832,21
random_search,4,1474,29,20.58113883008419,17.54494897427832,21
random_search,4,1475,29,22.917935662402833,17.54494897427832,21
random_search,4,1476,29,19.260681686165903,17.54494897427832,21
random_search,4,1477,29,19.42756668824971,17.54494897427832,21
random_search,4,1478,29,20.397366596101026,17.54494897427832,21
random_search,4,1479,29,21.142787793912433,17.54494897427832,21
random_search,4,1480,29,22.241653005427764,17.54494897427832,21
random_search,4,1481,29,21.04928556845359,17.54494897427832,21
random_search,4,1482,29,20.91916017074176,17.54494897427832,21
random_search,4,1483,29,22.036877428271623,17.54494897427832,21
random_search,4,1484,29,20.615167380558045,17.54494897427832,21
random_search,4,1485,29,20.73606797749979,17.54494897427832,21
random_search,4,1486,29,20.880697580112788,17.54494897427832,21
random_search,4,1487,29,22.70936130717624,17.54494897427832,21
random_search,4,1488,29,20.012931993250106,17.54494897427832,21
random_search,4,1489,29,20.213594362117867,17.54494897427832,21
random_search,4,1490,29,20.953720459187966,17.54494897427832,21
random_search,4,1491,29,19.30787840283389,17.54494897427832,21
random_search,4,1492,29,22.6886890422961,17.54494897427832,21
random_search,4,1493,29,19.673320053068153,17.54494897427832,21
random_search,4,1494,29,22.088435821108956,17.54494897427832,21
random_search,4,1495,29,21.966479394838267,17.54494897427832,21
random_search,4,1496,29,22.743024810940586,17.54494897427832,21
random_search,4,1497,29,20.06287388383278,17.54494897427832,21
random_search,4,1498,29,20.788061301782108,17.54494897427832,21
random_search,4,1499,29,20.47624151769984,17.54494897427832,21
random_search,4,1500,30,21.524845673131658,17.54494897427832,21
random_search,4,1501,30,22.56859590355097,17.54494897427832,21
random_search,4,1502,30,19.429705854077834,17.54494897427832,21
random_search,4,1503,30,20.659126028197402,17.54494897427832,21
random_search,4,1504,30,19.173320053068153,17.54494897427832,21
random_search,4,1505,30,21.717800560721074,17.54494897427832,21
random_search,4,1506,30,20.689974874213238,17.54494897427832,21
random_search,4,1507,30,20.255294535724687,17.54494897427832,21
random_search,4,1508,30,21.274868417407582,17.54494897427832,21
random_search,4,1509,30,20.2343879744639,17.54494897427832,21
random_search,4,1510,30,21.780350850198275,17.54494897427832,21
random_search,4,1511,30,21.43469899493758,17.54494897427832,21
random_search,4,1512,30,20.91386219991853,17.54494897427832,21
random_search,4,1513,30,19.735270009440733,17.54494897427832,21
random_search,4,1514,30,20.92756668824971,17.54494897427832,21
random_search,4,1515,30,22.08425027803687,17.54494897427832,21
random_search,4,1516,30,20.099999999999998,17.54494897427832,21
random_search,4,1517,30,19.816590212458493,17.54494897427832,21
random_search,4,1518,30,21.341653005427766,17.54494897427832,21
random_search,4,1519,30,21.133030277982336,17.54494897427832,21
random_search,4,1520,30,21.2,17.54494897427832,21
random_search,4,1521,30,21.802172886644268,17.54494897427832,21
random_search,4,1522,30,21.40831891575846,17.54494897427832,21
random_search,4,1523,30,21.44928556845359,17.54494897427832,21
random_search,4,1524,30,22.07402157263998,17.54494897427832,21
random_search,4,1525,30,20.91084400165827,17.54494897427832,21
random_search,4,1526,30,20.256465996625053,17.54494897427832,21
random_search,4,1527,30,21.115167380558045,17.54494897427832,21
random_search,4,1528,30,21.366431913239847,17.54494897427832,21
random_search,4,1529,30,19.929705854077834,17.54494897427832,21
random_search,4,1530,30,21.32379000772445,17.54494897427832,21
random_search,4,1531,30,22.927038417709678,17.54494897427832,21
random_search,4,1532,30,19.59544511501033,17.54494897427832,21
random_search,4,1533,30,20.38494332412792,17.54494897427832,21
random_search,4,1534,30,19.419090595827292,17.54494897427832,21
random_search,4,1535,30,19.269693845669906,17.54494897427832,21
random_search,4,1536,30,20.949444375840397,17.54494897427832,21
random_search,4,1537,30,21.840063693621516,17.54494897427832,21
random_search,4,1538,30,22.356349099818896,17.54494897427832,21
random_search,4,1539,30,19.845207879911715,17.54494897427832,21
random_search,4,1540,30,22.110589071449372,17.54494897427832,21
random_search,4,1541,30,18.79283882771841,17.54494897427832,21
random_search,4,1542,30,18.548999599679682,17.54494897427832,21
random_search,4,1543,30,21.780350850198275,17.54494897427832,21
random_search,4,1544,30,21.45870331449229,17.54494897427832,21
random_search,4,1545,30,20.730727575266254,17.54494897427832,21
random_search,4,1546,30,21.94948974278318,17.54494897427832,21
random_search,4,1547,30,21.47245829914744,17.54494897427832,21
random_search,4,1548,30,20.927105745132007,17.54494897427832,21
random_search,4,1549,30,20.70185121722126,17.54494897427832,21
random_search,4,1550,31,20.923538406167136,17.54494897427832,21
random_search,4,1551,31,21.822611077089288,17.54494897427832,21
random_search,4,1552,31,22.029822128134704,17.54494897427832,21
random_search,4,1553,31,20.420465053408524,17.54494897427832,21
random_search,4,1554,31,22.272077843177478,17.54494897427832,21
random_search,4,1555,31,21.469817807045693,17.54494897427832,21
random_search,4,1556,31,20.830950643030008,17.54494897427832,21
random_search,4,1557,31,22.449545416973503,17.54494897427832,21
random_search,4,1558,31,20.814944167960988,17.54494897427832,21
random_search,4,1559,31,19.957066051117284,17.54494897427832,21
random_search,4,1560,31,20.71909059582729,17.54494897427832,21
random_search,4,1561,31,20.491153452528778,17.54494897427832,21
random_search,4,1562,31,20.44948974278318,17.54494897427832,21
random_search,4,1563,31,19.674021572639983,17.54494897427832,21
random_search,4,1564,31,22.452610922848045,17.54494897427832,21
random_search,4,1565,31,21.049444375840398,17.54494897427832,21
random_search,4,1566,31,23.293325909419153,17.54494897427832,21
random_search,4,1567,31,20.46204993518133,17.54494897427832,21
random_search,4,1568,31,20.78790581563873,17.54494897427832,21
random_search,4,1569,31,21.714674215792776,17.54494897427832,21
random_search,4,1570,31,19.83622914957372,17.54494897427832,21
random_search,4,1571,31,19.397366596101026,17.54494897427832,21
random_search,4,1572,31,18.683095189484533,17.54494897427832,21
random_search,4,1573,31,20.539387691339815,17.54494897427832,21
random_search,4,1574,31,20.260681686165903,17.54494897427832,21
random_search,4,1575,31,20.991153452528778,17.54494897427832,21
random_search,4,1576,31,19.047722557505168,17.54494897427832,21
random_search,4,1577,31,21.055294535724684,17.54494897427832,21
random_search,4,1578,31,20.788854381999833,17.54494897427832,21
random_search,4,1579,31,20.83622914957372,17.54494897427832,21
random_search,4,1580,31,22.738681079732054,17.54494897427832,21
random_search,4,1581,31,20.04880884817015,17.54494897427832,21
random_search,4,1582,31,20.48148877222268,17.54494897427832,21
random_search,4,1583,31,21.560107523773826,17.54494897427832,21
random_search,4,1584,31,20.302172886644268,17.54494897427832,21
random_search,4,1585,31,19.983239697419133,17.54494897427832,21
random_search,4,1586,31,21.129285639896448,17.54494897427832,21
random_search,4,1587,31,21.2,17.54494897427832,21
random_search,4,1588,31,19.83390796058137,17.54494897427832,21
random_search,4,1589,31,20.609975124224178,17.54494897427832,21
random_search,4,1590,31,18.334846922834956,17.54494897427832,21
random_search,4,1591,31,21.177193921634785,17.54494897427832,21
random_search,4,1592,31,21.781934729198174,17.54494897427832,21
random_search,4,1593,31,21.024845673131658,17.54494897427832,21
random_search,4,1594,31,19.533907960581374,17.54494897427832,21
random_search,4,1595,31,20.362873883832776,17.54494897427832,21
random_search,4,1596,31,21.588435821108956,17.54494897427832,21
random_search,4,1597,31,19.164688270438848,17.54494897427832,21
random_search,4,1598,31,22.72574776766556,17.54494897427832,21
random_search,4,1599,31,21.08679622641132,17.54494897427832,21
random_search,4,1600,32,21.87175030543074,17.54494897427832,21
random_search,4,1601,32,19.667156809750924,17.54494897427832,21
random_search,4,1602,32,18.229563014098698,17.54494897427832,21
random_search,4,1603,32,20.145906043549196,17.54494897427832,21
random_search,4,1604,32,20.23622914957372,17.54494897427832,21
random_search,4,1605,32,20.957342370508883,17.54494897427832,21
random_search,4,1606,32,19.633030277982336,17.54494897427832,21
random_search,4,1607,32,22.272751070837067,17.54494897427832,21
random_search,4,1608,32,21.659126028197402,17.54494897427832,21
random_search,4,1609,32,19.897366596101026,17.54494897427832,21
random_search,4,1610,32,19.99373774505092,17.54494897427832,21
random_search,4,1611,32,19.929705854077834,17.54494897427832,21
random_search,4,1612,32,21.14476105895272,17.54494897427832,21
random_search,4,1613,32,20.816609194718914,17.54494897427832,21
random_search,4,1614,32,19.20293863659264,17.54494897427832,21
random_search,4,1615,32,20.84604989415154,17.54494897427832,21
random_search,4,1616,32,21.033907960581374,17.54494897427832,21
random_search,4,1617,32,19.949444375840397,17.54494897427832,21
random_search,4,1618,32,20.659126028197402,17.54494897427832,21
random_search,4,1619,32,21.457066051117284,17.54494897427832,21
random_search,4,1620,32,21.20185121722126,17.54494897427832,21
random_search,4,1621,32,19.769693845669906,17.54494897427832,21
random_search,4,1622,32,20.36124969497314,17.54494897427832,21
random_search,4,1623,32,21.13907194296653,17.54494897427832,21
random_search,4,1624,32,20.54928556845359,17.54494897427832,21
random_search,4,1625,32,21.288061301782108,17.54494897427832,21
random_search,4,1626,32,22.36124969497314,17.54494897427832,21
random_search,4,1627,32,19.22474487139159,17.54494897427832,21
random_search,4,1628,32,22.13901391331568,17.54494897427832,21
random_search,4,1629,32,21.33541565040626,17.54494897427832,21
random_search,4,1630,32,19.257583690279024,17.54494897427832,21
random_search,4,1631,32,20.7131126469709,17.54494897427832,21
random_search,4,1632,32,21.44928556845359,17.54494897427832,21
random_search,4,1633,32,21.884250278036866,17.54494897427832,21
random_search,4,1634,32,22.417935662402833,17.54494897427832,21
random_search,4,1635,32,22.679075450674063,17.54494897427832,21
random_search,4,1636,32,20.235270009440733,17.54494897427832,21
random_search,4,1637,32,20.80787840283389,17.54494897427832,21
random_search,4,1638,32,19.662049935181333,17.54494897427832,21
random_search,4,1639,32,22.337211521390785,17.54494897427832,21
random_search,4,1640,32,20.636664289109586,17.54494897427832,21
random_search,4,1641,32,20.5,17.54494897427832,21
random_search,4,1642,32,20.179075450674063,17.54494897427832,21
random_search,4,1643,32,21.923538406167136,17.54494897427832,21
random_search,4,1644,32,18.929705854077834,17.54494897427832,21
random_search,4,1645,32,20.302172886644268,17.54494897427832,21
random_search,4,1646,32,21.049509756796393,17.54494897427832,21
random_search,4,1647,32,20.772077843177478,17.54494897427832,21
random_search,4,1648,32,21.097617696340304,17.54494897427832,21
random_search,4,1649,32,19.900000000000002,17.54494897427832,21
random_search,4,1650,33,22.33390796058137,17.54494897427832,21
random_search,4,1651,33,21.164582518894846,17.54494897427832,21
random_search,4,1652,33,19.93469899493758,17.54494897427832,21
random_search,4,1653,33,20.66794833886788,17.54494897427832,21
random_search,4,1654,33,20.02664991614216,17.54494897427832,21
random_search,4,1655,33,19.52664991614216,17.54494897427832,21
random_search,4,1656,33,18.58522995463527,17.54494897427832,21
random_search,4,1657,33,21.659126028197402,17.54494897427832,21
random_search,4,1658,33,20.84390889145858,17.54494897427832,21
random_search,4,1659,33,20.488409872672513,17.54494897427832,21
random_search,4,1660,33,21.253720459187964,17.54494897427832,21
random_search,4,1661,33,20.735270009440733,17.54494897427832,21
random_search,4,1662,33,21.841653005427766,17.54494897427832,21
random_search,4,1663,33,20.60554700852678,17.54494897427832,21
random_search,4,1664,33,20.49582971014219,17.54494897427832,21
random_search,4,1665,33,19.920465053408524,17.54494897427832,21
random_search,4,1666,33,21.32654919008431,17.54494897427832,21
random_search,4,1667,33,21.311871208194287,17.54494897427832,21
random_search,4,1668,33,21.126785107312738,17.54494897427832,21
random_search,4,1669,33,19.872004514666937,17.54494897427832,21
random_search,4,1670,33,20.483239697419133,17.54494897427832,21
random_search,4,1671,33,20.260681686165903,17.54494897427832,21
random_search,4,1672,33,18.36619037896906,17.54494897427832,21
random_search,4,1673,33,20.714944167960986,17.54494897427832,21
random_search,4,1674,33,19.897366596101026,17.54494897427832,21
random_search,4,1675,33,22.12763633939717,17.54494897427832,21
random_search,4,1676,33,21.18208554864871,17.54494897427832,21
random_search,4,1677,33,18.488409872672513,17.54494897427832,21
random_search,4,1678,33,20.560107523773826,17.54494897427832,21
random_search,4,1679,33,20.05758369027902,17.54494897427832,21
random_search,4,1680,33,19.22736184954957,17.54494897427832,21
random_search,4,1681,33,20.281488772222676,17.54494897427832,21
random_search,4,1682,33,20.396662954709576,17.54494897427832,21
random_search,4,1683,33,20.80384048104053,17.54494897427832,21
random_search,4,1684,33,20.772077843177478,17.54494897427832,21
random_search,4,1685,33,21.20713075057055,17.54494897427832,21
random_search,4,1686,33,20.953720459187966,17.54494897427832,21
random_search,4,1687,33,19.169693845669904,17.54494897427832,21
random_search,4,1688,33,20.38806130178211,17.54494897427832,21
random_search,4,1689,33,20.140175425099137,17.54494897427832,21
random_search,4,1690,33,21.269693845669906,17.54494897427832,21
random_search,4,1691,33,21.364054992217053,17.54494897427832,21
random_search,4,1692,33,19.30384048104053,17.54494897427832,21
random_search,4,1693,33,19.43469899493758,17.54494897427832,21
random_search,4,1694,33,18.632455532033674,17.54494897427832,21
random_search,4,1695,33,20.016609194718917,17.54494897427832,21
random_search,4,1696,33,20.56287388383278,17.54494897427832,21
random_search,4,1697,33,19.58679622641132,17.54494897427832,21
random_search,4,1698,33,20.07364413533277,17.54494897427832,21
random_search,4,1699,33,20.673320053068153,17.54494897427832,21
random_search,4,1700,34,20.923538406167136,17.54494897427832,21
random_search,4,1701,34,20.577154105707724,17.54494897427832,21
random_search,4,1702,34,21.241653005427764,17.54494897427832,21
random_search,4,1703,34,22.82232783924049,17.54494897427832,21
random_search,4,1704,34,20.689974874213238,17.54494897427832,21
random_search,4,1705,34,20.04939015319192,17.54494897427832,21
random_search,4,1706,34,20.10554700852678,17.54494897427832,21
random_search,4,1707,34,19.830950643030008,17.54494897427832,21
random_search,4,1708,34,21.715679166249387,17.54494897427832,21
random_search,4,1709,34,19.49373774505092,17.54494897427832,21
random_search,4,1710,34,21.196150997149434,17.54494897427832,21
random_search,4,1711,34,21.45870331449229,17.54494897427832,21
random_search,4,1712,34,19.2,17.54494897427832,21
random_search,4,1713,34,22.357066051117283,17.54494897427832,21
random_search,4,1714,34,23.077708763999663,17.54494897427832,21
random_search,4,1715,34,20.72074368738204,17.54494897427832,21
random_search,4,1716,34,20.76468827043885,17.54494897427832,21
random_search,4,1717,34,20.400000000000002,17.54494897427832,21
random_search,4,1718,34,21.657342370508886,17.54494897427832,21
random_search,4,1719,34,20.45870331449229,17.54494897427832,21
random_search,4,1720,34,20.43095064303001,17.54494897427832,21
random_search,4,1721,34,19.214944167960986,17.54494897427832,21
random_search,4,1722,34,21.457342370508883,17.54494897427832,21
random_search,4,1723,34,20.659126028197402,17.54494897427832,21
random_search,4,1724,34,20.47484176581315,17.54494897427832,21
random_search,4,1725,34,21.258317958127243,17.54494897427832,21
random_search,4,1726,34,21.239071942966532,17.54494897427832,21
random_search,4,1727,34,20.492838827718412,17.54494897427832,21
random_search,4,1728,34,20.113112646970897,17.54494897427832,21
random_search,4,1729,34,20.755294535724687,17.54494897427832,21
random_search,4,1730,34,21.710844001658266,17.54494897427832,21
random_search,4,1731,34,19.492838827718412,17.54494897427832,21
random_search,4,1732,34,20.435415650406263,17.54494897427832,21
random_search,4,1733,34,20.923538406167136,17.54494897427832,21
random_search,4,1734,34,22.17681974534503,17.54494897427832,21
random_search,4,1735,34,21.213594362117867,17.54494897427832,21
random_search,4,1736,34,22.236877428271626,17.54494897427832,21
random_search,4,1737,34,19.802172886644268,17.54494897427832,21
random_search,4,1738,34,20.7,17.54494897427832,21
random_search,4,1739,34,19.033907960581374,17.54494897427832,21
random_search,4,1740,34,19.593468988235944,17.54494897427832,21
random_search,4,1741,34,21.20293863659264,17.54494897427832,21
random_search,4,1742,34,20.160107523773828,17.54494897427832,21
random_search,4,1743,34,19.76843871413581,17.54494897427832,21
random_search,4,1744,34,20.811871208194287,17.54494897427832,21
random_search,4,1745,34,19.01657508881031,17.54494897427832,21
random_search,4,1746,34,22.608607914449795,17.54494897427832,21
random_search,4,1747,34,19.554065922853802,17.54494897427832,21
random_search,4,1748,34,19.724807680927192,17.54494897427832,21
random_search,4,1749,34,19.316590212458493,17.54494897427832,21
random_search,4,1750,35,22.485677655436824,17.54494897427832,21
random_search,4,1751,35,20.396662954709576,17.54494897427832,21
random_search,4,1752,35,20.928991560298222,17.54494897427832,21
random_search,4,1753,35,19.2770329614269,17.54494897427832,21
random_search,4,1754,35,20.49373774505092,17.54494897427832,21
random_search,4,1755,35,19.98148877222268,17.54494897427832,21
random_search,4,1756,35,21.69332590941915,17.54494897427832,21
random_search,4,1757,35,22.672458299147443,17.54494897427832,21
random_search,4,1758,35,20.20713075057055,17.54494897427832,21
random_search,4,1759,35,19.536664289109584,17.54494897427832,21
random_search,4,1760,35,23.527953488110057,17.54494897427832,21
random_search,4,1761,35,21.78790581563873,17.54494897427832,21
random_search,4,1762,35,19.97763888346312,17.54494897427832,21
random_search,4,1763,35,21.241653005427764,17.54494897427832,21
random_search,4,1764,35,19.99582971014219,17.54494897427832,21
random_search,4,1765,35,19.08522995463527,17.54494897427832,21
random_search,4,1766,35,20.27488738510232,17.54494897427832,21
random_search,4,1767,35,21.5,17.54494897427832,21
random_search,4,1768,35,21.088409872672514,17.54494897427832,21
random_search,4,1769,35,20.50454076850486,17.54494897427832,21
random_search,4,1770,35,21.36124969497314,17.54494897427832,21
random_search,4,1771,35,19.975817632051932,17.54494897427832,21
random_search,4,1772,35,22.449615361854384,17.54494897427832,21
random_search,4,1773,35,21.015167380558044,17.54494897427832,21
random_search,4,1774,35,20.61245154965971,17.54494897427832,21
random_search,4,1775,35,20.957066051117284,17.54494897427832,21
random_search,4,1776,35,21.5,17.54494897427832,21
random_search,4,1777,35,21.077902338672775,17.54494897427832,21
random_search,4,1778,35,21.59136645896019,17.54494897427832,21
random_search,4,1779,35,20.49582971014219,17.54494897427832,21
random_search,4,1780,35,20.400000000000002,17.54494897427832,21
random_search,4,1781,35,20.780350850198275,17.54494897427832,21
random_search,4,1782,35,23.146426544510454,17.54494897427832,21
random_search,4,1783,35,22.082207001484488,17.54494897427832,21
random_search,4,1784,35,21.822611077089288,17.54494897427832,21
random_search,4,1785,35,19.391153452528776,17.54494897427832,21
random_search,4,1786,35,19.60554700852678,17.54494897427832,21
random_search,4,1787,35,20.189974874213238,17.54494897427832,21
random_search,4,1788,35,20.183266665599966,17.54494897427832,21
random_search,4,1789,35,20.622611077089285,17.54494897427832,21
random_search,4,1790,35,19.55796522451032,17.54494897427832,21
random_search,4,1791,35,20.341653005427766,17.54494897427832,21
random_search,4,1792,35,19.919090595827292,17.54494897427832,21
random_search,4,1793,35,19.49373774505092,17.54494897427832,21
random_search,4,1794,35,21.48328677803526,17.54494897427832,21
random_search,4,1795,35,21.46204993518133,17.54494897427832,21
random_search,4,1796,35,19.91084400165827,17.54494897427832,21
random_search,4,1797,35,20.438181191654586,17.54494897427832,21
random_search,4,1798,35,20.761249694973138,17.54494897427832,21
random_search,4,1799,35,19.927105745132007,17.54494897427832,21
random_search,4,1800,36,21.93469899493758,17.54494897427832,21
random_search,4,1801,36,20.28997487421324,17.54494897427832,21
random_search,4,1802,36,21.03072757526625,17.54494897427832,21
random_search,4,1803,36,21.254065922853805,17.54494897427832,21
random_search,4,1804,36,19.467670500619608,17.54494897427832,21
random_search,4,1805,36,19.50554700852678,17.54494897427832,21
random_search,4,1806,36,21.134698994937583,17.54494897427832,21
random_search,4,1807,36,20.67359245282264,17.54494897427832,21
random_search,4,1808,36,17.8295630140987,17.54494897427832,21
random_search,4,1809,36,20.160107523773828,17.54494897427832,21
random_search,4,1810,36,19.66794833886788,17.54494897427832,21
random_search,4,1811,36,19.659126028197402,17.54494897427832,21
random_search,4,1812,36,19.1431676725155,17.54494897427832,21
random_search,4,1813,36,21.761706725018236,17.54494897427832,21
random_search,4,1814,36,20.909975124224175,17.54494897427832,21
random_search,4,1815,36,21.662277660168378,17.54494897427832,21
random_search,4,1816,36,20.53721152139079,17.54494897427832,21
random_search,4,1817,36,21.710844001658266,17.54494897427832,21
random_search,4,1818,36,21.44928556845359,17.54494897427832,21
random_search,4,1819,36,20.90454076850486,17.54494897427832,21
random_search,4,1820,36,19.54928556845359,17.54494897427832,21
random_search,4,1821,36,20.8732137494637,17.54494897427832,21
random_search,4,1822,36,21.91547594742265,17.54494897427832,21
random_search,4,1823,36,20.42756668824971,17.54494897427832,21
random_search,4,1824,36,20.256465996625053,17.54494897427832,21
random_search,4,1825,36,23.08072158238645,17.54494897427832,21
random_search,4,1826,36,21.880972058177587,17.54494897427832,21
random_search,4,1827,36,19.68062484748657,17.54494897427832,21
random_search,4,1828,36,21.53721152139079,17.54494897427832,21
random_search,4,1829,36,20.68910462845192,17.54494897427832,21
random_search,4,1830,36,21.536664289109584,17.54494897427832,21
random_search,4,1831,36,21.07364413533277,17.54494897427832,21
random_search,4,1832,36,20.59544511501033,17.54494897427832,21
random_search,4,1833,36,21.27488738510232,17.54494897427832,21
random_search,4,1834,36,20.91916017074176,17.54494897427832,21
random_search,4,1835,36,19.86397674405503,17.54494897427832,21
random_search,4,1836,36,20.159126028197402,17.54494897427832,21
random_search,4,1837,36,22.108607914449795,17.54494897427832,21
random_search,4,1838,36,20.43130005674953,17.54494897427832,21
random_search,4,1839,36,22.034387974463897,17.54494897427832,21
random_search,4,1840,36,22.588078318274384,17.54494897427832,21
random_search,4,1841,36,20.20293863659264,17.54494897427832,21
random_search,4,1842,36,20.387467277262665,17.54494897427832,21
random_search,4,1843,36,20.260681686165903,17.54494897427832,21
random_search,4,1844,36,20.189974874213238,17.54494897427832,21
random_search,4,1845,36,20.923538406167136,17.54494897427832,21
random_search,4,1846,36,22.292848008753786,17.54494897427832,21
random_search,4,1847,36,20.814642819948226,17.54494897427832,21
random_search,4,1848,36,20.521347195933174,17.54494897427832,21
random_search,4,1849,36,19.983266665599963,17.54494897427832,21
random_search,4,1850,37,20.16770782520313,17.54494897427832,21
random_search,4,1851,37,20.04928556845359,17.54494897427832,21
random_search,4,1852,37,18.5,17.54494897427832,21
random_search,4,1853,37,19.64355957741627,17.54494897427832,21
random_search,4,1854,37,20.40454076850486,17.54494897427832,21
random_search,4,1855,37,20.00454076850486,17.54494897427832,21
random_search,4,1856,37,21.049444375840398,17.54494897427832,21
random_search,4,1857,37,19.98148877222268,17.54494897427832,21
random_search,4,1858,37,19.06953597148327,17.54494897427832,21
random_search,4,1859,37,19.448683298050515,17.54494897427832,21
random_search,4,1860,37,21.00454076850486,17.54494897427832,21
random_search,4,1861,37,22.32842712474619,17.54494897427832,21
random_search,4,1862,37,23.009447398198283,17.54494897427832,21
random_search,4,1863,37,21.485677655436824,17.54494897427832,21
random_search,4,1864,37,21.5576411454889,17.54494897427832,21
random_search,4,1865,37,21.41547594742265,17.54494897427832,21
random_search,4,1866,37,22.25306852353742,17.54494897427832,21
random_search,4,1867,37,18.512403840463595,17.54494897427832,21
random_search,4,1868,37,21.70713075057055,17.54494897427832,21
random_search,4,1869,37,19.20293863659264,17.54494897427832,21
random_search,4,1870,37,20.039013913315678,17.54494897427832,21
random_search,4,1871,37,19.264911064067352,17.54494897427832,21
random_search,4,1872,37,20.911871208194288,17.54494897427832,21
random_search,4,1873,37,21.372004514666937,17.54494897427832,21
random_search,4,1874,37,22.085677655436825,17.54494897427832,21
random_search,4,1875,37,19.408304597359457,17.54494897427832,21
random_search,4,1876,37,21.033907960581374,17.54494897427832,21
random_search,4,1877,37,20.381742422927143,17.54494897427832,21
random_search,4,1878,37,20.599999999999998,17.54494897427832,21
random_search,4,1879,37,21.77488738510232,17.54494897427832,21
random_search,4,1880,37,21.471750305430742,17.54494897427832,21
random_search,4,1881,37,20.609975124224178,17.54494897427832,21
random_search,4,1882,37,21.676575213227444,17.54494897427832,21
random_search,4,1883,37,21.085677655436825,17.54494897427832,21
random_search,4,1884,37,21.00554700852678,17.54494897427832,21
random_search,4,1885,37,20.33390796058137,17.54494897427832,21
random_search,4,1886,37,20.193737745050925,17.54494897427832,21
random_search,4,1887,37,19.900000000000002,17.54494897427832,21
random_search,4,1888,37,21.483266665599963,17.54494897427832,21
random_search,4,1889,37,21.109975124224178,17.54494897427832,21
random_search,4,1890,37,20.95472369909914,17.54494897427832,21
random_search,4,1891,37,21.615167380558045,17.54494897427832,21
random_search,4,1892,37,20.18062484748657,17.54494897427832,21
random_search,4,1893,37,21.382085548648714,17.54494897427832,21
random_search,4,1894,37,21.802172886644268,17.54494897427832,21
random_search,4,1895,37,22.843024810940587,17.54494897427832,21
random_search,4,1896,37,20.167156809750924,17.54494897427832,21
random_search,4,1897,37,21.213594362117867,17.54494897427832,21
random_search,4,1898,37,20.483239697419133,17.54494897427832,21
random_search,4,1899,37,20.509980079602226,17.54494897427832,21
random_search,4,1900,38,18.880697580112788,17.54494897427832,21
random_search,4,1901,38,20.491153452528778,17.54494897427832,21
random_search,4,1902,38,22.520897306865447,17.54494897427832,21
random_search,4,1903,38,19.735270009440733,17.54494897427832,21
random_search,4,1904,38,19.91084400165827,17.54494897427832,21
random_search,4,1905,38,23.66405499221705,17.54494897427832,21
random_search,4,1906,38,20.932575659723035,17.54494897427832,21
random_search,4,1907,38,21.549545416973505,17.54494897427832,21
random_search,4,1908,38,19.30990195135928,17.54494897427832,21
random_search,4,1909,38,18.960232526704264,17.54494897427832,21
random_search,4,1910,38,21.25576411921994,17.54494897427832,21
random_search,4,1911,38,20.599999999999998,17.54494897427832,21
random_search,4,1912,38,19.73622914957372,17.54494897427832,21
random_search,4,1913,38,23.0731721238443,17.54494897427832,21
random_search,4,1914,38,21.549509756796393,17.54494897427832,21
random_search,4,1915,38,21.45472369909914,17.54494897427832,21
random_search,4,1916,38,21.015167380558044,17.54494897427832,21
random_search,4,1917,38,21.892415526630867,17.54494897427832,21
random_search,4,1918,38,20.362873883832776,17.54494897427832,21
random_search,4,1919,38,20.662277660168378,17.54494897427832,21
random_search,4,1920,38,21.256809750418043,17.54494897427832,21
random_search,4,1921,38,21.690890230020663,17.54494897427832,21
random_search,4,1922,38,21.345207879911715,17.54494897427832,21
random_search,4,1923,38,20.577902338672775,17.54494897427832,21
random_search,4,1924,38,19.44928556845359,17.54494897427832,21
random_search,4,1925,38,21.41547594742265,17.54494897427832,21
random_search,4,1926,38,20.44948974278318,17.54494897427832,21
random_search,4,1927,38,18.239071942966532,17.54494897427832,21
random_search,4,1928,38,20.714944167960986,17.54494897427832,21
random_search,4,1929,38,21.637715508089904,17.54494897427832,21
random_search,4,1930,38,19.861324772583615,17.54494897427832,21
random_search,4,1931,38,21.493468988235943,17.54494897427832,21
random_search,4,1932,38,21.12074368738204,17.54494897427832,21
random_search,4,1933,38,21.690890230020663,17.54494897427832,21
random_search,4,1934,38,21.276575213227446,17.54494897427832,21
random_search,4,1935,38,23.40587727318528,17.54494897427832,21
random_search,4,1936,38,21.319160170741757,17.54494897427832,21
random_search,4,1937,38,21.681934729198172,17.54494897427832,21
random_search,4,1938,38,20.33390796058137,17.54494897427832,21
random_search,4,1939,38,19.98148877222268,17.54494897427832,21
random_search,4,1940,38,21.380697580112788,17.54494897427832,21
random_search,4,1941,38,22.30142828000232,17.54494897427832,21
random_search,4,1942,38,20.494438717061495,17.54494897427832,21
random_search,4,1943,38,21.577154105707724,17.54494897427832,21
random_search,4,1944,38,20.36397674405503,17.54494897427832,21
random_search,4,1945,38,22.17804971641414,17.54494897427832,21
random_search,4,1946,38,21.810693864511038,17.54494897427832,21
random_search,4,1947,38,20.753720459187964,17.54494897427832,21
random_search,4,1948,38,19.822611077089288,17.54494897427832,21
random_search,4,1949,38,22.771085446759226,17.54494897427832,21
random_search,4,1950,39,20.629705854077837,17.54494897427832,21
random_search,4,1951,39,19.288061301782108,17.54494897427832,21
random_search,4,1952,39,19.880624847486573,17.54494897427832,21
random_search,4,1953,39,20.83390796058137,17.54494897427832,21
random_search,4,1954,39,22.392415526630867,17.54494897427832,21
random_search,4,1955,39,20.83390796058137,17.54494897427832,21
random_search,4,1956,39,21.63907194296653,17.54494897427832,21
random_search,4,1957,39,21.183281572999746,17.54494897427832,21
random_search,4,1958,39,20.58113883008419,17.54494897427832,21
random_search,4,1959,39,20.302172886644268,17.54494897427832,21
random_search,4,1960,39,20.62664991614216,17.54494897427832,21
random_search,4,1961,39,20.409975124224175,17.54494897427832,21
random_search,4,1962,39,21.10768096208106,17.54494897427832,21
random_search,4,1963,39,19.844994432064368,17.54494897427832,21
random_search,4,1964,39,20.68679622641132,17.54494897427832,21
random_search,4,1965,39,21.599999999999998,17.54494897427832,21
random_search,4,1966,39,20.47484176581315,17.54494897427832,21
random_search,4,1967,39,20.08113883008419,17.54494897427832,21
random_search,4,1968,39,21.880972058177587,17.54494897427832,21
random_search,4,1969,39,21.43469899493758,17.54494897427832,21
random_search,4,1970,39,21.43238075793812,17.54494897427832,21
random_search,4,1971,39,20.414213562373096,17.54494897427832,21
random_search,4,1972,39,20.253720459187964,17.54494897427832,21
random_search,4,1973,39,19.757583690279024,17.54494897427832,21
random_search,4,1974,39,21.440063693621518,17.54494897427832,21
random_search,4,1975,39,20.213594362117867,17.54494897427832,21
random_search,4,1976,39,21.016609194718917,17.54494897427832,21
random_search,4,1977,39,21.088435821108956,17.54494897427832,21
random_search,4,1978,39,21.17804971641414,17.54494897427832,21
random_search,4,1979,39,20.316590212458493,17.54494897427832,21
random_search,4,1980,39,18.474165738677396,17.54494897427832,21
random_search,4,1981,39,20.44935886896179,17.54494897427832,21
random_search,4,1982,39,22.035533905932738,17.54494897427832,21
random_search,4,1983,39,21.049444375840398,17.54494897427832,21
random_search,4,1984,39,19.033907960581374,17.54494897427832,21
random_search,4,1985,39,21.593468988235944,17.54494897427832,21
random_search,4,1986,39,21.53315017762062,17.54494897427832,21
random_search,4,1987,39,19.449137674618942,17.54494897427832,21
random_search,4,1988,39,21.391153452528776,17.54494897427832,21
random_search,4,1989,39,19.788061301782108,17.54494897427832,21
random_search,4,1990,39,19.683266665599966,17.54494897427832,21
random_search,4,1991,39,20.80199920063936,17.54494897427832,21
random_search,4,1992,39,19.859591794226542,17.54494897427832,21
random_search,4,1993,39,20.938181191654586,17.54494897427832,21
random_search,4,1994,39,21.03721152139079,17.54494897427832,21
random_search,4,1995,39,22.174021572639983,17.54494897427832,21
random_search,4,1996,39,20.26468827043885,17.54494897427832,21
random_search,4,1997,39,19.08113883008419,17.54494897427832,21
random_search,4,1998,39,21.621320343559642,17.54494897427832,21
random_search,4,1999,39,21.239071942966532,17.54494897427832,21
random_search,4,2000,40,20.76468827043885,17.54494897427832,21
random_search,4,2001,40,19.640967364599085,17.54494897427832,21
random_search,4,2002,40,19.769693845669906,17.54494897427832,21
random_search,4,2003,40,20.420465053408524,17.54494897427832,21
random_search,4,2004,40,20.660107523773828,17.54494897427832,21
random_search,4,2005,40,20.3,17.54494897427832,21
random_search,4,2006,40,20.41916017074176,17.54494897427832,21
random_search,4,2007,40,21.53072757526625,17.54494897427832,21
random_search,4,2008,40,19.423538406167136,17.54494897427832,21
random_search,4,2009,40,20.975817632051932,17.54494897427832,21
random_search,4,2010,40,21.331098884280703,17.54494897427832,21
random_search,4,2011,40,20.391153452528776,17.54494897427832,21
random_search,4,2012,40,21.276575213227446,17.54494897427832,21
random_search,4,2013,40,20.949444375840397,17.54494897427832,21
random_search,4,2014,40,22.926109321823088,17.54494897427832,21
random_search,4,2015,40,18.764911064067352,17.54494897427832,21
random_search,4,2016,40,21.34390889145858,17.54494897427832,21
random_search,4,2017,40,21.560107523773826,17.54494897427832,21
random_search,4,2018,40,22.01662062579967,17.54494897427832,21
random_search,4,2019,40,22.13901391331568,17.54494897427832,21
random_search,4,2020,40,20.063818169698585,17.54494897427832,21
random_search,4,2021,40,19.597617696340304,17.54494897427832,21
random_search,4,2022,40,21.316590212458493,17.54494897427832,21
random_search,4,2023,40,20.50554700852678,17.54494897427832,21
random_search,4,2024,40,20.49373774505092,17.54494897427832,21
random_search,4,2025,40,22.504834939252003,17.54494897427832,21
random_search,4,2026,40,20.322611077089288,17.54494897427832,21
random_search,4,2027,40,19.01651513899117,17.54494897427832,21
random_search,4,2028,40,20.37840487520902,17.54494897427832,21
random_search,4,2029,40,21.642787793912433,17.54494897427832,21
random_search,4,2030,40,22.20185121722126,17.54494897427832,21
random_search,4,2031,40,22.407567081708248,17.54494897427832,21
random_search,4,2032,40,20.400000000000002,17.54494897427832,21
random_search,4,2033,40,19.785229954635273,17.54494897427832,21
random_search,4,2034,40,21.449615361854384,17.54494897427832,21
random_search,4,2035,40,20.7,17.54494897427832,21
random_search,4,2036,40,21.214944167960986,17.54494897427832,21
random_search,4,2037,40,21.524845673131658,17.54494897427832,21
random_search,4,2038,40,21.509980079602226,17.54494897427832,21
random_search,4,2039,40,22.69358446678636,17.54494897427832,21
random_search,4,2040,40,19.673320053068153,17.54494897427832,21
random_search,4,2041,40,21.86397674405503,17.54494897427832,21
random_search,4,2042,40,20.3576411454889,17.54494897427832,21
random_search,4,2043,40,21.887475490101846,17.54494897427832,21
random_search,4,2044,40,20.949444375840397,17.54494897427832,21
random_search,4,2045,40,23.063705936241092,17.54494897427832,21
random_search,4,2046,40,21.161706725018234,17.54494897427832,21
random_search,4,2047,40,22.54959013639538,17.54494897427832,21
random_search,4,2048,40,21.33390796058137,17.54494897427832,21
random_search,4,2049,40,18.869535971483266,17.54494897427832,21
random_search,4,2050,41,20.94935886896179,17.54494897427832,21
random_search,4,2051,41,22.86154726279432,17.54494897427832,21
random_search,4,2052,41,20.140175425099137,17.54494897427832,21
random_search,4,2053,41,21.80805405358401,17.54494897427832,21
random_search,4,2054,41,22.18208554864871,17.54494897427832,21
random_search,4,2055,41,18.56953597148327,17.54494897427832,21
random_search,4,2056,41,21.957066051117284,17.54494897427832,21
random_search,4,2057,41,19.63907194296653,17.54494897427832,21
random_search,4,2058,41,20.253720459187964,17.54494897427832,21
random_search,4,2059,41,20.29283882771841,17.54494897427832,21
random_search,4,2060,41,18.757583690279024,17.54494897427832,21
random_search,4,2061,41,21.41084400165827,17.54494897427832,21
random_search,4,2062,41,21.57364413533277,17.54494897427832,21
random_search,4,2063,41,22.343024810940587,17.54494897427832,21
random_search,4,2064,41,21.114642819948223,17.54494897427832,21
random_search,4,2065,41,21.380697580112788,17.54494897427832,21
random_search,4,2066,41,22.36356421265527,17.54494897427832,21
random_search,4,2067,41,21.457066051117284,17.54494897427832,21
random_search,4,2068,41,20.227566688249706,17.54494897427832,21
random_search,4,2069,41,19.62736184954957,17.54494897427832,21
random_search,4,2070,41,22.106659275674584,17.54494897427832,21
random_search,4,2071,41,19.20332963783729,17.54494897427832,21
random_search,4,2072,41,18.512403840463595,17.54494897427832,21
random_search,4,2073,41,21.8459060435492,17.54494897427832,21
random_search,4,2074,41,21.381742422927143,17.54494897427832,21
random_search,4,2075,41,20.577154105707724,17.54494897427832,21
random_search,4,2076,41,20.377902338672772,17.54494897427832,21
random_search,4,2077,41,20.761706725018236,17.54494897427832,21
random_search,4,2078,41,21.549444375840398,17.54494897427832,21
random_search,4,2079,41,22.47156333832011,17.54494897427832,21
random_search,4,2080,41,20.41084400165827,17.54494897427832,21
random_search,4,2081,41,20.608607914449795,17.54494897427832,21
random_search,4,2082,41,19.861324772583615,17.54494897427832,21
random_search,4,2083,41,20.461324772583616,17.54494897427832,21
random_search,4,2084,41,20.362873883832776,17.54494897427832,21
random_search,4,2085,41,20.554065922853802,17.54494897427832,21
random_search,4,2086,41,21.054065922853802,17.54494897427832,21
random_search,4,2087,41,21.923538406167136,17.54494897427832,21
random_search,4,2088,41,20.555294535724684,17.54494897427832,21
random_search,4,2089,41,21.938181191654586,17.54494897427832,21
random_search,4,2090,41,19.615167380558045,17.54494897427832,21
random_search,4,2091,41,19.55758369027902,17.54494897427832,21
random_search,4,2092,41,18.922497216032184,17.54494897427832,21
random_search,4,2093,41,18.814944167960988,17.54494897427832,21
random_search,4,2094,41,21.50516780926679,17.54494897427832,21
random_search,4,2095,41,22.01058907144937,17.54494897427832,21
random_search,4,2096,41,20.617935662402836,17.54494897427832,21
random_search,4,2097,41,20.435415650406263,17.54494897427832,21
random_search,4,2098,41,20.10768096208106,17.54494897427832,21
random_search,4,2099,41,19.01657508881031,17.54494897427832,21
random_search,4,2100,42,23.36356421265527,17.54494897427832,21
random_search,4,2101,42,20.880972058177587,17.54494897427832,21
random_search,4,2102,42,18.900000000000002,17.54494897427832,21
random_search,4,2103,42,20.97763888346312,17.54494897427832,21
random_search,4,2104,42,21.261249694973138,17.54494897427832,21
random_search,4,2105,42,20.330950643030008,17.54494897427832,21
random_search,4,2106,42,21.020465053408525,17.54494897427832,21
random_search,4,2107,42,19.70332963783729,17.54494897427832,21
random_search,4,2108,42,21.72490309931942,17.54494897427832,21
random_search,4,2109,42,19.870828693386972,17.54494897427832,21
random_search,4,2110,42,21.50454076850486,17.54494897427832,21
random_search,4,2111,42,20.911871208194288,17.54494897427832,21
random_search,4,2112,42,20.626785107312738,17.54494897427832,21
random_search,4,2113,42,19.420465053408524,17.54494897427832,21
random_search,4,2114,42,21.659126028197402,17.54494897427832,21
random_search,4,2115,42,21.0576411454889,17.54494897427832,21
random_search,4,2116,42,18.18321595661992,17.54494897427832,21
random_search,4,2117,42,19.00830459735946,17.54494897427832,21
random_search,4,2118,42,20.98148877222268,17.54494897427832,21
random_search,4,2119,42,21.016609194718917,17.54494897427832,21
random_search,4,2120,42,22.217800560721074,17.54494897427832,21
random_search,4,2121,42,20.239607805437114,17.54494897427832,21
random_search,4,2122,42,22.534192325759246,17.54494897427832,21
random_search,4,2123,42,20.66794833886788,17.54494897427832,21
random_search,4,2124,42,22.137715508089904,17.54494897427832,21
random_search,4,2125,42,20.93469899493758,17.54494897427832,21
random_search,4,2126,42,22.0153393661244,17.54494897427832,21
random_search,4,2127,42,21.140967364599085,17.54494897427832,21
random_search,4,2128,42,21.28790581563873,17.54494897427832,21
random_search,4,2129,42,22.07364413533277,17.54494897427832,21
random_search,4,2130,42,21.196150997149434,17.54494897427832,21
random_search,4,2131,42,20.606659275674584,17.54494897427832,21
random_search,4,2132,42,19.735270009440733,17.54494897427832,21
random_search,4,2133,42,21.05796522451032,17.54494897427832,21
random_search,4,2134,42,20.00830459735946,17.54494897427832,21
random_search,4,2135,42,20.92756668824971,17.54494897427832,21
random_search,4,2136,42,21.66405499221705,17.54494897427832,21
random_search,4,2137,42,22.183281572999746,17.54494897427832,21
random_search,4,2138,42,21.770540018881462,17.54494897427832,21
random_search,4,2139,42,20.060107523773826,17.54494897427832,21
random_search,4,2140,42,20.20293863659264,17.54494897427832,21
random_search,4,2141,42,19.12664991614216,17.54494897427832,21
random_search,4,2142,42,21.8459060435492,17.54494897427832,21
random_search,4,2143,42,21.8219040425837,17.54494897427832,21
random_search,4,2144,42,21.23205080756888,17.54494897427832,21
random_search,4,2145,42,20.7131126469709,17.54494897427832,21
random_search,4,2146,42,20.134698994937583,17.54494897427832,21
random_search,4,2147,42,19.7131126469709,17.54494897427832,21
random_search,4,2148,42,21.309243436828815,17.54494897427832,21
random_search,4,2149,42,20.732380757938117,17.54494897427832,21
random_search,4,2150,43,21.589983277545212,17.54494897427832,21
random_search,4,2151,43,21.214944167960986,17.54494897427832,21
random_search,4,2152,43,22.595451410656818,17.54494897427832,21
random_search,4,2153,43,18.448683298050515,17.54494897427832,21
random_search,4,2154,43,20.256809750418043,17.54494897427832,21
random_search,4,2155,43,20.78193472919817,17.54494897427832,21
random_search,4,2156,43,20.024845673131658,17.54494897427832,21
random_search,4,2157,43,20.788854381999833,17.54494897427832,21
random_search,4,2158,43,19.52664991614216,17.54494897427832,21
random_search,4,2159,43,19.760681686165903,17.54494897427832,21
random_search,4,2160,43,22.093468988235944,17.54494897427832,21
random_search,4,2161,43,20.90454076850486,17.54494897427832,21
random_search,4,2162,43,20.164582518894846,17.54494897427832,21
random_search,4,2163,43,20.167156809750924,17.54494897427832,21
random_search,4,2164,43,21.370828693386972,17.54494897427832,21
random_search,4,2165,43,21.975817632051932,17.54494897427832,21
random_search,4,2166,43,21.07364413533277,17.54494897427832,21
random_search,4,2167,43,18.7770329614269,17.54494897427832,21
random_search,4,2168,43,22.1886890422961,17.54494897427832,21
random_search,4,2169,43,22.86356421265527,17.54494897427832,21
random_search,4,2170,43,19.95306852353742,17.54494897427832,21
random_search,4,2171,43,20.2770329614269,17.54494897427832,21
random_search,4,2172,43,20.049444375840398,17.54494897427832,21
random_search,4,2173,43,20.548999599679682,17.54494897427832,21
random_search,4,2174,43,18.62664991614216,17.54494897427832,21
random_search,4,2175,43,20.361324772583615,17.54494897427832,21
random_search,4,2176,43,21.411871208194288,17.54494897427832,21
random_search,4,2177,43,20.92756668824971,17.54494897427832,21
random_search,4,2178,43,20.227566688249706,17.54494897427832,21
random_search,4,2179,43,20.136664289109586,17.54494897427832,21
random_search,4,2180,43,21.70185121722126,17.54494897427832,21
random_search,4,2181,43,19.281488772222676,17.54494897427832,21
random_search,4,2182,43,19.64355957741627,17.54494897427832,21
random_search,4,2183,43,20.839607805437115,17.54494897427832,21
random_search,4,2184,43,23.142787793912433,17.54494897427832,21
random_search,4,2185,43,22.315587038162708,17.54494897427832,21
random_search,4,2186,43,20.254723699099138,17.54494897427832,21
random_search,4,2187,43,22.04959013639538,17.54494897427832,21
random_search,4,2188,43,22.217800560721074,17.54494897427832,21
random_search,4,2189,43,20.311871208194287,17.54494897427832,21
random_search,4,2190,43,20.179075450674063,17.54494897427832,21
random_search,4,2191,43,19.95870331449229,17.54494897427832,21
random_search,4,2192,43,20.492838827718412,17.54494897427832,21
random_search,4,2193,43,20.92756668824971,17.54494897427832,21
random_search,4,2194,43,21.07156333832011,17.54494897427832,21
random_search,4,2195,43,21.114482300479487,17.54494897427832,21
random_search,4,2196,43,21.380697580112788,17.54494897427832,21
random_search,4,2197,43,21.493468988235943,17.54494897427832,21
random_search,4,2198,43,19.423538406167136,17.54494897427832,21
random_search,4,2199,43,22.110589071449372,17.54494897427832,21
random_search,4,2200,44,22.337211521390785,17.54494897427832,21
random_search,4,2201,44,18.760681686165903,17.54494897427832,21
random_search,4,2202,44,17.369535971483266,17.369535971483266,21
random_search,4,2203,44,20.507130750570546,17.369535971483266,21
random_search,4,2204,44,20.59072480941474,17.369535971483266,21
random_search,4,2205,44,22.137715508089904,17.369535971483266,21
random_search,4,2206,44,21.40831891575846,17.369535971483266,21
random_search,4,2207,44,21.380697580112788,17.369535971483266,21
random_search,4,2208,44,19.27979589711327,17.369535971483266,21
random_search,4,2209,44,20.880697580112788,17.369535971483266,21
random_search,4,2210,44,21.15486705347928,17.369535971483266,21
random_search,4,2211,44,18.22736184954957,17.369535971483266,21
random_search,4,2212,44,21.880972058177587,17.369535971483266,21
random_search,4,2213,44,20.16405499221705,17.369535971483266,21
random_search,4,2214,44,18.88494332412792,17.369535971483266,21
random_search,4,2215,44,19.891153452528776,17.369535971483266,21
random_search,4,2216,44,20.93469899493758,17.369535971483266,21
random_search,4,2217,44,20.214944167960986,17.369535971483266,21
random_search,4,2218,44,21.780350850198275,17.369535971483266,21
random_search,4,2219,44,21.917935662402833,17.369535971483266,21
random_search,4,2220,44,21.32232783924049,17.369535971483266,21
random_search,4,2221,44,20.172004514666934,17.369535971483266,21
random_search,4,2222,44,19.87840487520902,17.369535971483266,21
random_search,4,2223,44,20.241653005427764,17.369535971483266,21
random_search,4,2224,44,21.40454076850486,17.369535971483266,21
random_search,4,2225,44,18.83622914957372,17.369535971483266,21
random_search,4,2226,44,19.845207879911715,17.369535971483266,21
random_search,4,2227,44,20.411871208194288,17.369535971483266,21
random_search,4,2228,44,20.256465996625053,17.369535971483266,21
random_search,4,2229,44,19.729563014098698,17.369535971483266,21
random_search,4,2230,44,20.76397674405503,17.369535971483266,21
random_search,4,2231,44,21.113112646970897,17.369535971483266,21
random_search,4,2232,44,21.87571129984594,17.369535971483266,21
random_search,4,2233,44,21.967491648096548,17.369535971483266,21
random_search,4,2234,44,19.991153452528778,17.369535971483266,21
random_search,4,2235,44,19.396662954709576,17.369535971483266,21
random_search,4,2236,44,21.91916017074176,17.369535971483266,21
random_search,4,2237,44,20.22574776766556,17.369535971483266,21
random_search,4,2238,44,21.420465053408524,17.369535971483266,21
random_search,4,2239,44,21.016609194718917,17.369535971483266,21
random_search,4,2240,44,21.2,17.369535971483266,21
random_search,4,2241,44,18.52828568570857,17.369535971483266,21
random_search,4,2242,44,21.243024810940586,17.369535971483266,21
random_search,4,2243,44,18.729563014098698,17.369535971483266,21
random_search,4,2244,44,21.33390796058137,17.369535971483266,21
random_search,4,2245,44,21.309243436828815,17.369535971483266,21
random_search,4,2246,44,21.754065922853805,17.369535971483266,21
random_search,4,2247,44,21.183281572999746,17.369535971483266,21
random_search,4,2248,44,20.162049935181333,17.369535971483266,21
random_search,4,2249,44,22.121347195933176,17.369535971483266,21
random_search,4,2250,45,22.41152144312159,17.369535971483266,21
random_search,4,2251,45,20.134698994937583,17.369535971483266,21
random_search,4,2252,45,20.461324772583616,17.369535971483266,21
random_search,4,2253,45,19.967707825203128,17.369535971483266,21
random_search,4,2254,45,20.362873883832776,17.369535971483266,21
random_search,4,2255,45,21.412931993250105,17.369535971483266,21
random_search,4,2256,45,20.269693845669906,17.369535971483266,21
random_search,4,2257,45,20.82232783924049,17.369535971483266,21
random_search,4,2258,45,20.781934729198174,17.369535971483266,21
random_search,4,2259,45,20.32828568570857,17.369535971483266,21
random_search,4,2260,45,20.57364413533277,17.369535971483266,21
random_search,4,2261,45,22.161706725018234,17.369535971483266,21
random_search,4,2262,45,21.603569153775236,17.369535971483266,21
random_search,4,2263,45,19.41916017074176,17.369535971483266,21
random_search,4,2264,45,19.18321595661992,17.369535971483266,21
random_search,4,2265,45,21.295829710142186,17.369535971483266,21
random_search,4,2266,45,21.539387691339815,17.369535971483266,21
random_search,4,2267,45,21.715339366124404,17.369535971483266,21
random_search,4,2268,45,21.5153393661244,17.369535971483266,21
random_search,4,2269,45,20.56287388383278,17.369535971483266,21
random_search,4,2270,45,22.06767050061961,17.369535971483266,21
random_search,4,2271,45,18.640175425099137,17.369535971483266,21
random_search,4,2272,45,20.302172886644268,17.369535971483266,21
random_search,4,2273,45,19.679075450674063,17.369535971483266,21
random_search,4,2274,45,20.816609194718914,17.369535971483266,21
random_search,4,2275,45,22.10768096208106,17.369535971483266,21
random_search,4,2276,45,20.66794833886788,17.369535971483266,21
random_search,4,2277,45,19.387467277262665,17.369535971483266,21
random_search,4,2278,45,21.900000000000002,17.369535971483266,21
random_search,4,2279,45,21.3732137494637,17.369535971483266,21
random_search,4,2280,45,22.05796522451032,17.369535971483266,21
random_search,4,2281,45,21.054065922853802,17.369535971483266,21
random_search,4,2282,45,20.20293863659264,17.369535971483266,21
random_search,4,2283,45,19.7,17.369535971483266,21
random_search,4,2284,45,19.584943324127924,17.369535971483266,21
random_search,4,2285,45,20.549509756796393,17.369535971483266,21
random_search,4,2286,45,22.309243436828815,17.369535971483266,21
random_search,4,2287,45,21.827636339397174,17.369535971483266,21
random_search,4,2288,45,21.099999999999998,17.369535971483266,21
random_search,4,2289,45,19.411871208194288,17.369535971483266,21
random_search,4,2290,45,21.644994432064365,17.369535971483266,21
random_search,4,2291,45,21.214674215792776,17.369535971483266,21
random_search,4,2292,45,21.417935662402833,17.369535971483266,21
random_search,4,2293,45,22.29192496674806,17.369535971483266,21
random_search,4,2294,45,21.917935662402833,17.369535971483266,21
random_search,4,2295,45,22.146426544510454,17.369535971483266,21
random_search,4,2296,45,22.119183588453083,17.369535971483266,21
random_search,4,2297,45,21.32232783924049,17.369535971483266,21
random_search,4,2298,45,20.224807680927192,17.369535971483266,21
random_search,4,2299,45,20.62074368738204,17.369535971483266,21
random_search,4,2300,46,18.26023252670426,17.369535971483266,21
random_search,4,2301,46,21.121320343559642,17.369535971483266,21
random_search,4,2302,46,20.48148877222268,17.369535971483266,21
random_search,4,2303,46,21.923538406167136,17.369535971483266,21
random_search,4,2304,46,20.780350850198275,17.369535971483266,21
random_search,4,2305,46,21.52710574513201,17.369535971483266,21
random_search,4,2306,46,20.68208554864871,17.369535971483266,21
random_search,4,2307,46,21.75941170815567,17.369535971483266,21
random_search,4,2308,46,21.145906043549196,17.369535971483266,21
random_search,4,2309,46,19.659126028197402,17.369535971483266,21
random_search,4,2310,46,19.13907194296653,17.369535971483266,21
random_search,4,2311,46,20.449444375840397,17.369535971483266,21
random_search,4,2312,46,21.344994432064368,17.369535971483266,21
random_search,4,2313,46,19.193737745050925,17.369535971483266,21
random_search,4,2314,46,23.258323293158117,17.369535971483266,21
random_search,4,2315,46,21.966479394838267,17.369535971483266,21
random_search,4,2316,46,21.440063693621518,17.369535971483266,21
random_search,4,2317,46,21.64131112314674,17.369535971483266,21
random_search,4,2318,46,21.64355957741627,17.369535971483266,21
random_search,4,2319,46,21.859591794226542,17.369535971483266,21
random_search,4,2320,46,21.117935662402836,17.369535971483266,21
random_search,4,2321,46,21.467670500619608,17.369535971483266,21
random_search,4,2322,46,20.277154105707726,17.369535971483266,21
random_search,4,2323,46,21.2131126469709,17.369535971483266,21
random_search,4,2324,46,20.839607805437115,17.369535971483266,21
random_search,4,2325,46,21.11245154965971,17.369535971483266,21
random_search,4,2326,46,22.449545416973503,17.369535971483266,21
random_search,4,2327,46,20.53072757526625,17.369535971483266,21
random_search,4,2328,46,20.533030277982334,17.369535971483266,21
random_search,4,2329,46,21.160107523773828,17.369535971483266,21
random_search,4,2330,46,20.488409872672513,17.369535971483266,21
random_search,4,2331,46,21.90831891575846,17.369535971483266,21
random_search,4,2332,46,21.795829710142186,17.369535971483266,21
random_search,4,2333,46,21.777154105707726,17.369535971483266,21
random_search,4,2334,46,19.549193338482965,17.369535971483266,21
random_search,4,2335,46,21.549444375840398,17.369535971483266,21
random_search,4,2336,46,21.164688270438848,17.369535971483266,21
random_search,4,2337,46,20.93130005674953,17.369535971483266,21
random_search,4,2338,46,20.133030277982336,17.369535971483266,21
random_search,4,2339,46,21.055294535724684,17.369535971483266,21
random_search,4,2340,46,23.064965543462904,17.369535971483266,21
random_search,4,2341,46,19.64131112314674,17.369535971483266,21
random_search,4,2342,46,21.367156809750927,17.369535971483266,21
random_search,4,2343,46,21.302172886644268,17.369535971483266,21
random_search,4,2344,46,21.316590212458493,17.369535971483266,21
random_search,4,2345,46,21.467491648096548,17.369535971483266,21
random_search,4,2346,46,20.453720459187966,17.369535971483266,21
random_search,4,2347,46,20.814642819948226,17.369535971483266,21
random_search,4,2348,46,19.033030277982334,17.369535971483266,21
random_search,4,2349,46,21.859411708155672,17.369535971483266,21
random_search,4,2350,47,20.58113883008419,17.369535971483266,21
random_search,4,2351,47,21.41916017074176,17.369535971483266,21
random_search,4,2352,47,21.449545416973503,17.369535971483266,21
random_search,4,2353,47,20.0,17.369535971483266,21
random_search,4,2354,47,20.985677655436824,17.369535971483266,21
random_search,4,2355,47,21.845207879911715,17.369535971483266,21
random_search,4,2356,47,19.857066051117283,17.369535971483266,21
random_search,4,2357,47,20.536664289109584,17.369535971483266,21
random_search,4,2358,47,19.8,17.369535971483266,21
random_search,4,2359,47,21.549509756796393,17.369535971483266,21
random_search,4,2360,47,21.714674215792776,17.369535971483266,21
random_search,4,2361,47,21.33541565040626,17.369535971483266,21
random_search,4,2362,47,19.967707825203128,17.369535971483266,21
random_search,4,2363,47,20.423538406167136,17.369535971483266,21
random_search,4,2364,47,20.923538406167136,17.369535971483266,21
random_search,4,2365,47,20.108607914449795,17.369535971483266,21
random_search,4,2366,47,20.340967364599088,17.369535971483266,21
random_search,4,2367,47,20.02710574513201,17.369535971483266,21
random_search,4,2368,47,20.020465053408525,17.369535971483266,21
random_search,4,2369,47,20.900000000000002,17.369535971483266,21
random_search,4,2370,47,20.533907960581374,17.369535971483266,21
random_search,4,2371,47,20.07763888346312,17.369535971483266,21
random_search,4,2372,47,21.03072757526625,17.369535971483266,21
random_search,4,2373,47,21.117935662402836,17.369535971483266,21
random_search,4,2374,47,19.68679622641132,17.369535971483266,21
random_search,4,2375,47,20.03072757526625,17.369535971483266,21
random_search,4,2376,47,20.59666295470958,17.369535971483266,21
random_search,4,2377,47,20.949444375840397,17.369535971483266,21
random_search,4,2378,47,19.73606797749979,17.369535971483266,21
random_search,4,2379,47,19.46619037896906,17.369535971483266,21
random_search,4,2380,47,20.866431913239847,17.369535971483266,21
random_search,4,2381,47,21.531300056749533,17.369535971483266,21
random_search,4,2382,47,21.13901391331568,17.369535971483266,21
random_search,4,2383,47,18.47156333832011,17.369535971483266,21
random_search,4,2384,47,19.788854381999833,17.369535971483266,21
random_search,4,2385,47,21.077154105707724,17.369535971483266,21
random_search,4,2386,47,22.034387974463897,17.369535971483266,21
random_search,4,2387,47,22.10768096208106,17.369535971483266,21
random_search,4,2388,47,20.060107523773826,17.369535971483266,21
random_search,4,2389,47,21.67681974534503,17.369535971483266,21
random_search,4,2390,47,22.140658617698016,17.369535971483266,21
random_search,4,2391,47,21.683281572999746,17.369535971483266,21
random_search,4,2392,47,20.016609194718917,17.369535971483266,21
random_search,4,2393,47,22.423243291566195,17.369535971483266,21
random_search,4,2394,47,20.741653005427764,17.369535971483266,21
random_search,4,2395,47,20.255294535724687,17.369535971483266,21
random_search,4,2396,47,21.645906043549196,17.369535971483266,21
random_search,4,2397,47,19.05758369027902,17.369535971483266,21
random_search,4,2398,47,21.356349099818896,17.369535971483266,21
random_search,4,2399,47,22.400000000000002,17.369535971483266,21
random_search,4,2400,48,20.06287388383278,17.369535971483266,21
random_search,4,2401,48,21.36124969497314,17.369535971483266,21
random_search,4,2402,48,21.261706725018236,17.369535971483266,21
random_search,4,2403,48,20.714944167960986,17.369535971483266,21
random_search,4,2404,48,21.493468988235943,17.369535971483266,21
random_search,4,2405,48,21.059591794226545,17.369535971483266,21
random_search,4,2406,48,20.345207879911715,17.369535971483266,21
random_search,4,2407,48,19.396662954709576,17.369535971483266,21
random_search,4,2408,48,21.16794833886788,17.369535971483266,21
random_search,4,2409,48,20.173320053068153,17.369535971483266,21
random_search,4,2410,48,21.22074368738204,17.369535971483266,21
random_search,4,2411,48,21.2,17.369535971483266,21
random_search,4,2412,48,22.12574776766556,17.369535971483266,21
random_search,4,2413,48,20.795829710142186,17.369535971483266,21
random_search,4,2414,48,20.68679622641132,17.369535971483266,21
random_search,4,2415,48,21.126785107312738,17.369535971483266,21
random_search,4,2416,48,19.334846922834956,17.369535971483266,21
random_search,4,2417,48,21.05796522451032,17.369535971483266,21
random_search,4,2418,48,21.539387691339815,17.369535971483266,21
random_search,4,2419,48,20.377902338672772,17.369535971483266,21
random_search,4,2420,48,20.68910462845192,17.369535971483266,21
random_search,4,2421,48,20.64476105895272,17.369535971483266,21
random_search,4,2422,48,20.795829710142186,17.369535971483266,21
random_search,4,2423,48,20.30332963783729,17.369535971483266,21
random_search,4,2424,48,20.171779788708136,17.369535971483266,21
random_search,4,2425,48,20.16770782520313,17.369535971483266,21
random_search,4,2426,48,21.3459060435492,17.369535971483266,21
random_search,4,2427,48,20.814642819948226,17.369535971483266,21
random_search,4,2428,48,20.991153452528778,17.369535971483266,21
random_search,4,2429,48,21.928991560298222,17.369535971483266,21
random_search,4,2430,48,22.146916505762093,17.369535971483266,21
random_search,4,2431,48,19.6431676725155,17.369535971483266,21
random_search,4,2432,48,18.51651513899117,17.369535971483266,21
random_search,4,2433,48,19.80199920063936,17.369535971483266,21
random_search,4,2434,48,19.8,17.369535971483266,21
random_search,4,2435,48,20.97484176581315,17.369535971483266,21
random_search,4,2436,48,19.427105745132007,17.369535971483266,21
random_search,4,2437,48,20.553299832284317,17.369535971483266,21
random_search,4,2438,48,20.577902338672775,17.369535971483266,21
random_search,4,2439,48,20.732380757938117,17.369535971483266,21
random_search,4,2440,48,20.993468988235943,17.369535971483266,21
random_search,4,2441,48,21.837211521390785,17.369535971483266,21
random_search,4,2442,48,20.560107523773826,17.369535971483266,21
random_search,4,2443,48,18.8,17.369535971483266,21
random_search,4,2444,48,22.072077843177475,17.369535971483266,21
random_search,4,2445,48,20.754723699099138,17.369535971483266,21
random_search,4,2446,48,20.423538406167136,17.369535971483266,21
random_search,4,2447,48,22.334057902536163,17.369535971483266,21
random_search,4,2448,48,18.449137674618942,17.369535971483266,21
random_search,4,2449,48,21.976819745345026,17.369535971483266,21
random_search,4,2450,49,18.632455532033674,17.369535971483266,21
random_search,4,2451,49,21.449545416973503,17.369535971483266,21
random_search,4,2452,49,21.564965543462904,17.369535971483266,21
random_search,4,2453,49,21.493468988235943,17.369535971483266,21
random_search,4,2454,49,18.369535971483266,17.369535971483266,21
random_search,4,2455,49,20.91084400165827,17.369535971483266,21
random_search,4,2456,49,19.59666295470958,17.369535971483266,21
random_search,4,2457,49,21.50454076850486,17.369535971483266,21
random_search,4,2458,49,20.227566688249706,17.369535971483266,21
random_search,4,2459,49,21.857066051117283,17.369535971483266,21
random_search,4,2460,49,19.52664991614216,17.369535971483266,21
random_search,4,2461,49,21.4591260281974,17.369535971483266,21
random_search,4,2462,49,20.85870331449229,17.369535971483266,21
random_search,4,2463,49,18.584943324127924,17.369535971483266,21
random_search,4,2464,49,21.5563490998189,17.369535971483266,21
random_search,4,2465,49,20.112403840463596,17.369535971483266,21
random_search,4,2466,49,20.760681686165903,17.369535971483266,21
random_search,4,2467,49,20.26843871413581,17.369535971483266,21
random_search,4,2468,49,22.207567081708245,17.369535971483266,21
random_search,4,2469,49,20.9591260281974,17.369535971483266,21
random_search,4,2470,49,19.900000000000002,17.369535971483266,21
random_search,4,2471,49,20.09666295470958,17.369535971483266,21
random_search,4,2472,49,22.060107523773826,17.369535971483266,21
random_search,4,2473,49,21.059591794226545,17.369535971483266,21
random_search,4,2474,49,19.900000000000002,17.369535971483266,21
random_search,4,2475,49,22.655277766926236,17.369535971483266,21
random_search,4,2476,49,20.049193338482965,17.369535971483266,21
random_search,4,2477,49,23.440063693621518,17.369535971483266,21
random_search,4,2478,49,21.672004514666934,17.369535971483266,21
random_search,4,2479,49,22.052396473549933,17.369535971483266,21
random_search,4,2480,49,21.364054992217053,17.369535971483266,21
random_search,4,2481,49,20.66405499221705,17.369535971483266,21
random_search,4,2482,49,20.391153452528776,17.369535971483266,21
random_search,4,2483,49,17.878232998312527,17.369535971483266,21
random_search,4,2484,49,20.173320053068153,17.369535971483266,21
random_search,4,2485,49,20.26397674405503,17.369535971483266,21
random_search,4,2486,49,19.115167380558045,17.369535971483266,21
random_search,4,2487,49,21.56767050061961,17.369535971483266,21
random_search,4,2488,49,21.51869538788622,17.369535971483266,21
random_search,4,2489,49,20.362873883832776,17.369535971483266,21
random_search,4,2490,49,18.87840487520902,17.369535971483266,21
random_search,4,2491,49,19.368438714135813,17.369535971483266,21
random_search,4,2492,49,22.261706725018236,17.369535971483266,21
random_search,4,2493,49,20.877902338672772,17.369535971483266,21
random_search,4,2494,49,20.189974874213238,17.369535971483266,21
random_search,4,2495,49,21.533907960581374,17.369535971483266,21
random_search,4,2496,49,21.45870331449229,17.369535971483266,21
random_search,4,2497,49,21.802172886644268,17.369535971483266,21
random_search,4,2498,49,21.14575131106459,17.369535971483266,21
random_search,4,2499,49,20.193737745050925,17.369535971483266,21
random_search,4,2500,50,19.993468988235943,17.369535971483266,21
random_search,4,2501,50,20.32828568570857,17.369535971483266,21
random_search,4,2502,50,20.07907545067406,17.369535971483266,21
random_search,4,2503,50,21.752610922848042,17.369535971483266,21
random_search,4,2504,50,20.929705854077834,17.369535971483266,21
random_search,4,2505,50,22.387467277262665,17.369535971483266,21
random_search,4,2506,50,20.667156809750924,17.369535971483266,21
random_search,4,2507,50,19.396662954709576,17.369535971483266,21
random_search,4,2508,50,21.70936130717624,17.369535971483266,21
random_search,4,2509,50,19.1431676725155,17.369535971483266,21
random_search,4,2510,50,20.346640106136302,17.369535971483266,21
random_search,4,2511,50,22.080243893371346,17.369535971483266,21
random_search,4,2512,50,21.370828693386972,17.369535971483266,21
random_search,4,2513,50,20.909975124224175,17.369535971483266,21
random_search,4,2514,50,19.285229954635273,17.369535971483266,21
random_search,4,2515,50,21.41916017074176,17.369535971483266,21
random_search,4,2516,50,21.3459060435492,17.369535971483266,21
random_search,4,2517,50,20.949444375840397,17.369535971483266,21
random_search,4,2518,50,22.55277655408689,17.369535971483266,21
random_search,4,2519,50,23.06767050061961,17.369535971483266,21
random_search,4,2520,50,20.809243436828815,17.369535971483266,21
random_search,4,2521,50,19.04880884817015,17.369535971483266,21
random_search,4,2522,50,22.57907545067406,17.369535971483266,21
random_search,4,2523,50,22.117935662402836,17.369535971483266,21
random_search,4,2524,50,20.617935662402836,17.369535971483266,21
random_search,4,2525,50,19.09544511501033,17.369535971483266,21
random_search,4,2526,50,19.662049935181333,17.369535971483266,21
random_search,4,2527,50,21.935415650406263,17.369535971483266,21
random_search,4,2528,50,21.290724809414744,17.369535971483266,21
random_search,4,2529,50,20.38494332412792,17.369535971483266,21
random_search,4,2530,50,20.76468827043885,17.369535971483266,21
random_search,4,2531,50,21.44963766213207,17.369535971483266,21
random_search,4,2532,50,20.4591260281974,17.369535971483266,21
random_search,4,2533,50,19.322497216032183,17.369535971483266,21
random_search,4,2534,50,20.70332963783729,17.369535971483266,21
random_search,4,2535,50,20.40454076850486,17.369535971483266,21
random_search,4,2536,50,20.683266665599966,17.369535971483266,21
random_search,4,2537,50,20.3,17.369535971483266,21
random_search,4,2538,50,20.302172886644268,17.369535971483266,21
random_search,4,2539,50,22.12703841770968,17.369535971483266,21
random_search,4,2540,50,20.372004514666937,17.369535971483266,21
random_search,4,2541,50,21.27488738510232,17.369535971483266,21
random_search,4,2542,50,21.494438717061495,17.369535971483266,21
random_search,4,2543,50,20.37840487520902,17.369535971483266,21
random_search,4,2544,50,19.7,17.369535971483266,21
random_search,4,2545,50,22.569046515733024,17.369535971483266,21
random_search,4,2546,50,18.400000000000002,17.369535971483266,21
random_search,4,2547,50,22.70199920063936,17.369535971483266,21
random_search,4,2548,50,20.28997487421324,17.369535971483266,21
random_search,4,2549,50,21.92756668824971,17.369535971483266,21
random_search,4,2550,51,21.73861278752583,17.369535971483266,21
random_search,4,2551,51,19.63527000944073,17.369535971483266,21
random_search,4,2552,51,19.68062484748657,17.369535971483266,21
random_search,4,2553,51,20.57763888346312,17.369535971483266,21
random_search,4,2554,51,22.191366458960193,17.369535971483266,21
random_search,4,2555,51,22.404996878900157,17.369535971483266,21
random_search,4,2556,51,20.160107523773828,17.369535971483266,21
random_search,4,2557,51,23.276575213227446,17.369535971483266,21
random_search,4,2558,51,20.00554700852678,17.369535971483266,21
random_search,4,2559,51,19.260681686165903,17.369535971483266,21
random_search,4,2560,51,19.32828568570857,17.369535971483266,21
random_search,4,2561,51,21.74131112314674,17.369535971483266,21
random_search,4,2562,51,21.2343879744639,17.369535971483266,21
random_search,4,2563,51,21.22574776766556,17.369535971483266,21
random_search,4,2564,51,21.292848008753786,17.369535971483266,21
random_search,4,2565,51,21.857066051117283,17.369535971483266,21
random_search,4,2566,51,20.235270009440733,17.369535971483266,21
random_search,4,2567,51,20.788854381999833,17.369535971483266,21
random_search,4,2568,51,18.834846922834956,17.369535971483266,21
random_search,4,2569,51,18.672004514666934,17.369535971483266,21
random_search,4,2570,51,19.727566688249706,17.369535971483266,21
random_search,4,2571,51,19.80787840283389,17.369535971483266,21
random_search,4,2572,51,20.68910462845192,17.369535971483266,21
random_search,4,2573,51,22.281934729198174,17.369535971483266,21
random_search,4,2574,51,20.2,17.369535971483266,21
random_search,4,2575,51,20.83390796058137,17.369535971483266,21
random_search,4,2576,51,20.70713075057055,17.369535971483266,21
random_search,4,2577,51,22.272751070837067,17.369535971483266,21
random_search,4,2578,51,21.72074368738204,17.369535971483266,21
random_search,4,2579,51,20.380624847486573,17.369535971483266,21
random_search,4,2580,51,22.037211521390788,17.369535971483266,21
random_search,4,2581,51,20.61245154965971,17.369535971483266,21
random_search,4,2582,51,21.314944167960988,17.369535971483266,21
random_search,4,2583,51,21.007130750570546,17.369535971483266,21
random_search,4,2584,51,19.22474487139159,17.369535971483266,21
random_search,4,2585,51,20.86619037896906,17.369535971483266,21
random_search,4,2586,51,21.51869538788622,17.369535971483266,21
random_search,4,2587,51,20.012403840463595,17.369535971483266,21
random_search,4,2588,51,21.14476105895272,17.369535971483266,21
random_search,4,2589,51,22.04959013639538,17.369535971483266,21
random_search,4,2590,51,17.59544511501033,17.369535971483266,21
random_search,4,2591,51,21.00554700852678,17.369535971483266,21
random_search,4,2592,51,19.816590212458493,17.369535971483266,21
random_search,4,2593,51,21.811744421846395,17.369535971483266,21
random_search,4,2594,51,19.79283882771841,17.369535971483266,21
random_search,4,2595,51,20.609975124224178,17.369535971483266,21
random_search,4,2596,51,21.302172886644268,17.369535971483266,21
random_search,4,2597,51,21.412931993250105,17.369535971483266,21
random_search,4,2598,51,19.408304597359457,17.369535971483266,21
random_search,4,2599,51,20.164582518894846,17.369535971483266,21
random_search,4,2600,52,20.330950643030008,17.369535971483266,21
random_search,4,2601,52,20.227566688249706,17.369535971483266,21
random_search,4,2602,52,22.2343879744639,17.369535971483266,21
random_search,4,2603,52,19.41916017074176,17.369535971483266,21
random_search,4,2604,52,20.50454076850486,17.369535971483266,21
random_search,4,2605,52,21.476819745345026,17.369535971483266,21
random_search,4,2606,52,23.115587038162705,17.369535971483266,21
random_search,4,2607,52,20.449444375840397,17.369535971483266,21
random_search,4,2608,52,21.239071942966532,17.369535971483266,21
random_search,4,2609,52,20.239607805437114,17.369535971483266,21
random_search,4,2610,52,21.549444375840398,17.369535971483266,21
random_search,4,2611,52,20.142787793912433,17.369535971483266,21
random_search,4,2612,52,20.93095064303001,17.369535971483266,21
random_search,4,2613,52,22.8459060435492,17.369535971483266,21
random_search,4,2614,52,20.66794833886788,17.369535971483266,21
random_search,4,2615,52,21.22074368738204,17.369535971483266,21
random_search,4,2616,52,19.911871208194288,17.369535971483266,21
random_search,4,2617,52,20.676575213227444,17.369535971483266,21
random_search,4,2618,52,21.0,17.369535971483266,21
random_search,4,2619,52,22.494438717061495,17.369535971483266,21
random_search,4,2620,52,20.114642819948223,17.369535971483266,21
random_search,4,2621,52,23.51058907144937,17.369535971483266,21
random_search,4,2622,52,20.98148877222268,17.369535971483266,21
random_search,4,2623,52,19.099999999999998,17.369535971483266,21
random_search,4,2624,52,21.509980079602226,17.369535971483266,21
random_search,4,2625,52,22.114482300479487,17.369535971483266,21
random_search,4,2626,52,20.164688270438848,17.369535971483266,21
random_search,4,2627,52,20.816609194718914,17.369535971483266,21
random_search,4,2628,52,17.72474487139159,17.369535971483266,21
random_search,4,2629,52,22.456141357987224,17.369535971483266,21
random_search,4,2630,52,19.94935886896179,17.369535971483266,21
random_search,4,2631,52,21.56767050061961,17.369535971483266,21
random_search,4,2632,52,19.423538406167136,17.369535971483266,21
random_search,4,2633,52,20.13527000944073,17.369535971483266,21
random_search,4,2634,52,20.629705854077837,17.369535971483266,21
random_search,4,2635,52,19.140967364599085,17.369535971483266,21
random_search,4,2636,52,20.53072757526625,17.369535971483266,21
random_search,4,2637,52,20.693737745050925,17.369535971483266,21
random_search,4,2638,52,20.37840487520902,17.369535971483266,21
random_search,4,2639,52,21.03072757526625,17.369535971483266,21
random_search,4,2640,52,20.994438717061495,17.369535971483266,21
random_search,4,2641,52,20.52828568570857,17.369535971483266,21
random_search,4,2642,52,21.549444375840398,17.369535971483266,21
random_search,4,2643,52,21.134698994937583,17.369535971483266,21
random_search,4,2644,52,21.01657508881031,17.369535971483266,21
random_search,4,2645,52,20.992838827718412,17.369535971483266,21
random_search,4,2646,52,23.115587038162705,17.369535971483266,21
random_search,4,2647,52,21.7,17.369535971483266,21
random_search,4,2648,52,20.49373774505092,17.369535971483266,21
random_search,4,2649,52,21.38910462845192,17.369535971483266,21
random_search,4,2650,53,21.60768096208106,17.369535971483266,21
random_search,4,2651,53,21.285229954635273,17.369535971483266,21
random_search,4,2652,53,20.621320343559642,17.369535971483266,21
random_search,4,2653,53,21.756809750418043,17.369535971483266,21
random_search,4,2654,53,20.599999999999998,17.369535971483266,21
random_search,4,2655,53,21.483266665599963,17.369535971483266,21
random_search,4,2656,53,20.6431676725155,17.369535971483266,21
random_search,4,2657,53,19.880972058177587,17.369535971483266,21
random_search,4,2658,53,21.088435821108956,17.369535971483266,21
random_search,4,2659,53,22.06859590355097,17.369535971483266,21
random_search,4,2660,53,21.839607805437115,17.369535971483266,21
random_search,4,2661,53,21.276575213227446,17.369535971483266,21
random_search,4,2662,53,19.423538406167136,17.369535971483266,21
random_search,4,2663,53,19.63527000944073,17.369535971483266,21
random_search,4,2664,53,22.117935662402836,17.369535971483266,21
random_search,4,2665,53,20.2131126469709,17.369535971483266,21
random_search,4,2666,53,22.503123475609396,17.369535971483266,21
random_search,4,2667,53,20.400000000000002,17.369535971483266,21
random_search,4,2668,53,19.862873883832776,17.369535971483266,21
random_search,4,2669,53,19.74131112314674,17.369535971483266,21
random_search,4,2670,53,20.01657508881031,17.369535971483266,21
random_search,4,2671,53,22.17804971641414,17.369535971483266,21
random_search,4,2672,53,21.39857113690718,17.369535971483266,21
random_search,4,2673,53,18.1431676725155,17.369535971483266,21
random_search,4,2674,53,20.593468988235944,17.369535971483266,21
random_search,4,2675,53,20.887467277262665,17.369535971483266,21
random_search,4,2676,53,19.956465996625056,17.369535971483266,21
random_search,4,2677,53,18.533907960581374,17.369535971483266,21
random_search,4,2678,53,21.644994432064365,17.369535971483266,21
random_search,4,2679,53,20.923538406167136,17.369535971483266,21
random_search,4,2680,53,20.809983388658484,17.369535971483266,21
random_search,4,2681,53,20.391153452528776,17.369535971483266,21
random_search,4,2682,53,21.68208554864871,17.369535971483266,21
random_search,4,2683,53,20.2131126469709,17.369535971483266,21
random_search,4,2684,53,22.752610922848042,17.369535971483266,21
random_search,4,2685,53,19.96619037896906,17.369535971483266,21
random_search,4,2686,53,21.366431913239847,17.369535971483266,21
random_search,4,2687,53,20.753720459187964,17.369535971483266,21
random_search,4,2688,53,20.615167380558045,17.369535971483266,21
random_search,4,2689,53,21.843024810940587,17.369535971483266,21
random_search,4,2690,53,21.857066051117283,17.369535971483266,21
random_search,4,2691,53,19.06287388383278,17.369535971483266,21
random_search,4,2692,53,20.86397674405503,17.369535971483266,21
random_search,4,2693,53,21.003569153775235,17.369535971483266,21
random_search,4,2694,53,20.989979919597747,17.369535971483266,21
random_search,4,2695,53,20.08679622641132,17.369535971483266,21
random_search,4,2696,53,19.769693845669906,17.369535971483266,21
random_search,4,2697,53,21.994438717061495,17.369535971483266,21
random_search,4,2698,53,21.20185121722126,17.369535971483266,21
random_search,4,2699,53,19.400000000000002,17.369535971483266,21
random_search,4,2700,54,20.80199920063936,17.369535971483266,21
random_search,4,2701,54,19.861324772583615,17.369535971483266,21
random_search,4,2702,54,20.929705854077834,17.369535971483266,21
random_search,4,2703,54,20.989979919597747,17.369535971483266,21
random_search,4,2704,54,20.90454076850486,17.369535971483266,21
random_search,4,2705,54,21.27488738510232,17.369535971483266,21
random_search,4,2706,54,21.617935662402836,17.369535971483266,21
random_search,4,2707,54,20.09799919935936,17.369535971483266,21
random_search,4,2708,54,21.683281572999746,17.369535971483266,21
random_search,4,2709,54,21.274868417407582,17.369535971483266,21
random_search,4,2710,54,21.900000000000002,17.369535971483266,21
random_search,4,2711,54,22.509980079602226,17.369535971483266,21
random_search,4,2712,54,19.13527000944073,17.369535971483266,21
random_search,4,2713,54,19.87840487520902,17.369535971483266,21
random_search,4,2714,54,22.608607914449795,17.369535971483266,21
random_search,4,2715,54,21.17681974534503,17.369535971483266,21
random_search,4,2716,54,21.52710574513201,17.369535971483266,21
random_search,4,2717,54,18.82828568570857,17.369535971483266,21
random_search,4,2718,54,20.837211521390785,17.369535971483266,21
random_search,4,2719,54,20.122611077089285,17.369535971483266,21
random_search,4,2720,54,20.95870331449229,17.369535971483266,21
random_search,4,2721,54,19.492838827718412,17.369535971483266,21
random_search,4,2722,54,21.80787840283389,17.369535971483266,21
random_search,4,2723,54,19.2,17.369535971483266,21
random_search,4,2724,54,21.927105745132007,17.369535971483266,21
random_search,4,2725,54,20.30332963783729,17.369535971483266,21
random_search,4,2726,54,21.183266665599966,17.369535971483266,21
random_search,4,2727,54,22.96693988153255,17.369535971483266,21
random_search,4,2728,54,20.29283882771841,17.369535971483266,21
random_search,4,2729,54,20.57763888346312,17.369535971483266,21
random_search,4,2730,54,20.593468988235944,17.369535971483266,21
random_search,4,2731,54,19.714944167960986,17.369535971483266,21
random_search,4,2732,54,21.380697580112788,17.369535971483266,21
random_search,4,2733,54,19.70332963783729,17.369535971483266,21
random_search,4,2734,54,20.50554700852678,17.369535971483266,21
random_search,4,2735,54,20.483266665599963,17.369535971483266,21
random_search,4,2736,54,20.74131112314674,17.369535971483266,21
random_search,4,2737,54,23.441186241925152,17.369535971483266,21
random_search,4,2738,54,18.663818169698587,17.369535971483266,21
random_search,4,2739,54,21.27488738510232,17.369535971483266,21
random_search,4,2740,54,20.20293863659264,17.369535971483266,21
random_search,4,2741,54,20.44935886896179,17.369535971483266,21
random_search,4,2742,54,21.56767050061961,17.369535971483266,21
random_search,4,2743,54,19.948683298050515,17.369535971483266,21
random_search,4,2744,54,21.13907194296653,17.369535971483266,21
random_search,4,2745,54,20.739607805437114,17.369535971483266,21
random_search,4,2746,54,20.52710574513201,17.369535971483266,21
random_search,4,2747,54,19.983239697419133,17.369535971483266,21
random_search,4,2748,54,19.769693845669906,17.369535971483266,21
random_search,4,2749,54,22.53792402008342,17.369535971483266,21
random_search,4,2750,55,20.44928556845359,17.369535971483266,21
random_search,4,2751,55,21.64476105895272,17.369535971483266,21
random_search,4,2752,55,19.57763888346312,17.369535971483266,21
random_search,4,2753,55,21.65796522451032,17.369535971483266,21
random_search,4,2754,55,18.378232998312527,17.369535971483266,21
random_search,4,2755,55,19.760681686165903,17.369535971483266,21
random_search,4,2756,55,22.36124969497314,17.369535971483266,21
random_search,4,2757,55,21.714835124201343,17.369535971483266,21
random_search,4,2758,55,20.857066051117283,17.369535971483266,21
random_search,4,2759,55,19.785229954635273,17.369535971483266,21
random_search,4,2760,55,21.24131112314674,17.369535971483266,21
random_search,4,2761,55,19.919090595827292,17.369535971483266,21
random_search,4,2762,55,20.935489375751565,17.369535971483266,21
random_search,4,2763,55,20.761249694973138,17.369535971483266,21
random_search,4,2764,55,21.009980079602226,17.369535971483266,21
random_search,4,2765,55,21.75941170815567,17.369535971483266,21
random_search,4,2766,55,21.085677655436825,17.369535971483266,21
random_search,4,2767,55,19.63901391331568,17.369535971483266,21
random_search,4,2768,55,18.26023252670426,17.369535971483266,21
random_search,4,2769,55,21.18208554864871,17.369535971483266,21
random_search,4,2770,55,23.22490309931942,17.369535971483266,21
random_search,4,2771,55,21.756809750418043,17.369535971483266,21
random_search,4,2772,55,21.457066051117284,17.369535971483266,21
random_search,4,2773,55,21.411871208194288,17.369535971483266,21
random_search,4,2774,55,19.25329983228432,17.369535971483266,21
random_search,4,2775,55,21.370828693386972,17.369535971483266,21
random_search,4,2776,55,19.06953597148327,17.369535971483266,21
random_search,4,2777,55,21.957066051117284,17.369535971483266,21
random_search,4,2778,55,23.237663853655725,17.369535971483266,21
random_search,4,2779,55,22.276575213227446,17.369535971483266,21
random_search,4,2780,55,21.493468988235943,17.369535971483266,21
random_search,4,2781,55,19.408304597359457,17.369535971483266,21
random_search,4,2782,55,21.049444375840398,17.369535971483266,21
random_search,4,2783,55,20.235270009440733,17.369535971483266,21
random_search,4,2784,55,21.741653005427764,17.369535971483266,21
random_search,4,2785,55,23.141186241925155,17.369535971483266,21
random_search,4,2786,55,21.44948974278318,17.369535971483266,21
random_search,4,2787,55,21.810693864511038,17.369535971483266,21
random_search,4,2788,55,21.57364413533277,17.369535971483266,21
random_search,4,2789,55,21.3,17.369535971483266,21
random_search,4,2790,55,21.117935662402836,17.369535971483266,21
random_search,4,2791,55,20.928991560298222,17.369535971483266,21
random_search,4,2792,55,20.669693845669904,17.369535971483266,21
random_search,4,2793,55,19.58113883008419,17.369535971483266,21
random_search,4,2794,55,22.503569153775235,17.369535971483266,21
random_search,4,2795,55,18.05758369027902,17.369535971483266,21
random_search,4,2796,55,21.339607805437115,17.369535971483266,21
random_search,4,2797,55,19.693737745050925,17.369535971483266,21
random_search,4,2798,55,19.822497216032183,17.369535971483266,21
random_search,4,2799,55,20.73238075793812,17.369535971483266,21
random_search,4,2800,56,20.880697580112788,17.369535971483266,21
random_search,4,2801,56,21.38494332412792,17.369535971483266,21
random_search,4,2802,56,21.657342370508886,17.369535971483266,21
random_search,4,2803,56,20.845207879911715,17.369535971483266,21
random_search,4,2804,56,20.993468988235943,17.369535971483266,21
random_search,4,2805,56,21.840063693621516,17.369535971483266,21
random_search,4,2806,56,20.1431676725155,17.369535971483266,21
random_search,4,2807,56,20.07364413533277,17.369535971483266,21
random_search,4,2808,56,19.172004514666934,17.369535971483266,21
random_search,4,2809,56,19.22736184954957,17.369535971483266,21
random_search,4,2810,56,21.241653005427764,17.369535971483266,21
random_search,4,2811,56,20.90454076850486,17.369535971483266,21
random_search,4,2812,56,20.397366596101026,17.369535971483266,21
random_search,4,2813,56,20.917935662402833,17.369535971483266,21
random_search,4,2814,56,21.157342370508886,17.369535971483266,21
random_search,4,2815,56,22.687119154832537,17.369535971483266,21
random_search,4,2816,56,19.640967364599085,17.369535971483266,21
random_search,4,2817,56,20.802172886644268,17.369535971483266,21
random_search,4,2818,56,21.254723699099138,17.369535971483266,21
random_search,4,2819,56,22.276575213227446,17.369535971483266,21
random_search,4,2820,56,21.367156809750927,17.369535971483266,21
random_search,4,2821,56,21.04939015319192,17.369535971483266,21
random_search,4,2822,56,20.391153452528776,17.369535971483266,21
random_search,4,2823,56,21.0576411454889,17.369535971483266,21
random_search,4,2824,56,19.659126028197402,17.369535971483266,21
random_search,4,2825,56,20.43469899493758,17.369535971483266,21
random_search,4,2826,56,19.134846922834953,17.369535971483266,21
random_search,4,2827,56,20.05758369027902,17.369535971483266,21
random_search,4,2828,56,20.311871208194287,17.369535971483266,21
random_search,4,2829,56,20.03072757526625,17.369535971483266,21
random_search,4,2830,56,20.260681686165903,17.369535971483266,21
random_search,4,2831,56,22.589983277545212,17.369535971483266,21
random_search,4,2832,56,19.613112646970897,17.369535971483266,21
random_search,4,2833,56,20.97156333832011,17.369535971483266,21
random_search,4,2834,56,21.683266665599966,17.369535971483266,21
random_search,4,2835,56,19.727566688249706,17.369535971483266,21
random_search,4,2836,56,20.96204993518133,17.369535971483266,21
random_search,4,2837,56,20.14355957741627,17.369535971483266,21
random_search,4,2838,56,18.669693845669904,17.369535971483266,21
random_search,4,2839,56,20.21909059582729,17.369535971483266,21
random_search,4,2840,56,20.159126028197402,17.369535971483266,21
random_search,4,2841,56,20.476819745345026,17.369535971483266,21
random_search,4,2842,56,21.12763633939717,17.369535971483266,21
random_search,4,2843,56,20.672004514666934,17.369535971483266,21
random_search,4,2844,56,22.17804971641414,17.369535971483266,21
random_search,4,2845,56,19.51651513899117,17.369535971483266,21
random_search,4,2846,56,20.633030277982336,17.369535971483266,21
random_search,4,2847,56,20.659126028197402,17.369535971483266,21
random_search,4,2848,56,22.816624790355398,17.369535971483266,21
random_search,4,2849,56,19.80787840283389,17.369535971483266,21
random_search,4,2850,57,20.816609194718914,17.369535971483266,21
random_search,4,2851,57,19.673320053068153,17.369535971483266,21
random_search,4,2852,57,19.47484176581315,17.369535971483266,21
random_search,4,2853,57,20.667156809750924,17.369535971483266,21
random_search,4,2854,57,20.063818169698585,17.369535971483266,21
random_search,4,2855,57,21.957066051117284,17.369535971483266,21
random_search,4,2856,57,22.16794833886788,17.369535971483266,21
random_search,4,2857,57,20.32828568570857,17.369535971483266,21
random_search,4,2858,57,19.870828693386972,17.369535971483266,21
random_search,4,2859,57,22.954626986542657,17.369535971483266,21
random_search,4,2860,57,20.690890230020663,17.369535971483266,21
random_search,4,2861,57,19.033030277982334,17.369535971483266,21
random_search,4,2862,57,19.843559577416272,17.369535971483266,21
random_search,4,2863,57,20.599999999999998,17.369535971483266,21
random_search,4,2864,57,19.612403840463596,17.369535971483266,21
random_search,4,2865,57,19.87840487520902,17.369535971483266,21
random_search,4,2866,57,22.316624790355398,17.369535971483266,21
random_search,4,2867,57,19.229563014098698,17.369535971483266,21
random_search,4,2868,57,21.23861278752583,17.369535971483266,21
random_search,4,2869,57,18.735270009440733,17.369535971483266,21
random_search,4,2870,57,21.17681974534503,17.369535971483266,21
random_search,4,2871,57,20.923538406167136,17.369535971483266,21
random_search,4,2872,57,20.754723699099138,17.369535971483266,21
random_search,4,2873,57,19.929705854077834,17.369535971483266,21
random_search,4,2874,57,20.00554700852678,17.369535971483266,21
random_search,4,2875,57,21.840930106817048,17.369535971483266,21
random_search,4,2876,57,20.274868417407582,17.369535971483266,21
random_search,4,2877,57,21.645906043549196,17.369535971483266,21
random_search,4,2878,57,21.967491648096548,17.369535971483266,21
random_search,4,2879,57,19.75941170815567,17.369535971483266,21
random_search,4,2880,57,20.288854381999833,17.369535971483266,21
random_search,4,2881,57,19.896662954709576,17.369535971483266,21
random_search,4,2882,57,20.769693845669906,17.369535971483266,21
random_search,4,2883,57,21.696150997149434,17.369535971483266,21
random_search,4,2884,57,22.07402157263998,17.369535971483266,21
random_search,4,2885,57,22.024845673131658,17.369535971483266,21
random_search,4,2886,57,19.26397674405503,17.369535971483266,21
random_search,4,2887,57,19.663818169698587,17.369535971483266,21
random_search,4,2888,57,20.316590212458493,17.369535971483266,21
random_search,4,2889,57,22.156141357987227,17.369535971483266,21
random_search,4,2890,57,19.56287388383278,17.369535971483266,21
random_search,4,2891,57,22.704834939252006,17.369535971483266,21
random_search,4,2892,57,19.408304597359457,17.369535971483266,21
random_search,4,2893,57,21.613112646970897,17.369535971483266,21
random_search,4,2894,57,22.146426544510454,17.369535971483266,21
random_search,4,2895,57,19.923538406167136,17.369535971483266,21
random_search,4,2896,57,20.412931993250105,17.369535971483266,21
random_search,4,2897,57,20.780350850198275,17.369535971483266,21
random_search,4,2898,57,19.669693845669904,17.369535971483266,21
random_search,4,2899,57,21.78790581563873,17.369535971483266,21
random_search,4,2900,58,20.860051813123757,17.369535971483266,21
random_search,4,2901,58,22.232380757938117,17.369535971483266,21
random_search,4,2902,58,19.70332963783729,17.369535971483266,21
random_search,4,2903,58,21.137715508089904,17.369535971483266,21
random_search,4,2904,58,20.189974874213238,17.369535971483266,21
random_search,4,2905,58,18.713552872566005,17.369535971483266,21
random_search,4,2906,58,19.08113883008419,17.369535971483266,21
random_search,4,2907,58,19.935415650406263,17.369535971483266,21
random_search,4,2908,58,19.88494332412792,17.369535971483266,21
random_search,4,2909,58,20.00554700852678,17.369535971483266,21
random_search,4,2910,58,21.311871208194287,17.369535971483266,21
random_search,4,2911,58,21.232380757938117,17.369535971483266,21
random_search,4,2912,58,19.97156333832011,17.369535971483266,21
random_search,4,2913,58,19.739607805437114,17.369535971483266,21
random_search,4,2914,58,22.13901391331568,17.369535971483266,21
random_search,4,2915,58,20.80384048104053,17.369535971483266,21
random_search,4,2916,58,20.173320053068153,17.369535971483266,21
random_search,4,2917,58,19.73861278752583,17.369535971483266,21
random_search,4,2918,58,20.493468988235943,17.369535971483266,21
random_search,4,2919,58,20.30332963783729,17.369535971483266,21
random_search,4,2920,58,21.753720459187964,17.369535971483266,21
random_search,4,2921,58,21.457342370508883,17.369535971483266,21
random_search,4,2922,58,20.368438714135813,17.369535971483266,21
random_search,4,2923,58,21.35870331449229,17.369535971483266,21
random_search,4,2924,58,21.049444375840398,17.369535971483266,21
random_search,4,2925,58,20.730727575266254,17.369535971483266,21
random_search,4,2926,58,21.372004514666937,17.369535971483266,21
random_search,4,2927,58,21.134698994937583,17.369535971483266,21
random_search,4,2928,58,20.033907960581374,17.369535971483266,21
random_search,4,2929,58,20.520465053408525,17.369535971483266,21
random_search,4,2930,58,19.981742422927145,17.369535971483266,21
random_search,4,2931,58,20.92756668824971,17.369535971483266,21
random_search,4,2932,58,22.776575213227446,17.369535971483266,21
random_search,4,2933,58,19.09666295470958,17.369535971483266,21
random_search,4,2934,58,23.229872518944557,17.369535971483266,21
random_search,4,2935,58,19.172004514666934,17.369535971483266,21
random_search,4,2936,58,21.66794833886788,17.369535971483266,21
random_search,4,2937,58,21.24131112314674,17.369535971483266,21
random_search,4,2938,58,21.427105745132007,17.369535971483266,21
random_search,4,2939,58,20.18910462845192,17.369535971483266,21
random_search,4,2940,58,18.512403840463595,17.369535971483266,21
random_search,4,2941,58,21.316609194718914,17.369535971483266,21
random_search,4,2942,58,19.673320053068153,17.369535971483266,21
random_search,4,2943,58,20.58679622641132,17.369535971483266,21
random_search,4,2944,58,22.3732137494637,17.369535971483266,21
random_search,4,2945,58,19.49582971014219,17.369535971483266,21
random_search,4,2946,58,19.917935662402833,17.369535971483266,21
random_search,4,2947,58,21.182085548648708,17.369535971483266,21
random_search,4,2948,58,20.78193472919817,17.369535971483266,21
random_search,4,2949,58,18.44935886896179,17.369535971483266,21
random_search,4,2950,59,21.639736830714135,17.369535971483266,21
random_search,4,2951,59,21.2131126469709,17.369535971483266,21
random_search,4,2952,59,21.609243436828812,17.369535971483266,21
random_search,4,2953,59,21.387467277262665,17.369535971483266,21
random_search,4,2954,59,20.70293863659264,17.369535971483266,21
random_search,4,2955,59,22.080243893371346,17.369535971483266,21
random_search,4,2956,59,20.427105745132007,17.369535971483266,21
random_search,4,2957,59,21.22074368738204,17.369535971483266,21
random_search,4,2958,59,20.4591260281974,17.369535971483266,21
random_search,4,2959,59,21.16794833886788,17.369535971483266,21
random_search,4,2960,59,18.52828568570857,17.369535971483266,21
random_search,4,2961,59,19.49373774505092,17.369535971483266,21
random_search,4,2962,59,21.93130005674953,17.369535971483266,21
random_search,4,2963,59,20.357066051117283,17.369535971483266,21
random_search,4,2964,59,18.662049935181333,17.369535971483266,21
random_search,4,2965,59,21.084943324127924,17.369535971483266,21
random_search,4,2966,59,17.922497216032184,17.369535971483266,21
random_search,4,2967,59,21.99615099714943,17.369535971483266,21
random_search,4,2968,59,21.435415650406263,17.369535971483266,21
random_search,4,2969,59,20.49582971014219,17.369535971483266,21
random_search,4,2970,59,21.009980079602226,17.369535971483266,21
random_search,4,2971,59,20.911871208194288,17.369535971483266,21
random_search,4,2972,59,22.034192325759246,17.369535971483266,21
random_search,4,2973,59,20.164688270438848,17.369535971483266,21
random_search,4,2974,59,20.049444375840398,17.369535971483266,21
random_search,4,2975,59,23.417800560721076,17.369535971483266,21
random_search,4,2976,59,19.845207879911715,17.369535971483266,21
random_search,4,2977,59,20.50454076850486,17.369535971483266,21
random_search,4,2978,59,20.51662062579967,17.369535971483266,21
random_search,4,2979,59,17.80990195135928,17.369535971483266,21
random_search,4,2980,59,20.060107523773826,17.369535971483266,21
random_search,4,2981,59,20.524845673131658,17.369535971483266,21
random_search,4,2982,59,17.98309518948453,17.369535971483266,21
random_search,4,2983,59,22.23927076409049,17.369535971483266,21
random_search,4,2984,59,20.54928556845359,17.369535971483266,21
random_search,4,2985,59,18.708607914449797,17.369535971483266,21
random_search,4,2986,59,21.522327839240493,17.369535971483266,21
random_search,4,2987,59,20.344994432064368,17.369535971483266,21
random_search,4,2988,59,21.35870331449229,17.369535971483266,21
random_search,4,2989,59,20.533907960581374,17.369535971483266,21
random_search,4,2990,59,21.338181191654584,17.369535971483266,21
random_search,4,2991,59,18.87840487520902,17.369535971483266,21
random_search,4,2992,59,19.64355957741627,17.369535971483266,21
random_search,4,2993,59,22.877193921634788,17.369535971483266,21
random_search,4,2994,59,18.735270009440733,17.369535971483266,21
random_search,4,2995,59,20.02480768092719,17.369535971483266,21
random_search,4,2996,59,20.661706725018234,17.369535971483266,21
random_search,4,2997,59,20.60554700852678,17.369535971483266,21
random_search,4,2998,59,19.7,17.369535971483266,21
random_search,4,2999,59,19.56287388383278,17.369535971483266,21
random_search,4,3000,60,22.236877428271626,17.369535971483266,21
random_search,4,3001,60,22.394438717061494,17.369535971483266,21
random_search,4,3002,60,22.261706725018236,17.369535971483266,21
random_search,4,3003,60,22.485677655436824,17.369535971483266,21
random_search,4,3004,60,21.26843871413581,17.369535971483266,21
random_search,4,3005,60,21.49582971014219,17.369535971483266,21
random_search,4,3006,60,22.281934729198174,17.369535971483266,21
random_search,4,3007,60,21.90312347560939,17.369535971483266,21
random_search,4,3008,60,19.868438714135813,17.369535971483266,21
random_search,4,3009,60,22.20199920063936,17.369535971483266,21
random_search,4,3010,60,20.08113883008419,17.369535971483266,21
random_search,4,3011,60,19.277154105707726,17.369535971483266,21
random_search,4,3012,60,22.06767050061961,17.369535971483266,21
random_search,4,3013,60,20.343559577416272,17.369535971483266,21
random_search,4,3014,60,20.615167380558045,17.369535971483266,21
random_search,4,3015,60,20.969817807045693,17.369535971483266,21
random_search,4,3016,60,21.007878402833892,17.369535971483266,21
random_search,4,3017,60,20.23622914957372,17.369535971483266,21
random_search,4,3018,60,22.115587038162705,17.369535971483266,21
random_search,4,3019,60,21.338181191654584,17.369535971483266,21
random_search,4,3020,60,21.253720459187964,17.369535971483266,21
random_search,4,3021,60,22.43130005674953,17.369535971483266,21
random_search,4,3022,60,20.491153452528778,17.369535971483266,21
random_search,4,3023,60,20.44928556845359,17.369535971483266,21
random_search,4,3024,60,20.121320343559642,17.369535971483266,21
random_search,4,3025,60,21.449444375840397,17.369535971483266,21
random_search,4,3026,60,19.04833147735479,17.369535971483266,21
random_search,4,3027,60,21.457066051117284,17.369535971483266,21
random_search,4,3028,60,20.37840487520902,17.369535971483266,21
random_search,4,3029,60,18.61245154965971,17.369535971483266,21
random_search,4,3030,60,21.1431676725155,17.369535971483266,21
random_search,4,3031,60,20.559591794226545,17.369535971483266,21
random_search,4,3032,60,21.10554700852678,17.369535971483266,21
random_search,4,3033,60,19.908304597359457,17.369535971483266,21
random_search,4,3034,60,21.47763888346312,17.369535971483266,21
random_search,4,3035,60,19.11245154965971,17.369535971483266,21
random_search,4,3036,60,21.428991560298222,17.369535971483266,21
random_search,4,3037,60,20.90454076850486,17.369535971483266,21
random_search,4,3038,60,19.62736184954957,17.369535971483266,21
random_search,4,3039,60,22.467670500619608,17.369535971483266,21
random_search,4,3040,60,21.66794833886788,17.369535971483266,21
random_search,4,3041,60,20.7,17.369535971483266,21
random_search,4,3042,60,20.57763888346312,17.369535971483266,21
random_search,4,3043,60,20.44935886896179,17.369535971483266,21
random_search,4,3044,60,21.367156809750927,17.369535971483266,21
random_search,4,3045,60,19.614642819948223,17.369535971483266,21
random_search,4,3046,60,20.681934729198172,17.369535971483266,21
random_search,4,3047,60,20.391153452528776,17.369535971483266,21
random_search,4,3048,60,20.35870331449229,17.369535971483266,21
random_search,4,3049,60,21.815587038162708,17.369535971483266,21
random_search,4,3050,61,18.316515138991168,17.369535971483266,21
random_search,4,3051,61,21.900000000000002,17.369535971483266,21
random_search,4,3052,61,21.980243893371345,17.369535971483266,21
random_search,4,3053,61,22.08433666561813,17.369535971483266,21
random_search,4,3054,61,20.337211521390785,17.369535971483266,21
random_search,4,3055,61,19.859591794226542,17.369535971483266,21
random_search,4,3056,61,20.35870331449229,17.369535971483266,21
random_search,4,3057,61,20.427105745132007,17.369535971483266,21
random_search,4,3058,61,21.56859590355097,17.369535971483266,21
random_search,4,3059,61,19.334846922834956,17.369535971483266,21
random_search,4,3060,61,20.760681686165903,17.369535971483266,21
random_search,4,3061,61,20.400000000000002,17.369535971483266,21
random_search,4,3062,61,22.40831891575846,17.369535971483266,21
random_search,4,3063,61,21.134698994937583,17.369535971483266,21
random_search,4,3064,61,21.272077843177478,17.369535971483266,21
random_search,4,3065,61,21.534387974463897,17.369535971483266,21
random_search,4,3066,61,19.713552872566005,17.369535971483266,21
random_search,4,3067,61,19.37840487520902,17.369535971483266,21
random_search,4,3068,61,21.033030277982334,17.369535971483266,21
random_search,4,3069,61,20.288854381999833,17.369535971483266,21
random_search,4,3070,61,20.85870331449229,17.369535971483266,21
random_search,4,3071,61,21.729872518944557,17.369535971483266,21
random_search,4,3072,61,20.3,17.369535971483266,21
random_search,4,3073,61,23.099999999999998,17.369535971483266,21
random_search,4,3074,61,21.82842712474619,17.369535971483266,21
random_search,4,3075,61,21.72089730686545,17.369535971483266,21
random_search,4,3076,61,21.5576411454889,17.369535971483266,21
random_search,4,3077,61,21.741653005427764,17.369535971483266,21
random_search,4,3078,61,20.20199920063936,17.369535971483266,21
random_search,4,3079,61,19.788061301782108,17.369535971483266,21
random_search,4,3080,61,21.531300056749533,17.369535971483266,21
random_search,4,3081,61,20.814642819948226,17.369535971483266,21
random_search,4,3082,61,20.173320053068153,17.369535971483266,21
random_search,4,3083,61,21.07364413533277,17.369535971483266,21
random_search,4,3084,61,20.494438717061495,17.369535971483266,21
random_search,4,3085,61,19.391153452528776,17.369535971483266,21
random_search,4,3086,61,19.071779788708135,17.369535971483266,21
random_search,4,3087,61,21.093468988235944,17.369535971483266,21
random_search,4,3088,61,19.811871208194287,17.369535971483266,21
random_search,4,3089,61,17.96204993518133,17.369535971483266,21
random_search,4,3090,61,21.714944167960986,17.369535971483266,21
random_search,4,3091,61,19.6431676725155,17.369535971483266,21
random_search,4,3092,61,20.949615361854384,17.369535971483266,21
random_search,4,3093,61,21.622611077089285,17.369535971483266,21
random_search,4,3094,61,20.16794833886788,17.369535971483266,21
random_search,4,3095,61,19.239607805437114,17.369535971483266,21
random_search,4,3096,61,21.214944167960986,17.369535971483266,21
random_search,4,3097,61,18.896662954709576,17.369535971483266,21
random_search,4,3098,61,19.18062484748657,17.369535971483266,21
random_search,4,3099,61,21.1431676725155,17.369535971483266,21
random_search,4,3100,62,20.483239697419133,17.369535971483266,21
random_search,4,3101,62,20.380697580112788,17.369535971483266,21
random_search,4,3102,62,21.70185121722126,17.369535971483266,21
random_search,4,3103,62,21.57402157263998,17.369535971483266,21
random_search,4,3104,62,22.384250278036866,17.369535971483266,21
random_search,4,3105,62,21.48148877222268,17.369535971483266,21
random_search,4,3106,62,21.033030277982334,17.369535971483266,21
random_search,4,3107,62,21.689974874213238,17.369535971483266,21
random_search,4,3108,62,20.380972058177587,17.369535971483266,21
random_search,4,3109,62,20.37581763205193,17.369535971483266,21
random_search,4,3110,62,21.06859590355097,17.369535971483266,21
random_search,4,3111,62,20.660107523773828,17.369535971483266,21
random_search,4,3112,62,22.166939881532553,17.369535971483266,21
random_search,4,3113,62,21.84604989415154,17.369535971483266,21
random_search,4,3114,62,20.609975124224178,17.369535971483266,21
random_search,4,3115,62,20.397366596101026,17.369535971483266,21
random_search,4,3116,62,21.7,17.369535971483266,21
random_search,4,3117,62,20.140967364599085,17.369535971483266,21
random_search,4,3118,62,20.285229954635273,17.369535971483266,21
random_search,4,3119,62,20.70293863659264,17.369535971483266,21
random_search,4,3120,62,21.841653005427766,17.369535971483266,21
random_search,4,3121,62,18.063324958071078,17.369535971483266,21
random_search,4,3122,62,19.83390796058137,17.369535971483266,21
random_search,4,3123,62,21.975817632051932,17.369535971483266,21
random_search,4,3124,62,20.133030277982336,17.369535971483266,21
random_search,4,3125,62,22.016609194718917,17.369535971483266,21
random_search,4,3126,62,19.870828693386972,17.369535971483266,21
random_search,4,3127,62,19.923538406167136,17.369535971483266,21
random_search,4,3128,62,20.88910462845192,17.369535971483266,21
random_search,4,3129,62,22.664582518894846,17.369535971483266,21
random_search,4,3130,62,20.13527000944073,17.369535971483266,21
random_search,4,3131,62,21.66794833886788,17.369535971483266,21
random_search,4,3132,62,22.489979919597747,17.369535971483266,21
random_search,4,3133,62,20.533907960581374,17.369535971483266,21
random_search,4,3134,62,21.94935886896179,17.369535971483266,21
random_search,4,3135,62,20.23622914957372,17.369535971483266,21
random_search,4,3136,62,19.314642819948226,17.369535971483266,21
random_search,4,3137,62,19.988409872672513,17.369535971483266,21
random_search,4,3138,62,21.108607914449795,17.369535971483266,21
random_search,4,3139,62,21.467670500619608,17.369535971483266,21
random_search,4,3140,62,18.843559577416272,17.369535971483266,21
random_search,4,3141,62,20.033907960581374,17.369535971483266,21
random_search,4,3142,62,20.97156333832011,17.369535971483266,21
random_search,4,3143,62,21.215339366124404,17.369535971483266,21
random_search,4,3144,62,22.87035467668243,17.369535971483266,21
random_search,4,3145,62,21.599999999999998,17.369535971483266,21
random_search,4,3146,62,19.8295630140987,17.369535971483266,21
random_search,4,3147,62,21.487905815638733,17.369535971483266,21
random_search,4,3148,62,21.50516780926679,17.369535971483266,21
random_search,4,3149,62,22.494438717061495,17.369535971483266,21
random_search,4,3150,63,21.428991560298222,17.369535971483266,21
random_search,4,3151,63,22.039013913315678,17.369535971483266,21
random_search,4,3152,63,18.288854381999833,17.369535971483266,21
random_search,4,3153,63,20.07364413533277,17.369535971483266,21
random_search,4,3154,63,20.911871208194288,17.369535971483266,21
random_search,4,3155,63,19.82842712474619,17.369535971483266,21
random_search,4,3156,63,20.911871208194288,17.369535971483266,21
random_search,4,3157,63,20.63907194296653,17.369535971483266,21
random_search,4,3158,63,20.160107523773828,17.369535971483266,21
random_search,4,3159,63,20.474868417407585,17.369535971483266,21
random_search,4,3160,63,19.841640786499873,17.369535971483266,21
random_search,4,3161,63,20.343559577416272,17.369535971483266,21
random_search,4,3162,63,20.033907960581374,17.369535971483266,21
random_search,4,3163,63,19.83541565040626,17.369535971483266,21
random_search,4,3164,63,21.913135192987525,17.369535971483266,21
random_search,4,3165,63,21.938181191654586,17.369535971483266,21
random_search,4,3166,63,20.870828693386972,17.369535971483266,21
random_search,4,3167,63,20.644994432064365,17.369535971483266,21
random_search,4,3168,63,19.814642819948226,17.369535971483266,21
random_search,4,3169,63,19.83390796058137,17.369535971483266,21
random_search,4,3170,63,21.457342370508883,17.369535971483266,21
random_search,4,3171,63,21.992849839314594,17.369535971483266,21
random_search,4,3172,63,20.163818169698587,17.369535971483266,21
random_search,4,3173,63,20.345207879911715,17.369535971483266,21
random_search,4,3174,63,19.57763888346312,17.369535971483266,21
random_search,4,3175,63,20.533907960581374,17.369535971483266,21
random_search,4,3176,63,19.129705854077837,17.369535971483266,21
random_search,4,3177,63,19.04880884817015,17.369535971483266,21
random_search,4,3178,63,20.664688270438848,17.369535971483266,21
random_search,4,3179,63,20.49582971014219,17.369535971483266,21
random_search,4,3180,63,19.572077843177475,17.369535971483266,21
random_search,4,3181,63,21.617935662402836,17.369535971483266,21
random_search,4,3182,63,18.71909059582729,17.369535971483266,21
random_search,4,3183,63,20.872004514666937,17.369535971483266,21
random_search,4,3184,63,20.98328677803526,17.369535971483266,21
random_search,4,3185,63,21.577902338672775,17.369535971483266,21
random_search,4,3186,63,20.2770329614269,17.369535971483266,21
random_search,4,3187,63,21.357066051117283,17.369535971483266,21
random_search,4,3188,63,21.077902338672775,17.369535971483266,21
random_search,4,3189,63,19.97763888346312,17.369535971483266,21
random_search,4,3190,63,19.61980390271856,17.369535971483266,21
random_search,4,3191,63,20.640175425099137,17.369535971483266,21
random_search,4,3192,63,20.629705854077837,17.369535971483266,21
random_search,4,3193,63,22.080243893371346,17.369535971483266,21
random_search,4,3194,63,20.193737745050925,17.369535971483266,21
random_search,4,3195,63,20.258317958127243,17.369535971483266,21
random_search,4,3196,63,22.07907545067406,17.369535971483266,21
random_search,4,3197,63,20.95472369909914,17.369535971483266,21
random_search,4,3198,63,20.256465996625053,17.369535971483266,21
random_search,4,3199,63,19.140175425099137,17.369535971483266,21
random_search,4,3200,64,22.63901391331568,17.369535971483266,21
random_search,4,3201,64,21.227566688249706,17.369535971483266,21
random_search,4,3202,64,20.227566688249706,17.369535971483266,21
random_search,4,3203,64,20.285229954635273,17.369535971483266,21
random_search,4,3204,64,19.51657508881031,17.369535971483266,21
random_search,4,3205,64,19.52664991614216,17.369535971483266,21
random_search,4,3206,64,22.23606797749979,17.369535971483266,21
random_search,4,3207,64,20.7,17.369535971483266,21
random_search,4,3208,64,20.45870331449229,17.369535971483266,21
random_search,4,3209,64,19.12736184954957,17.369535971483266,21
random_search,4,3210,64,19.30332963783729,17.369535971483266,21
random_search,4,3211,64,19.836660026534076,17.369535971483266,21
random_search,4,3212,64,19.2,17.369535971483266,21
random_search,4,3213,64,18.80384048104053,17.369535971483266,21
random_search,4,3214,64,20.599999999999998,17.369535971483266,21
random_search,4,3215,64,20.70185121722126,17.369535971483266,21
random_search,4,3216,64,20.65657137141714,17.369535971483266,21
random_search,4,3217,64,21.427105745132007,17.369535971483266,21
random_search,4,3218,64,21.196150997149434,17.369535971483266,21
random_search,4,3219,64,18.67979589711327,17.369535971483266,21
random_search,4,3220,64,20.088435821108956,17.369535971483266,21
random_search,4,3221,64,19.534387974463897,17.369535971483266,21
random_search,4,3222,64,21.15657137141714,17.369535971483266,21
random_search,4,3223,64,22.12565782966318,17.369535971483266,21
random_search,4,3224,64,20.30384048104053,17.369535971483266,21
random_search,4,3225,64,21.449444375840397,17.369535971483266,21
random_search,4,3226,64,21.937663853655728,17.369535971483266,21
random_search,4,3227,64,20.29283882771841,17.369535971483266,21
random_search,4,3228,64,20.56287388383278,17.369535971483266,21
random_search,4,3229,64,20.52710574513201,17.369535971483266,21
random_search,4,3230,64,21.584943324127924,17.369535971483266,21
random_search,4,3231,64,20.367156809750927,17.369535971483266,21
random_search,4,3232,64,20.85870331449229,17.369535971483266,21
random_search,4,3233,64,20.00830459735946,17.369535971483266,21
random_search,4,3234,64,19.900000000000002,17.369535971483266,21
random_search,4,3235,64,19.172004514666934,17.369535971483266,21
random_search,4,3236,64,21.15657137141714,17.369535971483266,21
random_search,4,3237,64,22.357066051117283,17.369535971483266,21
random_search,4,3238,64,20.33541565040626,17.369535971483266,21
random_search,4,3239,64,19.877902338672772,17.369535971483266,21
random_search,4,3240,64,20.614642819948223,17.369535971483266,21
random_search,4,3241,64,19.992838827718412,17.369535971483266,21
random_search,4,3242,64,21.928991560298222,17.369535971483266,21
random_search,4,3243,64,19.80332963783729,17.369535971483266,21
random_search,4,3244,64,21.0563490998189,17.369535971483266,21
random_search,4,3245,64,19.739071942966532,17.369535971483266,21
random_search,4,3246,64,19.99373774505092,17.369535971483266,21
random_search,4,3247,64,20.588435821108956,17.369535971483266,21
random_search,4,3248,64,21.967491648096548,17.369535971483266,21
random_search,4,3249,64,21.74131112314674,17.369535971483266,21
random_search,4,3250,65,20.861324772583615,17.369535971483266,21
random_search,4,3251,65,19.911871208194288,17.369535971483266,21
random_search,4,3252,65,21.82232783924049,17.369535971483266,21
random_search,4,3253,65,21.608607914449795,17.369535971483266,21
random_search,4,3254,65,20.14355957741627,17.369535971483266,21
random_search,4,3255,65,21.07156333832011,17.369535971483266,21
random_search,4,3256,65,19.09544511501033,17.369535971483266,21
random_search,4,3257,65,20.43238075793812,17.369535971483266,21
random_search,4,3258,65,20.934192325759245,17.369535971483266,21
random_search,4,3259,65,19.414213562373096,17.369535971483266,21
random_search,4,3260,65,19.862873883832776,17.369535971483266,21
random_search,4,3261,65,20.739071942966532,17.369535971483266,21
random_search,4,3262,65,20.82828568570857,17.369535971483266,21
random_search,4,3263,65,21.167156809750924,17.369535971483266,21
random_search,4,3264,65,19.754723699099138,17.369535971483266,21
random_search,4,3265,65,19.343559577416272,17.369535971483266,21
random_search,4,3266,65,20.98148877222268,17.369535971483266,21
random_search,4,3267,65,20.99615099714943,17.369535971483266,21
random_search,4,3268,65,20.730727575266254,17.369535971483266,21
random_search,4,3269,65,20.49373774505092,17.369535971483266,21
random_search,4,3270,65,21.316609194718914,17.369535971483266,21
random_search,4,3271,65,21.181934729198172,17.369535971483266,21
random_search,4,3272,65,20.52828568570857,17.369535971483266,21
random_search,4,3273,65,21.088435821108956,17.369535971483266,21
random_search,4,3274,65,18.640967364599085,17.369535971483266,21
random_search,4,3275,65,20.549444375840398,17.369535971483266,21
random_search,4,3276,65,19.880624847486573,17.369535971483266,21
random_search,4,3277,65,20.2131126469709,17.369535971483266,21
random_search,4,3278,65,22.49615099714943,17.369535971483266,21
random_search,4,3279,65,22.1886890422961,17.369535971483266,21
random_search,4,3280,65,20.93238075793812,17.369535971483266,21
random_search,4,3281,65,21.209983388658483,17.369535971483266,21
random_search,4,3282,65,21.55796522451032,17.369535971483266,21
random_search,4,3283,65,21.314944167960988,17.369535971483266,21
random_search,4,3284,65,21.68910462845192,17.369535971483266,21
random_search,4,3285,65,20.3576411454889,17.369535971483266,21
random_search,4,3286,65,19.367156809750927,17.369535971483266,21
random_search,4,3287,65,21.159126028197402,17.369535971483266,21
random_search,4,3288,65,21.70199920063936,17.369535971483266,21
random_search,4,3289,65,22.55657137141714,17.369535971483266,21
random_search,4,3290,65,20.507130750570546,17.369535971483266,21
random_search,4,3291,65,21.609243436828812,17.369535971483266,21
random_search,4,3292,65,21.322611077089288,17.369535971483266,21
random_search,4,3293,65,19.13527000944073,17.369535971483266,21
random_search,4,3294,65,21.840063693621516,17.369535971483266,21
random_search,4,3295,65,21.93238075793812,17.369535971483266,21
random_search,4,3296,65,22.00454076850486,17.369535971483266,21
random_search,4,3297,65,22.91547594742265,17.369535971483266,21
random_search,4,3298,65,19.991153452528778,17.369535971483266,21
random_search,4,3299,65,21.024845673131658,17.369535971483266,21
random_search,4,3300,66,21.172004514666934,17.369535971483266,21
random_search,4,3301,66,21.57402157263998,17.369535971483266,21
random_search,4,3302,66,21.44948974278318,17.369535971483266,21
random_search,4,3303,66,20.007878402833892,17.369535971483266,21
random_search,4,3304,66,20.777154105707726,17.369535971483266,21
random_search,4,3305,66,21.5576411454889,17.369535971483266,21
random_search,4,3306,66,21.261706725018236,17.369535971483266,21
random_search,4,3307,66,19.86619037896906,17.369535971483266,21
random_search,4,3308,66,20.20185121722126,17.369535971483266,21
random_search,4,3309,66,20.662049935181333,17.369535971483266,21
random_search,4,3310,66,20.730727575266254,17.369535971483266,21
random_search,4,3311,66,21.227566688249706,17.369535971483266,21
random_search,4,3312,66,20.06287388383278,17.369535971483266,21
random_search,4,3313,66,19.257583690279024,17.369535971483266,21
random_search,4,3314,66,19.7131126469709,17.369535971483266,21
random_search,4,3315,66,21.17681974534503,17.369535971483266,21
random_search,4,3316,66,19.20332963783729,17.369535971483266,21
random_search,4,3317,66,20.055294535724684,17.369535971483266,21
random_search,4,3318,66,20.26397674405503,17.369535971483266,21
random_search,4,3319,66,19.90454076850486,17.369535971483266,21
random_search,4,3320,66,20.0576411454889,17.369535971483266,21
random_search,4,3321,66,22.53315017762062,17.369535971483266,21
random_search,4,3322,66,22.400000000000002,17.369535971483266,21
random_search,4,3323,66,20.461324772583616,17.369535971483266,21
random_search,4,3324,66,21.427105745132007,17.369535971483266,21
random_search,4,3325,66,22.142787793912433,17.369535971483266,21
random_search,4,3326,66,20.214944167960986,17.369535971483266,21
random_search,4,3327,66,20.59666295470958,17.369535971483266,21
random_search,4,3328,66,21.15657137141714,17.369535971483266,21
random_search,4,3329,66,21.93130005674953,17.369535971483266,21
random_search,4,3330,66,20.788061301782108,17.369535971483266,21
random_search,4,3331,66,19.42756668824971,17.369535971483266,21
random_search,4,3332,66,20.099999999999998,17.369535971483266,21
random_search,4,3333,66,19.92756668824971,17.369535971483266,21
random_search,4,3334,66,22.809243436828815,17.369535971483266,21
random_search,4,3335,66,20.414213562373096,17.369535971483266,21
random_search,4,3336,66,21.341653005427766,17.369535971483266,21
random_search,4,3337,66,19.461324772583616,17.369535971483266,21
random_search,4,3338,66,22.270540018881462,17.369535971483266,21
random_search,4,3339,66,21.656141357987227,17.369535971483266,21
random_search,4,3340,66,20.189974874213238,17.369535971483266,21
random_search,4,3341,66,21.00554700852678,17.369535971483266,21
random_search,4,3342,66,21.584943324127924,17.369535971483266,21
random_search,4,3343,66,19.822611077089288,17.369535971483266,21
random_search,4,3344,66,21.16405499221705,17.369535971483266,21
random_search,4,3345,66,20.953720459187966,17.369535971483266,21
random_search,4,3346,66,19.644994432064365,17.369535971483266,21
random_search,4,3347,66,20.30332963783729,17.369535971483266,21
random_search,4,3348,66,21.864054992217053,17.369535971483266,21
random_search,4,3349,66,21.639736830714135,17.369535971483266,21
random_search,4,3350,67,19.235270009440733,17.369535971483266,21
random_search,4,3351,67,19.164688270438848,17.369535971483266,21
random_search,4,3352,67,21.438181191654586,17.369535971483266,21
random_search,4,3353,67,20.290724809414744,17.369535971483266,21
random_search,4,3354,67,20.9377155080899,17.369535971483266,21
random_search,4,3355,67,21.114482300479487,17.369535971483266,21
random_search,4,3356,67,20.645906043549196,17.369535971483266,21
random_search,4,3357,67,21.493468988235943,17.369535971483266,21
random_search,4,3358,67,21.521347195933174,17.369535971483266,21
random_search,4,3359,67,22.78193472919817,17.369535971483266,21
random_search,4,3360,67,20.51657508881031,17.369535971483266,21
random_search,4,3361,67,21.3576411454889,17.369535971483266,21
random_search,4,3362,67,22.941186241925152,17.369535971483266,21
random_search,4,3363,67,21.917800560721076,17.369535971483266,21
random_search,4,3364,67,19.49373774505092,17.369535971483266,21
random_search,4,3365,67,21.160107523773828,17.369535971483266,21
random_search,4,3366,67,20.629705854077837,17.369535971483266,21
random_search,4,3367,67,21.8459060435492,17.369535971483266,21
random_search,4,3368,67,20.055294535724684,17.369535971483266,21
random_search,4,3369,67,22.437663853655728,17.369535971483266,21
random_search,4,3370,67,20.07763888346312,17.369535971483266,21
random_search,4,3371,67,20.708607914449797,17.369535971483266,21
random_search,4,3372,67,20.372004514666937,17.369535971483266,21
random_search,4,3373,67,20.60768096208106,17.369535971483266,21
random_search,4,3374,67,19.51657508881031,17.369535971483266,21
random_search,4,3375,67,23.697221149720992,17.369535971483266,21
random_search,4,3376,67,20.693737745050925,17.369535971483266,21
random_search,4,3377,67,19.555294535724684,17.369535971483266,21
random_search,4,3378,67,21.088435821108956,17.369535971483266,21
random_search,4,3379,67,20.661706725018234,17.369535971483266,21
random_search,4,3380,67,19.764911064067352,17.369535971483266,21
random_search,4,3381,67,23.120215047547653,17.369535971483266,21
random_search,4,3382,67,19.254723699099138,17.369535971483266,21
random_search,4,3383,67,21.776575213227446,17.369535971483266,21
random_search,4,3384,67,21.40831891575846,17.369535971483266,21
random_search,4,3385,67,21.281488772222676,17.369535971483266,21
random_search,4,3386,67,19.754723699099138,17.369535971483266,21
random_search,4,3387,67,20.662049935181333,17.369535971483266,21
random_search,4,3388,67,21.031300056749533,17.369535971483266,21
random_search,4,3389,67,20.70293863659264,17.369535971483266,21
random_search,4,3390,67,20.49373774505092,17.369535971483266,21
random_search,4,3391,67,20.18910462845192,17.369535971483266,21
random_search,4,3392,67,21.8,17.369535971483266,21
random_search,4,3393,67,21.103569153775236,17.369535971483266,21
random_search,4,3394,67,21.476819745345026,17.369535971483266,21
random_search,4,3395,67,18.183095189484533,17.369535971483266,21
random_search,4,3396,67,21.60768096208106,17.369535971483266,21
random_search,4,3397,67,21.97484176581315,17.369535971483266,21
random_search,4,3398,67,20.227566688249706,17.369535971483266,21
random_search,4,3399,67,21.16794833886788,17.369535971483266,21
random_search,4,3400,68,21.621347195933176,17.369535971483266,21
random_search,4,3401,68,21.79192496674806,17.369535971483266,21
random_search,4,3402,68,18.830950643030008,17.369535971483266,21
random_search,4,3403,68,20.629705854077837,17.369535971483266,21
random_search,4,3404,68,22.516609194718917,17.369535971483266,21
random_search,4,3405,68,20.593468988235944,17.369535971483266,21
random_search,4,3406,68,21.007130750570546,17.369535971483266,21
random_search,4,3407,68,21.32379000772445,17.369535971483266,21
random_search,4,3408,68,20.254065922853805,17.369535971483266,21
random_search,4,3409,68,20.661706725018234,17.369535971483266,21
random_search,4,3410,68,19.548999599679682,17.369535971483266,21
random_search,4,3411,68,20.54939015319192,17.369535971483266,21
random_search,4,3412,68,20.339607805437115,17.369535971483266,21
random_search,4,3413,68,20.239071942966532,17.369535971483266,21
random_search,4,3414,68,20.285229954635273,17.369535971483266,21
random_search,4,3415,68,20.756465996625053,17.369535971483266,21
random_search,4,3416,68,19.429705854077834,17.369535971483266,21
random_search,4,3417,68,21.488689042296098,17.369535971483266,21
random_search,4,3418,68,19.914213562373096,17.369535971483266,21
random_search,4,3419,68,21.009980079602226,17.369535971483266,21
random_search,4,3420,68,21.880697580112788,17.369535971483266,21
random_search,4,3421,68,20.97156333832011,17.369535971483266,21
random_search,4,3422,68,21.585677655436825,17.369535971483266,21
random_search,4,3423,68,20.343024810940587,17.369535971483266,21
random_search,4,3424,68,21.622611077089285,17.369535971483266,21
random_search,4,3425,68,20.552776554086886,17.369535971483266,21
random_search,4,3426,68,22.609243436828812,17.369535971483266,21
random_search,4,3427,68,20.22074368738204,17.369535971483266,21
random_search,4,3428,68,19.400000000000002,17.369535971483266,21
random_search,4,3429,68,21.230727575266254,17.369535971483266,21
random_search,4,3430,68,20.640967364599085,17.369535971483266,21
random_search,4,3431,68,20.56767050061961,17.369535971483266,21
random_search,4,3432,68,20.140967364599085,17.369535971483266,21
random_search,4,3433,68,18.7,17.369535971483266,21
random_search,4,3434,68,21.338181191654584,17.369535971483266,21
random_search,4,3435,68,19.22736184954957,17.369535971483266,21
random_search,4,3436,68,20.1886890422961,17.369535971483266,21
random_search,4,3437,68,20.196150997149434,17.369535971483266,21
random_search,4,3438,68,21.994438717061495,17.369535971483266,21
random_search,4,3439,68,21.136664289109586,17.369535971483266,21
random_search,4,3440,68,21.449666651850535,17.369535971483266,21
random_search,4,3441,68,20.770540018881462,17.369535971483266,21
random_search,4,3442,68,19.99373774505092,17.369535971483266,21
random_search,4,3443,68,18.729563014098698,17.369535971483266,21
random_search,4,3444,68,19.33390796058137,17.369535971483266,21
random_search,4,3445,68,21.302172886644268,17.369535971483266,21
random_search,4,3446,68,21.577902338672775,17.369535971483266,21
random_search,4,3447,68,23.011094017053555,17.369535971483266,21
random_search,4,3448,68,21.91916017074176,17.369535971483266,21
random_search,4,3449,68,21.57364413533277,17.369535971483266,21
random_search,4,3450,69,21.07907545067406,17.369535971483266,21
random_search,4,3451,69,21.172004514666934,17.369535971483266,21
random_search,4,3452,69,22.47492138287036,17.369535971483266,21
random_search,4,3453,69,21.481742422927145,17.369535971483266,21
random_search,4,3454,69,22.196150997149434,17.369535971483266,21
random_search,4,3455,69,20.343559577416272,17.369535971483266,21
random_search,4,3456,69,21.286335345031,17.369535971483266,21
random_search,4,3457,69,20.16770782520313,17.369535971483266,21
random_search,4,3458,69,18.991153452528778,17.369535971483266,21
random_search,4,3459,69,20.99615099714943,17.369535971483266,21
random_search,4,3460,69,21.938181191654586,17.369535971483266,21
random_search,4,3461,69,21.033907960581374,17.369535971483266,21
random_search,4,3462,69,21.924099870362664,17.369535971483266,21
random_search,4,3463,69,21.681934729198172,17.369535971483266,21
random_search,4,3464,69,21.077902338672775,17.369535971483266,21
random_search,4,3465,69,20.822611077089288,17.369535971483266,21
random_search,4,3466,69,20.330950643030008,17.369535971483266,21
random_search,4,3467,69,19.822611077089288,17.369535971483266,21
random_search,4,3468,69,19.76843871413581,17.369535971483266,21
random_search,4,3469,69,20.362873883832776,17.369535971483266,21
random_search,4,3470,69,22.536877428271623,17.369535971483266,21
random_search,4,3471,69,21.055294535724684,17.369535971483266,21
random_search,4,3472,69,21.637715508089904,17.369535971483266,21
random_search,4,3473,69,20.80199920063936,17.369535971483266,21
random_search,4,3474,69,19.841640786499873,17.369535971483266,21
random_search,4,3475,69,21.471750305430742,17.369535971483266,21
random_search,4,3476,69,21.0153393661244,17.369535971483266,21
random_search,4,3477,69,21.491153452528778,17.369535971483266,21
random_search,4,3478,69,20.35870331449229,17.369535971483266,21
random_search,4,3479,69,20.15796522451032,17.369535971483266,21
random_search,4,3480,69,21.68679622641132,17.369535971483266,21
random_search,4,3481,69,19.71909059582729,17.369535971483266,21
random_search,4,3482,69,21.13901391331568,17.369535971483266,21
random_search,4,3483,69,21.60768096208106,17.369535971483266,21
random_search,4,3484,69,21.02883794381533,17.369535971483266,21
random_search,4,3485,69,21.429705854077834,17.369535971483266,21
random_search,4,3486,69,18.8295630140987,17.369535971483266,21
random_search,4,3487,69,20.42756668824971,17.369535971483266,21
random_search,4,3488,69,21.35870331449229,17.369535971483266,21
random_search,4,3489,69,21.41084400165827,17.369535971483266,21
random_search,4,3490,69,20.983266665599963,17.369535971483266,21
random_search,4,3491,69,19.35870331449229,17.369535971483266,21
random_search,4,3492,69,19.50554700852678,17.369535971483266,21
random_search,4,3493,69,21.838181191654584,17.369535971483266,21
random_search,4,3494,69,21.432380757938123,17.369535971483266,21
random_search,4,3495,69,21.457342370508883,17.369535971483266,21
random_search,4,3496,69,20.20332963783729,17.369535971483266,21
random_search,4,3497,69,20.775711299845938,17.369535971483266,21
random_search,4,3498,69,22.57402157263998,17.369535971483266,21
random_search,4,3499,69,21.66405499221705,17.369535971483266,21
random_search,4,3500,70,20.099999999999998,17.369535971483266,21
random_search,4,3501,70,20.173320053068153,17.369535971483266,21
random_search,4,3502,70,22.343024810940587,17.369535971483266,21
random_search,4,3503,70,20.08113883008419,17.369535971483266,21
random_search,4,3504,70,18.419803902718556,17.369535971483266,21
random_search,4,3505,70,20.645906043549196,17.369535971483266,21
random_search,4,3506,70,23.0,17.369535971483266,21
random_search,4,3507,70,21.714944167960986,17.369535971483266,21
random_search,4,3508,70,19.055294535724684,17.369535971483266,21
random_search,4,3509,70,20.584943324127924,17.369535971483266,21
random_search,4,3510,70,20.66794833886788,17.369535971483266,21
random_search,4,3511,70,20.281488772222676,17.369535971483266,21
random_search,4,3512,70,20.667156809750924,17.369535971483266,21
random_search,4,3513,70,22.62565782966318,17.369535971483266,21
random_search,4,3514,70,22.183281572999746,17.369535971483266,21
random_search,4,3515,70,21.417935662402833,17.369535971483266,21
random_search,4,3516,70,20.584943324127924,17.369535971483266,21
random_search,4,3517,70,19.629705854077837,17.369535971483266,21
random_search,4,3518,70,21.743024810940586,17.369535971483266,21
random_search,4,3519,70,21.239607805437114,17.369535971483266,21
random_search,4,3520,70,21.82842712474619,17.369535971483266,21
random_search,4,3521,70,18.554065922853802,17.369535971483266,21
random_search,4,3522,70,19.735270009440733,17.369535971483266,21
random_search,4,3523,70,21.610589071449372,17.369535971483266,21
random_search,4,3524,70,19.18679622641132,17.369535971483266,21
random_search,4,3525,70,20.760681686165903,17.369535971483266,21
random_search,4,3526,70,19.257583690279024,17.369535971483266,21
random_search,4,3527,70,22.13901391331568,17.369535971483266,21
random_search,4,3528,70,20.549509756796393,17.369535971483266,21
random_search,4,3529,70,21.22490309931942,17.369535971483266,21
random_search,4,3530,70,20.281488772222676,17.369535971483266,21
random_search,4,3531,70,23.207567081708245,17.369535971483266,21
random_search,4,3532,70,21.621320343559642,17.369535971483266,21
random_search,4,3533,70,19.314944167960988,17.369535971483266,21
random_search,4,3534,70,19.368438714135813,17.369535971483266,21
random_search,4,3535,70,18.640967364599085,17.369535971483266,21
random_search,4,3536,70,21.387467277262665,17.369535971483266,21
random_search,4,3537,70,18.422497216032184,17.369535971483266,21
random_search,4,3538,70,21.88494332412792,17.369535971483266,21
random_search,4,3539,70,20.02710574513201,17.369535971483266,21
random_search,4,3540,70,20.629705854077837,17.369535971483266,21
random_search,4,3541,70,20.880697580112788,17.369535971483266,21
random_search,4,3542,70,20.49373774505092,17.369535971483266,21
random_search,4,3543,70,21.288854381999833,17.369535971483266,21
random_search,4,3544,70,20.577154105707724,17.369535971483266,21
random_search,4,3545,70,19.87840487520902,17.369535971483266,21
random_search,4,3546,70,21.060107523773826,17.369535971483266,21
random_search,4,3547,70,20.1431676725155,17.369535971483266,21
random_search,4,3548,70,20.609243436828812,17.369535971483266,21
random_search,4,3549,70,20.01657508881031,17.369535971483266,21
random_search,4,3550,71,19.163818169698587,17.369535971483266,21
random_search,4,3551,71,21.816609194718914,17.369535971483266,21
random_search,4,3552,71,19.588409872672514,17.369535971483266,21
random_search,4,3553,71,21.43469899493758,17.369535971483266,21
random_search,4,3554,71,22.01058907144937,17.369535971483266,21
random_search,4,3555,71,22.0563490998189,17.369535971483266,21
random_search,4,3556,71,21.2343879744639,17.369535971483266,21
random_search,4,3557,71,21.659126028197402,17.369535971483266,21
random_search,4,3558,71,22.75306852353742,17.369535971483266,21
random_search,4,3559,71,20.23861278752583,17.369535971483266,21
random_search,4,3560,71,20.368438714135813,17.369535971483266,21
random_search,4,3561,71,21.072077843177475,17.369535971483266,21
random_search,4,3562,71,19.94928556845359,17.369535971483266,21
random_search,4,3563,71,19.714944167960986,17.369535971483266,21
random_search,4,3564,71,19.929705854077834,17.369535971483266,21
random_search,4,3565,71,18.334846922834956,17.369535971483266,21
random_search,4,3566,71,21.974868417407585,17.369535971483266,21
random_search,4,3567,71,20.117935662402836,17.369535971483266,21
random_search,4,3568,71,21.54959013639538,17.369535971483266,21
random_search,4,3569,71,20.2219040425837,17.369535971483266,21
random_search,4,3570,71,20.33622914957372,17.369535971483266,21
random_search,4,3571,71,22.72928563989645,17.369535971483266,21
random_search,4,3572,71,20.795829710142186,17.369535971483266,21
random_search,4,3573,71,20.134698994937583,17.369535971483266,21
random_search,4,3574,71,19.491153452528778,17.369535971483266,21
random_search,4,3575,71,22.674021572639983,17.369535971483266,21
random_search,4,3576,71,19.423538406167136,17.369535971483266,21
random_search,4,3577,71,20.953720459187966,17.369535971483266,21
random_search,4,3578,71,19.868438714135813,17.369535971483266,21
random_search,4,3579,71,20.453720459187966,17.369535971483266,21
random_search,4,3580,71,19.20713075057055,17.369535971483266,21
random_search,4,3581,71,20.714944167960986,17.369535971483266,21
random_search,4,3582,71,21.696150997149434,17.369535971483266,21
random_search,4,3583,71,22.241653005427764,17.369535971483266,21
random_search,4,3584,71,22.25306852353742,17.369535971483266,21
random_search,4,3585,71,19.7343879744639,17.369535971483266,21
random_search,4,3586,71,21.2131126469709,17.369535971483266,21
random_search,4,3587,71,21.093468988235944,17.369535971483266,21
random_search,4,3588,71,22.387761134463375,17.369535971483266,21
random_search,4,3589,71,22.639736830714135,17.369535971483266,21
random_search,4,3590,71,19.9591260281974,17.369535971483266,21
random_search,4,3591,71,21.494438717061495,17.369535971483266,21
random_search,4,3592,71,19.22474487139159,17.369535971483266,21
random_search,4,3593,71,21.509980079602226,17.369535971483266,21
random_search,4,3594,71,21.533907960581374,17.369535971483266,21
random_search,4,3595,71,21.30199920063936,17.369535971483266,21
random_search,4,3596,71,21.103569153775236,17.369535971483266,21
random_search,4,3597,71,20.52710574513201,17.369535971483266,21
random_search,4,3598,71,22.520897306865447,17.369535971483266,21
random_search,4,3599,71,19.281488772222676,17.369535971483266,21
random_search,4,3600,72,21.822611077089288,17.369535971483266,21
random_search,4,3601,72,17.54833147735479,17.369535971483266,21
random_search,4,3602,72,20.61245154965971,17.369535971483266,21
random_search,4,3603,72,18.978232998312528,17.369535971483266,21
random_search,4,3604,72,21.7,17.369535971483266,21
random_search,4,3605,72,19.80332963783729,17.369535971483266,21
random_search,4,3606,72,22.27488738510232,17.369535971483266,21
random_search,4,3607,72,22.36356421265527,17.369535971483266,21
random_search,4,3608,72,20.059591794226545,17.369535971483266,21
random_search,4,3609,72,21.03072757526625,17.369535971483266,21
random_search,4,3610,72,19.6431676725155,17.369535971483266,21
random_search,4,3611,72,21.254723699099138,17.369535971483266,21
random_search,4,3612,72,20.66794833886788,17.369535971483266,21
random_search,4,3613,72,19.869535971483266,17.369535971483266,21
random_search,4,3614,72,20.872004514666937,17.369535971483266,21
random_search,4,3615,72,20.54939015319192,17.369535971483266,21
random_search,4,3616,72,20.43469899493758,17.369535971483266,21
random_search,4,3617,72,20.7131126469709,17.369535971483266,21
random_search,4,3618,72,20.162049935181333,17.369535971483266,21
random_search,4,3619,72,18.54880884817015,17.369535971483266,21
random_search,4,3620,72,21.319160170741757,17.369535971483266,21
random_search,4,3621,72,19.86397674405503,17.369535971483266,21
random_search,4,3622,72,20.51657508881031,17.369535971483266,21
random_search,4,3623,72,19.70332963783729,17.369535971483266,21
random_search,4,3624,72,21.3,17.369535971483266,21
random_search,4,3625,72,19.872004514666937,17.369535971483266,21
random_search,4,3626,72,21.409975124224175,17.369535971483266,21
random_search,4,3627,72,19.429705854077834,17.369535971483266,21
random_search,4,3628,72,19.73622914957372,17.369535971483266,21
random_search,4,3629,72,22.088435821108956,17.369535971483266,21
random_search,4,3630,72,21.683281572999746,17.369535971483266,21
random_search,4,3631,72,20.372004514666937,17.369535971483266,21
random_search,4,3632,72,21.409975124224175,17.369535971483266,21
random_search,4,3633,72,21.049509756796393,17.369535971483266,21
random_search,4,3634,72,21.16794833886788,17.369535971483266,21
random_search,4,3635,72,19.843559577416272,17.369535971483266,21
random_search,4,3636,72,21.072077843177475,17.369535971483266,21
random_search,4,3637,72,19.140175425099137,17.369535971483266,21
random_search,4,3638,72,22.06859590355097,17.369535971483266,21
random_search,4,3639,72,19.7770329614269,17.369535971483266,21
random_search,4,3640,72,20.788854381999833,17.369535971483266,21
random_search,4,3641,72,22.03072757526625,17.369535971483266,21
random_search,4,3642,72,21.43238075793812,17.369535971483266,21
random_search,4,3643,72,20.689974874213238,17.369535971483266,21
random_search,4,3644,72,19.63527000944073,17.369535971483266,21
random_search,4,3645,72,21.12074368738204,17.369535971483266,21
random_search,4,3646,72,22.552396473549933,17.369535971483266,21
random_search,4,3647,72,19.99373774505092,17.369535971483266,21
random_search,4,3648,72,19.3,17.369535971483266,21
random_search,4,3649,72,21.661706725018234,17.369535971483266,21
random_search,4,3650,73,20.609243436828812,17.369535971483266,21
random_search,4,3651,73,20.816590212458493,17.369535971483266,21
random_search,4,3652,73,20.10554700852678,17.369535971483266,21
random_search,4,3653,73,20.672004514666934,17.369535971483266,21
random_search,4,3654,73,19.696150997149434,17.369535971483266,21
random_search,4,3655,73,21.880972058177587,17.369535971483266,21
random_search,4,3656,73,20.816590212458493,17.369535971483266,21
random_search,4,3657,73,20.617935662402836,17.369535971483266,21
random_search,4,3658,73,22.608607914449795,17.369535971483266,21
random_search,4,3659,73,19.114642819948223,17.369535971483266,21
random_search,4,3660,73,19.18321595661992,17.369535971483266,21
random_search,4,3661,73,19.400000000000002,17.369535971483266,21
random_search,4,3662,73,20.549509756796393,17.369535971483266,21
random_search,4,3663,73,21.86154726279432,17.369535971483266,21
random_search,4,3664,73,20.555294535724684,17.369535971483266,21
random_search,4,3665,73,21.077154105707724,17.369535971483266,21
random_search,4,3666,73,22.181934729198172,17.369535971483266,21
random_search,4,3667,73,21.36124969497314,17.369535971483266,21
random_search,4,3668,73,20.45870331449229,17.369535971483266,21
random_search,4,3669,73,19.285229954635273,17.369535971483266,21
random_search,4,3670,73,19.822611077089288,17.369535971483266,21
random_search,4,3671,73,20.664688270438848,17.369535971483266,21
random_search,4,3672,73,21.40454076850486,17.369535971483266,21
random_search,4,3673,73,18.629705854077837,17.369535971483266,21
random_search,4,3674,73,20.816609194718914,17.369535971483266,21
random_search,4,3675,73,20.814944167960988,17.369535971483266,21
random_search,4,3676,73,19.94928556845359,17.369535971483266,21
random_search,4,3677,73,20.30332963783729,17.369535971483266,21
random_search,4,3678,73,20.660107523773828,17.369535971483266,21
random_search,4,3679,73,21.09072480941474,17.369535971483266,21
random_search,4,3680,73,20.830950643030008,17.369535971483266,21
random_search,4,3681,73,21.337211521390785,17.369535971483266,21
random_search,4,3682,73,21.400000000000002,17.369535971483266,21
random_search,4,3683,73,21.113112646970897,17.369535971483266,21
random_search,4,3684,73,21.742787793912434,17.369535971483266,21
random_search,4,3685,73,21.314944167960988,17.369535971483266,21
random_search,4,3686,73,21.637715508089904,17.369535971483266,21
random_search,4,3687,73,21.03072757526625,17.369535971483266,21
random_search,4,3688,73,21.022327839240493,17.369535971483266,21
random_search,4,3689,73,20.464965543462903,17.369535971483266,21
random_search,4,3690,73,21.126785107312738,17.369535971483266,21
random_search,4,3691,73,22.87211421989835,17.369535971483266,21
random_search,4,3692,73,22.0153393661244,17.369535971483266,21
random_search,4,3693,73,20.822611077089288,17.369535971483266,21
random_search,4,3694,73,21.10554700852678,17.369535971483266,21
random_search,4,3695,73,23.08526217596215,17.369535971483266,21
random_search,4,3696,73,20.1431676725155,17.369535971483266,21
random_search,4,3697,73,20.83541565040626,17.369535971483266,21
random_search,4,3698,73,18.693737745050925,17.369535971483266,21
random_search,4,3699,73,21.481742422927145,17.369535971483266,21
random_search,4,3700,74,21.22654919008431,17.369535971483266,21
random_search,4,3701,74,19.52664991614216,17.369535971483266,21
random_search,4,3702,74,19.920465053408524,17.369535971483266,21
random_search,4,3703,74,22.295829710142186,17.369535971483266,21
random_search,4,3704,74,22.009980079602226,17.369535971483266,21
random_search,4,3705,74,21.07156333832011,17.369535971483266,21
random_search,4,3706,74,21.04939015319192,17.369535971483266,21
random_search,4,3707,74,21.5153393661244,17.369535971483266,21
random_search,4,3708,74,21.30199920063936,17.369535971483266,21
random_search,4,3709,74,19.491153452528778,17.369535971483266,21
random_search,4,3710,74,20.64355957741627,17.369535971483266,21
random_search,4,3711,74,23.282306905057553,17.369535971483266,21
random_search,4,3712,74,19.58679622641132,17.369535971483266,21
random_search,4,3713,74,20.741653005427764,17.369535971483266,21
random_search,4,3714,74,22.275711299845938,17.369535971483266,21
random_search,4,3715,74,19.609243436828812,17.369535971483266,21
random_search,4,3716,74,21.288854381999833,17.369535971483266,21
random_search,4,3717,74,20.27488738510232,17.369535971483266,21
random_search,4,3718,74,21.109975124224178,17.369535971483266,21
random_search,4,3719,74,20.7343879744639,17.369535971483266,21
random_search,4,3720,74,20.488409872672513,17.369535971483266,21
random_search,4,3721,74,21.713594362117867,17.369535971483266,21
random_search,4,3722,74,20.683266665599966,17.369535971483266,21
random_search,4,3723,74,21.453720459187966,17.369535971483266,21
random_search,4,3724,74,19.870828693386972,17.369535971483266,21
random_search,4,3725,74,20.4591260281974,17.369535971483266,21
random_search,4,3726,74,20.483239697419133,17.369535971483266,21
random_search,4,3727,74,21.077154105707724,17.369535971483266,21
random_search,4,3728,74,20.689974874213238,17.369535971483266,21
random_search,4,3729,74,22.614482300479487,17.369535971483266,21
random_search,4,3730,74,20.063818169698585,17.369535971483266,21
random_search,4,3731,74,20.48148877222268,17.369535971483266,21
random_search,4,3732,74,21.645906043549196,17.369535971483266,21
random_search,4,3733,74,21.367156809750927,17.369535971483266,21
random_search,4,3734,74,18.099999999999998,17.369535971483266,21
random_search,4,3735,74,21.72654919008431,17.369535971483266,21
random_search,4,3736,74,21.838181191654584,17.369535971483266,21
random_search,4,3737,74,22.139736830714135,17.369535971483266,21
random_search,4,3738,74,21.80805405358401,17.369535971483266,21
random_search,4,3739,74,21.387467277262665,17.369535971483266,21
random_search,4,3740,74,21.599999999999998,17.369535971483266,21
random_search,4,3741,74,21.642787793912433,17.369535971483266,21
random_search,4,3742,74,19.55758369027902,17.369535971483266,21
random_search,4,3743,74,21.060107523773826,17.369535971483266,21
random_search,4,3744,74,22.22654919008431,17.369535971483266,21
random_search,4,3745,74,20.17681974534503,17.369535971483266,21
random_search,4,3746,74,20.867156809750927,17.369535971483266,21
random_search,4,3747,74,19.79283882771841,17.369535971483266,21
random_search,4,3748,74,19.900000000000002,17.369535971483266,21
random_search,4,3749,74,20.991153452528778,17.369535971483266,21
random_search,4,3750,75,20.3,17.369535971483266,21
random_search,4,3751,75,22.049509756796393,17.369535971483266,21
random_search,4,3752,75,19.193737745050925,17.369535971483266,21
random_search,4,3753,75,21.456141357987224,17.369535971483266,21
random_search,4,3754,75,21.830950643030008,17.369535971483266,21
random_search,4,3755,75,19.735270009440733,17.369535971483266,21
random_search,4,3756,75,20.661706725018234,17.369535971483266,21
random_search,4,3757,75,22.176575213227444,17.369535971483266,21
random_search,4,3758,75,20.44928556845359,17.369535971483266,21
random_search,4,3759,75,20.280350850198275,17.369535971483266,21
random_search,4,3760,75,19.3295630140987,17.369535971483266,21
random_search,4,3761,75,20.70185121722126,17.369535971483266,21
random_search,4,3762,75,22.66405499221705,17.369535971483266,21
random_search,4,3763,75,21.164582518894846,17.369535971483266,21
random_search,4,3764,75,20.661706725018234,17.369535971483266,21
random_search,4,3765,75,20.088409872672514,17.369535971483266,21
random_search,4,3766,75,21.427105745132007,17.369535971483266,21
random_search,4,3767,75,21.935415650406263,17.369535971483266,21
random_search,4,3768,75,21.466479394838267,17.369535971483266,21
random_search,4,3769,75,20.900000000000002,17.369535971483266,21
random_search,4,3770,75,20.417935662402833,17.369535971483266,21
random_search,4,3771,75,20.236877428271626,17.369535971483266,21
random_search,4,3772,75,19.44899959967968,17.369535971483266,21
random_search,4,3773,75,22.2343879744639,17.369535971483266,21
random_search,4,3774,75,19.70293863659264,17.369535971483266,21
random_search,4,3775,75,20.52664991614216,17.369535971483266,21
random_search,4,3776,75,21.367156809750927,17.369535971483266,21
random_search,4,3777,75,19.588409872672514,17.369535971483266,21
random_search,4,3778,75,20.343559577416272,17.369535971483266,21
random_search,4,3779,75,21.253720459187964,17.369535971483266,21
random_search,4,3780,75,20.72029410174709,17.369535971483266,21
random_search,4,3781,75,18.207106781186546,17.369535971483266,21
random_search,4,3782,75,20.414213562373096,17.369535971483266,21
random_search,4,3783,75,22.360319135392636,17.369535971483266,21
random_search,4,3784,75,20.3,17.369535971483266,21
random_search,4,3785,75,21.5,17.369535971483266,21
random_search,4,3786,75,20.49373774505092,17.369535971483266,21
random_search,4,3787,75,20.98328677803526,17.369535971483266,21
random_search,4,3788,75,22.121347195933176,17.369535971483266,21
random_search,4,3789,75,21.32232783924049,17.369535971483266,21
random_search,4,3790,75,20.91084400165827,17.369535971483266,21
random_search,4,3791,75,21.661706725018234,17.369535971483266,21
random_search,4,3792,75,22.577902338672775,17.369535971483266,21
random_search,4,3793,75,19.173320053068153,17.369535971483266,21
random_search,4,3794,75,18.900000000000002,17.369535971483266,21
random_search,4,3795,75,20.97484176581315,17.369535971483266,21
random_search,4,3796,75,21.43238075793812,17.369535971483266,21
random_search,4,3797,75,20.12074368738204,17.369535971483266,21
random_search,4,3798,75,20.73622914957372,17.369535971483266,21
random_search,4,3799,75,22.145906043549196,17.369535971483266,21
random_search,4,3800,76,22.242787793912434,17.369535971483266,21
random_search,4,3801,76,21.65657137141714,17.369535971483266,21
random_search,4,3802,76,21.8,17.369535971483266,21
random_search,4,3803,76,21.137715508089904,17.369535971483266,21
random_search,4,3804,76,21.3459060435492,17.369535971483266,21
random_search,4,3805,76,21.38910462845192,17.369535971483266,21
random_search,4,3806,76,22.03072757526625,17.369535971483266,21
random_search,4,3807,76,22.36124969497314,17.369535971483266,21
random_search,4,3808,76,18.894427190999917,17.369535971483266,21
random_search,4,3809,76,21.382085548648714,17.369535971483266,21
random_search,4,3810,76,19.730727575266254,17.369535971483266,21
random_search,4,3811,76,20.84604989415154,17.369535971483266,21
random_search,4,3812,76,21.469817807045693,17.369535971483266,21
random_search,4,3813,76,21.554065922853802,17.369535971483266,21
random_search,4,3814,76,20.935415650406263,17.369535971483266,21
random_search,4,3815,76,19.91916017074176,17.369535971483266,21
random_search,4,3816,76,17.447213595499957,17.369535971483266,21
random_search,4,3817,76,20.412931993250105,17.369535971483266,21
random_search,4,3818,76,22.37571129984594,17.369535971483266,21
random_search,4,3819,76,20.316609194718914,17.369535971483266,21
random_search,4,3820,76,19.18062484748657,17.369535971483266,21
random_search,4,3821,76,20.491153452528778,17.369535971483266,21
random_search,4,3822,76,21.012931993250106,17.369535971483266,21
random_search,4,3823,76,20.438181191654586,17.369535971483266,21
random_search,4,3824,76,18.549193338482965,17.369535971483266,21
random_search,4,3825,76,20.923538406167136,17.369535971483266,21
random_search,4,3826,76,20.0,17.369535971483266,21
random_search,4,3827,76,21.955946767611902,17.369535971483266,21
random_search,4,3828,76,19.920465053408524,17.369535971483266,21
random_search,4,3829,76,21.752776554086893,17.369535971483266,21
random_search,4,3830,76,19.99373774505092,17.369535971483266,21
random_search,4,3831,76,20.26397674405503,17.369535971483266,21
random_search,4,3832,76,21.40454076850486,17.369535971483266,21
random_search,4,3833,76,21.72491379207837,17.369535971483266,21
random_search,4,3834,76,20.923538406167136,17.369535971483266,21
random_search,4,3835,76,20.68062484748657,17.369535971483266,21
random_search,4,3836,76,20.322497216032183,17.369535971483266,21
random_search,4,3837,76,20.453720459187966,17.369535971483266,21
random_search,4,3838,76,22.2343879744639,17.369535971483266,21
random_search,4,3839,76,21.55796522451032,17.369535971483266,21
random_search,4,3840,76,20.173320053068153,17.369535971483266,21
random_search,4,3841,76,20.659126028197402,17.369535971483266,21
random_search,4,3842,76,20.57364413533277,17.369535971483266,21
random_search,4,3843,76,20.900000000000002,17.369535971483266,21
random_search,4,3844,76,18.949137674618942,17.369535971483266,21
random_search,4,3845,76,20.460232526704264,17.369535971483266,21
random_search,4,3846,76,20.140967364599085,17.369535971483266,21
random_search,4,3847,76,22.015167380558044,17.369535971483266,21
random_search,4,3848,76,20.93238075793812,17.369535971483266,21
random_search,4,3849,76,20.67681974534503,17.369535971483266,21
random_search,4,3850,77,20.60554700852678,17.369535971483266,21
random_search,4,3851,77,18.93095064303001,17.369535971483266,21
random_search,4,3852,77,22.003569153775235,17.369535971483266,21
random_search,4,3853,77,21.0,17.369535971483266,21
random_search,4,3854,77,19.00830459735946,17.369535971483266,21
random_search,4,3855,77,21.134698994937583,17.369535971483266,21
random_search,4,3856,77,21.549444375840398,17.369535971483266,21
random_search,4,3857,77,22.62763633939717,17.369535971483266,21
random_search,4,3858,77,20.140175425099137,17.369535971483266,21
random_search,4,3859,77,21.146426544510454,17.369535971483266,21
random_search,4,3860,77,21.48329457343378,17.369535971483266,21
random_search,4,3861,77,21.866431913239847,17.369535971483266,21
random_search,4,3862,77,20.83390796058137,17.369535971483266,21
random_search,4,3863,77,21.53072757526625,17.369535971483266,21
random_search,4,3864,77,20.0153393661244,17.369535971483266,21
random_search,4,3865,77,20.795829710142186,17.369535971483266,21
random_search,4,3866,77,21.261249694973138,17.369535971483266,21
random_search,4,3867,77,20.43095064303001,17.369535971483266,21
random_search,4,3868,77,19.63527000944073,17.369535971483266,21
random_search,4,3869,77,20.739607805437114,17.369535971483266,21
random_search,4,3870,77,21.75306852353742,17.369535971483266,21
random_search,4,3871,77,20.614674215792775,17.369535971483266,21
random_search,4,3872,77,20.983266665599963,17.369535971483266,21
random_search,4,3873,77,19.3,17.369535971483266,21
random_search,4,3874,77,19.66794833886788,17.369535971483266,21
random_search,4,3875,77,21.18910462845192,17.369535971483266,21
random_search,4,3876,77,19.46619037896906,17.369535971483266,21
random_search,4,3877,77,20.830950643030008,17.369535971483266,21
random_search,4,3878,77,22.28193472919817,17.369535971483266,21
random_search,4,3879,77,21.83390796058137,17.369535971483266,21
random_search,4,3880,77,20.811871208194287,17.369535971483266,21
random_search,4,3881,77,21.549444375840398,17.369535971483266,21
random_search,4,3882,77,22.01869538788622,17.369535971483266,21
random_search,4,3883,77,19.53072757526625,17.369535971483266,21
random_search,4,3884,77,21.241653005427764,17.369535971483266,21
random_search,4,3885,77,22.475817632051932,17.369535971483266,21
random_search,4,3886,77,20.80787840283389,17.369535971483266,21
random_search,4,3887,77,19.3295630140987,17.369535971483266,21
random_search,4,3888,77,21.02710574513201,17.369535971483266,21
random_search,4,3889,77,18.634846922834953,17.369535971483266,21
random_search,4,3890,77,21.280697580112786,17.369535971483266,21
random_search,4,3891,77,20.370828693386972,17.369535971483266,21
random_search,4,3892,77,20.739607805437114,17.369535971483266,21
random_search,4,3893,77,22.2343879744639,17.369535971483266,21
random_search,4,3894,77,20.56287388383278,17.369535971483266,21
random_search,4,3895,77,20.76843871413581,17.369535971483266,21
random_search,4,3896,77,20.01657508881031,17.369535971483266,21
random_search,4,3897,77,19.660107523773828,17.369535971483266,21
random_search,4,3898,77,20.920465053408524,17.369535971483266,21
random_search,4,3899,77,20.483239697419133,17.369535971483266,21
random_search,4,3900,78,20.14355957741627,17.369535971483266,21
random_search,4,3901,78,20.781934729198174,17.369535971483266,21
random_search,4,3902,78,19.54939015319192,17.369535971483266,21
random_search,4,3903,78,23.091656999213594,17.369535971483266,21
random_search,4,3904,78,21.57364413533277,17.369535971483266,21
random_search,4,3905,78,20.90831891575846,17.369535971483266,21
random_search,4,3906,78,20.683266665599966,17.369535971483266,21
random_search,4,3907,78,21.054065922853802,17.369535971483266,21
random_search,4,3908,78,19.93095064303001,17.369535971483266,21
random_search,4,3909,78,21.380972058177587,17.369535971483266,21
random_search,4,3910,78,20.867156809750927,17.369535971483266,21
random_search,4,3911,78,21.72490309931942,17.369535971483266,21
random_search,4,3912,78,21.41084400165827,17.369535971483266,21
random_search,4,3913,78,19.983266665599963,17.369535971483266,21
random_search,4,3914,78,21.56859590355097,17.369535971483266,21
random_search,4,3915,78,20.121320343559642,17.369535971483266,21
random_search,4,3916,78,19.814642819948226,17.369535971483266,21
random_search,4,3917,78,22.77488738510232,17.369535971483266,21
random_search,4,3918,78,19.32828568570857,17.369535971483266,21
random_search,4,3919,78,20.033907960581374,17.369535971483266,21
random_search,4,3920,78,22.582207001484488,17.369535971483266,21
random_search,4,3921,78,21.777154105707726,17.369535971483266,21
random_search,4,3922,78,20.80199920063936,17.369535971483266,21
random_search,4,3923,78,19.92756668824971,17.369535971483266,21
random_search,4,3924,78,19.54928556845359,17.369535971483266,21
random_search,4,3925,78,22.923243291566195,17.369535971483266,21
random_search,4,3926,78,20.3459060435492,17.369535971483266,21
random_search,4,3927,78,21.710844001658266,17.369535971483266,21
random_search,4,3928,78,20.359411708155672,17.369535971483266,21
random_search,4,3929,78,20.795829710142186,17.369535971483266,21
random_search,4,3930,78,21.466479394838267,17.369535971483266,21
random_search,4,3931,78,20.467670500619608,17.369535971483266,21
random_search,4,3932,78,19.735270009440733,17.369535971483266,21
random_search,4,3933,78,20.7131126469709,17.369535971483266,21
random_search,4,3934,78,20.423538406167136,17.369535971483266,21
random_search,4,3935,78,20.7219040425837,17.369535971483266,21
random_search,4,3936,78,19.13527000944073,17.369535971483266,21
random_search,4,3937,78,22.27488738510232,17.369535971483266,21
random_search,4,3938,78,22.059591794226545,17.369535971483266,21
random_search,4,3939,78,22.5554305086342,17.369535971483266,21
random_search,4,3940,78,21.920465053408524,17.369535971483266,21
random_search,4,3941,78,20.50830459735946,17.369535971483266,21
random_search,4,3942,78,21.2343879744639,17.369535971483266,21
random_search,4,3943,78,18.756465996625053,17.369535971483266,21
random_search,4,3944,78,20.193737745050925,17.369535971483266,21
random_search,4,3945,78,19.05758369027902,17.369535971483266,21
random_search,4,3946,78,21.3,17.369535971483266,21
random_search,4,3947,78,21.7131126469709,17.369535971483266,21
random_search,4,3948,78,21.76468827043885,17.369535971483266,21
random_search,4,3949,78,21.713594362117867,17.369535971483266,21
random_search,4,3950,79,21.280697580112786,17.369535971483266,21
random_search,4,3951,79,18.274165738677393,17.369535971483266,21
random_search,4,3952,79,21.427105745132007,17.369535971483266,21
random_search,4,3953,79,21.62074368738204,17.369535971483266,21
random_search,4,3954,79,19.96619037896906,17.369535971483266,21
random_search,4,3955,79,20.5576411454889,17.369535971483266,21
random_search,4,3956,79,21.33541565040626,17.369535971483266,21
random_search,4,3957,79,21.20293863659264,17.369535971483266,21
random_search,4,3958,79,20.58522995463527,17.369535971483266,21
random_search,4,3959,79,20.280697580112786,17.369535971483266,21
random_search,4,3960,79,21.345207879911715,17.369535971483266,21
random_search,4,3961,79,18.76332495807108,17.369535971483266,21
random_search,4,3962,79,23.022327839240493,17.369535971483266,21
random_search,4,3963,79,20.10554700852678,17.369535971483266,21
random_search,4,3964,79,22.457342370508883,17.369535971483266,21
random_search,4,3965,79,20.160107523773828,17.369535971483266,21
random_search,4,3966,79,20.841640786499873,17.369535971483266,21
random_search,4,3967,79,21.339607805437115,17.369535971483266,21
random_search,4,3968,79,21.99615099714943,17.369535971483266,21
random_search,4,3969,79,20.91084400165827,17.369535971483266,21
random_search,4,3970,79,20.311871208194287,17.369535971483266,21
random_search,4,3971,79,19.919090595827292,17.369535971483266,21
random_search,4,3972,79,19.88494332412792,17.369535971483266,21
random_search,4,3973,79,21.254065922853805,17.369535971483266,21
random_search,4,3974,79,20.621320343559642,17.369535971483266,21
random_search,4,3975,79,22.69332590941915,17.369535971483266,21
random_search,4,3976,79,21.95306852353742,17.369535971483266,21
random_search,4,3977,79,19.38806130178211,17.369535971483266,21
random_search,4,3978,79,22.037211521390788,17.369535971483266,21
random_search,4,3979,79,19.7,17.369535971483266,21
random_search,4,3980,79,20.949444375840397,17.369535971483266,21
random_search,4,3981,79,20.857066051117283,17.369535971483266,21
random_search,4,3982,79,20.559591794226545,17.369535971483266,21
random_search,4,3983,79,20.37581763205193,17.369535971483266,21
random_search,4,3984,79,20.367156809750927,17.369535971483266,21
random_search,4,3985,79,20.3,17.369535971483266,21
random_search,4,3986,79,21.024845673131658,17.369535971483266,21
random_search,4,3987,79,21.683266665599966,17.369535971483266,21
random_search,4,3988,79,21.08433666561813,17.369535971483266,21
random_search,4,3989,79,22.22074368738204,17.369535971483266,21
random_search,4,3990,79,20.235270009440733,17.369535971483266,21
random_search,4,3991,79,22.457066051117284,17.369535971483266,21
random_search,4,3992,79,20.77488738510232,17.369535971483266,21
random_search,4,3993,79,20.235270009440733,17.369535971483266,21
random_search,4,3994,79,19.756465996625053,17.369535971483266,21
random_search,4,3995,79,20.47245829914744,17.369535971483266,21
random_search,4,3996,79,19.227566688249706,17.369535971483266,21
random_search,4,3997,79,19.8,17.369535971483266,21
random_search,4,3998,79,20.345207879911715,17.369535971483266,21
random_search,4,3999,79,21.689974874213238,17.369535971483266,21
random_search,4,4000,80,20.816590212458493,17.369535971483266,21
random_search,4,4001,80,20.76468827043885,17.369535971483266,21
random_search,4,4002,80,22.145906043549196,17.369535971483266,21
random_search,4,4003,80,20.12664991614216,17.369535971483266,21
random_search,4,4004,80,22.22029410174709,17.369535971483266,21
random_search,4,4005,80,20.533907960581374,17.369535971483266,21
random_search,4,4006,80,20.90831891575846,17.369535971483266,21
random_search,4,4007,80,20.13527000944073,17.369535971483266,21
random_search,4,4008,80,20.449444375840397,17.369535971483266,21
random_search,4,4009,80,22.37175030543074,17.369535971483266,21
random_search,4,4010,80,22.464101615137753,17.369535971483266,21
random_search,4,4011,80,21.622611077089285,17.369535971483266,21
random_search,4,4012,80,21.554065922853802,17.369535971483266,21
random_search,4,4013,80,21.065941943351177,17.369535971483266,21
random_search,4,4014,80,20.029822128134704,17.369535971483266,21
random_search,4,4015,80,21.645906043549196,17.369535971483266,21
random_search,4,4016,80,21.967670500619608,17.369535971483266,21
random_search,4,4017,80,21.174021572639983,17.369535971483266,21
random_search,4,4018,80,20.867156809750927,17.369535971483266,21
random_search,4,4019,80,21.90665927567458,17.369535971483266,21
random_search,4,4020,80,22.449444375840397,17.369535971483266,21
random_search,4,4021,80,19.53072757526625,17.369535971483266,21
random_search,4,4022,80,22.599999999999998,17.369535971483266,21
random_search,4,4023,80,21.3,17.369535971483266,21
random_search,4,4024,80,20.099999999999998,17.369535971483266,21
random_search,4,4025,80,22.054065922853802,17.369535971483266,21
random_search,4,4026,80,19.00830459735946,17.369535971483266,21
random_search,4,4027,80,19.87840487520902,17.369535971483266,21
random_search,4,4028,80,20.253720459187964,17.369535971483266,21
random_search,4,4029,80,22.642787793912433,17.369535971483266,21
random_search,4,4030,80,21.539013913315678,17.369535971483266,21
random_search,4,4031,80,21.539013913315678,17.369535971483266,21
random_search,4,4032,80,22.049444375840398,17.369535971483266,21
random_search,4,4033,80,21.91084400165827,17.369535971483266,21
random_search,4,4034,80,22.75306852353742,17.369535971483266,21
random_search,4,4035,80,19.467707825203128,17.369535971483266,21
random_search,4,4036,80,20.667156809750924,17.369535971483266,21
random_search,4,4037,80,21.739071942966532,17.369535971483266,21
random_search,4,4038,80,20.2,17.369535971483266,21
random_search,4,4039,80,20.52491379207837,17.369535971483266,21
random_search,4,4040,80,20.73606797749979,17.369535971483266,21
random_search,4,4041,80,19.229563014098698,17.369535971483266,21
random_search,4,4042,80,20.18679622641132,17.369535971483266,21
random_search,4,4043,80,22.136664289109586,17.369535971483266,21
random_search,4,4044,80,19.61980390271856,17.369535971483266,21
random_search,4,4045,80,20.814944167960988,17.369535971483266,21
random_search,4,4046,80,19.872004514666937,17.369535971483266,21
random_search,4,4047,80,19.400000000000002,17.369535971483266,21
random_search,4,4048,80,21.113112646970897,17.369535971483266,21
random_search,4,4049,80,18.82828568570857,17.369535971483266,21
random_search,4,4050,81,20.134698994937583,17.369535971483266,21
random_search,4,4051,81,19.683266665599966,17.369535971483266,21
random_search,4,4052,81,20.633030277982336,17.369535971483266,21
random_search,4,4053,81,21.380972058177587,17.369535971483266,21
random_search,4,4054,81,21.357066051117283,17.369535971483266,21
random_search,4,4055,81,19.79283882771841,17.369535971483266,21
random_search,4,4056,81,21.73861278752583,17.369535971483266,21
random_search,4,4057,81,21.157342370508886,17.369535971483266,21
random_search,4,4058,81,21.483266665599963,17.369535971483266,21
random_search,4,4059,81,21.80199920063936,17.369535971483266,21
random_search,4,4060,81,21.493468988235943,17.369535971483266,21
random_search,4,4061,81,21.387467277262665,17.369535971483266,21
random_search,4,4062,81,19.06953597148327,17.369535971483266,21
random_search,4,4063,81,19.159126028197402,17.369535971483266,21
random_search,4,4064,81,20.22074368738204,17.369535971483266,21
random_search,4,4065,81,19.788854381999833,17.369535971483266,21
random_search,4,4066,81,20.689974874213238,17.369535971483266,21
random_search,4,4067,81,20.316590212458493,17.369535971483266,21
random_search,4,4068,81,21.692415526630864,17.369535971483266,21
random_search,4,4069,81,20.160107523773828,17.369535971483266,21
random_search,4,4070,81,20.4591260281974,17.369535971483266,21
random_search,4,4071,81,19.914213562373096,17.369535971483266,21
random_search,4,4072,81,19.92756668824971,17.369535971483266,21
random_search,4,4073,81,21.253720459187964,17.369535971483266,21
random_search,4,4074,81,20.30787840283389,17.369535971483266,21
random_search,4,4075,81,20.50454076850486,17.369535971483266,21
random_search,4,4076,81,21.536664289109584,17.369535971483266,21
random_search,4,4077,81,21.99615099714943,17.369535971483266,21
random_search,4,4078,81,21.04939015319192,17.369535971483266,21
random_search,4,4079,81,20.7219040425837,17.369535971483266,21
random_search,4,4080,81,20.597617696340304,17.369535971483266,21
random_search,4,4081,81,21.253720459187964,17.369535971483266,21
random_search,4,4082,81,22.815587038162708,17.369535971483266,21
random_search,4,4083,81,20.88806130178211,17.369535971483266,21
random_search,4,4084,81,20.33390796058137,17.369535971483266,21
random_search,4,4085,81,21.2,17.369535971483266,21
random_search,4,4086,81,21.134698994937583,17.369535971483266,21
random_search,4,4087,81,22.18208554864871,17.369535971483266,21
random_search,4,4088,81,21.397999199359358,17.369535971483266,21
random_search,4,4089,81,20.50554700852678,17.369535971483266,21
random_search,4,4090,81,20.816609194718914,17.369535971483266,21
random_search,4,4091,81,21.696150997149434,17.369535971483266,21
random_search,4,4092,81,19.400000000000002,17.369535971483266,21
random_search,4,4093,81,22.174021572639983,17.369535971483266,21
random_search,4,4094,81,17.30990195135928,17.30990195135928,21
random_search,4,4095,81,20.258317958127243,17.30990195135928,21
random_search,4,4096,81,21.316609194718914,17.30990195135928,21
random_search,4,4097,81,21.864054992217053,17.30990195135928,21
random_search,4,4098,81,20.664688270438848,17.30990195135928,21
random_search,4,4099,81,19.882085548648714,17.30990195135928,21
random_search,4,4100,82,20.887467277262665,17.30990195135928,21
random_search,4,4101,82,22.142787793912433,17.30990195135928,21
random_search,4,4102,82,20.159126028197402,17.30990195135928,21
random_search,4,4103,82,19.97763888346312,17.30990195135928,21
random_search,4,4104,82,19.94948974278318,17.30990195135928,21
random_search,4,4105,82,21.189974874213238,17.30990195135928,21
random_search,4,4106,82,20.099999999999998,17.30990195135928,21
random_search,4,4107,82,21.33541565040626,17.30990195135928,21
random_search,4,4108,82,20.372004514666937,17.30990195135928,21
random_search,4,4109,82,21.357066051117283,17.30990195135928,21
random_search,4,4110,82,21.09799919935936,17.30990195135928,21
random_search,4,4111,82,21.449444375840397,17.30990195135928,21
random_search,4,4112,82,20.80787840283389,17.30990195135928,21
random_search,4,4113,82,20.900000000000002,17.30990195135928,21
random_search,4,4114,82,21.857066051117283,17.30990195135928,21
random_search,4,4115,82,21.093468988235944,17.30990195135928,21
random_search,4,4116,82,21.055294535724684,17.30990195135928,21
random_search,4,4117,82,19.54880884817015,17.30990195135928,21
random_search,4,4118,82,20.660107523773828,17.30990195135928,21
random_search,4,4119,82,20.520465053408525,17.30990195135928,21
random_search,4,4120,82,20.387467277262665,17.30990195135928,21
random_search,4,4121,82,20.33390796058137,17.30990195135928,21
random_search,4,4122,82,21.27488738510232,17.30990195135928,21
random_search,4,4123,82,20.423538406167136,17.30990195135928,21
random_search,4,4124,82,19.981742422927145,17.30990195135928,21
random_search,4,4125,82,20.710844001658266,17.30990195135928,21
random_search,4,4126,82,20.84604989415154,17.30990195135928,21
random_search,4,4127,82,19.923243291566195,17.30990195135928,21
random_search,4,4128,82,20.577902338672775,17.30990195135928,21
random_search,4,4129,82,20.3732137494637,17.30990195135928,21
random_search,4,4130,82,22.7,17.30990195135928,21
random_search,4,4131,82,18.61980390271856,17.30990195135928,21
random_search,4,4132,82,20.537211521390788,17.30990195135928,21
random_search,4,4133,82,19.621320343559642,17.30990195135928,21
random_search,4,4134,82,20.475817632051932,17.30990195135928,21
random_search,4,4135,82,20.88494332412792,17.30990195135928,21
random_search,4,4136,82,18.919090595827292,17.30990195135928,21
random_search,4,4137,82,21.190890230020663,17.30990195135928,21
random_search,4,4138,82,20.93469899493758,17.30990195135928,21
random_search,4,4139,82,21.20185121722126,17.30990195135928,21
random_search,4,4140,82,19.788061301782108,17.30990195135928,21
random_search,4,4141,82,20.033907960581374,17.30990195135928,21
random_search,4,4142,82,22.339387691339812,17.30990195135928,21
random_search,4,4143,82,19.8,17.30990195135928,21
random_search,4,4144,82,19.414213562373096,17.30990195135928,21
random_search,4,4145,82,21.18208554864871,17.30990195135928,21
random_search,4,4146,82,20.6431676725155,17.30990195135928,21
random_search,4,4147,82,21.5563490998189,17.30990195135928,21
random_search,4,4148,82,21.12074368738204,17.30990195135928,21
random_search,4,4149,82,19.9591260281974,17.30990195135928,21
random_search,4,4150,83,20.214944167960986,17.30990195135928,21
random_search,4,4151,83,20.338181191654584,17.30990195135928,21
random_search,4,4152,83,19.533030277982334,17.30990195135928,21
random_search,4,4153,83,21.68193472919817,17.30990195135928,21
random_search,4,4154,83,20.08113883008419,17.30990195135928,21
random_search,4,4155,83,21.93130005674953,17.30990195135928,21
random_search,4,4156,83,20.967491648096548,17.30990195135928,21
random_search,4,4157,83,19.239071942966532,17.30990195135928,21
random_search,4,4158,83,21.00554700852678,17.30990195135928,21
random_search,4,4159,83,19.492838827718412,17.30990195135928,21
random_search,4,4160,83,20.679075450674063,17.30990195135928,21
random_search,4,4161,83,22.293325909419153,17.30990195135928,21
random_search,4,4162,83,21.563705936241092,17.30990195135928,21
random_search,4,4163,83,20.42756668824971,17.30990195135928,21
random_search,4,4164,83,20.049444375840398,17.30990195135928,21
random_search,4,4165,83,22.174021572639983,17.30990195135928,21
random_search,4,4166,83,21.50554700852678,17.30990195135928,21
random_search,4,4167,83,20.02480768092719,17.30990195135928,21
random_search,4,4168,83,21.311871208194287,17.30990195135928,21
random_search,4,4169,83,19.49373774505092,17.30990195135928,21
random_search,4,4170,83,19.754065922853805,17.30990195135928,21
random_search,4,4171,83,20.8,17.30990195135928,21
random_search,4,4172,83,22.521363372331802,17.30990195135928,21
random_search,4,4173,83,20.370828693386972,17.30990195135928,21
random_search,4,4174,83,21.67359245282264,17.30990195135928,21
random_search,4,4175,83,20.4377155080899,17.30990195135928,21
random_search,4,4176,83,19.281488772222676,17.30990195135928,21
random_search,4,4177,83,21.38494332412792,17.30990195135928,21
random_search,4,4178,83,21.780350850198275,17.30990195135928,21
random_search,4,4179,83,20.760681686165903,17.30990195135928,21
random_search,4,4180,83,19.73622914957372,17.30990195135928,21
random_search,4,4181,83,22.053299832284317,17.30990195135928,21
random_search,4,4182,83,20.987905815638733,17.30990195135928,21
random_search,4,4183,83,20.20293863659264,17.30990195135928,21
random_search,4,4184,83,20.33541565040626,17.30990195135928,21
random_search,4,4185,83,19.983266665599963,17.30990195135928,21
random_search,4,4186,83,21.559591794226545,17.30990195135928,21
random_search,4,4187,83,20.257583690279024,17.30990195135928,21
random_search,4,4188,83,20.710844001658266,17.30990195135928,21
random_search,4,4189,83,20.36397674405503,17.30990195135928,21
random_search,4,4190,83,21.377902338672772,17.30990195135928,21
random_search,4,4191,83,19.693737745050925,17.30990195135928,21
random_search,4,4192,83,20.774868417407582,17.30990195135928,21
random_search,4,4193,83,20.68679622641132,17.30990195135928,21
random_search,4,4194,83,21.97245829914744,17.30990195135928,21
random_search,4,4195,83,20.714944167960986,17.30990195135928,21
random_search,4,4196,83,20.44948974278318,17.30990195135928,21
random_search,4,4197,83,21.956141357987224,17.30990195135928,21
random_search,4,4198,83,22.333630940518894,17.30990195135928,21
random_search,4,4199,83,20.63907194296653,17.30990195135928,21
random_search,4,4200,84,20.949444375840397,17.30990195135928,21
random_search,4,4201,84,21.867156809750927,17.30990195135928,21
random_search,4,4202,84,21.12074368738204,17.30990195135928,21
random_search,4,4203,84,21.55657137141714,17.30990195135928,21
random_search,4,4204,84,21.22029410174709,17.30990195135928,21
random_search,4,4205,84,20.126785107312738,17.30990195135928,21
random_search,4,4206,84,20.79283882771841,17.30990195135928,21
random_search,4,4207,84,20.62565782966318,17.30990195135928,21
random_search,4,4208,84,20.73205080756888,17.30990195135928,21
random_search,4,4209,84,20.629705854077837,17.30990195135928,21
random_search,4,4210,84,21.09799919935936,17.30990195135928,21
random_search,4,4211,84,21.598386676965934,17.30990195135928,21
random_search,4,4212,84,22.19332590941915,17.30990195135928,21
random_search,4,4213,84,22.07364413533277,17.30990195135928,21
random_search,4,4214,84,21.768595903550974,17.30990195135928,21
random_search,4,4215,84,19.948683298050515,17.30990195135928,21
random_search,4,4216,84,20.2131126469709,17.30990195135928,21
random_search,4,4217,84,20.47156333832011,17.30990195135928,21
random_search,4,4218,84,19.656141357987227,17.30990195135928,21
random_search,4,4219,84,22.77211421989835,17.30990195135928,21
random_search,4,4220,84,21.22074368738204,17.30990195135928,21
random_search,4,4221,84,21.33721152139079,17.30990195135928,21
random_search,4,4222,84,22.0563490998189,17.30990195135928,21
random_search,4,4223,84,19.140175425099137,17.30990195135928,21
random_search,4,4224,84,20.45306852353742,17.30990195135928,21
random_search,4,4225,84,22.016609194718917,17.30990195135928,21
random_search,4,4226,84,20.207567081708245,17.30990195135928,21
random_search,4,4227,84,20.837211521390785,17.30990195135928,21
random_search,4,4228,84,21.412833614050058,17.30990195135928,21
random_search,4,4229,84,21.341428291206626,17.30990195135928,21
random_search,4,4230,84,21.258317958127243,17.30990195135928,21
random_search,4,4231,84,21.377902338672772,17.30990195135928,21
random_search,4,4232,84,18.04833147735479,17.30990195135928,21
random_search,4,4233,84,19.840967364599088,17.30990195135928,21
random_search,4,4234,84,20.88910462845192,17.30990195135928,21
random_search,4,4235,84,22.770540018881462,17.30990195135928,21
random_search,4,4236,84,21.664582518894846,17.30990195135928,21
random_search,4,4237,84,20.016609194718917,17.30990195135928,21
random_search,4,4238,84,21.8,17.30990195135928,21
random_search,4,4239,84,20.724807680927192,17.30990195135928,21
random_search,4,4240,84,22.503569153775235,17.30990195135928,21
random_search,4,4241,84,21.254065922853805,17.30990195135928,21
random_search,4,4242,84,18.992838827718412,17.30990195135928,21
random_search,4,4243,84,21.489979919597747,17.30990195135928,21
random_search,4,4244,84,21.47484176581315,17.30990195135928,21
random_search,4,4245,84,21.055294535724684,17.30990195135928,21
random_search,4,4246,84,20.533907960581374,17.30990195135928,21
random_search,4,4247,84,20.73606797749979,17.30990195135928,21
random_search,4,4248,84,19.63527000944073,17.30990195135928,21
random_search,4,4249,84,19.79283882771841,17.30990195135928,21
random_search,4,4250,85,19.419803902718556,17.30990195135928,21
random_search,4,4251,85,22.176575213227444,17.30990195135928,21
random_search,4,4252,85,19.520465053408525,17.30990195135928,21
random_search,4,4253,85,20.213594362117867,17.30990195135928,21
random_search,4,4254,85,20.020465053408525,17.30990195135928,21
random_search,4,4255,85,21.45472369909914,17.30990195135928,21
random_search,4,4256,85,20.14355957741627,17.30990195135928,21
random_search,4,4257,85,20.179075450674063,17.30990195135928,21
random_search,4,4258,85,19.61980390271856,17.30990195135928,21
random_search,4,4259,85,22.400000000000002,17.30990195135928,21
random_search,4,4260,85,19.896662954709576,17.30990195135928,21
random_search,4,4261,85,21.183266665599966,17.30990195135928,21
random_search,4,4262,85,21.661706725018234,17.30990195135928,21
random_search,4,4263,85,21.024845673131658,17.30990195135928,21
random_search,4,4264,85,21.900000000000002,17.30990195135928,21
random_search,4,4265,85,21.14476105895272,17.30990195135928,21
random_search,4,4266,85,20.57763888346312,17.30990195135928,21
random_search,4,4267,85,21.157342370508886,17.30990195135928,21
random_search,4,4268,85,19.162049935181333,17.30990195135928,21
random_search,4,4269,85,19.05758369027902,17.30990195135928,21
random_search,4,4270,85,22.18679622641132,17.30990195135928,21
random_search,4,4271,85,21.753720459187964,17.30990195135928,21
random_search,4,4272,85,20.520465053408525,17.30990195135928,21
random_search,4,4273,85,22.086563348340512,17.30990195135928,21
random_search,4,4274,85,21.983266665599963,17.30990195135928,21
random_search,4,4275,85,21.417935662402833,17.30990195135928,21
random_search,4,4276,85,21.144994432064365,17.30990195135928,21
random_search,4,4277,85,20.900000000000002,17.30990195135928,21
random_search,4,4278,85,20.36397674405503,17.30990195135928,21
random_search,4,4279,85,19.255294535724687,17.30990195135928,21
random_search,4,4280,85,22.12574776766556,17.30990195135928,21
random_search,4,4281,85,21.563705936241092,17.30990195135928,21
random_search,4,4282,85,19.49373774505092,17.30990195135928,21
random_search,4,4283,85,20.47763888346312,17.30990195135928,21
random_search,4,4284,85,20.084943324127924,17.30990195135928,21
random_search,4,4285,85,21.91547594742265,17.30990195135928,21
random_search,4,4286,85,20.657342370508886,17.30990195135928,21
random_search,4,4287,85,19.224807680927192,17.30990195135928,21
random_search,4,4288,85,20.795829710142186,17.30990195135928,21
random_search,4,4289,85,20.43095064303001,17.30990195135928,21
random_search,4,4290,85,20.475817632051932,17.30990195135928,21
random_search,4,4291,85,21.80199920063936,17.30990195135928,21
random_search,4,4292,85,19.988409872672513,17.30990195135928,21
random_search,4,4293,85,22.935112807463533,17.30990195135928,21
random_search,4,4294,85,21.256809750418043,17.30990195135928,21
random_search,4,4295,85,21.70185121722126,17.30990195135928,21
random_search,4,4296,85,19.92756668824971,17.30990195135928,21
random_search,4,4297,85,20.644994432064365,17.30990195135928,21
random_search,4,4298,85,21.949545416973503,17.30990195135928,21
random_search,4,4299,85,22.0,17.30990195135928,21
random_search,4,4300,86,20.57907545067406,17.30990195135928,21
random_search,4,4301,86,21.994438717061495,17.30990195135928,21
random_search,4,4302,86,22.630495168499706,17.30990195135928,21
random_search,4,4303,86,21.569870314579497,17.30990195135928,21
random_search,4,4304,86,20.281488772222676,17.30990195135928,21
random_search,4,4305,86,20.923538406167136,17.30990195135928,21
random_search,4,4306,86,20.483266665599963,17.30990195135928,21
random_search,4,4307,86,21.033907960581374,17.30990195135928,21
random_search,4,4308,86,19.900000000000002,17.30990195135928,21
random_search,4,4309,86,22.270540018881462,17.30990195135928,21
random_search,4,4310,86,21.983266665599963,17.30990195135928,21
random_search,4,4311,86,21.955946767611902,17.30990195135928,21
random_search,4,4312,86,21.417935662402833,17.30990195135928,21
random_search,4,4313,86,19.38494332412792,17.30990195135928,21
random_search,4,4314,86,21.8219040425837,17.30990195135928,21
random_search,4,4315,86,20.679075450674063,17.30990195135928,21
random_search,4,4316,86,20.44928556845359,17.30990195135928,21
random_search,4,4317,86,20.35870331449229,17.30990195135928,21
random_search,4,4318,86,20.646536616149582,17.30990195135928,21
random_search,4,4319,86,20.254723699099138,17.30990195135928,21
random_search,4,4320,86,22.70936130717624,17.30990195135928,21
random_search,4,4321,86,21.142787793912433,17.30990195135928,21
random_search,4,4322,86,20.785229954635273,17.30990195135928,21
random_search,4,4323,86,20.814642819948226,17.30990195135928,21
random_search,4,4324,86,21.640658617698016,17.30990195135928,21
random_search,4,4325,86,20.18321595661992,17.30990195135928,21
random_search,4,4326,86,22.894438717061494,17.30990195135928,21
random_search,4,4327,86,20.894438717061494,17.30990195135928,21
random_search,4,4328,86,19.887467277262665,17.30990195135928,21
random_search,4,4329,86,21.12074368738204,17.30990195135928,21
random_search,4,4330,86,21.274868417407582,17.30990195135928,21
random_search,4,4331,86,20.239071942966532,17.30990195135928,21
random_search,4,4332,86,21.466479394838267,17.30990195135928,21
random_search,4,4333,86,23.08433666561813,17.30990195135928,21
random_search,4,4334,86,20.060107523773826,17.30990195135928,21
random_search,4,4335,86,21.970540018881465,17.30990195135928,21
random_search,4,4336,86,20.664688270438848,17.30990195135928,21
random_search,4,4337,86,21.964101615137753,17.30990195135928,21
random_search,4,4338,86,20.87571129984594,17.30990195135928,21
random_search,4,4339,86,19.673320053068153,17.30990195135928,21
random_search,4,4340,86,19.760681686165903,17.30990195135928,21
random_search,4,4341,86,20.909975124224175,17.30990195135928,21
random_search,4,4342,86,21.30332963783729,17.30990195135928,21
random_search,4,4343,86,20.693743884534264,17.30990195135928,21
random_search,4,4344,86,21.82842712474619,17.30990195135928,21
random_search,4,4345,86,20.520465053408525,17.30990195135928,21
random_search,4,4346,86,20.727566688249706,17.30990195135928,21
random_search,4,4347,86,20.242787793912434,17.30990195135928,21
random_search,4,4348,86,20.900000000000002,17.30990195135928,21
random_search,4,4349,86,19.70332963783729,17.30990195135928,21
random_search,4,4350,87,19.449444375840397,17.30990195135928,21
random_search,4,4351,87,20.47763888346312,17.30990195135928,21
random_search,4,4352,87,21.427105745132007,17.30990195135928,21
random_search,4,4353,87,21.989979919597747,17.30990195135928,21
random_search,4,4354,87,19.862873883832776,17.30990195135928,21
random_search,4,4355,87,20.754723699099138,17.30990195135928,21
random_search,4,4356,87,20.788854381999833,17.30990195135928,21
random_search,4,4357,87,23.278143885933062,17.30990195135928,21
random_search,4,4358,87,21.761249694973138,17.30990195135928,21
random_search,4,4359,87,20.22074368738204,17.30990195135928,21
random_search,4,4360,87,19.62736184954957,17.30990195135928,21
random_search,4,4361,87,21.55796522451032,17.30990195135928,21
random_search,4,4362,87,21.255294535724687,17.30990195135928,21
random_search,4,4363,87,20.957066051117284,17.30990195135928,21
random_search,4,4364,87,20.43095064303001,17.30990195135928,21
random_search,4,4365,87,19.63907194296653,17.30990195135928,21
random_search,4,4366,87,19.911871208194288,17.30990195135928,21
random_search,4,4367,87,22.497057550292606,17.30990195135928,21
random_search,4,4368,87,20.49615099714943,17.30990195135928,21
random_search,4,4369,87,20.227566688249706,17.30990195135928,21
random_search,4,4370,87,21.38494332412792,17.30990195135928,21
random_search,4,4371,87,20.554065922853802,17.30990195135928,21
random_search,4,4372,87,21.316609194718914,17.30990195135928,21
random_search,4,4373,87,21.912931993250105,17.30990195135928,21
random_search,4,4374,87,21.073213749463704,17.30990195135928,21
random_search,4,4375,87,20.159126028197402,17.30990195135928,21
random_search,4,4376,87,21.882085548648714,17.30990195135928,21
random_search,4,4377,87,18.729563014098698,17.30990195135928,21
random_search,4,4378,87,20.727566688249706,17.30990195135928,21
random_search,4,4379,87,22.281934729198174,17.30990195135928,21
random_search,4,4380,87,21.880697580112788,17.30990195135928,21
random_search,4,4381,87,20.117935662402836,17.30990195135928,21
random_search,4,4382,87,21.621320343559642,17.30990195135928,21
random_search,4,4383,87,21.917800560721076,17.30990195135928,21
random_search,4,4384,87,20.660107523773828,17.30990195135928,21
random_search,4,4385,87,23.009980079602226,17.30990195135928,21
random_search,4,4386,87,20.777154105707726,17.30990195135928,21
random_search,4,4387,87,21.164688270438848,17.30990195135928,21
random_search,4,4388,87,21.113112646970897,17.30990195135928,21
random_search,4,4389,87,20.428991560298222,17.30990195135928,21
random_search,4,4390,87,20.98148877222268,17.30990195135928,21
random_search,4,4391,87,21.73861278752583,17.30990195135928,21
random_search,4,4392,87,22.106659275674584,17.30990195135928,21
random_search,4,4393,87,21.9377155080899,17.30990195135928,21
random_search,4,4394,87,22.025657829663178,17.30990195135928,21
random_search,4,4395,87,20.900000000000002,17.30990195135928,21
random_search,4,4396,87,21.417800560721076,17.30990195135928,21
random_search,4,4397,87,20.04880884817015,17.30990195135928,21
random_search,4,4398,87,21.077902338672775,17.30990195135928,21
random_search,4,4399,87,20.827636339397174,17.30990195135928,21
random_search,4,4400,88,20.896662954709576,17.30990195135928,21
random_search,4,4401,88,21.642787793912433,17.30990195135928,21
random_search,4,4402,88,22.844009029333872,17.30990195135928,21
random_search,4,4403,88,21.664582518894846,17.30990195135928,21
random_search,4,4404,88,20.311871208194287,17.30990195135928,21
random_search,4,4405,88,21.775711299845938,17.30990195135928,21
random_search,4,4406,88,20.438181191654586,17.30990195135928,21
random_search,4,4407,88,22.3,17.30990195135928,21
random_search,4,4408,88,21.49615099714943,17.30990195135928,21
random_search,4,4409,88,22.38998327754521,17.30990195135928,21
random_search,4,4410,88,19.640175425099137,17.30990195135928,21
random_search,4,4411,88,19.693737745050925,17.30990195135928,21
random_search,4,4412,88,20.83541565040626,17.30990195135928,21
random_search,4,4413,88,21.9377155080899,17.30990195135928,21
random_search,4,4414,88,20.8,17.30990195135928,21
random_search,4,4415,88,19.063324958071078,17.30990195135928,21
random_search,4,4416,88,20.739071942966532,17.30990195135928,21
random_search,4,4417,88,20.777154105707726,17.30990195135928,21
random_search,4,4418,88,22.41916017074176,17.30990195135928,21
random_search,4,4419,88,18.84390889145858,17.30990195135928,21
random_search,4,4420,88,22.270540018881462,17.30990195135928,21
random_search,4,4421,88,21.855133376499413,17.30990195135928,21
random_search,4,4422,88,20.02828568570857,17.30990195135928,21
random_search,4,4423,88,20.640175425099137,17.30990195135928,21
random_search,4,4424,88,19.17979589711327,17.30990195135928,21
random_search,4,4425,88,20.85870331449229,17.30990195135928,21
random_search,4,4426,88,22.859411708155672,17.30990195135928,21
random_search,4,4427,88,20.162049935181333,17.30990195135928,21
random_search,4,4428,88,21.801514803843837,17.30990195135928,21
random_search,4,4429,88,21.38494332412792,17.30990195135928,21
random_search,4,4430,88,21.343024810940587,17.30990195135928,21
random_search,4,4431,88,17.757583690279024,17.30990195135928,21
random_search,4,4432,88,20.593468988235944,17.30990195135928,21
random_search,4,4433,88,20.45870331449229,17.30990195135928,21
random_search,4,4434,88,20.97156333832011,17.30990195135928,21
random_search,4,4435,88,20.261706725018236,17.30990195135928,21
random_search,4,4436,88,22.449576240750524,17.30990195135928,21
random_search,4,4437,88,21.8559467676119,17.30990195135928,21
random_search,4,4438,88,17.672004514666934,17.30990195135928,21
random_search,4,4439,88,22.00454076850486,17.30990195135928,21
random_search,4,4440,88,22.582207001484488,17.30990195135928,21
random_search,4,4441,88,19.900000000000002,17.30990195135928,21
random_search,4,4442,88,21.40831891575846,17.30990195135928,21
random_search,4,4443,88,21.78790581563873,17.30990195135928,21
random_search,4,4444,88,20.427105745132007,17.30990195135928,21
random_search,4,4445,88,21.20199920063936,17.30990195135928,21
random_search,4,4446,88,19.862873883832776,17.30990195135928,21
random_search,4,4447,88,22.394438717061494,17.30990195135928,21
random_search,4,4448,88,21.412931993250105,17.30990195135928,21
random_search,4,4449,88,21.811871208194287,17.30990195135928,21
random_search,4,4450,89,21.16794833886788,17.30990195135928,21
random_search,4,4451,89,21.034387974463897,17.30990195135928,21
random_search,4,4452,89,21.295829710142186,17.30990195135928,21
random_search,4,4453,89,20.428991560298222,17.30990195135928,21
random_search,4,4454,89,20.183281572999746,17.30990195135928,21
random_search,4,4455,89,20.710844001658266,17.30990195135928,21
random_search,4,4456,89,19.74131112314674,17.30990195135928,21
random_search,4,4457,89,21.36124969497314,17.30990195135928,21
random_search,4,4458,89,21.069046515733024,17.30990195135928,21
random_search,4,4459,89,20.8459060435492,17.30990195135928,21
random_search,4,4460,89,20.85870331449229,17.30990195135928,21
random_search,4,4461,89,20.54959013639538,17.30990195135928,21
random_search,4,4462,89,18.7770329614269,17.30990195135928,21
random_search,4,4463,89,21.4377155080899,17.30990195135928,21
random_search,4,4464,89,18.70332963783729,17.30990195135928,21
random_search,4,4465,89,19.80384048104053,17.30990195135928,21
random_search,4,4466,89,22.077902338672775,17.30990195135928,21
random_search,4,4467,89,20.461324772583616,17.30990195135928,21
random_search,4,4468,89,20.664688270438848,17.30990195135928,21
random_search,4,4469,89,22.341653005427766,17.30990195135928,21
random_search,4,4470,89,20.255294535724687,17.30990195135928,21
random_search,4,4471,89,20.113112646970897,17.30990195135928,21
random_search,4,4472,89,22.54959013639538,17.30990195135928,21
random_search,4,4473,89,19.62664991614216,17.30990195135928,21
random_search,4,4474,89,21.01657508881031,17.30990195135928,21
random_search,4,4475,89,20.04880884817015,17.30990195135928,21
random_search,4,4476,89,23.412833614050058,17.30990195135928,21
random_search,4,4477,89,21.667156809750924,17.30990195135928,21
random_search,4,4478,89,21.662277660168378,17.30990195135928,21
random_search,4,4479,89,21.22264954516723,17.30990195135928,21
random_search,4,4480,89,21.927105745132007,17.30990195135928,21
random_search,4,4481,89,21.676575213227444,17.30990195135928,21
random_search,4,4482,89,20.957066051117284,17.30990195135928,21
random_search,4,4483,89,21.277154105707726,17.30990195135928,21
random_search,4,4484,89,20.584943324127924,17.30990195135928,21
random_search,4,4485,89,22.366431913239847,17.30990195135928,21
random_search,4,4486,89,21.22029410174709,17.30990195135928,21
random_search,4,4487,89,21.412931993250105,17.30990195135928,21
random_search,4,4488,89,20.295829710142186,17.30990195135928,21
random_search,4,4489,89,21.190890230020663,17.30990195135928,21
random_search,4,4490,89,21.609243436828812,17.30990195135928,21
random_search,4,4491,89,22.072077843177475,17.30990195135928,21
random_search,4,4492,89,20.95472369909914,17.30990195135928,21
random_search,4,4493,89,19.414213562373096,17.30990195135928,21
random_search,4,4494,89,20.50454076850486,17.30990195135928,21
random_search,4,4495,89,21.83721152139079,17.30990195135928,21
random_search,4,4496,89,22.377193921634788,17.30990195135928,21
random_search,4,4497,89,20.621320343559642,17.30990195135928,21
random_search,4,4498,89,20.343559577416272,17.30990195135928,21
random_search,4,4499,89,19.644994432064365,17.30990195135928,21
random_search,4,4500,90,20.23861278752583,17.30990195135928,21
random_search,4,4501,90,21.253720459187964,17.30990195135928,21
random_search,4,4502,90,20.660107523773828,17.30990195135928,21
random_search,4,4503,90,20.617935662402836,17.30990195135928,21
random_search,4,4504,90,21.683266665599966,17.30990195135928,21
random_search,4,4505,90,19.90831891575846,17.30990195135928,21
random_search,4,4506,90,21.137715508089904,17.30990195135928,21
random_search,4,4507,90,22.90805405358401,17.30990195135928,21
random_search,4,4508,90,20.636664289109586,17.30990195135928,21
random_search,4,4509,90,22.0563490998189,17.30990195135928,21
random_search,4,4510,90,20.683266665599966,17.30990195135928,21
random_search,4,4511,90,21.476819745345022,17.30990195135928,21
random_search,4,4512,90,20.877902338672772,17.30990195135928,21
random_search,4,4513,90,20.603569153775236,17.30990195135928,21
random_search,4,4514,90,21.113112646970897,17.30990195135928,21
random_search,4,4515,90,21.57364413533277,17.30990195135928,21
random_search,4,4516,90,19.50830459735946,17.30990195135928,21
random_search,4,4517,90,21.020897306865447,17.30990195135928,21
random_search,4,4518,90,22.91386219991853,17.30990195135928,21
random_search,4,4519,90,21.756809750418043,17.30990195135928,21
random_search,4,4520,90,20.241653005427764,17.30990195135928,21
random_search,4,4521,90,20.780697580112786,17.30990195135928,21
random_search,4,4522,90,18.87840487520902,17.30990195135928,21
random_search,4,4523,90,19.16770782520313,17.30990195135928,21
random_search,4,4524,90,22.196150997149434,17.30990195135928,21
random_search,4,4525,90,20.277154105707726,17.30990195135928,21
random_search,4,4526,90,22.215339366124404,17.30990195135928,21
random_search,4,4527,90,19.52664991614216,17.30990195135928,21
random_search,4,4528,90,20.372004514666937,17.30990195135928,21
random_search,4,4529,90,20.952610922848045,17.30990195135928,21
random_search,4,4530,90,19.877902338672772,17.30990195135928,21
random_search,4,4531,90,20.622611077089285,17.30990195135928,21
random_search,4,4532,90,21.099999999999998,17.30990195135928,21
random_search,4,4533,90,21.167156809750924,17.30990195135928,21
random_search,4,4534,90,20.845207879911715,17.30990195135928,21
random_search,4,4535,90,21.534387974463897,17.30990195135928,21
random_search,4,4536,90,20.707567081708245,17.30990195135928,21
random_search,4,4537,90,19.56287388383278,17.30990195135928,21
random_search,4,4538,90,20.44899959967968,17.30990195135928,21
random_search,4,4539,90,21.88998327754521,17.30990195135928,21
random_search,4,4540,90,21.099999999999998,17.30990195135928,21
random_search,4,4541,90,19.612403840463596,17.30990195135928,21
random_search,4,4542,90,19.897366596101026,17.30990195135928,21
random_search,4,4543,90,20.239607805437114,17.30990195135928,21
random_search,4,4544,90,20.088435821108956,17.30990195135928,21
random_search,4,4545,90,20.549444375840398,17.30990195135928,21
random_search,4,4546,90,20.743024810940586,17.30990195135928,21
random_search,4,4547,90,21.682461550347973,17.30990195135928,21
random_search,4,4548,90,21.18526217596215,17.30990195135928,21
random_search,4,4549,90,20.891164991562633,17.30990195135928,21
random_search,4,4550,91,21.64575131106459,17.30990195135928,21
random_search,4,4551,91,20.9591260281974,17.30990195135928,21
random_search,4,4552,91,21.20185121722126,17.30990195135928,21
random_search,4,4553,91,21.845207879911715,17.30990195135928,21
random_search,4,4554,91,20.520465053408525,17.30990195135928,21
random_search,4,4555,91,20.80787840283389,17.30990195135928,21
random_search,4,4556,91,20.802172886644268,17.30990195135928,21
random_search,4,4557,91,20.95306852353742,17.30990195135928,21
random_search,4,4558,91,22.14575131106459,17.30990195135928,21
random_search,4,4559,91,20.5,17.30990195135928,21
random_search,4,4560,91,20.949444375840397,17.30990195135928,21
random_search,4,4561,91,21.993468988235943,17.30990195135928,21
random_search,4,4562,91,21.577902338672775,17.30990195135928,21
random_search,4,4563,91,20.86124969497314,17.30990195135928,21
random_search,4,4564,91,20.73622914957372,17.30990195135928,21
random_search,4,4565,91,19.18062484748657,17.30990195135928,21
random_search,4,4566,91,21.230727575266254,17.30990195135928,21
random_search,4,4567,91,19.92756668824971,17.30990195135928,21
random_search,4,4568,91,19.340967364599088,17.30990195135928,21
random_search,4,4569,91,21.16794833886788,17.30990195135928,21
random_search,4,4570,91,20.949444375840397,17.30990195135928,21
random_search,4,4571,91,19.3459060435492,17.30990195135928,21
random_search,4,4572,91,20.80787840283389,17.30990195135928,21
random_search,4,4573,91,22.0153393661244,17.30990195135928,21
random_search,4,4574,91,20.732380757938117,17.30990195135928,21
random_search,4,4575,91,22.03072757526625,17.30990195135928,21
random_search,4,4576,91,19.3,17.30990195135928,21
random_search,4,4577,91,21.339387691339812,17.30990195135928,21
random_search,4,4578,91,18.673320053068153,17.30990195135928,21
random_search,4,4579,91,21.37581763205193,17.30990195135928,21
random_search,4,4580,91,21.49615099714943,17.30990195135928,21
random_search,4,4581,91,20.370828693386972,17.30990195135928,21
random_search,4,4582,91,20.46619037896906,17.30990195135928,21
random_search,4,4583,91,19.839607805437115,17.30990195135928,21
random_search,4,4584,91,21.084943324127924,17.30990195135928,21
random_search,4,4585,91,20.264911064067352,17.30990195135928,21
random_search,4,4586,91,20.51657508881031,17.30990195135928,21
random_search,4,4587,91,20.911871208194288,17.30990195135928,21
random_search,4,4588,91,21.310693864511038,17.30990195135928,21
random_search,4,4589,91,21.137715508089904,17.30990195135928,21
random_search,4,4590,91,20.5563490998189,17.30990195135928,21
random_search,4,4591,91,21.160107523773828,17.30990195135928,21
random_search,4,4592,91,21.00554700852678,17.30990195135928,21
random_search,4,4593,91,19.04880884817015,17.30990195135928,21
random_search,4,4594,91,22.242787793912434,17.30990195135928,21
random_search,4,4595,91,21.25329983228432,17.30990195135928,21
random_search,4,4596,91,21.841653005427766,17.30990195135928,21
random_search,4,4597,91,20.928991560298222,17.30990195135928,21
random_search,4,4598,91,21.802172886644268,17.30990195135928,21
random_search,4,4599,91,19.28790581563873,17.30990195135928,21
random_search,4,4600,92,22.108607914449795,17.30990195135928,21
random_search,4,4601,92,21.109975124224178,17.30990195135928,21
random_search,4,4602,92,20.088435821108956,17.30990195135928,21
random_search,4,4603,92,21.04959013639538,17.30990195135928,21
random_search,4,4604,92,23.004834939252003,17.30990195135928,21
random_search,4,4605,92,20.172004514666934,17.30990195135928,21
random_search,4,4606,92,21.606659275674584,17.30990195135928,21
random_search,4,4607,92,22.967491648096548,17.30990195135928,21
random_search,4,4608,92,22.217800560721074,17.30990195135928,21
random_search,4,4609,92,20.664582518894846,17.30990195135928,21
random_search,4,4610,92,21.40665927567458,17.30990195135928,21
random_search,4,4611,92,21.167156809750924,17.30990195135928,21
random_search,4,4612,92,21.32842712474619,17.30990195135928,21
random_search,4,4613,92,21.932575659723035,17.30990195135928,21
random_search,4,4614,92,21.598386676965934,17.30990195135928,21
random_search,4,4615,92,20.314642819948226,17.30990195135928,21
random_search,4,4616,92,20.290724809414744,17.30990195135928,21
random_search,4,4617,92,21.637715508089904,17.30990195135928,21
random_search,4,4618,92,22.22574776766556,17.30990195135928,21
random_search,4,4619,92,20.16794833886788,17.30990195135928,21
random_search,4,4620,92,20.432575659723035,17.30990195135928,21
random_search,4,4621,92,20.427105745132007,17.30990195135928,21
random_search,4,4622,92,21.33541565040626,17.30990195135928,21
random_search,4,4623,92,19.159126028197402,17.30990195135928,21
random_search,4,4624,92,21.3459060435492,17.30990195135928,21
random_search,4,4625,92,21.213594362117867,17.30990195135928,21
random_search,4,4626,92,21.91547594742265,17.30990195135928,21
random_search,4,4627,92,20.53072757526625,17.30990195135928,21
random_search,4,4628,92,21.295829710142186,17.30990195135928,21
random_search,4,4629,92,21.503569153775235,17.30990195135928,21
random_search,4,4630,92,20.599999999999998,17.30990195135928,21
random_search,4,4631,92,21.4591260281974,17.30990195135928,21
random_search,4,4632,92,21.82232783924049,17.30990195135928,21
random_search,4,4633,92,19.739071942966532,17.30990195135928,21
random_search,4,4634,92,20.160107523773828,17.30990195135928,21
random_search,4,4635,92,20.34390889145858,17.30990195135928,21
random_search,4,4636,92,19.2,17.30990195135928,21
random_search,4,4637,92,22.106659275674584,17.30990195135928,21
random_search,4,4638,92,20.928991560298222,17.30990195135928,21
random_search,4,4639,92,21.3576411454889,17.30990195135928,21
random_search,4,4640,92,21.937663853655728,17.30990195135928,21
random_search,4,4641,92,19.20293863659264,17.30990195135928,21
random_search,4,4642,92,20.316590212458493,17.30990195135928,21
random_search,4,4643,92,19.992838827718412,17.30990195135928,21
random_search,4,4644,92,21.28790581563873,17.30990195135928,21
random_search,4,4645,92,21.314642819948226,17.30990195135928,21
random_search,4,4646,92,20.953720459187966,17.30990195135928,21
random_search,4,4647,92,20.45870331449229,17.30990195135928,21
random_search,4,4648,92,21.23606797749979,17.30990195135928,21
random_search,4,4649,92,20.839607805437115,17.30990195135928,21
random_search,4,4650,93,20.15796522451032,17.30990195135928,21
random_search,4,4651,93,19.23622914957372,17.30990195135928,21
random_search,4,4652,93,19.62574776766556,17.30990195135928,21
random_search,4,4653,93,22.2219040425837,17.30990195135928,21
random_search,4,4654,93,21.949576240750524,17.30990195135928,21
random_search,4,4655,93,19.189974874213238,17.30990195135928,21
random_search,4,4656,93,20.696150997149434,17.30990195135928,21
random_search,4,4657,93,23.252610922848042,17.30990195135928,21
random_search,4,4658,93,21.841653005427766,17.30990195135928,21
random_search,4,4659,93,20.5,17.30990195135928,21
random_search,4,4660,93,22.085677655436825,17.30990195135928,21
random_search,4,4661,93,21.04939015319192,17.30990195135928,21
random_search,4,4662,93,20.63907194296653,17.30990195135928,21
random_search,4,4663,93,19.71909059582729,17.30990195135928,21
random_search,4,4664,93,19.20332963783729,17.30990195135928,21
random_search,4,4665,93,20.629705854077837,17.30990195135928,21
random_search,4,4666,93,20.724807680927192,17.30990195135928,21
random_search,4,4667,93,20.117935662402836,17.30990195135928,21
random_search,4,4668,93,20.400000000000002,17.30990195135928,21
random_search,4,4669,93,19.30384048104053,17.30990195135928,21
random_search,4,4670,93,21.20199920063936,17.30990195135928,21
random_search,4,4671,93,19.6431676725155,17.30990195135928,21
random_search,4,4672,93,22.45306852353742,17.30990195135928,21
random_search,4,4673,93,20.122611077089285,17.30990195135928,21
random_search,4,4674,93,20.743024810940586,17.30990195135928,21
random_search,4,4675,93,23.6310988842807,17.30990195135928,21
random_search,4,4676,93,20.539013913315678,17.30990195135928,21
random_search,4,4677,93,21.37840487520902,17.30990195135928,21
random_search,4,4678,93,19.048999599679682,17.30990195135928,21
random_search,4,4679,93,20.76397674405503,17.30990195135928,21
random_search,4,4680,93,20.46619037896906,17.30990195135928,21
random_search,4,4681,93,20.645906043549196,17.30990195135928,21
random_search,4,4682,93,19.664688270438848,17.30990195135928,21
random_search,4,4683,93,20.50830459735946,17.30990195135928,21
random_search,4,4684,93,20.754723699099138,17.30990195135928,21
random_search,4,4685,93,21.311871208194287,17.30990195135928,21
random_search,4,4686,93,19.843559577416272,17.30990195135928,21
random_search,4,4687,93,20.756465996625053,17.30990195135928,21
random_search,4,4688,93,21.449444375840397,17.30990195135928,21
random_search,4,4689,93,21.667156809750924,17.30990195135928,21
random_search,4,4690,93,21.988689042296098,17.30990195135928,21
random_search,4,4691,93,20.160107523773828,17.30990195135928,21
random_search,4,4692,93,21.241653005427764,17.30990195135928,21
random_search,4,4693,93,19.04880884817015,17.30990195135928,21
random_search,4,4694,93,20.26397674405503,17.30990195135928,21
random_search,4,4695,93,23.614674215792775,17.30990195135928,21
random_search,4,4696,93,20.400000000000002,17.30990195135928,21
random_search,4,4697,93,20.975817632051932,17.30990195135928,21
random_search,4,4698,93,21.839607805437115,17.30990195135928,21
random_search,4,4699,93,21.295829710142186,17.30990195135928,21
random_search,4,4700,94,20.840967364599088,17.30990195135928,21
random_search,4,4701,94,20.159126028197402,17.30990195135928,21
random_search,4,4702,94,20.659126028197402,17.30990195135928,21
random_search,4,4703,94,19.336660026534076,17.30990195135928,21
random_search,4,4704,94,19.659126028197402,17.30990195135928,21
random_search,4,4705,94,20.013552872566002,17.30990195135928,21
random_search,4,4706,94,19.80384048104053,17.30990195135928,21
random_search,4,4707,94,19.99373774505092,17.30990195135928,21
random_search,4,4708,94,20.93130005674953,17.30990195135928,21
random_search,4,4709,94,18.983239697419133,17.30990195135928,21
random_search,4,4710,94,19.515167380558044,17.30990195135928,21
random_search,4,4711,94,20.189974874213238,17.30990195135928,21
random_search,4,4712,94,20.659729717389748,17.30990195135928,21
random_search,4,4713,94,22.47245829914744,17.30990195135928,21
random_search,4,4714,94,21.39418211071678,17.30990195135928,21
random_search,4,4715,94,20.07364413533277,17.30990195135928,21
random_search,4,4716,94,20.953720459187966,17.30990195135928,21
random_search,4,4717,94,22.157342370508886,17.30990195135928,21
random_search,4,4718,94,20.845207879911715,17.30990195135928,21
random_search,4,4719,94,19.814944167960988,17.30990195135928,21
random_search,4,4720,94,21.564965543462904,17.30990195135928,21
random_search,4,4721,94,20.06287388383278,17.30990195135928,21
random_search,4,4722,94,19.919090595827292,17.30990195135928,21
random_search,4,4723,94,21.015167380558044,17.30990195135928,21
random_search,4,4724,94,21.770540018881462,17.30990195135928,21
random_search,4,4725,94,20.522327839240493,17.30990195135928,21
random_search,4,4726,94,21.03315017762062,17.30990195135928,21
random_search,4,4727,94,20.555294535724684,17.30990195135928,21
random_search,4,4728,94,20.613112646970897,17.30990195135928,21
random_search,4,4729,94,21.007130750570546,17.30990195135928,21
random_search,4,4730,94,21.060107523773826,17.30990195135928,21
random_search,4,4731,94,20.98148877222268,17.30990195135928,21
random_search,4,4732,94,21.093468988235944,17.30990195135928,21
random_search,4,4733,94,22.28711915483254,17.30990195135928,21
random_search,4,4734,94,20.78997487421324,17.30990195135928,21
random_search,4,4735,94,22.377902338672772,17.30990195135928,21
random_search,4,4736,94,20.196150997149434,17.30990195135928,21
random_search,4,4737,94,21.255294535724687,17.30990195135928,21
random_search,4,4738,94,19.563818169698585,17.30990195135928,21
random_search,4,4739,94,21.161706725018234,17.30990195135928,21
random_search,4,4740,94,19.94928556845359,17.30990195135928,21
random_search,4,4741,94,20.43095064303001,17.30990195135928,21
random_search,4,4742,94,21.474868417407585,17.30990195135928,21
random_search,4,4743,94,19.689974874213238,17.30990195135928,21
random_search,4,4744,94,20.129705854077837,17.30990195135928,21
random_search,4,4745,94,21.29283882771841,17.30990195135928,21
random_search,4,4746,94,23.27488738510232,17.30990195135928,21
random_search,4,4747,94,20.724807680927192,17.30990195135928,21
random_search,4,4748,94,21.549444375840398,17.30990195135928,21
random_search,4,4749,94,19.83390796058137,17.30990195135928,21
random_search,4,4750,95,19.992838827718412,17.30990195135928,21
random_search,4,4751,95,18.991153452528778,17.30990195135928,21
random_search,4,4752,95,19.735270009440733,17.30990195135928,21
random_search,4,4753,95,19.422497216032184,17.30990195135928,21
random_search,4,4754,95,21.37571129984594,17.30990195135928,21
random_search,4,4755,95,21.49582971014219,17.30990195135928,21
random_search,4,4756,95,19.840967364599088,17.30990195135928,21
random_search,4,4757,95,21.617935662402836,17.30990195135928,21
random_search,4,4758,95,21.831098884280703,17.30990195135928,21
random_search,4,4759,95,20.40454076850486,17.30990195135928,21
random_search,4,4760,95,22.662277660168378,17.30990195135928,21
random_search,4,4761,95,21.923243291566195,17.30990195135928,21
random_search,4,4762,95,19.368438714135813,17.30990195135928,21
random_search,4,4763,95,20.007130750570546,17.30990195135928,21
random_search,4,4764,95,20.27488738510232,17.30990195135928,21
random_search,4,4765,95,21.449444375840397,17.30990195135928,21
random_search,4,4766,95,19.32828568570857,17.30990195135928,21
random_search,4,4767,95,20.983266665599963,17.30990195135928,21
random_search,4,4768,95,20.911871208194288,17.30990195135928,21
random_search,4,4769,95,19.481742422927145,17.30990195135928,21
random_search,4,4770,95,18.99373774505092,17.30990195135928,21
random_search,4,4771,95,20.144994432064365,17.30990195135928,21
random_search,4,4772,95,19.30332963783729,17.30990195135928,21
random_search,4,4773,95,20.00554700852678,17.30990195135928,21
random_search,4,4774,95,19.870828693386972,17.30990195135928,21
random_search,4,4775,95,20.020465053408525,17.30990195135928,21
random_search,4,4776,95,19.084943324127924,17.30990195135928,21
random_search,4,4777,95,20.560107523773826,17.30990195135928,21
random_search,4,4778,95,19.063818169698585,17.30990195135928,21
random_search,4,4779,95,21.142787793912433,17.30990195135928,21
random_search,4,4780,95,21.031300056749533,17.30990195135928,21
random_search,4,4781,95,21.8459060435492,17.30990195135928,21
random_search,4,4782,95,19.507130750570546,17.30990195135928,21
random_search,4,4783,95,19.54833147735479,17.30990195135928,21
random_search,4,4784,95,21.613112646970897,17.30990195135928,21
random_search,4,4785,95,20.316590212458493,17.30990195135928,21
random_search,4,4786,95,21.20199920063936,17.30990195135928,21
random_search,4,4787,95,23.07402157263998,17.30990195135928,21
random_search,4,4788,95,21.377902338672772,17.30990195135928,21
random_search,4,4789,95,20.76468827043885,17.30990195135928,21
random_search,4,4790,95,21.03072757526625,17.30990195135928,21
random_search,4,4791,95,19.73622914957372,17.30990195135928,21
random_search,4,4792,95,19.80332963783729,17.30990195135928,21
random_search,4,4793,95,21.809983388658484,17.30990195135928,21
random_search,4,4794,95,21.7343879744639,17.30990195135928,21
random_search,4,4795,95,20.338181191654584,17.30990195135928,21
random_search,4,4796,95,20.83622914957372,17.30990195135928,21
random_search,4,4797,95,20.637715508089904,17.30990195135928,21
random_search,4,4798,95,22.258317958127243,17.30990195135928,21
random_search,4,4799,95,20.983266665599963,17.30990195135928,21
random_search,4,4800,96,19.36619037896906,17.30990195135928,21
random_search,4,4801,96,20.90831891575846,17.30990195135928,21
random_search,4,4802,96,20.033907960581374,17.30990195135928,21
random_search,4,4803,96,20.560107523773826,17.30990195135928,21
random_search,4,4804,96,20.757583690279024,17.30990195135928,21
random_search,4,4805,96,20.629285639896448,17.30990195135928,21
random_search,4,4806,96,20.12074368738204,17.30990195135928,21
random_search,4,4807,96,20.12664991614216,17.30990195135928,21
random_search,4,4808,96,22.22574776766556,17.30990195135928,21
random_search,4,4809,96,21.10554700852678,17.30990195135928,21
random_search,4,4810,96,22.20185121722126,17.30990195135928,21
random_search,4,4811,96,22.356349099818896,17.30990195135928,21
random_search,4,4812,96,19.919090595827292,17.30990195135928,21
random_search,4,4813,96,21.082207001484488,17.30990195135928,21
random_search,4,4814,96,19.73606797749979,17.30990195135928,21
random_search,4,4815,96,20.239607805437114,17.30990195135928,21
random_search,4,4816,96,20.33541565040626,17.30990195135928,21
random_search,4,4817,96,20.13527000944073,17.30990195135928,21
random_search,4,4818,96,22.301514803843837,17.30990195135928,21
random_search,4,4819,96,21.70185121722126,17.30990195135928,21
random_search,4,4820,96,21.024845673131658,17.30990195135928,21
random_search,4,4821,96,20.76397674405503,17.30990195135928,21
random_search,4,4822,96,20.58679622641132,17.30990195135928,21
random_search,4,4823,96,19.730727575266254,17.30990195135928,21
random_search,4,4824,96,20.50454076850486,17.30990195135928,21
random_search,4,4825,96,21.00454076850486,17.30990195135928,21
random_search,4,4826,96,20.277154105707726,17.30990195135928,21
random_search,4,4827,96,20.2,17.30990195135928,21
random_search,4,4828,96,20.617935662402836,17.30990195135928,21
random_search,4,4829,96,21.802172886644268,17.30990195135928,21
random_search,4,4830,96,21.08679622641132,17.30990195135928,21
random_search,4,4831,96,19.693737745050925,17.30990195135928,21
random_search,4,4832,96,20.314642819948226,17.30990195135928,21
random_search,4,4833,96,19.29283882771841,17.30990195135928,21
random_search,4,4834,96,19.908304597359457,17.30990195135928,21
random_search,4,4835,96,20.689974874213238,17.30990195135928,21
random_search,4,4836,96,20.314944167960988,17.30990195135928,21
random_search,4,4837,96,21.98328677803526,17.30990195135928,21
random_search,4,4838,96,20.8,17.30990195135928,21
random_search,4,4839,96,21.49615099714943,17.30990195135928,21
random_search,4,4840,96,19.862873883832776,17.30990195135928,21
random_search,4,4841,96,21.03072757526625,17.30990195135928,21
random_search,4,4842,96,20.239071942966532,17.30990195135928,21
random_search,4,4843,96,21.077902338672775,17.30990195135928,21
random_search,4,4844,96,20.839387691339812,17.30990195135928,21
random_search,4,4845,96,21.361901286060018,17.30990195135928,21
random_search,4,4846,96,20.615167380558045,17.30990195135928,21
random_search,4,4847,96,21.953720459187966,17.30990195135928,21
random_search,4,4848,96,20.802172886644268,17.30990195135928,21
random_search,4,4849,96,19.55758369027902,17.30990195135928,21
random_search,4,4850,97,20.531300056749533,17.30990195135928,21
random_search,4,4851,97,21.585677655436825,17.30990195135928,21
random_search,4,4852,97,20.83390796058137,17.30990195135928,21
random_search,4,4853,97,19.727566688249706,17.30990195135928,21
random_search,4,4854,97,21.049444375840398,17.30990195135928,21
random_search,4,4855,97,17.71909059582729,17.30990195135928,21
random_search,4,4856,97,21.316609194718914,17.30990195135928,21
random_search,4,4857,97,21.088435821108956,17.30990195135928,21
random_search,4,4858,97,20.664688270438848,17.30990195135928,21
random_search,4,4859,97,21.966479394838267,17.30990195135928,21
random_search,4,4860,97,20.30384048104053,17.30990195135928,21
random_search,4,4861,97,23.035533905932738,17.30990195135928,21
random_search,4,4862,97,21.941186241925152,17.30990195135928,21
random_search,4,4863,97,19.68910462845192,17.30990195135928,21
random_search,4,4864,97,18.488409872672513,17.30990195135928,21
random_search,4,4865,97,19.70332963783729,17.30990195135928,21
random_search,4,4866,97,20.060107523773826,17.30990195135928,21
random_search,4,4867,97,21.481742422927145,17.30990195135928,21
random_search,4,4868,97,20.76843871413581,17.30990195135928,21
random_search,4,4869,97,20.814642819948226,17.30990195135928,21
random_search,4,4870,97,19.229563014098698,17.30990195135928,21
random_search,4,4871,97,22.400000000000002,17.30990195135928,21
random_search,4,4872,97,20.94928556845359,17.30990195135928,21
random_search,4,4873,97,19.932380757938123,17.30990195135928,21
random_search,4,4874,97,19.814642819948226,17.30990195135928,21
random_search,4,4875,97,20.673320053068153,17.30990195135928,21
random_search,4,4876,97,19.00830459735946,17.30990195135928,21
random_search,4,4877,97,19.97484176581315,17.30990195135928,21
random_search,4,4878,97,21.655277766926236,17.30990195135928,21
random_search,4,4879,97,20.57907545067406,17.30990195135928,21
random_search,4,4880,97,21.521363372331802,17.30990195135928,21
random_search,4,4881,97,20.31386219991853,17.30990195135928,21
random_search,4,4882,97,21.64575131106459,17.30990195135928,21
random_search,4,4883,97,21.25941170815567,17.30990195135928,21
random_search,4,4884,97,19.033030277982334,17.30990195135928,21
random_search,4,4885,97,20.427105745132007,17.30990195135928,21
random_search,4,4886,97,20.417935662402833,17.30990195135928,21
random_search,4,4887,97,20.254065922853805,17.30990195135928,21
random_search,4,4888,97,19.62664991614216,17.30990195135928,21
random_search,4,4889,97,22.01058907144937,17.30990195135928,21
random_search,4,4890,97,21.7,17.30990195135928,21
random_search,4,4891,97,21.91084400165827,17.30990195135928,21
random_search,4,4892,97,18.04880884817015,17.30990195135928,21
random_search,4,4893,97,22.37581763205193,17.30990195135928,21
random_search,4,4894,97,19.785229954635273,17.30990195135928,21
random_search,4,4895,97,19.58522995463527,17.30990195135928,21
random_search,4,4896,97,21.91547594742265,17.30990195135928,21
random_search,4,4897,97,22.193743884534264,17.30990195135928,21
random_search,4,4898,97,19.22474487139159,17.30990195135928,21
random_search,4,4899,97,22.377902338672772,17.30990195135928,21
random_search,4,4900,98,21.288061301782108,17.30990195135928,21
random_search,4,4901,98,22.756809750418043,17.30990195135928,21
random_search,4,4902,98,19.56287388383278,17.30990195135928,21
random_search,4,4903,98,19.86124969497314,17.30990195135928,21
random_search,4,4904,98,20.174021572639983,17.30990195135928,21
random_search,4,4905,98,20.983266665599963,17.30990195135928,21
random_search,4,4906,98,20.429705854077834,17.30990195135928,21
random_search,4,4907,98,21.49615099714943,17.30990195135928,21
random_search,4,4908,98,19.953720459187966,17.30990195135928,21
random_search,4,4909,98,19.256465996625053,17.30990195135928,21
random_search,4,4910,98,22.021363372331802,17.30990195135928,21
random_search,4,4911,98,21.438181191654586,17.30990195135928,21
random_search,4,4912,98,21.7262252939418,17.30990195135928,21
random_search,4,4913,98,22.242787793912434,17.30990195135928,21
random_search,4,4914,98,19.483266665599963,17.30990195135928,21
random_search,4,4915,98,21.45870331449229,17.30990195135928,21
random_search,4,4916,98,21.521347195933174,17.30990195135928,21
random_search,4,4917,98,21.553299832284317,17.30990195135928,21
random_search,4,4918,98,18.769693845669906,17.30990195135928,21
random_search,4,4919,98,22.626785107312738,17.30990195135928,21
random_search,4,4920,98,21.660107523773828,17.30990195135928,21
random_search,4,4921,98,22.58433666561813,17.30990195135928,21
random_search,4,4922,98,20.741653005427764,17.30990195135928,21
random_search,4,4923,98,20.760681686165903,17.30990195135928,21
random_search,4,4924,98,21.949444375840397,17.30990195135928,21
random_search,4,4925,98,20.172004514666934,17.30990195135928,21
random_search,4,4926,98,22.126785107312738,17.30990195135928,21
random_search,4,4927,98,20.01657508881031,17.30990195135928,21
random_search,4,4928,98,19.621320343559642,17.30990195135928,21
random_search,4,4929,98,21.241653005427764,17.30990195135928,21
random_search,4,4930,98,21.989979919597747,17.30990195135928,21
random_search,4,4931,98,20.391153452528776,17.30990195135928,21
random_search,4,4932,98,20.394427190999917,17.30990195135928,21
random_search,4,4933,98,20.696150997149434,17.30990195135928,21
random_search,4,4934,98,20.114482300479487,17.30990195135928,21
random_search,4,4935,98,19.3,17.30990195135928,21
random_search,4,4936,98,21.235489375751563,17.30990195135928,21
random_search,4,4937,98,20.690890230020663,17.30990195135928,21
random_search,4,4938,98,20.559591794226545,17.30990195135928,21
random_search,4,4939,98,20.754723699099138,17.30990195135928,21
random_search,4,4940,98,19.896662954709576,17.30990195135928,21
random_search,4,4941,98,19.55758369027902,17.30990195135928,21
random_search,4,4942,98,20.368438714135813,17.30990195135928,21
random_search,4,4943,98,20.7131126469709,17.30990195135928,21
random_search,4,4944,98,20.58679622641132,17.30990195135928,21
random_search,4,4945,98,19.36619037896906,17.30990195135928,21
random_search,4,4946,98,22.380972058177587,17.30990195135928,21
random_search,4,4947,98,20.82842712474619,17.30990195135928,21
random_search,4,4948,98,21.816609194718914,17.30990195135928,21
random_search,4,4949,98,19.993468988235943,17.30990195135928,21
random_search,4,4950,99,21.274868417407582,17.30990195135928,21
random_search,4,4951,99,20.055294535724684,17.30990195135928,21
random_search,4,4952,99,20.114642819948223,17.30990195135928,21
random_search,4,4953,99,19.63527000944073,17.30990195135928,21
random_search,4,4954,99,19.68679622641132,17.30990195135928,21
random_search,4,4955,99,20.560107523773826,17.30990195135928,21
random_search,4,4956,99,20.7131126469709,17.30990195135928,21
random_search,4,4957,99,20.377902338672772,17.30990195135928,21
random_search,4,4958,99,23.176575213227444,17.30990195135928,21
random_search,4,4959,99,21.840063693621516,17.30990195135928,21
random_search,4,4960,99,20.227566688249706,17.30990195135928,21
random_search,4,4961,99,21.870828693386972,17.30990195135928,21
random_search,4,4962,99,22.343024810940587,17.30990195135928,21
random_search,4,4963,99,19.113112646970897,17.30990195135928,21
random_search,4,4964,99,21.167156809750924,17.30990195135928,21
random_search,4,4965,99,20.491153452528778,17.30990195135928,21
random_search,4,4966,99,21.809983388658484,17.30990195135928,21
random_search,4,4967,99,20.330950643030008,17.30990195135928,21
random_search,4,4968,99,20.173320053068153,17.30990195135928,21
random_search,4,4969,99,21.20713075057055,17.30990195135928,21
random_search,4,4970,99,22.065941943351177,17.30990195135928,21
random_search,4,4971,99,21.520465053408525,17.30990195135928,21
random_search,4,4972,99,19.83390796058137,17.30990195135928,21
random_search,4,4973,99,20.58113883008419,17.30990195135928,21
random_search,4,4974,99,22.892415526630867,17.30990195135928,21
random_search,4,4975,99,20.060107523773826,17.30990195135928,21
random_search,4,4976,99,20.239071942966532,17.30990195135928,21
random_search,4,4977,99,20.8459060435492,17.30990195135928,21
random_search,4,4978,99,21.17681974534503,17.30990195135928,21
random_search,4,4979,99,20.343559577416272,17.30990195135928,21
random_search,4,4980,99,20.193737745050925,17.30990195135928,21
random_search,4,4981,99,21.91386219991853,17.30990195135928,21
random_search,4,4982,99,21.819160170741757,17.30990195135928,21
random_search,4,4983,99,19.29283882771841,17.30990195135928,21
random_search,4,4984,99,22.07402157263998,17.30990195135928,21
random_search,4,4985,99,22.810693864511038,17.30990195135928,21
random_search,4,4986,99,21.311871208194287,17.30990195135928,21
random_search,4,4987,99,21.367156809750927,17.30990195135928,21
random_search,4,4988,99,20.400000000000002,17.30990195135928,21
random_search,4,4989,99,19.483239697419133,17.30990195135928,21
random_search,4,4990,99,21.516609194718917,17.30990195135928,21
random_search,4,4991,99,21.213594362117867,17.30990195135928,21
random_search,4,4992,99,23.48328677803526,17.30990195135928,21
random_search,4,4993,99,22.01058907144937,17.30990195135928,21
random_search,4,4994,99,20.213594362117867,17.30990195135928,21
random_search,4,4995,99,21.146426544510454,17.30990195135928,21
random_search,4,4996,99,20.20713075057055,17.30990195135928,21
random_search,4,4997,99,23.106659275674584,17.30990195135928,21
random_search,4,4998,99,21.38910462845192,17.30990195135928,21
random_search,4,4999,99,19.54833147735479,17.30990195135928,21
random_search,4,5000,100,21.258317958127243,17.30990195135928,21
random_search,4,5001,100,20.60768096208106,17.30990195135928,21
random_search,4,5002,100,20.362873883832776,17.30990195135928,21
random_search,4,5003,100,20.18910462845192,17.30990195135928,21
random_search,4,5004,100,19.169693845669904,17.30990195135928,21
random_search,4,5005,100,19.56287388383278,17.30990195135928,21
random_search,4,5006,100,20.084943324127924,17.30990195135928,21
random_search,4,5007,100,19.66794833886788,17.30990195135928,21
random_search,4,5008,100,20.457066051117284,17.30990195135928,21
random_search,4,5009,100,21.577902338672775,17.30990195135928,21
random_search,4,5010,100,23.007135583350035,17.30990195135928,21
random_search,4,5011,100,21.907567081708248,17.30990195135928,21
random_search,4,5012,100,22.03315017762062,17.30990195135928,21
random_search,4,5013,100,20.30332963783729,17.30990195135928,21
random_search,4,5014,100,19.207106781186546,17.30990195135928,21
random_search,4,5015,100,19.577154105707724,17.30990195135928,21
random_search,4,5016,100,19.06953597148327,17.30990195135928,21
random_search,4,5017,100,23.040658617698014,17.30990195135928,21
random_search,4,5018,100,19.99373774505092,17.30990195135928,21
random_search,4,5019,100,21.036664289109584,17.30990195135928,21
random_search,4,5020,100,21.44935886896179,17.30990195135928,21
random_search,4,5021,100,21.560107523773826,17.30990195135928,21
random_search,4,5022,100,21.489979919597747,17.30990195135928,21
random_search,4,5023,100,20.260681686165903,17.30990195135928,21
random_search,4,5024,100,18.362873883832776,17.30990195135928,21
random_search,4,5025,100,20.802172886644268,17.30990195135928,21
random_search,4,5026,100,21.295829710142186,17.30990195135928,21
random_search,4,5027,100,19.140967364599085,17.30990195135928,21
random_search,4,5028,100,21.494438717061495,17.30990195135928,21
random_search,4,5029,100,20.58522995463527,17.30990195135928,21
random_search,4,5030,100,20.449137674618942,17.30990195135928,21
random_search,4,5031,100,20.99615099714943,17.30990195135928,21
random_search,4,5032,100,20.343559577416272,17.30990195135928,21
random_search,4,5033,100,19.923538406167136,17.30990195135928,21
random_search,4,5034,100,21.47763888346312,17.30990195135928,21
random_search,4,5035,100,20.9591260281974,17.30990195135928,21
random_search,4,5036,100,20.411871208194288,17.30990195135928,21
random_search,4,5037,100,19.488409872672513,17.30990195135928,21
random_search,4,5038,100,18.588409872672514,17.30990195135928,21
random_search,4,5039,100,20.213594362117867,17.30990195135928,21
random_search,4,5040,100,20.38806130178211,17.30990195135928,21
random_search,4,5041,100,22.565941943351177,17.30990195135928,21
random_search,4,5042,100,19.06953597148327,17.30990195135928,21
random_search,4,5043,100,18.68910462845192,17.30990195135928,21
random_search,4,5044,100,18.400000000000002,17.30990195135928,21
random_search,4,5045,100,20.088409872672514,17.30990195135928,21
random_search,4,5046,100,20.269693845669906,17.30990195135928,21
random_search,4,5047,100,21.159729717389748,17.30990195135928,21
random_search,4,5048,100,20.00830459735946,17.30990195135928,21
random_search,4,5049,100,22.503123475609396,17.30990195135928,21
