evaluation,generation,status,fitness,final_x,final_y,final_z,simulated_seconds,elapsed_seconds,error
1,0,ok,2.01023925264498,-0.009389558068021794,-0.058441909635538254,0.07503033456173566,15.000000000001679,0.26843237501452677,
2,0,ok,2.1038590019644743,-0.10385790921691344,0.0021442883183868363,0.09467697866179137,15.000000000001679,0.24675558297894895,
3,0,ok,1.877442617731996,0.12256923378965659,-0.00667090422757091,0.08253869760289345,15.000000000001679,0.3128074580163229,
4,0,ok,2.0290272499445328,-0.0289713948625368,-0.0150552265690322,0.07376164057372558,15.000000000001679,0.3286779159971047,
5,0,ok,2.0112297030232953,-0.009254220134581362,-0.08912012788672663,0.07486276035743056,15.000000000001679,0.3230727080081124,
6,0,ok,2.116252910509602,-0.11157037501811302,0.14070157279230228,0.07529460672356009,15.000000000001679,0.21547558400197886,
7,0,ok,1.9958111885191165,0.0041896993307794375,0.0018825410285861664,0.07500056595240395,15.000000000001679,0.2864297920023091,
8,0,ok,1.9741304760162133,0.02595750105761171,0.01863729340037193,0.07497902207361602,15.000000000001679,0.22226904099807143,
9,0,ok,2.0769942346810293,-0.07355954064962009,0.1193979994772548,0.07495539645896884,15.000000000001679,0.29856787499738857,
10,0,ok,2.0729271182633755,-0.07151458090690532,0.0765126049863086,0.07779596606235882,15.000000000001679,0.24202466697897762,
11,1,ok,1.9336672677548545,0.075373739276042,-0.18676953423467976,0.0750149227218648,15.000000000001679,0.2759963749849703,
12,1,ok,1.9971229315294776,0.002926617439394611,0.014067988798566225,0.07500892071309583,15.000000000001679,0.2823042079980951,
13,1,ok,1.9851075081008196,0.01627682360935883,-0.07412272370110964,0.07626143827813389,15.000000000001679,0.26127604200155474,
14,1,ok,1.9861262582779513,0.017890858669548506,-0.12625714108689437,0.07505496293278512,15.000000000001679,0.2320650839828886,
15,1,ok,1.9584365868870266,0.04172407268739567,0.025085002803786356,0.07501525574629866,15.000000000001679,0.2562913339934312,
16,1,ok,1.8846922232739785,0.11530908885718594,-0.002223943587703329,0.09158864395131143,15.000000000001679,0.27821366701391526,
17,1,ok,1.98411700513924,0.015970611513151187,0.01864606401384571,0.07499412314184012,15.000000000001679,0.25168279197532684,
18,1,ok,1.9521781664563098,0.04823561069365291,0.040191569070413734,0.0749815313244422,15.000000000001679,0.28885929100215435,
19,1,ok,1.963620634504743,0.04086114382427444,-0.1325931313276785,0.0793573173206551,15.000000000001679,0.289351292012725,
20,1,ok,1.9387610440992746,0.0645068249521648,-0.11251913375137197,0.0781132967455793,15.000000000001679,0.26391025001066737,
21,2,ok,1.9343109184736538,0.06572283868067164,0.01142770864309566,0.1144815168564883,15.000000000001679,0.29273720798664726,
22,2,ok,1.9417699362802103,0.058281900347912106,0.014188267164690783,0.07494102320078501,15.000000000001679,0.2870489170018118,
23,2,ok,1.9923793403821266,0.007772180641008259,0.02457136043516913,0.07499477044147329,15.000000000001679,0.3096074160130229,
24,2,ok,1.885458085720206,0.11454642104341038,-0.004122451635955163,0.0997386803924449,15.000000000001679,0.2610100000165403,
25,2,ok,1.896174539707388,0.10392359080997077,-0.01929081510899404,0.0791985956368538,15.000000000001679,0.27357029099948704,
26,2,ok,1.9022470401866554,0.09783513663285472,-0.01768147251617586,0.08749884777365667,15.000000000001679,0.37109550001332536,
27,2,ok,1.9859261471820184,0.01666626071517768,-0.10143934481107547,0.07497504416111488,15.000000000001679,0.24195454100845382,
28,2,ok,1.8507837748982754,0.14927898767890155,0.015241915230003672,0.09126988787586571,15.000000000001679,0.27071495799464174,
29,2,ok,1.8396649357922479,0.1604830815164802,0.023336293544419347,0.0843280244893565,15.000000000001679,0.26060591600253247,
30,2,ok,1.968601707179265,0.03206696506751664,0.05130547271531961,0.07497399200252339,15.000000000001679,0.25523533299565315,
31,3,ok,1.9248481111237905,0.07515887890650763,-0.005187431384772176,0.1092936498985375,15.000000000001679,0.2454082919866778,
32,3,ok,1.9188629582186916,0.08216056471607328,-0.06266540428032812,0.07516689013667102,15.000000000001679,0.26478079200023785,
33,3,ok,1.8962697916672056,0.10623366957839944,-0.09740743581006273,0.07618541293328154,15.000000000001679,0.3041490830073599,
34,3,ok,1.926705556164174,0.07330730336781514,0.007039381940071243,0.11888808773358385,15.000000000001679,0.252804957999615,
35,3,ok,1.9579593330658829,0.04253691305439725,-0.04407962324236633,0.07505292729963425,15.000000000001679,0.3157520829990972,
36,3,ok,1.893726544805964,0.10683382916042482,-0.04606599712753734,0.07697846973114747,15.000000000001679,0.2541542500257492,
37,3,ok,1.9452454118320461,0.05481802233320391,-0.01570942436627426,0.07779511217780363,15.000000000001679,0.2725150409969501,
38,3,ok,1.9293437977137233,0.07066061534524364,0.004126571993623773,0.10939312550066851,15.000000000001679,0.2397521249949932,
39,3,ok,1.893940148456886,0.10607362265795382,-0.0072224057573776895,0.08318331236734061,15.000000000001679,0.2875658340053633,
40,3,ok,1.8846054827162781,0.11539990738097301,-0.004507370032564753,0.10730792695977893,15.000000000001679,0.2514874589978717,
41,4,ok,1.9632080795024904,0.03679937371329484,-0.0054096553813657855,0.07589880912631088,15.000000000001679,0.3047576250100974,
42,4,ok,1.8854872364583093,0.11469166114261752,-0.025972798886700007,0.08596218255442589,15.000000000001679,0.2335834160039667,
43,4,ok,1.9187744970848364,0.0812315174195176,-0.004804260500807915,0.10517706336829316,15.000000000001679,0.2705441670259461,
44,4,ok,1.8701519289219464,0.12985323149122502,0.004393345725462428,0.1030550223628861,15.000000000001679,0.29200354099157266,
45,4,ok,1.8934523702384793,0.10684996574603152,-0.033835279900037624,0.07961338333670027,15.000000000001679,0.2547159169916995,
46,4,ok,1.895835533959214,0.10425967064191577,-0.01899935440270743,0.08921752033064961,15.000000000001679,0.31736124999588355,
47,4,ok,1.9155746678318581,0.08445732620175557,-0.01107126447187771,0.10288348303549497,15.000000000001679,0.2583577500190586,
48,4,ok,1.9317469911705387,0.06835126235615528,0.019483127453540826,0.11166017649289395,15.000000000001679,0.25598908300162293,
49,4,ok,1.8750670439998742,0.12493656117495441,-0.003676938403154526,0.09685671961647706,15.000000000001679,0.27400233401567675,
50,4,ok,1.891416334949365,0.10882667323057817,-0.03031831507795472,0.10908435951577909,15.000000000001679,0.2640031249902677,
51,5,ok,1.8865183342632448,0.11360836088777143,-0.021863426054648506,0.0842370301368984,15.000000000001679,0.2292615409824066,
52,5,ok,1.8794391164514235,0.12058164135553448,0.008833212204565304,0.08220871889920024,15.000000000001679,0.2620382500172127,
53,5,ok,1.8215068186551946,0.17850309090602873,-0.0060083748615955765,0.09539657027143779,15.000000000001679,0.3027775829832535,
54,5,ok,1.874179055078778,0.12761708274175376,-0.0820325646038249,0.07556497240717584,15.000000000001679,0.31193037499906495,
55,5,ok,1.8514241664879654,0.14857624114230458,-0.0012285735221657958,0.07618132978309104,15.000000000001679,0.3073353329964448,
56,5,ok,1.9457127805294205,0.05428729555917636,-0.0005441443791561247,0.11503929601640946,15.000000000001679,0.26523208399885334,
57,5,ok,1.8169645693259586,0.18305166832672445,-0.007681550336193735,0.08550625792409414,15.000000000001679,0.2526338330062572,
58,5,ok,1.9413831326068764,0.058638615966627984,0.00918935005967611,0.11414744255465639,15.000000000001679,0.3024298750096932,
59,5,ok,1.829122237107177,0.1712465740103704,0.03672962307397115,0.08988721885903672,15.000000000001679,0.2980796250049025,
60,5,ok,1.90290541780514,0.0970953046505929,-0.0016581704783924709,0.076364513153226,15.000000000001679,0.30032149999169633,
61,6,ok,1.7521845390744997,0.2478544477311432,-0.011688568611263574,0.10147622189001868,15.000000000001679,0.25461775000439957,
62,6,ok,1.9846830769795902,0.020385414595034953,0.14174981234944126,0.07498499952662863,15.000000000001679,0.28071241700672545,
63,6,ok,1.8678172228363246,0.13249434624885503,-0.03411467618942087,0.07867106557177847,15.000000000001679,0.26162833301350474,
64,6,ok,1.918333086203229,0.08167654202420012,0.006077845158840321,0.09684993817902596,15.000000000001679,0.2923444169864524,
65,6,ok,1.8074463701583128,0.1929255362300351,-0.036664197645033154,0.07917279810507251,15.000000000001679,0.2862974579911679,
66,6,ok,1.8982993018813903,0.10176637745281476,-0.015790939008300284,0.08457447638739628,15.000000000001679,0.278463541995734,
67,6,ok,1.9123044544435386,0.08769556164646829,-0.00024806850625087276,0.11757801543557041,15.000000000001679,0.22726833299384452,
68,6,ok,1.9439595238678689,0.05614136368655177,0.019804859661525294,0.13069635390236103,15.000000000001679,0.2669645840069279,
69,6,ok,1.8368531575347389,0.16319714332509072,0.013593677068132103,0.08408131885699861,15.000000000001679,0.2965636249864474,
70,6,ok,1.8508734217003449,0.14929116871504805,0.02468288801234653,0.08651301693168466,15.000000000001679,0.2922377919894643,
71,7,ok,1.8235524578058195,0.17655480180526542,-0.019778158413020726,0.07596592433844224,15.000000000001679,0.2640268339891918,
72,7,ok,1.796597240813422,0.20401085660712295,-0.04674015953461183,0.08614325933516938,15.000000000001679,0.2657458749890793,
73,7,ok,1.8214962444775675,0.17881391557790297,0.03361271415986386,0.07630703876416908,15.000000000001679,0.29082562497933395,
74,7,ok,1.8122262486182097,0.1881013981764074,-0.03445914814007576,0.0893262306810048,15.000000000001679,0.24495970801217481,
75,7,ok,1.859192798532287,0.14081119250652194,-0.003852298702740827,0.09587119172403663,15.000000000001679,0.2957222080149222,
76,7,ok,1.9662739607751,0.039760117741521786,0.15392495842282308,0.07515222597673563,15.000000000001679,0.25309520901646465,
77,7,ok,1.8676693596636074,0.13233529445736436,0.004169495965825748,0.07516998943781657,15.000000000001679,0.3021326659945771,
78,7,ok,1.8077963391691625,0.19257473258072338,-0.036626583348472345,0.08083372312823685,15.000000000001679,0.30262433298048563,
79,7,ok,1.8499652626615282,0.15028351806985604,-0.030338251932309195,0.07563251182847462,15.000000000001679,0.2726320840010885,
80,7,ok,1.9086975803912618,0.09175321758996768,0.04148096928972983,0.07984775740048128,15.000000000001679,0.2859401670284569,
81,8,ok,1.8026499006237438,0.19777464172896608,-0.03912061123802003,0.08014433729343984,15.000000000001679,0.27816266601439565,
82,8,ok,1.8342329616642707,0.16586048088383742,-0.018514374740032404,0.0817255928200895,15.000000000001679,0.32365341699915007,
83,8,ok,1.930356829630985,0.06973582351569876,-0.01891292373934796,0.0753813007525025,15.000000000001679,0.3023293750011362,
84,8,ok,1.8582993265336418,0.14186458383621417,-0.024681211340243047,0.07686255357074306,15.000000000001679,0.30389433397795074,
85,8,ok,1.9365939759721205,0.06340948311592716,0.0036602849868626404,0.12232094693224349,15.000000000001679,0.226145082997391,
86,8,ok,1.8269462689035794,0.17306154149693498,-0.005342125340567477,0.0818129427028284,15.000000000001679,0.31352741600130685,
87,8,ok,1.918383086631174,0.08164067037868346,-0.009547226162749568,0.12873177841316077,15.000000000001679,0.23773587500909343,
88,8,ok,1.7766373228275214,0.22360642190787694,-0.029428431436392236,0.1031987121680236,15.000000000001679,0.28953341700253077,
89,8,ok,1.8670229122569402,0.13299469218596172,-0.008107742385769206,0.11358363129474548,15.000000000001679,0.2556164580164477,
90,8,ok,1.8732210157313791,0.12692044754843146,-0.023020946234490882,0.07778569273102391,15.000000000001679,0.30685799999628216,
91,9,ok,1.8831011050414346,0.11801735186125445,-0.06489286488471536,0.12070347211311258,15.000000000001679,0.28352966700913385,
92,9,ok,1.8730068524311374,0.12736370900278926,-0.037255749814044635,0.08029087069623443,15.000000000001679,0.27607412499492057,
93,9,ok,1.9236938280412668,0.07661930402251198,-0.034707958528513175,0.08616020091995563,15.000000000001679,0.28100379099487327,
94,9,ok,1.8252678335504837,0.17663356925629078,-0.08329179690115139,0.07955150878527148,15.000000000001679,0.27484841700061224,
95,9,ok,1.9026935281591577,0.09731822949589382,0.0066889677905549545,0.08021515269432195,15.000000000001679,0.2583249160088599,
96,9,ok,1.8622020116744653,0.1378413927012679,-0.012714304844212187,0.0769329634720974,15.000000000001679,0.285644957999466,
97,9,ok,1.8296794717479956,0.17033952491222357,-0.008337579840472476,0.0817312810695209,15.000000000001679,0.2734517080243677,
98,9,ok,1.885110585402682,0.11519984677773737,-0.034209671301807076,0.12498704778196543,15.000000000001679,0.25901191699085757,
99,9,ok,1.7566121852225807,0.2434975661765536,-0.019635917212081175,0.09981179035808671,15.000000000001679,0.21494708402315155,
100,9,ok,1.890222314693133,0.11034062277696716,-0.04612848400852668,0.07782064100172682,15.000000000001679,0.2713717500155326,
101,10,ok,1.6760881541466397,0.3242457578260338,-0.03345475013576525,0.09684694586440948,15.000000000001679,0.2513430419785436,
102,10,ok,1.8381585324415854,0.16184159756922983,-0.0006913472076272951,0.08905301025393159,15.000000000001679,0.26903687498997897,
103,10,ok,1.8729099174066066,0.12710536889340115,-0.007567000204774522,0.12706603971993782,15.000000000001679,0.2484587500221096,
104,10,ok,1.8412939759075801,0.1597103955226158,-0.06080853037212073,0.08999107013324993,15.000000000001679,0.23663483301061206,
105,10,ok,1.7612644185384294,0.23883229830858346,-0.018457478930947062,0.10878123915923742,15.000000000001679,0.26664495799923316,
106,10,ok,1.841501002182964,0.15884141104730276,-0.03551044024753015,0.07636875522824567,15.000000000001679,0.25877620800747536,
107,10,ok,1.7610298217269729,0.23936093070315695,-0.03709583099595164,0.09170546593721059,15.000000000001679,0.2863417920016218,
108,10,ok,1.9393374612460483,0.060915549968673564,-0.03132545672414741,0.12492484371558513,15.000000000001679,0.24462695900001563,
109,10,ok,1.806890836289926,0.19354739416602734,-0.03979292831846137,0.08333615454645975,15.000000000001679,0.3476132499927189,
110,10,ok,1.8328693292271134,0.1676071618603938,-0.04179072571908172,0.08478615693466687,15.000000000001679,0.2755748330091592,
111,11,ok,1.873028798845126,0.1269992329552608,0.01024733882691815,0.13170275854025007,15.000000000001679,0.26357470799121074,
112,11,ok,1.8252277772712802,0.17477435442697642,-0.0027895636211797987,0.09156897450695094,15.000000000001679,0.23774112499086186,
113,11,ok,1.804468006010109,0.19556891163809204,-0.01154261959693195,0.10926077991538692,15.000000000001679,0.2557084999862127,
114,11,ok,1.9247798106511436,0.07597471955931732,-0.053889142834191175,0.07498160072935285,15.000000000001679,0.2607565420039464,
115,11,ok,1.7923322204247298,0.20792686755076478,-0.030474191149688776,0.09121768695234506,15.000000000001679,0.2820950419991277,
116,11,ok,1.7066616685964258,0.2936333531880334,-0.031731966595551754,0.09522812061675255,15.000000000001679,0.24471412500133738,
117,11,ok,1.77420202127482,0.22583127864320393,0.010870163515239723,0.09472817769976628,15.000000000001679,0.25320412500877865,
118,11,ok,1.7954605869088271,0.20511354832845186,-0.04540203463402554,0.08793107683162736,15.000000000001679,0.25675520798540674,
119,11,ok,1.791268479864554,0.20873279435189723,0.0021365687230009635,0.11625624212974596,15.000000000001679,0.23831379201146774,
120,11,ok,1.829199638170476,0.17106358068757826,-0.031030475272828286,0.08455118110492146,15.000000000001679,0.2652873329934664,
121,12,ok,1.8702384927109157,0.13114189860757064,-0.07184299880629687,0.10047704207359758,15.000000000001679,0.2606589589850046,
122,12,ok,1.918728041119012,0.08260544693692157,-0.07152218998631356,0.08277538064268215,15.000000000001679,0.24746337500982918,
123,12,ok,1.7855489480219435,0.21451130166518606,-0.014668125337660742,0.09647191808289425,15.000000000001679,0.2617993750027381,
124,12,ok,1.7529173567692073,0.24716165867467116,-0.016643582625580362,0.11229928573699499,15.000000000001679,0.24538058298639953,
125,12,ok,1.777715972218361,0.22230015827702293,-0.007573019105726392,0.0963725421913409,15.000000000001679,0.2539287499967031,
126,12,ok,1.7432036495650438,0.2569497164106785,-0.023122991503553795,0.10290642153742474,15.000000000001679,0.2829259170102887,
127,12,ok,1.776119276863037,0.2239119345587107,-0.010529455897406158,0.0826030997286681,15.000000000001679,0.25014545797603205,
128,12,ok,1.8438654151421332,0.15616233819231196,-0.01011662279760699,0.07616381087609236,15.000000000001679,0.2616889579803683,
129,12,ok,1.7806286393128072,0.220946469715924,-0.07487915280467136,0.09850567889100377,15.000000000001679,0.2576215000008233,
130,12,ok,1.9282389735695147,0.0717649916850404,0.003910486034158009,0.125391956345832,15.000000000001679,0.23952920798910782,
131,13,ok,1.9149327261829907,0.08625223500456698,-0.06735605230122778,0.08352145955056159,15.000000000001679,0.251777542027412,
132,13,ok,1.961606075509229,0.038641735805194546,0.031179399440309733,0.07501460301698694,15.000000000001679,0.24209112499374896,
133,13,ok,1.8114954734230988,0.18895529826038668,-0.040409634163791515,0.07697053002855521,15.000000000001679,0.3088795420189854,
134,13,ok,1.7815210057110076,0.2194898409756739,-0.06000556141499593,0.1056827822558555,15.000000000001679,0.3675646249903366,
135,13,ok,1.954545384552212,0.045481358993209285,-0.010224589542971632,0.13943139686969636,15.000000000001679,0.26806362500065006,
136,13,ok,1.821764758210681,0.17901806457544786,-0.053400609695704836,0.08653977195082234,15.000000000001679,0.2925009170139674,
137,13,ok,1.7885871579125134,0.21186903678066618,-0.04039405681358844,0.09203987308377384,15.000000000001679,0.3617695000139065,
138,13,ok,1.827226056907062,0.17279711117952637,0.009201419795082552,0.11341829846704084,15.000000000001679,0.3175632909988053,
139,13,ok,1.7756508461927973,0.22477942164240747,-0.0390874117962773,0.09028547628369639,15.000000000001679,0.3490557500044815,
140,13,ok,1.9147749905382783,0.08527600177341126,0.013974083370674727,0.0789924362571261,15.000000000001679,0.37475441599963233,
141,14,ok,1.6757110128626225,0.32516059824680943,-0.05404051224859536,0.09871188019956258,15.000000000001679,0.32621295799617656,
142,14,ok,1.9134887636937181,0.08665502560818411,-0.023457573440045194,0.13184100292489767,15.000000000001679,0.3026797499915119,
143,14,ok,1.8381583660871486,0.1620121380237359,-0.02503593505537054,0.08139054692754871,15.000000000001679,0.3074372080154717,
144,14,ok,1.847174963691921,0.15300924238267957,-0.026086160438951542,0.125614785129572,15.000000000001679,0.29857895799796097,
145,14,ok,1.8523219597608807,0.14775866627433082,0.017282483922856848,0.1180350340140552,15.000000000001679,0.28041425000992604,
146,14,ok,1.8768870444611687,0.12314212983108848,-0.010464838804228417,0.12923207326164404,15.000000000001679,0.22270920901792124,
147,14,ok,1.7973793168951597,0.20280698835235778,-0.025878324663495007,0.09576979415362141,15.000000000001679,0.2473640000098385,
148,14,ok,1.7527750393271557,0.24723582870099411,-0.006172381940659487,0.09583747652945919,15.000000000001679,0.2671234169974923,
149,14,ok,1.9123471077223118,0.0878234977758114,0.02554378115233879,0.1304370986303007,15.000000000001679,0.24966841700370423,
150,14,ok,1.8250014189404378,0.1756947731700287,-0.05040454836081614,0.08387682625437413,15.000000000001679,0.3108784170181025,
151,15,ok,1.7358299808278088,0.2641732713225014,-0.003360111522676966,0.08651676652379131,15.000000000001679,0.23628891701810062,
152,15,ok,1.8100573655097785,0.19009144065860453,-0.023209335599156174,0.0794353984567122,15.000000000001679,0.2704464170092251,
153,15,ok,1.8281442220146438,0.17544724605540782,-0.1145362150532788,0.10028608779317696,15.000000000001679,0.26374695799313486,
154,15,ok,1.8716705469120563,0.12834479357244197,0.007577890913125088,0.11624189500057244,15.000000000001679,0.24557533400366083,
155,15,ok,1.8685745513444452,0.13162724921706295,0.027461210168076646,0.12764593333489935,15.000000000001679,0.211917042004643,
156,15,ok,1.850028003536585,0.150572561324541,-0.04713558044507705,0.08428583988445129,15.000000000001679,0.27041575001203455,
157,15,ok,1.7676189721514834,0.2324819202404459,-0.018885667395304416,0.10964727227945754,15.000000000001679,0.2555042500025593,
158,15,ok,1.9469208885191402,0.053168520969098514,-0.01865846742127538,0.1331908772102099,15.000000000001679,0.2509466669871472,
159,15,ok,1.7851501978605726,0.2175317448149249,-0.0978169115189993,0.07783299246242764,15.000000000001679,0.2946958749962505,
160,15,ok,1.8492130038043157,0.15094424847625543,-0.024115579942034792,0.080034204790515,15.000000000001679,0.2859177920036018,
161,16,ok,1.8230304764453569,0.17698115615770163,-0.006512529806057403,0.10813480565494302,15.000000000001679,0.2492770829994697,
162,16,ok,1.6813263304082593,0.32040278694991,-0.07623274387343928,0.08280380640814024,15.000000000001679,0.2585422499978449,
163,16,ok,1.9089492949248668,0.09135424984903488,-0.0340413135000098,0.07918042389972303,15.000000000001679,0.2623667499865405,
164,16,ok,1.9082778225759236,0.09189278977541539,-0.025517100620194324,0.07737160674436974,15.000000000001679,0.2959313750034198,
165,16,ok,1.7588733381047217,0.24149026469419027,-0.03576213542754202,0.0885833848758497,15.000000000001679,0.27285587502410635,
166,16,ok,1.7833788141194653,0.21668653184309594,-0.015266595571547066,0.09864265741480666,15.000000000001679,0.2845948330068495,
167,16,ok,1.8957527761419695,0.1080558016931279,-0.120107196882414,0.10756639676612947,15.000000000001679,0.23025849999976344,
168,16,ok,1.6543737024584309,0.3461461364417727,-0.04146981287081721,0.08654363629467729,15.000000000001679,0.2435617079900112,
169,16,ok,1.656578329191746,0.3452163141841096,-0.07708899989812878,0.08351298261190211,15.000000000001679,0.24988308301544748,
170,16,ok,1.8455104224236392,0.15452845874735754,0.011979553450557876,0.1073869978033296,15.000000000001679,0.2623884159838781,
171,17,ok,1.905047190734385,0.09511025967732324,-0.02449236898256583,0.07747745335390055,15.000000000001679,0.24653775000479072,
172,17,ok,1.8630366468470212,0.13698628188576184,-0.009243030517877865,0.12337900394990597,15.000000000001679,0.23667137502343394,
173,17,ok,1.7429783016374294,0.25766579773148435,-0.04738024466201371,0.09912907870470192,15.000000000001679,0.2940673749835696,
174,17,ok,1.8274714830297363,0.1756599671864863,-0.10693673812535459,0.07721237328715189,15.000000000001679,0.23967062498559244,
175,17,ok,1.6293250952285745,0.37116826761727034,-0.04009306080456732,0.08096077108837252,15.000000000001679,0.24925737499142997,
176,17,ok,1.664320230490848,0.3360228426448744,-0.03379126250179103,0.08651669142479072,15.000000000001679,0.26344674997380935,
177,17,ok,1.804296211411721,0.19595602915312682,-0.030169019966446917,0.08020915726308762,15.000000000001679,0.26844583297497593,
178,17,ok,1.7865339909471534,0.21768561789486474,-0.12271570458076458,0.11067386849856138,15.000000000001679,0.2737481670046691,
179,17,ok,1.8652302119887907,0.1348100670625804,0.012257968210655916,0.12211746639714781,15.000000000001679,0.26062420799280517,
180,17,ok,1.8317883725744901,0.16832243019850326,-0.020147510644806573,0.0935100757595838,15.000000000001679,0.2556568750005681,
181,18,ok,1.6576948135562612,0.34245480770922443,-0.022271740054693547,0.10186855544557216,15.000000000001679,0.2491684590058867,
182,18,ok,1.6357409045525422,0.3643896122460953,-0.02066316282396493,0.09381151061541242,15.000000000001679,0.2583252500044182,
183,18,ok,1.702259135085504,0.297761089320226,-0.00829782801610708,0.09204713861227107,15.000000000001679,0.24448745799600147,
184,18,ok,1.9225053693819738,0.07771131091972264,-0.028863318183276684,0.12398057634595942,15.000000000001679,0.22573433301295154,
185,18,ok,1.6320222521574146,0.3716544839373495,-0.10948749634373602,0.10085113409401208,15.000000000001679,0.26679550000699237,
186,18,ok,1.7161157631351363,0.28389106504965744,-0.004841060265228705,0.08728693914549766,15.000000000001679,0.27065012499224395,
187,18,ok,2.000020201257246,1.468857195104863e-05,-0.011813530764525236,0.09489955694299927,15.000000000001679,0.2467972910089884,
188,18,ok,1.6847719678528867,0.3155657313734932,-0.03373097003605652,0.08314438618789825,15.000000000001679,0.22333979100221768,
189,18,ok,1.7917168920508955,0.21307415722517417,-0.1309406494714258,0.09210833657970072,15.000000000001679,0.27152512499014847,
190,18,ok,2.0197874930093946,-0.019604930368988725,-0.02715588603689153,0.07510590788157705,15.000000000001679,0.27018399999360554,
191,19,ok,1.6878719118877032,0.31747312100868286,-0.13421956791462208,0.08738385974074382,15.000000000001679,0.2261637079936918,
192,19,ok,1.8391870452225008,0.1610874241677452,-0.03177303511240381,0.10110827462500326,15.000000000001679,0.24627162498654798,
193,19,ok,1.7069463073484612,0.293149894921433,-0.018122222927455727,0.09622509982661924,15.000000000001679,0.23889091701130383,
194,19,ok,1.9619108839650208,0.03955841570367959,-0.07591515778909508,0.09149082752304062,15.000000000001679,0.2522318339906633,
195,19,ok,1.8144412567643193,0.1895805022226706,0.12074069867350104,0.1772245715269126,15.000000000001679,0.23904216598020867,
196,19,ok,1.8416160959857182,0.1586187501350001,-0.029409822156705078,0.07718544314932832,15.000000000001679,0.27702462498564273,
197,19,ok,1.6867171342410978,0.3136901692162726,-0.037065422493987775,0.1008705528067268,15.000000000001679,0.2566772080026567,
198,19,ok,1.7138109146360274,0.2869728008604995,-0.051823412989255926,0.10080728586891093,15.000000000001679,0.27144862501882017,
199,19,ok,1.8258858895525534,0.17418620577091215,-0.01622561154165147,0.10393186162924589,15.000000000001679,0.24907650001114234,
200,19,ok,1.8799697446814714,0.12234132383269973,-0.09318871568692384,0.08177383652193444,15.000000000001679,0.23531608300982043,
201,20,ok,1.7201875763479837,0.28146217305873017,-0.07531955386171532,0.07817117128123631,15.000000000001679,0.2239383750129491,
202,20,ok,1.7792510702640796,0.22209458438905197,-0.06918601142669586,0.08743175276965691,15.000000000001679,0.26340875000460073,
203,20,ok,1.6763855687514326,0.32361970353602426,-0.004204372178738431,0.08646592495136325,15.000000000001679,0.26150320898159407,
204,20,ok,1.8312998271073162,0.17026631837242934,-0.07572127231433572,0.1106074313829668,15.000000000001679,0.30880220799008384,
205,20,ok,1.7349321839589908,0.2655079244987401,-0.039075861603373105,0.07854747818491634,15.000000000001679,0.276401832990814,
206,20,ok,1.6146974021004015,0.3868574105906057,-0.07084268899004117,0.08428620326615746,15.000000000001679,0.2528319590201136,
207,20,ok,1.7689064649778201,0.23211461466697075,-0.06009447700259099,0.08384935017024987,15.000000000001679,0.2677950830257032,
208,20,ok,1.8840616257564973,0.1174394951077209,-0.0751941159130357,0.08001702937521615,15.000000000001679,0.28749833299661987,
209,20,ok,1.8970546893029838,0.10315340565796315,-0.028097895641071877,0.14535103086817003,15.000000000001679,0.2494203750102315,
210,20,ok,1.8842664080398785,0.1161160090941552,0.03796057528769414,0.17041060378346046,15.000000000001679,0.26555899999220856,
211,21,ok,1.6841857836001641,0.315940148752059,-0.02059541443286899,0.0802054124559621,15.000000000001679,0.24626370798796415,
212,21,ok,1.8135440049787903,0.18706999839080274,-0.04718757526919602,0.0856902631188299,15.000000000001679,0.29115970799466595,
213,21,ok,1.8148413989910273,0.19044595363938424,-0.13843213785690053,0.09432125013577362,15.000000000001679,0.24854125001002103,
214,21,ok,1.745683708922685,0.25586266637656624,-0.07346137120283561,0.09706674873469477,15.000000000001679,0.29770891700172797,
215,21,ok,2.091559069432708,-0.09145165931801949,-0.021196642708694723,0.08475710640281055,15.000000000001679,0.24350233300356194,
216,21,ok,1.6481988195326989,0.35372200964386813,-0.0795495265728086,0.08900058305921582,15.000000000001679,0.2692252919950988,
217,21,ok,1.7671827405331402,0.23317499248245666,-0.035556029711610745,0.08104823128917246,15.000000000001679,0.261034875002224,
218,21,ok,1.946492602147855,0.053670686529285916,0.02521217445891419,0.15089752675045326,15.000000000001679,0.2489050840085838,
219,21,ok,1.9244050025876425,0.07761243741845915,0.0880946832456246,0.1835357396727757,15.000000000001679,0.24302583298413083,
220,21,ok,1.7342942141421125,0.26577691273675724,-0.015706839591542246,0.08930765957339351,15.000000000001679,0.26986562498495914,
221,22,ok,1.9411048142690954,0.058925286912906466,-0.010810096785703369,0.1245682963998522,15.000000000001679,0.2713490829919465,
222,22,ok,1.7748097640713356,0.22613584812673104,-0.057928139465013795,0.08232819661429758,15.000000000001679,0.23823554100818,
223,22,ok,1.733625697251566,0.2663869018640864,-0.006609398049543529,0.10192868840693091,15.000000000001679,0.2837695420021191,
224,22,ok,1.7510329074442221,0.24936043471710906,-0.037112739304662884,0.0862843215742639,15.000000000001679,0.30592145799892023,
225,22,ok,1.9063057655631426,0.09530477575880078,-0.07834395044958362,0.07504534638510452,15.000000000001679,0.29168508399743587,
226,22,ok,1.8831166155680605,0.11997774959985696,-0.10790980413701197,0.07712375461510435,15.000000000001679,0.25728233298286796,
227,22,ok,1.7500691552417558,0.24995724503578207,-0.009612696075625584,0.07502821299427953,15.000000000001679,0.2458636669907719,
228,22,ok,1.8481747011958554,0.15234742019749456,-0.04392801485994314,0.07872220992994874,15.000000000001679,0.2572824170056265,
229,22,ok,1.9073807161990084,0.09290611255256694,-0.033077197409685476,0.0770653630012087,15.000000000001679,0.39611962498747744,
230,22,ok,1.697128995679924,0.30435007360923666,-0.07083893779939425,0.10046924779280927,15.000000000001679,0.2172680420044344,
231,23,ok,1.6263759361337344,0.3764671079622573,-0.09612301548767774,0.08261886966863474,15.000000000001679,0.28146137500880286,
232,23,ok,1.6541644924012153,0.3459876683326436,-0.022436011528012324,0.10102419419823218,15.000000000001679,0.24282674997812137,
233,23,ok,1.8854048948947593,0.11731467959929312,-0.10123044028752608,0.08341415007216829,15.000000000001679,0.23830495899892412,
234,23,ok,1.9281290909724162,0.07192801935851735,-0.014840111837388616,0.12233927875734675,15.000000000001679,0.27319504201295786,
235,23,ok,1.6756242508655665,0.32838464951408197,-0.1158393288509234,0.08346280871442073,15.000000000001679,0.22705891699297354,
236,23,ok,1.7254274071730777,0.27547521432570815,-0.05580323484393518,0.07974591250207091,15.000000000001679,0.24557245799223892,
237,23,ok,1.7257774254065616,0.27422457700210656,-0.002628957843336073,0.09381393390398747,15.000000000001679,0.2601050000230316,
238,23,ok,1.7587017367118447,0.24500954179458947,-0.11419409057049201,0.08404237974111471,15.000000000001679,0.28413712498149835,
239,23,ok,1.9325110376180654,0.06766640486471384,-0.02618754717784041,0.1308045065874163,15.000000000001679,0.2489425000094343,
240,23,ok,1.8142335145183313,0.186763732062203,-0.06014550553903573,0.07517283579743522,15.000000000001679,0.24061929201707244,
241,24,ok,1.9553790233043844,0.04556046726047435,-0.06060724085217359,0.07756111995534441,15.000000000001679,0.23462229201686569,
242,24,ok,1.7958037797873518,0.2072355131410043,-0.10443519596257457,0.08074009465109516,15.000000000001679,0.26778845899389125,
243,24,ok,1.8882273122516595,0.11409581810735123,-0.09363652841143336,0.08065180290973736,15.000000000001679,0.26377033299650066,
244,24,ok,1.898443607284565,0.10212783809375474,-0.04657667979737025,0.12499742678111228,15.000000000001679,0.2526882909878623,
245,24,ok,2.029456425747249,-0.02923443423495415,0.030016577452226596,0.07957227065170018,15.000000000001679,0.2410666250216309,
246,24,ok,1.8661380679828599,0.13574895122419392,-0.08390063118420123,0.07531547227339523,15.000000000001679,0.2875252920202911,
247,24,ok,1.949068135006274,0.05227760572992656,-0.07241594959459943,0.07761506515033056,15.000000000001679,0.2439918750023935,
248,24,ok,1.767102282143119,0.2360143022317077,-0.10490440231148439,0.09662816857452408,15.000000000001679,0.26318850001553074,
249,24,ok,1.8503870648632859,0.15619517417089746,-0.1559360576091336,0.12370147061857685,15.000000000001679,0.2415170420135837,
250,24,ok,1.9875409710385166,0.012827390577523221,-0.03826397676397257,0.09693170636763297,15.000000000001679,0.24657324998406693,
251,25,ok,1.828271264615864,0.17247787690868024,-0.05233265359110398,0.10849506071403908,15.000000000001679,0.24015512500773184,
252,25,ok,1.7458887489701251,0.2541502696899897,-0.011672315834198897,0.0851571143650212,15.000000000001679,0.26066512500983663,
253,25,ok,1.9555731483132837,0.04455667430835251,-0.022533051544736095,0.07843162323439078,15.000000000001679,0.2462258750165347,
254,25,ok,1.995026412215796,0.006132465019471662,-0.06798998741948867,0.07762448903982275,15.000000000001679,0.25734491701587103,
255,25,ok,1.8033721547010009,0.20472120917043238,-0.17066104285529382,0.08675980281429714,15.000000000001679,0.2570916670083534,
256,25,ok,1.9493432015891792,0.05071367117902274,-0.01489046183262215,0.0861649216040567,15.000000000001679,0.2615193329984322,
257,25,ok,1.9472026774232678,0.053242250405906945,-0.04162368748304089,0.1293618771843409,15.000000000001679,0.28319525002734736,
258,25,ok,1.789749719306866,0.21028630622007644,0.011355705862153178,0.1023472316540869,15.000000000001679,0.26142466699820943,
259,25,ok,1.8193123425703899,0.1817101904628586,-0.06098826413619025,0.07806286650417889,15.000000000001679,0.2672400830197148,
260,25,ok,1.8753986596533707,0.12464558657801582,0.01288241779887965,0.10831850669416679,15.000000000001679,0.24024620800628327,
261,26,ok,1.8866698606266004,0.11353376249572454,0.02771818452311978,0.18274360747756266,15.000000000001679,0.23918920799042098,
262,26,ok,1.8934881703346604,0.1080429201355822,-0.07613054018069546,0.1270168848560099,15.000000000001679,0.23521945800166577,
263,26,ok,1.731648184627449,0.26854874483160396,-0.026114867400124534,0.09220093695526287,15.000000000001679,0.2553304170141928,
264,26,ok,1.8720974201109344,0.12872279782250778,-0.055411036777829506,0.11334340793387328,15.000000000001679,0.2516162079991773,
265,26,ok,1.8043255084443364,0.19612743535712043,-0.040426611923750196,0.07748027847211048,15.000000000001679,0.2708555000135675,
266,26,ok,1.7800547663757582,0.22435587979132715,-0.12523150428475885,0.09778356034701013,15.000000000001679,0.2613588329986669,
267,26,ok,1.8101373948274588,0.19009543199391074,-0.02903175612034307,0.09715075836877307,15.000000000001679,0.24429587501799688,
268,26,ok,1.6019548934679662,0.3990899901774304,-0.057849988382565984,0.08433591225450866,15.000000000001679,0.24745804199483246,
269,26,ok,1.6146988384398928,0.38639899070705497,-0.05953252613427334,0.08048201052864627,15.000000000001679,0.25430037500336766,
270,26,ok,1.6355899251030752,0.3644144034304116,-0.003762896861039161,0.07526545804040526,15.000000000001679,0.2525669999886304,
271,27,ok,1.6846941482313313,0.3162356385822784,-0.055963812454684424,0.10115846900861038,15.000000000001679,0.25216283299960196,
272,27,ok,1.664809989895867,0.3377529714021951,-0.09234239749348863,0.08220673819525649,15.000000000001679,0.22217120800632983,
273,27,ok,1.8448117005927764,0.15697976057591115,-0.08128104156066056,0.07976684689934388,15.000000000001679,0.250839584012283,
274,27,ok,1.7878921031970167,0.2125918153537121,-0.0415951215133884,0.0848927394609926,15.000000000001679,0.26487929199356586,
275,27,ok,1.6403529506473489,0.36108237079135397,-0.06860617586321585,0.08603807972378502,15.000000000001679,0.22631345901754685,
276,27,ok,1.5878983156530442,0.41262798727300654,-0.04087975128139089,0.08167784356903271,15.000000000001679,0.26187762498739175,
277,27,ok,1.924508960462964,0.0756619702085669,-0.025649288502093255,0.13062148521044614,15.000000000001679,0.2819204169791192,
278,27,ok,1.9141096398610313,0.08627539116519622,-0.038390558071022964,0.12241789668820642,15.000000000001679,0.214636166987475,
279,27,ok,1.6953761223697563,0.31102269658021475,-0.14715931786448805,0.08819297279665234,15.000000000001679,0.24213320898707025,
280,27,ok,2.1372882065965477,-0.1343223430223726,-0.11255671518028518,0.09794032056323027,15.000000000001679,0.2855149589886423,
281,28,ok,1.8884725742032105,0.111579810614386,-0.014065981604638846,0.13963465590090043,15.000000000001679,0.2470159170043189,
282,28,ok,1.9548760683255832,0.04622663972896896,-0.06565134581510605,0.08041752077879724,15.000000000001679,0.24720954199437983,
283,28,ok,1.58521504827795,0.4175231204592497,-0.09313256683799342,0.08524391218513343,15.000000000001679,0.29547520901542157,
284,28,ok,1.6835803740013273,0.31676201039580465,-0.03395211445073795,0.0982553584148532,15.000000000001679,0.25443266599904746,
285,28,ok,2.083311922137702,-0.08308695213328,0.030615596893854447,0.08596936076064787,15.000000000001679,0.25393308300408535,
286,28,ok,1.9396047320793244,0.06217492208378879,-0.0830691525389416,0.07913600365905468,15.000000000001679,0.2663135410111863,
287,28,ok,1.9287762028971156,0.07123592173160975,-0.006838950482518261,0.0800063756834675,15.000000000001679,0.26689416699809954,
288,28,ok,1.7187270103863634,0.2823384246983827,-0.060508255337705305,0.08742357923095637,15.000000000001679,0.23467545802122913,
289,28,ok,2.073295986322105,-0.07271308697537594,0.04916000386858367,0.07860674027249763,15.000000000001679,0.24852908300817944,
290,28,ok,1.7913243752795085,0.21491416696473112,-0.1493706335505817,0.08640436783835838,15.000000000001679,0.24969466699985787,
291,29,ok,1.7365463078296823,0.2673834912901971,-0.11676092232915711,0.08760807722541428,15.000000000001679,0.24586679201456718,
292,29,ok,1.9746073966760238,0.025650052904487665,-0.03188506565167844,0.07685413252101,15.000000000001679,0.28469754199613817,
293,29,ok,1.865453323236101,0.1361603425066152,-0.07757468870420961,0.11454324440068257,15.000000000001679,0.22845191700616851,
294,29,ok,1.7963452724498508,0.20469464573593427,-0.06111483292709257,0.08179755850086215,15.000000000001679,0.2657718339760322,
295,29,ok,1.8774034567169717,0.12284809902575135,-0.030732392708670734,0.13212481550023272,15.000000000001679,0.24170320900157094,
296,29,ok,1.9045492329673768,0.09584132760639509,-0.03856852531336454,0.12473054515424578,15.000000000001679,0.2526748339878395,
297,29,ok,1.6289204717968855,0.3712058744634478,0.02028792883974093,0.08262434870883181,15.000000000001679,0.2421604999981355,
298,29,ok,1.9332761124662434,0.06691352431922168,-0.027077750509573784,0.12609127124593653,15.000000000001679,0.26113500000792556,
299,29,ok,1.8059856271384176,0.1943840297050339,-0.03653838045550423,0.0808131037459501,15.000000000001679,0.2839516249950975,
300,29,ok,1.7087717486496585,0.29201354032526616,-0.05179905936386452,0.07715529883415624,15.000000000001679,0.2488600420183502,
301,30,ok,1.710730989909323,0.29428885251969805,-0.1309580131094101,0.08426929452371791,15.000000000001679,0.2739752089837566,
302,30,ok,1.8642909490509152,0.13580442147875005,-0.018857034098276614,0.07551894032151292,15.000000000001679,0.25159787500160746,
303,30,ok,1.6770318327533482,0.3265652642019849,0.10978138773344807,0.07843547832302486,15.000000000001679,0.3210966660117265,
304,30,ok,1.8902978013176754,0.11209337449551632,-0.0950492032723649,0.08454988672248,15.000000000001679,0.31270504198619165,
305,30,ok,1.613548110349941,0.38823315540944164,-0.07579672217490552,0.099607347331023,15.000000000001679,0.22167587498552166,
306,30,ok,1.6692180581037812,0.3373538734416813,-0.14797561738467915,0.09450136599282585,15.000000000001679,0.27354708401253447,
307,30,ok,1.63345366537113,0.36680677839388426,-0.029168095827737793,0.08049043037005822,15.000000000001679,0.23553058298421092,
308,30,ok,1.7955790502231659,0.20712198637143492,-0.09845076864919536,0.07857446208927107,15.000000000001679,0.28517395799281076,
309,30,ok,1.9377701506046803,0.0643609997269948,-0.09085602454766414,0.0887232588101042,15.000000000001679,0.25977175001753494,
310,30,ok,1.7342524889771056,0.26809758699797376,-0.09025368336552489,0.08585743100263807,15.000000000001679,0.27536550001241267,
311,31,ok,1.9535122344373712,0.05538969645225995,-0.18628155419272413,0.1133146684314554,15.000000000001679,0.26178783300565556,
312,31,ok,1.7637025130142483,0.2405060540830123,-0.12176866877092239,0.08116584729514774,15.000000000001679,0.2529318750021048,
313,31,ok,1.916280693643066,0.0839298210203317,-0.028403627479112233,0.12637219155998883,15.000000000001679,0.23589808400720358,
314,31,ok,1.7783143891173763,0.22904962052425745,-0.16166885901938507,0.11335036122613479,15.000000000001679,0.23025079199578613,
315,31,ok,1.7094838929848741,0.29192991817074715,-0.0695109770793816,0.08291953735346741,15.000000000001679,0.22583691700128838,
316,31,ok,1.7847480094704118,0.21548448176998802,-0.028806639944089586,0.09833442328312271,15.000000000001679,0.29349762498168275,
317,31,ok,1.7620302302398136,0.2397992230661049,-0.08027301638958163,0.07712213521502231,15.000000000001679,0.2706393330008723,
318,31,ok,2.0374609158769217,-0.03668844094356375,-0.056099717048305554,0.09100126343724464,15.000000000001679,0.24866358400322497,
319,31,ok,1.6703254805608463,0.329840139478203,-0.02352129487580247,0.08749001695370284,15.000000000001679,0.24481579201528803,
320,31,ok,1.8988333329676337,0.1020548207663886,-0.05806998375122122,0.12415720809511475,15.000000000001679,0.25831879198085517,
321,32,ok,1.8122362044621851,0.18816708682796215,-0.03823029570947176,0.1224123256584902,15.000000000001679,0.2600613329850603,
322,32,ok,1.610056544534646,0.3920198604120116,-0.08174317885571392,0.0823983325006413,15.000000000001679,0.21966133400565013,
323,32,ok,1.8079978349446346,0.19403950790999666,-0.0858071802037524,0.07754835506173861,15.000000000001679,0.25505208398681134,
324,32,ok,1.84096300074076,0.16080968808130283,-0.08076983744460992,0.08130025785691336,15.000000000001679,0.2577308749896474,
325,32,ok,2.0720053662737876,-0.06826087994062018,-0.12451172785976426,0.0861127498372662,15.000000000001679,0.24978145799832419,
326,32,ok,1.6501108273657843,0.3528196688376235,-0.0982990296065868,0.08403618773321904,15.000000000001679,0.23449199998867698,
327,32,ok,1.8775871592201177,0.12291254328951819,0.04331535903633026,0.18944332829033295,15.000000000001679,0.25773779198061675,
328,32,ok,1.8593185229376468,0.1443194425636546,-0.1162541977382587,0.10719276965211001,15.000000000001679,0.23566008298075758,
329,32,ok,1.6567645358176795,0.34485999662787037,-0.07335050361434504,0.08544145975952458,15.000000000001679,0.261253915989073,
330,32,ok,1.8091580266181029,0.19329618680849864,-0.0942024239390708,0.0792839404860548,15.000000000001679,0.2708302919927519,
331,33,ok,1.6200394640471134,0.3812809966644703,-0.0653961261122397,0.10665652693560802,15.000000000001679,0.24065774999326095,
332,33,ok,1.749138625327294,0.25270221036963025,-0.0802269590890751,0.08423199119883816,15.000000000001679,0.28374199999962,
333,33,ok,1.7839683149896362,0.21669670329333046,-0.048706271075557805,0.11803869184082053,15.000000000001679,0.34343504198477603,
334,33,ok,1.6679140560388652,0.3353565603396624,-0.10440075252515699,0.07934795721593227,15.000000000001679,0.25517433299683034,
335,33,ok,1.8578169840591503,0.1444087766198855,-0.09091291422744961,0.11656611554229111,15.000000000001679,0.28188008299912326,
336,33,ok,1.818454939520952,0.1882856424448703,-0.15642715140522243,0.08391830821978288,15.000000000001679,0.25974883302114904,
337,33,ok,1.8501622847304884,0.15330450803597648,-0.11320883268938946,0.09302255779694683,15.000000000001679,0.275922000000719,
338,33,ok,1.8055174272157453,0.19491577860014883,-0.03954912935902658,0.1270041240598561,15.000000000001679,0.27848820900544524,
339,33,ok,1.7079401664175802,0.2941400301843179,-0.08426965908884967,0.07884058983306369,15.000000000001679,0.23743558299611323,
340,33,ok,1.8611552918948804,0.13958300074097643,-0.05241764413218007,0.0975870062952346,15.000000000001679,0.24111241701757535,
341,34,ok,1.7408990209904658,0.26183279478537574,-0.09748932250223416,0.07585510844397628,15.000000000001679,0.26003483397653326,
342,34,ok,1.507079817964086,0.4965085194989313,-0.10393722035617342,0.09332733131649089,15.000000000001679,0.22734625000157394,
343,34,ok,1.6630555375717582,0.3403505779235445,-0.10638381855045746,0.08481192033551892,15.000000000001679,0.27364299999317154,
344,34,ok,1.6857172797387598,0.3163628794401493,-0.08371853727090116,0.07560386717056515,15.000000000001679,0.23854616700555198,
345,34,ok,1.6408166946887042,0.38114470788252636,-0.2675574120677904,0.08971075713025738,15.000000000001679,0.2271951670118142,
346,34,ok,1.8836488891678766,0.11681399760959768,-0.04175665293376951,0.12212292041995179,15.000000000001679,0.2625967079948168,
347,34,ok,1.7501362071637863,0.2588288235110341,-0.1769171495069754,0.08675028594503714,15.000000000001679,0.23892554198391736,
348,34,ok,1.7212062281784104,0.27902690376594125,-0.028328112515781368,0.08048383089086932,15.000000000001679,0.25634604098740965,
349,34,ok,1.721163256050862,0.2826697877096018,-0.11480372787597669,0.09535258510259842,15.000000000001679,0.2759392919833772,
350,34,ok,1.762714600334579,0.2426617316547197,-0.13756806621417228,0.07665309176087208,15.000000000001679,0.2613752079778351,
351,35,ok,1.628219237167323,0.3717872442776529,0.00459416856237117,0.08246830037830463,15.000000000001679,0.24455229201703332,
352,35,ok,2.01677337495612,-0.00937850927130213,-0.17254811621845395,0.0850685918190635,15.000000000001679,0.25215229199966416,
353,35,ok,2.0226268259275373,-0.012102373554117864,-0.2060662886053657,0.0850300760725145,15.000000000001679,0.24224979200516827,
354,35,ok,1.984259070951765,0.01925378540817768,-0.11801904098291503,0.08040558115226205,15.000000000001679,0.24454949999926612,
355,35,ok,1.618216581764968,0.38262298289727076,-0.05211995824034689,0.09063505263745013,15.000000000001679,0.24508554200292565,
356,35,ok,1.6988172061672742,0.30134385217965187,-0.023392123505961312,0.0997576590949207,15.000000000001679,0.24605258298106492,
357,35,ok,1.657773364505058,0.3450456110218736,-0.0966359067037535,0.0837193806031559,15.000000000001679,0.29678491601953283,
358,35,ok,1.626041878215826,0.3743984888970566,-0.03784067667838227,0.08990541305697942,15.000000000001679,0.27886020799633116,
359,35,ok,2.0722363589781314,-0.07153117754708053,0.05405652524302706,0.0872569177596705,15.000000000001679,0.28465220899670385,
360,35,ok,1.7661623496063694,0.23612522920184076,-0.08986232864127472,0.0766814119005335,15.000000000001679,0.3050625830073841,
361,36,ok,1.8433052304654618,0.15815296195905362,-0.07330525984622124,0.11144406275077913,15.000000000001679,0.29363041699980386,
362,36,ok,1.83526969903275,0.16579447799129662,-0.062489768926925364,0.11964336671377501,15.000000000001679,0.29561787500279024,
363,36,ok,1.5918640102303485,0.41222397338907396,-0.11401015913622646,0.09761276126000247,15.000000000001679,0.2812921250006184,
364,36,ok,1.9998374743189973,0.000549306523487804,-0.03932998915434887,0.07917634171939882,15.000000000001679,0.24057475000154227,
365,36,ok,2.2126477303530088,-0.21244963512010434,-0.029607274329761873,0.08809694751513115,15.000000000001679,0.254775499983225,
366,36,ok,1.5016790859375526,0.4986408711532298,0.030997473618197702,0.11290223774752486,15.000000000001679,0.2196978330030106,
367,36,ok,1.9637188783337922,0.03649203971006115,0.028780601150263072,0.07888839508046168,15.000000000001679,0.3508542909985408,
368,36,ok,1.6651414110983012,0.33811088882063356,-0.10402163764283265,0.09323773966890501,15.000000000001679,0.2572449999861419,
369,36,ok,1.9070678523235494,0.09294334397032483,-0.0065348342648039745,0.12995602161556033,15.000000000001679,0.2848054580099415,
370,36,ok,1.815373003449322,0.1871030809517556,-0.09478345086561947,0.12313743261240835,15.000000000001679,0.24140220799017698,
371,37,ok,2.1542432872347503,-0.15382176082885374,-0.04261411944506027,0.11036436558139602,15.000000000001679,0.26174483401700854,
372,37,ok,1.5898647609779815,0.41228141023642084,-0.08258109904043243,0.09496577470955733,15.000000000001679,0.24453524997807108,
373,37,ok,1.9104063978154056,0.0899523378679515,-0.03702071309320531,0.12530991018821902,15.000000000001679,0.251948082994204,
374,37,ok,1.632293660275651,0.3693208883329305,-0.07258256091362199,0.0942627498577245,15.000000000001679,0.2581643330049701,
375,37,ok,1.6555327828725774,0.34556743613785607,-0.060346390102086374,0.09380320835910837,15.000000000001679,0.2451724159764126,
376,37,ok,1.8955631979983965,0.10456851833737667,0.02234582574307839,0.09047489403033819,15.000000000001679,0.24219429100048728,
377,37,ok,1.8780543731997779,0.12291174655803769,-0.06023219641531822,0.12790118906429893,15.000000000001679,0.2661875830090139,
378,37,ok,1.82128380454503,0.18212414181894937,-0.11136454076827092,0.09613373175911832,15.000000000001679,0.22833812498720363,
379,37,ok,1.6524114306653062,0.3560592553764225,-0.1670998634345388,0.08318583076482586,15.000000000001679,0.2648041250067763,
380,37,ok,1.7490278597228013,0.2509771719151875,-0.004195345602794821,0.09788320884986432,15.000000000001679,0.2278195830003824,
381,38,ok,2.022060819995552,-0.013433278798806318,-0.18659150995308435,0.0845592069641565,15.000000000001679,0.26259208397823386,
382,38,ok,1.9197241029684458,0.08102669092111844,0.05368491930561713,0.16177226445682327,15.000000000001679,0.2542795419867616,
383,38,ok,2.230543662072103,-0.22712899435868547,0.12337532531627514,0.18583190819259315,15.000000000001679,0.24255358398659155,
384,38,ok,1.8175491079041532,0.18335687455249525,-0.05738043575561682,0.11858881266040863,15.000000000001679,0.2368158329918515,
385,38,ok,1.9497837844856154,0.05426962164930491,0.12565866864768713,0.13469607596369337,15.000000000001679,0.21393845797865652,
386,38,ok,1.6028745074364112,0.3995420671644527,-0.08798347466021562,0.10094744444240358,15.000000000001679,0.259256290999474,
387,38,ok,1.673860589801246,0.33009822539294376,-0.1150536277306343,0.09937309997231018,15.000000000001679,0.24764033299288712,
388,38,ok,1.7505295525182882,0.25093903830210296,-0.07169007256452228,0.08156654453992349,15.000000000001679,0.2750839999935124,
389,38,ok,1.7076347295194032,0.2930563001879856,-0.04857545813347202,0.09797374201921348,15.000000000001679,0.25363583301077597,
390,38,ok,1.6696515049167115,0.3371623950905867,-0.15068924171872872,0.08708505293397123,15.000000000001679,0.28084200000739656,
391,39,ok,1.7081494148388956,0.30920531913675486,-0.24287398086048342,0.08883047487132538,15.000000000001679,0.22990166701492853,
392,39,ok,1.8642228795016045,0.13822431002892369,-0.09548939569385224,0.10920967377586771,15.000000000001679,0.26128612499451265,
393,39,ok,1.6709153916680015,0.34055614114540117,0.19545926793782284,0.08154783910149002,15.000000000001679,0.24424495798302814,
394,39,ok,1.7972519674788454,0.2041885953858862,-0.07194465695563763,0.09836181985254104,15.000000000001679,0.22432504201424308,
395,39,ok,1.6004714689928183,0.3996335602164865,-0.01833525223909296,0.08847651422529049,15.000000000001679,0.33087979099946097,
396,39,ok,1.7993375152163231,0.20214006494642972,-0.07290505876840166,0.12888244643945673,15.000000000001679,0.2254115410032682,
397,39,ok,1.5850947681676273,0.41604550533478063,-0.06011308428482001,0.08383086582399515,15.000000000001679,0.2633746250066906,
398,39,ok,2.1081789425936743,-0.10551735749081187,0.10590142256028251,0.18793074213920316,15.000000000001679,0.27674854098586366,
399,39,ok,2.010091955387544,0.012959133533921509,-0.3035428538237323,0.08535199898826316,15.000000000001679,0.23338704198249616,
400,39,ok,1.9807192178358572,0.031237764351401676,-0.21731055977154629,0.08871517735710839,15.000000000001679,0.24091916700126603,
401,40,ok,1.8315183652552898,0.17688401096705106,-0.17523587760450626,0.10238176264429247,15.000000000001679,0.26253279199590907,
402,40,ok,1.7013924161996974,0.302205569025325,-0.11059034339951967,0.07891336087732614,15.000000000001679,0.28314945800229907,
403,40,ok,1.74553401143442,0.25891289428591663,-0.12451777138422523,0.08869646616442373,15.000000000001679,0.262409207993187,
404,40,ok,1.5303152614550133,0.47011259412127093,0.03618459307189739,0.10840809901476288,15.000000000001679,0.25183991601807065,
405,40,ok,1.7472196319438738,0.2531949802439065,-0.03806133477690516,0.09969471012954371,15.000000000001679,0.24116508298902772,
406,40,ok,1.6272328593990601,0.37577403864760595,-0.09887772841713452,0.08567486903632016,15.000000000001679,0.2368434160016477,
407,40,ok,1.6956528941927178,0.30441765788332975,0.01546798908350317,0.08527521103398417,15.000000000001679,0.24366308300523087,
408,40,ok,2.0692564886734703,-0.06822429582571547,-0.06535042519742806,0.08629618359595696,15.000000000001679,0.24644895902019925,
409,40,ok,1.750806994273573,0.25229020382871886,-0.10409418602497388,0.08798615895820958,15.000000000001679,0.23854004198801704,
410,40,ok,1.587590226290365,0.4158978956642092,-0.1051819834934286,0.09298907246542229,15.000000000001679,0.2163430830114521,
411,41,ok,1.907052707492774,0.10040638632210881,-0.1685055845652897,0.07918631726078794,15.000000000001679,0.28101254199282266,
412,41,ok,2.0517022303874235,-0.051432725635992986,-0.03325378724912642,0.09594607089106556,15.000000000001679,0.23585537500912324,
413,41,ok,1.9150381693015073,0.08542963952371199,-0.0423264062656502,0.10401399562460723,15.000000000001679,0.2562800830055494,
414,41,ok,1.636754497072666,0.36864485943353303,-0.13283707703407985,0.09244076348968006,15.000000000001679,0.2476655830105301,
415,41,ok,1.9277351078948484,0.07227333320304666,-0.005704763822541975,0.0757579179648894,15.000000000001679,0.3317503749858588,
416,41,ok,1.7160329243198669,0.2885443380455797,-0.12525380039723663,0.10675484466177074,15.000000000001679,0.2646890420001,
417,41,ok,1.6796396409331162,0.32344046128769544,-0.10167318499344752,0.08548545707701866,15.000000000001679,0.28594779199920595,
418,41,ok,1.8275654538550656,0.1763599107730361,0.11971763900421174,0.16725271012891924,15.000000000001679,0.30056637499365024,
419,41,ok,1.57242145496683,0.42886720352227126,-0.06364721417371433,0.08337990187008097,15.000000000001679,0.2632355829991866,
420,41,ok,1.6516555342710095,0.3503335842515144,-0.08103530489606434,0.08052416084771145,15.000000000001679,0.3074433340225369,
421,42,ok,1.5761788635722656,0.42449650356739266,-0.04613613226732368,0.1254888200150605,15.000000000001679,0.2586855420086067,
422,42,ok,1.607887114734659,0.3945120247528244,-0.08780281923987801,0.0854640392285812,15.000000000001679,0.27240524999797344,
423,42,ok,1.8293491957208625,0.1728412576252599,-0.08949530740840406,0.12467238654296055,15.000000000001679,0.26018508299603127,
424,42,ok,1.8635775981102107,0.14624742856927686,-0.191109570906858,0.07916367812572536,15.000000000001679,0.28579441699548624,
425,42,ok,1.6288767824888022,0.3750395015963841,-0.11288468079834679,0.08753098258784205,15.000000000001679,0.23022225001477636,
426,42,ok,1.9917058362666942,0.01123161787725529,0.10813168123955227,0.18678266127355725,15.000000000001679,0.25184916699072346,
427,42,ok,1.631797106290122,0.3799588699963529,-0.19552118348997788,0.08784107116003403,15.000000000001679,0.2602966669946909,
428,42,ok,1.9124302530071982,0.08816869523977831,-0.047859531506318144,0.12996516202513275,15.000000000001679,0.24537920800503343,
429,42,ok,1.679738374345022,0.32861436677279976,0.16730532355238353,0.08532483504572425,15.000000000001679,0.25080220800009556,
430,42,ok,1.9262290095276982,0.07469220640787977,-0.05956590534441082,0.12834893360280117,15.000000000001679,0.23029791697626933,
431,43,ok,1.786134693584454,0.21881505406025586,-0.13288089397525235,0.1217026930711896,15.000000000001679,0.22771887498674914,
432,43,ok,1.9013090512983741,0.09916331432870676,-0.04237927506808971,0.10513280387615567,15.000000000001679,0.28169366699876264,
433,43,ok,1.610836667784226,0.3899774017159159,-0.05120550061034472,0.08134667783431486,15.000000000001679,0.29169850001926534,
434,43,ok,1.6863700382190405,0.31881477412756976,-0.13213683101676738,0.08682406495172425,15.000000000001679,0.2645241249992978,
435,43,ok,1.5728717183002967,0.4304721020998599,-0.10250668242653914,0.09715802640898819,15.000000000001679,0.30938654099009,
436,43,ok,1.7658013360188936,0.24246573204722469,-0.17066826083900924,0.10832509243417575,15.000000000001679,0.24713874998269603,
437,43,ok,2.0892038661080976,-0.08172165695205633,0.17665711742754175,0.18532928126686946,15.000000000001679,0.22389258301700465,
438,43,ok,1.7377565532970283,0.26665326664750727,-0.12372122090817768,0.07969936812134198,15.000000000001679,0.25762720897910185,
439,43,ok,1.849586135182014,0.15088349037713727,-0.04167739552443693,0.0801016637935267,15.000000000001679,0.26720299999578856,
440,43,ok,1.9276810054117748,0.07283259029089294,-0.044495320882555096,0.13749413640836372,15.000000000001679,0.248435250017792,
441,44,ok,1.8512726360691518,0.15798947107674,-0.18495292480595749,0.10941660089725455,15.000000000001679,0.30492179200518876,
442,44,ok,1.9550346917645867,0.057396758441650854,-0.2201210846103708,0.09898206928830508,15.000000000001679,0.24394554100581445,
443,44,ok,1.8866443590232764,0.11416460851751976,-0.05524322281032156,0.11834992677570709,15.000000000001679,0.2477190839999821,
444,44,ok,1.6767613180806717,0.3251523767962879,-0.08008718287284157,0.07829898901471895,15.000000000001679,0.24812825000844896,
445,44,ok,1.762665222385251,0.24503899086028735,-0.16462242437094474,0.1332398490034637,15.000000000001679,0.2945318749989383,
446,44,ok,1.8687970236392377,0.1323991375283599,-0.06685307814947887,0.1169318930608944,15.000000000001679,0.2795101249939762,
447,44,ok,1.6767894343997505,0.32545020427527305,-0.08663595646676112,0.10927290631186211,15.000000000001679,0.23309508300735615,
448,44,ok,1.5223557462535589,0.47797101326031144,0.03154015972354463,0.11629184728390733,15.000000000001679,0.24699675000738353,
449,44,ok,2.025274839260683,-0.02329710834244003,-0.08948176303307012,0.07951076227211491,15.000000000001679,0.25406991702038795,
450,44,ok,1.7529211210858862,0.2489811989655995,-0.08164321878178406,0.08038734654162236,15.000000000001679,0.21093241599737667,
451,45,ok,1.8399908519248593,0.16170064945938997,-0.0788785963943401,0.11638080702582038,15.000000000001679,0.29553712499910034,
452,45,ok,1.4892252958245464,0.510795785582408,-0.007923981612206176,0.11684944214383848,15.000000000001679,0.27778574998956174,
453,45,ok,1.8064199335364102,0.1942586432824888,-0.04950887716046821,0.12262628042696329,15.000000000001679,0.24110029198345728,
454,45,ok,1.5334689132564543,0.46731303878987723,0.0489651596587854,0.12956408530874577,15.000000000001679,0.22464708299958147,
455,45,ok,1.6882958917258066,0.3193386896924917,-0.16037636376251177,0.11377445754781741,15.000000000001679,0.2654429170070216,
456,45,ok,1.8981910409577047,0.10369137692154735,-0.08451528861926434,0.12650347249300337,15.000000000001679,0.22647387499455363,
457,45,ok,1.650695230569318,0.3503357535514984,-0.05833196562598416,0.1108023073667622,15.000000000001679,0.23161716599133797,
458,45,ok,1.8555751765575572,0.14770848555206223,-0.11034211055066202,0.07559208274880937,15.000000000001679,0.2579096250119619,
459,45,ok,1.629733962408894,0.37248786783287174,-0.08507084034969377,0.09224882685666956,15.000000000001679,0.254544708004687,
460,45,ok,1.8128855424210935,0.19000635449214287,-0.10235718411816673,0.07930043184015054,15.000000000001679,0.25615354199544527,
461,46,ok,2.0292586287036816,-0.02448121710116094,0.13916315522777126,0.18167233926614199,15.000000000001679,0.2724452080146875,
462,46,ok,1.738849680763119,0.26306852208153136,-0.08165325043110828,0.12230256617037541,15.000000000001679,0.24776345898862928,
463,46,ok,1.4909406214221637,0.5090618904250797,0.002736790797692118,0.09200215285386114,15.000000000001679,0.2580907919909805,
464,46,ok,1.9191187296676102,0.08237322647813793,0.07565881332108187,0.18616174593495172,15.000000000001679,0.2934977079858072,
465,46,ok,2.159884531151311,-0.15656305776337515,-0.11973706943549225,0.08219972630192743,15.000000000001679,0.27203545899828896,
466,46,ok,1.580472325132708,0.4220033233488915,-0.08842657399473029,0.10825623015546812,15.000000000001679,0.2432917499972973,
467,46,ok,1.5098061486622745,0.4907113161089439,-0.03952562734244725,0.09144363233920666,15.000000000001679,0.24313754198374227,
468,46,ok,1.7039608789038347,0.32290097519590055,-0.30136611925674067,0.09788636452754905,15.000000000001679,0.2525958750047721,
469,46,ok,2.0566335647425054,-0.05515662298185066,-0.07792865095264735,0.08599439300264097,15.000000000001679,0.25059662500279956,
470,46,ok,1.6536343725546234,0.3495839684580775,-0.10311915885777441,0.1141516969739904,15.000000000001679,0.2817397080070805,
471,47,ok,1.8801749024685588,0.1312925770263166,-0.2073408575165777,0.08531359202607897,15.000000000001679,0.2589772919891402,
472,47,ok,1.5617632642440242,0.4397277321377018,0.0682271476905669,0.11445081309436535,15.000000000001679,0.2955771669803653,
473,47,ok,1.685814448774097,0.32723764314670706,-0.20937156729156933,0.09533891607247838,15.000000000001679,0.2785798329859972,
474,47,ok,1.7153088295649035,0.29768825105096725,-0.2107583691657447,0.0973911240621716,15.000000000001679,0.28603975000442006,
475,47,ok,1.565088884376698,0.4357682704365203,-0.0517910438815606,0.11905271105676411,15.000000000001679,0.22912870900472626,
476,47,ok,1.6461208708295612,0.3586365349216233,-0.12505957335036813,0.11845281441958598,15.000000000001679,0.26335762499365956,
477,47,ok,1.6054696191752806,0.39730377358576685,-0.09432658126105453,0.10141645127359258,15.000000000001679,0.29313920901040547,
478,47,ok,2.0121796028245895,-0.0016197888175528922,-0.2058761157524071,0.08385585120420484,15.000000000001679,0.253623416996561,
479,47,ok,1.7860236190415149,0.22566339271512045,-0.20398522452112156,0.08407020744595398,15.000000000001679,0.26876712500234134,
480,47,ok,1.835040333466947,0.16872931583313872,0.11756150203837754,0.1854840274731343,15.000000000001679,0.22318237501895055,
481,48,ok,2.100905986885163,-0.0944042685112026,-0.1651566703829271,0.09132205065130118,15.000000000001679,0.24089658298180439,
482,48,ok,1.4863804144986823,0.5143993598164983,-0.048140154669929824,0.11221251467200666,15.000000000001679,0.22840500000165775,
483,48,ok,1.7984992453652913,0.20213255582441586,-0.047667481085898175,0.10367952932916195,15.000000000001679,0.24952287500491366,
484,48,ok,2.0157328177363776,-0.012427879641868611,0.11538120184661176,0.17949624658665864,15.000000000001679,0.25162304198602214,
485,48,ok,1.8701402250120085,0.13110070624894832,0.0681167455533916,0.18623086988565124,15.000000000001679,0.2504562080139294,
486,48,ok,1.5371236515322917,0.4639547881263328,-0.05756932499124256,0.10954534524482024,15.000000000001679,0.26064995798515156,
487,48,ok,1.8245897404661542,0.17569789812142997,-0.03239694577856703,0.12886141675988438,15.000000000001679,0.2541115839849226,
488,48,ok,1.9008761728137458,0.09947707287355172,-0.036644615399129325,0.10857533741118312,15.000000000001679,0.2697827919910196,
489,48,ok,1.8640950669297482,0.1385203727862139,-0.09871178257860815,0.12277855875470645,15.000000000001679,0.25209141700179316,
490,48,ok,1.6116341209502048,0.3932347862746069,-0.12518022117303618,0.11203592386107589,15.000000000001679,0.2677881669951603,
491,49,ok,1.5205584517994364,0.48189257050513523,-0.0863008566075282,0.09641562274903918,15.000000000001679,0.22494416698464192,
492,49,ok,1.728626813413908,0.28352321784331846,-0.2045925618651996,0.09677982615325104,15.000000000001679,0.2709220419928897,
493,49,ok,1.5010193678261652,0.501130313456343,-0.08030445410922123,0.10615870896001708,15.000000000001679,0.2612486669968348,
494,49,ok,1.9220225843059147,0.07916262417478886,0.06748770417567791,0.17528303217713953,15.000000000001679,0.2563561249990016,
495,49,ok,1.9042594475533945,0.09739226741811377,-0.07929602459123025,0.1289977583917437,15.000000000001679,0.27499716699821874,
496,49,ok,1.5449048019599156,0.45792129570699586,-0.09340298113452063,0.08986607204008203,15.000000000001679,0.25011691701365635,
497,49,ok,1.8667203192922674,0.13809104870623035,-0.1339395667857704,0.09996085537218191,15.000000000001679,0.23314454100909643,
498,49,ok,1.6264143829136513,0.37922807686339866,-0.1353592188233812,0.08586494427381892,15.000000000001679,0.23188375000609085,
499,49,ok,2.108733572100983,-0.10862758122312956,-0.021142417337338938,0.1840924845617859,15.000000000001679,0.24508208298357204,
500,49,ok,1.5224102774773751,0.47833712671030926,-0.047698564134582615,0.09800883873303551,15.000000000001679,0.2754954169795383,
501,50,ok,1.848694665779339,0.16089439750447426,-0.18804932903510155,0.10321326455856056,15.000000000001679,0.2681367910117842,
502,50,ok,1.491105073912899,0.5119161521669,0.0948725632995526,0.09237566142145748,15.000000000001679,0.24807833301019855,
503,50,ok,1.5767928951361654,0.4325127978259875,-0.17105468474314545,0.08927031722880262,15.000000000001679,0.23200033299508505,
504,50,ok,1.5886914467654185,0.4174952506829013,-0.1400686667832072,0.09144165817830334,15.000000000001679,0.27791812500800006,
505,50,ok,1.6827724396237136,0.32862574073015394,-0.19552792385569365,0.09084974494789892,15.000000000001679,0.24581487500108778,
506,50,ok,1.6609408664143424,0.3476640465499371,-0.16885040320205982,0.0897909871328068,15.000000000001679,0.23656683298759162,
507,50,ok,1.8994100031647865,0.10377384284747108,0.10993052830314015,0.18611759128230632,15.000000000001679,0.2521916250116192,
508,50,ok,1.8953283593087447,0.11988244614015749,-0.23964050840385884,0.08953895081463348,15.000000000001679,0.23773233298561536,
509,50,ok,2.1522297005837214,-0.15134405971686846,-0.06173670541614226,0.0886383424074457,15.000000000001679,0.26201550001860596,
510,50,ok,1.540343653996354,0.46011395523870824,0.037543861765472954,0.09401759036299553,15.000000000001679,0.27614883400383405,
511,51,ok,1.8905350307140614,0.10977732919227781,-0.03436505669336209,0.07968943245097238,15.000000000001679,0.2697188330057543,
512,51,ok,1.9143002864089873,0.08688446932372466,0.06733908843134255,0.1824538916389985,15.000000000001679,0.2228693749930244,
513,51,ok,1.6891881071180699,0.31473234319391635,-0.11501906864716098,0.13346224362435993,15.000000000001679,0.25150670800940134,
514,51,ok,1.498066583627251,0.5019334471267236,0.0003035506586760991,0.10983857518053024,15.000000000001679,0.2627815419982653,
515,51,ok,1.955994060249589,0.06614062936676664,-0.2934292049979138,0.10341136926627723,15.000000000001679,0.22259799999301322,
516,51,ok,1.8948628363120485,0.12159213341219005,-0.24917675489012467,0.10591627908677759,15.000000000001679,0.26138662500306964,
517,51,ok,1.696186515230909,0.3155846163012452,-0.19948310607706068,0.09066724442372394,15.000000000001679,0.225544541986892,
518,51,ok,2.062828300274266,-0.06281006170051319,-0.008674431367065543,0.11763800051361172,15.000000000001679,0.26547154199215584,
519,51,ok,2.079088875187715,-0.0722584792303474,-0.16839045753024284,0.08787886019147001,15.000000000001679,0.23048245898098685,
520,51,ok,1.8689165326373167,0.1333601119178747,-0.0922200313697697,0.10633216744566448,15.000000000001679,0.22951870900578797,
521,52,ok,1.876942197220574,0.12627238740807187,-0.1098036680523416,0.11959914572671723,15.000000000001679,0.3019388329994399,
522,52,ok,1.6935123743153235,0.3151364238057096,-0.1709353432526763,0.08791743864552251,15.000000000001679,0.24108974999398924,
523,52,ok,1.503458309861441,0.49716501314066275,-0.04328847147816108,0.0918191624674067,15.000000000001679,0.25594075000844896,
524,52,ok,1.9118770758450079,0.0881232729396252,0.0011548448238634017,0.13965269123687807,15.000000000001679,0.22638708297745325,
525,52,ok,1.9955110906157505,0.021491440626540712,-0.2599392106943875,0.08500140753402914,15.000000000001679,0.2251576249836944,
526,52,ok,1.7940064623019791,0.23444120092055853,-0.31821582891871225,0.100826923498183,15.000000000001679,0.26125995800248347,
527,52,ok,1.6051843126008736,0.3966602144739465,-0.07692990035875001,0.0915880221023888,15.000000000001679,0.2361810420115944,
528,52,ok,1.4880514678939505,0.5126713545455807,0.0463753330129587,0.11798380954634141,15.000000000001679,0.26661541700013913,
529,52,ok,2.064047433539414,-0.045173470597208866,-0.27849108256102123,0.0907830988916911,15.000000000001679,0.2555797499953769,
530,52,ok,1.512172594394672,0.49460695656201875,-0.14303055619987687,0.10421171184567964,15.000000000001679,0.23971287498716265,
531,53,ok,1.5765911120230929,0.42426030230188516,-0.05180675253734544,0.09196345640218545,15.000000000001679,0.2624938749941066,
532,53,ok,1.9811988470918367,0.0365745641795307,-0.2647818530247555,0.09435650684854216,15.000000000001679,0.2470737909898162,
533,53,ok,1.6430208441725023,0.36230037302371504,-0.13212655367888268,0.10999991186874333,15.000000000001679,0.2680519169953186,
534,53,ok,1.4792170293103581,0.521026070873624,0.026816725494542632,0.09725385545578001,15.000000000001679,0.24683325001387857,
535,53,ok,1.856099028592993,0.1467674975322692,-0.10311593349742158,0.12211233302070051,15.000000000001679,0.25220333301695064,
536,53,ok,1.628109935038638,0.3740899843127349,-0.08460840064293612,0.08332192983068017,15.000000000001679,0.22525120800128207,
537,53,ok,1.4565272821566622,0.5460477947353185,0.08657198434044826,0.09323192452331663,15.000000000001679,0.295216625003377,
538,53,ok,1.5831123409909176,0.4245132422880045,-0.15519716644284176,0.11850681240836407,15.000000000001679,0.2104034160147421,
539,53,ok,1.5127710234762581,0.4914470168585199,-0.1128896209770699,0.09863093353664688,15.000000000001679,0.23387070800527,
540,53,ok,1.9638511715584894,0.03957284257044562,0.11591714473850784,0.08207714303509052,15.000000000001679,0.27979366600629874,
541,54,ok,1.6556558501292538,0.35179971825879386,-0.15694624982914132,0.1072215998684975,15.000000000001679,0.2189338750031311,
542,54,ok,1.5243752295617656,0.476029610144089,0.03512963626210858,0.10244488206023036,15.000000000001679,0.24357374999090098,
543,54,ok,1.9108828241615974,0.0906686220007053,0.07698608096998151,0.18323353871571857,15.000000000001679,0.25887137500103563,
544,54,ok,1.6001704495986728,0.4034809423669485,-0.10803872631280281,0.12047263739208307,15.000000000001679,0.24397029099054635,
545,54,ok,1.8688278405604564,0.13119006109163855,-0.008179846648020893,0.11339447703701626,15.000000000001679,0.2619751250022091,
546,54,ok,1.7174981912542953,0.29883560358781885,-0.2363043235773628,0.12973809068493064,15.000000000001679,0.256935416982742,
547,54,ok,2.057216610017219,-0.045638498394613765,-0.21795255083748483,0.08826256654741424,15.000000000001679,0.2276873329828959,
548,54,ok,1.6089393509261996,0.40680701682176346,-0.2245483317917355,0.09767795851576562,15.000000000001679,0.2268272090004757,
549,54,ok,1.5011284866549914,0.5003289503966091,0.06613226465627911,0.11622758141710389,15.000000000001679,0.24369391598156653,
550,54,ok,2.166132550260077,-0.16165379178435138,-0.1392232371429506,0.08812960556655611,15.000000000001679,0.2618295830034185,
551,55,ok,1.5122218854060427,0.4905116048193054,0.09088352719727438,0.09624599591999383,15.000000000001679,0.2319792089983821,
552,55,ok,1.940840212427265,0.05982112295721929,0.05066216785457449,0.1046454291102512,15.000000000001679,0.23020754198660143,
553,55,ok,1.4661965154870507,0.5342360677476571,-0.03561343755548973,0.11941619117960811,15.000000000001679,0.25469724999857135,
554,55,ok,1.5765234913821031,0.42957183110616526,-0.13849796108381365,0.11150741860209577,15.000000000001679,0.2318367920233868,
555,55,ok,2.1354082758627952,-0.12557784573471034,-0.2046639351353905,0.08370902939561518,15.000000000001679,0.21970166699611582,
556,55,ok,1.5067446004016734,0.49647868756407537,-0.09850357298369108,0.10399871298974184,15.000000000001679,0.25244516698876396,
557,55,ok,2.148985309937094,-0.14273107395877146,-0.1638334734323794,0.10109101980810303,15.000000000001679,0.25016587498248555,
558,55,ok,1.9974043790536526,0.0028566873447949054,0.032293067046977104,0.11871226655008085,15.000000000001679,0.2745165829837788,
559,55,ok,1.9366475848240259,0.08016872314311392,-0.25466004045941537,0.09731277321629161,15.000000000001679,0.22891674999846146,
560,55,ok,1.5441878990348996,0.4686291536110564,-0.19854369382034612,0.09573633734686193,15.000000000001679,0.2284307919908315,
561,56,ok,1.8588717987890848,0.14211921081378842,-0.06069050589825795,0.09961421573334016,15.000000000001679,0.23031108401482925,
562,56,ok,1.4968418516332966,0.5082161353331244,-0.12294889149787593,0.11412629938342114,15.000000000001679,0.2519589159928728,
563,56,ok,1.9014101732003537,0.0987341943850218,-0.023430389433957033,0.1040636297658018,15.000000000001679,0.25552429200615734,
564,56,ok,1.6674657361006586,0.3351165313984206,-0.0927632311149467,0.10926511756235548,15.000000000001679,0.24957083302433603,
565,56,ok,1.506944023660872,0.49627551708446715,-0.09845288176397717,0.08622663072147936,15.000000000001679,0.23691974999383092,
566,56,ok,1.6264274984745613,0.37993247740320385,-0.1436928321848315,0.09833715083113231,15.000000000001679,0.27862008300144225,
567,56,ok,1.4970992773578322,0.5045754994091709,-0.07079413321746925,0.11577882442863086,15.000000000001679,0.23628904201905243,
568,56,ok,2.0834374321181786,-0.08299957611390725,0.0427118187446158,0.08400001769859912,15.000000000001679,0.23722650000127032,
569,56,ok,1.6620021062423507,0.34561992062357305,-0.15898916351895642,0.08992898806100241,15.000000000001679,0.25384354099514894,
570,56,ok,1.8912328435311427,0.10984449722580054,-0.06382666984345634,0.09991985659064585,15.000000000001679,0.2740853749855887,
571,57,ok,1.5621952454292922,0.43848299211346825,-0.04602845775147859,0.09470733408641366,15.000000000001679,0.255346375022782,
572,57,ok,1.9676138471360862,0.03431050623842488,0.08700037676373941,0.1298319639560588,15.000000000001679,0.21256208399427123,
573,57,ok,2.078303713081366,-0.07710152509799907,-0.07067940466188738,0.07433838819763341,15.000000000001679,0.2600727080134675,
574,57,ok,1.7376416694500914,0.27286427188916823,-0.19078980080802913,0.09792102468664571,15.000000000001679,0.25162420797278173,
575,57,ok,1.5085772505232264,0.49239664446657794,-0.05419818429231506,0.11408703308396413,15.000000000001679,0.23346750001655892,
576,57,ok,1.497911261863575,0.5022409173068898,0.0213513144330909,0.10092492463549128,15.000000000001679,0.250083833001554,
577,57,ok,1.8799554548157533,0.12159513496406546,-0.07633921076902772,0.11960684847483435,15.000000000001679,0.24577408301411197,
578,57,ok,1.8802423683216403,0.1222261304626135,-0.09631541161393334,0.12327960633510165,15.000000000001679,0.2697818749875296,
579,57,ok,1.4443421479641443,0.5587000449921469,0.09369461073102542,0.10566998108324081,15.000000000001679,0.24784375002491288,
580,57,ok,1.5713822420920425,0.42999730258344304,-0.06583069851482184,0.11582817444802827,15.000000000001679,0.246736958011752,
581,58,ok,1.6921765058929692,0.3083689909767189,-0.04296343104331912,0.12323468039119947,15.000000000001679,0.22717100000591017,
582,58,ok,1.6866512224523482,0.3189517236699777,-0.13736462007322575,0.12678916906165125,15.000000000001679,0.282108833984239,
583,58,ok,1.553772916473687,0.4521380208972429,0.135401512603234,0.12237487188149751,15.000000000001679,0.234453041019151,
584,58,ok,1.5398553315737618,0.46016298074008627,-0.0075097465259192815,0.12355830420800229,15.000000000001679,0.26388924999628216,
585,58,ok,1.940895365085317,0.05944756711004087,0.036483878830606074,0.13588068764448585,15.000000000001679,0.26918412500526756,
586,58,ok,2.054994036148069,-0.054566651875133834,-0.04190896809436588,0.07154646130850034,15.000000000001679,0.23147808300564066,
587,58,ok,1.908384681331722,0.09167548266235735,-0.015153496943992586,0.11921357447673231,15.000000000001679,0.26586620800662786,
588,58,ok,1.8641897963773977,0.1383039708886912,-0.09639238615569753,0.10764802322978649,15.000000000001679,0.24020845800987445,
589,58,ok,1.672534902038116,0.3361309327259465,-0.1700374238343473,0.10721470562025748,15.000000000001679,0.26507579200551845,
590,58,ok,1.50450530588725,0.4955001014487843,0.004033695857295887,0.11000344635491127,15.000000000001679,0.20049791599740274,
591,59,ok,1.547059045815762,0.4529519463190157,-0.005831881536395583,0.11808504698244675,15.000000000001679,0.2665332500182558,
592,59,ok,1.6360459345694802,0.3764600694980875,-0.20190194176175974,0.10176010189336505,15.000000000001679,0.2433970409911126,
593,59,ok,1.9207764100323645,0.07936219421119987,-0.0230745815043594,0.12027235218666371,15.000000000001679,0.2704030830063857,
594,59,ok,1.5524031262568252,0.45425629666730166,-0.1436379825090833,0.1202761671716987,15.000000000001679,0.2395452919881791,
595,59,ok,1.7076836260787562,0.29616912124293576,-0.1146459915191989,0.10236399527069308,15.000000000001679,0.24813229098799638,
596,59,ok,1.8277313707039955,0.17362488097617418,-0.07039806862558601,0.11778692910500758,15.000000000001679,0.24648474997957237,
597,59,ok,1.646575236446077,0.36149761618342036,-0.1628494627097077,0.11711133280260684,15.000000000001679,0.2814221660082694,
598,59,ok,1.5488616109581628,0.4521906686886247,-0.0570838313828759,0.08750022066680462,15.000000000001679,0.2292222079995554,
599,59,ok,1.5042532477399821,0.5006944571606603,0.12190456327602006,0.09928030897515085,15.000000000001679,0.2548092499782797,
600,59,ok,1.7168121470024984,0.2932989711668741,-0.18605253633121402,0.08553687755757837,15.000000000001679,0.2239887909963727,
601,60,ok,1.9366799544356805,0.06602921932948412,0.1024024678690134,0.1529160911540014,15.000000000001679,0.21015195801737718,
602,60,ok,1.5581284392129615,0.44241817458224725,0.04126851357294615,0.07707267981047214,15.000000000001679,0.2638283330015838,
603,60,ok,1.9057619343112724,0.09559272134959977,-0.07184335246367225,0.11433780859888217,15.000000000001679,0.22419075001380406,
604,60,ok,1.6613483697236542,0.36027103022067325,-0.2671466100287836,0.09284607105944662,15.000000000001679,0.2651737080013845,
605,60,ok,1.6007245719156389,0.4007834040122102,-0.06946534568928797,0.09115190057564136,15.000000000001679,0.278275874996325,
606,60,ok,1.5081334267363675,0.4973889633808348,-0.1289438074118205,0.11942066910689306,15.000000000001679,0.23366100000566803,
607,60,ok,1.6478788099227288,0.371935137108768,-0.25477318228436696,0.08656768865870287,15.000000000001679,0.25976566699682735,
608,60,ok,1.5555464285368208,0.45501619105079255,-0.18096884101540175,0.09257536479061532,15.000000000001679,0.23786983301397413,
609,60,ok,1.918369685930177,0.08496898259490712,0.1131302535675643,0.18566747003924905,15.000000000001679,0.24765220799599774,
610,60,ok,1.913195121929962,0.08958493094750292,-0.10310110820813422,0.11954946674587227,15.000000000001679,0.2727851659874432,
611,61,ok,1.6085590533500844,0.39298285649203996,-0.0704139800468356,0.10873159523946578,15.000000000001679,0.2611707500182092,
612,61,ok,1.8607695536211766,0.14062007663274276,-0.07190015481433665,0.11717510011330988,15.000000000001679,0.25759841699618846,
613,61,ok,1.605890078573711,0.4020251746784901,-0.15924635663075315,0.11046301854772028,15.000000000001679,0.2445132080174517,
614,61,ok,1.8718351648867873,0.12981180585435995,-0.07850479593640129,0.10604515544573387,15.000000000001679,0.30385504200239666,
615,61,ok,1.4735450791175935,0.5339637877716474,-0.1485695952300448,0.10276172221464522,15.000000000001679,0.2912810420093592,
616,61,ok,1.6096102630836266,0.3912459907157663,-0.052495110591807954,0.09408015183510145,15.000000000001679,0.24436358400271274,
617,61,ok,1.9483783241687849,0.05213582491765856,0.04475767556019022,0.10936944065456497,15.000000000001679,0.2571917499881238,
618,61,ok,1.782863689603114,0.21841734964936113,-0.06757363150535668,0.1241656137124654,15.000000000001679,0.23429166700225323,
619,61,ok,2.0621964854834394,-0.05989795157543112,-0.09733844993419422,0.07289240635807073,15.000000000001679,0.24528754097991623,
620,61,ok,1.8114677166518138,0.18927016349486683,-0.05169862340362139,0.10691931956528004,15.000000000001679,0.25861233298201114,
621,62,ok,1.489917674188693,0.5131261728250534,0.095188748925339,0.09895039416733678,15.000000000001679,0.25032999998074956,
622,62,ok,1.7821949347985206,0.22746936883538643,-0.18534817831497394,0.09876112512059196,15.000000000001679,0.23095366699271835,
623,62,ok,1.7350211576631314,0.2651987572327109,-0.027623642623343957,0.13335571855819925,15.000000000001679,0.24378829199122265,
624,62,ok,1.8350048329251882,0.16531160915576645,0.03407705034468837,0.18607813003232193,15.000000000001679,0.24784125000587665,
625,62,ok,1.5498133144985908,0.45243019893730446,0.08336078596004534,0.1045593799741489,15.000000000001679,0.23306850000517443,
626,62,ok,1.7206930466582933,0.3048303929178927,-0.2952703236752609,0.08801492420807709,15.000000000001679,0.24127262498950586,
627,62,ok,1.4646296308681304,0.5369298270231505,-0.06756940552060337,0.09991043252672249,15.000000000001679,0.2413401249796152,
628,62,ok,1.5294813118859554,0.47083438069473194,0.031073978553109047,0.11184482639270218,15.000000000001679,0.25723950000246987,
629,62,ok,1.672966608979686,0.33220989405330276,-0.13150451424682524,0.08724586240112106,15.000000000001679,0.24417508399346843,
630,62,ok,1.8722046187966714,0.1284243769947303,0.048526508384874156,0.16704881048128564,15.000000000001679,0.2671402500127442,
631,63,ok,2.0601527741742185,-0.05926260703768462,0.060555496811497106,0.10241797761225456,15.000000000001679,0.2652912499906961,
632,63,ok,2.014668468762567,-0.013035071332503624,0.0811100524685253,0.09143362100495185,15.000000000001679,0.2571309999912046,
633,63,ok,1.5019038485763376,0.49819213836873066,0.016979903148392275,0.09878028992313045,15.000000000001679,0.23849920800421387,
634,63,ok,1.593941169183326,0.4122665933570762,-0.14053853652135423,0.0938545631559007,15.000000000001679,0.23837883298983797,
635,63,ok,1.586663219368091,0.42787777211542743,-0.2143172234953659,0.09432532159008084,15.000000000001679,0.24192425000364892,
636,63,ok,2.00329673298197,0.013557124946068722,-0.25931159735674203,0.09481605512490619,15.000000000001679,0.25067420801497065,
637,63,ok,2.10310947139157,-0.10292432312315744,-0.02790591109316233,0.07446020327508539,15.000000000001679,0.2988168330048211,
638,63,ok,1.9034688660623664,0.09904243158350498,0.09774480624973177,0.18540844842970208,15.000000000001679,0.2538969590095803,
639,63,ok,1.798591253908661,0.20649003437180313,-0.13510182022857492,0.08709675138192009,15.000000000001679,0.21832254200126044,
640,63,ok,1.502933518572863,0.5050721010988305,-0.15491848933145605,0.10407240012418817,15.000000000001679,0.3224757919961121,
641,64,ok,1.5704599848234242,0.42964441945900855,-0.01810841228146629,0.09483856395631815,15.000000000001679,0.2389197499724105,
642,64,ok,1.8307319089294871,0.17036655995373587,0.06340975821652002,0.18066178605989017,15.000000000001679,0.26174045802326873,
643,64,ok,1.5700163724590066,0.43822817361022154,-0.16068656472920845,0.0895741289002509,15.000000000001679,0.2404197920113802,
644,64,ok,1.8854515142298147,0.11618262250780527,-0.07848248702692545,0.10819388162262661,15.000000000001679,0.2692132920201402,
645,64,ok,1.8422781002881692,0.18172978088936861,-0.2964489991495369,0.09377986996768603,15.000000000001679,0.26694274999317713,
646,64,ok,1.6646650058002495,0.36391592818581575,-0.3071457170332406,0.0962728808482924,15.000000000001679,0.28570845801732503,
647,64,ok,1.5319712820684406,0.46813384000253566,-0.017946502083812602,0.10952781467153667,15.000000000001679,0.2643537920084782,
648,64,ok,1.6563681118641285,0.34778231520785907,-0.1171838045995915,0.0868582829209362,15.000000000001679,0.2786713340028655,
649,64,ok,2.0620657902126798,-0.058167581317767024,0.12673409319522477,0.0912566342419864,15.000000000001679,0.25703050001175143,
650,64,ok,1.6343955789292233,0.3678997589509481,-0.08658932723504181,0.10907265613833537,15.000000000001679,0.23638508300064132,
651,65,ok,1.8245107929488371,0.19614245093718635,-0.2737472854219621,0.08961788864684718,15.000000000001679,0.22877587500261143,
652,65,ok,1.9314070254838729,0.06872618206565567,-0.02268343558110811,0.10944064091527397,15.000000000001679,0.28289454101468436,
653,65,ok,1.5099122516856536,0.4956759186177955,-0.12978469079219854,0.09768212640027985,15.000000000001679,0.21756537500186823,
654,65,ok,2.1908740802588476,-0.18479156908717118,-0.16314115114117148,0.08762042130294062,15.000000000001679,0.2649264170031529,
655,65,ok,1.8930446502882046,0.1069553512398337,7.60610893598072e-05,0.18715339018381513,15.000000000001679,0.30044341599568725,
656,65,ok,2.0787599470658322,-0.07720711275654715,-0.08033385487296592,0.08804250167267802,15.000000000001679,0.25788870800170116,
657,65,ok,1.5668671151605995,0.4415678739637801,-0.16236337367130188,0.0909349733330888,15.000000000001679,0.21936445799656212,
658,65,ok,1.7215470117389886,0.27881907473930073,-0.03550121330551745,0.18689967370955188,15.000000000001679,0.2704503340064548,
659,65,ok,1.7839810139019259,0.22743477103492885,-0.20149632013153068,0.0797266833466928,15.000000000001679,0.2677984580222983,
660,65,ok,1.560045640275817,0.447596272165771,-0.1542240757792805,0.08998775648393786,15.000000000001679,0.2490519580023829,
661,66,ok,1.5516723607425893,0.46041235949290416,-0.19327962202537835,0.09748684940877471,15.000000000001679,0.2474018749780953,
662,66,ok,1.5616368898972095,0.444606256748191,-0.13949938831749278,0.08955335716337552,15.000000000001679,0.2303304999950342,
663,66,ok,2.016081340206169,-0.014473566882651523,-0.08049980533261608,0.07181416225731038,15.000000000001679,0.22835350001696497,
664,66,ok,1.5528601330987148,0.44798520807114106,0.05123161720441405,0.1234841718389045,15.000000000001679,0.30731099998229183,
665,66,ok,1.5055675809680142,0.5026853433708298,-0.15742477538605046,0.09061000842612765,15.000000000001679,0.26449483301257715,
666,66,ok,2.0316230280941996,-0.02753621509422549,-0.1287983880490257,0.08755944020292108,15.000000000001679,0.27924095798516646,
667,66,ok,2.048465564228482,-0.04846554013532304,0.00031417831277233996,0.08175744172148791,15.000000000001679,0.23100391699699685,
668,66,ok,1.507351482554453,0.49274660706792334,-0.017195972023989606,0.11533785981545715,15.000000000001679,0.20454233398777433,
669,66,ok,2.144967768069552,-0.13235262319761312,-0.23229080136658875,0.09694400791028279,15.000000000001679,0.2190602500049863,
670,66,ok,1.761148028521232,0.2507005125939546,-0.20394529101003683,0.08661440516322925,15.000000000001679,0.22617129198624752,
671,67,ok,1.8388005555829288,0.16905437840955134,0.16978107665712647,0.18349369827103065,15.000000000001679,0.22472416699747555,
672,67,ok,2.00745528539518,-0.007313632519557385,0.023847506414354683,0.18535261055611205,15.000000000001679,0.27584550000028685,
673,67,ok,1.6137825845038118,0.3954551123726568,-0.1724237038134812,0.09105231126546129,15.000000000001679,0.24171100000967272,
674,67,ok,1.9023297890087332,0.11530683278420262,-0.2584381775204614,0.10693088249944442,15.000000000001679,0.23180470798979513,
675,67,ok,1.5276559613865095,0.47319169900260427,-0.050883674839641596,0.11870482089875913,15.000000000001679,0.2893656250089407,
676,67,ok,1.6736049183361463,0.3267542361723056,-0.034670398203864666,0.11611622187114026,15.000000000001679,0.28050612498191185,
677,67,ok,1.9759847633972578,0.024525449321057758,-0.04490083293156887,0.08784793694956032,15.000000000001679,0.2488382500014268,
678,67,ok,1.5664272882143815,0.43922977667880037,-0.13300661358200935,0.09907355424978273,15.000000000001679,0.2214181669987738,
679,67,ok,1.8682202846775402,0.1358746002254656,-0.12362655861934241,0.10364424114434884,15.000000000001679,0.2858172919950448,
680,67,ok,1.9112803590566743,0.08916072423284357,-0.041059385059430624,0.1269374102085842,15.000000000001679,0.2606989160121884,
681,68,ok,1.5860374110285058,0.4175435554744572,-0.10651887326471218,0.0880659644531295,15.000000000001679,0.2632064580102451,
682,68,ok,1.4680073130455376,0.532339173158367,0.03189307933883803,0.12239083254790155,15.000000000001679,0.2540692499896977,
683,68,ok,1.4460621026151634,0.5567408548061774,0.08999246876369078,0.11363367669961967,15.000000000001679,0.25204041600227356,
684,68,ok,1.5779502853050964,0.4272103490716418,-0.12751398679003245,0.09505825648048896,15.000000000001679,0.25435954198474064,
685,68,ok,1.45929767070784,0.5432143923738435,0.08558846386410643,0.08726146321978978,15.000000000001679,0.22798937500920147,
686,68,ok,1.4806418426734913,0.5195935670538729,-0.02640188567652677,0.12243448759493648,15.000000000001679,0.23399412501021288,
687,68,ok,1.6575053631721075,0.3474005065571212,-0.12743211218778483,0.10596657418379053,15.000000000001679,0.25473158300155774,
688,68,ok,1.975805904689124,0.026316881196989363,0.09156374586281191,0.14352125135329466,15.000000000001679,0.27499920802074485,
689,68,ok,1.5698443376706703,0.4415244923484925,-0.18858774235628645,0.09774902700899084,15.000000000001679,0.23375529100303538,
690,68,ok,1.458833379270248,0.5423897575550162,0.05972612152589544,0.118864643303463,15.000000000001679,0.25964337500045076,
691,69,ok,1.9004123932948505,0.10553760788878842,-0.1502647978234656,0.11493941249196299,15.000000000001679,0.24894345900975168,
692,69,ok,1.9069150032670361,0.09597549644451152,-0.10495484526783827,0.12609140751463857,15.000000000001679,0.2573069159989245,
693,69,ok,1.9246676941202705,0.07954716545437032,-0.12730531440554663,0.11808799876087099,15.000000000001679,0.23601866600802168,
694,69,ok,1.4983611042831777,0.5029914913701279,0.0636515822149777,0.11186352673464325,15.000000000001679,0.28635066701099277,
695,69,ok,1.8630501665393695,0.1393467843617497,0.0944750452628199,0.18598482177246792,15.000000000001679,0.2768752090050839,
696,69,ok,1.8047883620310803,0.20418261257466466,-0.17972463032003358,0.09775009830247777,15.000000000001679,0.28227583298576064,
697,69,ok,1.633538125755576,0.3689474779213949,-0.09008040029918729,0.11409626856200654,15.000000000001679,0.24989458397612907,
698,69,ok,2.078588416814786,-0.07827947679198273,-0.03583605533317446,0.076907496210841,15.000000000001679,0.26567183301085606,
699,69,ok,1.6553648751120034,0.35685251645965405,-0.20074664901215072,0.1098227499016659,15.000000000001679,0.24217158401734196,
700,69,ok,1.6884670968124447,0.3236017945755949,-0.20151971086739742,0.12174493627607356,15.000000000001679,0.24482274998445064,
701,70,ok,2.0239227263011035,-0.02363607687484372,-0.03406215507983153,0.07658854579011182,15.000000000001679,0.23865729200770147,
702,70,ok,1.8416615520488424,0.1593872264931074,0.06214410911917329,0.18003255214263275,15.000000000001679,0.2488505420042202,
703,70,ok,1.7405349002631958,0.2722201803038555,-0.21032982119749807,0.08618224981696467,15.000000000001679,0.21912549997796305,
704,70,ok,1.5887628136685517,0.4120195713119503,-0.0498541492729584,0.08697567883097304,15.000000000001679,0.264418457983993,
705,70,ok,1.7434371765890742,0.25708536089432665,-0.04268195759361371,0.13566307106130301,15.000000000001679,0.22316454100655392,
706,70,ok,1.7321336165017915,0.2858406599260482,-0.2488867659254082,0.12895813816683183,15.000000000001679,0.24030458298511803,
707,70,ok,2.0929306125710783,-0.09176246492784725,-0.06991666007557641,0.07268976467235011,15.000000000001679,0.24047658301424235,
708,70,ok,1.7706373221418399,0.23172873420244977,-0.09150550320256877,0.11303752687424427,15.000000000001679,0.23213741701329127,
709,70,ok,1.8040811116392117,0.19597145186226805,-0.013771524150993327,0.12736442533287556,15.000000000001679,0.24614695899072103,
710,70,ok,1.5646811182649794,0.4380706000199822,-0.09275533048298704,0.12976439470092288,15.000000000001679,0.25243483399390243,
711,71,ok,1.8652908544089868,0.1360882167098217,-0.07171356673485786,0.12436682496432154,15.000000000001679,0.24961454200092703,
712,71,ok,1.8836241509892724,0.11751360965825698,-0.06545939480449757,0.13296762856380379,15.000000000001679,0.24199687500367872,
713,71,ok,1.517657641041237,0.48880314806687347,0.1398884917291643,0.11742947576172531,15.000000000001679,0.25566779100336134,
714,71,ok,1.6526512307001893,0.35501847980825824,-0.15903423707653874,0.11228752256630425,15.000000000001679,0.24970383301842958,
715,71,ok,1.8626580369338075,0.13855713472538986,0.06727125591479614,0.11059836878025484,15.000000000001679,0.25802304199896753,
716,71,ok,1.8440256883080155,0.16978292188201122,-0.22524694471868514,0.09157385308544087,15.000000000001679,0.23553583401371725,
717,71,ok,1.8693661062799072,0.1537980651459403,-0.29337357592194196,0.09653595980653663,15.000000000001679,0.2207816249865573,
718,71,ok,1.5511740808837613,0.4579277611155415,-0.16779225032001763,0.1241033134778521,15.000000000001679,0.26120016700588167,
719,71,ok,1.5267497194052044,0.4742679682735527,-0.0557357431793765,0.11258585216392547,15.000000000001679,0.24188975000288337,
720,71,ok,1.5541585771795725,0.45225769542445554,-0.14107672255909373,0.10081112444950402,15.000000000001679,0.21855275001144037,
721,72,ok,1.661681332418034,0.3437161265985759,-0.13382294727343388,0.0943562237653597,15.000000000001679,0.24713379199965857,
722,72,ok,1.5128923943980108,0.4891889970625434,-0.07933164835336977,0.12334547705821408,15.000000000001679,0.24935074997483753,
723,72,ok,2.0240817903477804,-0.022821575073293607,-0.07141407029063994,0.08721517046524971,15.000000000001679,0.240800333005609,
724,72,ok,1.5077474586523423,0.49303099919276827,0.048444088170276026,0.11601856545720708,15.000000000001679,0.23801624999032356,
725,72,ok,1.6202651105825248,0.38571884567777226,-0.13912362621459115,0.10373081621745672,15.000000000001679,0.22744883398991078,
726,72,ok,1.709621584316922,0.29205684780022,-0.07573737793310147,0.12162541408164042,15.000000000001679,0.22863845797837712,
727,72,ok,1.576242802529047,0.4445507182961243,-0.2551840601830781,0.09262598360484936,15.000000000001679,0.23817862500436604,
728,72,ok,1.898632604277375,0.10357268737096335,-0.09148340800219956,0.10300549137480657,15.000000000001679,0.24782345799030736,
729,72,ok,1.5719106358121488,0.4297318407373397,-0.07183978692347381,0.12223464428273875,15.000000000001679,0.23647012500441633,
730,72,ok,1.5168079405661032,0.487999373169236,-0.12066661935995515,0.12431865818351975,15.000000000001679,0.22406708399648778,
731,73,ok,1.9532922894984512,0.048056476433164914,0.07257581566603143,0.1396354101751069,15.000000000001679,0.23691833301563747,
732,73,ok,1.502877040809873,0.4975736620173613,0.03680351517884446,0.11446821612788903,15.000000000001679,0.23458945902530104,
733,73,ok,1.9448891288779402,0.0586347561707993,0.11702441488673065,0.1871776488664742,15.000000000001679,0.2906192920054309,
734,73,ok,1.8001151633769736,0.2032526861755085,0.11006221733266394,0.16356004133361507,15.000000000001679,0.23597887498908676,
735,73,ok,1.912098089274173,0.09362630252342916,-0.14784596232380384,0.13823257581115211,15.000000000001679,0.2082536249945406,
736,73,ok,2.0078396421416236,-0.007487023225441354,0.03762818274722604,0.0750149172559337,15.000000000001679,0.26381425000727177,
737,73,ok,1.5699904870228334,0.4301769448899228,-0.022928257392503926,0.12363880666200709,15.000000000001679,0.2443016670003999,
738,73,ok,1.4887903296007061,0.5119687173175069,0.04753469544315695,0.0906195986962465,15.000000000001679,0.20907187499688007,
739,73,ok,1.7235682785058635,0.27699627510128116,-0.04411093579607646,0.12649982820725086,15.000000000001679,0.3422874590032734,
740,73,ok,2.0140550487163553,-0.00034068783137888685,-0.2346377460387078,0.10593162310877535,15.000000000001679,0.28289954201318324,
741,74,ok,1.9241565190645382,0.07608005902635182,0.03017234797814424,0.11190361986310819,15.000000000001679,0.3382307080028113,
742,74,ok,1.5622830991088208,0.43778390920564997,0.014469534349132198,0.11256058952359652,15.000000000001679,0.28789291699649766,
743,74,ok,1.64872975846958,0.35608465091781244,-0.1259052878760403,0.10784153615253488,15.000000000001679,0.23837112498586066,
744,74,ok,1.5628230092782225,0.4381440225583061,-0.05496966489883394,0.11696165944639625,15.000000000001679,0.25028720797854476,
745,74,ok,1.968037623042474,0.03573594246392708,-0.12181460496424215,0.07210193956792983,15.000000000001679,0.23159099998883903,
746,74,ok,1.9976870224997203,0.0023634495515848005,0.014200428738380698,0.13206336518715225,15.000000000001679,0.2545263330102898,
747,74,ok,1.854302570155933,0.1515467895813735,-0.14716912237277185,0.1059431910509831,15.000000000001679,0.28481012501288205,
748,74,ok,1.6157248749299107,0.38459502393777223,0.0321501909896161,0.11867815253213661,15.000000000001679,0.23374020800110884,
749,74,ok,1.4817290029818184,0.5203132961303152,0.07776950989148045,0.10886125839778345,15.000000000001679,0.24638145900098607,
750,74,ok,1.518532433028509,0.48148501036548397,0.007278489868727885,0.07783244394180744,15.000000000001679,0.2830571669910569,
751,75,ok,1.766647043006123,0.24508856890082306,-0.20329201548441672,0.09299216842772944,15.000000000001679,0.2221538750163745,
752,75,ok,1.5341076974545707,0.4684183139615083,0.08799980898192775,0.13266092323796355,15.000000000001679,0.24664041699725203,
753,75,ok,2.1182908335588357,-0.11727636112281124,-0.06555048565749826,0.07734208167311109,15.000000000001679,0.21917208298691548,
754,75,ok,1.6436680407158635,0.35708280930804565,-0.04967627803672111,0.10585958206713106,15.000000000001679,0.26802729099290445,
755,75,ok,1.4891421956757505,0.5108578078447793,-0.00010239696579081412,0.10636338317645662,15.000000000001679,0.23461070799385197,
756,75,ok,2.062771499569423,-0.06230963117673779,-0.043649107568799056,0.08547667671429188,15.000000000001679,0.26063012500526384,
757,75,ok,2.146999330784683,-0.14472753557928625,-0.09874170607133279,0.08171896811894025,15.000000000001679,0.2673366669914685,
758,75,ok,1.6535552305186954,0.3534115423059783,-0.15162899249338443,0.10847323820425053,15.000000000001679,0.2615460829983931,
759,75,ok,1.9896806759888224,0.011040037139744656,-0.053548655839982195,0.0721538313844204,15.000000000001679,0.2275880000088364,
760,75,ok,1.7581685261989097,0.24995528147691365,-0.16881957731820715,0.10205793350404903,15.000000000001679,0.21908791697933339,
761,76,ok,1.4606880234998891,0.5397406008203592,0.03538345804930961,0.11093982186877828,15.000000000001679,0.24802320898743346,
762,76,ok,2.048133491864559,-0.047276577488587795,-0.05924032211193516,0.07355117368318072,15.000000000001679,0.2598742910195142,
763,76,ok,1.519803099615919,0.48384105464567845,-0.105183240224984,0.11853042104817255,15.000000000001679,0.21612399999867193,
764,76,ok,1.4807933494284284,0.5208894999874223,0.07057671332675008,0.08807572045944215,15.000000000001679,0.27314279100392014,
765,76,ok,1.9991388939485522,0.0029940280366594885,0.09232261500084385,0.07497992996819193,15.000000000001679,0.2608988329884596,
766,76,ok,2.056084756712079,-0.055469660333005634,-0.05028918605712119,0.07351555127433936,15.000000000001679,0.23339770900201984,
767,76,ok,2.0176858190372626,-0.00883210117074006,0.18881115870101212,0.08567957438667045,15.000000000001679,0.27294504101155326,
768,76,ok,1.5486578893105234,0.45597422900436274,0.1196899186441909,0.12121651856688215,15.000000000001679,0.2530855409859214,
769,76,ok,1.5743641688983059,0.42801402074849215,-0.0865021233700749,0.11909307616791749,15.000000000001679,0.2396551670099143,
770,76,ok,1.5240626815995426,0.475940349337219,-0.003039517400949675,0.11190287164663283,15.000000000001679,0.22333916599745862,
771,77,ok,1.743165656733422,0.26227591625998853,-0.13762817881814593,0.109447125355509,15.000000000001679,0.24332637499901466,
772,77,ok,1.7601580265653443,0.24048425612143368,-0.04754603585855061,0.18193382622965948,15.000000000001679,0.23279541698866524,
773,77,ok,1.7310530484946205,0.2769268236252471,-0.166022545337488,0.08873973961146316,15.000000000001679,0.26160695898579434,
774,77,ok,1.829943710959233,0.1871418494170185,-0.24947807748197195,0.10282742665604092,15.000000000001679,0.23241445899475366,
775,77,ok,2.0220601648022036,-0.021126398274471873,-0.061444220867185255,0.07199322600748051,15.000000000001679,0.25828220800030977,
776,77,ok,2.219671784430829,-0.21938831546921775,-0.03547302858579831,0.08104379618012682,15.000000000001679,0.237934500008123,
777,77,ok,1.8020702401842434,0.19847523357334695,0.044335837751087445,0.184553932810593,15.000000000001679,0.26284929100074805,
778,77,ok,1.5992012884725444,0.4024062987573974,-0.0716877032845122,0.12671044323736197,15.000000000001679,0.23632791702402756,
779,77,ok,1.6053141937291968,0.39585148770208484,-0.06116544024861612,0.11495745489452018,15.000000000001679,0.23259791699820198,
780,77,ok,1.9346988529233007,0.0672596359276902,-0.08703066464396958,0.11761512132103348,15.000000000001679,0.2458652500063181,
781,78,ok,1.5686212972328426,0.4334483552515393,0.08055258200913618,0.09205371163138212,15.000000000001679,0.23373387500760145,
782,78,ok,1.7194295827444759,0.2817807926196124,-0.06450461538491066,0.1358710240138153,15.000000000001679,0.2494085000071209,
783,78,ok,1.509766329479929,0.49078816699367084,0.04091470084179627,0.11907169681033694,15.000000000001679,0.24976966698886827,
784,78,ok,1.52056919531099,0.4807511393413771,-0.06335279880311841,0.1071267924806251,15.000000000001679,0.22346325000398792,
785,78,ok,1.517342937916643,0.4831115040521269,-0.03713330185303124,0.1135192805872584,15.000000000001679,0.2435235000157263,
786,78,ok,1.907214431377423,0.09285165213680191,-0.015876602186273715,0.13083096165509325,15.000000000001679,0.24013462499715388,
787,78,ok,2.0433930043391326,-0.039943514138000596,-0.11868205133216828,0.07609140672719822,15.000000000001679,0.23837525001727045,
788,78,ok,1.7263574410073663,0.28579381011078464,-0.20446797467329972,0.09309382835613743,15.000000000001679,0.2622410839830991,
789,78,ok,1.5139988600454575,0.4867733185581092,0.04834830701593278,0.10503391102901302,15.000000000001679,0.2122806249826681,
790,78,ok,2.1241743456763444,-0.12177526902027307,-0.10092749181206226,0.08009837891927715,15.000000000001679,0.2753611660155002,
791,79,ok,1.6771117997594451,0.34150516056459645,-0.24919642143999599,0.09268043817310904,15.000000000001679,0.2191446250071749,
792,79,ok,1.5379069558087881,0.4646781416359777,0.08913246296776017,0.12343911274664157,15.000000000001679,0.27967775001889095,
793,79,ok,1.6443757055735553,0.35601863337183454,-0.03601009941554253,0.11404430370725482,15.000000000001679,0.24701150000328198,
794,79,ok,1.507763556134118,0.49386407503610075,-0.07003939419599123,0.11321223434948113,15.000000000001679,0.2568627499858849,
795,79,ok,1.5262775612539259,0.47519413482525846,0.06700945840655248,0.12120388244949101,15.000000000001679,0.20796883301227354,
796,79,ok,2.023081967172527,-0.022424308479084932,0.05158063950317949,0.08470940675751451,15.000000000001679,0.24300762498751283,
797,79,ok,1.6435922148940991,0.35836544599027853,-0.08019576012355012,0.10733241296225424,15.000000000001679,0.20223279198398814,
798,79,ok,1.5306374287697704,0.46968249554887537,0.031293352671385895,0.11324288321645623,15.000000000001679,0.27338470800896175,
799,79,ok,1.9231864563405463,0.07772080933145106,-0.0590665639289788,0.11013322589502776,15.000000000001679,0.23011087501072325,
800,79,ok,1.8476547505417984,0.15234579138902588,0.0014151331490702575,0.11917502108996114,15.000000000001679,0.2542638329905458,
801,80,ok,1.5273491480605617,0.47337114528708135,-0.04690159953824099,0.07528176823633935,15.000000000001679,0.24909599998500198,
802,80,ok,1.496152386150407,0.5099643803937991,0.1351510817134708,0.11176453742164134,15.000000000001679,0.2882479589898139,
803,80,ok,1.551774989645084,0.44890654581619943,-0.045986029141110836,0.11481685540754925,15.000000000001679,0.23264025000389665,
804,80,ok,1.7124721308503539,0.2888972097363945,-0.06846926384338742,0.11101750814186791,15.000000000001679,0.24084995800512843,
805,80,ok,1.6930374403509685,0.32403612036957186,-0.23983504457081026,0.0909366352669051,15.000000000001679,0.24770870900829323,
806,80,ok,1.6772618141664333,0.3264891365414259,-0.11210969247577751,0.09349708243323389,15.000000000001679,0.26767991701490246,
807,80,ok,2.095546732053057,-0.0944805336151416,-0.06683861552634636,0.07702830504040749,15.000000000001679,0.2899887500097975,
808,80,ok,1.9122698729084693,0.08842748135741388,0.05163886911825989,0.17490690716328922,15.000000000001679,0.25976954100769944,
809,80,ok,1.4857225693198324,0.5164551365554564,0.08041263043598483,0.08216188747949113,15.000000000001679,0.23542679200181738,
810,80,ok,1.9993389513196613,0.004671362122439892,0.1265696216699884,0.09163913284569636,15.000000000001679,0.25356237500091083,
811,81,ok,1.6715139294168644,0.33577007861317043,-0.15587682635784206,0.11481775888410968,15.000000000001679,0.22758483298821375,
812,81,ok,1.4698791938576317,0.5302177130370899,-0.016878194975721107,0.10827086223206556,15.000000000001679,0.27435849999892525,
813,81,ok,2.035020841972322,-0.030328773798729766,0.13811190226292766,0.0752095501747128,15.000000000001679,0.3038997080002446,
814,81,ok,1.5502169813067563,0.4557145881906703,-0.13548157071986222,0.11895264326329588,15.000000000001679,0.2265425410005264,
815,81,ok,1.5556739449780426,0.4451121236551871,-0.04944810491276873,0.09933944350611693,15.000000000001679,0.269108958018478,
816,81,ok,1.5847186102733608,0.4206897017537741,-0.13081305592389866,0.08758393959772545,15.000000000001679,0.25635491698631085,
817,81,ok,1.5317275766409724,0.4683661271718572,-0.016942510082330473,0.1121364824911763,15.000000000001679,0.2552314169879537,
818,81,ok,1.5328366471744044,0.4698287942809891,0.09035633961874567,0.12835780457578266,15.000000000001679,0.22423674998572096,
819,81,ok,1.6291266284047714,0.372874209333508,-0.08071699155346154,0.12685508333663248,15.000000000001679,0.27491683399421163,
820,81,ok,1.881909828180335,0.11858300330402748,0.04306606489156265,0.1790780239710007,15.000000000001679,0.272988541983068,
821,82,ok,1.9859936140700032,0.01732282573503463,-0.11472514011987503,0.07244956484813418,15.000000000001679,0.2508709999965504,
822,82,ok,1.6505651097067975,0.36011512278573393,-0.18746405219498583,0.12066859076857171,15.000000000001679,0.2795553340110928,
823,82,ok,1.5088573464531292,0.4916862977521127,0.04050021675065441,0.1216471317363807,15.000000000001679,0.22847125001135282,
824,82,ok,1.5636303336865336,0.4383790778124825,-0.07924591983734978,0.09251823432733497,15.000000000001679,0.2302614999935031,
825,82,ok,1.5656366346943256,0.44499684728194033,-0.18216274848022,0.11679266124672465,15.000000000001679,0.2604177909961436,
826,82,ok,1.5879012485634498,0.4141741177833997,-0.08115815720742009,0.1037809533272001,15.000000000001679,0.2834697919897735,
827,82,ok,1.8904821880730334,0.10952654671657908,-0.005746812339105721,0.12144815910996351,15.000000000001679,0.22653204199741594,
828,82,ok,1.9718845063213606,0.028169046651036315,0.01453264205686822,0.09567748707819158,15.000000000001679,0.23868316700099967,
829,82,ok,1.5824376317122102,0.4210436672095684,-0.10490832855374481,0.07665875242355415,15.000000000001679,0.24720229202648625,
830,82,ok,1.5291500232861743,0.4784738240678301,-0.15250537587027874,0.11694447632537361,15.000000000001679,0.2315090420015622,
831,83,ok,1.5185282622329899,0.4843351368640142,0.0932100094159275,0.09133642319800946,15.000000000001679,0.23290920900763012,
832,83,ok,1.6818293518205558,0.321064301382126,-0.09861484954945733,0.12919005449726628,15.000000000001679,0.2178695409966167,
833,83,ok,1.8966807283647464,0.10800849305019476,0.13328887042821663,0.18647669639489658,15.000000000001679,0.28406495798844844,
834,83,ok,1.5659075324839205,0.4424422409089481,0.16149373791308694,0.09456424794838957,15.000000000001679,0.23577529200701974,
835,83,ok,1.4690737221916188,0.5312728526134863,0.03190874118187442,0.10083023495372784,15.000000000001679,0.2658986669848673,
836,83,ok,1.5668580449771814,0.4331541896211386,-0.006191898571896343,0.11738308588523035,15.000000000001679,0.2910515000112355,
837,83,ok,1.569537244660592,0.43584336045391175,-0.12985056542291734,0.12010140561625934,15.000000000001679,0.2836264579964336,
838,83,ok,2.0626980432856517,-0.06250013900804076,0.02857261567077513,0.08236486202821285,15.000000000001679,0.23215975001221523,
839,83,ok,1.5877790701535355,0.41322553450137445,-0.0564727479336438,0.11743972137848355,15.000000000001679,0.24519299998064525,
840,83,ok,1.617487829441095,0.3945983865080039,-0.19736397287083685,0.0977563102607507,15.000000000001679,0.20842308399733156,
841,84,ok,1.7020338924689815,0.29893148585416596,-0.057317373411525256,0.11988069127896557,15.000000000001679,0.31734620899078436,
842,84,ok,1.450819023560293,0.5506717591023305,0.06575324525001358,0.12087247306915963,15.000000000001679,0.26700500000151806,
843,84,ok,1.5342370935538845,0.4733820651192714,-0.1527126063465933,0.09774787350028245,15.000000000001679,0.21269804201438092,
844,84,ok,1.5450928476267545,0.4574322369853893,-0.08829838217913538,0.11877706349847877,15.000000000001679,0.23202491700067185,
845,84,ok,1.551920058428285,0.4497081091433724,-0.07106983112568876,0.11648196286825657,15.000000000001679,0.2842402919777669,
846,84,ok,1.4880661470304775,0.5155246820783831,0.10331451214444656,0.08251471901144698,15.000000000001679,0.2146691250090953,
847,84,ok,1.891644788129551,0.10972246687061807,-0.07190863789554455,0.11347114327616685,15.000000000001679,0.26906449999660254,
848,84,ok,1.5611684915028976,0.4388361597676082,-0.0038108807753381374,0.12721710621196872,15.000000000001679,0.25610958301695064,
849,84,ok,2.018932800145547,-0.015469435753273985,0.1182057741733397,0.08623683407108701,15.000000000001679,0.25602683299803175,
850,84,ok,2.080505616422968,-0.07319498714369849,-0.1742589029282423,0.0913867732914791,15.000000000001679,0.24477420799667016,
851,85,ok,1.528488266423568,0.47152204802031683,0.005615238776469061,0.11998840229132977,15.000000000001679,0.22156500001437962,
852,85,ok,1.500128014398852,0.4998814990317083,0.005342530943996024,0.11583743443451985,15.000000000001679,0.27226341699133627,
853,85,ok,1.900782503548943,0.10104739868948952,0.08338551297337264,0.1810096848252918,15.000000000001679,0.22545454200007953,
854,85,ok,1.7695771475239632,0.24704186441286363,-0.24195259022774868,0.0938007821407161,15.000000000001679,0.25017962499987334,
855,85,ok,1.9302468094253935,0.07097610923068315,-0.06869915674968358,0.11516701881292327,15.000000000001679,0.22764812500099652,
856,85,ok,1.9889427362922407,0.013251469080544387,0.09339958853790811,0.07511090680183957,15.000000000001679,0.25343375001102686,
857,85,ok,1.4762621008170682,0.5265454811224887,0.09100313790340166,0.09260458381547565,15.000000000001679,0.2572033329925034,
858,85,ok,1.5512594000372484,0.453965179575252,-0.12720872705180594,0.1131271309282912,15.000000000001679,0.2547042919904925,
859,85,ok,1.9040686480368147,0.0961569340289983,0.029308643620593856,0.13536706692731953,15.000000000001679,0.26664954199804924,
860,85,ok,1.4851353963834635,0.5168577080530712,-0.07691610643732477,0.11915058906033385,15.000000000001679,0.21818620801786892,
861,86,ok,2.1177297232940453,-0.11678785702960638,-0.06315337880968981,0.07735867419486567,15.000000000001679,0.23910554201574996,
862,86,ok,1.5835595765911026,0.417163564698583,-0.04785134998822161,0.11021173247616967,15.000000000001679,0.19825166699592955,
863,86,ok,1.8925597122904363,0.11097514231512412,-0.11561726356169279,0.1227521663829477,15.000000000001679,0.24667666701134294,
864,86,ok,1.6248400745147575,0.3797769211808448,-0.12240278841146068,0.12907436650796328,15.000000000001679,0.23027462500613183,
865,86,ok,1.5115091086406327,0.4907391292177452,0.08241000806449433,0.11177808454561636,15.000000000001679,0.2505689160025213,
866,86,ok,1.5270705844948536,0.4729659603828465,-0.010564652382901432,0.1225239262739026,15.000000000001679,0.251355207990855,
867,86,ok,1.5620109482800517,0.43836787280970857,-0.03439915513310625,0.12882299067553676,15.000000000001679,0.2859362089948263,
868,86,ok,2.1252865396952108,-0.123859817184383,-0.07786111198255677,0.08094713125341714,15.000000000001679,0.25120995900942944,
869,86,ok,2.035132910862359,-0.03436134499937275,-0.056034657556210024,0.07420725965300941,15.000000000001679,0.22584541700780392,
870,86,ok,1.5673812097344062,0.4346125471222552,-0.07903150638458792,0.12157187633887519,15.000000000001679,0.25196820800192654,
871,87,ok,1.71110678208541,0.2916280954856922,-0.09670499245046213,0.10406328904288868,15.000000000001679,0.2535706670023501,
872,87,ok,1.489023878885792,0.5117180040496682,-0.04699800444898079,0.11015057777304577,15.000000000001679,0.2615600829885807,
873,87,ok,2.11562988958694,-0.11550985421688424,-0.02253633565832855,0.07362282334946593,15.000000000001679,0.31176466698525473,
874,87,ok,2.1254769408632606,-0.11597989295512748,-0.20070206464072846,0.08919480594038023,15.000000000001679,0.250028000009479,
875,87,ok,1.4713221461814123,0.5327540639871926,0.10944505972303444,0.09022875008736989,15.000000000001679,0.24860583400004543,
876,87,ok,2.1576660973182813,-0.156834805714673,-0.05988829914474689,0.07612745417193909,15.000000000001679,0.23344629199709743,
877,87,ok,1.5447812430896402,0.45588132641585793,-0.04523948375394847,0.10773305601197498,15.000000000001679,0.2363189999887254,
878,87,ok,1.9139580516778938,0.0860891575791569,-0.013442873449451895,0.1342332638649024,15.000000000001679,0.2557995409879368,
879,87,ok,1.899735590597732,0.10244067728301767,-0.09090616565218097,0.12058936132071728,15.000000000001679,0.24347337501239963,
880,87,ok,1.855259608237726,0.15148978146561126,-0.1581081463187366,0.1037959869783363,15.000000000001679,0.2554446250142064,
881,88,ok,1.5206422961578847,0.48669709009278256,-0.14922230306047296,0.1137522568884717,15.000000000001679,0.24153841598308645,
882,88,ok,1.5032640872573435,0.5019580830599935,0.12519317524675583,0.11107897261021574,15.000000000001679,0.21576954101328738,
883,88,ok,1.8259616542092933,0.18415337916673566,-0.1919297065364133,0.1136515560323357,15.000000000001679,0.25508770800661296,
884,88,ok,1.542348999981469,0.458725536505113,0.057562712951926935,0.1162429023183498,15.000000000001679,0.22074037499260157,
885,88,ok,1.570606442849894,0.4294858560458903,-0.017027094928006567,0.11044896388119975,15.000000000001679,0.23476079100510105,
886,88,ok,1.953580545704901,0.05978215696842116,-0.22810451582234462,0.09052373260018345,15.000000000001679,0.25726445799227804,
887,88,ok,1.62630218528085,0.3820601299243547,-0.1647099713705011,0.0901520631824046,15.000000000001679,0.2064756669860799,
888,88,ok,1.5359901975455277,0.4655728623358977,0.06927659168795418,0.11705585779097086,15.000000000001679,0.2199455839872826,
889,88,ok,1.553484927954515,0.44795535767342004,-0.06687936607955727,0.11618277752604426,15.000000000001679,0.2365546670043841,
890,88,ok,1.9434556083301695,0.061368423104353885,0.13684776437008128,0.18749892061264975,15.000000000001679,0.24098154201055877,
891,89,ok,1.5056349348611955,0.49958293156926464,-0.1252404800222118,0.10151206462619784,15.000000000001679,0.2495926659903489,
892,89,ok,1.5393210605798493,0.46073847609858426,0.01353841133085699,0.10464567676815632,15.000000000001679,0.26816549999057315,
893,89,ok,1.4569135901883417,0.547905699680296,0.11840334562212736,0.12217374108501171,15.000000000001679,0.21078412502538413,
894,89,ok,1.4639399604045114,0.5362141485532151,-0.02124120461211172,0.10570736788710118,15.000000000001679,0.23632166601601057,
895,89,ok,1.518441078665635,0.4815897783500046,0.009680297932856682,0.1090599659351036,15.000000000001679,0.2616080419975333,
896,89,ok,1.969566119940914,0.030769452852273536,0.03635592110472486,0.11784105056858803,15.000000000001679,0.23731650001718663,
897,89,ok,1.9159505244409376,0.0849977828670205,-0.06027371302049436,0.0979347518695092,15.000000000001679,0.25678391597466543,
898,89,ok,1.631506949235032,0.37240972831766234,-0.11298156012029544,0.13124413375352645,15.000000000001679,0.25226162499166094,
899,89,ok,1.978621811936786,0.021474897053619376,0.019562507074099643,0.10647897818074417,15.000000000001679,0.23484154100879095,
900,89,ok,2.058115209367524,-0.056933202110649596,-0.0697425055813004,0.07349409467808013,15.000000000001679,0.2711658750195056,
901,90,ok,1.6580220337512366,0.3618444990464982,-0.2558976731046375,0.11664876472549005,15.000000000001679,0.2593599579995498,
902,90,ok,2.0341637916824213,-0.029916339524479477,-0.13138487707244761,0.08644455136832056,15.000000000001679,0.27886029198998585,
903,90,ok,1.8168440570033715,0.18869701448489115,0.14178794776892617,0.17025201771450602,15.000000000001679,0.23163937500794418,
904,90,ok,1.606384736233869,0.3951691513368159,-0.07063899761576849,0.11236457909875851,15.000000000001679,0.2513363749894779,
905,90,ok,1.5261368589948148,0.4780632168994566,0.11314654492351475,0.12333146375054262,15.000000000001679,0.23307587500312366,
906,90,ok,2.0237338288703732,-0.022736211137033314,-0.0635360548770488,0.07379832078264893,15.000000000001679,0.24377195799024776,
907,90,ok,1.887325833714852,0.11326585714411337,0.047255441901690495,0.18386419349239663,15.000000000001679,0.31004583300091326,
908,90,ok,2.0806625988045955,-0.07901308655927099,-0.08283378525448522,0.07833241633233826,15.000000000001679,0.2710522090201266,
909,90,ok,1.9150561901949714,0.09135875384286211,-0.156616745821789,0.10647648307719579,15.000000000001679,0.22723633298301138,
910,90,ok,1.495224634669752,0.504885391553827,0.018138790867636496,0.12245430358100795,15.000000000001679,0.24293945799581707,
911,91,ok,1.4878156897084291,0.512184832133392,-0.001246117420475155,0.10684750266620052,15.000000000001679,0.23749699999461882,
912,91,ok,1.4293098049909045,0.5728590688160574,0.07871010851578789,0.1202166789799965,15.000000000001679,0.23762949998490512,
913,91,ok,1.4715659854953762,0.5329776946437247,0.11555087734040193,0.09674614773201932,15.000000000001679,0.2622356670035515,
914,91,ok,1.8145092283393078,0.18631771428196778,-0.05477505090025216,0.12895586044334215,15.000000000001679,0.2337859999970533,
915,91,ok,1.6170723173504646,0.38360705518198485,-0.046869259475128384,0.10303147495880172,15.000000000001679,0.2625904169981368,
916,91,ok,1.502056784082783,0.504106253670224,0.13592822481214203,0.09366734009200016,15.000000000001679,0.19887583301169798,
917,91,ok,1.6600253824606857,0.3457661709304334,0.13854497167196483,0.11271233267936893,15.000000000001679,0.2577115829917602,
918,91,ok,1.5373366484956514,0.4628743313523458,-0.0254686001253294,0.11052200499312433,15.000000000001679,0.24336183301056735,
919,91,ok,1.5435187373959556,0.45926374631594197,0.09263848701278792,0.10621159581390179,15.000000000001679,0.25570479198358953,
920,91,ok,1.6642866807329442,0.3452931885573865,-0.17831299400352182,0.08980678788841363,15.000000000001679,0.2786132500041276,
921,92,ok,1.5364040060912543,0.4647685372103062,-0.060013545086690406,0.11581495198229161,15.000000000001679,0.2477696249843575,
922,92,ok,1.460245957462187,0.5439811684192758,0.11102890779865818,0.12122912161202719,15.000000000001679,0.22418841600301675,
923,92,ok,1.5617769685777416,0.44091050490302225,0.09158190791925525,0.09289023110714839,15.000000000001679,0.2401663750060834,
924,92,ok,1.9381873751556171,0.06276909166196942,0.06088274790471735,0.1844982926795022,15.000000000001679,0.2597925000009127,
925,92,ok,1.4721220117529246,0.5328097955338019,-0.12039983972544578,0.1254259928869801,15.000000000001679,0.2471048329898622,
926,92,ok,1.5366452536757733,0.46362475701192946,0.028805353280750713,0.11858279066421441,15.000000000001679,0.275145124993287,
927,92,ok,1.8922930035608518,0.1078759081781936,0.02528304714337787,0.10829936114114887,15.000000000001679,0.24286420899443328,
928,92,ok,1.5292377358530225,0.4711542560285948,0.0346228811250568,0.1133108654045058,15.000000000001679,0.28792595901177265,
929,92,ok,2.0785011182576993,-0.07754814247518182,-0.06293341160645888,0.07415677779356071,15.000000000001679,0.2894888749870006,
930,92,ok,1.884786272483312,0.11578465364615083,-0.04638773012534622,0.12626266888565163,15.000000000001679,0.24287966699921526,
931,93,ok,1.5385611523494431,0.4646412232750792,-0.09921615923125267,0.1275554275572922,15.000000000001679,0.24008083299850114,
932,93,ok,1.4751884103949189,0.5343314539037861,0.16732172347814814,0.12475126983349316,15.000000000001679,0.2757638329931069,
933,93,ok,1.548123412045713,0.4518848650105533,0.005062384879507504,0.08821385392408346,15.000000000001679,0.2527906670002267,
934,93,ok,2.0492363359488093,-0.04855190694821456,-0.05295890021267001,0.07599436758141646,15.000000000001679,0.26264062500558794,
935,93,ok,2.026757353695298,-0.02389382781913037,0.10769932438782881,0.08737505754930881,15.000000000001679,0.23668487500981428,
936,93,ok,1.6431388523353077,0.35848880773919745,-0.0731183543052666,0.11574149474003488,15.000000000001679,0.24936016701394692,
937,93,ok,1.5165505115642295,0.49399148603199144,-0.17850436964286515,0.11258621895934834,15.000000000001679,0.25212270801421255,
938,93,ok,1.7373048524552694,0.2728431148177556,-0.18750265153376636,0.09542255906078073,15.000000000001679,0.24802099997759797,
939,93,ok,1.739260167885677,0.29009896903170157,-0.3182206716843879,0.11999975522267398,15.000000000001679,0.2613134999992326,
940,93,ok,1.4814086233126125,0.5191448196168185,0.04049004763228165,0.1115281845534856,15.000000000001679,0.21608945800107904,
941,94,ok,1.8817074054865717,0.12079880355477218,-0.09708564848539335,0.11189231910958755,15.000000000001679,0.2688480420038104,
942,94,ok,1.5658221164373352,0.44067099602205934,-0.14244984267263888,0.1131471061498828,15.000000000001679,0.31176554202102125,
943,94,ok,1.804230792939996,0.19879218986447697,-0.10439913265769996,0.13948982769671409,15.000000000001679,0.2524343339900952,
944,94,ok,1.5741612210995473,0.4279473062659736,-0.08144862268453996,0.09409731500489735,15.000000000001679,0.27342299997690134,
945,94,ok,1.4945891358939922,0.5065240572238348,0.05767402778716559,0.11545969919304915,15.000000000001679,0.2772737499908544,
946,94,ok,1.7842755082568027,0.22265712507150232,-0.15713495570996935,0.1035023392879846,15.000000000001679,0.2701255829888396,
947,94,ok,1.5964844708228092,0.4045036384830855,-0.05616071549288306,0.1294968049744133,15.000000000001679,0.2577030420070514,
948,94,ok,1.634923380487882,0.3712208507800796,-0.14160841476535263,0.13411872457905377,15.000000000001679,0.25345262500923127,
949,94,ok,1.8520530629301473,0.15299269855220993,-0.13661836006735129,0.11466407847345991,15.000000000001679,0.2818376249924768,
950,94,ok,1.8240064445305868,0.19234215181340225,-0.24366496173744773,0.09196246932154667,15.000000000001679,0.21846570901107043,
951,95,ok,1.6084923441486012,0.39504563391773284,-0.10662600047891699,0.09355869663312393,15.000000000001679,0.2720388330053538,
952,95,ok,1.5279351169469348,0.47254991408278785,0.03849618982632433,0.11717031110641396,15.000000000001679,0.23880037499475293,
953,95,ok,1.9232032719797951,0.07829824856152368,0.07598160219475493,0.12234256513954443,15.000000000001679,0.23686054200516082,
954,95,ok,1.6354661627281573,0.376693414075262,-0.19906103968917452,0.09278880710413517,15.000000000001679,0.25216016700142063,
955,95,ok,1.4991122688237521,0.5041286372964489,-0.09852137220582353,0.11765461048798204,15.000000000001679,0.19921349998912774,
956,95,ok,1.6141220658592066,0.3955350891386462,-0.17630199462360366,0.11367931734001101,15.000000000001679,0.22643074998632073,
957,95,ok,1.9526361897575906,0.06747015116484488,-0.2794932430528754,0.10366521289322433,15.000000000001679,0.2544537920039147,
958,95,ok,2.087874745008691,-0.0856994913950315,0.09528159549259382,0.1851183591637817,15.000000000001679,0.24970904100337066,
959,95,ok,1.5009133823022183,0.4991682734723431,0.015655983581272476,0.11046384808437837,15.000000000001679,0.2417997500160709,
960,95,ok,1.9473410180045243,0.056007045968257604,-0.11414217046226462,0.1179727552886148,15.000000000001679,0.25808362499810755,
961,96,ok,1.510452734127459,0.49507370045765026,0.12909025903950275,0.09260027291025366,15.000000000001679,0.24412070799735375,
962,96,ok,1.7564014184501089,0.2578292461911663,-0.2231300233198445,0.10583085926498877,15.000000000001679,0.22970320799504407,
963,96,ok,1.5388613984074704,0.4640779264309846,-0.09506727845084854,0.11199361669929808,15.000000000001679,0.24755249998997897,
964,96,ok,1.5576677616081729,0.4434831261030882,-0.059867159842447365,0.1256509781088464,15.000000000001679,0.22454508297960274,
965,96,ok,1.5356987352440485,0.471512122471448,0.14864526120409108,0.1222501990250754,15.000000000001679,0.23790158398333006,
966,96,ok,2.086349168057154,-0.08577651836412209,-0.04887910078572802,0.0749617470516857,15.000000000001679,0.2579445829906035,
967,96,ok,1.9788127277821599,0.02128071670859345,0.019230433261256355,0.10354298936231067,15.000000000001679,0.25734529198962264,
968,96,ok,1.4923191704727377,0.5090326597252851,-0.06350509266650689,0.11762592135749456,15.000000000001679,0.22493791600572877,
969,96,ok,1.8383665788270953,0.1640387869601178,0.0940111821091702,0.18229590547380656,15.000000000001679,0.2673343339993153,
970,96,ok,1.474608471278308,0.5300289372857143,0.11685554479091954,0.0954307388067734,15.000000000001679,0.21265124998171814,
971,97,ok,2.0787244605518165,-0.07836628814396158,-0.038586982301432565,0.07197975526919125,15.000000000001679,0.27140537500963546,
972,97,ok,1.6140120467578871,0.39169468259706064,-0.13560565288001325,0.11104334186198087,15.000000000001679,0.22626870800741017,
973,97,ok,1.973649134799349,0.02662804890824255,0.03307642572178623,0.1308110176006269,15.000000000001679,0.23580424999818206,
974,97,ok,1.7946874692514625,0.21207477987520548,-0.15564870551958834,0.12613381295861814,15.000000000001679,0.24393741699168459,
975,97,ok,2.0310804104050404,-0.014522088445480063,-0.25882115194930944,0.0812612243483906,15.000000000001679,0.24353316699853167,
976,97,ok,1.6527380312958573,0.35475777013833065,-0.15722914860644882,0.1370211224803159,15.000000000001679,0.24248416698537767,
977,97,ok,1.563455408608492,0.43788814468939996,-0.06480251696671713,0.11601998584837676,15.000000000001679,0.2125579999992624,
978,97,ok,1.4454959088376726,0.5547045389208806,-0.024071822750779046,0.1183257724086328,15.000000000001679,0.2541094170010183,
979,97,ok,1.9770683414596966,0.022931659860524846,7.225188960187246e-05,0.10340081372665556,15.000000000001679,0.23164974999963306,
980,97,ok,2.038254311711853,-0.03594820697086138,-0.09693058208891299,0.07621757837148861,15.000000000001679,0.23693470799480565,
981,98,ok,1.6599112268499792,0.35583398941023814,-0.22808641047627237,0.12469835470265826,15.000000000001679,0.21040929199079983,
982,98,ok,1.5541744777331157,0.4469816544442403,-0.05993601258219838,0.11742117851915805,15.000000000001679,0.23798312500002794,
983,98,ok,1.7454562210431772,0.26886676709923596,-0.22314826803019908,0.12046004075437837,15.000000000001679,0.2393309170147404,
984,98,ok,1.5219361982903332,0.487199327460595,0.16650500542252802,0.1106663560457191,15.000000000001679,0.2692983750021085,
985,98,ok,1.5175716193109818,0.48430123553016513,0.07537158033881794,0.12398842237698261,15.000000000001679,0.2764697920065373,
986,98,ok,1.9661186330195688,0.035218819622298385,0.07250787778127064,0.18499918756862574,15.000000000001679,0.26434008398791775,
987,98,ok,1.5420490495948123,0.4682921253166354,-0.17828701015282544,0.126530141727569,15.000000000001679,0.2383593329868745,
988,98,ok,1.6280624362512925,0.38114365366708597,-0.17289137130042756,0.12390263047003058,15.000000000001679,0.24612241698196158,
989,98,ok,1.5063055091914608,0.4939814065628163,-0.029398694563416133,0.11153405607912299,15.000000000001679,0.24735845901886933,
990,98,ok,2.0732661568037654,-0.07233730887267216,-0.062053486624258525,0.07444953304731584,15.000000000001679,0.281264666991774,
991,99,ok,1.46700501360144,0.5346959452847903,-0.0706239135628057,0.12703722793086117,15.000000000001679,0.23800608300371096,
992,99,ok,1.5568246799127698,0.4596910319160823,-0.22616667930036674,0.11513191091553944,15.000000000001679,0.22901429099147208,
993,99,ok,1.6561078228827928,0.34727658377163567,-0.10582263682231988,0.11549107858924555,15.000000000001679,0.2532433750166092,
994,99,ok,1.5851853781063667,0.4175654392586144,-0.09334636540028048,0.12120563135906157,15.000000000001679,0.2555157080059871,
995,99,ok,1.6020304640974388,0.3999395349976288,0.07942365033571748,0.10761215725623591,15.000000000001679,0.21826799999689683,
996,99,ok,2.105069417999608,-0.10106994327170837,-0.1297009948976043,0.08662260662456364,15.000000000001679,0.256846833974123,
997,99,ok,1.7464879838867224,0.26867660199464494,-0.2296509729565692,0.11421445807456557,15.000000000001679,0.24829550000140443,
998,99,ok,2.098818080529976,-0.0982513825872861,-0.0487695666381792,0.07608886382463298,15.000000000001679,0.2654728749766946,
999,99,ok,1.6560618498875161,0.3445509672373447,-0.04504831382029175,0.11108277762623724,15.000000000001679,0.33265320799546316,
1000,99,ok,1.971059735662708,0.028941183644240538,-0.0019036851045051715,0.07550515970210259,15.000000000001679,0.27504599999519996,
1001,100,ok,1.709551737493184,0.29371841979908736,-0.10568969785670064,0.12033922614214514,15.000000000001679,0.251651792001212,
1002,100,ok,1.8724013749207302,0.13254493459197744,-0.13600914486518498,0.11611561460439117,15.000000000001679,0.24409887500223704,
1003,100,ok,1.5051045350560681,0.49509045777898647,-0.02422666255352658,0.08649753615230026,15.000000000001679,0.2606321250204928,
1004,100,ok,1.509490283973487,0.49114262282713905,0.04370735363063964,0.09681315318545593,15.000000000001679,0.2231245000148192,
1005,100,ok,1.842756376752114,0.15805837077498439,0.05479140980549949,0.17394756871944164,15.000000000001679,0.28275391599163413,
1006,100,ok,1.9348195976171627,0.06754516173362322,-0.09563039989621736,0.1475547986518142,15.000000000001679,0.2552701250242535,
1007,100,ok,1.4472891172627487,0.5553683541781299,0.08766525444656866,0.08846086267156852,15.000000000001679,0.24189254100201651,
1008,100,ok,2.0343911169285764,-0.0327851194309858,-0.08082001520573028,0.07465938525528759,15.000000000001679,0.2503597920003813,
1009,100,ok,1.5991465874416206,0.40316284750823944,-0.08591226075588153,0.11681481764690049,15.000000000001679,0.24469041702104732,
1010,100,ok,1.4293407651643861,0.5710242975286488,-0.032302704332940205,0.11683921940685889,15.000000000001679,0.2683924580051098,
1011,101,ok,1.4675041889944151,0.5367857604680603,-0.11212775725538825,0.12700821443485283,15.000000000001679,0.22347666599671356,
1012,101,ok,1.4827509905161358,0.5173130104347418,-0.013776460013125132,0.1081781972263309,15.000000000001679,0.2590026249818038,
1013,101,ok,1.4815336305325557,0.5225428940669126,-0.1098289512232572,0.12705291592747184,15.000000000001679,0.23277475000941195,
1014,101,ok,1.621017708867047,0.38655740760695534,-0.15652927366017644,0.11037531277485414,15.000000000001679,0.24614120801561512,
1015,101,ok,1.5757006012041328,0.4273895801244128,-0.09863494276266944,0.12868400930650073,15.000000000001679,0.23795616699499078,
1016,101,ok,1.5580946808194955,0.444368161176049,0.08757063683232275,0.11761864961679071,15.000000000001679,0.267373165988829,
1017,101,ok,1.520431163558672,0.4802473735637466,-0.04541891192539891,0.11780256513828857,15.000000000001679,0.23936679199687205,
1018,101,ok,1.498231713514851,0.5020303803141598,0.028022952733528606,0.09627479264284328,15.000000000001679,0.2457187090185471,
1019,101,ok,1.5806808061195292,0.42719982938228007,-0.1576433764531705,0.11424777795729135,15.000000000001679,0.22602237499086186,
1020,101,ok,1.5538027049606171,0.4488766237166814,-0.09120919630371306,0.11595813316505474,15.000000000001679,0.2595486250065733,
1021,102,ok,1.8313448012642295,0.19947828738675882,-0.3345823419216886,0.11070754712514574,15.000000000001679,0.2462177500128746,
1022,102,ok,1.6380827157783906,0.37558301204519373,-0.21115026160472064,0.10941798336739143,15.000000000001679,0.2769989579974208,
1023,102,ok,1.9220309751823574,0.08751392857265461,-0.19131151600685914,0.1272131979491136,15.000000000001679,0.2549496249994263,
1024,102,ok,1.4796177184255723,0.5240120963178289,0.10357751137580772,0.11718133488047557,15.000000000001679,0.2568464590003714,
1025,102,ok,1.4780086363014302,0.5226465503393222,0.04400356527951115,0.11882524457818824,15.000000000001679,0.31349495801259764,
1026,102,ok,1.4873308507128367,0.5127839844884314,0.0184819557424026,0.12006968244947916,15.000000000001679,0.34706674999324605,
1027,102,ok,1.7483578220319373,0.2520745052632069,-0.03887851218085019,0.12799060448056385,15.000000000001679,0.46556574999704026,
1028,102,ok,1.5095473446595187,0.4922550953384557,0.07374610658030911,0.11902885256021876,15.000000000001679,0.2537083750066813,
1029,102,ok,1.5834762575547137,0.4197781722223178,0.10146937101629694,0.1242326296665427,15.000000000001679,0.2567057500127703,
1030,102,ok,1.5300545950631603,0.47138369473636416,-0.06632688109690041,0.12290334719128625,15.000000000001679,0.33704004099126905,
1031,103,ok,1.955242750795209,0.045169332967194456,0.04014072452376818,0.18593956814988954,15.000000000001679,0.30341729198698886,
1032,103,ok,1.7571244626971998,0.243661065099568,-0.0525349708455159,0.14235077935646573,15.000000000001679,0.2719282500038389,
1033,103,ok,1.5814449582666132,0.4187102768372767,0.022157785242387158,0.11428155068816723,15.000000000001679,0.2752809999801684,
1034,103,ok,1.8993910894405877,0.1007132920043624,0.019912595948178256,0.18415872731517832,15.000000000001679,0.25176454198663123,
1035,103,ok,1.4671629801738224,0.5355268767594702,0.08880136090545038,0.0954288781339284,15.000000000001679,0.2758372079988476,
1036,103,ok,1.484184509057839,0.5162340961390357,0.035247687398092094,0.1191128105347184,15.000000000001679,0.21993620798457414,
1037,103,ok,2.0023325686806452,-0.0019995344305392387,-0.03651821106155885,0.11862875029274655,15.000000000001679,0.2943737919849809,
1038,103,ok,1.5368641055228862,0.4702909662944886,-0.14812680731188263,0.1355785882655487,15.000000000001679,0.23509254201781005,
1039,103,ok,1.7816428582565,0.21897371487425968,0.04686839092177728,0.1804433972483112,15.000000000001679,0.28375395899638534,
1040,103,ok,1.5212695290317808,0.48077210299899276,-0.07878817763137641,0.12586899852345468,15.000000000001679,0.23598191697965376,
1041,104,ok,1.590406960964971,0.40960166265418047,-0.005237370856371272,0.11916272092693095,15.000000000001679,0.22334029199555516,
1042,104,ok,1.8526780560043792,0.15610382850212687,-0.18017460402523847,0.11272969318161657,15.000000000001679,0.26683741598390043,
1043,104,ok,1.8536302261003712,0.15517076489282608,-0.18041648596176763,0.12257833868042996,15.000000000001679,0.22061854202183895,
1044,104,ok,1.6139223486255596,0.39441229389883803,-0.16380923481248433,0.11006293081110512,15.000000000001679,0.2509246660047211,
1045,104,ok,1.4681297548439818,0.5322656871027804,-0.034072918900165915,0.11627022867996245,15.000000000001679,0.20507399999769405,
1046,104,ok,1.5289449645294748,0.47883980954317046,-0.1540921137806186,0.11025516639847055,15.000000000001679,0.2468148750194814,
1047,104,ok,1.6183660650143037,0.38172566556037457,-0.017230754013384985,0.11742044176853636,15.000000000001679,0.22618641599547118,
1048,104,ok,1.479602196259749,0.5234447294746616,0.09490622877618315,0.10198464023754028,15.000000000001679,0.21550295798806474,
1049,104,ok,1.5900090476817212,0.4216767905914608,0.19241782233479096,0.09174546914327322,15.000000000001679,0.23380337498383597,
1050,104,ok,1.5273858084541052,0.4792753864341251,-0.14249230702715313,0.08667079116616679,15.000000000001679,0.2547405420045834,
1051,105,ok,2.085979915736538,-0.08577756131016981,-0.02905466556709391,0.07221593646555664,15.000000000001679,0.22579687502002344,
1052,105,ok,1.9140322179615825,0.08626117720904428,0.03351193127263527,0.11812294063264964,15.000000000001679,0.253498457983369,
1053,105,ok,1.6076509012625275,0.3949174230350647,-0.09083689478300955,0.11603438980717092,15.000000000001679,0.23622229200555012,
1054,105,ok,2.070277204005099,-0.06445270750697979,0.1551860814966076,0.07620116114057505,15.000000000001679,0.2613287089916412,
1055,105,ok,1.5039529790987451,0.4963285077003302,-0.029096504691726678,0.10848967847378044,15.000000000001679,0.2675509999971837,
1056,105,ok,1.7342802397257526,0.2736075383355199,-0.16521809286900527,0.1111048741351747,15.000000000001679,0.2686338330095168,
1057,105,ok,1.555414708154593,0.4506921815010639,-0.1376960343717472,0.11266315186309117,15.000000000001679,0.2320354160037823,
1058,105,ok,1.461237929111503,0.5431448955181514,0.11309062745982049,0.12482718465734725,15.000000000001679,0.25103200000012293,
1059,105,ok,2.004757849161583,-0.0017147575101370209,-0.11041767676014955,0.09914512683251997,15.000000000001679,0.26314424999873154,
1060,105,ok,1.533381179837444,0.4701413676363579,0.10387688704479907,0.11873028804263523,15.000000000001679,0.23182333301519975,
1061,106,ok,1.460655691770294,0.5429201927819115,-0.102144433515752,0.11503094287859801,15.000000000001679,0.25046099998871796,
1062,106,ok,1.5703867487270435,0.4371092277846932,-0.1532546074404847,0.11169843019324362,15.000000000001679,0.24185462499735877,
1063,106,ok,1.988049317522813,0.01563295467868484,-0.12094427785421254,0.10652398887661357,15.000000000001679,0.23389304100419395,
1064,106,ok,2.0637222922073777,-0.05814183164657669,-0.1516637734600735,0.07387003330140307,15.000000000001679,0.2698605000041425,
1065,106,ok,1.5843634827114403,0.4328381633340757,-0.23283346633895094,0.12150048101455492,15.000000000001679,0.23610354101401754,
1066,106,ok,1.9117736515005406,0.0947187016160753,-0.1574219444682867,0.11213062639196371,15.000000000001679,0.2683313339948654,
1067,106,ok,1.7575572275853684,0.24955950144292866,-0.15800464945322923,0.12052387637432256,15.000000000001679,0.2651823339983821,
1068,106,ok,1.598518886781821,0.4192569936813181,-0.23772711114378045,0.12392376184798781,15.000000000001679,0.2542834999912884,
1069,106,ok,1.910647746949658,0.09500027910864219,-0.14680216731252144,0.11051612025225811,15.000000000001679,0.2421712089853827,
1070,106,ok,1.8396218179379036,0.1741196546448644,-0.22443127562567486,0.10722464281412718,15.000000000001679,0.25112254201667383,
1071,107,ok,1.8972085926835491,0.10980106720176427,-0.16293691601568738,0.11413806342222337,15.000000000001679,0.27312895900104195,
1072,107,ok,1.4435756317042325,0.5574228515596455,0.05368216880835885,0.11880730436219752,15.000000000001679,0.23274154201499186,
1073,107,ok,1.5928063630744953,0.4080927251387107,-0.05351017187698558,0.1099456825601603,15.000000000001679,0.251169958995888,
1074,107,ok,1.7783495011332324,0.22433713538716715,0.09771560477101422,0.1806766259221708,15.000000000001679,0.2747502090060152,
1075,107,ok,1.5661883612478646,0.4451122212404648,-0.1878030307862752,0.09022010325590589,15.000000000001679,0.28754433401627466,
1076,107,ok,1.6483451504971756,0.35399571868875274,-0.08781594998974307,0.12014236432899383,15.000000000001679,0.2576055829995312,
1077,107,ok,1.6453506047110642,0.3587284248469796,-0.11578527116083272,0.12171940990227284,15.000000000001679,0.2726753749884665,
1078,107,ok,1.5023433540670956,0.4990187815015061,-0.0639604192008429,0.11819329120301185,15.000000000001679,0.27184570900863037,
1079,107,ok,1.5084251158149493,0.4917505321290966,0.02301896367084227,0.10855686810519519,15.000000000001679,0.22931604197947308,
1080,107,ok,2.025803470616774,-0.023460982945027124,-0.09739277212458233,0.0711130701791375,15.000000000001679,0.25192912499187514,
1081,108,ok,1.5622128429307502,0.44812033884714797,-0.17938362221196869,0.10797396603275976,15.000000000001679,0.2915736669965554,
1082,108,ok,1.6629529255252626,0.3403181293097358,-0.10425219717154142,0.12296672346647669,15.000000000001679,0.19763279100880027,
1083,108,ok,1.5294787175329925,0.4710398664274415,0.03982533530494523,0.12311111283164158,15.000000000001679,0.24670270801289007,
1084,108,ok,1.9654539160352462,0.034560350675180374,0.007488719531066808,0.14609778120564146,15.000000000001679,0.25792141701094806,
1085,108,ok,1.8067148618808104,0.19448091415595004,-0.06572231579807489,0.1095000875065574,15.000000000001679,0.31464029199560173,
1086,108,ok,1.624058824808223,0.3862418714366344,-0.1826246668255156,0.11372539303758007,15.000000000001679,0.323891249980079,
1087,108,ok,1.6974253123754126,0.3174166087309241,-0.22397728125464536,0.11475257379257078,15.000000000001679,0.34369316598167643,
1088,108,ok,1.620829945418767,0.38143246430677674,-0.08560866992407709,0.12265749473884816,15.000000000001679,0.3307841249916237,
1089,108,ok,1.8369524075053794,0.16315704097381561,0.02005221473403695,0.18547516229517025,15.000000000001679,0.24420691700652242,
1090,108,ok,2.0202143447995446,-0.01707725251073877,0.11254046533396149,0.07503323934450037,15.000000000001679,0.26994774999911897,
1091,109,ok,1.5430649762035338,0.4577391414055034,0.04980928461018843,0.11227366492600761,15.000000000001679,0.257457958010491,
1092,109,ok,1.563671643821122,0.44458627339133006,0.16049033854902345,0.12628652646961314,15.000000000001679,0.24829420799505897,
1093,109,ok,1.7957464606621918,0.2176763964253821,-0.21915273925182258,0.13601236686172624,15.000000000001679,0.24258074999670498,
1094,109,ok,1.5677362864015947,0.4326976736894209,0.03688470742339085,0.11802663894933642,15.000000000001679,0.26692262501455843,
1095,109,ok,1.644299461054629,0.37474257415028694,-0.24951756921088433,0.11037089373201212,15.000000000001679,0.23091716700582765,
1096,109,ok,1.4886093794445558,0.5148823101920557,-0.10189863585848556,0.1207704889992059,15.000000000001679,0.2554093329817988,
1097,109,ok,2.0319270510654204,-0.03077217980591225,-0.06849740562795045,0.07548156505409767,15.000000000001679,0.24288770800922066,
1098,109,ok,1.795267812724576,0.21410442916474604,-0.18320351927816753,0.11356187334050753,15.000000000001679,0.28861487499671057,
1099,109,ok,1.4591081751295198,0.5437329237043458,0.09101026989908738,0.09496185186007156,15.000000000001679,0.2812919169955421,
1100,109,ok,2.0049650573449203,-0.004614514344517855,-0.03749039948322383,0.07303149149088156,15.000000000001679,0.2339464160031639,
1101,110,ok,1.567801702608311,0.4337170044526016,0.06899098898107789,0.1063531718022691,15.000000000001679,0.26261062498087995,
1102,110,ok,1.4448655006463869,0.5557898294992399,0.0435120486796396,0.11939198072922931,15.000000000001679,0.2483920419763308,
1103,110,ok,1.527275310373112,0.47294104069000875,0.025706195097143263,0.11734228958929015,15.000000000001679,0.21875004199682735,
1104,110,ok,2.1043742905663296,-0.1043729436627112,-0.002380919335110814,0.08002159673596444,15.000000000001679,0.24931533299968578,
1105,110,ok,1.5209551157065684,0.48118201282953454,-0.08060016030652208,0.1299260777123468,15.000000000001679,0.2595832499791868,
1106,110,ok,1.8831915912893824,0.11996896047285294,0.10905897449321132,0.18455051164031613,15.000000000001679,0.24320679099764675,
1107,110,ok,1.982463989794006,0.019114241388630403,0.0790890773787885,0.11149103670470868,15.000000000001679,0.41936429199995473,
1108,110,ok,1.4836540908494205,0.5177849302875974,-0.06532953705390931,0.11621382574516448,15.000000000001679,0.2550722910091281,
1109,110,ok,1.511768945604174,0.48841456400223604,0.02355450217274922,0.12300575691716974,15.000000000001679,0.2432468340266496,
1110,110,ok,1.6849485075031765,0.3184841069310131,-0.10749778738927254,0.11797641445268109,15.000000000001679,0.24105879201670177,
1111,111,ok,1.466694962345744,0.5339187327594043,0.04242440826448489,0.11698127127856822,15.000000000001679,0.27496658300515264,
1112,111,ok,1.8949370773344132,0.10739065478259223,-0.09389565193566034,0.13726392924980704,15.000000000001679,0.22441774999606423,
1113,111,ok,2.0434358110582043,-0.038540067072488686,0.1413658687774158,0.08720051742869947,15.000000000001679,0.23333220899803564,
1114,111,ok,1.8856279536286638,0.11691446814537625,0.09788595009300731,0.17074874924827377,15.000000000001679,0.2579965000040829,
1115,111,ok,2.1035341041296256,-0.10182806863568014,-0.08470240334036477,0.07607183391865703,15.000000000001679,0.22090162499807775,
1116,111,ok,2.0140549033427955,-0.01307995807806099,-0.06265968451555413,0.07316231772954074,15.000000000001679,0.2420450420177076,
1117,111,ok,2.0838237086564724,-0.07015607994649165,-0.23827516324491213,0.0815794608819777,15.000000000001679,0.24586587498197332,
1118,111,ok,1.7459384172321972,0.26904870055525026,-0.22827298508102456,0.10020218390601493,15.000000000001679,0.2378247089800425,
1119,111,ok,1.730464733340712,0.28330240002356993,-0.2178475236744871,0.09273356338184063,15.000000000001679,0.2466181250056252,
1120,111,ok,1.9081246437758475,0.0993246467178347,-0.1684424459880009,0.11402439738072233,15.000000000001679,0.2527764590049628,
1121,112,ok,2.113650195839772,-0.11346319162578004,0.02811561872838366,0.18555427193964727,15.000000000001679,0.25266433297656476,
1122,112,ok,1.7734480110297188,0.2342855349855049,-0.16543964417224968,0.12468573557751801,15.000000000001679,0.2882615000125952,
1123,112,ok,1.911514818745116,0.0886347142257323,-0.023909132548580427,0.18579568605332653,15.000000000001679,0.2308038330229465,
1124,112,ok,1.5979495860105928,0.4057169001612232,-0.10818630689641917,0.11337158645557482,15.000000000001679,0.23337083400110714,
1125,112,ok,1.960331520835311,0.03971891447691088,0.014061910286358812,0.10950420911795393,15.000000000001679,0.26425266699516214,
1126,112,ok,1.6244227579157753,0.39110959677826485,-0.22410034996781103,0.09356264196515449,15.000000000001679,0.23150116601027548,
1127,112,ok,1.6819017886090821,0.33647473130843353,-0.24794617752867415,0.11939455161685146,15.000000000001679,0.23544254098669626,
1128,112,ok,1.8799364552464983,0.12150097813180291,-0.07350170477611968,0.18407746876202194,15.000000000001679,0.22783912500017323,
1129,112,ok,1.4930059367500268,0.5070560571353264,0.013605536906236677,0.1117084108668586,15.000000000001679,0.227185499999905,
1130,112,ok,1.541801155314395,0.45825724283774416,0.013419138069529005,0.1101993567561379,15.000000000001679,0.27665983300539665,
1131,113,ok,1.9171935228735706,0.08479253750140717,0.08724322173139312,0.1308404524511659,15.000000000001679,0.2549284999840893,
1132,113,ok,1.530579721800342,0.469420625422072,0.0010309718965235636,0.12144757348069846,15.000000000001679,0.26637362499604933,
1133,113,ok,1.5604134370685045,0.44187739146327604,-0.0845223718944202,0.11920419901082309,15.000000000001679,0.278224792011315,
1134,113,ok,1.5380318026806314,0.47984848212809794,-0.23384009230408978,0.11460614462213049,15.000000000001679,0.2549584160151426,
1135,113,ok,2.0136058154117453,-0.012022442391985317,-0.07983778034859033,0.07119155238906846,15.000000000001679,0.23631608299911022,
1136,113,ok,2.101785771825094,-0.10035621540364928,0.07750612273662835,0.09657026757512556,15.000000000001679,0.24063737501273863,
1137,113,ok,1.6581881328289885,0.3493318445502056,-0.15774195522707582,0.11317396205395784,15.000000000001679,0.27014779098681174,
1138,113,ok,1.754584079712756,0.24634555191769106,-0.05710840133107564,0.1286101709373844,15.000000000001679,0.24875666698790155,
1139,113,ok,1.5217333084758806,0.48714358465667396,-0.16412717227653265,0.11715806485030586,15.000000000001679,0.24062970801605843,
1140,113,ok,1.5302312852581852,0.47228737462693354,0.08776058715990183,0.11704907755219415,15.000000000001679,0.27079620902077295,
1141,114,ok,1.638349734390608,0.36303255331967554,-0.0672861849615106,0.1046102292068834,15.000000000001679,0.22833662500488572,
1142,114,ok,2.0082105206262915,-0.004948900100193207,-0.11440892946420984,0.07127930670181308,15.000000000001679,0.2680871250049677,
1143,114,ok,2.0538417462232124,-0.051669509392992044,-0.09443591878270073,0.07691309396647208,15.000000000001679,0.2529443330131471,
1144,114,ok,1.8401162335626073,0.1600769610999989,-0.02666390717095891,0.1871087467329434,15.000000000001679,0.24390575001598336,
1145,114,ok,1.5687895976792139,0.4346181731302845,-0.10334668786440156,0.10975381596687536,15.000000000001679,0.24261799998930655,
1146,114,ok,1.5440390109663458,0.4629465197241775,-0.1467074168469779,0.0941215083629838,15.000000000001679,0.23095487500540912,
1147,114,ok,1.702500216961248,0.31397758650320634,-0.23629517544703138,0.11846778373745645,15.000000000001679,0.27367291698465124,
1148,114,ok,1.4757269654001197,0.5250896784015348,-0.049087876826756686,0.10150629509219421,15.000000000001679,0.24108441697899252,
1149,114,ok,1.8029482223905964,0.2266206743157871,-0.32518926774605816,0.09440716337057145,15.000000000001679,0.24738775001605973,
1150,114,ok,1.9242313257964587,0.09238402638084786,-0.2523241811032992,0.09230177159229004,15.000000000001679,0.28186695801559836,
1151,115,ok,1.7191329339446912,0.28465047445136776,-0.11399144605348517,0.12744724821389716,15.000000000001679,0.22343400001409464,
1152,115,ok,1.4437119375159635,0.5564607602021789,0.022329838557995984,0.11117291436567922,15.000000000001679,0.22061387498979457,
1153,115,ok,1.6040086520425045,0.4083402670245249,-0.1986530902142009,0.11462572984060726,15.000000000001679,0.30796554099651985,
1154,115,ok,1.6098943493062285,0.39521627408208904,-0.12817569565698556,0.09922002962567261,15.000000000001679,0.2523677499848418,
1155,115,ok,1.472061317049505,0.5334252924004799,0.12697695925995692,0.11991781321809115,15.000000000001679,0.2688017500040587,
1156,115,ok,1.5241208336356593,0.4761449488871433,0.028462233223859178,0.1269855684544416,15.000000000001679,0.22192983300192282,
1157,115,ok,1.4589444464011154,0.5415385438509965,-0.037537695885404045,0.11387308131986565,15.000000000001679,0.25228000001516193,
1158,115,ok,1.4741240405315204,0.5265505757125257,0.04459238656862979,0.1324771053455876,15.000000000001679,0.22365641701617278,
1159,115,ok,1.4873157409899684,0.5198236421279346,0.1455543300390805,0.11850687183599858,15.000000000001679,0.23296429199399427,
1160,115,ok,1.8667703436445804,0.1350866043329529,-0.0832438740839727,0.13486133435627642,15.000000000001679,0.22062816700781696,
1161,116,ok,1.4992225139187125,0.5008640871325716,0.016113999872352854,0.12774660550997882,15.000000000001679,0.24623520800378174,
1162,116,ok,1.6067326158130244,0.3933358331039404,-0.014830830373069816,0.10573046397892637,15.000000000001679,0.24404187497566454,
1163,116,ok,1.5545476143781913,0.4493511318528669,-0.11002896474538412,0.1275804030558788,15.000000000001679,0.23277891601901501,
1164,116,ok,2.070037444295374,-0.06964397893817603,-0.0403586574340545,0.07436865997262943,15.000000000001679,0.2184170000255108,
1165,116,ok,1.9469885190715888,0.05301228808094002,0.0017728600514602406,0.11415120976308185,15.000000000001679,0.23794762502075173,
1166,116,ok,1.7799133171077992,0.22349685742739167,-0.1101272030305683,0.10909968926331089,15.000000000001679,0.2674395419890061,
1167,116,ok,2.0301436043920362,-0.027210428368661242,-0.10909140006085695,0.0755787298082865,15.000000000001679,0.24709970800904557,
1168,116,ok,2.10555194177248,-0.10359405105195135,-0.09078021745238327,0.07901370594790401,15.000000000001679,0.21541695899213664,
1169,116,ok,1.495917291059897,0.5076588058987752,0.10337457173072637,0.11634194499716252,15.000000000001679,0.21768183298991062,
1170,116,ok,1.9849578504363352,0.015521244690015448,0.043608918034852596,0.1129701042468307,15.000000000001679,0.2824196250003297,
1171,117,ok,2.1125948547943545,-0.11157992462333613,-0.06547703743517662,0.07980399279140432,15.000000000001679,0.2577812919917051,
1172,117,ok,1.5493093370746127,0.45079807355854695,0.018243164656023256,0.11983000720868818,15.000000000001679,0.22492416700697504,
1173,117,ok,1.9840063751494972,0.017248204447439512,-0.07054511937011983,0.07987109045010762,15.000000000001679,0.25270258300588466,
1174,117,ok,1.746541782381361,0.26524717877367204,-0.20258540631337874,0.10557097571950509,15.000000000001679,0.2445328749890905,
1175,117,ok,1.6018849471737642,0.4136377941760918,-0.22246423513769087,0.10523459901552575,15.000000000001679,0.24328154200338759,
1176,117,ok,1.995298946891798,0.013182713382659953,-0.18377964268663838,0.07790389535497556,15.000000000001679,0.24142979198950343,
1177,117,ok,2.109154059359484,-0.10223677840314299,-0.1706791540926043,0.07874940665687755,15.000000000001679,0.2377361670078244,
1178,117,ok,1.7022085601240533,0.30632409884749456,-0.17022315945502806,0.11194442205707075,15.000000000001679,0.21855950000463054,
1179,117,ok,1.4885023505583377,0.5145571587817076,0.09538769884541537,0.1147830834353204,15.000000000001679,0.2574421250028536,
1180,117,ok,1.8491004677298548,0.1521551266867472,-0.06813122579769566,0.16832339137618252,15.000000000001679,0.22402033300022595,
1181,118,ok,1.6600533619749511,0.3578739581224937,-0.24330891309619637,0.11918277700713908,15.000000000001679,0.2611969579884317,
1182,118,ok,1.561932000361759,0.43939196223552446,-0.0642971711586039,0.09310202082817069,15.000000000001679,0.23708274998352863,
1183,118,ok,1.461786553040903,0.5408989597105459,-0.0885668158930783,0.11837661576314244,15.000000000001679,0.22601941600441933,
1184,118,ok,1.5670365731560663,0.43340735286837806,-0.03729744712235447,0.12400825644279052,15.000000000001679,0.26280529200448655,
1185,118,ok,1.5340566745540543,0.4659768604930323,-0.010143382129754925,0.11639902411819696,15.000000000001679,0.24834041600115597,
1186,118,ok,2.005191366043394,0.009132890877434383,-0.23925001205628352,0.09948493317085125,15.000000000001679,0.2305646250024438,
1187,118,ok,1.757434428739686,0.26310994097288415,-0.2679341228219498,0.09766558134381263,15.000000000001679,0.2372310840000864,
1188,118,ok,2.010155235295604,-0.008862714250075858,-0.0720740264044221,0.07636267219350529,15.000000000001679,0.25470874999882653,
1189,118,ok,1.6120575724300505,0.39436791727215975,-0.14378884429650846,0.1154917123808513,15.000000000001679,0.21273033300531097,
1190,118,ok,1.5257988296823437,0.47455894270260174,0.03304011760580729,0.10896387582734844,15.000000000001679,0.2985176250222139,
1191,119,ok,2.015092241149461,-0.005417192890064781,-0.19722733786595115,0.08130077966576643,15.000000000001679,0.23728308398858644,
1192,119,ok,1.5045020384125274,0.49599733502634563,0.03876038363581722,0.11604437835904667,15.000000000001679,0.23997566700563766,
1193,119,ok,2.078285525042264,-0.07661561044676105,-0.08329663888192644,0.07472827561476006,15.000000000001679,0.24832862502080388,
1194,119,ok,1.5508194174914907,0.4552919794444755,-0.13754270936723753,0.11565757678417388,15.000000000001679,0.24793283399776556,
1195,119,ok,1.7363282054909914,0.26473629014976,-0.06079057871371679,0.11520265349045118,15.000000000001679,0.2346233749995008,
1196,119,ok,2.018938570370695,-0.012210759308420235,-0.16468397327577655,0.07723700570059448,15.000000000001679,0.24564416700741276,
1197,119,ok,1.5982871215708467,0.404476147020698,-0.09394337418522765,0.12268377704598572,15.000000000001679,0.22605158400256187,
1198,119,ok,1.5861365637861666,0.42480374378371216,-0.18597299100025025,0.12565852665536367,15.000000000001679,0.23089979201904498,
1199,119,ok,1.5273622580046131,0.47816095048705837,-0.12977432162988461,0.11280218280480271,15.000000000001679,0.2471254999982193,
1200,119,ok,2.0065812701400394,-0.004047187609679203,0.10081301260526129,0.09200672145331837,15.000000000001679,0.23717695899540558,
1201,120,ok,1.627546351761859,0.3748561510070359,-0.08840021048430999,0.12028896016879308,15.000000000001679,0.239121457998408,
1202,120,ok,1.4821163856628627,0.5289314449211497,0.18062748104474938,0.10492947037966521,15.000000000001679,0.24919100000988692,
1203,120,ok,2.0710582071658257,-0.06921703377317241,-0.08730959060651984,0.07759724310981889,15.000000000001679,0.27428429198334925,
1204,120,ok,1.630121142549001,0.381371036579446,-0.19322323401020705,0.10974232712391394,15.000000000001679,0.2575172499928158,
1205,120,ok,1.6732757258991087,0.32832394965526146,-0.07314941959444729,0.12275631397967435,15.000000000001679,0.24038049997761846,
1206,120,ok,1.5105542615470176,0.49158255111308435,0.08031797414865806,0.09491478742709293,15.000000000001679,0.2220533340005204,
1207,120,ok,1.9550198883955503,0.046823364438552444,0.08487516903673283,0.18380399330141745,15.000000000001679,0.24504433400579728,
1208,120,ok,1.597186143790455,0.4030241930750811,-0.025920069689878183,0.12568179827566328,15.000000000001679,0.23896604200126603,
1209,120,ok,2.062999116926534,-0.06271186757735693,-0.03442539462651106,0.07214617558386101,15.000000000001679,0.26059566598269157,
1210,120,ok,1.5694157206541137,0.4305862438177157,-0.002483171779126079,0.124485101921261,15.000000000001679,0.2715515829913784,
1211,121,ok,1.5763498136825593,0.4243212690711862,0.04599208622798249,0.12303394406311309,15.000000000001679,0.27319933401304297,
1212,121,ok,1.6676136161548716,0.33411545759477457,-0.07592011696817028,0.11509341344081783,15.000000000001679,0.23333124999771826,
1213,121,ok,1.8535215067820678,0.1538727884782182,-0.16539738505332632,0.10793633703643928,15.000000000001679,0.20835054200142622,
1214,121,ok,1.6161893359683093,0.404481950877996,-0.2576628118755183,0.1170445458924358,15.000000000001679,0.2316128749807831,
1215,121,ok,1.4275645481224557,0.5724435533108371,0.004809425358822229,0.0905375293990019,15.000000000001679,0.27637474998482503,
1216,121,ok,1.5203724623782549,0.48843660048837706,-0.16342739554610713,0.11888842316724621,15.000000000001679,0.2344452909892425,
1217,121,ok,1.4858117047366772,0.5215995637196532,0.14821798790494795,0.09805015535412848,15.000000000001679,0.2534858750004787,
1218,121,ok,1.4925095405534254,0.5092734671103389,0.07293238499985848,0.11116683737236802,15.000000000001679,0.2543869579967577,
1219,121,ok,1.9952931361875037,0.008722539791911938,0.1265257909842515,0.08062820070589068,15.000000000001679,0.26128166701528244,
1220,121,ok,1.5540558654572258,0.4574409514367702,-0.18868284145017197,0.11311531920523905,15.000000000001679,0.25235279099433683,
1221,122,ok,1.7768493309004425,0.24534417343699216,-0.2799579879729064,0.10167276609731847,15.000000000001679,0.23459308300516568,
1222,122,ok,1.413443086249978,0.5905666487284946,0.10639072511942095,0.1232901319536506,15.000000000001679,0.24641604200587608,
1223,122,ok,1.9443188434315042,0.05617631769980407,-0.04387775121549439,0.10780731271554443,15.000000000001679,0.24453887500567362,
1224,122,ok,1.593510647963124,0.41168488630123606,-0.1285740439122081,0.11544227400288445,15.000000000001679,0.2569995829835534,
1225,122,ok,1.5285647105258722,0.48296737008746954,-0.18740884196247082,0.1175485874898603,15.000000000001679,0.2622638329921756,
1226,122,ok,1.6971633002840594,0.3110108748588757,-0.1663700783978266,0.11637568181551873,15.000000000001679,0.2370540410047397,
1227,122,ok,1.567572821149571,0.4332640941856131,-0.05121670663755653,0.127816907031568,15.000000000001679,0.24189183398266323,
1228,122,ok,2.0993131960672056,-0.0984687975454011,-0.05953655104440947,0.07213583516900283,15.000000000001679,0.23608008300652727,
1229,122,ok,1.7048179502079828,0.3158451620375191,-0.26462563201420586,0.08381722840894831,15.000000000001679,0.26320725001278333,
1230,122,ok,2.0809240420355866,-0.07078729076126132,0.20514596058260098,0.07509440562952167,15.000000000001679,0.2407717500173021,
1231,123,ok,1.48848427840432,0.5136013081585546,0.07876786114189828,0.09616834824906709,15.000000000001679,0.23912974999984726,
1232,123,ok,1.894024134688107,0.10672941935206111,-0.053422197952250824,0.11624572363182376,15.000000000001679,0.2443356669973582,
1233,123,ok,1.5011114481574146,0.499570115916379,-0.04522988766360002,0.12250615399934178,15.000000000001679,0.2598325420112815,
1234,123,ok,1.4927835162867495,0.5085722291706518,0.06360684630158468,0.11654152040373304,15.000000000001679,0.2526190829812549,
1235,123,ok,1.5763091225109636,0.42919105940231445,-0.13156641611620176,0.10665405670128089,15.000000000001679,0.29766445799032226,
1236,123,ok,1.5528605921000767,0.44802080573641645,-0.05231251351596786,0.12946764909679154,15.000000000001679,0.18506237500696443,
1237,123,ok,1.9004270240158692,0.10233607210701597,0.10244261995665774,0.17849507054623545,15.000000000001679,0.27521416699164547,
1238,123,ok,1.8620587486323388,0.14010680024161787,-0.08977788620121395,0.15481019993144365,15.000000000001679,0.22346825001295656,
1239,123,ok,1.975784300836603,0.024354925368022584,-0.023455117027904652,0.10760663100887043,15.000000000001679,0.22575833299197257,
1240,123,ok,2.072620885875231,-0.07076212737154033,-0.08775846631477166,0.07178505450307786,15.000000000001679,0.23638333298731595,
1241,124,ok,1.6315187614280036,0.37980760770317484,-0.19191164851320971,0.08080685696412339,15.000000000001679,0.25795770800323226,
1242,124,ok,1.469922246443401,0.5308739219788694,-0.048373313587815533,0.11415572334761243,15.000000000001679,0.2329295419913251,
1243,124,ok,1.5034838308678435,0.5000198115160793,0.10258198592729618,0.1278198859507163,15.000000000001679,0.2550516249903012,
1244,124,ok,1.4508980225423442,0.5510269752328362,0.07471442507562237,0.12624502025999043,15.000000000001679,0.22533087502233684,
1245,124,ok,1.8954321955695737,0.11139606736950304,-0.16074325383765234,0.12393608094684352,15.000000000001679,0.19555450000916608,
1246,124,ok,1.7824420287930853,0.22132779360839644,-0.11586530204524216,0.13393341685425064,15.000000000001679,0.2560907920124009,
1247,124,ok,2.0550035252759273,-0.05440103208896512,-0.049758298285659426,0.0739258978324159,15.000000000001679,0.22939754198887385,
1248,124,ok,1.681862382613824,0.3214299155325331,-0.10518339023976178,0.1172607033540222,15.000000000001679,0.2482906670193188,
1249,124,ok,2.122652408763281,-0.120436148387019,-0.09697313567263073,0.08030128682286199,15.000000000001679,0.2703413340204861,
1250,124,ok,1.9018327068515952,0.09878616507365993,-0.04851390249346118,0.135686536389412,15.000000000001679,0.2636910830042325,
1251,125,ok,2.01658775067873,-0.013468904180670885,0.1121121228279446,0.08606230891457797,15.000000000001679,0.2637132079980802,
1252,125,ok,1.5478095854212242,0.45567319368776865,-0.10377489112153088,0.11554831094779736,15.000000000001679,0.2539916250098031,
1253,125,ok,1.5253681448005616,0.47891716146841234,0.11425837167138056,0.12642052861211517,15.000000000001679,0.24273858399828896,
1254,125,ok,2.135463254185591,-0.13286833804815562,-0.10524239891133835,0.0779269553536641,15.000000000001679,0.24643204099265859,
1255,125,ok,1.9887875675478128,0.01392543397224091,-0.10384511067159014,0.07150361348919568,15.000000000001679,0.26158712498727255,
1256,125,ok,1.5099724962034784,0.49682034417675275,-0.14306593448500324,0.12242750646334341,15.000000000001679,0.26426612498471513,
1257,125,ok,1.47502676907782,0.5309408623727957,0.1325489330404719,0.08934126772454135,15.000000000001679,0.2416289999964647,
1258,125,ok,1.4587403225926199,0.5414976246378392,-0.026346723146454386,0.11891062750552943,15.000000000001679,0.2389095829857979,
1259,125,ok,1.9873566215190075,0.017120503681162115,0.1333238319798663,0.09837535642699911,15.000000000001679,0.24238908299594186,
1260,125,ok,1.922455224198278,0.07939056798785148,0.08422291085698534,0.13740228539243557,15.000000000001679,0.2205814589979127,
1261,126,ok,1.415541606268314,0.5862361628177107,0.07092144775938959,0.12905961653455353,15.000000000001679,0.23746800000662915,
1262,126,ok,1.4724998284663922,0.5470799273052814,0.2393303307028345,0.08799621427184653,15.000000000001679,0.2750209159858059,
1263,126,ok,1.5572468001279833,0.4466932755968673,-0.11070599095285419,0.11685990435407285,15.000000000001679,0.23436258302535862,
1264,126,ok,1.83866957203224,0.1796429572321132,-0.2588552336008957,0.10989928653122966,15.000000000001679,0.2468982909922488,
1265,126,ok,2.09532832448377,-0.09503034580279907,-0.035336065844501496,0.07211605421787062,15.000000000001679,0.2659996660077013,
1266,126,ok,1.5799091717881888,0.42759942114987054,-0.153848661782345,0.12259824738618996,15.000000000001679,0.24455129200941883,
1267,126,ok,1.6408937855579535,0.36173748931392957,-0.09288897439031309,0.11274365821164815,15.000000000001679,0.2601284160045907,
1268,126,ok,2.0740254130657347,-0.06787754129994737,-0.15957408382872398,0.09931131681518487,15.000000000001679,0.23453000001609325,
1269,126,ok,1.536414001696779,0.4646799606266776,-0.0579686234838299,0.1101178786418783,15.000000000001679,0.22475262501393445,
1270,126,ok,1.5357940455728005,0.47092663167759696,0.14351998015624823,0.09940242521564774,15.000000000001679,0.2443792910198681,
1271,127,ok,1.4684168899468446,0.5395319037431671,-0.15258146183958812,0.10177495884065278,15.000000000001679,0.2485937500023283,
1272,127,ok,1.5127652096535067,0.5053213257277925,0.23322572802736583,0.09730481153305016,15.000000000001679,0.23716179199982435,
1273,127,ok,1.5096886489377832,0.4911253448713953,-0.04956906133994875,0.11689460243559006,15.000000000001679,0.2480918329965789,
1274,127,ok,1.6562132466999937,0.35323309864028773,-0.1766383059550406,0.0912087790830402,15.000000000001679,0.23540850001154467,
1275,127,ok,1.9427705654586414,0.057800129037562896,-0.047086423159783,0.11732304355034358,15.000000000001679,0.22643754200544208,
1276,127,ok,2.1325113838852494,-0.12996886680855205,-0.10410297222689929,0.079154665658001,15.000000000001679,0.2652081249980256,
1277,127,ok,1.6984817622245179,0.3149421910423299,-0.21312080395887945,0.09250610340295998,15.000000000001679,0.26329741600784473,
1278,127,ok,2.0881518768154295,-0.08776041103907808,-0.040431754175890525,0.07100264342204185,15.000000000001679,0.2548607499920763,
1279,127,ok,1.5069645264354243,0.4930511884356208,-0.006882097023986202,0.12432559031148241,15.000000000001679,0.21635387497371994,
1280,127,ok,1.4603703158322363,0.5423897135808247,0.08974247761765554,0.12264140687196938,15.000000000001679,0.23794266700861044,
1281,128,ok,2.1196470903831277,-0.11908150518447562,-0.048962865058709656,0.07321496518643457,15.000000000001679,0.2366870419937186,
1282,128,ok,1.489477547633729,0.5105315625373076,0.005209482453515608,0.11598270399418012,15.000000000001679,0.22089729199069552,
1283,128,ok,1.5872788868733834,0.42359813290108606,-0.18550314854757993,0.12453496290632585,15.000000000001679,0.24985512500279583,
1284,128,ok,1.6268411588162437,0.3738020446490011,-0.04574238768155258,0.10808274093515059,15.000000000001679,0.27252395899267867,
1285,128,ok,1.9772035294068606,0.02608609493137221,-0.11400742114294936,0.07180526293789131,15.000000000001679,0.21801716700429097,
1286,128,ok,1.5337664355591454,0.47361189155715927,0.15026250780581388,0.1032542496750309,15.000000000001679,0.26540179198491387,
1287,128,ok,2.16039659298189,-0.16032797858725845,-0.017218127100434487,0.07829716854141797,15.000000000001679,0.2423626669915393,
1288,128,ok,1.4920449051599232,0.5079695640692262,-0.006570941325954488,0.11692639632325946,15.000000000001679,0.2499050000042189,
1289,128,ok,1.5478440794723025,0.4597583178924284,0.15322158808698372,0.127777631573924,15.000000000001679,0.2352661250042729,
1290,128,ok,2.0225582009972016,-0.021822823489033458,-0.0545357391062875,0.07249030051045505,15.000000000001679,0.21854141700896434,
1291,129,ok,1.4940662847276807,0.5077604025038684,-0.07385828880063357,0.10325803298588375,15.000000000001679,0.23489345802227035,
1292,129,ok,1.5259230228804452,0.47869904363622695,0.1186780178603643,0.12070194928971964,15.000000000001679,0.23263824998866767,
1293,129,ok,1.5007779793172464,0.5039144356888795,0.11858552805226093,0.11088925278325532,15.000000000001679,0.2484966249903664,
1294,129,ok,1.5053848684553792,0.49515565045792514,-0.04033715192857159,0.1142370542611851,15.000000000001679,0.23358658299548551,
1295,129,ok,1.4664749359428644,0.5338877390193527,-0.03261251218233104,0.12017434838290895,15.000000000001679,0.23173179200966842,
1296,129,ok,1.6472085792921634,0.3575501874450933,-0.12511881126376945,0.10280262130006035,15.000000000001679,0.22622741700615734,
1297,129,ok,1.4599217861642122,0.5429841299017718,0.0920672362939527,0.11727565893686609,15.000000000001679,0.2637025000003632,
1298,129,ok,1.7130805569798724,0.28702339792472803,-0.018872081102126043,0.18827066659909747,15.000000000001679,0.2628662079805508,
1299,129,ok,2.109930497604838,-0.10637972140352397,-0.12235674882495376,0.0797356799382363,15.000000000001679,0.23594724998110905,
1300,129,ok,1.59731922183375,0.4034159938686599,-0.048458309970292844,0.11734742647141175,15.000000000001679,0.23163412499707192,
1301,130,ok,1.7704835409825554,0.24475030234088588,-0.2317551892789384,0.10939525526099984,15.000000000001679,0.21717941600945778,
1302,130,ok,1.7540393309447821,0.25529072586382917,-0.18067518712998373,0.11138023273016753,15.000000000001679,0.2643860410025809,
1303,130,ok,2.0295149586724954,-0.027832847417028985,-0.08261301599606063,0.07719294726547048,15.000000000001679,0.27380337499198504,
1304,130,ok,1.9384027697914665,0.07743046806716919,-0.24724824128556439,0.10699587432896188,15.000000000001679,0.2201815829903353,
1305,130,ok,1.4380484510682114,0.5804244277944254,0.22975757314373302,0.10844131685106564,15.000000000001679,0.27462104201549664,
1306,130,ok,1.5703860512546264,0.4368419919676828,-0.1504971491408954,0.11909773611239022,15.000000000001679,0.2540431250235997,
1307,130,ok,1.4258082088030357,0.5752803675339202,-0.055704731898102974,0.12811788029796004,15.000000000001679,0.24858375001349486,
1308,130,ok,1.6420890862884279,0.3579130152690618,-0.0026271438519608155,0.13239512910702217,15.000000000001679,0.217134000005899,
1309,130,ok,1.568732948972306,0.44602672308169977,-0.21468609599866417,0.09144296574779114,15.000000000001679,0.23421770898858085,
1310,130,ok,2.02761268285627,-0.017971483654212493,-0.19749501978029582,0.07915335000338333,15.000000000001679,0.252586041984614,
1311,131,ok,1.9193938603483773,0.0808365404062705,0.02973897280126038,0.1807671533812272,15.000000000001679,0.24223333300324157,
1312,131,ok,2.125006567593864,-0.12448673050082162,-0.04700047066768614,0.07611090232380138,15.000000000001679,0.2633636250102427,
1313,131,ok,2.000416959906124,0.004561884122022111,-0.1410487120870134,0.0866053622312768,15.000000000001679,0.23837804098729976,
1314,131,ok,1.943597483934507,0.061889153724357764,0.14593672294957072,0.08063511486241778,15.000000000001679,0.2717291250010021,
1315,131,ok,1.9427832204236903,0.058157306857483396,0.060444988616626,0.1726878747849317,15.000000000001679,0.2550085830152966,
1316,131,ok,1.4788552117953868,0.5275936191085964,0.1379571925078829,0.1033252798880136,15.000000000001679,0.26486641698284075,
1317,131,ok,1.4352921274030186,0.5687170438946806,0.10720350063081897,0.10849457735239684,15.000000000001679,0.22547208302421495,
1318,131,ok,1.8284606011664546,0.17266736684693254,-0.06421540182751831,0.13575483303783717,15.000000000001679,0.23581616699812002,
1319,131,ok,1.5954490980383202,0.4087164484993514,-0.11521494327895246,0.10327428627927568,15.000000000001679,0.26208445901283994,
1320,131,ok,1.9599987695191678,0.043742053385078195,-0.12103727864844435,0.11240509102039951,15.000000000001679,0.27662912500090897,
1321,132,ok,1.9444723798315342,0.07709149720655785,-0.2887831813184309,0.08471677380122775,15.000000000001679,0.27693758299574256,
1322,132,ok,1.5433946135214294,0.456771468784702,-0.0226414109550756,0.1269979251069546,15.000000000001679,0.19824125000741333,
1323,132,ok,2.1431473576160283,-0.14263211421405875,-0.046991697087445355,0.08059262551583912,15.000000000001679,0.24854966698330827,
1324,132,ok,1.5682922496875382,0.43922648729693864,-0.15338390552644868,0.13408125150809838,15.000000000001679,0.23883370799012482,
1325,132,ok,1.7369373411808715,0.26381316287107237,-0.0510548114160298,0.1594015987352384,15.000000000001679,0.23669958297978155,
1326,132,ok,1.8763736975555991,0.13911619529027758,-0.2406028226092504,0.12094647871261131,15.000000000001679,0.2534587499976624,
1327,132,ok,1.6304493276053964,0.37328503178537303,-0.11028790539027704,0.12083309241540904,15.000000000001679,0.2663991249864921,
1328,132,ok,1.9265625924591103,0.07343773111539843,-0.0011165898908952285,0.10558399418774193,15.000000000001679,0.27499270901898853,
1329,132,ok,1.4825089011068824,0.5191642846782587,0.07041467239633055,0.13105957081527245,15.000000000001679,0.28383654201752506,
1330,132,ok,1.9523581258680978,0.04780330278024212,-0.02510591578611246,0.11098753565258744,15.000000000001679,0.22589562498615123,
1331,133,ok,1.5059264499285603,0.5009990565522048,0.1442589482044586,0.12360557359201062,15.000000000001679,0.23916420800378546,
1332,133,ok,1.9670860903655805,0.03487482412895624,-0.0878107628229265,0.07640205320834345,15.000000000001679,0.23300370801007375,
1333,133,ok,1.6415793542224042,0.384727218669907,-0.29270568512311285,0.10021532366409466,15.000000000001679,0.2518820830155164,
1334,133,ok,1.4622891057432668,0.5422342235328633,-0.11492767176189127,0.12450569187931676,15.000000000001679,0.23484437499428168,
1335,133,ok,1.50105002479735,0.49897046851499327,0.007843631431061418,0.13540729290878387,15.000000000001679,0.2369812500255648,
1336,133,ok,1.4207665868487134,0.579450613417065,-0.024842193634827738,0.12845694798640983,15.000000000001679,0.24271679201046936,
1337,133,ok,1.6273941074462095,0.38768745472669447,0.22104261422847807,0.11633176388246755,15.000000000001679,0.2537195420009084,
1338,133,ok,1.958296029318669,0.04304855796114633,0.07255612963297553,0.18338037279521932,15.000000000001679,0.2359615839959588,
1339,133,ok,1.4421128235106748,0.5650827236541993,0.14388122107585707,0.11015997745082588,15.000000000001679,0.2274696660169866,
1340,133,ok,1.459757533211563,0.5425176723145436,-0.0814697505365758,0.09703961706511448,15.000000000001679,0.2380579170130659,
1341,134,ok,2.0083292665599894,-0.006485921169490745,0.08602726933947585,0.18210311036192092,15.000000000001679,0.2826011250144802,
1342,134,ok,1.5250415189752697,0.4765216646007272,0.06903184893553797,0.12449163088427907,15.000000000001679,0.2541194999939762,
1343,134,ok,2.0001797843717743,0.004054968683606001,0.13008690085061328,0.1139777104721188,15.000000000001679,0.25493670799187385,
1344,134,ok,1.4894149317509306,0.5106142292660103,0.009320131852544619,0.13659288476208797,15.000000000001679,0.21879808299127035,
1345,134,ok,1.6022155555943423,0.40297740874919286,0.1288934816933907,0.10932695866670343,15.000000000001679,0.22699566700612195,
1346,134,ok,1.8883946978862949,0.14023719542500743,-0.3275924994935465,0.10295040731653494,15.000000000001679,0.23322208298486657,
1347,134,ok,1.44852568769633,0.551574043248661,-0.016997521145567518,0.10914556140846465,15.000000000001679,0.2543132079881616,
1348,134,ok,1.5677130592883368,0.43229030474553237,0.0032477174047346826,0.13591347869124526,15.000000000001679,0.23686137501499616,
1349,134,ok,2.0496584392659187,-0.049411518482485046,-0.03181423526217302,0.07162478991004129,15.000000000001679,0.2214244999922812,
1350,134,ok,1.5757990024941284,0.43085307678792456,-0.14463896306171226,0.1188073156301102,15.000000000001679,0.2615094170032535,
1351,135,ok,1.5001390816598836,0.5000608365978023,-0.02449021060903061,0.1370305840672053,15.000000000001679,0.2282862499996554,
1352,135,ok,2.0322472138486494,-0.0298163078644629,-0.09937049120879211,0.07669497811152334,15.000000000001679,0.2826032919983845,
1353,135,ok,1.4866228096371623,0.5133931971236425,0.006898679237730805,0.1268052062407768,15.000000000001679,0.25629637500969693,
1354,135,ok,1.499586737927874,0.5007904740893834,-0.033633049044448894,0.12104141223666899,15.000000000001679,0.2146066669956781,
1355,135,ok,1.6776675465303446,0.33500378666633623,-0.20580574886457143,0.12371898964437256,15.000000000001679,0.2402948329981882,
1356,135,ok,1.522361009444024,0.4808593219601178,0.09896789075227934,0.11646399943137237,15.000000000001679,0.2066724579781294,
1357,135,ok,2.13016613397907,-0.12426051255800909,-0.15850877937238342,0.07982072387334253,15.000000000001679,0.2432273750018794,
1358,135,ok,1.6091053181549706,0.40384859953370517,-0.2037661201085566,0.09102383017143018,15.000000000001679,0.2281105000001844,
1359,135,ok,1.5179049879917708,0.4824088713187533,0.030866141940284933,0.12340816343449491,15.000000000001679,0.2584123339911457,
1360,135,ok,1.9334633341690228,0.06679249591454768,-0.03145172052035157,0.11777772335353874,15.000000000001679,0.2397626249876339,
1361,136,ok,1.4789304883560663,0.5210702411968836,0.001468984570817262,0.12202095984580899,15.000000000001679,0.2269641250022687,
1362,136,ok,1.5773907279857615,0.42360823232117967,-0.0561293464231946,0.11519524683275681,15.000000000001679,0.2273167090024799,
1363,136,ok,1.7519005836894892,0.24892552158496115,0.05379429500488145,0.18673073566957085,15.000000000001679,0.24746166600380093,
1364,136,ok,1.4826087619972943,0.519549153285352,0.07996268888070017,0.12334843073608114,15.000000000001679,0.22426804198767059,
1365,136,ok,1.5863783836506657,0.42336089341947786,0.17551496721098137,0.1206583769132058,15.000000000001679,0.265315707976697,
1366,136,ok,1.4141098327110493,0.5862862244191013,-0.03346609781364303,0.12656194735463935,15.000000000001679,0.21925616599037312,
1367,136,ok,2.0379145568001764,-0.0369848359904476,-0.061550944452782405,0.07157534758193843,15.000000000001679,0.27120149999973364,
1368,136,ok,1.4312683986946348,0.5689529958402623,-0.025173418268947246,0.1243581102334899,15.000000000001679,0.24141391599550843,
1369,136,ok,1.4210020957905918,0.57913884945343,0.02001367304447341,0.12237692412478784,15.000000000001679,0.24800275001325645,
1370,136,ok,1.4977243190789502,0.5061511593806692,0.10767440429733524,0.10036692424946828,15.000000000001679,0.23474904199247248,
1371,137,ok,1.6163163494610318,0.3885140677337176,-0.12486645523480638,0.1388412597432689,15.000000000001679,0.2580815829860512,
1372,137,ok,1.4237388460614948,0.5762916950925855,0.009325466324697114,0.12856094475317353,15.000000000001679,0.23858912498690188,
1373,137,ok,1.58074484055859,0.4215666067481848,0.08545334411339937,0.11987458650103823,15.000000000001679,0.21666162498877384,
1374,137,ok,1.543393453235844,0.4568967592148689,-0.029928911936268225,0.11066991451692287,15.000000000001679,0.22700250000343658,
1375,137,ok,1.523223517308152,0.48764493521784985,-0.1816371154483481,0.10751721434504546,15.000000000001679,0.2535422910004854,
1376,137,ok,1.5035037190889384,0.5038161738960655,0.14818026798214798,0.10272461935093544,15.000000000001679,0.23647654199157842,
1377,137,ok,1.6121783084370482,0.3891663254076044,-0.065831383048683,0.13036810992011275,15.000000000001679,0.25516258302377537,
1378,137,ok,1.6506561410660225,0.3525801152981796,0.10331224287572838,0.13082679026989208,15.000000000001679,0.2543988329998683,
1379,137,ok,1.9753359767016814,0.02577974252994203,0.0663821952547744,0.1182209382948235,15.000000000001679,0.24524991598445922,
1380,137,ok,1.5046287526604705,0.4985803607287543,0.09821787079348301,0.12791059329835625,15.000000000001679,0.25199250000878237,
1381,138,ok,1.4492913849625155,0.5520590713822447,0.0625506655449739,0.11286222730897075,15.000000000001679,0.23033504199702293,
1382,138,ok,1.6816769247707573,0.3224937982261704,-0.11836478495215966,0.11022140807759899,15.000000000001679,0.2669516250025481,
1383,138,ok,2.1082075312196547,-0.10571356903272154,-0.10251516903731668,0.08505249267087252,15.000000000001679,0.2501156250073109,
1384,138,ok,1.7878016639626308,0.21547599098512,-0.10820744390757905,0.11038945831869768,15.000000000001679,0.28128437499981374,
1385,138,ok,1.6190655506330953,0.38805515713823907,-0.15168085185092114,0.12490144584480246,15.000000000001679,0.23928824998438358,
1386,138,ok,1.5002332226956514,0.5018485797275554,-0.07900660994775796,0.12530249516056524,15.000000000001679,0.21984258299926296,
1387,138,ok,1.478002904182587,0.5249603766295171,0.09354514556739713,0.11974541044760517,15.000000000001679,0.254398167016916,
1388,138,ok,1.4608547670677257,0.5406952435384993,-0.06727762059808054,0.13567304733875035,15.000000000001679,0.2792435420269612,
1389,138,ok,1.939263704064823,0.07927426955492664,-0.2675002473072828,0.0812939745978658,15.000000000001679,0.22955008398275822,
1390,138,ok,1.5489962760808218,0.45138412709714804,-0.034326979266912576,0.1285939330425251,15.000000000001679,0.23509712499799207,
1391,139,ok,1.436844686113855,0.5631556817892129,-0.001028221280196798,0.1307525515084747,15.000000000001679,0.25068579099024646,
1392,139,ok,1.411172786285588,0.5891633153189066,0.03079743351467819,0.12703828372209272,15.000000000001679,0.2510048749973066,
1393,139,ok,2.007820364214402,-0.002492303851570119,0.1461751961492895,0.08485108657030087,15.000000000001679,0.26442429100279696,
1394,139,ok,1.455096850097971,0.5450938397638427,-0.023556486833103626,0.0997966121176603,15.000000000001679,0.23546583301504143,
1395,139,ok,1.4517521779795084,0.5520602569047901,-0.10514222098483364,0.11733772629485004,15.000000000001679,0.23758250000537373,
1396,139,ok,1.5647211573823137,0.43530243651237416,-0.008592739710581858,0.13107075841898072,15.000000000001679,0.23409241699846461,
1397,139,ok,1.482756601801245,0.5172551785776152,0.00591056091045926,0.12539699157985248,15.000000000001679,0.24517991600441746,
1398,139,ok,1.485367921658048,0.5148315929062306,-0.024344717318226457,0.12802948353501972,15.000000000001679,0.2464297499973327,
1399,139,ok,1.6387405065350318,0.36207486626614394,-0.051688529110649604,0.11326240877860738,15.000000000001679,0.2561205000092741,
1400,139,ok,1.8911201106324096,0.11182238383416811,-0.10545407838795812,0.12797357079019267,15.000000000001679,0.22865870798705146,
1401,140,ok,2.1287457923206143,-0.12565682870970024,-0.11463723165943959,0.07778372702090414,15.000000000001679,0.2512250830186531,
1402,140,ok,1.4689067995322742,0.533343447335263,0.08127571739294807,0.12485960755616007,15.000000000001679,0.21319374997983687,
1403,140,ok,1.9261731571122893,0.07737475410460193,-0.11685544499758785,0.07315342395179092,15.000000000001679,0.24339583402615972,
1404,140,ok,1.8769947327706133,0.12308857276757491,-0.017683924139389365,0.13962598158494685,15.000000000001679,0.23650625001755543,
1405,140,ok,1.6120621216477824,0.39677570619362573,-0.1685708984392084,0.12056919989206945,15.000000000001679,0.21312458300963044,
1406,140,ok,1.6488693513904358,0.35443722217327106,-0.10437088763585145,0.11619975557670813,15.000000000001679,0.2929566660022829,
1407,140,ok,1.9080522964240592,0.09631230854489825,-0.12898348456865005,0.12156552403557358,15.000000000001679,0.2541387919918634,
1408,140,ok,2.1046949293771005,-0.1038659690306366,-0.05906547299784185,0.07557771444173106,15.000000000001679,0.20833141601178795,
1409,140,ok,1.9435319998674059,0.05738345555470818,-0.059645584547659516,0.13400284795453105,15.000000000001679,0.2678257919906173,
1410,140,ok,2.0426592856602483,-0.02885917882827849,-0.23703879382556517,0.07941406923855081,15.000000000001679,0.26490637499955483,
1411,141,ok,1.4773757485418832,0.5259262058664387,-0.09871956152848783,0.11672078870226658,15.000000000001679,0.19975679201888852,
1412,141,ok,1.6723550723085796,0.33529075377260076,-0.1597329440072987,0.11791193943971057,15.000000000001679,0.22502600000007078,
1413,141,ok,1.9758243079735294,0.0244531833059711,-0.03311300392845033,0.10697586536682797,15.000000000001679,0.2635690000024624,
1414,141,ok,1.440236232991643,0.5597648420517036,-0.0017597248659915528,0.12847754809972126,15.000000000001679,0.2195992499764543,
1415,141,ok,1.4240783785629527,0.5786330895399447,-0.0878369747869618,0.1166379204462356,15.000000000001679,0.262203624995891,
1416,141,ok,1.9681445696095077,0.03416535074048871,0.09532669434176672,0.12019151722809655,15.000000000001679,0.25130037500639446,
1417,141,ok,2.031026809921342,-0.029803786476378855,-0.0704733355633065,0.07319288755164655,15.000000000001679,0.23772020899923518,
1418,141,ok,1.924011716514879,0.07609407318657499,-0.02017597726768902,0.10353340845585465,15.000000000001679,0.2564182089990936,
1419,141,ok,1.473076766468237,0.5274033162094525,-0.03760540915345847,0.12500866915894943,15.000000000001679,0.1888930419809185,
1420,141,ok,1.6649421563012008,0.3483890279438282,-0.2102702566045879,0.12115387124049244,15.000000000001679,0.2500722910044715,
1421,142,ok,1.6689703940329985,0.3472155219046083,-0.23187420107809756,0.12123616785324089,15.000000000001679,0.26785920799011365,
1422,142,ok,1.5818528080011862,0.4212633275213762,-0.09924124723299482,0.12822472842097848,15.000000000001679,0.20867712498875335,
1423,142,ok,1.5753528389774403,0.42615914869944393,-0.06900392779996047,0.1272051316751729,15.000000000001679,0.2565236249938607,
1424,142,ok,1.8571973982236718,0.17236873502833466,-0.3300698945175794,0.07624093958080289,15.000000000001679,0.2568064590159338,
1425,142,ok,2.038102215400137,-0.03359666767669257,-0.1354445777179643,0.08033750240630576,15.000000000001679,0.24844766699243337,
1426,142,ok,1.542804271190278,0.4612022113012415,0.11111428665466878,0.13296937856630875,15.000000000001679,0.2511305419902783,
1427,142,ok,1.9094697557381244,0.09219794364962075,-0.07978760470070898,0.11668910456768523,15.000000000001679,0.2601095410063863,
1428,142,ok,1.6258264015882884,0.37721750535602194,-0.09944075210188709,0.12715983533238845,15.000000000001679,0.2405993750144262,
1429,142,ok,1.9481827332831945,0.05184041463866868,-0.00949695885764171,0.11073158326436829,15.000000000001679,0.26675320899812505,
1430,142,ok,1.500325214742652,0.5103028435830458,0.17826422006624268,0.12499703965600949,15.000000000001679,0.23004354198928922,
1431,143,ok,1.625024022738999,0.3761712403014443,-0.062315597202378475,0.13284347334615734,15.000000000001679,0.25568816700251773,
1432,143,ok,1.7812464004846387,0.2191406467577178,-0.037130892918996926,0.18616359741338792,15.000000000001679,0.23905404200195335,
1433,143,ok,1.50298760931344,0.4972211525272228,0.02504973728646476,0.12833821234353301,15.000000000001679,0.23925433299154975,
1434,143,ok,1.5844630350149118,0.4198210666610112,0.11643731343654876,0.13292670938911857,15.000000000001679,0.24006858302163891,
1435,143,ok,1.5746891336707862,0.426065856124382,-0.04875631695869245,0.13909209831719574,15.000000000001679,0.2316022499871906,
1436,143,ok,1.603677495055924,0.40012954004634826,0.11043558989987927,0.11657945940202742,15.000000000001679,0.27236029200139455,
1437,143,ok,1.4713290936032266,0.5308347749471319,-0.0797674318167976,0.12610579317836346,15.000000000001679,0.2429859999974724,
1438,143,ok,2.0123558195494993,-0.01187252377667143,-0.04410093589963533,0.07248212574895312,15.000000000001679,0.23030933400150388,
1439,143,ok,1.5702458102094177,0.430694400596977,-0.05433083988444893,0.12689856045899595,15.000000000001679,0.279569584003184,
1440,143,ok,1.427040379526192,0.5730423076208995,0.015361932117084975,0.12169067172592307,15.000000000001679,0.2522452920093201,
1441,144,ok,1.4316688348742814,0.5688917582495486,0.040060618370343144,0.10443333824261386,15.000000000001679,0.2470779579889495,
1442,144,ok,1.5648178003348594,0.4456505495657497,-0.1807001222455912,0.11251715435070815,15.000000000001679,0.250597917009145,
1443,144,ok,1.566260885000275,0.4416542301452333,-0.15726290553591962,0.1239895577143119,15.000000000001679,0.275586415984435,
1444,144,ok,1.3858666670263295,0.6153665626973897,0.05845222902700548,0.12146223650875122,15.000000000001679,0.23957091599004343,
1445,144,ok,1.4662750935580644,0.5358630044193328,-0.07915496295702697,0.11618310418335571,15.000000000001679,0.25153258300269954,
1446,144,ok,1.5351535750130931,0.4729408206811153,-0.15743812033118149,0.09950837817534307,15.000000000001679,0.2611132500169333,
1447,144,ok,1.4717259144612762,0.5482144870255844,0.24144562869203717,0.09454282542991427,15.000000000001679,0.22695333301089704,
1448,144,ok,1.8595292658513034,0.14608042626040285,-0.14433053960502834,0.11217064644505122,15.000000000001679,0.2361469170136843,
1449,144,ok,1.5233822320018673,0.4769422755083164,-0.03144189315556356,0.13309375441658022,15.000000000001679,0.23923383298097178,
1450,144,ok,1.453623483023867,0.5491006551893133,0.08895123173041673,0.13493096981734262,15.000000000001679,0.22590745901106857,
1451,145,ok,1.6553643653126286,0.3467531251200037,-0.08370156896025575,0.11910462853059264,15.000000000001679,0.24110829102573916,
1452,145,ok,1.703095696868693,0.2996245769944696,-0.09622044237802695,0.14560632944712318,15.000000000001679,0.24063520799973048,
1453,145,ok,1.5826155171883254,0.41899439575157854,-0.07136634066809407,0.11340624863642129,15.000000000001679,0.21691362498677336,
1454,145,ok,1.9694020395223735,0.04434680312780606,-0.23230360918085566,0.08136122272735198,15.000000000001679,0.25385666702641174,
1455,145,ok,1.9221220412374507,0.07857395382007816,-0.051721276784485536,0.12042414353071838,15.000000000001679,0.21485487499739975,
1456,145,ok,1.9972641584466462,0.016368394644778458,-0.23295873637074846,0.09198864994122996,15.000000000001679,0.22602612499031238,
1457,145,ok,1.492978269495392,0.5117584632627032,-0.11883283012393459,0.12163037226924861,15.000000000001679,0.2571245419967454,
1458,145,ok,2.0178148937792493,-0.015558602156625148,-0.09539636696328743,0.07404251225751868,15.000000000001679,0.2530973330140114,
1459,145,ok,1.5151907815163153,0.48592606075625233,0.05816537539587353,0.1048559762174606,15.000000000001679,0.23406291601713747,
1460,145,ok,1.899514480065352,0.10194525153396702,-0.0744542262298693,0.11054507794120565,15.000000000001679,0.26549662501201965,
1461,146,ok,1.7596814395775933,0.24130480863503473,-0.058906643628875675,0.13209631442398576,15.000000000001679,0.22694741701707244,
1462,146,ok,1.4563469722774045,0.5547240740110013,0.17923169758222382,0.1171604750894194,15.000000000001679,0.24481662499601953,
1463,146,ok,2.078997641552842,-0.07767075876415365,-0.07426581823871867,0.0752442144073013,15.000000000001679,0.2455000409972854,
1464,146,ok,1.9718003293103525,0.039340945399746204,-0.2093146203265649,0.10017999321065948,15.000000000001679,0.24941833299817517,
1465,146,ok,1.4340277753799548,0.5667793208550449,-0.04810556550396322,0.11931840742669758,15.000000000001679,0.2453012499900069,
1466,146,ok,1.6627796757324196,0.3379906339702367,-0.05060748223489195,0.12024288185997627,15.000000000001679,0.24655983300181106,
1467,146,ok,1.4776865286562082,0.5317150121403175,0.16642316965472714,0.12621453408917316,15.000000000001679,0.22129512502579018,
1468,146,ok,1.783157178919295,0.21795002148978956,0.06282832819021746,0.17682432811152587,15.000000000001679,0.23282212499179877,
1469,146,ok,1.573176649436088,0.43862389547950187,-0.192326364712045,0.08695677536519267,15.000000000001679,0.2463080839952454,
1470,146,ok,1.6216071538827257,0.38802708580491513,-0.17650236662730517,0.12373884810172893,15.000000000001679,0.26139870900078677,
1471,147,ok,1.4850583296428734,0.5198994106933729,0.12124556889163682,0.10779707067984184,15.000000000001679,0.24689779200707562,
1472,147,ok,1.8939275635873238,0.10621237683118254,0.023022911380122232,0.18464104292592262,15.000000000001679,0.2494871660019271,
1473,147,ok,1.5726266303166563,0.4416921991856119,-0.2117340697718408,0.09438475764168311,15.000000000001679,0.2586896249849815,
1474,147,ok,1.6215454189472394,0.38830775466790823,0.178487120110048,0.11997115486306156,15.000000000001679,0.2157997920003254,
1475,147,ok,1.7385856605956602,0.28949343259125093,-0.3112031202934624,0.09344431887633778,15.000000000001679,0.2392390000168234,
1476,147,ok,1.4545919688413627,0.5464856512653715,0.055980655947752034,0.1230953288988205,15.000000000001679,0.20957583299605176,
1477,147,ok,1.4466341252577382,0.554678128682443,0.06160341428311167,0.09867829711134934,15.000000000001679,0.2506223750242498,
1478,147,ok,2.0280838894473137,-0.025063020522081186,-0.11065272499911252,0.07288316489069133,15.000000000001679,0.26374970900360495,
1479,147,ok,1.9867895242359375,0.013211877534436915,-0.002360093944164154,0.11838946727775729,15.000000000001679,0.24650441599078476,
1480,147,ok,1.443001999885384,0.5611893344562842,0.1099028679829019,0.08168279597344077,15.000000000001679,0.22377695798058994,
1481,148,ok,2.037859824963255,-0.03656899190191113,-0.07252177206122924,0.07431721445738762,15.000000000001679,0.24727266599074937,
1482,148,ok,1.7849990546952064,0.218301308153021,-0.10849606782526225,0.10491618359636516,15.000000000001679,0.2419857910135761,
1483,148,ok,1.4693821554778879,0.5324149528694194,0.07265017739534899,0.12676755623799388,15.000000000001679,0.2418227079906501,
1484,148,ok,2.181915499751572,-0.1818970040512036,-0.00898397287042347,0.08419528330781492,15.000000000001679,0.23463225000887178,
1485,148,ok,2.039420134325978,-0.03881280418145747,0.04976779882546831,0.08915012255623399,15.000000000001679,0.24031541601289064,
1486,148,ok,1.428675691517202,0.5738023125373187,0.08410938002539294,0.12506211905902703,15.000000000001679,0.23233795797568746,
1487,148,ok,1.4683643604382288,0.5335063464835629,0.07409628331556574,0.13018456910756604,15.000000000001679,0.23011316699557938,
1488,148,ok,1.6794117738537173,0.33869972496466655,-0.24597825579919552,0.12022405443871702,15.000000000001679,0.2404809579893481,
1489,148,ok,1.5204588620865305,0.4824227924446117,0.0935658613269682,0.1248881939047401,15.000000000001679,0.23928312500356697,
1490,148,ok,1.4892223082817262,0.5143856458937581,0.10360055191670843,0.10763763617279383,15.000000000001679,0.24077437500818633,
1491,149,ok,1.5561233178483818,0.446315358275056,-0.08708509872239172,0.12040695478755103,15.000000000001679,0.26529737500823103,
1492,149,ok,1.4954390824866806,0.5051142380226745,0.04067687384836918,0.11462829679144255,15.000000000001679,0.22063441600766964,
1493,149,ok,2.0925128852054566,-0.07893597762638745,-0.23798188099408274,0.0863733717898954,15.000000000001679,0.2800587920064572,
1494,149,ok,1.5300717184737185,0.4817450101806663,-0.18979264886136285,0.11366171080861871,15.000000000001679,0.22829724999610335,
1495,149,ok,1.4713537822190854,0.535260625270492,0.13935751349467096,0.10339596147325884,15.000000000001679,0.26344929198967293,
1496,149,ok,2.1231640085779073,-0.11309226429107448,-0.2065586839467874,0.08801461060434801,15.000000000001679,0.2612906669965014,
1497,149,ok,2.0821567743824962,-0.08160675463104136,-0.047855534490207186,0.07516919007281908,15.000000000001679,0.23168579099001363,
1498,149,ok,1.8893534201635924,0.11082423946588765,0.025909305166718077,0.18661168508719309,15.000000000001679,0.2461955409962684,
1499,149,ok,1.9802065629415762,0.024211948533682994,-0.1322104670584914,0.0741279207204946,15.000000000001679,0.2627667500055395,
1500,149,ok,1.4655091642882234,0.5377281149414948,-0.09735525039879718,0.10858499138911806,15.000000000001679,0.22614395801792853,
1501,150,ok,1.6154847710902573,0.39159244094489837,0.1510502221082465,0.11844250321270192,15.000000000001679,0.24367545900167897,
1502,150,ok,1.56712564791746,0.43692550296748184,-0.11260956037237352,0.13084875248138797,15.000000000001679,0.25259083398850635,
1503,150,ok,1.717203899618604,0.296141717342538,-0.21367308086164144,0.10714419099106173,15.000000000001679,0.24428941699443385,
1504,150,ok,2.079464126973989,-0.07901854044089532,-0.043046066890065855,0.08077773290711368,15.000000000001679,0.25786349998088554,
1505,150,ok,1.975724821932932,0.024445212851970703,-0.02592016547825932,0.1834638051071994,15.000000000001679,0.3271863749832846,
1506,150,ok,1.669353867848341,0.3327997268680352,-0.08476783215889105,0.12261165537634675,15.000000000001679,0.26824908299022354,
1507,150,ok,1.5515565777185634,0.4487164057074853,-0.029103675723819163,0.11702646190475949,15.000000000001679,0.26715779199730605,
1508,150,ok,1.558593081255405,0.4414458945047919,-0.011022394533342809,0.1377663071967378,15.000000000001679,0.2389210830151569,
1509,150,ok,1.6553489261057888,0.34973315973453917,-0.1296125884312176,0.11383308937073111,15.000000000001679,0.25204370901337825,
1510,150,ok,1.486685403612393,0.5176273472972106,-0.11315833081589317,0.11940630692647332,15.000000000001679,0.2863041249802336,
1511,151,ok,1.4628893114223125,0.5408733098253012,-0.10485437279139403,0.12905714427218784,15.000000000001679,0.21078024999587797,
1512,151,ok,1.4649737321297067,0.5373317359286538,0.08215585863805662,0.12220096188987722,15.000000000001679,0.27797666599508375,
1513,151,ok,2.003962911989791,-0.0038952107602101267,0.016472307758621095,0.13505397222736024,15.000000000001679,0.2632627919956576,
1514,151,ok,1.6763220626519753,0.32926508218499934,-0.136749742696195,0.12298948632477771,15.000000000001679,0.22097662498708814,
1515,151,ok,1.5540773529441951,0.4459889050034886,-0.01435045510707721,0.1310554096349271,15.000000000001679,0.23617366698454134,
1516,151,ok,1.7977035214259254,0.20794971180483268,-0.14245601260315516,0.11671775042772255,15.000000000001679,0.26613341699703597,
1517,151,ok,2.1285928220121697,-0.1269964504906926,-0.08242270028170436,0.07480271624086991,15.000000000001679,0.2668803749838844,
1518,151,ok,2.0341043449026763,-0.026401152564371488,-0.1768582902714215,0.09490006950704875,15.000000000001679,0.25631679201615043,
1519,151,ok,1.4954656640348778,0.506170862802369,0.06994327106062061,0.11974154390123175,15.000000000001679,0.25206391600659117,
1520,151,ok,2.0809889226934093,-0.0795137583236729,-0.07834172142114805,0.08474900428871786,15.000000000001679,0.2077561249898281,
1521,152,ok,1.408880940380878,0.5911287888031387,0.00523587902800618,0.12574279058359553,15.000000000001679,0.2654335419938434,
1522,152,ok,2.0275794725870746,-0.01401921007382047,-0.234104974552239,0.08087518892818837,15.000000000001679,0.24653295800089836,
1523,152,ok,1.4910757328343678,0.5090389862033281,0.01849584780289416,0.11975361533806181,15.000000000001679,0.2675815839902498,
1524,152,ok,1.6651635252061547,0.34524667351476135,-0.18590587447153314,0.11905586803492571,15.000000000001679,0.27147991699166596,
1525,152,ok,1.5090614708137176,0.4940382317936702,-0.09667303344431208,0.12132274652793633,15.000000000001679,0.2839105000020936,
1526,152,ok,1.5361310565932018,0.4831282415423701,-0.24248441480599278,0.12014823815370619,15.000000000001679,0.25305045797722414,
1527,152,ok,1.6807097626836665,0.3229916846144361,-0.11148280812690037,0.11017491043466253,15.000000000001679,0.2291865000152029,
1528,152,ok,2.116868223626746,-0.11558052276060429,-0.07382498165678504,0.07708137872706369,15.000000000001679,0.23413216599146836,
1529,152,ok,2.036752056446872,-0.031109833890704156,-0.15149845581073537,0.07467364030701047,15.000000000001679,0.22431791698909365,
1530,152,ok,2.0056426991710596,-0.0038392715818843307,-0.08503417198019515,0.07970677830806666,15.000000000001679,0.24049779199413024,
1531,153,ok,2.0036058781627153,-0.0013055751924913614,0.09598181969330216,0.10638721286173561,15.000000000001679,0.28090625000186265,
1532,153,ok,1.4921742619402119,0.510799095999239,0.09415251202242153,0.11639746047352154,15.000000000001679,0.2318385419785045,
1533,153,ok,1.457896355493575,0.548382550983416,0.13516125580962068,0.11812961080622904,15.000000000001679,0.2615870829904452,
1534,153,ok,1.9752560623614064,0.03125409630073436,0.1602375691367377,0.110145962230164,15.000000000001679,0.2650369579787366,
1535,153,ok,1.4178444910048844,0.5856326412825819,-0.09923696522775158,0.12041785935562932,15.000000000001679,0.24754195800051093,
1536,153,ok,1.4979113779046642,0.5023361509610779,0.027230338561439353,0.0922656406433355,15.000000000001679,0.22999887500191107,
1537,153,ok,1.978165901563513,0.02196828077220621,-0.02304022216306944,0.11612045337486496,15.000000000001679,0.24030387500533834,
1538,153,ok,1.9714205984871553,0.028582030449268974,-0.0032195452981981384,0.10994898582976265,15.000000000001679,0.25391512500937097,
1539,153,ok,1.5451681966966841,0.45999647349076306,-0.12622953070496984,0.10312333781305077,15.000000000001679,0.20662266600993462,
1540,153,ok,1.4159719484100397,0.5842364202840937,0.024290842598129577,0.12221384028239872,15.000000000001679,0.2247231249930337,
1541,154,ok,1.9000480181225308,0.10274002159019341,-0.10289336954234231,0.11689034367660066,15.000000000001679,0.24421554198488593,
1542,154,ok,1.5071120558752673,0.49544406396159185,0.08773929733115085,0.12595024146402634,15.000000000001679,0.2708937079878524,
1543,154,ok,1.9910965285331563,0.009540881072964608,-0.05037739390834325,0.07236327450152819,15.000000000001679,0.23245074998703785,
1544,154,ok,1.4669414575476114,0.5343485065367456,0.061505606092798044,0.12173177383443062,15.000000000001679,0.21829329201136716,
1545,154,ok,1.645645969644131,0.3733590501026801,-0.24937898372380232,0.1216341243357624,15.000000000001679,0.24867499998072162,
1546,154,ok,1.406505619060818,0.5935493366898543,-0.01243334726074661,0.11005735907200305,15.000000000001679,0.24129450001055375,
1547,154,ok,1.6786313154783408,0.3306322056838938,0.17610866135634443,0.11101496956697547,15.000000000001679,0.25561399999423884,
1548,154,ok,1.9945590147266952,0.006045604467950941,0.0491073494086777,0.1762858614485513,15.000000000001679,0.24507329100742936,
1549,154,ok,1.4372603071787173,0.5628908560476964,-0.020844638642548926,0.12110625660133242,15.000000000001679,0.23893533399677835,
1550,154,ok,1.4206398555034967,0.580763169874407,0.0631222548714421,0.12568741500446046,15.000000000001679,0.23123145900899544,
1551,155,ok,1.4801345629390912,0.5249917523287752,-0.12308124840428594,0.11735806535337379,15.000000000001679,0.23653724999167025,
1552,155,ok,1.653432460719715,0.35389078001135776,-0.1554456111636341,0.11542743088635253,15.000000000001679,0.23992679198272526,
1553,155,ok,2.0009016185009636,0.011915979417430994,-0.22611769949303628,0.07906470078495931,15.000000000001679,0.2340189160022419,
1554,155,ok,2.0742786672434295,-0.07265347546922184,-0.08209482326270046,0.07593003227952115,15.000000000001679,0.2523533749917988,
1555,155,ok,2.037262439975343,-0.03564287461197037,-0.0812178328681629,0.07706173739860817,15.000000000001679,0.2512491250236053,
1556,155,ok,1.4573255414585184,0.5441178454111274,-0.06484509030779224,0.12310074812227263,15.000000000001679,0.24941829199087806,
1557,155,ok,1.503786850465255,0.5049197987430991,-0.16158614866948198,0.10355511232228262,15.000000000001679,0.27867241599597037,
1558,155,ok,1.4623909610672572,0.5455534516524468,0.15222536257505018,0.0998899778545266,15.000000000001679,0.24102358301752247,
1559,155,ok,1.8882487313488077,0.13375643929547237,-0.2874338942596505,0.09445546504479593,15.000000000001679,0.2559274170198478,
1560,155,ok,1.566299748012262,0.43589509559963213,0.08288997921336341,0.13400003798358417,15.000000000001679,0.24430208301055245,
1561,156,ok,1.6159268133042308,0.3907601713391905,-0.14685584703135,0.13478621144902467,15.000000000001679,0.2413352499715984,
1562,156,ok,1.5309260694537796,0.46915530179620835,0.01578417291277975,0.13387488765619338,15.000000000001679,0.27939574999618344,
1563,156,ok,2.02532362953229,-0.023898104893605464,-0.07597542596077268,0.075569952700618,15.000000000001679,0.22394641599385068,
1564,156,ok,1.4414510519734423,0.558625910132792,-0.014895244033613175,0.12927306001056113,15.000000000001679,0.2220844169787597,
1565,156,ok,1.8009824453377397,0.20481958431155478,0.14444737291957002,0.11929117724584956,15.000000000001679,0.24173220800003037,
1566,156,ok,1.6937293238318842,0.3307933874683759,-0.28717295675030424,0.11751319439006323,15.000000000001679,0.25466404101462103,
1567,156,ok,1.5440854508974227,0.4564828308893584,-0.04188828396781904,0.1384083109953892,15.000000000001679,0.20012245798716322,
1568,156,ok,1.522863290866092,0.47796450525005296,0.0502051330920174,0.12465537518511699,15.000000000001679,0.24478558299597353,
1569,156,ok,2.017081222404167,-0.008834508409455273,-0.18221025108053696,0.07994612994463896,15.000000000001679,0.26487174999783747,
1570,156,ok,1.620966198628953,0.3858621743100404,-0.14862872123007514,0.12418551608852656,15.000000000001679,0.24455779200070538,
1571,157,ok,1.4498956034195987,0.5517267151659694,-0.06856933171272389,0.11108659898416533,15.000000000001679,0.2839155830151867,
1572,157,ok,1.924489940400558,0.09923332077047636,-0.3012433598167974,0.0933649143738394,15.000000000001679,0.23557716599316336,
1573,157,ok,1.4362272436809203,0.5642660636371409,-0.037639865399641585,0.12648581141272958,15.000000000001679,0.25404791699838825,
1574,157,ok,1.9577365040817682,0.04765835179880071,0.14523879685995736,0.09357232668041915,15.000000000001679,0.24149816698627546,
1575,157,ok,1.7866649735374702,0.2139160339235996,-0.04556088004467432,0.15055559909355998,15.000000000001679,0.2652694169955794,
1576,157,ok,1.5021617494995396,0.5027807467487854,-0.1217556132315581,0.09613941567878237,15.000000000001679,0.22720258400659077,
1577,157,ok,1.7100149435840073,0.30826936832201857,-0.2493964256420566,0.10268093235905267,15.000000000001679,0.2370598750130739,
1578,157,ok,1.41610189808674,0.5866856785017897,-0.08880999050174662,0.12377308880967665,15.000000000001679,0.2944170410046354,
1579,157,ok,1.9589792636386338,0.04188878613063083,-0.05831148673451084,0.18592362279039645,15.000000000001679,0.24643391600693576,
1580,157,ok,1.4815718422528221,0.5187111265099582,-0.0289550864447783,0.11623660551467348,15.000000000001679,0.25519512497703545,
1581,158,ok,1.5540401013513672,0.4466553715518883,0.04648765297974163,0.13252691842825196,15.000000000001679,0.26641112501965836,
1582,158,ok,1.4586553157305058,0.5421607578256773,-0.0487860029666131,0.12682539054910166,15.000000000001679,0.23425012498046272,
1583,158,ok,1.4994756742487512,0.5043501942807764,0.10704651472979247,0.11752302934231551,15.000000000001679,0.2511529579933267,
1584,158,ok,1.7729174587758614,0.22920461319524296,-0.08671801256515156,0.15714675782898513,15.000000000001679,0.2272143329901155,
1585,158,ok,1.8096551051726126,0.19267362004945487,-0.09177666376676444,0.13073732209282968,15.000000000001679,0.26210912500391714,
1586,158,ok,1.8463834536586745,0.1752539667727634,-0.28183997616732653,0.11709543440453951,15.000000000001679,0.23539641697425395,
1587,158,ok,1.4550797663451516,0.5461605632396239,0.06006678406018354,0.12121595988934829,15.000000000001679,0.22736587500548922,
1588,158,ok,1.5956331005216893,0.4063681680392285,-0.07989102353715492,0.12117959778043416,15.000000000001679,0.22897300001932308,
1589,158,ok,1.5635392813595268,0.44188442633223685,-0.13011895883476401,0.12154771210616415,15.000000000001679,0.22941058399737813,
1590,158,ok,1.6620089963848126,0.33987257292173007,-0.07906219024625723,0.12575740707591673,15.000000000001679,0.23772195799392648,
1591,159,ok,2.0230811035076974,-0.022444786218512168,-0.05073694972581174,0.07882881303411124,15.000000000001679,0.21693212501122616,
1592,159,ok,1.5036385928424898,0.504256444665922,-0.15388383463481647,0.12293200696822289,15.000000000001679,0.25959229201544076,
1593,159,ok,1.7987034899785836,0.21367176617310016,-0.2106316355489027,0.12261874371914183,15.000000000001679,0.23451162499259226,
1594,159,ok,1.5075545543242412,0.4956065510987974,-0.097576048120975,0.11477516166626993,15.000000000001679,0.23404104201472364,
1595,159,ok,2.04492941480493,-0.044140203252848745,-0.05680793060688308,0.07375570726182633,15.000000000001679,0.25101270800223574,
1596,159,ok,1.468067854193385,0.5358647337106595,0.10738317616745789,0.13576567641019266,15.000000000001679,0.249151708005229,
1597,159,ok,1.714817078322862,0.310710613469716,-0.29478633052414993,0.11559221694293713,15.000000000001679,0.25741466600447893,
1598,159,ok,1.4997548507021126,0.5036710851183803,0.10131332929930742,0.11990384471169328,15.000000000001679,0.22643741700449027,
1599,159,ok,1.480611289471315,0.5209497861299013,-0.06797246031096342,0.11848366424890369,15.000000000001679,0.23657829200965352,
1600,159,ok,1.5836464534344086,0.4366868969512671,-0.252958951831167,0.10270098250350751,15.000000000001679,0.2348257090197876,
1601,160,ok,1.5239823744493042,0.4762589522613718,0.0271200491984646,0.10583530881697104,15.000000000001679,0.23293145801289938,
1602,160,ok,1.471537019234018,0.5296263018440445,-0.05850116876881405,0.11514145340184745,15.000000000001679,0.20718862500507385,
1603,160,ok,1.8158752360014205,0.1985584195717718,-0.2284974945758974,0.10112466853856711,15.000000000001679,0.255971208011033,
1604,160,ok,1.7887937786083214,0.21503489799605766,-0.11697336028298315,0.12280769206923228,15.000000000001679,0.24706175000756048,
1605,160,ok,2.0115479923015136,-0.008063647897231371,0.11834572795801906,0.07741750077068102,15.000000000001679,0.2291938749840483,
1606,160,ok,1.4921841430928882,0.508464160043723,-0.04398130311598541,0.08030529392234316,15.000000000001679,0.2144978329888545,
1607,160,ok,1.5572919512925576,0.44643703737070134,0.10770488710851729,0.12434721349116303,15.000000000001679,0.23204875001101755,
1608,160,ok,2.0970185975512545,-0.09104920105167688,-0.15811463327906594,0.09370677193873886,15.000000000001679,0.26197383302496746,
1609,160,ok,1.4915121812492067,0.5121188127621785,0.10401038159019364,0.11471151045022286,15.000000000001679,0.19210333298542537,
1610,160,ok,1.4638965558828916,0.5365553272292448,-0.036370538416271914,0.11385684189759919,15.000000000001679,0.2679903339885641,
1611,161,ok,2.0006052922888227,0.013096835181744709,-0.23374633509265458,0.08969015018616194,15.000000000001679,0.232772333023604,
1612,161,ok,1.4910807362551908,0.510030909431016,-0.057566232987373615,0.10906045523759345,15.000000000001679,0.2754982909827959,
1613,161,ok,1.9239064330867077,0.09139194303385936,-0.24213890260829962,0.11309479514828578,15.000000000001679,0.23206091701285914,
1614,161,ok,1.4583410343117216,0.542106740561637,0.03613608226645105,0.12238725938386923,15.000000000001679,0.24717420799424872,
1615,161,ok,1.586056500685405,0.42271395100640813,-0.16656513145498716,0.12295742699384125,15.000000000001679,0.24482583301141858,
1616,161,ok,1.493907471654274,0.5068549650851366,0.047722516421046406,0.13062487262917238,15.000000000001679,0.24720995800453238,
1617,161,ok,1.5296417602267258,0.4703869441776513,0.009370917101992669,0.1303733092602625,15.000000000001679,0.27907420898554847,
1618,161,ok,1.4599923981988092,0.5436572604550255,-0.10316795904227835,0.12210041594959438,15.000000000001679,0.24886462499853224,
1619,161,ok,1.4788092122254728,0.5229036652812667,-0.07115549257370984,0.12052536831309285,15.000000000001679,0.23739900000509806,
1620,161,ok,1.9920118267174318,0.008442825262922454,0.042557461571263236,0.13807830776163021,15.000000000001679,0.2461464999942109,
1621,162,ok,1.5232504971304077,0.48297050357316884,-0.13752666642869424,0.1241312511155768,15.000000000001679,0.28572629200061783,
1622,162,ok,1.7500103886822933,0.262823166443776,-0.21154907102495923,0.13071160778746915,15.000000000001679,0.23470895900391042,
1623,162,ok,1.475960359287963,0.5255680893466005,-0.06715298233450759,0.1289938334578421,15.000000000001679,0.22370262499316595,
1624,162,ok,2.098140704100913,-0.09734982858101014,-0.057603044678932035,0.07699907646826573,15.000000000001679,0.22363529101130553,
1625,162,ok,1.5468568787172552,0.45640796780610615,0.10044820248473425,0.13438383005377105,15.000000000001679,0.25520766599220224,
1626,162,ok,1.5394698492240781,0.47081050242164973,0.17761446215350518,0.11870493651512555,15.000000000001679,0.2179401670000516,
1627,162,ok,1.5237679663289174,0.49485027830815437,-0.23747237839615004,0.10281537400394891,15.000000000001679,0.24262012497638352,
1628,162,ok,1.7829348253552673,0.23848143569715063,-0.275515769205767,0.11626977088281575,15.000000000001679,0.24011816599522717,
1629,162,ok,1.6908140895641643,0.32731413581380864,-0.24692971716743092,0.10233045306644606,15.000000000001679,0.2654889169789385,
1630,162,ok,1.4646828852851277,0.539633699253803,0.11236646337780203,0.11597635750485041,15.000000000001679,0.23218320900923572,
1631,163,ok,1.8961991093129698,0.104623047259281,0.05583251005109982,0.18139965906976135,15.000000000001679,0.2606049579917453,
1632,163,ok,2.089234752598378,-0.08627243468256007,-0.11121681414475128,0.07657093415142167,15.000000000001679,0.22689187500509433,
1633,163,ok,1.588452023115052,0.4134773701757562,-0.07826732903240663,0.1252691039176726,15.000000000001679,0.22983691698755138,
1634,163,ok,1.5722093391639884,0.44450881087577226,-0.22866868327639672,0.12754005791477988,15.000000000001679,0.21971383300842717,
1635,163,ok,2.107191216388651,-0.10559983725331874,-0.08187886042366528,0.0787982061093168,15.000000000001679,0.23727066701394506,
1636,163,ok,2.0698072391442186,-0.06962307294873264,-0.027610561965621578,0.0726728459096218,15.000000000001679,0.23740620800526813,
1637,163,ok,2.089095539970234,-0.08793397956086978,-0.06965538111756485,0.07949795876518635,15.000000000001679,0.26306274998933077,
1638,163,ok,1.8834303344306125,0.1202186722709539,-0.1171835507852248,0.09984361260454533,15.000000000001679,0.2609029170125723,
1639,163,ok,1.570618537989848,0.43988621351646784,0.18134929032500646,0.1254644727956157,15.000000000001679,0.2373957500094548,
1640,163,ok,2.0428099052384168,-0.03404831435170344,-0.18899672966266598,0.08733744333245129,15.000000000001679,0.2320710420026444,
1641,164,ok,2.008352091624447,-0.003807087772712817,0.1350380647229923,0.11634891042328185,15.000000000001679,0.24782445799792185,
1642,164,ok,1.4570602210656038,0.550160271763723,-0.14487667251667796,0.12371743986415298,15.000000000001679,0.25209095899481326,
1643,164,ok,1.9379862707062654,0.06982218558181451,-0.1737941028165632,0.084067058162587,15.000000000001679,0.24939870898379013,
1644,164,ok,2.000264295803475,0.00878026955127959,-0.19000325822968867,0.07787072572890723,15.000000000001679,0.2859653749910649,
1645,164,ok,1.9104488638419046,0.10324534397709664,-0.22833448318259253,0.08181135086430398,15.000000000001679,0.2545075830130372,
1646,164,ok,1.6082604303377912,0.39488972390746363,0.10061119904085661,0.12416590911722865,15.000000000001679,0.25173741701291874,
1647,164,ok,1.5023114321832742,0.5060801569435471,-0.15856589100668514,0.12341653850579233,15.000000000001679,0.2335104169906117,
1648,164,ok,1.6390119752738097,0.37076300116283817,0.17873739595013002,0.1150825931732461,15.000000000001679,0.22225583301042207,
1649,164,ok,2.085843307059358,-0.08366738348298178,-0.09524986411278377,0.07679308131224322,15.000000000001679,0.26113254099618644,
1650,164,ok,1.6143554569832848,0.3871635278757511,0.07001468187113834,0.11171679655553816,15.000000000001679,0.2629591249860823,
1651,165,ok,1.5642840950218377,0.4439075852629371,-0.1598784748991132,0.11290137226384375,15.000000000001679,0.25239254199550487,
1652,165,ok,1.6019036108972287,0.412182820444575,-0.21197118416009922,0.11623464897009031,15.000000000001679,0.24765120798838325,
1653,165,ok,1.563149095871726,0.440576201597004,-0.10785412787170925,0.13312570572996368,15.000000000001679,0.2500262079993263,
1654,165,ok,1.8386279136207213,0.18466444604419308,-0.29173520749002946,0.09693721152831775,15.000000000001679,0.29613699999754317,
1655,165,ok,1.5004448687606429,0.5061772636492733,-0.14081348142763028,0.12397591921265673,15.000000000001679,0.23902887498843484,
1656,165,ok,1.4632831740243035,0.5368781971509407,-0.021731024144256265,0.13411542235297483,15.000000000001679,0.22377541600144468,
1657,165,ok,1.9816872758732893,0.021567526698590384,0.11353152841640617,0.08654711174440245,15.000000000001679,0.27716258299187757,
1658,165,ok,1.4322546191132983,0.5680379354581524,0.028947187850091427,0.11160255433608895,15.000000000001679,0.23718508300953545,
1659,165,ok,1.5219558373568034,0.4810835418056715,0.09613721387082494,0.12806845080394386,15.000000000001679,0.27159600000595674,
1660,165,ok,2.0340053936497946,-0.030113875271509844,-0.12576006848975477,0.07502667108960223,15.000000000001679,0.20608733300468884,
1661,166,ok,1.421324816509865,0.5799118180054932,0.05927722485354572,0.11129935954784946,15.000000000001679,0.22506712499307469,
1662,166,ok,1.4348286737408538,0.5732618278575891,-0.15215620638235566,0.11691414982983457,15.000000000001679,0.22824941700673662,
1663,166,ok,1.8663243326899426,0.13402332949907292,0.03602193688343093,0.18917439519044288,15.000000000001679,0.2304067499935627,
1664,166,ok,1.853723203017686,0.1465620687264787,0.03251996806084214,0.18247315728032043,15.000000000001679,0.2861832499911543,
1665,166,ok,1.5678667897538359,0.4330525916830761,0.05368510018500389,0.12485191606470915,15.000000000001679,0.20513350001419894,
1666,166,ok,1.5884533607483904,0.41178238355563157,0.027365710088086245,0.13360123642281446,15.000000000001679,0.24331666697980836,
1667,166,ok,1.9286266556003822,0.07234849616283986,-0.061322560666121614,0.11720991370349013,15.000000000001679,0.28042716698837467,
1668,166,ok,1.472185977933403,0.5387478154041594,0.17909105683314525,0.11624984159375423,15.000000000001679,0.24387841601856053,
1669,166,ok,1.4629641816250276,0.5462719107101172,-0.16413055513027686,0.08969673785243334,15.000000000001679,0.2233305410190951,
1670,166,ok,1.4968497034129953,0.5031934150331902,-0.011361417498157916,0.11895082547995,15.000000000001679,0.24107191601069644,
1671,167,ok,1.5874938775948815,0.43084856737227695,0.24062542027723677,0.13443858451816512,15.000000000001679,0.23369224998168647,
1672,167,ok,1.9742302108041314,0.025827509983272136,0.015096519892934014,0.1373126352164155,15.000000000001679,0.2205044159782119,
1673,167,ok,1.4811357231054414,0.5205980883321213,0.07164505574360826,0.12982744862271672,15.000000000001679,0.2504498749913182,
1674,167,ok,1.5728939178891161,0.43023115910015247,-0.09910127684607795,0.11505629742377564,15.000000000001679,0.2492525829875376,
1675,167,ok,1.461663319550563,0.5383702854226367,0.00991146730139517,0.10849581855948556,15.000000000001679,0.20829187499475665,
1676,167,ok,1.464830380497873,0.5405922180175614,-0.125924459572567,0.12754448543491373,15.000000000001679,0.26204020899604075,
1677,167,ok,2.0417930010775853,-0.03885827099016039,-0.10943313056121087,0.07664912789472413,15.000000000001679,0.26926395899499767,
1678,167,ok,1.5383810829800764,0.46162002117693035,-0.0018431568800232948,0.12621361614461246,15.000000000001679,0.29258791598840617,
1679,167,ok,1.5873552865732956,0.4232906265403903,-0.18353298738045593,0.1354940640599866,15.000000000001679,0.21508200000971556,
1680,167,ok,1.491091242152334,0.5239090165759672,0.2109703796215511,0.10123609082789216,15.000000000001679,0.24087008301285096,
1681,168,ok,1.5934202487851616,0.4283120489716848,-0.26226908668575927,0.09003561871019976,15.000000000001679,0.2592608749982901,
1682,168,ok,1.5315062321419388,0.4711562666076825,-0.0902672584974096,0.11764812039479886,15.000000000001679,0.23109329197905026,
1683,168,ok,1.4391668032207532,0.5672511024130338,-0.1357633380407819,0.10580519850892249,15.000000000001679,0.24134704199968837,
1684,168,ok,2.061446285657425,-0.04635325246965091,-0.24899629466656026,0.08525777742069031,15.000000000001679,0.242895834002411,
1685,168,ok,1.5401132538019768,0.46942181502192554,0.17111181784358226,0.1256332863706831,15.000000000001679,0.2606551250210032,
1686,168,ok,1.5546223100815357,0.457812925362666,-0.19623851259320194,0.11653305540301172,15.000000000001679,0.26367795799160376,
1687,168,ok,1.4493527939745976,0.5512415639797299,0.04150319821499988,0.11591725646633735,15.000000000001679,0.2653119580063503,
1688,168,ok,1.4718551005485192,0.528411910051951,-0.028034452620734722,0.10504838283745523,15.000000000001679,0.24268495899741538,
1689,168,ok,1.413608883588946,0.5905901366826417,0.10887567655510538,0.12815913467139378,15.000000000001679,0.21813791699241847,
1690,168,ok,1.8343200104697974,0.16664347710852004,-0.05944544373776876,0.1704812686244012,15.000000000001679,0.2598566669912543,
1691,169,ok,1.5214334163205805,0.48391559840913906,0.1274665742451478,0.1258098727696754,15.000000000001679,0.22557375000906177,
1692,169,ok,1.4590383282432418,0.5409724429426532,0.005606338386527167,0.10182395459293005,15.000000000001679,0.25245166700915433,
1693,169,ok,1.9436249907587624,0.05699540096459194,0.04910430560808554,0.13302034132301674,15.000000000001679,0.2635573750012554,
1694,169,ok,1.7869302416731907,0.22348082994763016,-0.19261185592441327,0.1164884714441717,15.000000000001679,0.2608767500205431,
1695,169,ok,1.5108832926623972,0.4972893659667631,-0.1569365298768706,0.10930524840718074,15.000000000001679,0.24786670799949206,
1696,169,ok,1.4256402367569458,0.5744894422645602,0.019228480054237676,0.118843945663543,15.000000000001679,0.23392137498012744,
1697,169,ok,1.5041683318313133,0.5120916662127307,-0.2205700812226978,0.112254977309686,15.000000000001679,0.2676922079990618,
1698,169,ok,1.4970413652396488,0.5157159563763299,-0.19502237585148616,0.11418401455720126,15.000000000001679,0.2552601670031436,
1699,169,ok,1.4587267145284095,0.544256903688203,0.09325055077258035,0.1334104503070475,15.000000000001679,0.23290841601556167,
1700,169,ok,1.4255074954011597,0.5756323700793304,0.05699538822625386,0.1270000313349993,15.000000000001679,0.22601104201748967,
1701,170,ok,1.9875893357666896,0.028792034960201208,-0.254657664752359,0.08242818662600516,15.000000000001679,0.26341612500254996,
1702,170,ok,1.7656086868599958,0.25335664574628336,-0.2580911237466412,0.09390785012116726,15.000000000001679,0.26772258401615545,
1703,170,ok,1.8551325452782708,0.17159240293549466,-0.31375534983078335,0.09036328134854436,15.000000000001679,0.23645500000566244,
1704,170,ok,1.4997449004458898,0.5008452941168877,-0.04207058642295517,0.13257145661202308,15.000000000001679,0.2288944580068346,
1705,170,ok,1.5766722740535881,0.44486514303259805,0.2597133735761232,0.1351288804399912,15.000000000001679,0.25169879200984724,
1706,170,ok,1.6826383553094846,0.320047817154223,-0.095039455545136,0.11672212052855431,15.000000000001679,0.23020495800301433,
1707,170,ok,2.022304864859436,-0.020269010528153806,-0.09071985192744371,0.0772097774265248,15.000000000001679,0.23883225000463426,
1708,170,ok,2.06956619783726,-0.06533893890562194,0.13220935924045552,0.13772514767195548,15.000000000001679,0.27209975000005215,
1709,170,ok,1.9751474278170407,0.025202844008832267,0.03719615976774285,0.10553644819254808,15.000000000001679,0.24460412497865036,
1710,170,ok,1.6069743677531507,0.39335864834919704,-0.032713694094671175,0.12426486361890715,15.000000000001679,0.23045341597753577,
1711,171,ok,2.0361430661810815,-0.035070175535852025,-0.066090593897856,0.07304198525405112,15.000000000001679,0.21881166700040922,
1712,171,ok,1.5573494025788825,0.46233708067969265,-0.246839843340075,0.10711865005386564,15.000000000001679,0.24471183298737742,
1713,171,ok,1.6626654130601188,0.34685532801504293,-0.17767658617309068,0.10009373683910291,15.000000000001679,0.22838787498767488,
1714,171,ok,1.4160602778881932,0.5844360458873944,0.03748869736163962,0.10833555124639724,15.000000000001679,0.27617379202274606,
1715,171,ok,1.5226765182597453,0.4797408002544146,0.0857656390900971,0.1144621702787294,15.000000000001679,0.23524704098235816,
1716,171,ok,1.4902752597752649,0.5141782552206225,-0.11512642024748508,0.1150594281127941,15.000000000001679,0.21729104200494476,
1717,171,ok,2.021676039992577,-0.020612106222036644,-0.0655799273330779,0.07405147690767581,15.000000000001679,0.2571734999946784,
1718,171,ok,1.6202316852812986,0.3853793501674428,-0.1347251688578179,0.11715394309058914,15.000000000001679,0.281330915982835,
1719,171,ok,1.5524392941972482,0.45846846302481353,0.18370705669235926,0.11923139742450509,15.000000000001679,0.2506549999816343,
1720,171,ok,1.723801367292432,0.28365559419985054,-0.16016564724618668,0.11992753025757234,15.000000000001679,0.21681262497440912,
1721,172,ok,2.0539754262673813,-0.05328391976825942,-0.05329349426865519,0.07208843224306247,15.000000000001679,0.2567999589955434,
1722,172,ok,1.9330388657615496,0.06712570623536339,0.025223422617787174,0.1808984155219633,15.000000000001679,0.26783358299871907,
1723,172,ok,1.5323230583837726,0.4677253564279192,-0.012180801313988056,0.13735857693757483,15.000000000001679,0.23485687500215136,
1724,172,ok,2.061102059105282,-0.0602161909211844,-0.06042304787281559,0.07501266028529341,15.000000000001679,0.23284320798120461,
1725,172,ok,1.813702808735485,0.18641496223091544,-0.02066855570898551,0.13461472539080607,15.000000000001679,0.2798219579854049,
1726,172,ok,2.0012858468986177,0.004101427699534993,-0.14674443800595052,0.07552790238791202,15.000000000001679,0.2511296250158921,
1727,172,ok,1.6387056246696432,0.370185579914044,-0.17047310756774856,0.11990198263072271,15.000000000001679,0.22901641699718311,
1728,172,ok,1.5959921721898565,0.429054856094408,-0.28164227049705437,0.09061757103483375,15.000000000001679,0.23559370799921453,
1729,172,ok,1.517351941249186,0.48567085033312035,0.09572951520747933,0.12723240047282425,15.000000000001679,0.25239624999812804,
1730,172,ok,1.5869445195104999,0.4296804470264399,-0.22910567333291862,0.09956821817343751,15.000000000001679,0.2407004999986384,
1731,173,ok,2.022552470745935,-0.021835283057062928,-0.05385708037065401,0.0746804288642107,15.000000000001679,0.30185233301017433,
1732,173,ok,1.5990727033575967,0.41097402933778854,0.1789692017761405,0.11028965172050256,15.000000000001679,0.23868862498784438,
1733,173,ok,1.6007654318345879,0.41080357878769935,-0.19210596701453744,0.11978386967906728,15.000000000001679,0.26896112502436154,
1734,173,ok,1.4679811062543653,0.5397490337322346,0.15045146670553855,0.1249940568608541,15.000000000001679,0.22477466700365767,
1735,173,ok,1.5414136949397783,0.45859082413218116,0.0037324922493745544,0.1175252100618356,15.000000000001679,0.2263024999992922,
1736,173,ok,1.5448935020437577,0.4554427487661348,-0.03223089074029541,0.12036774816040938,15.000000000001679,0.256099041987909,
1737,173,ok,1.5136221247584072,0.4949299270026572,-0.1606736192594445,0.10430364540550376,15.000000000001679,0.2506547080120072,
1738,173,ok,1.5901362788483089,0.4289347335088167,-0.24553475056401625,0.10255168138736145,15.000000000001679,0.2742270830203779,
1739,173,ok,1.6134539335136842,0.39718107232948047,-0.18494615614255322,0.10782059923926975,15.000000000001679,0.28451525000855327,
1740,173,ok,1.7048055314000405,0.30440758331703377,-0.1769978993643484,0.11783389606806383,15.000000000001679,0.2538282080204226,
1741,174,ok,1.4200777366290016,0.5830613976859799,0.09437041560648006,0.12714025339650492,15.000000000001679,0.22869841702049598,
1742,174,ok,1.9776565233052985,0.03567421001558569,-0.22923680981489025,0.08696415521418104,15.000000000001679,0.261911790992599,
1743,174,ok,1.637046556218523,0.3665922268411818,-0.10908929283516891,0.1329983268069663,15.000000000001679,0.22347150000859983,
1744,174,ok,1.549912708144731,0.45195705405264636,0.07610808348114352,0.11870735018829019,15.000000000001679,0.25363583301077597,
1745,174,ok,1.5193179774462218,0.4810022915497033,0.03119420321188847,0.1304407156102618,15.000000000001679,0.24288129198248498,
1746,174,ok,1.4514612229633932,0.5493939173128682,0.0498164093194456,0.10648713752729339,15.000000000001679,0.26864991697948426,
1747,174,ok,1.4936398445028152,0.5095101289887672,-0.09695323356811486,0.12007326334638256,15.000000000001679,0.21864383298088796,
1748,174,ok,1.510348802631993,0.49511897308509506,0.12840015748991976,0.12731680269824489,15.000000000001679,0.25498250001692213,
1749,174,ok,1.5676114245175954,0.43465508930509683,-0.08426677185967306,0.13178340092063487,15.000000000001679,0.22565758400014602,
1750,174,ok,1.9954350871933364,0.008395038936451523,-0.12357534652728934,0.07570919288978767,15.000000000001679,0.2449999160016887,
1751,175,ok,1.5640569825443915,0.4492590548898092,-0.20365845380101283,0.11287700852547039,15.000000000001679,0.261679416988045,
1752,175,ok,1.518107862424982,0.4875920774548344,-0.13142966856522398,0.12381669997480492,15.000000000001679,0.2476067089883145,
1753,175,ok,1.4833232660401743,0.5283542422925253,-0.1857597249074262,0.09431228950092553,15.000000000001679,0.30349937500432134,
1754,175,ok,1.555226730300632,0.4520044089054573,-0.14979930772020333,0.13397059894736688,15.000000000001679,0.21923412499018013,
1755,175,ok,1.6911156211579808,0.33439614493260944,-0.29263602325959437,0.08230529546885879,15.000000000001679,0.2545578329882119,
1756,175,ok,1.5259036938098682,0.48020359116373257,0.1363853308497121,0.12000778630788253,15.000000000001679,0.21925929098506458,
1757,175,ok,1.566431584090754,0.43427559669765936,-0.047063792246245906,0.0802547485496915,15.000000000001679,0.24294187501072884,
1758,175,ok,2.0739143090122414,-0.07161146725781939,-0.09770614029643766,0.09785045281349858,15.000000000001679,0.2943463329866063,
1759,175,ok,1.546044559879442,0.46635607535431284,-0.1954228582591901,0.09460276962460358,15.000000000001679,0.24605604200041853,
1760,175,ok,1.9435845051225646,0.05654227893336853,0.022199436457243975,0.11029675694446368,15.000000000001679,0.23097158299060538,
1761,176,ok,2.0076661607207207,0.012494630932618713,-0.2838059563000953,0.10006823131750492,15.000000000001679,0.24823995801853016,
1762,176,ok,2.0389676349544694,-0.02692382171578936,-0.22128903577195524,0.09672142256637123,15.000000000001679,0.2634983750176616,
1763,176,ok,1.4556336756253965,0.544814182847587,0.03610588834477811,0.1102883163763874,15.000000000001679,0.2619615830190014,
1764,176,ok,1.5697101876354005,0.4303899990197447,-0.017734655032631354,0.11997530327920318,15.000000000001679,0.1969533330120612,
1765,176,ok,2.0760800752405917,-0.07514971275163791,-0.06214618634941091,0.07336751065264065,15.000000000001679,0.26607841698569246,
1766,176,ok,1.575057076771953,0.4287001550989075,0.10872714703886982,0.13053138200447725,15.000000000001679,0.23430095799267292,
1767,176,ok,1.9604750151476404,0.05360817302314049,-0.2345658562021005,0.08988771705099352,15.000000000001679,0.2327305419894401,
1768,176,ok,1.9936753689109379,0.00654524749761633,0.029658495036419746,0.11626998947953096,15.000000000001679,0.24818479199893773,
1769,176,ok,2.1312751520880764,-0.13011655095887156,-0.07026559071931275,0.07796664136298392,15.000000000001679,0.26621233401237987,
1770,176,ok,1.4687409473716961,0.5437631400081929,0.19124376614025607,0.12109137595775338,15.000000000001679,0.2330532089981716,
1771,177,ok,1.545943992459804,0.454073890018263,0.007435744703331385,0.13378479225515305,15.000000000001679,0.2596258750127163,
1772,177,ok,2.067560657594948,-0.06575267980975824,0.08644616066233593,0.18098620586396486,15.000000000001679,0.2861762920219917,
1773,177,ok,1.4359385050793676,0.5645689485935188,-0.03817180933166646,0.11954060485870996,15.000000000001679,0.21800304198404774,
1774,177,ok,2.037223930410007,-0.03463516074754287,-0.10266988499563627,0.07558206343926714,15.000000000001679,0.2891264170175418,
1775,177,ok,1.792224417799598,0.20821235984623213,0.039565342780017054,0.18570485230353231,15.000000000001679,0.25027079199207947,
1776,177,ok,1.9915231262725075,0.014570849893269374,-0.1556773984388441,0.07652985690911011,15.000000000001679,0.24986475001787767,
1777,177,ok,1.6460198785699387,0.3816628742133328,-0.3006100263596423,0.11238110488747735,15.000000000001679,0.19454162500915118,
1778,177,ok,1.5629847117015057,0.43715307910208,0.02075357445186067,0.11321801161086702,15.000000000001679,0.2817865420074668,
1779,177,ok,1.4599371705466087,0.5453982107694682,0.12470034767783497,0.1146029547908819,15.000000000001679,0.23769262499990873,
1780,177,ok,1.56693021453499,0.43327410603140604,-0.025303564787984803,0.14067941520870658,15.000000000001679,0.2219587080180645,
1781,178,ok,2.0558018936480464,-0.05400462373745006,-0.0859443517170843,0.07613634212834662,15.000000000001679,0.25577204101136886,
1782,178,ok,1.8890115760472956,0.11708775219782941,0.15167795329996334,0.11558718487279927,15.000000000001679,0.2830267919925973,
1783,178,ok,1.4774586317921434,0.5300786374966289,-0.14904763236410398,0.11926201067962647,15.000000000001679,0.21131841698661447,
1784,178,ok,2.029061918688385,-0.027006959305644018,-0.09129653223358113,0.07351377170304126,15.000000000001679,0.2871200839872472,
1785,178,ok,1.84842782690038,0.15423826880609984,-0.09924244515205409,0.11612219338077834,15.000000000001679,0.22914812501403503,
1786,178,ok,1.6248246593578368,0.38782015312632706,0.20231489068205188,0.10379974717757041,15.000000000001679,0.2553957090131007,
1787,178,ok,1.7090167745654525,0.2970927346371821,-0.14437860409573125,0.1114464444783466,15.000000000001679,0.23851487500360236,
1788,178,ok,1.607779287824897,0.40928574340738605,0.23362874872699305,0.12600248225244962,15.000000000001679,0.27518570801476017,
1789,178,ok,1.5241193569321616,0.4804826047095768,0.11834990319013543,0.1264976621345466,15.000000000001679,0.2388949999876786,
1790,178,ok,1.516741349724113,0.49079068024968747,-0.15096870914769991,0.1081997034620823,15.000000000001679,0.24824391698348336,
1791,179,ok,1.5241929159360452,0.47589552265745877,-0.016419108807837358,0.11405045923457438,15.000000000001679,0.2423803329875227,
1792,179,ok,1.5603953939726158,0.45195395528456417,0.1959265907727936,0.11315965774932876,15.000000000001679,0.2510903340007644,
1793,179,ok,2.085543414910398,-0.08553300277918685,0.006590128599036272,0.07201785499367565,15.000000000001679,0.27070545800961554,
1794,179,ok,1.5934297292594617,0.409411430615576,-0.09511206564623173,0.11669914422907013,15.000000000001679,0.2588086250179913,
1795,179,ok,1.5575165993225804,0.45614666628560535,0.20585150265258112,0.12497854499551467,15.000000000001679,0.23949545799405314,
1796,179,ok,1.9123824384399255,0.08856523098256013,-0.06019729765265182,0.09947017339670788,15.000000000001679,0.2434070830058772,
1797,179,ok,1.8331232697311688,0.1669243482794764,0.013212762741723439,0.1427561522998035,15.000000000001679,0.22535966700525023,
1798,179,ok,1.4321614650527474,0.5682630460373196,-0.034867701956073346,0.1108661098639237,15.000000000001679,0.24178941699210554,
1799,179,ok,2.0157314901828074,-0.014577963843847994,-0.06818407518898217,0.07436775175184193,15.000000000001679,0.25130308300140314,
1800,179,ok,1.8024697785742179,0.20091905600262092,-0.11047651161622195,0.10259850024351215,15.000000000001679,0.26947854200261645,
1801,180,ok,1.6612578358684003,0.34438857221763763,-0.13685173521226715,0.11589356002713239,15.000000000001679,0.26375437498791143,
1802,180,ok,1.5514702077479077,0.4536550699892357,-0.12600461483350536,0.11871630873399704,15.000000000001679,0.22568233299534768,
1803,180,ok,1.5298334828451765,0.47780754589092117,-0.15271089642714777,0.10678578459391191,15.000000000001679,0.24317179201170802,
1804,180,ok,1.7620536770295105,0.24741191481206873,-0.18239562601805948,0.1263451960523706,15.000000000001679,0.22970233298838139,
1805,180,ok,2.107662757896644,-0.10474523854160601,-0.11085928856404982,0.08058452679913371,15.000000000001679,0.3389511250134092,
1806,180,ok,1.6269216476180306,0.38118577050768304,-0.1622175634182795,0.13909860266469465,15.000000000001679,0.24055541699635796,
1807,180,ok,1.7316786811109652,0.2828586357116817,-0.22391201322006862,0.08795894853098801,15.000000000001679,0.2764729170012288,
1808,180,ok,1.679071385766127,0.33082939885400625,0.18207202632064207,0.12534365534453942,15.000000000001679,0.24428599997190759,
1809,180,ok,1.5469618857473106,0.46811891566057207,-0.2154795103900455,0.12756374839859969,15.000000000001679,0.23214433301473036,
1810,180,ok,1.5025543806383674,0.49775543658369775,0.030511284170152957,0.12426816828394012,15.000000000001679,0.24882600002456456,
1811,181,ok,1.442782990292339,0.5598323837847271,-0.08683314045755892,0.12062483155505342,15.000000000001679,0.23868341598426923,
1812,181,ok,1.5828163592603326,0.41720107424839764,-0.007428847939468486,0.13873365926444906,15.000000000001679,0.24300758400931954,
1813,181,ok,1.6544544030082358,0.3498984529057725,-0.11993438168671253,0.12543708345432475,15.000000000001679,0.2239514589891769,
1814,181,ok,1.47798648024325,0.5321910807620148,0.17315025956448796,0.09266183629347792,15.000000000001679,0.24509487499017268,
1815,181,ok,1.448554258703406,0.5535351897533664,-0.07777527322963419,0.10763631321945906,15.000000000001679,0.21059162501478568,
1816,181,ok,1.623217392143786,0.3883151653680038,0.19314941360332397,0.12141752634283248,15.000000000001679,0.29295762500260025,
1817,181,ok,1.5538407341785492,0.4600273862915393,-0.20713612968399625,0.11611655283185307,15.000000000001679,0.2592083750059828,
1818,181,ok,1.9813552441473097,0.022358527405943223,0.12125514168914742,0.08163162806202053,15.000000000001679,0.2897085419972427,
1819,181,ok,1.4308915511316072,0.5754276245642332,-0.13432862034992274,0.0786026857283824,15.000000000001679,0.28930608299560845,
1820,181,ok,1.5966079077489408,0.4034267329449482,-0.010517319601872292,0.13516384397497444,15.000000000001679,0.2851907919975929,
1821,182,ok,1.5658831211112154,0.4533091259989512,0.24441212994218087,0.13113395053542118,15.000000000001679,0.27716350002447143,
1822,182,ok,1.433402895373462,0.5668754063355202,-0.028244636642098593,0.1107398338540011,15.000000000001679,0.3433689170051366,
1823,182,ok,2.104430413255763,-0.10211886130486307,-0.0986086060248697,0.07418349437367154,15.000000000001679,0.3410345000156667,
1824,182,ok,1.4896911838643516,0.5115350376242358,-0.06043077910211296,0.09868827986924372,15.000000000001679,0.30232066600001417,
1825,182,ok,1.7278917439339707,0.276780015095067,-0.126975440063901,0.1140839434451564,15.000000000001679,0.2688708750065416,
1826,182,ok,1.5662653506308575,0.43653832856137964,-0.09367363838966791,0.1065453066820849,15.000000000001679,0.24055075002252124,
1827,182,ok,2.0910536530476533,-0.09071911786536334,0.0374025415742318,0.18485530457830263,15.000000000001679,0.29349179202108644,
1828,182,ok,1.5283704969247978,0.48645221082499523,-0.2123428024530351,0.12713874464459507,15.000000000001679,0.21628533297916874,
1829,182,ok,1.487413927592777,0.5143164800519446,-0.0717263588350004,0.12982260631238252,15.000000000001679,0.2726257500180509,
1830,182,ok,2.0110494460745194,-0.003725332698174215,-0.1714778867965863,0.08265790737144448,15.000000000001679,0.27485670801252127,
1831,183,ok,2.0824253016468828,-0.07980825628626598,-0.10436835738187925,0.07516426883963674,15.000000000001679,0.2529250409861561,
1832,183,ok,1.6725157561089374,0.3453856037477997,-0.24404949118491745,0.10655044996459032,15.000000000001679,0.27117004100000486,
1833,183,ok,1.4580216177457022,0.5420816932420107,-0.01735651559823406,0.1271630615616114,15.000000000001679,0.3157014580210671,
1834,183,ok,1.6566717701500115,0.3446212752933206,-0.06544181996598675,0.13956981238434046,15.000000000001679,0.26937724999152124,
1835,183,ok,1.501687558833262,0.498791043419709,0.0379103289053987,0.1369763903204158,15.000000000001679,0.2902955000172369,
1836,183,ok,2.0745032072686067,-0.06952128628816458,-0.14368438526129818,0.0899250004894873,15.000000000001679,0.22260116698453203,
1837,183,ok,1.7547172929526589,0.2533090759739763,-0.1676412661376139,0.11075894861389415,15.000000000001679,0.26620566699421033,
1838,183,ok,1.4832837475630058,0.5171687779321413,0.03663662982992852,0.09581344797679608,15.000000000001679,0.23856095797964372,
1839,183,ok,1.4798766538880295,0.5224737861555314,-0.08337384557078259,0.12249786866032429,15.000000000001679,0.2311927499831654,
1840,183,ok,1.515943506913791,0.49527999093294794,-0.18412607220959715,0.09653689268677133,15.000000000001679,0.2661052909970749,
1841,184,ok,1.5445044482168848,0.46537446686650197,-0.17440889775602444,0.1127585644960735,15.000000000001679,0.2367297500022687,
1842,184,ok,1.6999193835743034,0.3134164512393802,-0.21251316124342468,0.09977147068122091,15.000000000001679,0.22355812499881722,
1843,184,ok,1.5036817030830445,0.5067697042305774,0.17698007792711648,0.1206651314305363,15.000000000001679,0.2908592080057133,
1844,184,ok,2.060569424397512,-0.057872844419161025,-0.1053836275902684,0.07362062624902015,15.000000000001679,0.33480574999703094,
1845,184,ok,1.408151690902819,0.5919119863966757,0.013391435289500686,0.12491358456796403,15.000000000001679,0.27274816599674523,
1846,184,ok,1.509014145884577,0.4922140108656309,0.060869560946758716,0.13080175929963436,15.000000000001679,0.2990187079994939,
1847,184,ok,1.3871512188188893,0.6128765080922296,0.00877052269386854,0.12777475624387147,15.000000000001679,0.2662822080019396,
1848,184,ok,1.5353829392463652,0.46582028607257786,0.06077314787289804,0.12596436378562165,15.000000000001679,0.2373321670165751,
1849,184,ok,1.8283883522619748,0.17773445326168258,-0.1495066682718861,0.14362763298793896,15.000000000001679,0.312980124988826,
1850,184,ok,1.7793188041155792,0.22120229515413775,-0.043059632074456865,0.1386639788199799,15.000000000001679,0.3494571660121437,
1851,185,ok,1.757811251544658,0.25220619293724234,-0.18739584854011235,0.10958086684129434,15.000000000001679,0.3148835420142859,
1852,185,ok,2.089250078626445,-0.08702472022342274,-0.0964038807152033,0.0781738990634938,15.000000000001679,0.2798266669851728,
1853,185,ok,1.589498194483642,0.41205381405975644,-0.07022407581870814,0.11730869669727233,15.000000000001679,0.2343979169963859,
1854,185,ok,1.5934624900668204,0.4222230544183882,0.22303052984089766,0.11512209649534433,15.000000000001679,0.228611083002761,
1855,185,ok,1.4756673359583041,0.5247471940339409,0.03497491820645068,0.13115861038053117,15.000000000001679,0.24923958300496452,
1856,185,ok,1.6677911233724192,0.3341557428371232,-0.08056141804424327,0.12123945257093849,15.000000000001679,0.2098060840216931,
1857,185,ok,1.9037263015844916,0.09821347629527696,-0.0859176908422928,0.11584561598954259,15.000000000001679,0.2557911660114769,
1858,185,ok,1.4994864784868465,0.5093850661084717,0.16287055603895445,0.13364042598333212,15.000000000001679,0.2677198339952156,
1859,185,ok,1.9210448543415406,0.07922642132911055,0.0322829966380856,0.18411782259983084,15.000000000001679,0.26560837498982437,
1860,185,ok,1.4915998838317774,0.5142123558863555,-0.1315495725808257,0.13132524496337433,15.000000000001679,0.256789791979827,
1861,186,ok,1.6036054939050552,0.4034691836053195,0.15046571830357608,0.11850816543841913,15.000000000001679,0.2279257499903906,
1862,186,ok,1.5673795916935807,0.4404196962130003,-0.1561667714246061,0.12343325874884373,15.000000000001679,0.2462347079999745,
1863,186,ok,1.4612402556137147,0.5494292962333533,0.17626036990761595,0.1241087205760915,15.000000000001679,0.24795479199383408,
1864,186,ok,1.5409639530605468,0.4679772839984577,-0.1657597728257507,0.12167928565682518,15.000000000001679,0.26449795899679884,
1865,186,ok,1.574988500055233,0.43798970867081505,-0.20177369771094567,0.11033381247859152,15.000000000001679,0.24489291702047922,
1866,186,ok,1.5476768034583825,0.481875063955088,0.3009986154815143,0.10559390816827734,15.000000000001679,0.23759795899968594,
1867,186,ok,1.5371874328833919,0.462961087920051,0.02136788634187139,0.1347099848863384,15.000000000001679,0.25691308302339166,
1868,186,ok,2.0706256132637013,-0.06826029723168198,-0.098943282737102,0.07548997305808883,15.000000000001679,0.24693962500896305,
1869,186,ok,1.594607911890855,0.41036709978941904,-0.12586355800234522,0.12271727255355903,15.000000000001679,0.26071458400110714,
1870,186,ok,1.4588351968093796,0.5429361892980401,-0.0718692075408092,0.11599088723160987,15.000000000001679,0.24949058398487978,
1871,187,ok,2.0421420981440974,-0.041010533012220136,-0.0679731796045273,0.07235242949826108,15.000000000001679,0.24729258299339563,
1872,187,ok,1.4131338912402434,0.5869308680878756,0.013528599665395876,0.12619338440052702,15.000000000001679,0.2487714169838,
1873,187,ok,1.5165474915143713,0.4864938620184506,0.09599720991105525,0.11994383740765316,15.000000000001679,0.269173167005647,
1874,187,ok,1.8009292550632705,0.2003304012346075,0.06734624727746584,0.18579015597798387,15.000000000001679,0.23310995899373665,
1875,187,ok,1.8995965394439116,0.10044477480230903,-0.012528331550263255,0.17835603496474892,15.000000000001679,0.23159708399907686,
1876,187,ok,1.9521691253701492,0.04994614765452374,0.09085299665405094,0.17999983989873375,15.000000000001679,0.2477137079986278,
1877,187,ok,1.4963463072025764,0.5058838397141969,0.08166499036671761,0.12022205039585476,15.000000000001679,0.24332933299592696,
1878,187,ok,1.9343219774551963,0.06680857658432769,-0.06612437446409247,0.10671722788415543,15.000000000001679,0.27758920899941586,
1879,187,ok,1.4502421884845835,0.5505348680835708,0.04746826960236442,0.12047201116494266,15.000000000001679,0.2868437920114957,
1880,187,ok,1.5373106498572675,0.46342387463319595,0.047516787741956876,0.11412495734254414,15.000000000001679,0.2585895420052111,
1881,188,ok,1.4496363249943227,0.5504381973349894,-0.01469880939433285,0.1284082633627619,15.000000000001679,0.31816187500953674,
1882,188,ok,2.088931827870951,-0.08827601326630961,-0.052339983844489346,0.07405417649825327,15.000000000001679,0.260623417008901,
1883,188,ok,1.9169897866934758,0.08339176605724427,-0.03824552091329141,0.16657595406166747,15.000000000001679,0.19564154199906625,
1884,188,ok,1.4782174277282734,0.5227683401931398,-0.05397579924245375,0.10616655816801301,15.000000000001679,0.26428745800512843,
1885,188,ok,1.544202629444404,0.460594705904305,-0.12162689379063239,0.12049090681354446,15.000000000001679,0.2565951670112554,
1886,188,ok,1.4157462899158753,0.5842840930494165,-0.009275139764537248,0.10739671241532313,15.000000000001679,0.23943354201037437,
1887,188,ok,1.5298330009968504,0.4717360443067015,-0.06926970959735138,0.12067688530249937,15.000000000001679,0.23388933300157078,
1888,188,ok,1.5519677412671409,0.46620240821723963,0.2367885499242637,0.10361741592849683,15.000000000001679,0.2765875830082223,
1889,188,ok,1.8943745311354236,0.11062564183837408,-0.13754780600176825,0.10708038936211578,15.000000000001679,0.291525582986651,
1890,188,ok,1.4261819247202148,0.5751629470388925,-0.061921360674341036,0.11086091210387179,15.000000000001679,0.23725383399869315,
1891,189,ok,1.4838617423292002,0.5211794465102731,-0.12221064161761244,0.12072067706903009,15.000000000001679,0.1981024169945158,
1892,189,ok,1.520102736405657,0.48283711730672335,-0.09449400301496864,0.12652825545196936,15.000000000001679,0.296757083007833,
1893,189,ok,1.4649704868652698,0.5365259305056619,0.0661980007549101,0.12824392885003508,15.000000000001679,0.23860887499176897,
1894,189,ok,1.44693862244494,0.5557962356967668,0.0889205504663149,0.12326108504011213,15.000000000001679,0.23383970800205134,
1895,189,ok,1.9679718093331482,0.03270310528592692,-0.05153610752036448,0.10734651416194564,15.000000000001679,0.23249933301121928,
1896,189,ok,2.0224908622835365,-0.021759658783052707,-0.05437986886558003,0.10602231901179295,15.000000000001679,0.2794678339851089,
1897,189,ok,2.042417486735247,-0.03983752623022538,-0.10262580915577074,0.07414419825347754,15.000000000001679,0.23691274999873713,
1898,189,ok,1.4751495938465897,0.5287437559164502,-0.10710456792744609,0.11717171047384259,15.000000000001679,0.24042066701804288,
1899,189,ok,1.8375093176260588,0.16297987937796274,-0.04239774513320002,0.18271827017077305,15.000000000001679,0.25051295800949447,
1900,189,ok,1.9521664659917453,0.05577594457424426,-0.17591683616563683,0.09125565074927339,15.000000000001679,0.2834747500019148,
1901,190,ok,1.4252196495103273,0.576257070619761,-0.06486231872293738,0.11322181734509121,15.000000000001679,0.3131940829916857,
1902,190,ok,1.517397950614652,0.4828369643022974,0.026699506401370636,0.1275291398962911,15.000000000001679,0.25807204202283174,
1903,190,ok,1.9761994951601713,0.024627696206464364,0.05717259900281064,0.18499140762543956,15.000000000001679,0.2611431249824818,
1904,190,ok,1.4529238587926243,0.5513991835674004,-0.11199738425363061,0.12288736993813153,15.000000000001679,0.23408566598664038,
1905,190,ok,1.7078379646208453,0.30419473842668626,-0.20237348695057977,0.0870101528295579,15.000000000001679,0.2565273329964839,
1906,190,ok,1.5275449460527515,0.47685791613874623,-0.11589544677035934,0.10483305925162124,15.000000000001679,0.22923537497990765,
1907,190,ok,1.4563851086424786,0.5539677703096123,-0.17334467217716806,0.11206976655569104,15.000000000001679,0.22258566599339247,
1908,190,ok,1.4307318002424159,0.5721796378796006,-0.09122772461963112,0.12286491976723343,15.000000000001679,0.2847836669825483,
1909,190,ok,1.422732594345531,0.5787126173972948,-0.06411092783229029,0.09421258912034701,15.000000000001679,0.24715045900666155,
1910,190,ok,1.595285299277451,0.41334427203191476,-0.16570693104638662,0.12038080791134938,15.000000000001679,0.24760366597911343,
1911,191,ok,1.6937716803229064,0.3097138731082257,-0.10860623509304615,0.12566102640173202,15.000000000001679,0.24131516698980704,
1912,191,ok,1.7183838819045478,0.2870090049792633,-0.13603314510518943,0.10250399196758478,15.000000000001679,0.24760916698141955,
1913,191,ok,1.4480097281115827,0.5541111686034542,-0.07834321890572846,0.11550141602761724,15.000000000001679,0.26153516699559987,
1914,191,ok,1.8907741413078123,0.12299286239146852,-0.22775218726704308,0.08188195335110526,15.000000000001679,0.2660091659927275,
1915,191,ok,2.0749433275429916,-0.07388878612074579,-0.06614465449152104,0.0752600482119082,15.000000000001679,0.24887445900822058,
1916,191,ok,1.4435561484606376,0.5587735053679275,0.08197892978722648,0.10608427267712059,15.000000000001679,0.25034812500234693,
1917,191,ok,1.7375302384430045,0.27896764199323043,-0.23887015761175026,0.08888725547074128,15.000000000001679,0.25297733399202116,
1918,191,ok,1.515906800030476,0.49045040694723724,0.13868472335796794,0.12062315078565675,15.000000000001679,0.24806149999494664,
1919,191,ok,1.982460059146204,0.03343421680110768,-0.2505332442237922,0.07904781294034881,15.000000000001679,0.23097274999599904,
1920,191,ok,1.9320537914449578,0.07253356331949304,-0.13306009359303003,0.07784585768231989,15.000000000001679,0.2536725829995703,
1921,192,ok,1.4469802904186775,0.5560593804719052,0.09374138966828928,0.12436751683943414,15.000000000001679,0.24343845798284747,
1922,192,ok,1.574879053628003,0.4440358412963253,-0.24335071478382767,0.0953864191928344,15.000000000001679,0.2369404589990154,
1923,192,ok,1.4481941137773495,0.5556497916142584,0.10544508862639237,0.1197670683387692,15.000000000001679,0.24745354198967107,
1924,192,ok,1.5334519901302845,0.471872304196252,-0.12767439583588638,0.12626390181292305,15.000000000001679,0.2332591250014957,
1925,192,ok,1.5931557960175786,0.43274896965645904,-0.2861286393766171,0.09862910843696356,15.000000000001679,0.24205312499543652,
1926,192,ok,1.9151610449542862,0.09475036051699595,-0.19459095395284057,0.08983562368954585,15.000000000001679,0.2574159999785479,
1927,192,ok,1.5468806557010693,0.45909842589138833,-0.13587531744865433,0.09563574729238099,15.000000000001679,0.2629980829951819,
1928,192,ok,1.5199111773312473,0.4901765157702149,0.1748228630491163,0.12356067944512028,15.000000000001679,0.2397960829839576,
1929,192,ok,2.1042101529227164,-0.10197070966559502,-0.09705412598625789,0.07689570386664585,15.000000000001679,0.25167937501100823,
1930,192,ok,1.5345428558057503,0.472234453363367,-0.1440632181180836,0.11676237150605705,15.000000000001679,0.2726881249982398,
1931,193,ok,2.1036384013660947,-0.09790929224830155,-0.1551487196219464,0.09365158110723515,15.000000000001679,0.248071665992029,
1932,193,ok,2.026224021183399,-0.025701210406140634,-0.04602597288182819,0.07271665195093586,15.000000000001679,0.22227333299815655,
1933,193,ok,2.046261113567343,-0.044187754513874404,-0.09209217769922454,0.08248527876751084,15.000000000001679,0.24823916700552218,
1934,193,ok,1.7679974683694046,0.2320332907204702,-0.010428952005594289,0.13674488089818204,15.000000000001679,0.22993033300735988,
1935,193,ok,1.6612730460636533,0.34773371371629475,-0.17275489222555465,0.1193054749395245,15.000000000001679,0.2535567080194596,
1936,193,ok,1.5170229396325403,0.48660573995729156,-0.10486378326732708,0.10119727662865746,15.000000000001679,0.24605158300255425,
1937,193,ok,1.8154474790087083,0.19247164184650029,-0.16938353966660347,0.11281818203500484,15.000000000001679,0.24029129202244803,
1938,193,ok,2.076777818388851,-0.07633354493377216,-0.04295482667535138,0.0752579918865814,15.000000000001679,0.21267362497746944,
1939,193,ok,1.558954892365026,0.4609244575367442,-0.24816694183610488,0.08748023941983477,15.000000000001679,0.2371181669877842,
1940,193,ok,1.920231077788346,0.08055678060927933,-0.05500108761814307,0.126818537251049,15.000000000001679,0.2277489999833051,
1941,194,ok,2.1016373217479782,-0.10105448605947286,-0.049492209219020894,0.0754046315271408,15.000000000001679,0.27946566700120457,
1942,194,ok,1.9499199826358182,0.05189852745437013,0.08419377262017821,0.11107571159998275,15.000000000001679,0.2587282080203295,
1943,194,ok,1.6024055611209427,0.4086693955960758,-0.18807043839679974,0.12000971521470583,15.000000000001679,0.21769133300404064,
1944,194,ok,1.4486234244912746,0.5515661401016659,-0.0234345788278985,0.12113349313200772,15.000000000001679,0.2407632079848554,
1945,194,ok,1.6454498731925062,0.36009857702822595,-0.13501336276230225,0.1300478082506938,15.000000000001679,0.21899691701401025,
1946,194,ok,1.4697674186481606,0.5319345539946091,0.07071146416720435,0.12384825673663134,15.000000000001679,0.22986620798474178,
1947,194,ok,2.1068592826487036,-0.10528657105856756,-0.08139097372233199,0.07395195209940754,15.000000000001679,0.2673424169770442,
1948,194,ok,1.9529512932471813,0.04946870154501466,-0.09719263111649373,0.0809124880457231,15.000000000001679,0.2213847090024501,
1949,194,ok,1.4518904266666128,0.5534980038857171,0.12497114180303333,0.11796067666398195,15.000000000001679,0.24257166698225774,
1950,194,ok,2.039610527368854,-0.03837890791759284,-0.07086981805067213,0.07535390095409712,15.000000000001679,0.24777899999753572,
1951,195,ok,2.1264942207646826,-0.12621155603156786,-0.03467116876328984,0.07537707424251007,15.000000000001679,0.23343729198677465,
1952,195,ok,1.9787048640935034,0.02159144565470112,-0.03424224409460737,0.07713855571708299,15.000000000001679,0.2506102920160629,
1953,195,ok,2.059995963067897,-0.05889698220576489,-0.0672798968490907,0.07360710832001081,15.000000000001679,0.2657705409801565,
1954,195,ok,1.9448129080455916,0.07144278833672908,-0.25092693885340356,0.08715647645500735,15.000000000001679,0.24182195897446945,
1955,195,ok,1.5507052973364333,0.45012607107508135,-0.050771287418306194,0.12196487970258413,15.000000000001679,0.24943137500667945,
1956,195,ok,1.8374628055814708,0.16387635921482566,0.07013941577405108,0.18398432076998128,15.000000000001679,0.25911516600172035,
1957,195,ok,1.5279121968698832,0.4737091184526285,0.07036921378771346,0.1349473321088032,15.000000000001679,0.2682256659900304,
1958,195,ok,1.4342898687274233,0.570575852520901,-0.11804250987580696,0.12974020663018834,15.000000000001679,0.21803445799741894,
1959,195,ok,1.493593035060729,0.5071697609737271,0.04772873171037971,0.12957989931476077,15.000000000001679,0.25104975001886487,
1960,195,ok,1.7405069489864073,0.26185769374052464,-0.09069599032462274,0.11801169357781251,15.000000000001679,0.25252658300451003,
1961,196,ok,1.430872172288184,0.5721332976525184,-0.09269225294508207,0.11334922035078555,15.000000000001679,0.2520364170195535,
1962,196,ok,1.434724149453828,0.5653123468244691,0.010233418377948148,0.13158739289093935,15.000000000001679,0.23154624999733642,
1963,196,ok,1.6209895016811284,0.3868854929698388,-0.15958869561868627,0.11881662658546689,15.000000000001679,0.2311587920121383,
1964,196,ok,2.060806397174845,-0.058167589605007,-0.10425535830967629,0.07397305423455135,15.000000000001679,0.2538587079907302,
1965,196,ok,1.5254975523262722,0.4775300973357098,0.09606340424341567,0.13365255446030977,15.000000000001679,0.20281995797995478,
1966,196,ok,1.443187970348914,0.5571751627124881,0.032372931070314234,0.11351185611605671,15.000000000001679,0.27713020899682306,
1967,196,ok,1.897920722555235,0.10442450792488109,-0.09432191128659421,0.10846540330918951,15.000000000001679,0.2545676250010729,
1968,196,ok,1.5497121600700643,0.4563210365928989,0.1366127263595988,0.11985187799046201,15.000000000001679,0.24640391598222777,
1969,196,ok,1.7819365431510916,0.23091011104439624,0.2135856001988706,0.13225675083488306,15.000000000001679,0.2524941659939941,
1970,196,ok,1.5721185478900828,0.43355559488125833,-0.13344907003128204,0.12477617051772256,15.000000000001679,0.2789981249952689,
1971,197,ok,1.9414919303486469,0.0746442608714758,-0.24979230054941337,0.0954692303784206,15.000000000001679,0.2352781249792315,
1972,197,ok,1.528008425425837,0.47391100491452204,-0.07656452998185269,0.12157989173041675,15.000000000001679,0.2308468749979511,
1973,197,ok,1.4562824344128775,0.5495396339798828,0.13008941303689742,0.1287866538768235,15.000000000001679,0.22435029098414816,
1974,197,ok,1.9620166952271545,0.038557651964342056,0.04747028209784764,0.13550511606470722,15.000000000001679,0.2182491659768857,
1975,197,ok,2.1038939538552843,-0.10120160056703997,-0.10640302083742832,0.07895365661133211,15.000000000001679,0.24796145901200362,
1976,197,ok,1.5058849613423826,0.4992608828984385,-0.12438496371496845,0.09987758739083548,15.000000000001679,0.23000479201436974,
1977,197,ok,2.103163384037134,-0.09374600843314242,-0.19880611692001104,0.0795368223375402,15.000000000001679,0.2723430839832872,
1978,197,ok,1.484995845587251,0.5167559187838112,-0.07210864683613212,0.11469043207799103,15.000000000001679,0.19289074998232536,
1979,197,ok,1.5652863451793628,0.43660872192769473,0.07700035098888125,0.13755907477148202,15.000000000001679,0.25684425001963973,
1980,197,ok,1.5032975678345337,0.49858460650193986,0.07520235118857362,0.11940599459042783,15.000000000001679,0.2309675409924239,
1981,198,ok,1.6182507789859628,0.3844028819576683,0.09263657950285228,0.12771055229276382,15.000000000001679,0.23151162499561906,
1982,198,ok,1.5716663228431755,0.44032755063213896,-0.19379597787943395,0.11081425503150448,15.000000000001679,0.22750029200688004,
1983,198,ok,1.5272244059276863,0.4727774416939055,0.0023755972221280444,0.13802332860487024,15.000000000001679,0.25251591598498635,
1984,198,ok,1.564700541874719,0.43584614626578727,0.041358283226585704,0.1208779565338271,15.000000000001679,0.22115562501130626,
1985,198,ok,1.6425030936992029,0.37171404887131115,-0.21564154091545776,0.11643100102497546,15.000000000001679,0.2348077920032665,
1986,198,ok,2.0745737199607603,-0.07262622714590539,-0.08987014019549362,0.07267170962100859,15.000000000001679,0.22380595799768344,
1987,198,ok,1.539556698587027,0.46064778329734873,-0.02509145465731392,0.12457343966977177,15.000000000001679,0.2350532499840483,
1988,198,ok,2.0062518321562206,-0.006236852181585185,-0.0077528690634702056,0.15003085165168073,15.000000000001679,0.25299066700972617,
1989,198,ok,1.5011992494679771,0.5006694156882552,-0.07487980736232984,0.12352776269252796,15.000000000001679,0.22246233298210427,
1990,198,ok,1.874006141581769,0.13055858509953316,-0.1307203692663466,0.11067130526372515,15.000000000001679,0.2176960000069812,
1991,199,ok,1.4406847989570697,0.5594728418129072,-0.02131188568360253,0.11225604293266139,15.000000000001679,0.2737399170000572,
1992,199,ok,1.7117355071564435,0.31318105386045814,0.29099877904350663,0.12366332964567725,15.000000000001679,0.24083279201295227,
1993,199,ok,1.5936786604388329,0.40815359561948245,-0.0763982826962138,0.11306838376825018,15.000000000001679,0.26238175001344644,
1994,199,ok,1.7730179900591834,0.22946019452217598,-0.09371013975048668,0.12278600114370251,15.000000000001679,0.25222091597970575,
1995,199,ok,1.4117301201144832,0.589288354498946,-0.05361515910786325,0.10647957610658511,15.000000000001679,0.23762475000694394,
1996,199,ok,1.4860334718570802,0.5144039100091906,-0.03605186380239849,0.11718496656772368,15.000000000001679,0.2605632499908097,
1997,199,ok,2.072881064271337,-0.06579309142406178,-0.17127407871387654,0.082533582823007,15.000000000001679,0.26204137501190417,
1998,199,ok,1.9664579667093394,0.03400564148833333,-0.04269797577086263,0.1409008907598168,15.000000000001679,0.24388379100128077,
1999,199,ok,1.5075491758522483,0.4938322135434891,0.06452221829329395,0.09267081267163231,15.000000000001679,0.24648662502295338,
2000,199,ok,1.7957848735677788,0.2045703187943252,0.035715150574109684,0.15194330614702717,15.000000000001679,0.23784137499751523,
2001,200,ok,1.5614892454673726,0.4441607691639709,-0.13271379544650944,0.09111678024777926,15.000000000001679,0.2410901250259485,
2002,200,ok,1.6074560128355513,0.39593568208666713,-0.10436712700080512,0.11858073622844428,15.000000000001679,0.22613816597731784,
2003,200,ok,1.5165640895405716,0.4921028926843487,-0.16190414272993195,0.07583258586783223,15.000000000001679,0.27705262499512173,
2004,200,ok,1.8437598526492793,0.1578488418309786,-0.07700327718887012,0.12123410729814882,15.000000000001679,0.2763406670128461,
2005,200,ok,1.4658954636886354,0.5341414937961688,-0.010409142750113188,0.12519444797047305,15.000000000001679,0.20659787498880178,
2006,200,ok,1.5629346446066852,0.44185010438075517,-0.12220313454883838,0.11647755376024091,15.000000000001679,0.25391724999644794,
2007,200,ok,1.6020624083824515,0.40066707982401345,-0.09347818351643619,0.11170151622098627,15.000000000001679,0.26075112499529496,
2008,200,ok,1.8541186038740711,0.16120043149120628,-0.237848573852796,0.09861228109968115,15.000000000001679,0.4155479169858154,
2009,200,ok,2.0923125129696007,-0.09137007542539512,-0.06279219333915231,0.07309850434225955,15.000000000001679,0.3792053330107592,
2010,200,ok,1.7534186641220404,0.25821507878474304,-0.20164895218840512,0.11214567376301146,15.000000000001679,0.2990823330183048,
2011,201,ok,1.535379002694015,0.4717550454204634,0.14783788660508673,0.12265833309164183,15.000000000001679,0.2547625420265831,
2012,201,ok,1.8688139217476052,0.13245566220470195,-0.06887394635408645,0.18486655465246218,15.000000000001679,0.24541050000698306,
2013,201,ok,1.593413354985323,0.41234254926432556,0.1353142230849463,0.1241518442445593,15.000000000001679,0.28372049998142757,
2014,201,ok,1.550853897743297,0.4511704801296313,-0.0792144590570419,0.12052973311948867,15.000000000001679,0.2728728750080336,
2015,201,ok,1.6005035756095423,0.40293874764383153,0.10491449738466155,0.13445314140678583,15.000000000001679,0.25640279200160876,
2016,201,ok,1.6943048438909356,0.31633701094247,0.1895991648456045,0.16075285867748496,15.000000000001679,0.2353540000040084,
2017,201,ok,1.615353634207736,0.3996074102584425,-0.21934202116432322,0.08407475886932093,15.000000000001679,0.2316891249793116,
2018,201,ok,1.709224190825676,0.30393453466768455,0.21168200634622342,0.1112186518121013,15.000000000001679,0.23459695899509825,
2019,201,ok,1.6276822272629696,0.3907810268450333,-0.24446621317846032,0.11265832668305135,15.000000000001679,0.2689700000046287,
2020,201,ok,1.4903476333102066,0.5099880723605011,0.03163105444588378,0.1362330230900441,15.000000000001679,0.23863787497975864,
2021,202,ok,1.685100801125287,0.32736809939314143,-0.20461484556447035,0.08577623191824163,15.000000000001679,0.2504882499924861,
2022,202,ok,1.4136581779979986,0.5873527291810782,-0.05345215120529177,0.12267017694704578,15.000000000001679,0.26523495800211094,
2023,202,ok,1.6619031125612573,0.33824460821419033,-0.022157919838864424,0.12942183322387904,15.000000000001679,0.21678520800196566,
2024,202,ok,2.021654097649446,-0.019669277749510685,-0.08956170530737126,0.07222706693141978,15.000000000001679,0.25980724999681115,
2025,202,ok,1.5652366658863064,0.43486163776285414,-0.01754215746440655,0.12065292980529654,15.000000000001679,0.26570308400550857,
2026,202,ok,1.4789423808795479,0.5214137417433697,0.03245370327595069,0.1163399345489442,15.000000000001679,0.2263641669997014,
2027,202,ok,1.8661757528347014,0.16638721361633999,-0.3470966581206379,0.10425582831050344,15.000000000001679,0.25675416601006873,
2028,202,ok,1.4314254533567665,0.577870861519418,0.1628727785791769,0.12326772944101329,15.000000000001679,0.24602395901456475,
2029,202,ok,1.5808639548031316,0.42746915913939215,0.16210366478900978,0.1068878252473147,15.000000000001679,0.24209650000557303,
2030,202,ok,1.4985026093349552,0.5028322741173761,0.06323662514019847,0.129604721012601,15.000000000001679,0.21433825002168305,
2031,203,ok,2.045331699771538,-0.04124914994308273,-0.129165281507723,0.07552457607753585,15.000000000001679,0.22641766601009294,
2032,203,ok,1.567596261432312,0.4366670791341289,-0.11553448573281278,0.1285250628228301,15.000000000001679,0.24423658300656825,
2033,203,ok,1.4635309480255068,0.5418650247137378,0.12555966579825564,0.12291445487183693,15.000000000001679,0.22434141699341126,
2034,203,ok,1.4840267059298993,0.5193167116006057,-0.09956035038057835,0.12905822689700439,15.000000000001679,0.24453045800328255,
2035,203,ok,1.493914859010942,0.5082816611210759,0.08098150051700559,0.12549305965280272,15.000000000001679,0.232463332999032,
2036,203,ok,1.44156470948331,0.5619199265388907,-0.10017242106383262,0.07597031751335723,15.000000000001679,0.23244116702699102,
2037,203,ok,1.573527510463151,0.4280488093315025,-0.07041505762444937,0.12819113562260648,15.000000000001679,0.22878508298890665,
2038,203,ok,1.4457624791007473,0.558718481738065,0.11373975159156274,0.12565169057282072,15.000000000001679,0.24398450000444427,
2039,203,ok,2.0813431031990346,-0.08006177648441272,-0.07302136155054743,0.07906669429491132,15.000000000001679,0.2419470829772763,
2040,203,ok,1.4502584530968365,0.5503743680213782,0.042838159267298156,0.13025849075465518,15.000000000001679,0.21951212498242967,
2041,204,ok,1.7050748047113051,0.29570869077222184,-0.05168387516393898,0.13512772709431414,15.000000000001679,0.2587945410050452,
2042,204,ok,1.9455440049081654,0.0556360204586653,0.06775094166347104,0.1839519588395283,15.000000000001679,0.21607408300042152,
2043,204,ok,1.5880402337245227,0.43443198649107545,-0.26621153056461805,0.10548723679038868,15.000000000001679,0.2256364999921061,
2044,204,ok,1.9768382704296659,0.02388213329119474,0.053364073210290616,0.18611869430197492,15.000000000001679,0.27900041700922884,
2045,204,ok,1.8280316092804283,0.17506506016016474,-0.10635802687230037,0.12017850163071284,15.000000000001679,0.24457037501269951,
2046,204,ok,1.4603845240767845,0.5445372116451551,-0.1197957840548507,0.12192353186840711,15.000000000001679,0.26384200001484714,
2047,204,ok,1.5191921838084876,0.4990598764036813,-0.23478423440143745,0.10194630704297485,15.000000000001679,0.2251587499922607,
2048,204,ok,1.69969817247244,0.3037589681291143,-0.1083523848549065,0.1355380619905731,15.000000000001679,0.2265432080021128,
2049,204,ok,2.0321530073852805,-0.029200392574733523,-0.10950621991278597,0.07353601621347314,15.000000000001679,0.2534778749977704,
2050,204,ok,1.5830320441339054,0.4207037480273576,-0.10869131179599935,0.12981508009705703,15.000000000001679,0.33485795799060725,
2051,205,ok,1.4427104015330334,0.5573442948364581,0.012562605250881561,0.1118847034755352,15.000000000001679,0.31255954201333225,
2052,205,ok,1.4798598598298727,0.524321300818848,-0.11116465948634238,0.09816046482713972,15.000000000001679,0.23806095801410265,
2053,205,ok,1.6175596954267504,0.3847380571600199,-0.0861871468485522,0.11570743764269553,15.000000000001679,0.28689066699007526,
2054,205,ok,1.5336404999776616,0.470561468573073,-0.1134502611648673,0.126656454983954,15.000000000001679,0.2621415840112604,
2055,205,ok,1.9695183446762434,0.03332532054851248,-0.10579799251705402,0.07626898600205757,15.000000000001679,0.26434437499847263,
2056,205,ok,1.4400234120499351,0.5613365464377095,0.06256911886993927,0.12201735586971191,15.000000000001679,0.26346566699794494,
2057,205,ok,2.084553797753865,-0.08198838031900235,-0.10338723299672124,0.08400326360860272,15.000000000001679,0.25274829199770465,
2058,205,ok,1.5141764092680507,0.48749508985648415,0.07112731666274319,0.12963528411908057,15.000000000001679,0.2590070409933105,
2059,205,ok,1.4249497866515952,0.578186115670513,0.09448371714916261,0.1254358157340623,15.000000000001679,0.23724912499892525,
2060,205,ok,1.7221202873736703,0.27864990188450484,-0.05149877573056931,0.13265029498813927,15.000000000001679,0.2238083750125952,
2061,206,ok,1.6087269173054368,0.39189229888191607,-0.044630886925589065,0.1352203428336064,15.000000000001679,0.21305833401856944,
2062,206,ok,2.085621029032366,-0.08452833993023366,-0.06750316118324186,0.0750822408765646,15.000000000001679,0.23446591701940633,
2063,206,ok,1.5109199833757454,0.49156579962685215,-0.08663405397870373,0.11947025231364505,15.000000000001679,0.24263300001621246,
2064,206,ok,2.1176102236684518,-0.11529893739631777,-0.09891139891418614,0.07943896737046531,15.000000000001679,0.25569729099515826,
2065,206,ok,1.5593106840137645,0.46624529543031856,-0.28115176593762287,0.11170935399088583,15.000000000001679,0.23282779200235382,
2066,206,ok,1.4998953453474309,0.5109452969993076,0.1800059400864559,0.1106666099380565,15.000000000001679,0.24603245902108029,
2067,206,ok,2.056355875965559,-0.051744955594254564,-0.13763039566756566,0.07743843689792208,15.000000000001679,0.266412124998169,
2068,206,ok,1.7332550695437536,0.2688122953971525,-0.08463018097018735,0.10801320453740319,15.000000000001679,0.23772870798711665,
2069,206,ok,2.004315362202045,0.0006721696156222326,-0.14130922761664078,0.07470205849826815,15.000000000001679,0.23194166700704955,
2070,206,ok,1.4414622608154442,0.5595677608082004,-0.05448315016653914,0.1273070860566744,15.000000000001679,0.24764612500439398,
2071,207,ok,1.4247378144417207,0.575878254247488,-0.04189383218312841,0.12775021868176212,15.000000000001679,0.25115470800665207,
2072,207,ok,1.4148857306968634,0.5874125822382542,-0.080612766425671,0.11290831468219065,15.000000000001679,0.23234779201447964,
2073,207,ok,1.7374106375255847,0.26905094613333397,-0.14970336103492052,0.1156340506800994,15.000000000001679,0.26779558398993686,
2074,207,ok,1.4441540667149402,0.5561121916949936,0.027730226062268028,0.11974610457517915,15.000000000001679,0.2382426249969285,
2075,207,ok,1.4976823915623336,0.5215505091448847,-0.23924809087246895,0.1048516204561126,15.000000000001679,0.2600619999866467,
2076,207,ok,1.5118187702270425,0.48976631025649825,0.06921124456715792,0.10825786293183381,15.000000000001679,0.2532340829784516,
2077,207,ok,1.4315469793877489,0.5809098574173963,-0.18844076368735432,0.12789157932292222,15.000000000001679,0.2621467919962015,
2078,207,ok,1.6334471957535481,0.3825191717913756,0.22782781149954492,0.11434948671614745,15.000000000001679,0.2248199579771608,
2079,207,ok,1.4716400941757226,0.5331673463823245,-0.11885509272411666,0.12443595209778054,15.000000000001679,0.2516968749987427,
2080,207,ok,1.52709906642678,0.48167429382801064,0.16345827803716012,0.10744550122552461,15.000000000001679,0.2412842919875402,
2081,208,ok,2.0152721488488217,-0.008670958914448317,-0.16298101956810154,0.07635904866482751,15.000000000001679,0.25510066701099277,
2082,208,ok,2.117868397450625,-0.11747848641381232,-0.040637525696667065,0.07346669327579333,15.000000000001679,0.26888687498285435,
2083,208,ok,1.4576721198747593,0.5445021060301897,-0.07958573810439494,0.1238636327014362,15.000000000001679,0.20310145799885504,
2084,208,ok,1.7474834709307088,0.2552158543217149,-0.09709153498495121,0.1331297211470713,15.000000000001679,0.27373591699870303,
2085,208,ok,1.643939996884397,0.35620984128580213,0.022195212786177938,0.12335433499484272,15.000000000001679,0.2734643750009127,
2086,208,ok,1.4580573504611127,0.5420725527508562,0.01946267687845371,0.11989923507903477,15.000000000001679,0.23829504201421514,
2087,208,ok,1.9054080142221277,0.0959285676117433,0.07135601603820228,0.19007947108499246,15.000000000001679,0.3108815419836901,
2088,208,ok,1.4461633820059026,0.5615836244222214,-0.14948865483519796,0.0801734415027542,15.000000000001679,0.29042091700830497,
2089,208,ok,1.5874207538851444,0.41874460627893195,-0.13977134789830684,0.1257693202721933,15.000000000001679,0.3263565420056693,
2090,208,ok,1.4780765208026772,0.5290407446201786,0.14487605171520976,0.11829692302129326,15.000000000001679,0.27719470899319276,
2091,209,ok,1.580636596201701,0.4229971904300532,-0.10711763561894473,0.11364303859462632,15.000000000001679,0.23986329199397005,
2092,209,ok,1.5811937928600113,0.42415830135154636,-0.1299875047063567,0.1254529416153302,15.000000000001679,0.28006424999330193,
2093,209,ok,1.5258603039082057,0.47641788842536464,0.0833499630030962,0.12063789434837632,15.000000000001679,0.24703716702060774,
2094,209,ok,1.764960448772604,0.2511002400000284,-0.23756055060475356,0.08568107242854298,15.000000000001679,0.2234650419850368,
2095,209,ok,1.4199817330747264,0.5808262418998461,-0.04789537123552804,0.12043784232055216,15.000000000001679,0.2730474160052836,
2096,209,ok,1.454072853214895,0.5459675144122674,0.010834819429338586,0.12357495142197938,15.000000000001679,0.2246723750140518,
2097,209,ok,1.4861715966078959,0.5140303899597539,0.024501685674680605,0.11435585436094221,15.000000000001679,0.39447249998920597,
2098,209,ok,1.4793707867311516,0.5206705658754402,0.011061191900342812,0.12762920736392705,15.000000000001679,0.31622670899378136,
2099,209,ok,1.4461581342634173,0.5559982679247817,-0.07894521556128564,0.10002208679125991,15.000000000001679,0.29368041700217873,
2100,209,ok,2.0626337322302164,-0.06211942857730777,-0.04605839356674449,0.07545861055479688,15.000000000001679,0.3061183750105556,
2101,210,ok,1.478653665611088,0.5298472975811923,0.15832780676742775,0.10893533739991097,15.000000000001679,0.25204329201369546,
2102,210,ok,1.4961487987754052,0.5052586209439769,-0.06488018044662154,0.10745429003925407,15.000000000001679,0.2357879579940345,
2103,210,ok,2.068340988909493,-0.05745684249965129,-0.21190985737918197,0.08162912429307231,15.000000000001679,0.22338000001036562,
2104,210,ok,1.443441668703957,0.5606268333985676,0.1082992992527171,0.1163104895701538,15.000000000001679,0.2779205830011051,
2105,210,ok,1.9839869380216415,0.01884730535550375,-0.10601023886087865,0.07640560677396983,15.000000000001679,0.22763266699621454,
2106,210,ok,1.5982534352918614,0.41376045036844983,-0.1955968675795518,0.12230057829726738,15.000000000001679,0.24124566599493846,
2107,210,ok,1.7995819584991937,0.21475070014290853,-0.22667192749777917,0.08007091781035502,15.000000000001679,0.2283797090058215,
2108,210,ok,1.4794074320786557,0.5236433331627697,-0.0949596881567414,0.10741111562559195,15.000000000001679,0.25964579099672846,
2109,210,ok,2.0015039101777155,0.0017241547848885375,-0.11362899668005935,0.07331791153546872,15.000000000001679,0.26733958401018754,
2110,210,ok,1.634187842312602,0.3728249312301221,-0.15123227015442603,0.14140879881877297,15.000000000001679,0.22902733299997635,
2111,211,ok,1.5327130908917255,0.470347220505672,-0.09680802227162325,0.1290781851616347,15.000000000001679,0.2861252079892438,
2112,211,ok,2.048264193233865,-0.04406387544124136,-0.13110712566489008,0.07502876486247244,15.000000000001679,0.24008600000524893,
2113,211,ok,1.5534299225387305,0.4496470436365846,0.09772530344749139,0.12188613790561216,15.000000000001679,0.256490458996268,
2114,211,ok,1.4032391508446793,0.5967617086944795,-0.0015531507523659303,0.12611850609461722,15.000000000001679,0.25324637501034886,
2115,211,ok,1.5400048682906065,0.4612561692359506,-0.06230904945789937,0.12286989699810767,15.000000000001679,0.23071600002003834,
2116,211,ok,2.1005447818443463,-0.09946056678873894,-0.0674811753944655,0.07616622378570946,15.000000000001679,0.23015474999556318,
2117,211,ok,1.735128309761495,0.26634818622994044,-0.07156563384449972,0.14621880592957553,15.000000000001679,0.22094237501733005,
2118,211,ok,1.4222238562963423,0.5806568659209304,0.09047521849126895,0.11833096033323208,15.000000000001679,0.26506024997797795,
2119,211,ok,1.5668611565770632,0.4358720740484163,-0.09250791992261866,0.12299394995827038,15.000000000001679,0.23255470901494846,
2120,211,ok,1.4849202105074508,0.5205098162196967,-0.12687327406201984,0.11642057026132008,15.000000000001679,0.28068445800454356,
2121,212,ok,1.4408955733985707,0.5639231335465973,0.11774246080735666,0.12213957053635616,15.000000000001679,0.24562691699247807,
2122,212,ok,1.4103573885070522,0.591129356266229,0.06474158278588515,0.1298628908265945,15.000000000001679,0.23266854099347256,
2123,212,ok,1.4580917901265265,0.5420064284030703,-0.016923758932549663,0.11954163652965424,15.000000000001679,0.2694316249981057,
2124,212,ok,1.5271028085400824,0.4729482248537795,-0.012484545397591815,0.125011246825469,15.000000000001679,0.2112220000126399,
2125,212,ok,1.926206217272917,0.07414561233413479,0.03681397790209954,0.14048622000831507,15.000000000001679,0.26929662498878315,
2126,212,ok,2.1182401110200013,-0.11699328229246289,-0.07266781036065385,0.07772026570485947,15.000000000001679,0.2411402919969987,
2127,212,ok,1.614873541195157,0.406712319308412,0.26315569651559156,0.11390259613335366,15.000000000001679,0.2485719170072116,
2128,212,ok,1.5361518858403294,0.48429455828712775,0.24979918000823634,0.10793654378762874,15.000000000001679,0.2258143340004608,
2129,212,ok,1.606052007081349,0.3947224698648992,-0.049870840111032017,0.11775583679176461,15.000000000001679,0.24839916598284617,
2130,212,ok,1.492621804845206,0.5140980863321882,0.14147563485524767,0.11651388018567603,15.000000000001679,0.25415162500576116,
2131,213,ok,1.5434653005756422,0.4605956335924085,0.11188981529298815,0.1113518802671802,15.000000000001679,0.2440444999956526,
2132,213,ok,1.6543420296975295,0.3529148345356127,-0.15478374892376046,0.11194528682220546,15.000000000001679,0.22461729097994976,
2133,213,ok,1.461992615154581,0.5384781999053725,0.03710033173288821,0.11568950718853424,15.000000000001679,0.22424875001888722,
2134,213,ok,1.9594395169791379,0.04254350469804248,0.08813222849567866,0.18740903621210855,15.000000000001679,0.24062762499670498,
2135,213,ok,2.0375908004273824,-0.03698225279085748,0.04979529898879159,0.18364410822851035,15.000000000001679,0.29313425000873394,
2136,213,ok,1.5881625176956982,0.4228339734805304,0.18656770193773198,0.08705690524662629,15.000000000001679,0.21102870799950324,
2137,213,ok,1.666999875614873,0.3403640213144243,-0.15651518633146488,0.08558315611022191,15.000000000001679,0.25925812500645407,
2138,213,ok,1.5113019995424455,0.5052593341200728,-0.22312345368837055,0.12244451362922099,15.000000000001679,0.23965658398810774,
2139,213,ok,1.5515870702051497,0.4547040359299973,-0.13958087210202144,0.12249407694602626,15.000000000001679,0.25983175000874326,
2140,213,ok,1.4618268911089154,0.5403814115463008,0.08032083048367683,0.1326171681875699,15.000000000001679,0.2463962080073543,
2141,214,ok,1.9477635945385838,0.06494570300974295,-0.22214384508558052,0.07515432380326845,15.000000000001679,0.22372641702531837,
2142,214,ok,1.5999377673529993,0.411557125693647,0.19144214391787343,0.12885252191092542,15.000000000001679,0.276462707988685,
2143,214,ok,1.4703872414192036,0.534613388312246,-0.12116401286957967,0.11687703184696444,15.000000000001679,0.24679041700437665,
2144,214,ok,1.5997010220930459,0.4011454924838927,0.05203483334230489,0.1358522939264753,15.000000000001679,0.23559237501467578,
2145,214,ok,1.4752325078720343,0.5260735938056895,-0.062063688301102336,0.12268877059488201,15.000000000001679,0.2500417090195697,
2146,214,ok,2.0481530120582887,-0.0468474271948156,0.07311887984238477,0.18359085438810385,15.000000000001679,0.26361158399959095,
2147,214,ok,1.4388914506283808,0.5667373582779364,-0.1271487575060709,0.10549827258152658,15.000000000001679,0.25275291700381786,
2148,214,ok,1.5205463891708249,0.4918461143823208,-0.19373481596432068,0.09245973404899875,15.000000000001679,0.24323779199039564,
2149,214,ok,1.5231701544329028,0.4776227405682365,-0.04914060764974396,0.1133039195354304,15.000000000001679,0.25212824999471195,
2150,214,ok,1.9287774088215695,0.0872641542700102,-0.24824157033024866,0.09389394241272343,15.000000000001679,0.24995616701198742,
2151,215,ok,1.4058294307784922,0.6041509721495398,0.16721806090223695,0.1246355227383347,15.000000000001679,0.2180143750156276,
2152,215,ok,1.7460699019123618,0.25589704980068056,-0.08285530441845419,0.14158002652768054,15.000000000001679,0.266637708991766,
2153,215,ok,1.4486348774179734,0.5526906261290625,0.06195631022826785,0.12245970107480628,15.000000000001679,0.22676787502132356,
2154,215,ok,2.0091120625930032,0.00811951390205181,-0.26257076981056626,0.09665593567831483,15.000000000001679,0.23236066600657068,
2155,215,ok,1.4441426213443853,0.5625643758657468,-0.1390206360696236,0.10280483852721142,15.000000000001679,0.24847225000848994,
2156,215,ok,1.4284560334984968,0.571563159558933,-0.00740489763603373,0.11722951781013541,15.000000000001679,0.2177951670018956,
2157,215,ok,1.757777979719567,0.2519215852690898,-0.18440521125735745,0.07741840911855428,15.000000000001679,0.24779812499764375,
2158,215,ok,1.6448361337879434,0.3625245489066608,0.15543504778888997,0.11832444292516343,15.000000000001679,0.2380541659949813,
2159,215,ok,1.3891760605270098,0.613950849717488,0.09315514018275503,0.12078121151424376,15.000000000001679,0.23589312500553206,
2160,215,ok,1.4628380560609628,0.5421485525342218,0.1206827882597666,0.11686808160586426,15.000000000001679,0.19594366700039245,
2161,216,ok,1.4578784952157964,0.5484452701552799,-0.13564133985661192,0.09811505068472975,15.000000000001679,0.22425833300803788,
2162,216,ok,2.003591788513287,-0.003550216635652049,-0.012906758582359913,0.18515103043193284,15.000000000001679,0.24695299999439158,
2163,216,ok,2.01187488427531,-0.006433347901991007,-0.14787078955831595,0.07760051101507859,15.000000000001679,0.27338549998239614,
2164,216,ok,1.5372361233662677,0.46467183121049954,-0.07656574366928207,0.10403690284463284,15.000000000001679,0.401332250010455,
2165,216,ok,1.8369080073665092,0.16386624732467978,0.05332794589748818,0.18373608252829451,15.000000000001679,0.5050814170099329,
2166,216,ok,1.4209850591969078,0.579022477323248,-0.004628013426922608,0.12371805738573939,15.000000000001679,0.3202037920127623,
2167,216,ok,1.9181183805990016,0.08193252016736649,-0.013973718196165335,0.1320868717626912,15.000000000001679,0.3158901249989867,
2168,216,ok,1.5542529685129574,0.44611478452722686,-0.03380868625773008,0.12961869446448893,15.000000000001679,0.25926000002073124,
2169,216,ok,1.680360686748193,0.3250934758053722,0.13527813119322027,0.11432224751145963,15.000000000001679,0.2083518750150688,
2170,216,ok,1.4870537584445676,0.5131401141850506,-0.02401167337922468,0.12076733178359016,15.000000000001679,0.29521016601938754,
2171,217,ok,2.098824594673506,-0.09585218684653186,-0.11166149782720948,0.07495744560579426,15.000000000001679,0.24543545802589506,
2172,217,ok,2.0673917657378222,-0.06660454426622234,-0.05704709158888269,0.07557034768280492,15.000000000001679,0.22426233300939202,
2173,217,ok,1.4230415513270227,0.5776894475311545,0.04560645939981017,0.11785072457771811,15.000000000001679,0.24048091701115482,
2174,217,ok,1.6286370246377673,0.37461015023585625,0.10279296816734874,0.13499704263514006,15.000000000001679,0.2114583750080783,
2175,217,ok,1.8847820802057875,0.12857063889368983,-0.22395454059715617,0.08447732377443533,15.000000000001679,0.2519353329844307,
2176,217,ok,1.5868863759996343,0.43098838170927306,-0.23750981453819175,0.08824651173328486,15.000000000001679,0.2582644160138443,
2177,217,ok,1.5081106446334285,0.49303777779681485,0.0588436683857631,0.1107896976002006,15.000000000001679,0.268970042001456,
2178,217,ok,1.5020744063009264,0.5001389367255348,-0.08151265507558463,0.1168651599882927,15.000000000001679,0.24643158301478252,
2179,217,ok,1.5076798710201826,0.4931557230547564,-0.05018882860557859,0.11927050853931362,15.000000000001679,0.2381349999923259,
2180,217,ok,1.4006811519790245,0.6010516964170071,0.06965151406504885,0.12786537963345795,15.000000000001679,0.23732608300633729,
2181,218,ok,2.055321510262177,-0.05417930726261274,-0.06851192714038208,0.07513863989111291,15.000000000001679,0.263170500023989,
2182,218,ok,1.9984178458042356,0.00478154210818284,-0.11303624072234952,0.07442642018663591,15.000000000001679,0.2285755830234848,
2183,218,ok,2.0143022013415948,-0.009732731960752507,-0.13560126996147495,0.07545946017468709,15.000000000001679,0.2622310829756316,
2184,218,ok,1.56216066595304,0.4446592106166627,0.145811436901442,0.13202656861206194,15.000000000001679,0.23488945901044644,
2185,218,ok,1.98751069479367,0.01301217062987479,-0.04558648762752941,0.1381338280589576,15.000000000001679,0.23772454101708718,
2186,218,ok,1.3865306095001682,0.6138666374514258,-0.03318783377520504,0.125740510200457,15.000000000001679,0.23472991600283422,
2187,218,ok,1.425762273327837,0.5799275630975657,0.1272491021380619,0.1197747547788082,15.000000000001679,0.2286794999963604,
2188,218,ok,1.5449309882736424,0.4588060910125971,-0.10739224100605153,0.12704642603841101,15.000000000001679,0.2256759160081856,
2189,218,ok,1.4807905865433035,0.5199261105520587,-0.04606563762398482,0.12334225314079975,15.000000000001679,0.23800904100062326,
2190,218,ok,2.1115449816607956,-0.10645658236037885,-0.14650213721145147,0.0795346538068254,15.000000000001679,0.2554722919885535,
2191,219,ok,2.0260709908073844,-0.01702419083926707,-0.19125133557812554,0.07833702573729738,15.000000000001679,0.28780175000429153,
2192,219,ok,1.4714852062963564,0.5294658925839969,0.0528975545299604,0.11785026660290085,15.000000000001679,0.21730833299807273,
2193,219,ok,1.448528551074953,0.5580751967852217,-0.1381586955400383,0.1171399557460167,15.000000000001679,0.31444120898959227,
2194,219,ok,2.092951902527565,-0.08744960916366176,-0.1516634283412731,0.08016990569811815,15.000000000001679,0.25738454100792296,
2195,219,ok,1.9517022477463173,0.061965224193260456,-0.23057075187835094,0.07077097225195302,15.000000000001679,0.2534882499894593,
2196,219,ok,1.4877987080271495,0.5132731214395034,0.056464007766169756,0.1282591312280707,15.000000000001679,0.233635124983266,
2197,219,ok,2.0274748003108463,-0.02738645487132582,0.01892692525960388,0.13612140188159,15.000000000001679,0.2315179999859538,
2198,219,ok,1.5815094132977228,0.4404144877004743,-0.2624215200297662,0.12026401991117118,15.000000000001679,0.25385233300039545,
2199,219,ok,1.412196092437899,0.5892796730304455,-0.06454426831085885,0.12630449248866055,15.000000000001679,0.2400553339975886,
2200,219,ok,1.5347323624082951,0.46656442970734124,-0.06307753946195653,0.13485916556591807,15.000000000001679,0.2191671249747742,
2201,220,ok,1.522579665894172,0.4871963250835809,-0.17226108136716634,0.13498724715860755,15.000000000001679,0.25535104202572256,
2202,220,ok,1.448965622650229,0.5513732610228856,-0.03133602946605417,0.11766169473726791,15.000000000001679,0.21243220902397297,
2203,220,ok,1.491262454903811,0.5089871595055122,-0.027284040871898323,0.11687557880220369,15.000000000001679,0.2724825830082409,
2204,220,ok,1.4119156469293461,0.5912334249839958,-0.0942471811864499,0.09221667581604234,15.000000000001679,0.23451624999870546,
2205,220,ok,1.7106780325275643,0.3168305086774169,-0.3055483504345188,0.10374479221089501,15.000000000001679,0.2432625840010587,
2206,220,ok,1.5665880684434994,0.4347041068555472,-0.06361558845632242,0.12375819479597988,15.000000000001679,0.22355979098938406,
2207,220,ok,1.4429496743877794,0.5570604939954641,0.005417086595587465,0.11563086278056188,15.000000000001679,0.26171312501537614,
2208,220,ok,1.6133989045424644,0.3967055902554835,-0.1802860528737788,0.12010080722525077,15.000000000001679,0.2570091249945108,
2209,220,ok,1.5422578053405818,0.45974269532061984,-0.07852753348831615,0.11876980918709099,15.000000000001679,0.2652762920188252,
2210,220,ok,1.9909659853320278,0.018576642667187938,-0.1946972875134614,0.0760234243339775,15.000000000001679,0.2541105829877779,
2211,221,ok,2.124888687380415,-0.12260385216526962,-0.09851304751361736,0.07969458821035671,15.000000000001679,0.25889495899900794,
2212,221,ok,2.0445726132463076,-0.041797703758727614,-0.10648618578211287,0.07606785431513491,15.000000000001679,0.24615695801912807,
2213,221,ok,1.4585188761129457,0.5447736095681548,-0.09794623304891857,0.12026461539292155,15.000000000001679,0.2739519999886397,
2214,221,ok,1.9952938711008055,0.008632643316687274,-0.12511467854953498,0.07363309450238158,15.000000000001679,0.250746750010876,
2215,221,ok,2.078936666269447,-0.07868721792512817,-0.03220422944601756,0.07386648157354243,15.000000000001679,0.22039745800429955,
2216,221,ok,2.0561994872316425,-0.053899851851004175,-0.09722000749892926,0.07529744809206347,15.000000000001679,0.234858042007545,
2217,221,ok,1.594872510537185,0.4051531289660165,0.00904338544439963,0.12056254848922256,15.000000000001679,0.22671716698096134,
2218,221,ok,1.9515220512496991,0.04863140271283443,0.024472720227911717,0.13319940557441073,15.000000000001679,0.25456583299092017,
2219,221,ok,1.4758547994944702,0.5241508043107932,0.004067035085177669,0.13517853992284642,15.000000000001679,0.2715000419993885,
2220,221,ok,1.5924677802101064,0.4136214815147503,-0.13912881475757446,0.11963070057801777,15.000000000001679,0.2733428749779705,
2221,222,ok,2.0547290255930495,-0.051393444140066274,-0.11703121785967739,0.08343219765972547,15.000000000001679,0.24803037499077618,
2222,222,ok,1.4872558405831322,0.5249840548456998,-0.19041506476433498,0.07973202254601928,15.000000000001679,0.2565004579955712,
2223,222,ok,1.7723143775585692,0.23309032149471834,-0.13830560691881316,0.11174129424567149,15.000000000001679,0.22678316599922255,
2224,222,ok,1.4256403211323065,0.5789677506337676,0.1145324037090464,0.1263369161042845,15.000000000001679,0.22473129100399092,
2225,222,ok,1.4864846012604496,0.5135393725655576,-0.008442326198512906,0.11196343237552761,15.000000000001679,0.2629481250187382,
2226,222,ok,2.0232008881801793,-0.022058455962047745,-0.06798113418769797,0.07591910387401912,15.000000000001679,0.2452219169936143,
2227,222,ok,1.7927649529505396,0.20740139193230556,-0.02442144306783142,0.13121853861049174,15.000000000001679,0.28256991697708145,
2228,222,ok,2.024634791533648,-0.02156812257610109,0.11139284031137528,0.13431182382099952,15.000000000001679,0.2365079169976525,
2229,222,ok,1.4469593082679066,0.5530836619430254,-0.011151253155295327,0.1265302589578199,15.000000000001679,0.21628816702286713,
2230,222,ok,1.5138226578388643,0.4921933720298546,0.13482659988156162,0.12377299373524263,15.000000000001679,0.2360541250091046,
2231,223,ok,1.5114394058054015,0.49590420238160626,-0.14881165615660824,0.12061263889819669,15.000000000001679,0.26405574998352677,
2232,223,ok,1.6087813670841318,0.41125900840024543,-0.2531393858879269,0.08968306697597979,15.000000000001679,0.35014929200406186,
2233,223,ok,1.3837742051302315,0.6162574138537095,0.009354467861928865,0.11168427221481787,15.000000000001679,0.21048604202223942,
2234,223,ok,2.1359092312294923,-0.13497509580428965,0.06316315656160201,0.18781721669244922,15.000000000001679,0.23881016598897986,
2235,223,ok,2.0729374474091364,-0.06972464514825918,-0.11536704094765932,0.07502363764302056,15.000000000001679,0.22771645901957527,
2236,223,ok,1.9401843613402763,0.06375653749024107,-0.12359858363911828,0.18677284158171548,15.000000000001679,0.22192679200088605,
2237,223,ok,1.3970785509771255,0.6029823711342311,0.013046924488563814,0.0806991447428267,15.000000000001679,0.24048683300497942,
2238,223,ok,1.5869025292330274,0.4132970408792537,-0.02516658108776323,0.1199494559089198,15.000000000001679,0.23610254199593328,
2239,223,ok,1.4709347082592525,0.5339213766163713,-0.11942523192063197,0.08183756814514775,15.000000000001679,0.2702067499922123,
2240,223,ok,1.6166853028907184,0.39043711832739614,-0.15158726372831516,0.11647984525838914,15.000000000001679,0.31926637500873767,
2241,224,ok,1.5625024628570787,0.4424447537317226,-0.1242400952052222,0.11147807195385318,15.000000000001679,0.23463420799816959,
2242,224,ok,1.760493631525279,0.2398078196028022,-0.03257782542809424,0.18967845809466916,15.000000000001679,0.2547684170131106,
2243,224,ok,1.928902906956665,0.07156436845382211,0.04245514631898697,0.18732023655705674,15.000000000001679,0.22683958400739357,
2244,224,ok,1.455302717843322,0.5496923528371199,-0.12047293946372435,0.1187006818717065,15.000000000001679,0.31890608300454915,
2245,224,ok,1.6278126749923678,0.3764120492281532,-0.1172018386130669,0.12134260398512865,15.000000000001679,0.40070058300625533,
2246,224,ok,1.5112564169640859,0.4935750897077088,-0.1207474532484596,0.10715267796650477,15.000000000001679,0.21974233398213983,
2247,224,ok,1.4766086630467363,0.5273348086110768,-0.10784422959109424,0.11789028607614511,15.000000000001679,0.29341316601494327,
2248,224,ok,1.5729722895066236,0.44133543497551403,-0.21167568895066657,0.09409521354133916,15.000000000001679,0.23497800002223812,
2249,224,ok,2.0340508961393957,-0.0322201457593481,-0.0862805149227326,0.07486828892877033,15.000000000001679,0.2522046249941923,
2250,224,ok,1.8125487870960146,0.2085553656076958,-0.2757883745016407,0.0907151828466783,15.000000000001679,0.2757539169979282,
2251,225,ok,2.100421902324602,-0.0975578983061715,-0.10964958284597903,0.07906553368249804,15.000000000001679,0.23795599999721162,
2252,225,ok,1.4453568912807782,0.5570919200699009,-0.08410003594095464,0.1286223266918715,15.000000000001679,0.2283211660105735,
2253,225,ok,2.0142732946109225,-0.011595343057212578,-0.1038319853093163,0.07311822766054259,15.000000000001679,0.2244186250027269,
2254,225,ok,1.4457344543823047,0.5554035586136038,-0.057351844973473266,0.11811252943934203,15.000000000001679,0.25294066598871723,
2255,225,ok,1.7289301369882928,0.2882290229594216,-0.2429805357387712,0.08267215269005738,15.000000000001679,0.25318583301850595,
2256,225,ok,1.6729042477621923,0.32952317165081807,-0.09008766912981958,0.114278356487949,15.000000000001679,0.24704700001166202,
2257,225,ok,1.4168330660530035,0.5980909326455225,-0.2051021792435506,0.10389133040990976,15.000000000001679,0.2652068750176113,
2258,225,ok,1.5182992724346178,0.48172431977743485,0.008464013244127691,0.1150778382812397,15.000000000001679,0.25125000000116415,
2259,225,ok,1.5455731394044858,0.4584788802501834,-0.11184349160281842,0.10039356554056734,15.000000000001679,0.22456920897820964,
2260,225,ok,1.91044445555112,0.09016413949685013,0.0482182919876724,0.18287744120647517,15.000000000001679,0.2178164590150118,
2261,226,ok,1.5782422454163696,0.4233721483646153,-0.07136667754978904,0.13067643204403173,15.000000000001679,0.2320745420001913,
2262,226,ok,2.004487418964524,-0.0003657386690468113,-0.12847849760212163,0.07444745346902001,15.000000000001679,0.3141031249833759,
2263,226,ok,2.1346163862503915,-0.130944430090743,-0.12515171718326407,0.08017877227819448,15.000000000001679,0.27128541699494235,
2264,226,ok,1.4695066021769594,0.5307912278835373,0.029584417819318812,0.13108166160688395,15.000000000001679,0.2143814589944668,
2265,226,ok,2.0387957808551422,-0.03770526004639279,-0.06667465194503737,0.07525995157124032,15.000000000001679,0.25545845899614505,
2266,226,ok,1.5209854960626104,0.4902769163849515,0.18475142768783956,0.10718064842972677,15.000000000001679,0.21350212499964982,
2267,226,ok,1.4350579780965593,0.5655636840865448,0.042235720512606476,0.10776449146255873,15.000000000001679,0.2996476659900509,
2268,226,ok,1.7800623350390854,0.24120459851456502,-0.27433674988686474,0.1227988000468464,15.000000000001679,0.26396308300900273,
2269,226,ok,2.0841931163038803,-0.08209382736734956,-0.09352133493091577,0.07433902638594016,15.000000000001679,0.25569195800926536,
2270,226,ok,1.9948129334119498,0.012946660348270274,-0.17577731561977847,0.07462367056998179,15.000000000001679,0.24836816699826159,
2271,227,ok,2.006045183621781,-0.00150680750971241,-0.1348620711112836,0.08127877870158154,15.000000000001679,0.2631524580065161,
2272,227,ok,1.6460342949598528,0.3555532006605958,0.07227464511409595,0.10871070572213608,15.000000000001679,0.2543122500064783,
2273,227,ok,1.9052992205684465,0.10724863440233363,-0.21830572124179135,0.08676630084395802,15.000000000001679,0.29800650000106543,
2274,227,ok,1.7456709885828379,0.2544694396975099,0.022141893095602314,0.18640753751544678,15.000000000001679,0.2580142079968937,
2275,227,ok,1.9679251410280183,0.037276723906882324,-0.14299196541220321,0.07657389469217664,15.000000000001679,0.28069854198838584,
2276,227,ok,1.4383058031111406,0.562263544830469,-0.04046564888561905,0.09339219039849973,15.000000000001679,0.24866058299085125,
2277,227,ok,1.6376957378523365,0.36291986692456485,-0.04489952861026661,0.11867710364777356,15.000000000001679,0.2503981659829151,
2278,227,ok,1.428455315666307,0.5807230544018723,0.16167108754807707,0.10702282865725947,15.000000000001679,0.30557004097499885,
2279,227,ok,1.6247424191032072,0.38146829917291847,-0.14192625497467304,0.10513568621110841,15.000000000001679,0.24562395800603554,
2280,227,ok,1.8010451729078407,0.20714250854991514,0.1715392963899027,0.1419094154327904,15.000000000001679,0.23826549999648705,
2281,228,ok,2.0739628356272224,-0.06641050101728081,-0.1768317981823938,0.07811439420088338,15.000000000001679,0.28564312501112,
2282,228,ok,2.023763007156554,-0.015701919681886976,-0.18045076925880527,0.07619047047901813,15.000000000001679,0.28473254200071096,
2283,228,ok,1.9528455876239623,0.047762525719176205,0.04873123347513705,0.1914974127282367,15.000000000001679,0.2977876669901889,
2284,228,ok,2.0208865361024078,-0.018222869497724045,-0.10372483230336055,0.07323051602623737,15.000000000001679,0.2937858340155799,
2285,228,ok,1.9004488466115075,0.11887170802432041,-0.27030014375814077,0.10622554214563569,15.000000000001679,0.2779892079997808,
2286,228,ok,1.392609554711808,0.6080051434855988,-0.04137259131444684,0.12511129192870568,15.000000000001679,0.24283175001619384,
2287,228,ok,1.4088696259516746,0.5916179874143133,-0.03706385779033842,0.10971800162804499,15.000000000001679,0.2815985420020297,
2288,228,ok,1.874758755314036,0.12611351376198987,-0.057182403947349934,0.18952993345877164,15.000000000001679,0.2415284999879077,
2289,228,ok,1.4978924091469308,0.5025848045812578,-0.037807431928743085,0.12922539139149508,15.000000000001679,0.2927238749980461,
2290,228,ok,1.986699029578224,0.013852474108264626,-0.04680854111372604,0.07351098048944517,15.000000000001679,0.28273233299842104,
2291,229,ok,1.9892403663662361,0.012258811338737111,-0.07721529693258221,0.07452860956565152,15.000000000001679,0.25728133399388753,
2292,229,ok,1.466428227336774,0.5352630105774588,0.07040808012908421,0.11822318665157869,15.000000000001679,0.259716207976453,
2293,229,ok,2.0549747557943143,-0.05368151376597753,-0.07289366891428488,0.07496881642341173,15.000000000001679,0.2804172500036657,
2294,229,ok,1.3918123325896221,0.6113325403412126,0.09351072469709007,0.13193260178236704,15.000000000001679,0.23652470801607706,
2295,229,ok,1.4423169912108904,0.5610473900714921,-0.09845653617496077,0.10293159856682398,15.000000000001679,0.24361400000634603,
2296,229,ok,2.071975889427872,-0.07154744375097488,-0.04213400834507319,0.07672425352961655,15.000000000001679,0.22360466700047255,
2297,229,ok,1.678214142323386,0.32870840371827686,-0.15227313516279684,0.1260132533636696,15.000000000001679,0.2757832499919459,
2298,229,ok,1.5405059049068515,0.46545553163719844,-0.13539467371356992,0.08955143049391319,15.000000000001679,0.24774099999922328,
2299,229,ok,1.411163597627287,0.5901378506800368,-0.060592236988587615,0.1228157256358652,15.000000000001679,0.2544253329979256,
2300,229,ok,2.0650136682888283,-0.0630766991843428,-0.0894202633764788,0.07599926560594775,15.000000000001679,0.28529179099132307,
2301,230,ok,1.8459864879888115,0.15401696760985104,-0.0035718293544088433,0.18903227159863656,15.000000000001679,0.24792125000385568,
2302,230,ok,1.550563117707703,0.4500621170583323,-0.04402886573299216,0.12270428236235029,15.000000000001679,0.2276729589793831,
2303,230,ok,1.4398730838613023,0.5601405225560884,0.006259620052550669,0.08030060375970224,15.000000000001679,0.25914937499328516,
2304,230,ok,2.100010156665876,-0.09881767652709858,-0.0707602911047468,0.07678065778171211,15.000000000001679,0.24643500000820495,
2305,230,ok,2.009271716933971,-0.00718363944555074,-0.09157876398434436,0.07510141020597982,15.000000000001679,0.24754883398418315,
2306,230,ok,1.4310405572749205,0.5716281129038469,-0.08735461475554052,0.12750724170646074,15.000000000001679,0.24144650000380352,
2307,230,ok,1.9841132401697852,0.01676366942715136,0.05898310701366959,0.13869978298197405,15.000000000001679,0.25067308300640434,
2308,230,ok,2.060854105627908,-0.05830449036486785,-0.10248058170807786,0.0772307967990572,15.000000000001679,0.23325316698173992,
2309,230,ok,1.9740782962101935,0.04353083913956632,-0.26308466730353436,0.08872830025412885,15.000000000001679,0.249815666989889,
2310,230,ok,1.833949642118483,0.16609688333458988,0.013063250415119363,0.1874183808531529,15.000000000001679,0.27533229198888876,
2311,231,ok,1.4887171634152316,0.5116603628127467,0.03352487172844363,0.09739981825339644,15.000000000001679,0.20575362499221228,
2312,231,ok,1.4839105651718294,0.5166105530083869,-0.03932319903687759,0.12499479882787815,15.000000000001679,0.25933083400013857,
2313,231,ok,1.441646199716923,0.5583539649698037,0.0006890863225934841,0.11908343286781428,15.000000000001679,0.23486858399701305,
2314,231,ok,1.999834485333003,0.012134866573056713,-0.21847237819138066,0.08009481304914597,15.000000000001679,0.24769770799321122,
2315,231,ok,1.9932433193604844,0.009905889348544819,0.11200161126339192,0.18168531403484384,15.000000000001679,0.2675040000176523,
2316,231,ok,1.4584086837353079,0.5472614128272442,-0.12847757054777623,0.1094517521036851,15.000000000001679,0.29791637501330115,
2317,231,ok,1.4479707393507206,0.5542743298368529,-0.08060117025944107,0.09597131238028986,15.000000000001679,0.30895666699507274,
2318,231,ok,1.5314990811729259,0.4828295327690963,-0.20900528461232287,0.11781147036614491,15.000000000001679,0.3297966670070309,
2319,231,ok,1.481387872498214,0.5210488563333724,0.08493258168664605,0.11721839790984906,15.000000000001679,0.2963177500059828,
2320,231,ok,1.468088488207859,0.5348801060927313,0.09331401655480731,0.12357115356103066,15.000000000001679,0.30342812498565763,
2321,232,ok,1.4821467225083444,0.5190951802048804,0.060661534350956246,0.13025775138294612,15.000000000001679,0.2829418750188779,
2322,232,ok,1.8344695070318606,0.17103431909355674,0.14199616296276588,0.14987171848340652,15.000000000001679,0.2395392499747686,
2323,232,ok,1.9697997115877366,0.030225198832270827,-0.00990638459595298,0.13393496200861493,15.000000000001679,0.23928408400388435,
2324,232,ok,1.424564868997984,0.5843401751105516,0.15903561292119286,0.11292597419388323,15.000000000001679,0.2845363750238903,
2325,232,ok,1.4621453746932873,0.5436978895929002,-0.13058813101044198,0.11203622862925748,15.000000000001679,0.23476162500446662,
2326,232,ok,1.8132907682362407,0.20280417954260807,-0.2410613886570349,0.09637974281833947,15.000000000001679,0.23808250000001863,
2327,232,ok,1.583446362993967,0.41806840880466106,-0.0692446767412857,0.09725167670231016,15.000000000001679,0.31185170900425874,
2328,232,ok,1.465361967067739,0.5445756815346809,-0.17036944487904726,0.11352602475743516,15.000000000001679,0.2831654589972459,
2329,232,ok,1.4395521096288375,0.5698204442105865,-0.16400217845758247,0.12342549065412796,15.000000000001679,0.23570112499874085,
2330,232,ok,1.9441463057056043,0.056140458953766834,0.03339075728816264,0.12764291864313823,15.000000000001679,0.2801481249916833,
2331,233,ok,1.4174231094194698,0.5827721790943193,-0.023528169654572183,0.12397378526225389,15.000000000001679,0.26532179198693484,
2332,233,ok,1.435595388979995,0.5699081824267772,0.1255846892369421,0.11830899405740941,15.000000000001679,0.26927458299905993,
2333,233,ok,1.546764632478664,0.45922590502078137,-0.1360000607640538,0.09207221532302796,15.000000000001679,0.24081733301864006,
2334,233,ok,1.483869145045855,0.519184401987121,-0.09514622588876459,0.07947933561404497,15.000000000001679,0.2686826249992009,
2335,233,ok,2.0183851637527592,-0.008306318834695738,-0.20145569980987424,0.07742347480171284,15.000000000001679,0.25294508298975416,
2336,233,ok,1.9946592801134626,0.011573718557948247,-0.15756448525378827,0.0751918536129862,15.000000000001679,0.2572018330101855,
2337,233,ok,1.5300914199287419,0.4712205493534973,0.0633493853208586,0.12538164562125792,15.000000000001679,0.2953172500128858,
2338,233,ok,2.0062605334744563,-0.0030136587158325775,-0.11409474648301778,0.07555972166179782,15.000000000001679,0.22841212499770336,
2339,233,ok,1.5571497021879237,0.44294105423104724,-0.01681173473549111,0.1087856805829455,15.000000000001679,0.3342529580113478,
2340,233,ok,1.9000537985574406,0.10711461469525309,-0.1648919510232654,0.13886646783938583,15.000000000001679,0.26031379197956994,
2341,234,ok,1.671923460421067,0.3338064487108033,-0.13830078506158286,0.09210419179583045,15.000000000001679,0.2642541249806527,
2342,234,ok,2.0731735956908888,-0.07202289548047154,-0.06906430680613396,0.0774727847720207,15.000000000001679,0.23859508300665766,
2343,234,ok,1.761049371464463,0.2539438207733949,-0.2293091967627327,0.09006291366958866,15.000000000001679,0.2197663749975618,
2344,234,ok,1.4225406356896797,0.5791614148880035,0.06956705574722619,0.10822332737389966,15.000000000001679,0.3033799580007326,
2345,234,ok,2.0133597591072157,-0.012539886675793059,0.05745192887320133,0.18291534140145488,15.000000000001679,0.361262499995064,
2346,234,ok,1.5522566541536924,0.45175720473429437,-0.11155701355024503,0.12385939386744034,15.000000000001679,0.29215674998704344,
2347,234,ok,1.4239626233863594,0.5784354064008483,0.0826054418706257,0.11740220799458337,15.000000000001679,0.2456542079744395,
2348,234,ok,1.9735379020007882,0.036406003488191965,-0.1978647707310681,0.0784974115813822,15.000000000001679,0.2780907919805031,
2349,234,ok,1.9668800249051965,0.04530749078495831,-0.21861890766736117,0.08210869534482351,15.000000000001679,0.23383720900164917,
2350,234,ok,1.9094882213007662,0.09279025559722229,-0.093253729906398,0.1323256136247776,15.000000000001679,0.22102337499381974,
2351,235,ok,1.757095951427028,0.2619629248119777,-0.2580955400488682,0.13798412680842803,15.000000000001679,0.24233583398745395,
2352,235,ok,1.4640246899311757,0.5365143588583908,0.03972494053373552,0.11548537234581725,15.000000000001679,0.2629179999930784,
2353,235,ok,1.4409253410949858,0.560692600573607,0.06826454838446597,0.13343354542651148,15.000000000001679,0.21511629200540483,
2354,235,ok,1.4335912633003443,0.5749170541217183,0.1559567490618978,0.12281617223567931,15.000000000001679,0.22420837500249036,
2355,235,ok,1.4902320697180576,0.516378875460124,-0.1402140522030497,0.10356475318770451,15.000000000001679,0.28181554199545644,
2356,235,ok,1.4771258441143675,0.5311992724745178,-0.15660517926044767,0.12719007632873297,15.000000000001679,0.26943420799216256,
2357,235,ok,2.0340092681578583,-0.020448672685418008,-0.23447998634382103,0.08530783951917927,15.000000000001679,0.2190525830083061,
2358,235,ok,1.4419366140974366,0.5584551860331918,-0.03361173009799965,0.12640224884889545,15.000000000001679,0.24029449999216013,
2359,235,ok,2.0352587633315604,-0.022144765184487773,-0.23067028927645736,0.09179697396228934,15.000000000001679,0.35898945800727233,
2360,235,ok,1.5348046511339601,0.47548138385743405,0.1773930837918794,0.10644020805132011,15.000000000001679,0.2880168340052478,
2361,236,ok,1.618711161513185,0.39739816169263953,-0.2278007292816116,0.11313623925330062,15.000000000001679,0.2263766670075711,
2362,236,ok,1.4666975761348895,0.5334508775858313,0.0208674719645512,0.1332482374255989,15.000000000001679,0.2411509169905912,
2363,236,ok,2.052286903434019,-0.05102308209529441,-0.0720128510692001,0.07488979078687888,15.000000000001679,0.2278330840053968,
2364,236,ok,1.9327911909858881,0.0834186313308469,-0.24979520656514465,0.07973237174752451,15.000000000001679,0.2066165419819299,
2365,236,ok,2.0966685094600432,-0.09611923868029422,-0.04798933001974013,0.07561947668852846,15.000000000001679,0.23891616699984297,
2366,236,ok,2.006710488243076,-0.006598368782651235,0.021212496872549565,0.1380085066994127,15.000000000001679,0.2120879169960972,
2367,236,ok,1.9822362630320394,0.03729816168219706,-0.2776006058047084,0.09427537340255256,15.000000000001679,0.2667351249838248,
2368,236,ok,1.7344266118726197,0.2724857559873461,-0.15469391941936192,0.12688475004306496,15.000000000001679,0.21324308300972916,
2369,236,ok,1.9390393693017856,0.06265725937496007,0.08109735538058722,0.18481732536392081,15.000000000001679,0.2613701249938458,
2370,236,ok,2.0200326784546103,-0.014741616995380031,-0.1461103650373524,0.07266862378247353,15.000000000001679,0.26790787500794977,
2371,237,ok,1.546769634579552,0.4683761858816743,0.21592775292442953,0.10752057747326431,15.000000000001679,0.3032412499887869,
2372,237,ok,1.510468055499407,0.49420497368985306,0.1187227249678157,0.11569885189498257,15.000000000001679,0.25181075002183206,
2373,237,ok,1.7366702649777688,0.26666652712361677,-0.10760427995321767,0.1257791735759055,15.000000000001679,0.22988612498738803,
2374,237,ok,2.044436990375534,-0.037201843509964964,-0.17184660722682946,0.07904412691538763,15.000000000001679,0.25250745797529817,
2375,237,ok,1.9275317804249896,0.09036795968659837,-0.26207677340200314,0.09834174812581227,15.000000000001679,0.2603898750094231,
2376,237,ok,1.4186532543409147,0.581378109226207,0.009433295789763744,0.12457549042617946,15.000000000001679,0.23519058301462792,
2377,237,ok,1.814614336568203,0.18900257295593872,-0.11451423369455119,0.12935609152781433,15.000000000001679,0.21777845799806528,
2378,237,ok,1.4303755954772899,0.5720376935617745,-0.08305417225302404,0.11300637754386962,15.000000000001679,0.22543166700052097,
2379,237,ok,1.4073698137681285,0.5926397994015202,0.005201776345015715,0.12054385283310176,15.000000000001679,0.23411058299825527,
2380,237,ok,1.528929737684473,0.47877420912956653,-0.15329134341682918,0.11092215122017701,15.000000000001679,0.2254673750139773,
2381,238,ok,1.7336260459275736,0.26951794283727365,-0.10436051435448213,0.13320592832935263,15.000000000001679,0.28117437500623055,
2382,238,ok,1.9383724165831626,0.062436871927070495,0.056006696945049075,0.18715128431548722,15.000000000001679,0.2981818339903839,
2383,238,ok,1.4178010676408703,0.5826651500172477,-0.03635643585337851,0.10894045292363029,15.000000000001679,0.28739824998774566,
2384,238,ok,1.9661010699947015,0.05273691949793767,-0.2715141115079073,0.08722564628169742,15.000000000001679,0.23468662501545623,
2385,238,ok,1.9735639812068493,0.026902410643327636,-0.04290327250824918,0.13052322405919184,15.000000000001679,0.24138337498879991,
2386,238,ok,1.582381618256118,0.44084652648020395,-0.2701333592987086,0.11852518276256688,15.000000000001679,0.2744602079910692,
2387,238,ok,1.673010203832071,0.33348453039053955,-0.14727298353257998,0.11320934864797778,15.000000000001679,0.23290537498542108,
2388,238,ok,2.054161843759471,-0.04657738455051238,-0.17635727771683596,0.08121272406082705,15.000000000001679,0.27557633398100734,
2389,238,ok,1.4999082427076786,0.5032169505874833,-0.09677416769884492,0.10776725385098714,15.000000000001679,0.2673535000067204,
2390,238,ok,1.9558404604856334,0.04477994270531918,-0.049258851237520294,0.07550894621450716,15.000000000001679,0.2773807079938706,
2391,239,ok,1.6045216351301976,0.3954806279521574,-0.0026948699560283107,0.12235131249483092,15.000000000001679,0.33630575001006946,
2392,239,ok,2.0547787264165174,-0.052089098292946286,-0.10509970124185651,0.07618612991745718,15.000000000001679,0.2568965840036981,
2393,239,ok,1.5692201282495453,0.43186533735908483,-0.05835658255572205,0.12821965697969379,15.000000000001679,0.2587271249794867,
2394,239,ok,1.4292449454777993,0.5735042159746017,0.08860526130880703,0.1177624418826037,15.000000000001679,0.2836252080160193,
2395,239,ok,1.4755223904917272,0.5246730191020138,0.024013002245740316,0.1294987697231843,15.000000000001679,0.2650675410113763,
2396,239,ok,1.4833131514245872,0.5281304639520522,-0.18389663956456423,0.1122927595337161,15.000000000001679,0.23355237499345094,
2397,239,ok,1.4982592119862335,0.5017425801072185,-0.0023173342084762457,0.10939886166134494,15.000000000001679,0.22983441699761897,
2398,239,ok,1.7293523861189526,0.2863714926379814,-0.23267362147767187,0.07730540794584322,15.000000000001679,0.24742983299074695,
2399,239,ok,1.4915783367677713,0.5157952441299398,-0.1481289214421197,0.10770021195691763,15.000000000001679,0.32523979200050235,
2400,239,ok,1.5161683185303372,0.4967773186013337,-0.1977067025766023,0.09229921587687921,15.000000000001679,0.2580626250128262,
2401,240,ok,1.6193515474447069,0.39076269655030954,0.1807062129466926,0.11033715867950347,15.000000000001679,0.2118596670043189,
2402,240,ok,1.8358166407540473,0.1645635903887033,-0.0373620762627875,0.12534003232254834,15.000000000001679,0.2294501249853056,
2403,240,ok,1.5711796379918244,0.4294047073903604,0.042847189786036015,0.12502658960557053,15.000000000001679,0.2297036669915542,
2404,240,ok,2.041416492356433,-0.039084372429886924,-0.09755110136260634,0.07394242641075782,15.000000000001679,0.24952583297272213,
2405,240,ok,1.941732522621625,0.059133529897562244,0.05798736619852736,0.18597226567362904,15.000000000001679,0.2590574159985408,
2406,240,ok,1.8012130881730235,0.20060152020464123,0.0808313052965989,0.19090068406675845,15.000000000001679,0.2362234579923097,
2407,240,ok,1.8941413537351037,0.10768757214353228,-0.08321744594381508,0.18756909800664195,15.000000000001679,0.23700679201283492,
2408,240,ok,2.010879339568521,-0.007090228223174018,-0.12338773875300194,0.0724218517061242,15.000000000001679,0.23280070899636485,
2409,240,ok,1.9658478702441013,0.03416837793202694,0.007992660437651582,0.1604861188819954,15.000000000001679,0.21556650000275113,
2410,240,ok,2.080770789876206,-0.08024063926619904,-0.04696767768802436,0.07339130948865076,15.000000000001679,0.2366516670153942,
2411,241,ok,1.4937604557851822,0.5087376767201321,-0.0863538211863626,0.09395352306078093,15.000000000001679,0.24028591698152013,
2412,241,ok,1.5520528023430242,0.45609013071310384,-0.15877725523308905,0.11866120918988286,15.000000000001679,0.23512624998693354,
2413,241,ok,1.5770516423921082,0.4326876689033262,-0.1749969701565027,0.09744071519868126,15.000000000001679,0.2134009169822093,
2414,241,ok,2.035508270754729,-0.03165259821874944,0.12522635689786293,0.18309140651143457,15.000000000001679,0.2889154170115944,
2415,241,ok,1.4953963107445007,0.505445382240773,-0.05016593189440453,0.12109212914012951,15.000000000001679,0.27375695802038535,
2416,241,ok,1.3789137948211811,0.6210867755173668,0.0012541511302536707,0.09950333694451448,15.000000000001679,0.26058041700161994,
2417,241,ok,1.7756005346738941,0.2244038783207389,-0.003958713400211257,0.12747045273677207,15.000000000001679,0.23583054199116305,
2418,241,ok,2.0277341776394833,-0.027300657772657076,0.04192777315602227,0.19303233851947754,15.000000000001679,0.242284167004982,
2419,241,ok,1.4311294103013759,0.5735245404669702,-0.11532195098763708,0.12597770725932544,15.000000000001679,0.250845250004204,
2420,241,ok,1.6915776590948255,0.3165641440543043,-0.16576699208561602,0.0945327165973032,15.000000000001679,0.24049004199332558,
2421,242,ok,2.026152597490533,-0.023655479054992413,-0.10056266905936033,0.1867962921416482,15.000000000001679,0.26970174998859875,
2422,242,ok,1.3373409844161528,0.6626691448573289,-0.005205043951487198,0.0778312150358472,15.000000000001679,0.2712923330254853,
2423,242,ok,2.1128414415209713,-0.11036059957306617,-0.10235769037069602,0.07507404507414485,15.000000000001679,0.2635044999769889,
2424,242,ok,1.9671698376716817,0.03392827760354527,-0.06572026048539817,0.1385514299231709,15.000000000001679,0.243739583005663,
2425,242,ok,1.484947317349228,0.5161785983259609,0.05781507793610832,0.1025775648815406,15.000000000001679,0.26957050000783056,
2426,242,ok,1.9842578552792691,0.016652405840287,0.06009623098301263,0.13464395923078523,15.000000000001679,0.2557421660167165,
2427,242,ok,1.35694498976222,0.643250432493383,-0.023028597686339768,0.1082593363678967,15.000000000001679,0.22090333301457576,
2428,242,ok,1.4802962477837398,0.5223087505158186,-0.08778127591063029,0.09427831214328908,15.000000000001679,0.2782126250094734,
2429,242,ok,2.1092429651914433,-0.10799032293302992,-0.07268207915498999,0.07337458408931864,15.000000000001679,0.25858558298205025,
2430,242,ok,1.4479436310527807,0.5521777376120832,0.01874713952169239,0.10427191594308147,15.000000000001679,0.21968837501481175,
2431,243,ok,1.9912416673373483,0.008864059459477443,-0.02051935740300249,0.1874458999009865,15.000000000001679,0.24777824999182485,
2432,243,ok,1.3656783221868434,0.6347816183305361,-0.035440796307098274,0.08174125154369569,15.000000000001679,0.2520455829799175,
2433,243,ok,1.4736508110517197,0.5270383249270302,-0.04506236433679425,0.07582907450554971,15.000000000001679,0.3014444170112256,
2434,243,ok,1.9977194997004217,0.0030379222059993545,-0.055005993636790027,0.0754868945579674,15.000000000001679,0.2696368330216501,
2435,243,ok,1.5165795155161645,0.48356054590891434,0.020610894186680856,0.12048520218364485,15.000000000001679,0.24218612498953007,
2436,243,ok,1.5258508393288055,0.47423923882370606,0.01657961203273048,0.09257628671365846,15.000000000001679,0.2187910409993492,
2437,243,ok,2.034870215506325,-0.030953340659660596,0.12619557051704716,0.18687955616955748,15.000000000001679,0.250432875007391,
2438,243,ok,1.4200229864429994,0.5816590021971597,-0.06909483322317359,0.07518862153536979,15.000000000001679,0.22872166597517207,
2439,243,ok,2.002868758786352,-9.512371333978392e-05,-0.10536963993722173,0.07231042865525367,15.000000000001679,0.21347258301102556,
2440,243,ok,1.4124991816357808,0.5915144638870654,0.10640692027499644,0.11100810517449171,15.000000000001679,0.2546007909986656,
2441,244,ok,2.130666092033878,-0.12996734402472757,-0.054562891521312884,0.07280717517218464,15.000000000001679,0.2470909169933293,
2442,244,ok,1.5360969080106663,0.46605034200563344,0.0811921026879798,0.09666244628970284,15.000000000001679,0.23627983301412314,
2443,244,ok,1.845786086804891,0.16254402005165267,0.1751622105209098,0.1572972494324213,15.000000000001679,0.274384167016251,
2444,244,ok,1.9838764384109573,0.020352126592532244,-0.12946049665992782,0.07375247332492893,15.000000000001679,0.2903770419943612,
2445,244,ok,1.852207500366743,0.14919772169551818,0.07213564332393665,0.18686245471554208,15.000000000001679,0.24699466698803008,
2446,244,ok,1.4160051130587512,0.5870185666584211,-0.09248756262603322,0.07682081940093055,15.000000000001679,0.20816791598917916,
2447,244,ok,1.5928774355947255,0.4187044849665523,-0.19173684821111425,0.0758547463134855,15.000000000001679,0.2829209160117898,
2448,244,ok,1.921479172381255,0.08867884564234498,-0.1973161290920588,0.15716847378543472,15.000000000001679,0.2764684169960674,
2449,244,ok,2.078477460982244,-0.07659211014304398,-0.08850855271020527,0.07292886810753449,15.000000000001679,0.2428995409864001,
2450,244,ok,1.9000570853515122,0.10451024640909343,-0.13166442809797987,0.09228757212018386,15.000000000001679,0.22390537499450147,
2451,245,ok,1.8146561509589751,0.18686814679451522,0.07436282071631733,0.18842581677185596,15.000000000001679,0.24933449999662116,
2452,245,ok,1.486174893784418,0.5165118320460257,-0.08932340373993188,0.1295141167889489,15.000000000001679,0.2536781249800697,
2453,245,ok,2.057068972278719,-0.056767093028425634,0.0352403426093509,0.18803318885673376,15.000000000001679,0.26118175001465715,
2454,245,ok,1.439557511264648,0.5607817724747175,0.03125254865529005,0.1307405245186303,15.000000000001679,0.23889966701972298,
2455,245,ok,1.6538955818129362,0.35387757375803586,-0.16016102323480647,0.07497811324456202,15.000000000001679,0.23253412498161197,
2456,245,ok,1.4955629872087897,0.5053035487342094,0.05090350952861716,0.09034710870588693,15.000000000001679,0.27775279100751504,
2457,245,ok,1.7928677445739174,0.20925124706164677,0.08714157092512423,0.19022700555926245,15.000000000001679,0.23561316600535065,
2458,245,ok,1.669221171198162,0.3457717224771961,-0.2232221409719503,0.07604297925397602,15.000000000001679,0.2319797920063138,
2459,245,ok,1.4780735037016823,0.5253814134471722,0.10100151750298979,0.10179368386007975,15.000000000001679,0.25347374999546446,
2460,245,ok,1.6044450109971935,0.39895424315731337,-0.10438523750901482,0.1258191069015532,15.000000000001679,0.24118491599801928,
2461,246,ok,1.888348203061056,0.11355391777637756,0.0847355584572675,0.18558718612011513,15.000000000001679,0.28739449998829514,
2462,246,ok,1.7326711886663977,0.26925222953116523,-0.0816186440207478,0.13334337795890372,15.000000000001679,0.2498190829937812,
2463,246,ok,1.5589489172563082,0.4428632553093114,-0.0751457580220029,0.07489094450763221,15.000000000001679,0.25464820899651386,
2464,246,ok,1.4457981722515603,0.5624624925845803,-0.15433168715404663,0.12865155461098818,15.000000000001679,0.23564724999596365,
2465,246,ok,1.95495820216506,0.04551995086132459,0.04323551469943329,0.18753321346480237,15.000000000001679,0.24375162497744896,
2466,246,ok,1.9694336390269376,0.03524470459585959,-0.1356668261303193,0.07421211593605342,15.000000000001679,0.26462829098454677,
2467,246,ok,1.7946970521695969,0.20720010825550625,0.08249883167155829,0.07767278128871896,15.000000000001679,0.27551566701731645,
2468,246,ok,1.3787449039323671,0.6212559534525856,-0.0015376051291450927,0.10666235736734939,15.000000000001679,0.25113466699258424,
2469,246,ok,1.436060304813829,0.5658224445183967,0.07351148491766366,0.10299027942446913,15.000000000001679,0.24464770799386315,
2470,246,ok,1.5640378305544143,0.4394842195724801,-0.10490392958343447,0.11094047665732454,15.000000000001679,0.24939850001828745,
2471,247,ok,1.9294729677856137,0.07059094473588119,0.015704485991096296,0.18785540720698296,15.000000000001679,0.2228664580034092,
2472,247,ok,1.487476839498853,0.5134792299559384,-0.053323055736776065,0.11238661099451443,15.000000000001679,0.24598791700555012,
2473,247,ok,1.4653540862890442,0.5356982972246372,0.05552586292146325,0.09308185833517409,15.000000000001679,0.21388508399832062,
2474,247,ok,1.9869762175228645,0.01780930536415534,-0.13782067733303457,0.07664175258620745,15.000000000001679,0.2720669580157846,
2475,247,ok,1.6617353131983592,0.34027764542816663,-0.0817677006218116,0.13521309442461749,15.000000000001679,0.23569445800967515,
2476,247,ok,1.4428901667274499,0.5580155331217989,-0.05111585390814047,0.132968678301813,15.000000000001679,0.2674378340016119,
2477,247,ok,2.1002100650571207,-0.10019909146776457,0.006789224198078472,0.07311558457740013,15.000000000001679,0.2930430830165278,
2478,247,ok,1.451206510862987,0.5487946863631622,0.001864093166352855,0.10883809296202486,15.000000000001679,0.22348954100743867,
2479,247,ok,1.6559653604471631,0.360928141742492,-0.23593371626196782,0.12052495761978606,15.000000000001679,0.313668625021819,
2480,247,ok,1.4175125676120246,0.588423509671359,0.12959047530397821,0.11853562240353795,15.000000000001679,0.23994462500559166,
2481,248,ok,1.4189003840422496,0.5844247032850994,-0.09708181686476798,0.07925678336759416,15.000000000001679,0.26516954199178144,
2482,248,ok,2.052515709127207,-0.050241948299743336,-0.09658514195275292,0.07402485527040445,15.000000000001679,0.24580095801502466,
2483,248,ok,1.4602780249939684,0.5459739485266544,-0.13498204294318947,0.10597301888783801,15.000000000001679,0.2778331660083495,
2484,248,ok,1.4145465971613271,0.5859995497865348,-0.0393039735498491,0.07552680871994226,15.000000000001679,0.26288970801397227,
2485,248,ok,1.3801135360921983,0.6199636345804034,-0.014594609428861321,0.0951795136103445,15.000000000001679,0.2552483339968603,
2486,248,ok,1.424597294207953,0.5756787993703285,0.02804582146188777,0.10426066234320348,15.000000000001679,0.24964541601366363,
2487,248,ok,1.3818211639838607,0.6224268567385265,-0.10826802020178994,0.11115294401176552,15.000000000001679,0.2322498339926824,
2488,248,ok,1.6480293404868247,0.36934982064722804,-0.2387063042364217,0.08874982297064557,15.000000000001679,0.2613470829965081,
2489,248,ok,1.5840387819823152,0.4164915413848584,-0.04098565991069362,0.11466193310330158,15.000000000001679,0.2693452090024948,
2490,248,ok,1.4039100751246094,0.5994722880010216,-0.0973941833955862,0.0775896093773649,15.000000000001679,0.23964616699959151,
2491,249,ok,1.7156071524509022,0.30726123577501313,-0.2791834121697737,0.08920657289152802,15.000000000001679,0.24432312499266118,
2492,249,ok,1.4474171351968177,0.5540680056941283,0.065551743714469,0.11093918764391138,15.000000000001679,0.23182204199838452,
2493,249,ok,1.5430070146832944,0.4607768707545217,-0.10799447095851693,0.1223657551410218,15.000000000001679,0.2585861250117887,
2494,249,ok,1.7676436057979794,0.23686883193689467,0.12622361634382262,0.11497523610687471,15.000000000001679,0.2345694999967236,
2495,249,ok,1.509762386117199,0.4926800901977077,-0.08584376534092493,0.1105268322143976,15.000000000001679,0.23211300000548363,
2496,249,ok,1.926698332969386,0.07579218556671251,-0.0979323906625532,0.07475940941541073,15.000000000001679,0.22793137497501448,
2497,249,ok,1.5285306459837185,0.4742767366220315,-0.09259837632856119,0.12671531082020857,15.000000000001679,0.2571162079984788,
2498,249,ok,1.6101621799371997,0.4051794966479003,-0.22174266118153937,0.07526748203973352,15.000000000001679,0.2696667500131298,
2499,249,ok,1.9185403354658261,0.08301787154287621,0.0773080719286153,0.19117162373449798,15.000000000001679,0.2988506249967031,
2500,249,ok,1.394184166035745,0.6087605533197376,0.09056649946632174,0.11588338300598433,15.000000000001679,0.26343654200900346,
2501,250,ok,1.9733560560429877,0.031028216339798933,-0.13146953666725258,0.07319507453808534,15.000000000001679,0.26573666601325385,
2502,250,ok,1.5619244877223952,0.4395286754188791,-0.06735985827560438,0.12741298554157712,15.000000000001679,0.24874650000128895,
2503,250,ok,1.5813655120271555,0.42654558531568876,-0.15798128857354893,0.10796871299922689,15.000000000001679,0.20312804100103676,
2504,250,ok,1.552112442115341,0.45255445412715684,-0.1202718401270497,0.07972382061729816,15.000000000001679,0.2494982079952024,
2505,250,ok,1.922843139319388,0.08280301189152396,-0.14724621290691248,0.0744317040066939,15.000000000001679,0.22573379200184718,
2506,250,ok,1.4485205469314937,0.5524834891416187,-0.05392333145394196,0.07559707561659929,15.000000000001679,0.2526960830145981,
2507,250,ok,1.642350728723218,0.36583851526218236,-0.1638052439245348,0.07580747956385361,15.000000000001679,0.20072833300218917,
2508,250,ok,1.7885419421557536,0.22011204444184226,-0.1757303175586851,0.08722253014789304,15.000000000001679,0.2541373330168426,
2509,250,ok,2.099877220014758,-0.0978328769229753,-0.09263670783216593,0.07343963878108202,15.000000000001679,0.2303908329922706,
2510,250,ok,1.470925498692488,0.5331302080438478,-0.10915510134784848,0.0766656349788504,15.000000000001679,0.24166845800937153,
2511,251,ok,1.6280165192605782,0.37888390518013954,-0.1497344118809511,0.08075069708788268,15.000000000001679,0.22762533399509266,
2512,251,ok,1.620772638620601,0.3871323971485962,-0.15988133653917233,0.07532272029472784,15.000000000001679,0.23132820898899809,
2513,251,ok,1.9902897119318608,0.01633764093246962,-0.16228611351699007,0.07602715989857724,15.000000000001679,0.21965058401110582,
2514,251,ok,2.0236906873463245,-0.021377094650381227,-0.09674006034225888,0.07438475600572703,15.000000000001679,0.23982391599565744,
2515,251,ok,1.9513574910762408,0.050493050886938715,-0.08496301159472433,0.07407024527239217,15.000000000001679,0.27216695799143054,
2516,251,ok,1.7785227663891963,0.2422548855208111,-0.27106335622732636,0.07761862409322492,15.000000000001679,0.239464666985441,
2517,251,ok,1.6552464496937003,0.3480682543241163,-0.1047010833364519,0.1193526311045357,15.000000000001679,0.2598272080067545,
2518,251,ok,2.012854289071865,-0.011083766619844304,-0.08440659140816213,0.07455191586389276,15.000000000001679,0.276122708019102,
2519,251,ok,1.5060324424211553,0.49623651178605566,-0.08263830310250407,0.08783987019603126,15.000000000001679,0.2604772910126485,
2520,251,ok,1.7803191199336652,0.21969449800429847,0.0069633587594944285,0.18785189383060702,15.000000000001679,0.24670162500115111,
2521,252,ok,1.6213412173075272,0.39249380744681933,-0.2113555862602909,0.07573770984552636,15.000000000001679,0.26130958399153315,
2522,252,ok,2.050916791093912,-0.049099734089924775,-0.08631317247992656,0.07309476527461872,15.000000000001679,0.22644724999554455,
2523,252,ok,1.656574324206359,0.3587685117522617,-0.22493931093490388,0.09621788011492184,15.000000000001679,0.27236649999395013,
2524,252,ok,1.9232223985061783,0.0775289208457893,-0.05375261790370171,0.13574465176235548,15.000000000001679,0.26726608400349505,
2525,252,ok,1.931962970832894,0.06885542430515688,-0.056227648304423256,0.18708224318754482,15.000000000001679,0.22067287500249222,
2526,252,ok,2.044990331452192,-0.04369115837173305,-0.07288281639831103,0.0739420325995444,15.000000000001679,0.3559831249876879,
2527,252,ok,1.4323361537278332,0.5806382654849935,0.1923515632127683,0.0884602543008077,15.000000000001679,0.3610051249852404,
2528,252,ok,1.444329614415252,0.5561197620665901,0.03602629015413901,0.0793621165596917,15.000000000001679,0.6468756660178769,
2529,252,ok,1.6512679439958635,0.3522531764988417,-0.10777860877822058,0.12818115578483036,15.000000000001679,0.38097475000540726,
2530,252,ok,1.4723768071585939,0.5294778676767424,-0.07387909451255398,0.12232136251882969,15.000000000001679,0.3236707089818083,
2531,253,ok,1.7423705784500958,0.2649434797120226,0.15948073255003833,0.10759507476449238,15.000000000001679,0.30376174999400973,
2532,253,ok,1.5270454123441162,0.47443297959931174,-0.06717855034888112,0.07418666398931627,15.000000000001679,0.21596512501128018,
2533,253,ok,1.6455361904068353,0.35505153366839715,-0.04397609637004985,0.1203429704576655,15.000000000001679,0.25392420901334845,
2534,253,ok,1.5395591223823197,0.4633461949274473,-0.0945376891332958,0.0754360187049574,15.000000000001679,0.26049100002273917,
2535,253,ok,1.5323947014201742,0.47658318759384133,-0.16563434613293126,0.09610949257200896,15.000000000001679,0.2672399590082932,
2536,253,ok,1.9276488758929096,0.07235339738671587,-0.002960433188138421,0.19059762187515003,15.000000000001679,0.3069333340099547,
2537,253,ok,1.4261824272496648,0.5738528165322122,0.01002630952249228,0.10901578169638607,15.000000000001679,0.2734183330030646,
2538,253,ok,1.6751483770150846,0.3359862244254981,-0.192821782261659,0.11079623758822527,15.000000000001679,0.2451256249914877,
2539,253,ok,1.665219306492854,0.3385267600170191,-0.11163338003033434,0.1426616818560108,15.000000000001679,0.24173520799377002,
2540,253,ok,1.954243176674866,0.049152005465504384,-0.1151455418199424,0.0738797318036774,15.000000000001679,0.24217799998586997,
2541,254,ok,1.5159179265851852,0.48559535163654227,0.06771795299238205,0.10034303470455012,15.000000000001679,0.23336016599205323,
2542,254,ok,1.9094530538291286,0.09101886121169302,0.042449694084692666,0.18927957570795387,15.000000000001679,0.21859437500825152,
2543,254,ok,1.9709755061869645,0.036240323677030055,-0.16850038467868572,0.07484442670105595,15.000000000001679,0.2529409579874482,
2544,254,ok,1.4102990263863684,0.5912732135635922,-0.06657465736217233,0.11506973881831216,15.000000000001679,0.23875804198905826,
2545,254,ok,1.568926800567353,0.4389903654384738,-0.15741736354227487,0.09493717799707363,15.000000000001679,0.25740537501405925,
2546,254,ok,1.520930965984748,0.479860358499078,0.04905582155817075,0.07592965293909044,15.000000000001679,0.2618601249996573,
2547,254,ok,1.4860781844469912,0.5214937236236982,0.14982510138541105,0.07591297811620336,15.000000000001679,0.24594458399224095,
2548,254,ok,1.7431466473043535,0.25897481342967915,-0.0859740294285914,0.11906529598434056,15.000000000001679,0.2730882079922594,
2549,254,ok,1.501725125497185,0.5009260728394828,0.08919480622255944,0.10014852533800264,15.000000000001679,0.2272351669962518,
2550,254,ok,2.00426962855764,-0.004240643954308724,-0.010778918322270003,0.18595072143453623,15.000000000001679,0.27089949999935925,
2551,255,ok,1.9797328400029062,0.023703495110605516,0.11659435041174215,0.18508690263763303,15.000000000001679,0.28185670799575746,
2552,255,ok,1.5758937264996808,0.43775706661551467,-0.20697355944972506,0.07894186656310463,15.000000000001679,0.2756917910010088,
2553,255,ok,1.462523435642105,0.5404604794608522,-0.09337659121397182,0.07638445634350219,15.000000000001679,0.26939412497449666,
2554,255,ok,1.4833426788002348,0.5253605664270001,-0.16044950514650644,0.1034446355382042,15.000000000001679,0.2479147499834653,
2555,255,ok,2.0653900052545873,-0.06494600825116814,-0.042823554419381564,0.07254228575293602,15.000000000001679,0.28128329099854454,
2556,255,ok,1.6231467764258245,0.3784862856227266,0.07279238907993062,0.09887618707598068,15.000000000001679,0.2497040420130361,
2557,255,ok,1.9734278869323512,0.027815625700006164,-0.07004583277559277,0.0749532732357976,15.000000000001679,0.23265312498551793,
2558,255,ok,1.8718886297983854,0.1283921585043556,-0.032421135397938367,0.1478003281414103,15.000000000001679,0.18563137500314042,
2559,255,ok,2.2028320731171758,-0.18957564217981454,0.24130406031926938,0.18707631633913074,15.000000000001679,0.18454512499738485,
2560,255,ok,1.7328216053424002,0.2702656316556469,-0.10339115489138408,0.09505971836722796,15.000000000001679,0.26944791700225323,
2561,256,ok,1.5123511075511369,0.49568557095873633,-0.15570475615538346,0.07640042764902126,15.000000000001679,0.2556400829926133,
2562,256,ok,1.6652832879609356,0.3382686826837728,-0.10870813314771235,0.12244575358931131,15.000000000001679,0.2861529999936465,
2563,256,ok,1.4442360833714942,0.5564732243189205,0.045258285473708325,0.12531814150703605,15.000000000001679,0.2839899999962654,
2564,256,ok,1.9480193036408446,0.05399665728712387,-0.08860134032661804,0.07429661363214247,15.000000000001679,0.2502165409969166,
2565,256,ok,1.3860530590472662,0.6139618142290396,-0.006421065256518574,0.08418199367331432,15.000000000001679,0.2672169170109555,
2566,256,ok,1.9398203227132182,0.07128058534389557,-0.2072300748922028,0.07593107242612696,15.000000000001679,0.24488066701451316,
2567,256,ok,1.3869930591691595,0.6130988681092681,0.015968611199160074,0.10812244015975975,15.000000000001679,0.2869316659925971,
2568,256,ok,1.949802777886167,0.053556237272535445,-0.11440083562615667,0.07363199096995884,15.000000000001679,0.26793766699847765,
2569,256,ok,1.4334722751349749,0.5717959401877414,-0.12278406702998268,0.07801210873786488,15.000000000001679,0.28046195799834095,
2570,256,ok,1.4598385421917273,0.5428346024128475,-0.08830386935544729,0.10735110169373528,15.000000000001679,0.2582978330028709,
2571,257,ok,1.524356587065278,0.4761344177577897,-0.038687101040424374,0.11072824489898374,15.000000000001679,0.2542701250058599,
2572,257,ok,1.5709482146933202,0.4333579736557238,-0.11623706181777971,0.09228607549011522,15.000000000001679,0.26953004198730923,
2573,257,ok,1.6178231498224376,0.39298197970724125,-0.18666769017624965,0.08892718474226838,15.000000000001679,0.266042125003878,
2574,257,ok,1.4385120643744487,0.5700888334444645,-0.1570700961692759,0.07690760741080373,15.000000000001679,0.23268945899326354,
2575,257,ok,2.020980950565747,-0.020723512255125132,0.03225662054430908,0.18636682724801917,15.000000000001679,0.21952437498839572,
2576,257,ok,1.8333905144112985,0.16693998506427168,0.03481034296230296,0.1889974669593733,15.000000000001679,0.23488491598982364,
2577,257,ok,1.4854291080023914,0.5249421285981395,-0.17522531471277975,0.1016874167598813,15.000000000001679,0.28583995799999684,
2578,257,ok,1.418597530881192,0.596844320710849,0.20874169277079188,0.07801466429640505,15.000000000001679,0.24513941700570285,
2579,257,ok,1.6820247310628236,0.3215597222387801,-0.10975167377221653,0.11185740384515393,15.000000000001679,0.3052348330093082,
2580,257,ok,1.9555960168434219,0.04746331124452151,-0.10934468509099582,0.07394034509868949,15.000000000001679,0.23547004201100208,
2581,258,ok,1.972034723254623,0.02936780754560637,0.07436203187330423,0.1808116805077695,15.000000000001679,0.2372355840052478,
2582,258,ok,1.7836238871173031,0.21809167069210914,-0.07821046374110895,0.13977795740159596,15.000000000001679,0.24141012501786463,
2583,258,ok,2.057385373178182,-0.05683608228979274,-0.047538451366271925,0.07287141028839314,15.000000000001679,0.2242312500020489,
2584,258,ok,1.964213555148194,0.03689916463396435,-0.0661059786485314,0.07514782280816486,15.000000000001679,0.24693537500570528,
2585,258,ok,1.4316644387568502,0.568488567663604,-0.020930463233450856,0.10415440833017837,15.000000000001679,0.2145339580019936,
2586,258,ok,2.0292790717661653,-0.0269351805048633,-0.09750551338188584,0.07300817821361598,15.000000000001679,0.23418095798115246,
2587,258,ok,1.4874589232098328,0.5150007100895018,-0.08550530510951496,0.10972274544813364,15.000000000001679,0.2594053339853417,
2588,258,ok,1.8379801214842064,0.16361662103118313,0.07659642562266818,0.18688203358944572,15.000000000001679,0.2553057909826748,
2589,258,ok,2.0253144741287894,-0.022210643594627492,-0.11208404011355147,0.07317505950237294,15.000000000001679,0.26188775000628084,
2590,258,ok,2.014595540133147,-0.013482240919390952,-0.06696607967168748,0.07421395194439989,15.000000000001679,0.2568551670119632,
2591,259,ok,1.4926993242169835,0.5074961935810326,0.024159063366218567,0.1187215796933815,15.000000000001679,0.28967662499053404,
2592,259,ok,1.8664585158058133,0.1335633493300082,0.00903439316296159,0.1891053106379081,15.000000000001679,0.29358370901900344,
2593,259,ok,1.4720767120657312,0.5309869122192908,0.09492309589999752,0.10930632143036736,15.000000000001679,0.2647051249805372,
2594,259,ok,1.425850242631676,0.5782551625940219,0.10812276227630085,0.07558848549082589,15.000000000001679,0.2898143340134993,
2595,259,ok,1.4465778471648527,0.5539711104948473,-0.03984869664862634,0.07544907429871336,15.000000000001679,0.2503586670209188,
2596,259,ok,1.419899885466568,0.5801222226945054,-0.007923525855396836,0.09290459275595961,15.000000000001679,0.2753210829978343,
2597,259,ok,1.753929696100677,0.2461052128799527,-0.011065919615525952,0.14023331989172722,15.000000000001679,0.26122537499759346,
2598,259,ok,1.9529689312737846,0.050887560934929,-0.12267170171836146,0.07262863076409569,15.000000000001679,0.2634257919853553,
2599,259,ok,1.8024362225747443,0.19777333872575295,0.027484501847293428,0.19306533567351755,15.000000000001679,0.23053154200897552,
2600,259,ok,1.6952199349044887,0.3097980958232644,-0.13033860063279862,0.07378084393438837,15.000000000001679,0.22894941602135077,
2601,260,ok,1.450644775211493,0.5596113022911856,0.17219367979432001,0.07479495911836595,15.000000000001679,0.2506588750111405,
2602,260,ok,1.5098492637342065,0.4903009787236437,-0.02129939801817952,0.10483519290948513,15.000000000001679,0.24320579200866632,
2603,260,ok,1.50176763287382,0.5047556920775489,-0.13982304092297235,0.07626771947175047,15.000000000001679,0.2320436250010971,
2604,260,ok,1.477988136992253,0.5267472093991022,0.1182165304705647,0.10654767739120664,15.000000000001679,0.24800362501991913,
2605,260,ok,1.5403712343406206,0.46526488592294113,-0.1316497975802646,0.10237274804294708,15.000000000001679,0.24180191598134115,
2606,260,ok,1.937147766076827,0.06385507134622095,-0.06232401515221891,0.0776746019306759,15.000000000001679,0.2555769169994164,
2607,260,ok,2.044266143265453,-0.04332881891150689,-0.061898322328777046,0.0742972178376936,15.000000000001679,0.2573612919950392,
2608,260,ok,1.9796676113596978,0.021381021820170643,-0.06442663000049048,0.07212250009088378,15.000000000001679,0.2670028750144411,
2609,260,ok,1.704349927609535,0.30142658986766885,-0.14020358816396503,0.11865396068468247,15.000000000001679,0.25034783300361596,
2610,260,ok,1.5108558499802909,0.4997953175185794,-0.1790846450159461,0.09539318459460205,15.000000000001679,0.3447109170083422,
2611,261,ok,1.9929968370448081,0.00806060162749952,-0.06491398679799235,0.07869818047872332,15.000000000001679,0.27267833400401287,
2612,261,ok,1.872191348507566,0.1443826788853301,0.24856549037586634,0.19520266382277146,15.000000000001679,0.2487541250011418,
2613,261,ok,1.4474604153244774,0.553850040072206,-0.06157878962880515,0.12641028128576012,15.000000000001679,0.25447837499086745,
2614,261,ok,1.788233372394625,0.21657400407096497,-0.13103553407524,0.18768180044121374,15.000000000001679,0.26481224998133257,
2615,261,ok,1.522884258519212,0.4845705956408806,-0.15049978488148902,0.09852286715114836,15.000000000001679,0.2611556670162827,
2616,261,ok,1.3629862185312926,0.6370863579665349,-0.01406542801724907,0.07770895173336952,15.000000000001679,0.2438695830060169,
2617,261,ok,1.7185421294024297,0.30188167120853987,-0.2641612991214571,0.0963391227843844,15.000000000001679,0.24793595899245702,
2618,261,ok,1.8505706519945642,0.1530235969649669,0.11528184876795297,0.18617002531624,15.000000000001679,0.2722847080149222,
2619,261,ok,1.782598139235991,0.22176557338980205,-0.1246533193537923,0.1338779326151119,15.000000000001679,0.276197166997008,
2620,261,ok,1.5643071469849728,0.4368343289178997,-0.05974893186252203,0.07700851485864017,15.000000000001679,0.22533366698189639,
2621,262,ok,1.9780837312351836,0.021917140937255337,-0.001857541241367365,0.07551595317824843,15.000000000001679,0.332049625023501,
2622,262,ok,1.448309219851637,0.5519737008559366,0.028625745307416104,0.10789704210445718,15.000000000001679,0.24189245799789205,
2623,262,ok,1.6851109918573786,0.3236819916180929,-0.1719214636195082,0.10532822510948257,15.000000000001679,0.22085237500141375,
2624,262,ok,1.6049934034019455,0.3974114395552116,-0.08782784806233448,0.08138886091538029,15.000000000001679,0.24261004201252945,
2625,262,ok,1.5292965788626767,0.47335939336678967,-0.0900915328966627,0.12405135843377939,15.000000000001679,0.24064491598983295,
2626,262,ok,1.818613474325056,0.1815754320047421,-0.026211820003770637,0.18837925855596022,15.000000000001679,0.24909841699991375,
2627,262,ok,2.0447370399910096,-0.042372501831089315,-0.09830628909389465,0.07440307239259301,15.000000000001679,0.2838949169963598,
2628,262,ok,1.5038944949672979,0.4969520765866262,-0.05045385927447653,0.10538615564440039,15.000000000001679,0.2465942919952795,
2629,262,ok,1.8505852122213415,0.159674767424407,-0.19459873082293577,0.07377708161796966,15.000000000001679,0.22030874999472871,
2630,262,ok,2.0613413886884655,-0.06125470661842685,-0.018903839913491236,0.18911432949804038,15.000000000001679,0.22450112499063835,
2631,263,ok,1.441692959772241,0.558324767237304,0.007149370284904265,0.10585124657325284,15.000000000001679,0.2792279589921236,
2632,263,ok,1.9605263653269083,0.04391266815251177,-0.13185590365134112,0.07374382060801131,15.000000000001679,0.2770294169895351,
2633,263,ok,1.9203871636475283,0.08010315170247723,-0.043392974079196386,0.13362373744832864,15.000000000001679,0.2407882910047192,
2634,263,ok,1.9404748218687817,0.06176609793519627,0.09323022682223224,0.18789372220074332,15.000000000001679,0.26664983297814615,
2635,263,ok,1.5435351885087985,0.46017250331022985,-0.10692127292082028,0.1141554948368171,15.000000000001679,0.23027045800699852,
2636,263,ok,1.935842340621498,0.06460189296447319,0.041469688041013954,0.18722289187534777,15.000000000001679,0.27968274999875575,
2637,263,ok,1.9169052473520287,0.08327156018699869,0.026034886935798827,0.13908728764618652,15.000000000001679,0.21994308399735019,
2638,263,ok,1.9816812765760732,0.020580715501559342,-0.09465716078488605,0.07304494629793393,15.000000000001679,0.2815287090197671,
2639,263,ok,1.9457672817685243,0.054864581947246645,0.049583467381899185,0.15992492997067323,15.000000000001679,0.28610529101570137,
2640,263,ok,1.9174031939799492,0.08457418200003572,-0.08705713080315743,0.14403355507417037,15.000000000001679,0.29867525000008754,
2641,264,ok,1.972264611178696,0.03186877056243158,-0.1276211589839958,0.07359936627936374,15.000000000001679,0.2728822079952806,
2642,264,ok,1.9884885915124821,0.012741352412663262,-0.06992815001588498,0.07400195847680084,15.000000000001679,0.2294500000134576,
2643,264,ok,1.4698905814622942,0.5306069023864375,-0.03823932736308074,0.09393655395212303,15.000000000001679,0.23894583398941904,
2644,264,ok,1.89040447810752,0.10974454253965106,0.023735972496028716,0.1907156448606432,15.000000000001679,0.25242958299349993,
2645,264,ok,1.860229458151731,0.1403937575888948,-0.04814831420862131,0.14121145585752498,15.000000000001679,0.2266504589933902,
2646,264,ok,1.804456297560592,0.2086267011427319,-0.21689682788668993,0.07631718714499665,15.000000000001679,0.24593495900626294,
2647,264,ok,1.3742478557195559,0.6269548621640562,0.05748233132773185,0.11763067549128221,15.000000000001679,0.23159358301199973,
2648,264,ok,1.5764069382257124,0.42717746681782887,0.10624553637957164,0.09706293155874687,15.000000000001679,0.24608995899325237,
2649,264,ok,1.8911207631276528,0.10918000716435051,0.03372677609125585,0.18766263902631108,15.000000000001679,0.252587458002381,
2650,264,ok,2.1241191352063917,-0.1228417538794762,0.07365452148956762,0.18763087243934531,15.000000000001679,0.24519262500689365,
2651,265,ok,1.5612307402433536,0.44051515235456223,0.07381350990906854,0.09100392590152932,15.000000000001679,0.2645737089915201,
2652,265,ok,1.3700066331600436,0.6306344939024321,-0.04190806142819706,0.08625252531940727,15.000000000001679,0.29557250000652857,
2653,265,ok,1.8106165877977012,0.19048730970755332,-0.0632159131768467,0.1389626685020447,15.000000000001679,0.29972033298690803,
2654,265,ok,1.5266854296401635,0.4842888658645053,-0.18272427023595728,0.0794127227763899,15.000000000001679,0.22498470899881795,
2655,265,ok,1.9507134056626405,0.04967523693196892,0.03893725202894403,0.18641385610403258,15.000000000001679,0.2648402079939842,
2656,265,ok,1.4756799120047688,0.5343894448962563,-0.17209562302074446,0.07611808556268058,15.000000000001679,0.20542629199917428,
2657,265,ok,1.9295389479716727,0.07364966248749126,-0.11088250044562127,0.07375910095323607,15.000000000001679,0.2944721250096336,
2658,265,ok,1.4457215257214966,0.5547263819607724,-0.035984704171255315,0.07510782916942725,15.000000000001679,0.25657104200217873,
2659,265,ok,1.8975332248603733,0.10320122157527832,-0.05278952183427892,0.07856202202490725,15.000000000001679,0.27854104101425037,
2660,265,ok,1.4351970093027877,0.5703922420101843,0.12653898137332548,0.07635006320019586,15.000000000001679,0.21236745800706558,
2661,266,ok,1.5368014250723996,0.46981913056438257,-0.14249605930626955,0.07423988691784257,15.000000000001679,0.23783875000663102,
2662,266,ok,1.965744748453397,0.0353819492300532,0.06654570355029256,0.1872174395452762,15.000000000001679,0.24506933300290257,
2663,266,ok,1.8208928239583042,0.1835543611958256,0.12718458087418683,0.18174626016192477,15.000000000001679,0.2530837500235066,
2664,266,ok,1.6547138509770458,0.3518264083126418,-0.14697530499944184,0.0758484199382619,15.000000000001679,0.2732702080102172,
2665,266,ok,1.4272506221886119,0.5745006896177951,-0.07068277468830587,0.10384461263494091,15.000000000001679,0.25657991698244587,
2666,266,ok,1.4724104792719517,0.5283468572726638,-0.04721913775804619,0.10234036427518652,15.000000000001679,0.2315015000058338,
2667,266,ok,1.7843907443352613,0.23010693832793186,-0.22699973285099018,0.07532755789428561,15.000000000001679,0.2698280829936266,
2668,266,ok,1.9711062462414024,0.028893779055756224,0.0003157954626472611,0.1907763536753433,15.000000000001679,0.2536331659939606,
2669,266,ok,1.8766853529128733,0.12331707784308207,0.0030205168907822787,0.07763228875572621,15.000000000001679,0.2692537499824539,
2670,266,ok,1.8273736519166337,0.18238395612183417,-0.188590510778829,0.07804641814426841,15.000000000001679,0.24836391699500382,
2671,267,ok,1.6118443388698778,0.3929339023953372,-0.12401907384186522,0.12259129306361465,15.000000000001679,0.28068508399883285,
2672,267,ok,1.856464740282617,0.14387923100246003,-0.03573545590286451,0.07892125504525684,15.000000000001679,0.29227970898500644,
2673,267,ok,1.8898951164517017,0.11364849684361611,0.11567868311682068,0.18372558914311574,15.000000000001679,0.28422883298480883,
2674,267,ok,1.9097394798639278,0.09027547870501776,-0.007558684779489784,0.07507391045505131,15.000000000001679,0.24844466699869372,
2675,267,ok,1.4996740022346826,0.5051342289730377,-0.11999349811784243,0.08094692607455221,15.000000000001679,0.23418204198242165,
2676,267,ok,1.549504621270911,0.45051066156247355,0.006881962535939226,0.12526378872108,15.000000000001679,0.24974716699216515,
2677,267,ok,1.8970768163298557,0.10359913333333118,-0.05063793007350245,0.13409513290378888,15.000000000001679,0.2798707909823861,
2678,267,ok,1.820866323637238,0.18103820080906785,-0.08325948378580215,0.1441005671801575,15.000000000001679,0.24554841598728672,
2679,267,ok,1.9645686192798346,0.03839526780946125,-0.10787369701072184,0.07313773828916328,15.000000000001679,0.26075558399315923,
2680,267,ok,1.3703392311388547,0.6311590989689492,0.06406399974032644,0.07424360907740539,15.000000000001679,0.24124233302427456,
2681,268,ok,1.4401046834716495,0.5659206076357869,0.131597096294975,0.11605894442863178,15.000000000001679,0.23341687498032115,
2682,268,ok,1.3829513603852073,0.6186686782210061,0.06691968816120544,0.07511537460739706,15.000000000001679,0.2812188339885324,
2683,268,ok,1.6910664215090585,0.3133772027518609,-0.12251196577606298,0.12671831898584865,15.000000000001679,0.3115428750170395,
2684,268,ok,1.9247957702751797,0.0752044140470699,0.0008423570135894902,0.07501537425406005,15.000000000001679,0.2588159999868367,
2685,268,ok,1.48060342992363,0.5196595247271382,-0.027903296768199193,0.0874500653871894,15.000000000001679,0.25517600000603124,
2686,268,ok,1.5672309050989541,0.44550898321030347,0.1994251453990248,0.09832138042070682,15.000000000001679,0.2533255839953199,
2687,268,ok,1.8313322276832666,0.16873984777351764,-0.01624755424043912,0.0762001300343625,15.000000000001679,0.26247824999154545,
2688,268,ok,1.4705644745015967,0.5350379206078474,-0.12824187931084333,0.11190619074333365,15.000000000001679,0.2595316249935422,
2689,268,ok,1.9829546331473413,0.017310762489973815,0.032441710534711815,0.18506795168174994,15.000000000001679,0.26056183298351243,
2690,268,ok,1.9004095376046208,0.09964288618743852,-0.014115615487836923,0.07508824018911192,15.000000000001679,0.27753908300655894,
2691,269,ok,1.8771154676590376,0.12337214097104292,-0.04278267921951994,0.13560244514155562,15.000000000001679,0.25603958300780505,
2692,269,ok,1.9033732135662416,0.09721836499259015,0.04745144465672493,0.07505549437507995,15.000000000001679,0.2816675830108579,
2693,269,ok,1.4300491887975144,0.5739110424875399,-0.10635303306184522,0.08041503119250239,15.000000000001679,0.21685229198192246,
2694,269,ok,1.8427772498552017,0.15764978073450783,0.0396694108387475,0.18816046995608438,15.000000000001679,0.23423329199431464,
2695,269,ok,1.694693184479823,0.307102544613603,-0.0779948400128211,0.1181459537377959,15.000000000001679,0.25690270800259896,
2696,269,ok,1.9826506192898323,0.028345863805712707,-0.20852684574969077,0.07259515697940262,15.000000000001679,0.2569765409862157,
2697,269,ok,1.9618728927558589,0.03981669630606694,-0.08140431960147755,0.07382610482121363,15.000000000001679,0.26863225002307445,
2698,269,ok,1.9300100401572273,0.0733840474675813,-0.11441034286856674,0.07577209471469601,15.000000000001679,0.23303375000250526,
2699,269,ok,1.8779873481394609,0.12737216998223705,0.14177972356740087,0.18546256158921726,15.000000000001679,0.2612201670126524,
2700,269,ok,1.7535897164679877,0.24836245183646488,-0.08272117966951933,0.13275677671237915,15.000000000001679,0.23244612501002848,
2701,270,ok,1.3797942323176344,0.6227368578511343,-0.08353658369387316,0.07663531480278674,15.000000000001679,0.23010220797732472,
2702,270,ok,2.0241907815920133,-0.02200439998257007,-0.09405597659486067,0.07295096940241333,15.000000000001679,0.28390737500740215,
2703,270,ok,1.610141311422573,0.3903145906368554,0.038313517627718965,0.10458890512038521,15.000000000001679,0.2278981669805944,
2704,270,ok,1.426729325780692,0.5778421125078738,-0.11412060325182147,0.08036128013761376,15.000000000001679,0.26998395801638253,
2705,270,ok,1.9494234607978267,0.05120497757388826,-0.04949535408689087,0.07354600515344867,15.000000000001679,0.2484646660159342,
2706,270,ok,1.4163334978230688,0.5905090385400807,0.1390532510174479,0.0796901796704559,15.000000000001679,0.22383504200843163,
2707,270,ok,1.4396922732326143,0.5740941082297809,0.19876174033417068,0.07578553766755637,15.000000000001679,0.24769454199122265,
2708,270,ok,1.8980115087194247,0.10201851278652352,-0.010675271720532566,0.18948865426826259,15.000000000001679,0.26854904199717566,
2709,270,ok,1.897541351100872,0.10313510103179138,0.05066294701308048,0.18544488000473236,15.000000000001679,0.25155058299424127,
2710,270,ok,1.8821292977081314,0.11809151308746504,-0.02882950186661337,0.0792929314741087,15.000000000001679,0.27327674999833107,
2711,271,ok,1.3833844013069783,0.625811726472903,0.1592450648531462,0.0819434525227011,15.000000000001679,0.24361770797986537,
2712,271,ok,1.9852305541195314,0.014855670207282878,-0.018502510682778046,0.07935723574218345,15.000000000001679,0.24910129100317135,
2713,271,ok,1.9022179917620565,0.09789920454952508,-0.021115210866613315,0.07785932979761645,15.000000000001679,0.269624999986263,
2714,271,ok,1.5567020981015627,0.4448502171107935,-0.06950233818700574,0.08851691726627249,15.000000000001679,0.2469224169908557,
2715,271,ok,1.7567516259217282,0.24395833201098074,-0.04993931782652274,0.14187562761324587,15.000000000001679,0.21913391700945795,
2716,271,ok,1.7458439794219636,0.2704326475404485,-0.2378402274426568,0.07465958119996689,15.000000000001679,0.2676644579914864,
2717,271,ok,1.9978146081813994,0.005013978799251236,-0.1062731568958228,0.07468137221235742,15.000000000001679,0.22469554201234132,
2718,271,ok,1.932396183724547,0.07140187759989074,0.12109621442458897,0.1840719836661622,15.000000000001679,0.24537424999289215,
2719,271,ok,1.4031452176934416,0.5990818142430397,0.07902365944071513,0.11400749482162928,15.000000000001679,0.23815391698735766,
2720,271,ok,1.4895513897411157,0.5154863242496593,-0.12240297868067317,0.07608870257224301,15.000000000001679,0.23479012501775287,
2721,272,ok,1.827531667421856,0.17280886458254338,-0.03527818138134799,0.18831740243962253,15.000000000001679,0.24571170899434946,
2722,272,ok,1.4439470201641733,0.5594787819732894,-0.09940632502933132,0.10892924975501231,15.000000000001679,0.2537770410126541,
2723,272,ok,1.3297520547868171,0.6702502476468075,-0.002474535589810902,0.1254862365466464,15.000000000001679,0.3125910419912543,
2724,272,ok,1.7224797942970522,0.28449785253319865,-0.1548839042586674,0.14073774902139835,15.000000000001679,0.3024250000016764,
2725,272,ok,1.6773295715993035,0.3287215032752477,-0.142347034204986,0.11192203494554259,15.000000000001679,0.27325320898671634,
2726,272,ok,1.4192738194938563,0.5841017919695712,-0.09782862156291344,0.08139307869148543,15.000000000001679,0.315620665991446,
2727,272,ok,1.8400357263191842,0.1616601940248988,0.07898247842651199,0.1871846080195808,15.000000000001679,0.28007658300339244,
2728,272,ok,2.0573369887072093,-0.053867702516287176,-0.1194275749704182,0.07918912563186775,15.000000000001679,0.28916083299554884,
2729,272,ok,1.9427061477552623,0.05792400793692699,-0.049477445147482105,0.07987399456653714,15.000000000001679,0.28960904100677,
2730,272,ok,1.5514580393807609,0.4547121851256029,-0.1382303047812083,0.07631908989773692,15.000000000001679,0.25515737500973046,
2731,273,ok,1.503074065352046,0.5058069072702038,0.16315222208873986,0.10310879608279512,15.000000000001679,0.22764024999924004,
2732,273,ok,1.6385921030079358,0.3792752854140589,-0.24132028420812243,0.07559130332181459,15.000000000001679,0.23650870900019072,
2733,273,ok,1.6216137131587076,0.3901046297351281,-0.19459684351012016,0.09077957857554676,15.000000000001679,0.23372458398807794,
2734,273,ok,1.970029356020497,0.0312097962138969,0.06986270148232068,0.18932212190437311,15.000000000001679,0.25874000001931563,
2735,273,ok,1.3815647530465565,0.6235059562698111,-0.11825952154438003,0.11442911129337113,15.000000000001679,0.23210145899793133,
2736,273,ok,1.876561313870766,0.12366575912371637,-0.029192143319666883,0.14157791074733764,15.000000000001679,0.24267945799510926,
2737,273,ok,1.4524449353180837,0.5535185226837177,-0.1314824167410144,0.07601686278372788,15.000000000001679,0.2923842079762835,
2738,273,ok,1.817016297709731,0.1866658056895953,0.1156171522197874,0.189118311384011,15.000000000001679,0.24305408401414752,
2739,273,ok,1.464068097005539,0.5426228472949316,0.13981139954484728,0.09417799293931414,15.000000000001679,0.25871587498113513,
2740,273,ok,1.9471946332519205,0.0528088142628231,0.003664144174138621,0.18617019924964068,15.000000000001679,0.2629466670041438,
2741,274,ok,1.9755798803416522,0.027628184761933152,0.11254015312424864,0.1848141071349275,15.000000000001679,0.28862729101092555,
2742,274,ok,1.8576079650975184,0.1459325934723377,0.11463596314216115,0.18799186483422844,15.000000000001679,0.24589866600581445,
2743,274,ok,1.619651418222932,0.38865068263939795,0.16378062764892778,0.11801898982433279,15.000000000001679,0.23830383399035782,
2744,274,ok,1.4541391982463474,0.5475960525133128,-0.0710181751498764,0.07536118304108409,15.000000000001679,0.2306145420006942,
2745,274,ok,1.7074692683788617,0.3051749234578566,-0.20741085406063586,0.09324509548485148,15.000000000001679,0.2687073330162093,
2746,274,ok,1.82951763442401,0.17069317555563457,0.027772589178835846,0.18524491826985104,15.000000000001679,0.226475625007879,
2747,274,ok,1.6341374397920412,0.38000777111641504,-0.2145468491655887,0.07588985670953033,15.000000000001679,0.23624475000542589,
2748,274,ok,1.999746016104766,0.003094774595503492,0.10655350617929077,0.18124591834478537,15.000000000001679,0.29087066699867137,
2749,274,ok,2.007389891340422,-0.006165930103629597,0.07008877761204112,0.18310848878298402,15.000000000001679,0.29773920800653286,
2750,274,ok,1.5223760615744895,0.49387939521631835,0.22187743621443526,0.09091170861012866,15.000000000001679,0.27584970800671726,
2751,275,ok,1.5263498934804238,0.4737916726361871,-0.020787948745696852,0.07428157005452839,15.000000000001679,0.3254822499875445,
2752,275,ok,1.496419883488344,0.5064475698199936,-0.09259376870322221,0.08509020587242339,15.000000000001679,0.27046624998911284,
2753,275,ok,1.4833405403308204,0.5252379488612695,-0.15929862243602222,0.10752901287849106,15.000000000001679,0.29907270800322294,
2754,275,ok,2.020337354971538,-0.01827492931465291,-0.09126520472405707,0.07389123921345529,15.000000000001679,0.4424891250091605,
2755,275,ok,1.4399903893351214,0.5699790706532919,-0.16915218889476805,0.10465853404666231,15.000000000001679,0.3287283329991624,
2756,275,ok,1.5091333476078586,0.49573683685713194,0.12114370340019558,0.07442900337553209,15.000000000001679,0.35108141700038686,
2757,275,ok,1.51692691696013,0.4839588925892298,-0.051832731347003703,0.1082646189170216,15.000000000001679,0.2799062920094002,
2758,275,ok,1.9739857967501357,0.03936715691809972,-0.22921339489622547,0.09955894228879213,15.000000000001679,0.3162506250082515,
2759,275,ok,1.4411162790915337,0.5590238162243047,0.020093970584759896,0.1112336126142717,15.000000000001679,0.3111032089800574,
2760,275,ok,1.557696324463412,0.4423377187240721,-0.01029838516929127,0.1186842785755126,15.000000000001679,0.22181354099302553,
2761,276,ok,1.992337242271471,0.010568749576514143,-0.10756852132633851,0.07495959351546243,15.000000000001679,0.27551970799686387,
2762,276,ok,1.7034794866714473,0.3042558321348588,-0.1621544901067417,0.08844283295658464,15.000000000001679,0.24547062499914318,
2763,276,ok,2.064445263917925,-0.06253100377963539,-0.088882541372995,0.07162099914615673,15.000000000001679,0.24214237497653812,
2764,276,ok,1.9581014724839838,0.0458165216890931,0.12380755082235731,0.18567496315769458,15.000000000001679,0.23120450001442805,
2765,276,ok,1.8585652914833715,0.1414991466632886,0.01547646126818299,0.18806843949077964,15.000000000001679,0.23866520798765123,
2766,276,ok,1.531997316139827,0.47734758319228443,-0.16895382283113977,0.07561761839818312,15.000000000001679,0.2575481670210138,
2767,276,ok,1.4581945377422814,0.541834383920474,0.009184007014486215,0.11410387708782141,15.000000000001679,0.2660388330114074,
2768,276,ok,1.8508485130457482,0.15705283913635465,-0.1708390485465369,0.07453815950108046,15.000000000001679,0.24077916599344462,
2769,276,ok,1.372593602543239,0.631578161699743,-0.10693395253881095,0.11474373108965766,15.000000000001679,0.28426645800936967,
2770,276,ok,1.970006921786918,0.03214445027176124,-0.09204242115535242,0.07286542060803335,15.000000000001679,0.22934841699316166,
2771,277,ok,1.8634782309626046,0.13654922673720438,0.010115972410363256,0.18827963626130237,15.000000000001679,0.24454416599473916,
2772,277,ok,1.6567992854890297,0.34398305427466014,-0.050909212009962,0.13312951128376876,15.000000000001679,0.2798842079937458,
2773,277,ok,1.4146576172905652,0.586303022749271,-0.05212514431990255,0.11352439998347437,15.000000000001679,0.2233506659977138,
2774,277,ok,1.821670012686718,0.18744337105985287,0.1819892909133868,0.18713775152404072,15.000000000001679,0.26778137500514276,
2775,277,ok,1.7913580008406893,0.2102799012146893,-0.07658625973272888,0.14014020968479607,15.000000000001679,0.24107629200443625,
2776,277,ok,1.5617889041846105,0.4485316782928554,-0.1792501826313785,0.07252969925604057,15.000000000001679,0.24235162502736785,
2777,277,ok,1.900819254525049,0.10017118090149506,0.06135386292600887,0.18679946396455752,15.000000000001679,0.24082974999328144,
2778,277,ok,1.527791192706854,0.48014754402957877,-0.15554562222483148,0.1172511649637904,15.000000000001679,0.23755695801810361,
2779,277,ok,1.9509522186047836,0.058722290448044584,-0.19405002879577773,0.07659282621624648,15.000000000001679,0.24649025002145208,
2780,277,ok,1.703462627746747,0.3048543428755108,-0.1681253260571914,0.11283584062446508,15.000000000001679,0.2295848749927245,
2781,278,ok,1.4804255580950736,0.522279110676383,-0.0894472264395526,0.10937332654103306,15.000000000001679,0.24033879197668284,
2782,278,ok,1.9836236180418783,0.019340439915023485,0.1083991009996795,0.18136858148633872,15.000000000001679,0.32915820798370987,
2783,278,ok,1.9405516494863733,0.059574148161436226,-0.022095652080645622,0.07860732074386675,15.000000000001679,0.2537152089935262,
2784,278,ok,1.4762104051208882,0.5282630401497574,-0.11483675891430739,0.10124113672560296,15.000000000001679,0.2408203330123797,
2785,278,ok,1.437557669835514,0.5624440652662726,0.0022335207076792036,0.1059625679178211,15.000000000001679,0.2569864580000285,
2786,278,ok,1.8688254799185096,0.1312147858104331,-0.012267747107844621,0.18308894002349663,15.000000000001679,0.24556979202316143,
2787,278,ok,1.8544089347670256,0.14797925461661932,-0.09408323981114458,0.13437596507385074,15.000000000001679,0.26757408399134874,
2788,278,ok,1.450579698029388,0.5538773870834149,-0.1136259158217837,0.1058767137613335,15.000000000001679,0.2454812910000328,
2789,278,ok,1.5187627382693636,0.4831895105678738,-0.0769817790397818,0.0769595225805441,15.000000000001679,0.24715341700357385,
2790,278,ok,1.8917857526258581,0.10823115391955776,-0.007997927084982818,0.0767945715473851,15.000000000001679,0.25040829202043824,
2791,279,ok,1.3789939745724737,0.6227588156743552,-0.0695061299777518,0.12061166598096053,15.000000000001679,0.24705350000294857,
2792,279,ok,1.5389143599377761,0.4663634277886031,-0.12734312544606421,0.07485840783989862,15.000000000001679,0.24217499999213032,
2793,279,ok,1.998484005311758,0.01206703150580548,-0.20508737713664077,0.07877192909613152,15.000000000001679,0.2766361660032999,
2794,279,ok,1.986485776532696,0.01620213581103443,-0.10330428067610192,0.0744892970268324,15.000000000001679,0.2272313339926768,
2795,279,ok,1.5091211616316815,0.49103878143755686,-0.021970920761374163,0.1135451798606069,15.000000000001679,0.2561953749973327,
2796,279,ok,1.5515448133230796,0.45865791281370305,-0.17763974222549211,0.0764139871305531,15.000000000001679,0.21678075002273545,
2797,279,ok,1.5456631007673727,0.4581625006826144,-0.10868094024492062,0.08334405180824009,15.000000000001679,0.257039625023026,
2798,279,ok,2.0231318916904173,-0.022011585723483808,-0.06731863319207033,0.0730471886710502,15.000000000001679,0.2602023750077933,
2799,279,ok,1.488081176839596,0.5157073237543836,0.10611710563308463,0.13252828758942295,15.000000000001679,0.2443784999777563,
2800,279,ok,2.023398493449404,-0.021778859621705584,0.08094260979282134,0.14401825650691932,15.000000000001679,0.2350603339727968,
2801,280,ok,1.970471932752408,0.03221670371068018,-0.10290061520588593,0.0736943008357563,15.000000000001679,0.2487713750160765,
2802,280,ok,1.473657575159015,0.530603448867804,-0.11198403611388587,0.0753912061061141,15.000000000001679,0.2331631249981001,
2803,280,ok,1.6743312281541616,0.3356476194994724,-0.18252729958680247,0.07570389239519254,15.000000000001679,0.29703408299246803,
2804,280,ok,1.6673094662054004,0.33873643596108527,-0.14185988472736188,0.07531337901111362,15.000000000001679,0.24958383300690912,
2805,280,ok,1.3929747440908453,0.6072402396967954,-0.024472183292785294,0.0784716817371142,15.000000000001679,0.24005545899854042,
2806,280,ok,2.062859299454108,-0.06030467778473785,-0.1026310091669249,0.07346782203271544,15.000000000001679,0.2598345000005793,
2807,280,ok,1.6144941704089426,0.39045886230194043,-0.12636752882800092,0.0816177980750041,15.000000000001679,0.2105001670133788,
2808,280,ok,1.7663037508455375,0.23749506708979876,-0.11578126669812458,0.07652669501942963,15.000000000001679,0.27421450000838377,
2809,280,ok,1.8457339303219136,0.1544085729346374,-0.022935254182515127,0.18996835952379784,15.000000000001679,0.2743293750099838,
2810,280,ok,1.4492551299815042,0.5527367716117331,-0.07595774833996724,0.08790409840089862,15.000000000001679,0.22725800002808683,
2811,281,ok,1.3966738249542445,0.6043770246335475,0.05416903120428027,0.10955799365786845,15.000000000001679,0.26679300001705997,
2812,281,ok,1.93718343223552,0.06337892759417448,-0.046674104613796924,0.18759166012344675,15.000000000001679,0.2712822920002509,
2813,281,ok,1.6743783727193893,0.3412687897226531,-0.2283718614065192,0.07426769798355556,15.000000000001679,0.2695827090064995,
2814,281,ok,2.0446020361576136,-0.04459599051897255,0.004972103538906359,0.18765724783992266,15.000000000001679,0.30806366601609625,
2815,281,ok,2.0475310234324007,-0.04639961914984999,-0.06805799483883897,0.07474430167707477,15.000000000001679,0.27655770801356994,
2816,281,ok,1.3799737920154804,0.6202043372551556,0.022171957967209655,0.07492553770034387,15.000000000001679,0.28651816700585186,
2817,281,ok,1.7773209267160996,0.22417542762365578,-0.07291614833045972,0.18863746051607885,15.000000000001679,0.28338466698187403,
2818,281,ok,1.8056458780714217,0.19472311137065224,0.03650195031853326,0.18867045159715295,15.000000000001679,0.2888800000073388,
2819,281,ok,1.875134422379013,0.1268205492870891,-0.08560284701779673,0.13016557268185777,15.000000000001679,0.22496208298252895,
2820,281,ok,1.9396535757105429,0.0634054779744498,-0.1088928419471402,0.07390225676088015,15.000000000001679,0.2768215830146801,
2821,282,ok,1.3773015254908587,0.6229121658008873,0.024260853658578926,0.12651632085206557,15.000000000001679,0.24006933401688002,
2822,282,ok,2.101665833088688,-0.09939847296502485,-0.09759777499764216,0.0748668437354686,15.000000000001679,0.27002641701255925,
2823,282,ok,1.5784879804842313,0.4278831864899392,-0.14167931822309024,0.10251131427825852,15.000000000001679,0.20261883302009664,
2824,282,ok,1.4257386501132092,0.5742770913006953,-0.006699704219600399,0.13166540699891083,15.000000000001679,0.20617787502123974,
2825,282,ok,2.0312690480779834,-0.029948456632068854,-0.07323393405191048,0.07249324396416941,15.000000000001679,0.18757633300265297,
2826,282,ok,1.521923784650944,0.4898744125500801,-0.18913676642917993,0.08093659461828902,15.000000000001679,0.23421558298286982,
2827,282,ok,1.4383599033487147,0.5621655970766457,-0.038877259823256904,0.07553932610964621,15.000000000001679,0.23151541699189693,
2828,282,ok,1.5364472250365906,0.46874457447512474,-0.126201811093474,0.1290180375493955,15.000000000001679,0.25476524999248795,
2829,282,ok,1.4640289968511258,0.5377426263446585,-0.07200192227639592,0.07977320720569603,15.000000000001679,0.2513885840016883,
2830,282,ok,1.4412187383979957,0.5642968472044874,0.12596788861664288,0.07424713691875469,15.000000000001679,0.24384229199495167,
2831,283,ok,1.3891159453441977,0.610920984878018,-0.01012913408186903,0.09351391075348311,15.000000000001679,0.2295157499902416,
2832,283,ok,1.875182325287079,0.12892048175091023,0.12397656818048516,0.18575583650957814,15.000000000001679,0.24940520801465027,
2833,283,ok,1.7636027414423678,0.2366904026011303,0.032154211918058666,0.07592289952704614,15.000000000001679,0.2651474580052309,
2834,283,ok,1.8968417565500146,0.10374240460772027,0.04707208630211964,0.18507986149414624,15.000000000001679,0.2852215419989079,
2835,283,ok,1.481945038397864,0.5226156614472022,-0.11617492427782765,0.07367875371479123,15.000000000001679,0.22997174999909475,
2836,283,ok,2.057374436494556,-0.05528448803977142,-0.09271054505494544,0.07599408719142219,15.000000000001679,0.232864250021521,
2837,283,ok,1.9966367289584348,0.005902514629934659,-0.10066502007460719,0.07438607629787639,15.000000000001679,0.21387925001909025,
2838,283,ok,1.8450606935573652,0.15773450475439782,0.1015224504130094,0.1757529993214872,15.000000000001679,0.2625903330044821,
2839,283,ok,1.6533568190279835,0.35404915349849536,-0.1563156483763288,0.07527152455267211,15.000000000001679,0.23529725000844337,
2840,283,ok,1.5094883466767597,0.490513399965153,-0.0022963162183818656,0.09243577896756948,15.000000000001679,0.25557345800916664,
2841,284,ok,2.010545720741367,-0.010294997457351884,0.0317508801353263,0.07506935787791606,15.000000000001679,0.25603187500382774,
2842,284,ok,2.093433530282171,-0.09276794609178829,-0.05278512593933266,0.07453072611845322,15.000000000001679,0.23758625000482425,
2843,284,ok,1.4626254363368296,0.537846438133826,0.03715008131299596,0.08593413849025353,15.000000000001679,0.25713370798621327,
2844,284,ok,2.0953030621206303,-0.0934568700879504,-0.087938928886205,0.07333559487864691,15.000000000001679,0.25051466599688865,
2845,284,ok,1.3842486211080045,0.6158354229257281,0.015253478692212935,0.11635731013238726,15.000000000001679,0.24060666697914712,
2846,284,ok,1.6722628525466081,0.3288054693581729,-0.05976528055787653,0.13538559958561494,15.000000000001679,0.2507482089858968,
2847,284,ok,1.4112249429318071,0.589801390492608,-0.053811906640638216,0.07702887520228402,15.000000000001679,0.2654047090036329,
2848,284,ok,1.35517929077254,0.6476571093958353,-0.08763342040075942,0.11407214577516835,15.000000000001679,0.2163829579949379,
2849,284,ok,1.4294609529398141,0.5736945443926406,-0.09492820067969332,0.11173123075662575,15.000000000001679,0.2563192910165526,
2850,284,ok,1.3945723955223366,0.6056419799606875,-0.024451550154473325,0.1143810378590546,15.000000000001679,0.24304716600454412,
2851,285,ok,1.6138534145275343,0.3947421161107164,-0.16634292829417585,0.12431146803191412,15.000000000001679,0.25552929198602214,
2852,285,ok,1.3940194353059556,0.6138538081539682,-0.14794904812630358,0.11588936474158354,15.000000000001679,0.23363512501236983,
2853,285,ok,1.9241083638282548,0.07690185267303769,0.062341892026537914,0.17641962651090984,15.000000000001679,0.3148757500166539,
2854,285,ok,2.0148284048611034,-0.012149022598658764,-0.10387401932341087,0.07406989452215207,15.000000000001679,0.27136887499364093,
2855,285,ok,1.92323307152805,0.07801060303311669,0.06915349135143582,0.18243116535286288,15.000000000001679,0.2453127499902621,
2856,285,ok,1.971197655473581,0.03156104265109224,0.10425098625762333,0.18490795795610449,15.000000000001679,0.3046580829832237,
2857,285,ok,1.443010499334005,0.559431949319904,-0.08392253897447846,0.10413177236130694,15.000000000001679,0.25045445800060406,
2858,285,ok,2.083749605246917,-0.08318484902939224,-0.0485108456025104,0.07672550702331099,15.000000000001679,0.25229116599075496,
2859,285,ok,1.9159513311407343,0.08453619571584182,-0.04321941435527452,0.13126984308754946,15.000000000001679,0.23803937499178573,
2860,285,ok,1.9284392418265381,0.07455130909047805,-0.10735570823818633,0.07560872003039597,15.000000000001679,0.19236141597502865,
2861,286,ok,2.0203886461651366,-0.01842681661849421,-0.08901386132691312,0.07360139569561013,15.000000000001679,0.2729014589858707,
2862,286,ok,1.5269931299932789,0.47906227751195984,0.13585456694408152,0.10034078825655592,15.000000000001679,0.23293183301575482,
2863,286,ok,1.4153887878015992,0.584680450611031,-0.013999776851308285,0.10173933336071139,15.000000000001679,0.2629870839882642,
2864,286,ok,1.9119772027863156,0.08827274394495505,-0.030914760727392968,0.1532901800069484,15.000000000001679,0.22020487498957664,
2865,286,ok,2.0270949163665395,-0.02604301332674847,-0.06529554432682916,0.07342438563974855,15.000000000001679,0.2808484999986831,
2866,286,ok,1.5562988756654037,0.45024565143387424,-0.14257506618544027,0.11630297269538621,15.000000000001679,0.2530789589800406,
2867,286,ok,1.692197574844962,0.30932988307224607,-0.07188315545846105,0.12990151900789085,15.000000000001679,0.20700625001336448,
2868,286,ok,2.0211098356059902,-0.018951893962775256,-0.09337139523105992,0.07303723357059322,15.000000000001679,0.2558899160067085,
2869,286,ok,1.7139146974498813,0.29407381738560273,-0.16528596312266897,0.12646138612214147,15.000000000001679,0.28577137499814853,
2870,286,ok,1.4104275264722044,0.592288166037462,-0.08748256942001695,0.09182967389265626,15.000000000001679,0.2692378330102656,
2871,287,ok,1.9774104689651837,0.028436103698104443,0.15194724601649268,0.18375627982468531,15.000000000001679,0.24947666699881665,
2872,287,ok,1.4528621890721864,0.559193855957404,-0.1867784669728611,0.07590659639407832,15.000000000001679,0.27052724998793565,
2873,287,ok,1.5892192004676533,0.41709632446530837,-0.1415401749109094,0.07546502467006934,15.000000000001679,0.24562541701016016,
2874,287,ok,1.5271958906975895,0.4807087249409886,-0.15518153915065697,0.10036181010324195,15.000000000001679,0.23519666702486575,
2875,287,ok,2.086505301047684,-0.08531823566223957,-0.07037206345284273,0.07347350453919763,15.000000000001679,0.24968291699769907,
2876,287,ok,1.8643700853988467,0.13592004458465232,0.032889742303913096,0.18899293453961694,15.000000000001679,0.26768354201340117,
2877,287,ok,2.021130560529433,-0.018840185832523497,-0.09619275842661786,0.0760915089609813,15.000000000001679,0.21332820801762864,
2878,287,ok,1.9021120600784909,0.09788793992452285,-3.3859699482572893e-06,0.1883149553098329,15.000000000001679,0.25210870799492113,
2879,287,ok,1.546541713675667,0.45951919852078554,-0.1367851322798857,0.116017502599002,15.000000000001679,0.25542470801156014,
2880,287,ok,1.3534472585682689,0.6476581057605469,-0.05468896425066377,0.07742891902039392,15.000000000001679,0.2741690419788938,
2881,288,ok,1.5028928653682618,0.5084170881231637,-0.1840309261288497,0.07490710493923237,15.000000000001679,0.25009816701640375,
2882,288,ok,1.9214713585828007,0.08014982014420421,-0.07891431278103016,0.18776139924567697,15.000000000001679,0.2806841669953428,
2883,288,ok,1.9674249594355542,0.045108290387889556,-0.22171913471739915,0.07455489736499805,15.000000000001679,0.3808601670025382,
2884,288,ok,1.3790429078491795,0.6211066532118663,-0.020309600501743647,0.10940549049589775,15.000000000001679,0.2661009589792229,
2885,288,ok,1.8610485783041961,0.13910578820353542,-0.02396963309032067,0.17907673852185788,15.000000000001679,0.25994779099710286,
2886,288,ok,1.414618634742155,0.5892504980728778,-0.10455488784430418,0.07460563006243856,15.000000000001679,0.25045470902114175,
2887,288,ok,1.8889887626569115,0.1122450559803652,-0.0682628506108168,0.18535234655944915,15.000000000001679,0.2634903749858495,
2888,288,ok,1.547889841211945,0.46577583007737794,-0.20522952261402821,0.12467425615660384,15.000000000001679,0.2459056670195423,
2889,288,ok,1.3895468226276066,0.6146214323336817,-0.10754811260686152,0.09987481627484733,15.000000000001679,0.28064195899059996,
2890,288,ok,2.006490903728321,-0.0008627513098883948,0.15017988269111723,0.17996384962890194,15.000000000001679,0.29272616701200604,
2891,289,ok,1.6594731985606503,0.34629881792644907,-0.13828845631380648,0.1265386821112099,15.000000000001679,0.26791250001406297,
2892,289,ok,1.381915000882058,0.6256490197363435,-0.14438993285954574,0.10898844556897605,15.000000000001679,0.19557041698135436,
2893,289,ok,1.5332056042386224,0.4829361385152291,-0.22189336413159133,0.07674160048400425,15.000000000001679,0.2473966669931542,
2894,289,ok,1.9842486865091513,0.017703912370853107,-0.08800608435483451,0.07403586857383393,15.000000000001679,0.23586058302316815,
2895,289,ok,1.469515001225833,0.530529167331992,0.011393452758068122,0.11851273926229058,15.000000000001679,0.24375550000695512,
2896,289,ok,1.8514011238266395,0.14985055709283782,0.06806732121114703,0.18350652943979653,15.000000000001679,0.23267525000846945,
2897,289,ok,1.373422077947217,0.6273923746300976,0.047291764285646645,0.10038387761598216,15.000000000001679,0.2591294579906389,
2898,289,ok,1.6742778449904345,0.34019954564438526,-0.21970151102509242,0.09335668161236765,15.000000000001679,0.23042458298732527,
2899,289,ok,1.4805226257788329,0.5225103849533179,-0.09471896785890785,0.07501692656831198,15.000000000001679,0.2612913750053849,
2900,289,ok,1.8294156557483094,0.17059825882510482,0.0071351862820393476,0.18733402815803615,15.000000000001679,0.2238722080073785,
2901,290,ok,1.7837822441378004,0.22812859980618255,-0.20579318666197077,0.0762504666081141,15.000000000001679,0.30040666699642316,
2902,290,ok,1.5148316537147746,0.4966230334240302,-0.18593718150244865,0.1293381071884744,15.000000000001679,0.22087583399843425,
2903,290,ok,1.5141364148891459,0.49118790512380317,-0.12686664356188196,0.11965210584663945,15.000000000001679,0.24177995798527263,
2904,290,ok,1.4417849135221104,0.5582151538050917,-0.0004406162543357223,0.07771598107448084,15.000000000001679,0.23309079100727104,
2905,290,ok,1.3488283922009663,0.6534965202643974,-0.07916066363641255,0.12459453672382058,15.000000000001679,0.2559134580078535,
2906,290,ok,1.9052640670302317,0.09574724852998324,-0.06206950648627611,0.14362825717558902,15.000000000001679,0.25602749999961816,
2907,290,ok,1.9667827812010128,0.033467608411348264,0.031382499285572685,0.18760945536175233,15.000000000001679,0.2429628339887131,
2908,290,ok,1.5163814971396266,0.48381528299419857,0.024428442141342165,0.09701692577762308,15.000000000001679,0.23040258302353323,
2909,290,ok,1.388873737015132,0.614748567110574,0.10024332919536824,0.11412630005235258,15.000000000001679,0.24846650002291426,
2910,290,ok,1.3803910532198282,0.6258298129766355,-0.130903616854226,0.1308037358558252,15.000000000001679,0.2331764580158051,
2911,291,ok,1.561791626736718,0.4462294057092136,-0.15808233823606033,0.07679960787872345,15.000000000001679,0.2400247500045225,
2912,291,ok,1.4103379812320347,0.5907811215069504,0.05617271405622713,0.08940987214646083,15.000000000001679,0.24004583299392834,
2913,291,ok,1.517263350767259,0.4906478681284884,-0.15473919217965923,0.12233117197147184,15.000000000001679,0.22022858398850076,
2914,291,ok,1.4982903479308507,0.5080235359655835,-0.1374052308688048,0.13438234245731556,15.000000000001679,0.2573750829906203,
2915,291,ok,1.8996428423883587,0.11059881528558961,-0.19699261873762042,0.07288138803719973,15.000000000001679,0.24067445899709128,
2916,291,ok,2.0503313475282416,-0.0432684876745439,0.17003682522664806,0.18090004817290703,15.000000000001679,0.2424499999906402,
2917,291,ok,1.9792070678034537,0.023675636916420793,0.10678309381840301,0.178650328553396,15.000000000001679,0.23570258400286548,
2918,291,ok,1.4345985481197074,0.5710127694081758,-0.1267615441397029,0.07632821466693615,15.000000000001679,0.2417761660180986,
2919,291,ok,1.9148476905463283,0.08529061440108165,0.02301405418476532,0.18264866993761578,15.000000000001679,0.23032800000510179,
2920,291,ok,1.4517545236098557,0.5575728423880945,-0.16430183141193952,0.10884807708071345,15.000000000001679,0.27753324998775497,
2921,292,ok,2.002390587587032,0.0040323128054817955,-0.16025310272348908,0.0750180701646609,15.000000000001679,0.3978174169897102,
2922,292,ok,1.8752717578408677,0.12478256785552941,0.014274030162367186,0.18631957748949543,15.000000000001679,0.34017891698749736,
2923,292,ok,1.603936015956329,0.39815597372978606,-0.08189297151948993,0.09621627783449493,15.000000000001679,0.3253992499958258,
2924,292,ok,1.4916098889937635,0.5116187130362221,-0.09808774418873746,0.08117203770907168,15.000000000001679,0.38553775000036694,
2925,292,ok,1.407540819650825,0.5924867441019182,-0.008808714690405358,0.08021305108792119,15.000000000001679,0.3125234160106629,
2926,292,ok,1.9361886662488759,0.06443248310755113,0.049040175992749256,0.18061307567346851,15.000000000001679,0.31732883301447146,
2927,292,ok,1.532228391648875,0.47670236059279486,-0.16519124054057766,0.0769084014397077,15.000000000001679,0.2960920409823302,
2928,292,ok,1.9721319738725755,0.02897232828330138,-0.06598817846850467,0.13371339343416433,15.000000000001679,0.22988645799341612,
2929,292,ok,1.5591534614091784,0.4511810917104929,-0.17921915508427622,0.07586658924757406,15.000000000001679,0.2245627920201514,
2930,292,ok,1.3543462195681981,0.645798078128574,0.019769604406918724,0.11173903552270723,15.000000000001679,0.2301957500167191,
2931,293,ok,1.5588882434294646,0.4454589205200548,-0.11633824698665825,0.07907535891737413,15.000000000001679,0.2291574159753509,
2932,293,ok,1.9148168642227616,0.08545003250737372,-0.0319694461302283,0.18788979985654028,15.000000000001679,0.25408462501945905,
2933,293,ok,1.9772078818526089,0.02283743133772042,-0.013386005410728204,0.18569398290486763,15.000000000001679,0.23943133300053887,
2934,293,ok,1.5439569061547833,0.45786366643981147,-0.07495636581764704,0.07478674819694316,15.000000000001679,0.25167020899243653,
2935,293,ok,1.977379095748738,0.022774271396444,0.024627351709713807,0.13024532518736365,15.000000000001679,0.226953625009628,
2936,293,ok,1.9874891183695915,0.014133159231568878,-0.08028627761919638,0.07242804381154593,15.000000000001679,0.24753291701199487,
2937,293,ok,2.004236817448841,-0.0010177588776165956,-0.11354800339001639,0.07333691870369076,15.000000000001679,0.23346916699665599,
2938,293,ok,1.8765883157146344,0.12426644048648719,0.05663320926325542,0.18296569572599866,15.000000000001679,0.24694183300016448,
2939,293,ok,1.4780194240577578,0.5231115662618895,-0.05780979313763972,0.07929193078098593,15.000000000001679,0.2384771249780897,
2940,293,ok,1.8973967097156785,0.10313641580909202,0.04497573801845112,0.18592280233774483,15.000000000001679,0.2105442089959979,
2941,294,ok,1.8611626961810726,0.14281632967384272,0.12163632816663784,0.18330068906317837,15.000000000001679,0.25251045799814165,
2942,294,ok,1.4879772331033803,0.5169521966021275,-0.12101842450939522,0.13060680508430644,15.000000000001679,0.2717501250153873,
2943,294,ok,1.4335002955724299,0.5718483255348357,-0.1237169839940785,0.10979004849073887,15.000000000001679,0.25332770898239687,
2944,294,ok,1.3780645673644412,0.6236089790152363,0.06789483911067473,0.07890564959815671,15.000000000001679,0.24559537501772866,
2945,294,ok,1.4773415558662983,0.5440521337739931,-0.25050725243272376,0.12556864611108226,15.000000000001679,0.24353175002033822,
2946,294,ok,1.6430602914507866,0.3701332241646893,-0.20780138202272158,0.09117341622433434,15.000000000001679,0.2543971249833703,
2947,294,ok,2.092405917698184,-0.09061842364857667,0.08647040603304351,0.18846365257849784,15.000000000001679,0.22905579197686166,
2948,294,ok,1.9232987527093897,0.07901762629138301,-0.09436531181690434,0.14678165847927732,15.000000000001679,0.23169116699136794,
2949,294,ok,1.4520289266550623,0.5552064787448369,-0.14477459992056133,0.12654345354479762,15.000000000001679,0.2170977909991052,
2950,294,ok,1.89306215047719,0.11157548010358521,-0.13242786044982813,0.18449456561308153,15.000000000001679,0.24125808299868368,
2951,295,ok,1.4957693512932408,0.5085434395263141,-0.113504539504837,0.13254578565100686,15.000000000001679,0.21951550000812858,
2952,295,ok,1.9312779267738234,0.07460976686440574,0.15068802404258821,0.1859453061210827,15.000000000001679,0.25880350000807084,
2953,295,ok,1.5706640686926858,0.43365485346229765,-0.11639801802456165,0.12891225727709643,15.000000000001679,0.2340928750054445,
2954,295,ok,1.699431211148687,0.3070006105557658,-0.14771428085240695,0.08302649648061229,15.000000000001679,0.22749837499577552,
2955,295,ok,1.6399282363947854,0.36708982280141506,-0.15155518376550653,0.07605795224732344,15.000000000001679,0.27197062500636093,
2956,295,ok,2.0930909912541544,-0.09146355003794007,-0.08252343020013012,0.07516055893936656,15.000000000001679,0.23859358299523592,
2957,295,ok,1.974823403762846,0.04477028085480328,-0.27749634487839264,0.09550256619899478,15.000000000001679,0.25072799998451956,
2958,295,ok,1.5039503375680612,0.5018622461192,-0.13209802522398764,0.07477278798418362,15.000000000001679,0.22792699999990873,
2959,295,ok,1.9659701339212563,0.03622166771582441,0.09280748418928417,0.18304503584967366,15.000000000001679,0.2949109170003794,
2960,295,ok,1.3668204200720813,0.6359602346384922,0.08714114549707772,0.11702397630093964,15.000000000001679,0.25926849999814294,
2961,296,ok,2.0103033244565585,0.004804101074523475,-0.24599345770172537,0.08585419988059141,15.000000000001679,0.22830824999255128,
2962,296,ok,1.8565699539631075,0.1613841515169176,0.25757281623923406,0.1790427130859983,15.000000000001679,0.20826033302000724,
2963,296,ok,1.9140001126925474,0.08684411683135192,-0.056841869113126414,0.12986304866563683,15.000000000001679,0.2580180419899989,
2964,296,ok,1.9836362592517294,0.01966444319112045,-0.11438483927802134,0.07432965180456252,15.000000000001679,0.2868065829970874,
2965,296,ok,1.8796046626309237,0.12145012951562445,-0.0629608758440077,0.13881190097396653,15.000000000001679,0.25499495898839086,
2966,296,ok,1.4672932612565637,0.5327301775891002,0.008293537918702968,0.07409455217933171,15.000000000001679,0.2679393330181483,
2967,296,ok,1.410673768394517,0.6030948700751133,-0.19661266191657853,0.1339294266404527,15.000000000001679,0.20756583401816897,
2968,296,ok,1.7042743165543293,0.3062025885697119,-0.18868300161588938,0.07712590402507823,15.000000000001679,0.25158579100389034,
2969,296,ok,1.9306840299900416,0.08655287809238792,-0.2574119952956028,0.08172113107895129,15.000000000001679,0.2515609590045642,
2970,296,ok,1.341069725830343,0.6592036152308032,-0.027075157035981227,0.11588778580716308,15.000000000001679,0.2320852080010809,
2971,297,ok,1.4068352182729982,0.5941085564525991,-0.05152261962904212,0.10070198333190904,15.000000000001679,0.25685079098911956,
2972,297,ok,1.3969012954124866,0.6031370078200359,0.010344573607511188,0.0933836181740867,15.000000000001679,0.2582491250068415,
2973,297,ok,1.62534500581066,0.383996581642031,-0.1740095967727452,0.0754122267617549,15.000000000001679,0.20991041700472124,
2974,297,ok,1.4315444304367693,0.5736536004966701,-0.1218827507829621,0.1281410922982613,15.000000000001679,0.2381170410080813,
2975,297,ok,1.9593634757377258,0.044458521702958866,0.12232234756922146,0.18447987747130024,15.000000000001679,0.24216120899654925,
2976,297,ok,1.433806731841088,0.5687708027940603,0.08593444791271655,0.11101090991775905,15.000000000001679,0.2732660830079112,
2977,297,ok,1.5337202183604826,0.48132385706242375,-0.2142906462727033,0.07624268678814645,15.000000000001679,0.24287408299278468,
2978,297,ok,1.858532068776797,0.1414687139404448,-0.0017056991459723219,0.16593023656011568,15.000000000001679,0.24095324997324497,
2979,297,ok,1.9507022827234097,0.05018560775902536,-0.05884922796672641,0.07305337572054092,15.000000000001679,0.2059389999776613,
2980,297,ok,1.8920762675641951,0.1136644823708424,0.14727836640319442,0.14908822653740017,15.000000000001679,0.2667747499945108,
2981,298,ok,2.1162127461691917,-0.11612010575044879,0.01980113854457745,0.0770373918772493,15.000000000001679,0.24409508297685534,
2982,298,ok,1.9958185207346169,0.009922531823160377,-0.1512720673560509,0.07416143526314871,15.000000000001679,0.23945012502372265,
2983,298,ok,1.4603060825446899,0.5397658168001527,-0.014490856830879487,0.07329692503047656,15.000000000001679,0.2342340420000255,
2984,298,ok,1.9877598013418918,0.013013139089772278,0.05542781252112159,0.13252303279099775,15.000000000001679,0.24696320801740512,
2985,298,ok,1.97123719006177,0.028766793392399834,-0.003962909302718905,0.13513990693939726,15.000000000001679,0.23267162500997074,
2986,298,ok,2.001961830736748,-0.0019618257822116626,0.00014084596064659324,0.13822913626655534,15.000000000001679,0.22156991699011996,
2987,298,ok,1.8769596473866543,0.12486518662105997,0.08274629642565083,0.18896405956438192,15.000000000001679,0.3159005839843303,
2988,298,ok,1.4213756252010092,0.5786550192474247,-0.009333466934726668,0.0757707449652804,15.000000000001679,0.2788180840143468,
2989,298,ok,1.4427823186209792,0.5595847969876437,-0.08261272212075836,0.07481880191839765,15.000000000001679,0.29544641700340435,
2990,298,ok,1.8942225479805717,0.12558737971999606,-0.27323321579386844,0.07647415911819451,15.000000000001679,0.282843541004695,
2991,299,ok,1.4565851529306533,0.545106172159059,-0.07017305357720588,0.10508945349928643,15.000000000001679,0.29589091599336825,
2992,299,ok,1.4520761408564131,0.5567581076022294,-0.15993110664456608,0.10227901577618283,15.000000000001679,0.2744952499924693,
2993,299,ok,1.5189623119176092,0.48105315464417187,0.006854634174524805,0.08360684686314211,15.000000000001679,0.24782066600164399,
2994,299,ok,1.457195011415675,0.5473116491634508,-0.11451574843014325,0.08247176765044903,15.000000000001679,0.25625029200455174,
2995,299,ok,1.417183747300093,0.5829045789307227,0.015822174187553894,0.08007612250150388,15.000000000001679,0.23498758400091901,
2996,299,ok,2.0384703096776517,-0.036102736734685524,0.09821837352973353,0.18898199689770942,15.000000000001679,0.2589750000042841,
2997,299,ok,1.8061509666414493,0.194568965889626,0.05099113031681509,0.18732042451684378,15.000000000001679,0.2545338339987211,
2998,299,ok,1.3966835998669604,0.604322276298101,0.05299782731035212,0.10693017056776259,15.000000000001679,0.257729166012723,
2999,299,ok,1.6416962539397941,0.36820223421662057,-0.18000733814021122,0.12417921973244121,15.000000000001679,0.23610441701021045,
3000,299,ok,1.9940297799736706,0.010443194927765242,0.13348588993825175,0.18206253105017164,15.000000000001679,0.2647566669911612,
3001,300,ok,1.63389347944734,0.3703593295374506,-0.11780996288475687,0.09305958889516006,15.000000000001679,0.22727895801654086,
3002,300,ok,1.5338393420129823,0.47321376992046704,-0.14692492894790188,0.10413681163995779,15.000000000001679,0.24467012501554564,
3003,300,ok,1.491208531889061,0.509321261301233,-0.03974649129398344,0.12105863450406125,15.000000000001679,0.26785375000326894,
3004,300,ok,1.865917677526068,0.13416622694498656,0.017694932369690348,0.0769743190116689,15.000000000001679,0.22764183400431648,
3005,300,ok,1.6697315832186896,0.3432205998070227,-0.20757066048502865,0.11624115609233711,15.000000000001679,0.25520516699180007,
3006,300,ok,1.4870141415491662,0.5276698924931115,0.20845889689806385,0.09729393427325242,15.000000000001679,0.24824741599150002,
3007,300,ok,1.6577975577946538,0.3466383885077874,-0.1211945719650529,0.0748953057298382,15.000000000001679,0.23158070800127462,
3008,300,ok,1.5860004513112835,0.4202075281367206,-0.14018979065432954,0.07574493772268004,15.000000000001679,0.26611408399185166,
3009,300,ok,1.34342411923944,0.6567066540502924,0.0187443559906455,0.10937604848208614,15.000000000001679,0.25354375000461005,
3010,300,ok,1.9594556917252695,0.041364589172260796,0.05669158038198565,0.17900521852264037,15.000000000001679,0.27360208399477415,
3011,301,ok,2.0124268237235223,-0.008069996148717232,0.1323503358863735,0.1860005009074624,15.000000000001679,0.2244037080090493,
3012,301,ok,1.5866649458217517,0.4192174110434502,-0.13649929212772366,0.0749525608676665,15.000000000001679,0.2517429169965908,
3013,301,ok,1.4162869939871376,0.5861698729064301,-0.08338597639712858,0.08559844199752752,15.000000000001679,0.31513579201418906,
3014,301,ok,1.4953918359102878,0.5070118222530391,-0.08475284074855596,0.07347959925891107,15.000000000001679,0.28800204198341817,
3015,301,ok,1.427376492952467,0.5768295372734842,0.10949651435583996,0.11504769346998302,15.000000000001679,0.25342704099603,
3016,301,ok,1.4675300244281038,0.540434351332701,0.1526842815366332,0.11292767205739218,15.000000000001679,0.24054116700426675,
3017,301,ok,2.0066339356076037,-0.004758314226757481,0.08674014682228597,0.18490189414686523,15.000000000001679,0.2601849999919068,
3018,301,ok,1.492756875000301,0.514031338147811,-0.14219783350627724,0.11623839286886167,15.000000000001679,0.2525122920051217,
3019,301,ok,1.6842935209034446,0.3198346307306563,-0.1178515866050713,0.1175452544034164,15.000000000001679,0.25728412499302067,
3020,301,ok,1.468114890647545,0.5402893533737767,0.1568635083985627,0.07618553179198424,15.000000000001679,0.23431225001695566,
3021,302,ok,1.4190468131243765,0.5876206634580801,-0.13739893575954332,0.11941215359372492,15.000000000001679,0.2568323749874253,
3022,302,ok,1.7183374237928604,0.2883892676801927,0.1518953686414983,0.19228762310012432,15.000000000001679,0.2844885840022471,
3023,302,ok,1.4576855652347218,0.5449192765406264,-0.08710508200223582,0.07600387612750256,15.000000000001679,0.22918466600822285,
3024,302,ok,1.4948071156919545,0.5093952991999869,-0.11200865625568403,0.07602751217077476,15.000000000001679,0.23484829199151136,
3025,302,ok,1.9028080943437544,0.09719190622009487,-4.632271245008799e-05,0.18580218039108198,15.000000000001679,0.27892491599777713,
3026,302,ok,1.6250416058017476,0.3846378818715324,-0.17710293024744975,0.08319653929871823,15.000000000001679,0.22822320900741033,
3027,302,ok,1.5087955302454212,0.4955485742844822,-0.11441092496395269,0.07403373656476996,15.000000000001679,0.23839483398478478,
3028,302,ok,1.3733219015541713,0.629984709634914,-0.09524258214808073,0.08093848991084383,15.000000000001679,0.2587748749938328,
3029,302,ok,1.4379546136111907,0.5661093361043681,-0.10803256360307768,0.12504792310417542,15.000000000001679,0.27040799998212606,
3030,302,ok,1.5110293452948163,0.5107350560736421,-0.2555378819942417,0.11392782890334864,15.000000000001679,0.23955983298947103,
3031,303,ok,1.6371115718884857,0.3737886413708032,-0.18860253412022385,0.07442604082390103,15.000000000001679,0.26172941699041985,
3032,303,ok,1.8056841950095464,0.2076574077007522,0.2190968825366682,0.17040885384411783,15.000000000001679,0.23030337499221787,
3033,303,ok,1.3652015163295266,0.6381887572151943,-0.09615258297800175,0.08526017909429742,15.000000000001679,0.250961833022302,
3034,303,ok,1.8997157201414507,0.1012377836238932,0.06018191601341289,0.179645036411661,15.000000000001679,0.2531618330103811,
3035,303,ok,2.0123373859802265,-0.010864765767784449,0.07697174031684567,0.18351590391835482,15.000000000001679,0.25211425000452437,
3036,303,ok,1.4829073829756765,0.5317271565239012,-0.20782002693287643,0.07549414799727627,15.000000000001679,0.2218677919881884,
3037,303,ok,1.8754177479797782,0.1270915758068909,0.09698331827704984,0.17998846380252953,15.000000000001679,0.2736823339946568,
3038,303,ok,1.572635703289899,0.4463408163085794,-0.24356969473525064,0.07645211432796703,15.000000000001679,0.3085392089851666,
3039,303,ok,1.4117593481285295,0.5957747047993736,0.14565636734109524,0.09780467996600144,15.000000000001679,0.2967980420216918,
3040,303,ok,1.3337033725436847,0.6669753200094555,0.042542784000402296,0.11385124081174589,15.000000000001679,0.25399458399624564,
3041,304,ok,1.402870592292334,0.597129484085305,-0.00046292103129736236,0.12789200065209527,15.000000000001679,0.24803629200323485,
3042,304,ok,1.4728130595608804,0.52747691232171,-0.029224384809205823,0.1260296741974818,15.000000000001679,0.3528086250007618,
3043,304,ok,1.3980627039315445,0.6022368535349099,-0.028939773813778987,0.08938619744575141,15.000000000001679,0.23300991699215956,
3044,304,ok,1.6637098074326775,0.3437670762277258,-0.15755261203934756,0.0863504034814089,15.000000000001679,0.31104975001653656,
3045,304,ok,1.9484602782796199,0.057223568979956764,0.14871850962982638,0.1741309206845967,15.000000000001679,0.305081667000195,
3046,304,ok,1.3629432864281674,0.6371195759690859,-0.013090141822360386,0.08577952053403885,15.000000000001679,0.28829808402224444,
3047,304,ok,1.9561875831379796,0.049032764538597506,0.14281703882696417,0.18370212174867748,15.000000000001679,0.362288082978921,
3048,304,ok,1.7330118146783084,0.26721012477932876,0.027734421705420613,0.18563860707125743,15.000000000001679,0.30282270797761157,
3049,304,ok,1.375313957546957,0.6258186708913868,0.05580462841698986,0.10797436952508749,15.000000000001679,0.3243143330037128,
3050,304,ok,1.362449329292314,0.6377408296381603,0.022762417581378227,0.1083095922509965,15.000000000001679,0.29119087499566376,
3051,305,ok,1.491023244401011,0.5124570589558286,-0.10181509659070141,0.1181538618823026,15.000000000001679,0.22997470799600706,
3052,305,ok,1.5922110426498863,0.416032355537901,0.16181009125956225,0.09957130797275383,15.000000000001679,0.2207472079899162,
3053,305,ok,1.427313540324933,0.5748386026846934,-0.07835134968318702,0.11659119649666327,15.000000000001679,0.2823123339912854,
3054,305,ok,1.520255217880392,0.488233653151633,-0.16043204177875722,0.07549745125727655,15.000000000001679,0.27092595797148533,
3055,305,ok,1.8702277078010372,0.1305656197795845,-0.054468128998832036,0.14135310435924536,15.000000000001679,0.22355395799968392,
3056,305,ok,1.4582999874301508,0.5434186460638819,-0.07077861756493091,0.08659519353478902,15.000000000001679,0.2682843749935273,
3057,305,ok,1.5627626337914344,0.4393714633171961,-0.08164324874740617,0.11930353064459245,15.000000000001679,0.26935816698824055,
3058,305,ok,1.6051720634901006,0.4225505262243885,-0.29703621175559336,0.07473109521099654,15.000000000001679,0.22514004100230522,
3059,305,ok,1.8691953806858297,0.13243044883051633,0.07794448487133372,0.1755174638241142,15.000000000001679,0.20747520800796337,
3060,305,ok,1.8680804354517047,0.13477414098319015,0.10323278632505563,0.15229449040598814,15.000000000001679,0.26161958297598176,
3061,306,ok,1.5017216150234451,0.5027914109734253,-0.11633679544184743,0.07481906447780544,15.000000000001679,0.21593358300742693,
3062,306,ok,1.824218356870636,0.1770664880780798,0.06845454444971047,0.18893160070516704,15.000000000001679,0.2539796250057407,
3063,306,ok,1.919818807052043,0.08179880709638404,-0.07879362571854391,0.08715898710829079,15.000000000001679,0.27295470802346244,
3064,306,ok,1.4995749665675575,0.5067353945398352,-0.13742597438617396,0.07561839525496261,15.000000000001679,0.21426208299817517,
3065,306,ok,1.541045757485433,0.469881531877832,-0.18319252215994455,0.07551475546991417,15.000000000001679,0.2621857500053011,
3066,306,ok,1.4999590235222555,0.509758143150655,-0.17045902833248489,0.07991560404330006,15.000000000001679,0.23244420799892396,
3067,306,ok,1.4517239232825023,0.5574848426324278,-0.16325553649279198,0.077251512208584,15.000000000001679,0.2529368340037763,
3068,306,ok,1.9518690056781707,0.054591696994920454,-0.15867939351405305,0.08567215446739622,15.000000000001679,0.24830950002069585,
3069,306,ok,1.3976054592781446,0.6037125262311998,-0.060682043475935234,0.08310584389432543,15.000000000001679,0.2879708750115242,
3070,306,ok,1.4380952368663686,0.5688699901167091,-0.14136762397801242,0.12139571464899747,15.000000000001679,0.24701187500613742,
3071,307,ok,1.376754962295445,0.6232450843693207,0.0003584576584176602,0.11031337242196239,15.000000000001679,0.27760591701371595,
3072,307,ok,2.0598971049151604,-0.05515377119130594,0.13971062807106502,0.18644606693709967,15.000000000001679,0.2917657920042984,
3073,307,ok,1.9361545307445367,0.06488933762475722,0.06356957829218103,0.18537301050094002,15.000000000001679,0.24397270800545812,
3074,307,ok,1.4396844632164916,0.5671788210329987,0.14040948233851452,0.11512582255902659,15.000000000001679,0.29321137501392514,
3075,307,ok,1.830439765013022,0.17598335771599222,0.15320907940426115,0.18340074749072244,15.000000000001679,0.26920720798079856,
3076,307,ok,1.3377259585308472,0.662475256114072,0.023201284881574035,0.11969460791366805,15.000000000001679,0.31281224999111146,
3077,307,ok,1.9568026526546654,0.04732718561401257,0.12706494951103334,0.18442796918780618,15.000000000001679,0.24158362500020303,
3078,307,ok,1.4053702151253353,0.5946308523637814,-0.001732175995596159,0.11172657437588121,15.000000000001679,0.19493016600608826,
3079,307,ok,1.5131424084680307,0.4956255932461654,0.16265790054123133,0.07755145616259441,15.000000000001679,0.21998808399075642,
3080,307,ok,1.442599128507225,0.5681334511099455,-0.17564290973304367,0.1245141605692588,15.000000000001679,0.23514599999180064,
3081,308,ok,1.4951751203051373,0.5052281575591206,-0.03472433477232744,0.07797188972928992,15.000000000001679,0.22415608298615552,
3082,308,ok,1.9670059066302645,0.03869130978410585,0.1496009973294407,0.18542890022533304,15.000000000001679,0.24240883300080895,
3083,308,ok,1.4435842361140185,0.5622472009147689,-0.12962382296274824,0.0761522532039272,15.000000000001679,0.2211712500138674,
3084,308,ok,2.0310335771593118,-0.022931223739842566,0.18123646312751907,0.18755766524555392,15.000000000001679,0.23774024998419918,
3085,308,ok,1.5125968202820534,0.49925516837443856,-0.18898172154085216,0.07608359363782434,15.000000000001679,0.22091508301673457,
3086,308,ok,1.5178346078862182,0.4863676835322664,-0.1128676545412032,0.07295968122706102,15.000000000001679,0.20731579101993702,
3087,308,ok,1.4120400220149754,0.589185995471791,-0.05882914583036455,0.12163347587843718,15.000000000001679,0.21537587500642985,
3088,308,ok,1.671701137990151,0.34673521452024275,-0.24758886051302387,0.07363664715645532,15.000000000001679,0.22967637502006255,
3089,308,ok,1.3389557224808488,0.6633320152967376,0.07823762159940213,0.11193899057532733,15.000000000001679,0.22062608299893327,
3090,308,ok,1.9686747735667793,0.033789749640737755,-0.09847647160808534,0.07316567433585737,15.000000000001679,0.2550989169976674,
3091,309,ok,1.8670209190404277,0.1330826506209127,-0.01966526689181341,0.16297184457859643,15.000000000001679,0.24000037502264604,
3092,309,ok,1.5250970270569768,0.4848275595682369,-0.17370497314148586,0.12789048484639925,15.000000000001679,0.21379204202094115,
3093,309,ok,1.4464519976830363,0.5535730718700731,-0.00851605436044931,0.11947486479363369,15.000000000001679,0.1895544579892885,
3094,309,ok,2.01922814026876,-0.017482334084990628,0.08394828234224815,0.18557109927431764,15.000000000001679,0.21869533299468458,
3095,309,ok,1.7423641099739458,0.2698201269061503,-0.20569467291655877,0.07273591433610041,15.000000000001679,0.23418129197671078,
3096,309,ok,1.8636377734636125,0.1364514341102134,-0.018234397454577486,0.14301580047871357,15.000000000001679,0.24459545899298973,
3097,309,ok,1.9743994841778267,0.025644046197062502,-0.013110713350559277,0.18651257342979585,15.000000000001679,0.27848362500662915,
3098,309,ok,1.3976236834932265,0.6034654143225265,0.05516440580502587,0.10610445337766171,15.000000000001679,0.21440108300885186,
3099,309,ok,1.393505905739847,0.6068528658118153,0.03161916879171927,0.07893028063610404,15.000000000001679,0.2386317920172587,
3100,309,ok,1.9748231290447136,0.027118884774687785,0.08755853012289308,0.18610756952843616,15.000000000001679,0.3080212500062771,
3101,310,ok,1.4614569358795035,0.5494411191821781,0.17814406729064985,0.11112218917941662,15.000000000001679,0.2622442079882603,
3102,310,ok,2.0783307178175154,-0.07513323124857302,-0.11524168165957215,0.07877424213105019,15.000000000001679,0.22061004099668935,
3103,310,ok,1.3476403689250365,0.6528562327526382,0.03658188517550579,0.12920702725029337,15.000000000001679,0.23205462499754503,
3104,310,ok,1.87779937704331,0.12278335406752727,-0.046777822290916905,0.14271379086886912,15.000000000001679,0.2437482500099577,
3105,310,ok,1.5701824069603105,0.4365055865155613,-0.1447688161539818,0.07735443167074253,15.000000000001679,0.24083875000360422,
3106,310,ok,1.449549021176461,0.5552126495383974,0.11739623818409925,0.0883680654923143,15.000000000001679,0.21128200000384822,
3107,310,ok,1.9700242541129303,0.029983193239272978,0.005416906264179989,0.18502225192269459,15.000000000001679,0.289754166995408,
3108,310,ok,2.0222030173902947,-0.019589766496010703,0.10277265495744417,0.1828259012062131,15.000000000001679,0.25806037499569356,
3109,310,ok,1.9815090206061152,0.021250953705000443,0.1045476471759921,0.18431001919387358,15.000000000001679,0.26527020797948353,
3110,310,ok,1.5383513860695237,0.4716640253772796,-0.17525448837631363,0.07542762234802619,15.000000000001679,0.2320917499891948,
3111,311,ok,1.5191601716231402,0.48279159955334794,0.0769824438437817,0.09670765569889606,15.000000000001679,0.21933837499818765,
3112,311,ok,1.6827331771047114,0.31988501982432427,-0.09383282324541217,0.12983898582562192,15.000000000001679,0.24936029099626467,
3113,311,ok,1.961604942539762,0.049836703640664115,-0.21155866356477118,0.08241285590383589,15.000000000001679,0.2537044160126243,
3114,311,ok,1.5174222961569837,0.4940081822597492,-0.185900698690852,0.0754778589331749,15.000000000001679,0.20063249999657273,
3115,311,ok,1.915995996152613,0.09705165579505011,0.22322243740377687,0.17572590619582315,15.000000000001679,0.19033987500006333,
3116,311,ok,1.445487538779829,0.558414947460818,0.10614500018075049,0.11848401555595015,15.000000000001679,0.21494120900752023,
3117,311,ok,2.008737365150391,-0.0083551624716226,0.03918345983850242,0.184629426188948,15.000000000001679,0.20363649999490008,
3118,311,ok,1.5807271884291714,0.4193425024368374,-0.01484316800933267,0.09694613121650772,15.000000000001679,0.20453945800545625,
3119,311,ok,1.3928251399891356,0.6089254364743145,0.0698099512790192,0.12442456596163835,15.000000000001679,0.2128479169914499,
3120,311,ok,1.48556661284047,0.5269996421358225,0.192816251696562,0.0964006719280546,15.000000000001679,0.22749970798031427,
3121,312,ok,1.4877187406065338,0.5123627025427405,-0.015566706972008142,0.12907522864212517,15.000000000001679,0.22137149999616668,
3122,312,ok,1.442809706484479,0.5658311182363026,-0.1576688545861049,0.07533328032874831,15.000000000001679,0.19682924999506213,
3123,312,ok,1.6709283667915587,0.3344055821608389,-0.13340480580448374,0.1126489211455547,15.000000000001679,0.2281634589890018,
3124,312,ok,1.8545204654702443,0.14550441413232396,-0.009606187863869,0.1855544346252464,15.000000000001679,0.20858849998330697,
3125,312,ok,2.0378287215805435,-0.036993153096221365,0.0583506018624078,0.18540654262156306,15.000000000001679,0.23286520899273455,
3126,312,ok,1.9382831383010806,0.06741835370284105,-0.14855875813175157,0.07330400464170077,15.000000000001679,0.21812804200453684,
3127,312,ok,2.0328964002026515,-0.030944494569111438,-0.08906308964052494,0.07614311168661081,15.000000000001679,0.2291758340143133,
3128,312,ok,1.5008982296837798,0.5050187121979647,-0.1331406962189733,0.07600538473253989,15.000000000001679,0.20798074998310767,
3129,312,ok,1.36183796108102,0.639250925164495,-0.05444802637035415,0.11090918559548386,15.000000000001679,0.25612700000056066,
3130,312,ok,1.9116648181881473,0.08888566700206534,0.04587355783216192,0.18888110066983402,15.000000000001679,0.20620895799947903,
3131,313,ok,1.3607606667074639,0.6426534670169148,-0.09633266038546033,0.1032975015464863,15.000000000001679,0.2327950419858098,
3132,313,ok,1.961161921283137,0.03942552450606779,0.047997995089978644,0.1824778361519893,15.000000000001679,0.23284133299603127,
3133,313,ok,1.4851739290171546,0.5191942006711444,-0.11382347783423696,0.11892684161796255,15.000000000001679,0.22892229101853445,
3134,313,ok,1.3538724724043998,0.6507184234115172,0.11139972447587464,0.11750751729885459,15.000000000001679,0.240530665992992,
3135,313,ok,1.814947175453454,0.18608152735794753,0.06109848029529524,0.18217341538073942,15.000000000001679,0.22500737500377,
3136,313,ok,1.9393155362036882,0.06460541876093472,0.12325811888659265,0.18561912231321082,15.000000000001679,0.23006937498576008,
3137,313,ok,1.9594523243486985,0.05301035060981444,-0.22064613425800167,0.07380667423002463,15.000000000001679,0.21429787497618236,
3138,313,ok,1.3751296453250503,0.6312062492763894,-0.131852984159589,0.09308102810643193,15.000000000001679,0.23627416702220216,
3139,313,ok,1.3805846658806558,0.6223282373150241,0.08963556194543142,0.11257128891597558,15.000000000001679,0.24079508299473673,
3140,313,ok,1.6397306151991393,0.3796694306133373,-0.25148625475846836,0.0802746626435611,15.000000000001679,0.2119059590040706,
3141,314,ok,1.37566687148757,0.6244678760084139,0.019254017128756608,0.088525839865879,15.000000000001679,0.20841504097916186,
3142,314,ok,1.9786702699899374,0.02785278694948283,-0.16053475448989288,0.07271456911536893,15.000000000001679,0.22408408299088478,
3143,314,ok,1.3446660006646871,0.6553846824792938,-0.011674811872334807,0.12527982880724886,15.000000000001679,0.23112112501985393,
3144,314,ok,1.466966222253605,0.5377453157244658,-0.11747823435543706,0.07312281089463264,15.000000000001679,0.20123395801056176,
3145,314,ok,1.546590700361574,0.45379984460923783,-0.03475448049513278,0.09812009330980487,15.000000000001679,0.22957462500198744,
3146,314,ok,1.4255588213769599,0.5745279390170004,-0.015727573320330264,0.07458949500453456,15.000000000001679,0.2035967500123661,
3147,314,ok,1.6452741750381439,0.36427270642253573,-0.1769839882395827,0.08523134274895264,15.000000000001679,0.21960720801143907,
3148,314,ok,1.9441589257217746,0.0600718895097793,-0.12819069620486112,0.0738606463373637,15.000000000001679,0.22565199999371544,
3149,314,ok,1.4564614114700905,0.5493822055300175,-0.1303374753035051,0.11853422973610882,15.000000000001679,0.20327258299221285,
3150,314,ok,1.4709425244188323,0.5310895416408417,-0.07729149672981182,0.12190364801340475,15.000000000001679,0.2160114999860525,
3151,315,ok,1.8797471808759534,0.1364554913289288,0.2462749037417146,0.16955144734927535,15.000000000001679,0.23716225000680424,
3152,315,ok,1.5373186963612324,0.463656098556736,-0.05473747052878556,0.11416482860051627,15.000000000001679,0.23091870799544267,
3153,315,ok,1.82232780196185,0.2015611879740112,-0.29410280039750997,0.07890836620317893,15.000000000001679,0.22037158298189752,
3154,315,ok,1.9024333269079798,0.0984578279710597,-0.058223116763226834,0.13429516508488673,15.000000000001679,0.22788533300627023,
3155,315,ok,1.5373550407255414,0.46984897434508505,-0.1486551712233479,0.07587174957066559,15.000000000001679,0.2469795829965733,
3156,315,ok,1.7143375059320538,0.29606474518762166,-0.18856757847734548,0.08181807514270525,15.000000000001679,0.21367979201022536,
3157,315,ok,1.4636829584921898,0.5427295265714084,-0.13685967358450474,0.10651507480005144,15.000000000001679,0.2430135419999715,
3158,315,ok,1.7420546897624631,0.2671090881588559,-0.1784478349035371,0.14943671663909924,15.000000000001679,0.18642358301440254,
3159,315,ok,1.420533823473394,0.5833283897848557,-0.10467995243775195,0.07463044857385126,15.000000000001679,0.20621841700631194,
3160,315,ok,2.0538591765736607,-0.049889195965970606,-0.12763934134044702,0.07954871696492896,15.000000000001679,0.23855658300453797,
3161,316,ok,1.958256906328656,0.04329139854646576,0.07785602212823742,0.18561062670567863,15.000000000001679,0.21990545801236294,
3162,316,ok,1.7002664428268977,0.3234120094462954,-0.2827696704640063,0.11665455418088772,15.000000000001679,0.20158766701933928,
3163,316,ok,1.9539201395740762,0.047149579167586816,0.06464631225247246,0.18723536430393536,15.000000000001679,0.2069260409916751,
3164,316,ok,1.403632526298335,0.5968143470458775,-0.03541598828720125,0.09909258092364467,15.000000000001679,0.2165470410254784,
3165,316,ok,1.49378842800635,0.5211271858029725,-0.21056843798310906,0.09027471424549768,15.000000000001679,0.21632720899651758,
3166,316,ok,1.5705628467024892,0.42948945775868896,-0.012817649984694795,0.07489331128849422,15.000000000001679,0.21028574998490512,
3167,316,ok,1.7850810923366502,0.21828592826638474,-0.10958774020952357,0.11361262429420314,15.000000000001679,0.23651787501876242,
3168,316,ok,1.5023487116540701,0.5112487777745706,-0.20167163839006913,0.10376816805287085,15.000000000001679,0.2102831249940209,
3169,316,ok,1.474370583924452,0.5258519062511561,0.02561281785317454,0.10410900145766386,15.000000000001679,0.22532958298688754,
3170,316,ok,1.5056671546583953,0.4978338104413387,-0.10261734533654791,0.1284835456350637,15.000000000001679,0.2041237090015784,
3171,317,ok,1.4643171310331,0.5386161921832082,-0.09263922758693048,0.11776943110803646,15.000000000001679,0.19143637499655597,
3172,317,ok,1.4918965440169811,0.5103270295786193,-0.0814232107310471,0.10797605922839157,15.000000000001679,0.22947816699161194,
3173,317,ok,1.6774463278636231,0.3262913000909655,-0.11191680263465123,0.10349605747608383,15.000000000001679,0.24081870800000615,
3174,317,ok,1.9452845725862469,0.06237815309661576,-0.17249245416763934,0.10064482881803397,15.000000000001679,0.23558133299229667,
3175,317,ok,1.5702223924694925,0.4422017371545704,-0.19713684102262072,0.08805107225627723,15.000000000001679,0.24858629200025462,
3176,317,ok,1.779930152677779,0.23670832979371054,0.2428041066223053,0.1853838488284907,15.000000000001679,0.28520529199158773,
3177,317,ok,1.3802486389750355,0.621559748119858,0.07063127769656231,0.12733016614533096,15.000000000001679,0.23881299997447059,
3178,317,ok,1.691578595494593,0.3127435065338525,-0.120845645315749,0.10759367962341891,15.000000000001679,0.24418141698697582,
3179,317,ok,1.696738123126996,0.3139852287952308,-0.19045852501752342,0.07550042084242861,15.000000000001679,0.2438552080129739,
3180,317,ok,1.5660450098104408,0.4443178654708165,-0.17986124946443208,0.12218673416069802,15.000000000001679,0.27581162500428036,
3181,318,ok,1.348016920778532,0.6529927824133996,-0.052164877789946475,0.07955370782788662,15.000000000001679,0.24043670899118297,
3182,318,ok,1.9751411106361962,0.027030615383899403,0.09259705336970694,0.18703542665880185,15.000000000001679,0.26042412500828505,
3183,318,ok,1.4912391893369132,0.5161279011817657,-0.14804699984458622,0.07656155523218126,15.000000000001679,0.23063474998343736,
3184,318,ok,1.9405638623843053,0.06834033254582605,0.18568530669582542,0.18045677482635913,15.000000000001679,0.22617137501947582,
3185,318,ok,1.4601532769242447,0.5512107672311717,0.1818168064996191,0.09836108756733783,15.000000000001679,0.223772708006436,
3186,318,ok,1.4664011530352659,0.5338545963520587,-0.0273860728322397,0.1018115695456236,15.000000000001679,0.2666219169914257,
3187,318,ok,2.0081664257761918,-0.003640715832663145,0.13474522430237565,0.18546277959112892,15.000000000001679,0.267938208009582,
3188,318,ok,1.9766538174755135,0.023419835539723415,0.017063633924420524,0.183260937884353,15.000000000001679,0.27206087499507703,
3189,318,ok,1.6984097375991893,0.30177719931949143,-0.025198333686926307,0.0802897339952563,15.000000000001679,0.24552200001198798,
3190,318,ok,1.8608109360443184,0.14631091585785544,-0.1626472226457919,0.07486410485596226,15.000000000001679,0.21957016599480994,
3191,319,ok,1.4920413838281799,0.5090516333030464,0.05710042819100218,0.09489605273345009,15.000000000001679,0.20475654199253768,
3192,319,ok,1.8839968072180493,0.11852572097003213,0.09746028399541073,0.18745822362902037,15.000000000001679,0.22393145799287595,
3193,319,ok,1.377639262594871,0.6306767641575818,-0.1511417004833197,0.0764468960241463,15.000000000001679,0.2646429999731481,
3194,319,ok,1.452799747460068,0.5496412967244978,-0.08418276577210312,0.08019092966487694,15.000000000001679,0.2839507080207113,
3195,319,ok,1.9486914441237901,0.0521219141424421,0.05629659880630845,0.18645914391739982,15.000000000001679,0.33328620801330544,
3196,319,ok,1.466865061337277,0.533232242611931,-0.016895385724738102,0.13248436777276135,15.000000000001679,0.2525537500041537,
3197,319,ok,1.7195182255839951,0.28375923610785386,-0.10611582573035029,0.14389992393654882,15.000000000001679,0.2611624999844935,
3198,319,ok,1.4176576627267543,0.5830956737499008,-0.046210160588735186,0.10597743940069845,15.000000000001679,0.23847779200877994,
3199,319,ok,1.6580398666906389,0.36167740300060963,-0.25494169470034583,0.0792333684197985,15.000000000001679,0.26814841700252146,
3200,319,ok,1.3656648815461423,0.6366498385108664,0.07947896486487648,0.07370523678572878,15.000000000001679,0.25789112501661293,
3201,320,ok,1.3756385410188718,0.6254339137449888,0.05430902368954233,0.0989426898361449,15.000000000001679,0.24859924998600036,
3202,320,ok,1.9246733012905177,0.09034552140644432,-0.23997310075947118,0.0821162407584037,15.000000000001679,0.24684487501508556,
3203,320,ok,1.4843566828221497,0.5425821432732131,-0.28151012900546835,0.11707750701180943,15.000000000001679,0.23390091699548066,
3204,320,ok,1.4445771687958628,0.5564945002917516,-0.05563334358377928,0.13210703706361154,15.000000000001679,0.1933593339927029,
3205,320,ok,1.389546950974121,0.6257336870380955,0.20550627732400073,0.07919869851125803,15.000000000001679,0.24462429099367,
3206,320,ok,1.4351823931668153,0.5696407707971806,-0.11756265176638084,0.07874241318457983,15.000000000001679,0.23109404201386496,
3207,320,ok,1.8566348753729367,0.1486529576784107,-0.14002567385370282,0.15022547469548783,15.000000000001679,0.2044550410064403,
3208,320,ok,1.9081088824793186,0.09376811391393937,0.08461385149758038,0.18312535883934122,15.000000000001679,0.21443720799288712,
3209,320,ok,1.3772282086917331,0.6286045029593306,-0.1266172559835953,0.12418128396491801,15.000000000001679,0.2355756670003757,
3210,320,ok,1.4065863298004222,0.5935732647994438,-0.02118824425303992,0.08772249622517485,15.000000000001679,0.2416558749973774,
3211,321,ok,1.368957542159139,0.6383619393580293,0.1413737742495538,0.12375932264716093,15.000000000001679,0.22360733299865387,
3212,321,ok,1.4893292665966438,0.5110251986083278,-0.032491616794607124,0.13041630094436962,15.000000000001679,0.24680141601129435,
3213,321,ok,1.52351671945221,0.4949567188008279,0.2365331185429505,0.10252386928722626,15.000000000001679,0.21142333399620838,
3214,321,ok,1.9742864475372854,0.028860162896577994,0.11142136022006287,0.17949553425524348,15.000000000001679,0.21490875000017695,
3215,321,ok,1.3474929663721447,0.6525076944383149,0.0013344940823267768,0.10628315543960158,15.000000000001679,0.27227945800404996,
3216,321,ok,1.5183390572993678,0.48601390255649585,-0.1148894671783321,0.11814930506012866,15.000000000001679,0.24626891600200906,
3217,321,ok,1.6000352445115158,0.4068581822253594,-0.14836418751417105,0.1302202079889703,15.000000000001679,0.19599808400380425,
3218,321,ok,1.3766169286070478,0.6251384107532735,-0.06949660812922216,0.10540312194106985,15.000000000001679,0.21251637500245124,
3219,321,ok,1.6284365002632588,0.37712772230227787,-0.1345028091522904,0.08239611432093291,15.000000000001679,0.24577170799602754,
3220,321,ok,1.9756593724622242,0.028625366477794338,0.13004618526899983,0.18340914743088554,15.000000000001679,0.25632729099015705,
3221,322,ok,1.9203937541386993,0.07964541535643345,-0.012265405552288264,0.10200398620533972,15.000000000001679,0.21998725002049468,
3222,322,ok,1.4524352664359197,0.5483078241822018,-0.04645459994627285,0.07715812591890155,15.000000000001679,0.21200241698534228,
3223,322,ok,1.4769079515924852,0.5231120369186657,-0.0076838780949166465,0.1180920707323017,15.000000000001679,0.31198216701159254,
3224,322,ok,1.3704851175526724,0.6300505136405545,0.038312690545748034,0.10575263375892069,15.000000000001679,0.19838404201436788,
3225,322,ok,1.9594321897352585,0.04614915214432326,-0.14778826240389872,0.07320964142503407,15.000000000001679,0.22334799999953248,
3226,322,ok,1.6741830697917783,0.3408976166889839,-0.22420578241679784,0.0943503878823702,15.000000000001679,0.2397443329973612,
3227,322,ok,1.4636974050321998,0.5434354649254384,-0.14432549553360766,0.07573612130732646,15.000000000001679,0.2466508340148721,
3228,322,ok,1.4148353024434277,0.5934001872218448,-0.15243326320932932,0.10859131721885631,15.000000000001679,0.23229499999433756,
3229,322,ok,1.4261644098448234,0.5740746061182149,-0.026109289364318482,0.07786177898985815,15.000000000001679,0.20326695899711922,
3230,322,ok,1.5198857028911774,0.48011547720098235,0.001893992875049364,0.0958468872627053,15.000000000001679,0.2438312090234831,
3231,323,ok,1.685055791220363,0.31840992789711187,-0.108017817651939,0.1412023575165507,15.000000000001679,0.20117554199532606,
3232,323,ok,1.9122581650100698,0.08774183875774083,0.00012004188246143868,0.13945231298079175,15.000000000001679,0.22090666700387374,
3233,323,ok,1.4016592008179587,0.6060935120031623,-0.14721826638688731,0.07601583065392419,15.000000000001679,0.20981537501211278,
3234,323,ok,1.968716082883539,0.03281193761583168,0.07755090081699649,0.18632764767215176,15.000000000001679,0.2639607079909183,
3235,323,ok,1.371664937396917,0.631275634568055,0.08976810099922954,0.10644436029467026,15.000000000001679,0.1922445000091102,
3236,323,ok,2.0088267226475383,-0.0043070878272713576,0.13467701848575533,0.18290655343472736,15.000000000001679,0.23094737497740425,
3237,323,ok,1.5268063196573736,0.47957612575841335,-0.13945888419852373,0.12225300887961155,15.000000000001679,0.2148286250012461,
3238,323,ok,1.5591039821352748,0.4470804692593553,-0.13873052351349036,0.1358489156515194,15.000000000001679,0.22916262500802986,
3239,323,ok,1.4597365515331695,0.5483390179572004,-0.15333360067670967,0.07947062238981385,15.000000000001679,0.2412295000103768,
3240,323,ok,1.4376635065919914,0.5623448838993583,-0.004911754883081352,0.11425987703446779,15.000000000001679,0.2344032090040855,
3241,324,ok,1.9490372887938656,0.0511720402938217,0.028564603557486835,0.17853186242312138,15.000000000001679,0.20952212502015755,
3242,324,ok,1.4905693422280153,0.5165831125465806,0.14584684435416306,0.08660131374912432,15.000000000001679,0.22632233399781398,
3243,324,ok,2.005341633805149,-0.0007928781983140106,-0.13499232134906397,0.07383535314929925,15.000000000001679,0.25036512498627417,
3244,324,ok,1.9747038783296158,0.028767001257944187,0.1170293628130496,0.18779529808250367,15.000000000001679,0.2520061249961145,
3245,324,ok,1.4421034428552926,0.5611674394302049,0.09707318135950244,0.1201753459514395,15.000000000001679,0.3084138330013957,
3246,324,ok,1.9198295673745323,0.08036793031333402,0.027536971437878477,0.1859309309763051,15.000000000001679,0.2063939160143491,
3247,324,ok,1.5667666912947178,0.44103640980529407,-0.15617422770044534,0.07835740642345619,15.000000000001679,0.21521799999754876,
3248,324,ok,1.882558000358158,0.11803583738616895,-0.04728123676182359,0.18871378196642855,15.000000000001679,0.23579700000118464,
3249,324,ok,1.8908508288964971,0.11466545819786189,-0.14432783039418406,0.07445953460695999,15.000000000001679,0.23236891700071283,
3250,324,ok,1.6227243786443573,0.38541332803759626,-0.1623092350055412,0.10097727864419292,15.000000000001679,0.20780666600330733,
3251,325,ok,1.7810549750108382,0.2206095278216045,-0.07698293013132355,0.14271038494227728,15.000000000001679,0.21426379200420342,
3252,325,ok,1.8831293779978773,0.11853928800153238,-0.07925808151155056,0.13047505802093384,15.000000000001679,0.22831279202364385,
3253,325,ok,1.4521069582661763,0.5529566315095028,-0.12116149533875302,0.0753779162538196,15.000000000001679,0.21534958298434503,
3254,325,ok,1.790980392103346,0.21031297317233572,0.06805226596822707,0.1918655072426043,15.000000000001679,0.23996649999753572,
3255,325,ok,1.378944416308594,0.6262322563235907,0.11937290187842697,0.12412297307434704,15.000000000001679,0.20578595797996968,
3256,325,ok,1.901759771386772,0.10143227072316754,-0.11013993559867372,0.14281714779949545,15.000000000001679,0.21181704199989326,
3257,325,ok,1.9212739091180757,0.08033673916635216,-0.0786536640175004,0.18355983991389094,15.000000000001679,0.22492087501450442,
3258,325,ok,2.044422868622568,-0.03699468851348851,-0.17411922557479564,0.07747642119661693,15.000000000001679,0.22161400000914,
3259,325,ok,1.348882152234886,0.6526278846803882,0.0638078637549734,0.11146314785789564,15.000000000001679,0.21047429199097678,
3260,325,ok,1.41439414721981,0.588246178421619,-0.0863825847523139,0.12065941153604932,15.000000000001679,0.22017600000253879,
3261,326,ok,1.806349967974582,0.20389372673311368,-0.19210013517202437,0.10498520208548189,15.000000000001679,0.2124569160223473,
3262,326,ok,1.3879723632214256,0.6127576329204817,0.045009954966465315,0.12209398704843921,15.000000000001679,0.21223912501591258,
3263,326,ok,1.4854998719091042,0.5170053036216512,-0.08623572319899524,0.12431781953063901,15.000000000001679,0.22278891698806547,
3264,326,ok,2.0713189225805237,-0.06388096743037806,0.17537796702775577,0.18471074631893492,15.000000000001679,0.22599541701492853,
3265,326,ok,1.3964675650310228,0.6035331480995306,-0.0014112855365348636,0.0996404554851205,15.000000000001679,0.23708229197654873,
3266,326,ok,1.9050113676055835,0.09701694020666382,-0.08788506611528621,0.0792426044297138,15.000000000001679,0.29344295800547116,
3267,326,ok,1.8620600485449108,0.1444301931806427,0.15533292119653422,0.15038613196431025,15.000000000001679,0.22405370901105925,
3268,326,ok,1.9168417062511525,0.08401599327481801,-0.057335964255839915,0.18708695265258318,15.000000000001679,0.20875304099172354,
3269,326,ok,1.4779660329493371,0.5298051677578715,-0.1513629736776487,0.07648555311401148,15.000000000001679,0.226363499998115,
3270,326,ok,1.5241252156020981,0.482803426800495,-0.1451627745181964,0.12549712564889237,15.000000000001679,0.22612137501710095,
3271,327,ok,1.5781031133534613,0.4462564483520993,-0.2762071905082397,0.09232474516885482,15.000000000001679,0.2518939579895232,
3272,327,ok,1.465621082238175,0.5466368488110968,-0.18915789031193178,0.07544411760823976,15.000000000001679,0.2234102500078734,
3273,327,ok,2.0745675589320838,-0.07346547944582509,-0.06761258847226245,0.07413916071241361,15.000000000001679,0.25857641600305215,
3274,327,ok,1.990175582625242,0.010902905736476155,0.06551029896228855,0.18467175677875972,15.000000000001679,0.27094916702480987,
3275,327,ok,1.9542926677069765,0.059427709442999584,-0.23116880450356606,0.07215321503189055,15.000000000001679,0.31598079099785537,
3276,327,ok,1.3669119537536074,0.6336581303586657,-0.03947384677893805,0.11685276923309085,15.000000000001679,0.21931404201313853,
3277,327,ok,1.9931703979285464,0.030180645053644685,-0.3042037870529637,0.09554058488033634,15.000000000001679,0.21372833399800584,
3278,327,ok,1.5378402161122122,0.46220419762463627,0.011687621176572469,0.07953805135499072,15.000000000001679,0.22925604198826477,
3279,327,ok,1.8015822157686454,0.22152348141579922,0.2876104188281133,0.18360604527047994,15.000000000001679,0.2762456659984309,
3280,327,ok,1.9527034702293098,0.04884313368554037,0.07770280354998403,0.18224242065763682,15.000000000001679,0.3546278750000056,
3281,328,ok,1.8693578815602843,0.1306626613955541,-0.008763780622620135,0.18419971139333094,15.000000000001679,0.26325508300215006,
3282,328,ok,1.4076467871923322,0.5970424911657956,0.11480290021867222,0.09890756487441671,15.000000000001679,0.21639462499297224,
3283,328,ok,1.921217552601691,0.08122529760555489,-0.09685311495218034,0.1124361054673247,15.000000000001679,0.23165545801748522,
3284,328,ok,1.4640453801953393,0.5413639341140855,-0.12573663972039828,0.13068358514779582,15.000000000001679,0.23856445800629444,
3285,328,ok,1.9349037088912273,0.0657849231571113,0.05161781857736428,0.1828034946564162,15.000000000001679,0.2219149160082452,
3286,328,ok,1.830209726814614,0.1771046801657804,-0.16346344255925582,0.10021399481835187,15.000000000001679,0.2535545830032788,
3287,328,ok,1.5195424445509624,0.4815768250072705,-0.05831211226592034,0.1291614369367939,15.000000000001679,0.21006562499678694,
3288,328,ok,2.041605797161979,-0.03978507878818717,0.0862036156925507,0.18780259966920004,15.000000000001679,0.2160952919803094,
3289,328,ok,1.5702782676787486,0.4315683189095415,0.07613080648416815,0.08890207769340476,15.000000000001679,0.23208095799782313,
3290,328,ok,1.9408002670182862,0.060362494285312034,0.06717159282877591,0.1509345106075488,15.000000000001679,0.2254288750118576,
3291,329,ok,1.533386464408752,0.47406585431834414,-0.1509934842129539,0.12924504958406322,15.000000000001679,0.21009008400142193,
3292,329,ok,1.828360779154217,0.17183607391662942,0.026829053595883622,0.18388959826688772,15.000000000001679,0.22498454098240472,
3293,329,ok,1.3923693823656227,0.6103554459534359,-0.08706612635205303,0.0983808236440482,15.000000000001679,0.21166308401734568,
3294,329,ok,1.8714269277948485,0.12928837776563515,-0.05173753485561038,0.14770564438685985,15.000000000001679,0.1923060420085676,
3295,329,ok,1.4122842215840523,0.5916647957411431,0.10553992126411826,0.09346655158932103,15.000000000001679,0.2056475830031559,
3296,329,ok,1.9875546325386506,0.014100196317207669,0.08108876037094921,0.18222604312558924,15.000000000001679,0.23725691699655727,
3297,329,ok,2.0171302054423497,-0.01190889039806471,-0.1450409681611503,0.07387538286245002,15.000000000001679,0.2078197920054663,
3298,329,ok,1.9058690559766207,0.09474023857646541,0.048188173129433756,0.18620527602196438,15.000000000001679,0.21932995799579658,
3299,329,ok,1.7121927473785743,0.29633111786883615,-0.1706351201650496,0.0853906601581981,15.000000000001679,0.19842287499341182,
3300,329,ok,1.9318671495068787,0.06951624708370448,0.0730969429596595,0.1869088812349559,15.000000000001679,0.25096866601961665,
3301,330,ok,1.5321488431217891,0.4702642885247411,-0.08595772517185653,0.1269415710806783,15.000000000001679,0.30901820899453014,
3302,330,ok,1.4271796099580807,0.5740690846577423,0.05968805367316252,0.07290627643376159,15.000000000001679,0.24226166697917506,
3303,330,ok,1.5164454695652638,0.4855231569370434,-0.07724476675525821,0.07490339875973272,15.000000000001679,0.20503279200056568,
3304,330,ok,1.5774498702481952,0.4330085597718395,-0.18134475288169633,0.07491985227350223,15.000000000001679,0.23156541600474156,
3305,330,ok,1.7466652962078497,0.25543192557001926,-0.08556804693648708,0.1413754219275233,15.000000000001679,0.2351787080115173,
3306,330,ok,1.8583067601989578,0.15617739734408143,0.2315647316330837,0.18926353532083695,15.000000000001679,0.2766375000064727,
3307,330,ok,1.9094384520256646,0.09164152568146469,0.06421164669122355,0.1472702459983484,15.000000000001679,0.3298095840145834,
3308,330,ok,1.415097902189702,0.5894626106530717,-0.11351804277755982,0.10479278533291399,15.000000000001679,0.23147420899476856,
3309,330,ok,1.9426395765869975,0.06315023086702885,0.14987159948324227,0.18736387674226596,15.000000000001679,0.24206995801068842,
3310,330,ok,1.947478326424398,0.06391355247368961,-0.21033568312990772,0.09067453726893095,15.000000000001679,0.254555249994155,
3311,331,ok,1.975907714396483,0.02557292465025231,0.0764788855657214,0.1781524378272057,15.000000000001679,0.29028416698565707,
3312,331,ok,2.074529252761157,-0.07337527643925079,-0.06918514011133663,0.07340037134112495,15.000000000001679,0.2172484170005191,
3313,331,ok,1.4973513299727053,0.5050964355161581,-0.08558234785593323,0.09716993727633048,15.000000000001679,0.23218229098711163,
3314,331,ok,1.6431893626661571,0.3587363361726565,-0.07952903481909324,0.13439065763273678,15.000000000001679,0.2426438750117086,
3315,331,ok,1.8859141280407261,0.11423691581274269,0.02386815158690988,0.1421299652891367,15.000000000001679,0.2696061249880586,
3316,331,ok,1.9765738992443092,0.026533954796968347,-0.1107977779766261,0.07409425244122522,15.000000000001679,0.27885516700916924,
3317,331,ok,1.9807370300898157,0.020245469954317023,-0.06237934860689597,0.18718299198116548,15.000000000001679,0.2270874580135569,
3318,331,ok,1.6126810460640644,0.39168118749473263,-0.11853587505869692,0.08526977149717718,15.000000000001679,0.21876879199407995,
3319,331,ok,1.9858047565617765,0.014701760577234055,0.04484898804033848,0.1782792964431737,15.000000000001679,0.2598916669958271,
3320,331,ok,1.9872142693225892,0.014901057236404707,0.09166645863219748,0.18609195473886095,15.000000000001679,0.20072545800940134,
3321,332,ok,1.4153020841203405,0.585072676652165,0.032567759504003334,0.0752020213530893,15.000000000001679,0.22689891699701548,
3322,332,ok,1.3911324434277008,0.6093249570310878,-0.03567071656890609,0.07508015649409062,15.000000000001679,0.23248095900635235,
3323,332,ok,1.8653795471170305,0.15182495708350383,-0.25276444675457266,0.10389214267709374,15.000000000001679,0.30299904200364836,
3324,332,ok,1.963532253534858,0.046267842406149916,-0.19593255741544702,0.07427110351906528,15.000000000001679,0.2086322920222301,
3325,332,ok,1.7727658051162232,0.22802088350708982,0.052807295919949385,0.18147595589646354,15.000000000001679,0.2603004590200726,
3326,332,ok,1.344152718629148,0.6562419013823895,0.03256844174525036,0.1286557015130207,15.000000000001679,0.22934441600227728,
3327,332,ok,1.4617771834009678,0.5414827158461167,-0.09756979930309967,0.07532167526272164,15.000000000001679,0.22594391700113192,
3328,332,ok,1.5018023353232677,0.5133465998825624,-0.21277199604666489,0.07527198342208288,15.000000000001679,0.25402175000635907,
3329,332,ok,1.3693659047238358,0.6342785168908028,0.09983892825017728,0.0761218132519267,15.000000000001679,0.23537316697183996,
3330,332,ok,1.529068331430753,0.47635403989541847,-0.1286582700078566,0.11539998034088263,15.000000000001679,0.23902716601151042,
3331,333,ok,1.5912061533460362,0.4225213413834979,-0.20856199091821653,0.07615001676104284,15.000000000001679,0.25336724999942817,
3332,333,ok,1.9564641894882906,0.057709661233478926,0.23507523196693078,0.16844937233448934,15.000000000001679,0.2117172910075169,
3333,333,ok,1.4688669975565842,0.5336916960519805,-0.08666149250951954,0.09944355066611611,15.000000000001679,0.2058919589908328,
3334,333,ok,1.7757166864929326,0.2258034249505679,-0.07345926607518012,0.14944881059051804,15.000000000001679,0.2165330000279937,
3335,333,ok,1.8823135677464367,0.11908326850700131,-0.07250252762499915,0.1862525432090139,15.000000000001679,0.22492279100697488,
3336,333,ok,1.3583825901851703,0.6416550763725896,-0.010115818000392067,0.10507164057563165,15.000000000001679,0.22524433399667032,
3337,333,ok,1.9876783664457292,0.01236310461785267,0.012839803424541,0.13942276379820162,15.000000000001679,0.24096645798999816,
3338,333,ok,1.449201516009634,0.5583302710357353,0.14755821425025892,0.0992164547975543,15.000000000001679,0.21351700002560392,
3339,333,ok,1.5521877058563567,0.44838687179278774,-0.04223001996978558,0.11625784809161463,15.000000000001679,0.2636378750030417,
3340,333,ok,1.7547513453153918,0.25356896080322255,-0.1706777935650712,0.08727496473967347,15.000000000001679,0.23659983300603926,
3341,334,ok,1.749707666703423,0.2615360424224371,-0.19804036741153125,0.0737287546112486,15.000000000001679,0.24206233301083557,
3342,334,ok,1.550710966276753,0.47740816026600286,-0.2939703905267042,0.11773997504812275,15.000000000001679,0.21926237500156276,
3343,334,ok,1.3869422863865355,0.6179362563025556,-0.1162269939562883,0.07917066927224083,15.000000000001679,0.19977124998695217,
3344,334,ok,1.410508168802274,0.5894987178563567,0.004407644391621584,0.117134501171737,15.000000000001679,0.19704191602068022,
3345,334,ok,1.7177014669497583,0.294753342383755,-0.2064755826967829,0.11169691548895921,15.000000000001679,0.20906079100677744,
3346,334,ok,1.7203895418999235,0.2868838709443035,-0.1580294410793607,0.08041509671123827,15.000000000001679,0.25286908299312927,
3347,334,ok,1.520112052446664,0.49640407393664315,-0.2234724661323764,0.08177403736566226,15.000000000001679,0.23060445897863247,
3348,334,ok,1.555711351321551,0.46427218866902786,-0.24855160054867415,0.07555994105465351,15.000000000001679,0.21607004199177027,
3349,334,ok,1.97905388140847,0.026976326320133394,-0.15437567365596863,0.07254218919679901,15.000000000001679,0.22814324998762459,
3350,334,ok,2.0404574342544155,-0.0391727355969116,-0.07239541009152708,0.07351488340089801,15.000000000001679,0.23689508298411965,
3351,335,ok,1.999691170235634,0.007547209287113915,-0.1699901558878958,0.0728131792593326,15.000000000001679,0.22854441602248698,
3352,335,ok,1.9908243292384946,0.009219213395501734,0.013166988048817605,0.17916100125185971,15.000000000001679,0.28197179100243375,
3353,335,ok,1.8873618868894362,0.12146452533427572,-0.18231665449232928,0.07531553747178495,15.000000000001679,0.2180080830003135,
3354,335,ok,1.4583686138513214,0.5441004521986561,0.08482641439119665,0.08856761586294486,15.000000000001679,0.22583550002309494,
3355,335,ok,1.5388924006076266,0.46194868900538333,-0.05087224582859167,0.07397191763884767,15.000000000001679,0.23271258399472572,
3356,335,ok,1.6877146338756432,0.33469835428848776,-0.27413703541937817,0.13119048806377964,15.000000000001679,0.3471480420266744,
3357,335,ok,2.012089360335377,-0.007119752509326554,0.14132902413066617,0.18481623274080108,15.000000000001679,0.23222474998328835,
3358,335,ok,1.4687181391143505,0.5313576953532001,0.014924917596310717,0.11565014823625089,15.000000000001679,0.29425287499907427,
3359,335,ok,1.907218604133497,0.09496138011082013,0.09116282511887208,0.18419251129474107,15.000000000001679,0.2654653750068974,
3360,335,ok,2.0951826076242033,-0.09489167328833983,0.03491470289342417,0.07528003384229501,15.000000000001679,0.2740353750123177,
3361,336,ok,1.3813854259751244,0.619955353525634,-0.06084791560865442,0.08714345000518325,15.000000000001679,0.23394729199935682,
3362,336,ok,1.9008962785805459,0.09929030183463516,0.026632784711641145,0.18356000344151405,15.000000000001679,0.2835508749994915,
3363,336,ok,1.4648874523146658,0.5388422526366624,-0.1044666706134038,0.11009464102941838,15.000000000001679,0.20697445899713784,
3364,336,ok,1.4707448205563514,0.5330999211903134,0.10627551920112746,0.09055688359103252,15.000000000001679,0.2383506249752827,
3365,336,ok,1.9901054318804023,0.009933521831474508,0.012451605109567014,0.14442686232412252,15.000000000001679,0.2363839160243515,
3366,336,ok,1.6494795239802271,0.36750486007802563,-0.23609811130368932,0.10418052857682394,15.000000000001679,0.24424133301363327,
3367,336,ok,1.4268308190605334,0.5754840587698942,-0.08124358068338884,0.0750983220185414,15.000000000001679,0.21753804199397564,
3368,336,ok,1.4783509830702828,0.5262182508049242,0.11614208920272795,0.0856254095765791,15.000000000001679,0.2467145830160007,
3369,336,ok,1.574570865384524,0.43575518782221134,-0.18003215738485234,0.10864521374567469,15.000000000001679,0.2294781249947846,
3370,336,ok,1.3834524230866911,0.6173513369507629,-0.04715168621157106,0.12636168033429138,15.000000000001679,0.31551099999342114,
3371,337,ok,2.008206945152695,-0.001863011245817422,-0.15949802119571455,0.07364816739339157,15.000000000001679,0.21687375000328757,
3372,337,ok,2.060579940725779,-0.057901259784147854,-0.10503379027852909,0.07227161487840905,15.000000000001679,0.2499619580048602,
3373,337,ok,1.3713894771443669,0.6297736951127969,-0.05647097854173603,0.07629830302407765,15.000000000001679,0.2088527079904452,
3374,337,ok,1.932001885339511,0.06824864655039127,0.031112592322552292,0.18026393876671043,15.000000000001679,0.3336910420039203,
3375,337,ok,1.5361952556119398,0.474544167838275,-0.18132944462610776,0.11402638778593321,15.000000000001679,0.2545083330187481,
3376,337,ok,1.9032953281098193,0.11108783883720011,-0.2335464695000667,0.07645988831116524,15.000000000001679,0.2435189590032678,
3377,337,ok,1.9166808931083823,0.08387882991306923,0.046317464864105845,0.18645205505597792,15.000000000001679,0.23902954201912507,
3378,337,ok,1.9549720997529263,0.051887557774973024,-0.1636270859619714,0.07299798421842192,15.000000000001679,0.19950570800574496,
3379,337,ok,1.438944895345975,0.5713797309918982,0.17206550735536022,0.10196057134004344,15.000000000001679,0.2834117920137942,
3380,337,ok,1.3869692521679018,0.6229142441416454,-0.16528317358767167,0.11555467010121402,15.000000000001679,0.2564343750127591,
3381,338,ok,1.4644619099043235,0.5356169859779615,0.015201111944519494,0.12636247023287836,15.000000000001679,0.24188499999581836,
3382,338,ok,1.9582077955665458,0.04286312640403108,0.06475359934851066,0.1815111726914729,15.000000000001679,0.2936866249947343,
3383,338,ok,1.4269810721761764,0.5764109453539998,-0.09833200822304794,0.083374056035761,15.000000000001679,0.2473876659933012,
3384,338,ok,1.9678774930501062,0.035494580284202104,-0.1151533046005507,0.0740932743311046,15.000000000001679,0.2260437909862958,
3385,338,ok,1.9888195309453767,0.011405269205337732,-0.029901895015083852,0.13724794082777977,15.000000000001679,0.24578816699795425,
3386,338,ok,1.9678874331632725,0.032253190510987545,0.023525376675949183,0.18505229237518772,15.000000000001679,0.3082302919938229,
3387,338,ok,1.812585813921627,0.2008991170367446,-0.22068834529889064,0.103109817333168,15.000000000001679,0.2882812500174623,
3388,338,ok,1.5747913262280135,0.4304432519169185,-0.12829394260777985,0.08401329162388033,15.000000000001679,0.26216508299694397,
3389,338,ok,1.4719202254425168,0.5291951973378213,0.057292080889236874,0.12362136879403092,15.000000000001679,0.3134883749880828,
3390,338,ok,1.4936782279762881,0.506342228693307,0.007817349007637397,0.11329281532568809,15.000000000001679,0.27993329099263065,
3391,339,ok,1.880550702220427,0.1196551700299363,-0.02782560020185188,0.18695472330840707,15.000000000001679,0.2780865420063492,
3392,339,ok,1.8733265703298874,0.12709675347157026,-0.039822961306344766,0.10418529212274714,15.000000000001679,0.27891429199371487,
3393,339,ok,1.390775979158872,0.609765141498529,0.03879255615081631,0.1209186830426914,15.000000000001679,0.22683033300563693,
3394,339,ok,1.407984211600884,0.5930300652900842,0.05343353759333365,0.1080812053137847,15.000000000001679,0.3885148339904845,
3395,339,ok,1.548875007348005,0.45225186855029764,-0.05907207446194402,0.11851090640063923,15.000000000001679,0.3249096250219736,
3396,339,ok,1.8227122145031853,0.19255579346573992,-0.23542569351038153,0.09170205140928464,15.000000000001679,0.25388395800837316,
3397,339,ok,1.9554685925274327,0.04502260684818714,0.04382703077509008,0.14568197993562826,15.000000000001679,0.2429888330225367,
3398,339,ok,1.4207870416401736,0.5793220698234236,0.017607850573948827,0.13422424101127448,15.000000000001679,0.2533105420006905,
3399,339,ok,1.8794749295451223,0.12461850158291501,0.12397679695625091,0.14659248738609,15.000000000001679,0.2706717090040911,
3400,339,ok,1.4987385673048415,0.5067207984034765,-0.1278065694955412,0.07699255024836671,15.000000000001679,0.21583654198911972,
3401,340,ok,1.9014887816907866,0.098684305865495,0.025655762193642608,0.1814732454476857,15.000000000001679,0.2317671659984626,
3402,340,ok,1.3996566184638053,0.6013952981772569,-0.054254379075330816,0.07520873172702112,15.000000000001679,0.23212266701739281,
3403,340,ok,1.3721245716043726,0.6289497928434816,0.054287838937933056,0.10553932894006969,15.000000000001679,0.23293187498347834,
3404,340,ok,1.987532004498019,0.016584413541364102,0.12785179035453134,0.18658141753578475,15.000000000001679,0.22381533400039189,
3405,340,ok,1.5211223563117773,0.4790687315173879,-0.02411015187355175,0.07439996599867742,15.000000000001679,0.2676375419832766,
3406,340,ok,1.4025450382739215,0.6070098829543911,0.16343536398238995,0.10304529341372798,15.000000000001679,0.2346313750022091,
3407,340,ok,1.3411765275438863,0.6588426588554769,0.0071738642884899,0.1060962794726494,15.000000000001679,0.2586288749880623,
3408,340,ok,1.9861271347351446,0.018417971865725274,-0.13428946759329186,0.07333769495267199,15.000000000001679,0.24484208298963495,
3409,340,ok,1.864598586929205,0.1442607614986021,-0.1815482554712091,0.07538623622517891,15.000000000001679,0.2604787499876693,
3410,340,ok,1.4315652735344764,0.5687588086762838,-0.030459557582303388,0.11975188818628059,15.000000000001679,0.2126112919941079,
3411,341,ok,1.9788778517516523,0.02386382513106868,0.10413150593179474,0.1782578221855285,15.000000000001679,0.2102648330037482,
3412,341,ok,1.3691314331673916,0.6313811735933532,-0.03746183781248,0.11658261950268761,15.000000000001679,0.2143839580239728,
3413,341,ok,1.4735445583107456,0.5304461400975259,-0.10837443505250738,0.11608444521326394,15.000000000001679,0.20278508300543763,
3414,341,ok,1.8476332149631407,0.15272807754766007,-0.03653685200269516,0.14255654955930536,15.000000000001679,0.24758433300303295,
3415,341,ok,1.4214877041826437,0.5833544756064974,0.11722948160894184,0.09768000573138712,15.000000000001679,0.21915687498403713,
3416,341,ok,2.09139467382727,-0.08999045799955159,-0.07662615208856229,0.07527528982971923,15.000000000001679,0.23923683300381526,
3417,341,ok,1.9409313983404741,0.06249705593340951,0.11531276944554969,0.1856689347350925,15.000000000001679,0.23717558398493566,
3418,341,ok,1.5614944495522387,0.44890918174364736,-0.17995051959715758,0.07460895613163446,15.000000000001679,0.25333958299597725,
3419,341,ok,1.4527157757823002,0.5515236284475005,-0.11090232757194719,0.08075481701298153,15.000000000001679,0.2297846660076175,
3420,341,ok,1.363770493030424,0.6389051528578318,0.08538603365588336,0.12367180665225262,15.000000000001679,0.2523197499976959,
3421,342,ok,1.3683494835405876,0.632378649024102,0.04463350155043899,0.1254754602256078,15.000000000001679,0.23171337498934008,
3422,342,ok,1.4507101767966015,0.5525916856395302,-0.09782222948496824,0.0756604684081841,15.000000000001679,0.20540470897685736,
3423,342,ok,1.5050230105544518,0.49504300103413873,-0.014095870390064989,0.11262727410168406,15.000000000001679,0.20231162500567734,
3424,342,ok,1.3565093509194157,0.6434909189887101,-0.0008557252597345781,0.09081936045283817,15.000000000001679,0.2131314579746686,
3425,342,ok,1.415056080896952,0.5853662397011716,-0.034569297161471196,0.11083252375184502,15.000000000001679,0.217677917011315,
3426,342,ok,1.5354461479023713,0.465242436474573,-0.045979281309355725,0.1259758926670931,15.000000000001679,0.18431037498521619,
3427,342,ok,1.6374536094613672,0.3739802065653362,-0.19316820260268755,0.0745508499111635,15.000000000001679,0.20739383398904465,
3428,342,ok,1.3855968432370183,0.6165596543286307,-0.07727497626704596,0.09617796386409608,15.000000000001679,0.20219108302262612,
3429,342,ok,1.4605903132455957,0.5428132392123529,-0.0996534361277734,0.11579570120148806,15.000000000001679,0.22435520897852257,
3430,342,ok,1.9741063712167246,0.027114516448822682,0.06941781955306724,0.18422600691237045,15.000000000001679,0.23411766599747352,
3431,343,ok,1.361419155708697,0.6430630829072743,-0.11038260986890444,0.09773558836630945,15.000000000001679,0.28297754100640304,
3432,343,ok,2.002054606334907,0.0006613877776676851,-0.10424855118273049,0.0728876839003246,15.000000000001679,0.22594041598495096,
3433,343,ok,1.4093073911301448,0.5919396270678127,0.059273171605078556,0.08035641403659154,15.000000000001679,0.3002343749976717,
3434,343,ok,1.4088997324353132,0.592486706020158,-0.06248826550890944,0.12174828103437728,15.000000000001679,0.22283408301882446,
3435,343,ok,1.545508795370834,0.46427757568329536,-0.1736492787760124,0.10358556488631096,15.000000000001679,0.23561158397933468,
3436,343,ok,1.4022651339781942,0.5988866110474818,-0.05682233072368573,0.09523895438318764,15.000000000001679,0.25207820799550973,
3437,343,ok,1.5657353160044154,0.43581090135151707,-0.06956682724325236,0.11549551177269558,15.000000000001679,0.23053466601413675,
3438,343,ok,1.5164091466485636,0.4878003355144874,-0.11291091519125974,0.07752931772148211,15.000000000001679,0.20664183300687,
3439,343,ok,2.1053888658544575,-0.10377021839944313,-0.08254177511706697,0.07641630061960614,15.000000000001679,0.23660558302071877,
3440,343,ok,1.4808360205169673,0.5197628918923967,-0.04211203440546913,0.12478228186898806,15.000000000001679,0.25289633398642763,
3441,344,ok,1.4744669411386628,0.5354523790950585,-0.170742574106403,0.13592795527696905,15.000000000001679,0.2476037919986993,
3442,344,ok,1.5245340235558382,0.4754671785032304,-0.0019144603552655407,0.10525545864891327,15.000000000001679,0.23026220800238661,
3443,344,ok,1.3259584752390576,0.674259897000741,-0.0240636106559423,0.09497104762141273,15.000000000001679,0.20176287498907186,
3444,344,ok,1.9192040082446806,0.08169026266780938,0.058581370067198275,0.18243700476190564,15.000000000001679,0.22978491699905135,
3445,344,ok,1.3916206259140804,0.6122135124336076,-0.1032309614293721,0.116722356638439,15.000000000001679,0.21644074999494478,
3446,344,ok,1.39937826976057,0.6027820367456489,-0.07772711906052533,0.0744693111019862,15.000000000001679,0.24644833302590996,
3447,344,ok,1.503414431653527,0.5120863820227729,-0.2153323448579326,0.07764208500752448,15.000000000001679,0.2897624160104897,
3448,344,ok,1.4390736694892243,0.5634120379837717,-0.08454616258140492,0.08514332852550395,15.000000000001679,0.23377916601020843,
3449,344,ok,1.3840498819034655,0.6164899835064732,-0.0386537172737388,0.11345613752122034,15.000000000001679,0.21234470899798907,
3450,344,ok,2.0643394019470778,-0.06239002295039326,-0.08969146930391424,0.07321939962687564,15.000000000001679,0.2219172090117354,
3451,345,ok,1.566294923061947,0.4365079512854854,-0.09366108912520915,0.07468915249977345,15.000000000001679,0.2871143330121413,
3452,345,ok,1.974489154426987,0.028990908457196814,-0.11717756613538174,0.07419314468576846,15.000000000001679,0.29647929102065973,
3453,345,ok,1.4593987208335342,0.5569349748639008,-0.2177336896291085,0.07897474249544575,15.000000000001679,0.2784872920019552,
3454,345,ok,2.0306617676359244,-0.026600256614415257,-0.1283690555727627,0.07311715190743066,15.000000000001679,0.3345597079896834,
3455,345,ok,1.9014590969130964,0.11985444561975846,-0.28390031979161756,0.09134387455907615,15.000000000001679,0.27058616597787477,
3456,345,ok,1.5019853768120897,0.5044958566511211,-0.13938231374062965,0.07535972507776405,15.000000000001679,0.2658829999854788,
3457,345,ok,1.8556424494355277,0.1464408141417056,-0.08790474769556919,0.1884871651629129,15.000000000001679,0.23730050001177005,
3458,345,ok,1.3621059507483086,0.6521626528677663,0.19663953503681786,0.07405368843106164,15.000000000001679,0.2702122920018155,
3459,345,ok,1.6946609118772002,0.3055221514344375,-0.02490837138566577,0.10958540256939192,15.000000000001679,0.2934815000044182,
3460,345,ok,1.7948069450476862,0.216381772437806,-0.20009494821035875,0.07519556605816607,15.000000000001679,0.25008158301352523,
3461,346,ok,1.924496932091605,0.07571991562416829,0.028889418556653036,0.14552206929344558,15.000000000001679,0.2647963339986745,
3462,346,ok,1.5633028479579782,0.43698466792172297,-0.0299810960733499,0.12184911231869539,15.000000000001679,0.33324316699872725,
3463,346,ok,1.4664045253150935,0.5337687126627101,-0.022539829143493933,0.12498724670078261,15.000000000001679,0.21222974997363053,
3464,346,ok,1.3952481923288362,0.6047521376016216,0.0009595153157448481,0.07319722541423378,15.000000000001679,0.24790741698234342,
3465,346,ok,1.4074544372113071,0.5942785630653585,-0.06982287997643659,0.07575057330396327,15.000000000001679,0.24897891699220054,
3466,346,ok,1.952440238474575,0.050500107680149224,-0.10711234597162553,0.07324279919123595,15.000000000001679,0.22258058298029937,
3467,346,ok,2.013979698939438,0.004292063509218209,-0.27067334550689365,0.09241297567317783,15.000000000001679,0.22872199999983422,
3468,346,ok,1.3489262060777365,0.6551250513742226,0.1044666549770256,0.11235178663193852,15.000000000001679,0.2324746249942109,
3469,346,ok,1.408433677819987,0.5972916642960333,-0.12686508488998374,0.07633264046331914,15.000000000001679,0.2248834999918472,
3470,346,ok,1.3659446327690743,0.6340963157676822,-0.010576634210478114,0.10154513130448023,15.000000000001679,0.21508758299751207,
3471,347,ok,1.4729484254772092,0.5272381165327664,0.023441389076514413,0.12176031616240988,15.000000000001679,0.22128033399349079,
3472,347,ok,1.559737102400599,0.4449632201431509,-0.12099769376916893,0.07564802426224664,15.000000000001679,0.2514796670002397,
3473,347,ok,1.4153430811032484,0.5888000438903175,-0.108216085231664,0.1264333913286986,15.000000000001679,0.2387960829946678,
3474,347,ok,1.9185221518292945,0.0845114558500185,0.10784657755297844,0.17879108779430108,15.000000000001679,0.21859816598589532,
3475,347,ok,1.54476741443797,0.46591866913054736,-0.18138587317423338,0.07599934944517389,15.000000000001679,0.20944962499197572,
3476,347,ok,1.9620492819921689,0.037953156226294874,0.003093186646152761,0.18834519501768598,15.000000000001679,0.2569046250137035,
3477,347,ok,1.483165186638941,0.5168356966913956,-0.0016187182666013325,0.11436343721081967,15.000000000001679,0.25427337500150315,
3478,347,ok,1.3950746455788994,0.6104394943878084,0.12391476094429485,0.11693942501976846,15.000000000001679,0.24514320900198072,
3479,347,ok,1.4834765482474173,0.5230811649225552,-0.13933206304923038,0.07928852371926588,15.000000000001679,0.22182483301730826,
3480,347,ok,1.9637090726312596,0.042154175773896296,0.15163459530967893,0.185668000306649,15.000000000001679,0.2767516669991892,
3481,348,ok,1.9559051443318007,0.04474309832937,0.050352577818522364,0.18682660659953346,15.000000000001679,0.25951570802135393,
3482,348,ok,1.7105423027176383,0.3008377227078563,-0.19698356483203602,0.073603550001051,15.000000000001679,0.2113156249979511,
3483,348,ok,1.9249363631495413,0.09740414831822498,-0.29241926636027915,0.07526833991424028,15.000000000001679,0.20148691700887866,
3484,348,ok,1.8435043479540087,0.157913095187685,0.0722780467660867,0.18474845660241523,15.000000000001679,0.2085910000023432,
3485,348,ok,1.4665509647041635,0.5381814133185783,-0.11772065115111804,0.07679767554457285,15.000000000001679,0.3027598340122495,
3486,348,ok,1.9662107124904742,0.036666289727156375,0.10632642201526198,0.18518739327675826,15.000000000001679,0.2583714170032181,
3487,348,ok,1.3364394444237198,0.6636365350079524,-0.014250545464271935,0.1062088880929691,15.000000000001679,0.3137883330055047,
3488,348,ok,1.792988223795342,0.20781623350493725,-0.05370398290951527,0.1421794216514367,15.000000000001679,0.22602770800585859,
3489,348,ok,1.9779998180113902,0.023228648903665335,0.06970154616551943,0.07863007499434299,15.000000000001679,0.2814000840007793,
3490,348,ok,1.4197025243777575,0.5834310164484128,-0.09427392303389318,0.07485809188571975,15.000000000001679,0.22086187498643994,
3491,349,ok,1.950684691245343,0.05141951360892013,0.09058064205359931,0.17698082556946965,15.000000000001679,0.25540029202238657,
3492,349,ok,1.9840555047145283,0.01751310812435582,0.0788794607567112,0.1823087639103336,15.000000000001679,0.29273370900773443,
3493,349,ok,1.962391414044497,0.04260292441773016,0.1399169411384425,0.1829758069465125,15.000000000001679,0.26099520799471065,
3494,349,ok,1.7965848835953249,0.20341514376608333,0.00031355092700840694,0.18659606378793853,15.000000000001679,0.21267733300919645,
3495,349,ok,1.4192484015233036,0.5849761771927672,-0.10942397413024979,0.10564430393583561,15.000000000001679,0.23110899998573586,
3496,349,ok,1.7482149606830237,0.2740033360196973,-0.2778327998721759,0.11211500763132179,15.000000000001679,0.2245718750054948,
3497,349,ok,1.8382834939060615,0.16277824277457717,-0.062469342440966934,0.1879521157122436,15.000000000001679,0.277418250014307,
3498,349,ok,1.922289728256731,0.08661892513388708,0.18485308140665468,0.18032586565776648,15.000000000001679,0.22448533299029805,
3499,349,ok,1.8887255067472948,0.11152951426113561,0.031036499980561363,0.18423748784368882,15.000000000001679,0.21904787499806844,
3500,349,ok,1.9634156058684131,0.03753386215457802,0.06105324870717972,0.17533207383648977,15.000000000001679,0.21800429100403562,
3501,350,ok,1.734149384275278,0.27202271069402556,-0.1461799392020083,0.11011204222557143,15.000000000001679,0.20762233302230015,
3502,350,ok,1.8541004910702152,0.1465727407496408,0.04996024073716129,0.18391513970659387,15.000000000001679,0.22871316599776037,
3503,350,ok,1.9801278164273632,0.02287149752540911,0.10894518847557826,0.18366719977688936,15.000000000001679,0.23212554201018065,
3504,350,ok,1.9306024097937955,0.07000492061863371,0.048421671442891445,0.1832673204087764,15.000000000001679,0.2204141659894958,
3505,350,ok,1.6271496681767126,0.3793643673082727,-0.1454516713464342,0.07484686572516885,15.000000000001679,0.20988895898335613,
3506,350,ok,1.6065474925538261,0.4119441213047224,-0.24305014291778518,0.12496835792096676,15.000000000001679,0.20491141700767912,
3507,350,ok,1.5506857996669507,0.46142547156632074,-0.19342923704500511,0.12022692015787027,15.000000000001679,0.20722158401622437,
3508,350,ok,1.9295179497535258,0.0704829298574006,0.001842403150424748,0.13105038870127667,15.000000000001679,0.21041604198399,
3509,350,ok,2.022912998051302,-0.021140372039119764,0.08466755103624082,0.18476635048663165,15.000000000001679,0.24612612498458475,
3510,350,ok,1.9035891077002551,0.09926597355164221,-0.10421924801334133,0.15638705410111778,15.000000000001679,0.21796237499802373,
3511,351,ok,1.8918728288480395,0.10944365571847121,0.07056564057914393,0.18511512972410465,15.000000000001679,0.2407935420051217,
3512,351,ok,1.9988558238778462,0.0013104343133722024,-0.0257803154709805,0.18562600356506953,15.000000000001679,0.20201987502514385,
3513,351,ok,1.8320903725959756,0.16922138882039506,0.06931673828259224,0.18717092460347778,15.000000000001679,0.21533670797361992,
3514,351,ok,1.3806105857872732,0.6194478718046801,0.01270475986591912,0.07741791530764168,15.000000000001679,0.2161284159810748,
3515,351,ok,1.3804473073294987,0.6228689982703605,-0.09562934899069131,0.08689569021127766,15.000000000001679,0.19946579198585823,
3516,351,ok,1.4339523798054774,0.5666838094339327,0.04270978120956569,0.08176379065650172,15.000000000001679,0.20749879098730162,
3517,351,ok,1.4515961992709951,0.5585468850904607,-0.17130219863033025,0.09390048418696209,15.000000000001679,0.21335812500910833,
3518,351,ok,1.9922852154785387,0.011698260017976882,0.12592287559783005,0.18051798171000594,15.000000000001679,0.2235066670109518,
3519,351,ok,1.3857024436753307,0.6252164023687733,0.17361256317422621,0.11595652217385533,15.000000000001679,0.21466112497728318,
3520,351,ok,1.5724704796151636,0.4278131957596949,-0.029867404202567272,0.1288314406810758,15.000000000001679,0.2028218339837622,
3521,352,ok,1.3882720017318408,0.6183802197684666,-0.13574215876249235,0.07634515447648073,15.000000000001679,0.21820083298371173,
3522,352,ok,1.3752471881833848,0.6326329254539478,0.14701058483550372,0.09278442497525154,15.000000000001679,0.21247954200953245,
3523,352,ok,1.9297961258979688,0.07295577018750724,-0.10302244356054358,0.18598218715192852,15.000000000001679,0.2077892920060549,
3524,352,ok,1.9655833946505812,0.04249657780779877,0.1780405387318389,0.18254121761253372,15.000000000001679,0.21591800000169314,
3525,352,ok,1.4131021551523535,0.5899444048651634,-0.09274114256988791,0.10250100292086523,15.000000000001679,0.22387487499509007,
3526,352,ok,1.9298747867519928,0.07210194592713506,-0.08732574444635366,0.0803339199222533,15.000000000001679,0.2132874590170104,
3527,352,ok,1.5554695190225138,0.45475623097984474,-0.17806492892345607,0.07712196947624342,15.000000000001679,0.2146694159891922,
3528,352,ok,1.4178927329336313,0.5859836331101604,-0.1047736430294396,0.1128744864590934,15.000000000001679,0.20608337500016205,
3529,352,ok,1.4471916212477178,0.5549402671266921,0.0785236081552663,0.12856486664969538,15.000000000001679,0.1925720419967547,
3530,352,ok,1.6790073520827695,0.33713311894055253,-0.2322486258810126,0.07431667074956996,15.000000000001679,0.21672341699013487,
3531,353,ok,1.5308471602491929,0.47945604053314067,-0.1773107311243845,0.07624712535478584,15.000000000001679,0.18170383301912807,
3532,353,ok,1.8967577915034148,0.10325522972701873,0.00702823384690758,0.13739799804237657,15.000000000001679,0.24369099998148158,
3533,353,ok,1.43873763496542,0.562250592147714,0.053316249739561956,0.1090746933107197,15.000000000001679,0.2185862499754876,
3534,353,ok,1.9715592132573247,0.029376843807070268,0.0607462563131047,0.18694526873956457,15.000000000001679,0.2148468329978641,
3535,353,ok,2.0006760646845967,-0.00023502032246498073,0.042006895593836864,0.18556898790844742,15.000000000001679,0.25495462500839494,
3536,353,ok,1.8551449267781939,0.14700567666435801,-0.08930138317381231,0.07424997604457953,15.000000000001679,0.20790354200289585,
3537,353,ok,1.512773523149572,0.4903211328732921,-0.09671323845983439,0.11560707907012323,15.000000000001679,0.2619833329808898,
3538,353,ok,1.9634920338299926,0.052252558530123255,-0.24815493378409784,0.0812179622536117,15.000000000001679,0.20990683298441581,
3539,353,ok,1.9034234240410093,0.09681942536492327,0.03040446545655449,0.18462984491014983,15.000000000001679,0.21199112499016337,
3540,353,ok,1.4857683252716098,0.5180208235235609,-0.10604356119359212,0.0762250300753513,15.000000000001679,0.21313112499774434,
3541,354,ok,1.5437086054191695,0.4710325998608034,-0.21282609745231648,0.07450236237177414,15.000000000001679,0.21824995800852776,
3542,354,ok,1.4257881655233682,0.5810862640929959,-0.1398417069436734,0.09268848493109313,15.000000000001679,0.22479174999170937,
3543,354,ok,1.9654152055695684,0.03696745562704169,0.09674791996057872,0.18503191100888203,15.000000000001679,0.21766320799360983,
3544,354,ok,1.4089449230096511,0.5930807252481959,-0.07552450202767927,0.07513451378962169,15.000000000001679,0.25701470900094137,
3545,354,ok,1.9501905961252863,0.04991478183408247,0.020273211543447266,0.1849056091497469,15.000000000001679,0.22261799999978393,
3546,354,ok,1.8738739785246523,0.12671037168851937,-0.04679375869113107,0.13966511378176388,15.000000000001679,0.21667291701305658,
3547,354,ok,1.6512193283441015,0.34979551128541875,-0.05788277570567176,0.14051382318505642,15.000000000001679,0.21952341601718217,
3548,354,ok,1.5519804814506342,0.4577407209531297,-0.17343509159789536,0.07674631230198121,15.000000000001679,0.1913263329770416,
3549,354,ok,1.4882876044825266,0.5121638845365941,-0.03665633886656859,0.11927199309450588,15.000000000001679,0.20017374999588355,
3550,354,ok,1.3617357145980378,0.6384726148872658,-0.023818816089572495,0.07464587685056966,15.000000000001679,0.19886854197829962,
3551,355,ok,1.5644662984321058,0.44730890726652267,-0.19158593235406174,0.07592584953329397,15.000000000001679,0.23455666698282585,
3552,355,ok,1.732326125727387,0.26975470707393817,-0.08488246099674873,0.16597628915751134,15.000000000001679,0.20601925000664778,
3553,355,ok,1.9032720619917805,0.09739972391917572,0.05056413171029025,0.18007556375548342,15.000000000001679,0.2315204999758862,
3554,355,ok,1.9292141695074092,0.07273782244104944,0.08676295741210542,0.18682548408116725,15.000000000001679,0.2180675830168184,
3555,355,ok,1.6669352338202883,0.343496025307634,-0.1861925228893275,0.07570405347623396,15.000000000001679,0.20420708300662227,
3556,355,ok,1.50990303567819,0.4916723131216187,-0.06895481235073568,0.07902944233161421,15.000000000001679,0.2057706670020707,
3557,355,ok,1.5276350602131021,0.48348485890652826,-0.1839856082049259,0.07653329985615637,15.000000000001679,0.22079849999863654,
3558,355,ok,1.8532031863037983,0.14861757149787314,-0.08212888140062675,0.13664824819202806,15.000000000001679,0.22756587498588488,
3559,355,ok,1.4004070921836271,0.6004526640181964,0.049064021282794294,0.10340911887164482,15.000000000001679,0.19589974998962134,
3560,355,ok,1.9413564130410945,0.05985283348222263,0.06851054450830268,0.18602765567275553,15.000000000001679,0.21786412500659935,
3561,356,ok,1.9015024728807328,0.10324471023778577,-0.13427965270509573,0.07480348197926241,15.000000000001679,0.21417120800470002,
3562,356,ok,1.436023262221159,0.5639884548033568,-0.005801008726871178,0.09676605072895005,15.000000000001679,0.2187332079920452,
3563,356,ok,1.8219195879820655,0.17808801945796846,-0.005265000489193165,0.18620162133540422,15.000000000001679,0.2300016249937471,
3564,356,ok,1.5068766239224638,0.5143977331221249,-0.2523154065277847,0.07691639265209173,15.000000000001679,0.22033754098811187,
3565,356,ok,1.4633779528183226,0.542110252246312,-0.12661957269487384,0.0886625333958973,15.000000000001679,0.20037966599920765,
3566,356,ok,2.0103098663747807,-0.00750623422138898,0.10613424709322786,0.1871909282983462,15.000000000001679,0.21680799999739975,
3567,356,ok,1.968627537652344,0.03207572261331946,0.05261578161771356,0.18375017469584026,15.000000000001679,0.2456794999889098,
3568,356,ok,1.4681093372346883,0.5397172960950077,-0.15139171295549808,0.07883083790991305,15.000000000001679,0.2716062910039909,
3569,356,ok,1.575024693469734,0.4326532241225432,-0.155328262676085,0.11795784417850974,15.000000000001679,0.21728708400041796,
3570,356,ok,1.9275850095035847,0.07256601935434591,0.024129217048694727,0.18569218014705705,15.000000000001679,0.21692700000130571,
3571,357,ok,1.4065068091113582,0.5938851854822552,0.033204404381683594,0.11599975797894355,15.000000000001679,0.22337020898703486,
3572,357,ok,1.9943945954021487,0.005608267455787601,0.0033792497089379136,0.18588458851684694,15.000000000001679,0.2512414999946486,
3573,357,ok,1.8495837276292229,0.16725065615657914,-0.2489775253960127,0.0762056653969993,15.000000000001679,0.2030193329846952,
3574,357,ok,1.3972218729541364,0.6036335983861169,-0.04888593566007257,0.1134342427429402,15.000000000001679,0.23307945800479501,
3575,357,ok,1.4399735860114442,0.5600451454149032,0.007344737399761104,0.07425191299754169,15.000000000001679,0.22773754099034704,
3576,357,ok,1.334884638268008,0.6655440071018507,0.033826032905515634,0.12814340564540902,15.000000000001679,0.21224670798983425,
3577,357,ok,1.9422194167278028,0.060666711514661666,0.1058426137580237,0.18539756865433113,15.000000000001679,0.23139654099941254,
3578,357,ok,1.8713482568958255,0.13086071214579395,0.09089896141824585,0.18502175740674923,15.000000000001679,0.20564833300886676,
3579,357,ok,1.459906631589137,0.5402064615048545,-0.018171349035273874,0.07482515424086324,15.000000000001679,0.22232699999585748,
3580,357,ok,1.4087573187203015,0.595132548337788,-0.10461656803841109,0.12929483716112625,15.000000000001679,0.19753808301175013,
3581,358,ok,1.9848484766125554,0.020295691917855175,0.1428087100711241,0.1850533628025945,15.000000000001679,0.2389615410065744,
3582,358,ok,1.4693722147974555,0.5433061284166011,-0.19260755465491947,0.07414256857170613,15.000000000001679,0.22709054200095125,
3583,358,ok,1.8973521674957732,0.11550024628026853,-0.22046751627208006,0.0737777351677442,15.000000000001679,0.23177737501100637,
3584,358,ok,1.6208293920934131,0.40040988130757044,-0.2615327330477827,0.07643240717264847,15.000000000001679,0.23385324998525903,
3585,358,ok,1.6588690162199229,0.3413284375535341,-0.025594157650809232,0.1399427291435983,15.000000000001679,0.29008683399297297,
3586,358,ok,1.7132674843868236,0.28947816923053554,-0.0969563794612512,0.14296288287735093,15.000000000001679,0.20144262502435595,
3587,358,ok,1.9064630546170125,0.09440456452329458,0.05751012875985639,0.1837405009498928,15.000000000001679,0.22851241700118408,
3588,358,ok,1.990653762776549,0.013361301089640001,0.12636883812152788,0.17991227973290472,15.000000000001679,0.21267099998658523,
3589,358,ok,1.4940517952887147,0.5064174003213966,-0.03744041857052582,0.10917587176850803,15.000000000001679,0.2271322080050595,
3590,358,ok,1.3798707747889227,0.6228577982921646,-0.08673356554343431,0.1257644795508336,15.000000000001679,0.22534075001021847,
3591,359,ok,1.5440992309266113,0.4600461887411244,-0.11306942176121494,0.1106899758448136,15.000000000001679,0.2087040829937905,
3592,359,ok,1.6682178120434688,0.3323640486406832,0.0440568059782368,0.13515015755545037,15.000000000001679,0.22156674999860115,
3593,359,ok,1.5009442078629927,0.5039271043650895,-0.12082800198646257,0.12216517353957847,15.000000000001679,0.21887712500756606,
3594,359,ok,1.4384895887988338,0.5707647789069001,-0.16290788768379585,0.09722149249907722,15.000000000001679,0.2146318749873899,
3595,359,ok,1.5123715850601047,0.49480729214478825,-0.14718261961491375,0.11845129632723798,15.000000000001679,0.21549320800113492,
3596,359,ok,1.4244100360596925,0.5810662653028168,-0.12478384256737353,0.10770309323547435,15.000000000001679,0.21403454197570682,
3597,359,ok,1.4130541753842172,0.5995066841994294,-0.18799089065349303,0.12410291453754052,15.000000000001679,0.20221029099775478,
3598,359,ok,1.7533830010730036,0.27393350705454544,-0.3082959785380789,0.13404055236140439,15.000000000001679,0.21174316701944917,
3599,359,ok,1.6531311191128848,0.3487490038480998,-0.07882033168400338,0.0745389124801332,15.000000000001679,0.20309008299955167,
3600,359,ok,2.0185655579919253,-0.012162609181492218,0.16065038475889543,0.18224245398368819,15.000000000001679,0.2585052910144441,
3601,360,ok,1.8070472521341283,0.2144304981947701,-0.27777927508820155,0.0742628466579396,15.000000000001679,0.2137985420122277,
3602,360,ok,1.4437532542338853,0.5576754278996181,-0.06421283225636328,0.12743471008316476,15.000000000001679,0.2033225000195671,
3603,360,ok,1.4223119312006023,0.5802325411781625,-0.08503877060593218,0.11070412328082686,15.000000000001679,0.2525754579983186,
3604,360,ok,1.9003391168082313,0.10247320237884132,-0.1033480100489527,0.13198503981988988,15.000000000001679,0.2107923750008922,
3605,360,ok,1.703039123388892,0.32993524687811815,-0.3335055864197082,0.07635263153272188,15.000000000001679,0.2032154170155991,
3606,360,ok,1.803529484060352,0.1971540035373643,-0.04964788931712212,0.13765877170007212,15.000000000001679,0.21514562499942258,
3607,360,ok,1.946742464963478,0.06397405126404851,-0.2039846825453739,0.07340009001744772,15.000000000001679,0.20324070900096558,
3608,360,ok,1.9712672774214983,0.03145391050252855,0.10354212938209738,0.18500586620914922,15.000000000001679,0.24486204201821238,
3609,360,ok,2.029192917630754,-0.02596541585896386,-0.1144029313707846,0.07589494111452025,15.000000000001679,0.2084647089941427,
3610,360,ok,1.5288965812579722,0.4711968014281521,0.016897816983337262,0.11930451525676339,15.000000000001679,0.2087740830029361,
3611,361,ok,1.987796673314872,0.015167362490901016,0.10851274358500793,0.18148002002387545,15.000000000001679,0.2154033750121016,
3612,361,ok,1.7764931862433675,0.22401180177087948,-0.042355171112797886,0.177204370839978,15.000000000001679,0.22131541700218804,
3613,361,ok,1.3782254429068137,0.6223752015979025,0.040685209883478984,0.08673084235017631,15.000000000001679,0.20459108299110085,
3614,361,ok,1.9939819221280368,0.009518302886532885,0.11809538191526317,0.18232528379457602,15.000000000001679,0.27307412499794737,
3615,361,ok,1.9900454224860034,0.012843992571941559,0.10719974673511483,0.18252513315651214,15.000000000001679,0.2399667919962667,
3616,361,ok,2.014991345175921,-0.010464297550420672,-0.1349941828708207,0.07287822002375435,15.000000000001679,0.22945979199721478,
3617,361,ok,1.444178944473497,0.555882514452319,0.013323347778515635,0.1206084994112541,15.000000000001679,0.21078170801047236,
3618,361,ok,1.4683787915321977,0.5323170746785871,0.04520073164825937,0.08845210026607418,15.000000000001679,0.22883191599976271,
3619,361,ok,2.000384819221394,0.0032128496274268286,0.11991872697118058,0.1854122506832955,15.000000000001679,0.2292067089874763,
3620,361,ok,1.9254657826468637,0.07773710271471225,0.11101276442045363,0.18503530750194327,15.000000000001679,0.23076662499806844,
3621,362,ok,1.9527180248450016,0.04779127477910833,0.0445957142109493,0.18516951574015061,15.000000000001679,0.24335695800255053,
3622,362,ok,1.9592870718612085,0.04241600519402238,0.08167455688241622,0.18839828770376016,15.000000000001679,0.25514475000090897,
3623,362,ok,1.9878144187873774,0.01592290992571182,0.12183703944755074,0.1828953477819032,15.000000000001679,0.2556204159918707,
3624,362,ok,1.9932443642999427,0.00815867782170272,0.07477461518787389,0.18227958116784945,15.000000000001679,0.32579187501687557,
3625,362,ok,1.3842006210632634,0.6224145162346659,-0.13516506305608136,0.09544006850065569,15.000000000001679,0.19133195900940336,
3626,362,ok,1.3783219679583179,0.6268074739288206,-0.11880123609939036,0.10824616340440416,15.000000000001679,0.22847766600898467,
3627,362,ok,2.002537491344551,0.0029256458566272675,0.14781890360626948,0.18416292086958508,15.000000000001679,0.21604662502068095,
3628,362,ok,1.8848474758891691,0.11515357087649446,0.001986450639151485,0.14135269685277466,15.000000000001679,0.2440039999783039,
3629,362,ok,1.5550397526136288,0.4536696541786248,-0.1643505211449049,0.0753461411760488,15.000000000001679,0.21138095800415613,
3630,362,ok,1.9998404156190113,0.004849697263971581,-0.13688300637973141,0.07558628621051688,15.000000000001679,0.21603633399354294,
3631,363,ok,1.9220476090247847,0.08031941582156214,0.09535966697835604,0.17635692009662127,15.000000000001679,0.23415875001228414,
3632,363,ok,1.9210902110786077,0.08353126557836972,0.13317352997650828,0.18206278443701987,15.000000000001679,0.2159399589872919,
3633,363,ok,1.911035662489031,0.0923683202956743,-0.11401174454126259,0.18445939416330706,15.000000000001679,0.21429958299268037,
3634,363,ok,1.3739994316699005,0.6265448640681064,0.03867076171364319,0.0895462698783328,15.000000000001679,0.2007852910028305,
3635,363,ok,1.974674620158633,0.02582320999877183,0.04433798956976072,0.18355883421192137,15.000000000001679,0.21383733302354813,
3636,363,ok,1.9092849214777747,0.09073090440313783,0.007773800945037257,0.18755548395375102,15.000000000001679,0.24624429101822898,
3637,363,ok,1.4398984550679992,0.5692152221474008,-0.16174820052321795,0.08951322351419956,15.000000000001679,0.2149286670028232,
3638,363,ok,1.5635149127732582,0.44870255585109087,-0.19507722122644458,0.11121329070286314,15.000000000001679,0.1996985419827979,
3639,363,ok,1.4642365692709294,0.5357876984003028,-0.00843010287116786,0.08119132812156186,15.000000000001679,0.23307670900248922,
3640,363,ok,1.4947653698370196,0.5091605235412149,-0.10826433529144114,0.12665674623592665,15.000000000001679,0.20658279102644883,
3641,364,ok,1.4931383829871592,0.507982283612205,-0.057839128057551564,0.11502560581318373,15.000000000001679,0.22264166601235047,
3642,364,ok,1.849710539408342,0.15063792684675048,-0.035902673725151164,0.15207502959564367,15.000000000001679,0.26034712497494183,
3643,364,ok,1.9294221218639296,0.08018666722056637,-0.19231872405003175,0.08262918771415843,15.000000000001679,0.2329047089733649,
3644,364,ok,1.9281519636438698,0.07360419024628974,-0.08227502091800461,0.18608247684314158,15.000000000001679,0.24476754097850062,
3645,364,ok,1.4130568802892927,0.5881119198336631,-0.05746125666154091,0.11505349370353664,15.000000000001679,0.254244416981237,
3646,364,ok,1.4518947502397521,0.5505312045490827,0.08389622630261277,0.0930636129290847,15.000000000001679,0.24293333300738595,
3647,364,ok,2.008935544442397,-0.008852032541271945,0.018317562034019196,0.18581232705240275,15.000000000001679,0.257499833998736,
3648,364,ok,1.8632672358247166,0.1367348031825437,-0.0027565243852019253,0.18555167993986807,15.000000000001679,0.25139416701858863,
3649,364,ok,1.440093701107369,0.5731385154537569,-0.19477210243669738,0.11249838323669116,15.000000000001679,0.23739854199811816,
3650,364,ok,2.0094253591644904,-0.00905529315425264,0.03856297579573286,0.18481678171697308,15.000000000001679,0.22565687500173226,
3651,365,ok,2.072941356450399,-0.07210447526637313,-0.058897460586065375,0.07396174987638629,15.000000000001679,0.2760000829875935,
3652,365,ok,1.5264544761249885,0.47455255623153786,0.05543792909441262,0.07457678013997615,15.000000000001679,0.20349066599737853,
3653,365,ok,1.3812249430141819,0.6199921401866209,-0.057971113995047216,0.1226953085447175,15.000000000001679,0.2013730000180658,
3654,365,ok,1.3618138020000419,0.6440592265369787,0.1263386329604394,0.08706460251055054,15.000000000001679,0.20673370899748988,
3655,365,ok,1.8909645315708876,0.10960158397071976,0.046267573235419746,0.18819651803402862,15.000000000001679,0.19905416600522585,
3656,365,ok,1.9407508921761019,0.061049499336322144,0.08357620150742073,0.1828148327356815,15.000000000001679,0.20899758298764937,
3657,365,ok,1.6367747318831507,0.37234771409243533,-0.17256754941482894,0.11963137828937266,15.000000000001679,0.2077380419941619,
3658,365,ok,2.005209884036659,-0.00402318580401292,0.06897644379239402,0.1808915428247346,15.000000000001679,0.2101220419863239,
3659,365,ok,1.3764544030021115,0.623783391653463,0.025584574552913988,0.12535164978066812,15.000000000001679,0.19359645899385214,
3660,365,ok,1.8858961950978166,0.11543421322840801,-0.07082551810183335,0.11275953309408986,15.000000000001679,0.2203534170112107,
3661,366,ok,1.8849256696836303,0.11508453042340638,0.006201030812034507,0.18639013580472516,15.000000000001679,0.1990619999996852,
3662,366,ok,1.9358144336982275,0.06436362086359095,-0.026255084804289713,0.13715570391529672,15.000000000001679,0.19634850000147708,
3663,366,ok,1.8325493335975347,0.1807249600958021,-0.2201712725365135,0.0730370885580811,15.000000000001679,0.19384404201991856,
3664,366,ok,1.8389346681362342,0.16180341109899884,-0.05209620164700185,0.14016816293475903,15.000000000001679,0.19444479097728617,
3665,366,ok,1.9913363273708462,0.01226530087550163,0.11971271696545065,0.1865573817977891,15.000000000001679,0.21980799999437295,
3666,366,ok,1.4598556922907013,0.5416959895478342,-0.06729082710661294,0.09653657048768438,15.000000000001679,0.20585504101472907,
3667,366,ok,1.4536543002988833,0.5494299735083735,-0.09464366339865163,0.08336136116441935,15.000000000001679,0.2067971249925904,
3668,366,ok,2.1312922175488116,-0.12425323404631416,0.17307430262146384,0.1831417689656246,15.000000000001679,0.1999366249947343,
3669,366,ok,1.9677104711995645,0.03398958684331064,0.08177746528155597,0.18274817618688033,15.000000000001679,0.2243953339930158,
3670,366,ok,1.9682520212572057,0.03192243986997986,-0.02620565770481096,0.07867538989284516,15.000000000001679,0.22592208298738115,
3671,367,ok,1.870033242172711,0.13070081761226354,-0.05239173174768005,0.15629321971415674,15.000000000001679,0.20040704199345782,
3672,367,ok,1.9839947901505082,0.019384416387430402,0.11574643534640197,0.18550989977856697,15.000000000001679,0.21875670799636282,
3673,367,ok,1.8842778528473028,0.11589655506792497,0.025636605195101025,0.1843773984148309,15.000000000001679,0.1957142500032205,
3674,367,ok,2.0102891952520165,-0.0070026075948804245,-0.11490509846977898,0.07329952992702155,15.000000000001679,0.2152725409832783,
3675,367,ok,1.9352451168411968,0.06506529148707604,-0.034660295003124265,0.1461379789447464,15.000000000001679,0.1960052079812158,
3676,367,ok,1.6189267079635623,0.3886640737691745,-0.15658933104009665,0.07637741450144575,15.000000000001679,0.20012362499255687,
3677,367,ok,1.3791183062195953,0.62332952705207,-0.08213228027595691,0.08190506507873793,15.000000000001679,0.19553729202016257,
3678,367,ok,1.437770674548312,0.5625740224280147,-0.03148128955952308,0.10528771914995184,15.000000000001679,0.20551304199034348,
3679,367,ok,1.8799317206621613,0.12248906231756342,-0.09537270696909204,0.188205516395214,15.000000000001679,0.20797583300736733,
3680,367,ok,1.5740056414872754,0.43390827744687305,-0.15764033742779326,0.10813425971805166,15.000000000001679,0.18798062499263324,
3681,368,ok,1.9982394165434152,0.003581388949554238,0.08528478926031915,0.18816287047521116,15.000000000001679,0.20448020898038521,
3682,368,ok,1.525330857035552,0.4748851747682783,-0.025670864481473613,0.09900403938912362,15.000000000001679,0.20131745899561793,
3683,368,ok,1.5673173165476915,0.4527674472483552,-0.25010997272377106,0.11837530259538949,15.000000000001679,0.221769833995495,
3684,368,ok,1.8699951141415385,0.13020928431332415,-0.027647901279014335,0.15605846719849928,15.000000000001679,0.21354200001223944,
3685,368,ok,1.5871095681257905,0.4155699431614946,-0.0921855532237203,0.0734190478986667,15.000000000001679,0.20592154099722393,
3686,368,ok,2.0178525537527907,-0.00297469587951822,-0.24458392496852974,0.09541953820085915,15.000000000001679,0.2060938329959754,
3687,368,ok,1.3731695505264614,0.6305054312948782,-0.10039542210786805,0.09897315321629148,15.000000000001679,0.19818691597902216,
3688,368,ok,1.893673963487213,0.10637798750719334,0.014026895310930076,0.18572507530287885,15.000000000001679,0.20936700000311248,
3689,368,ok,2.0995033101511598,-0.09874675501615686,-0.05635785344410592,0.07395169344323932,15.000000000001679,0.19186637498205528,
3690,368,ok,1.4102910817603715,0.5900149435991285,-0.029378155474273908,0.09640350495040213,15.000000000001679,0.18138529200223275,
3691,369,ok,1.985558033668094,0.01820186236719943,0.12213454359463688,0.18379092020115964,15.000000000001679,0.22634829100570641,
3692,369,ok,1.9425191568125304,0.06274103853230063,0.14285793921499385,0.18326156774827457,15.000000000001679,0.2044415839773137,
3693,369,ok,1.4270959979726745,0.5791697566763643,-0.13358295956641092,0.12207070488079935,15.000000000001679,0.18946666701231152,
3694,369,ok,1.4621815033089625,0.5436123687995718,-0.13003774953936595,0.09991992173397175,15.000000000001679,0.20154904198716395,
3695,369,ok,1.6138589925828366,0.388553949344659,-0.08821833011224393,0.07473933177695655,15.000000000001679,0.2054294589906931,
3696,369,ok,2.0021708181259763,0.0036335773573334196,0.15234530350543657,0.18413050151067345,15.000000000001679,0.22784004101413302,
3697,369,ok,1.525846832152488,0.48328776702001097,-0.1667109999929168,0.11823086634316646,15.000000000001679,0.20768062499701045,
3698,369,ok,1.6895103145529422,0.32408740182311135,-0.21392070085144052,0.07598530404836976,15.000000000001679,0.19326074997661635,
3699,369,ok,1.8784294063098204,0.12161902833678205,-0.013489246940009789,0.183526365401656,15.000000000001679,0.2238551659975201,
3700,369,ok,1.569827415865485,0.4337588234113046,-0.10605042367178913,0.12737653364618917,15.000000000001679,0.20848145900527015,
3701,370,ok,1.3612019137842999,0.6396637553835546,-0.04853814657428306,0.12682547515056652,15.000000000001679,0.21146358401165344,
3702,370,ok,1.9495331224213375,0.050752110164333585,0.033347554469426624,0.18372971474662633,15.000000000001679,0.21745925000868738,
3703,370,ok,1.5093383292605542,0.5037327192339112,-0.19820801367224197,0.09073966994420378,15.000000000001679,0.2042011249868665,
3704,370,ok,1.9307492671989768,0.07061789267366174,0.07264583070186854,0.18161064603750293,15.000000000001679,0.24959208400105126,
3705,370,ok,1.4602271118873906,0.5402834967886317,-0.03861280284263965,0.12048917298784986,15.000000000001679,0.21643479200429283,
3706,370,ok,1.9895824265360849,0.015222741028198844,0.1381935752833667,0.1838747989325018,15.000000000001679,0.21055037502082996,
3707,370,ok,2.0136556498716693,-0.013603217680508808,0.014531276846691246,0.18662697812599566,15.000000000001679,0.23585154200554825,
3708,370,ok,1.8211544075525061,0.18050221726037824,-0.07766076714480445,0.18422909303767432,15.000000000001679,0.2040259579953272,
3709,370,ok,2.0016220284653112,-0.0012377609602031191,0.03921949699551707,0.14308159196394554,15.000000000001679,0.22685391700360924,
3710,370,ok,1.9715518388969548,0.033735706777176196,0.14429616299442366,0.18297086467530527,15.000000000001679,0.2125065409927629,
3711,371,ok,1.875257098979398,0.128120404427975,0.11249874200958805,0.18346550416005156,15.000000000001679,0.21750854200217873,
3712,371,ok,1.8572815621292849,0.14332993110423303,0.047655600845909876,0.18154222870560857,15.000000000001679,0.20351683397893794,
3713,371,ok,2.001728052365936,0.0020889727708644605,0.1235585808632678,0.18248335905635157,15.000000000001679,0.2047511250129901,
3714,371,ok,1.6667562669801999,0.33616673248780005,-0.09866768182869243,0.1392211305608144,15.000000000001679,0.18303845799528062,
3715,371,ok,1.955098719208095,0.048965507563082517,0.1259976633535471,0.15815393150590218,15.000000000001679,0.20368879198213108,
3716,371,ok,1.5072558841406236,0.49613903018916305,-0.1011062992901137,0.07731233316533019,15.000000000001679,0.2170603339909576,
3717,371,ok,1.456438729530394,0.5438761850881537,-0.030285450676510787,0.11241151480543782,15.000000000001679,0.2072219999972731,
3718,371,ok,1.3848003046472543,0.6189344051230302,-0.10163516319783111,0.12539905999713288,15.000000000001679,0.20029037501080893,
3719,371,ok,1.406070820727096,0.5994384851045368,-0.12434868673972342,0.11635230115049794,15.000000000001679,0.1889814589812886,
3720,371,ok,1.9455584332843812,0.0550417217903797,0.048320941090229295,0.18792727548299448,15.000000000001679,0.20799437499954365,
3721,372,ok,1.653924510063245,0.34932055149466584,-0.10355502532504399,0.11745926338764281,15.000000000001679,0.2045547089946922,
3722,372,ok,2.0463018575408967,-0.03619720092212954,0.20310650194469054,0.1881091216165946,15.000000000001679,0.22032920899800956,
3723,372,ok,1.9679809845001828,0.0345405663882128,0.09959101455824826,0.186829829312583,15.000000000001679,0.2577285419974942,
3724,372,ok,1.3611797288374485,0.6388364763822787,-0.006642000495236765,0.11700587912571908,15.000000000001679,0.2368108330119867,
3725,372,ok,1.8475346896450406,0.15249131778621575,0.009802988650531058,0.18589063085161783,15.000000000001679,0.2162167920032516,
3726,372,ok,1.9778530695043124,0.027076085324656243,-0.13954924381646489,0.07320809221337363,15.000000000001679,0.24101829100982286,
3727,372,ok,1.517534103678866,0.4853566224100554,0.09362261773387856,0.08625627612886248,15.000000000001679,0.22140133299399167,
3728,372,ok,1.346076909267938,0.6544461278716445,-0.03752096566872667,0.11344242173556016,15.000000000001679,0.26608120900345966,
3729,372,ok,2.018568756982473,-0.017216851984827856,0.07386473268202641,0.18532553063152984,15.000000000001679,0.2850747079937719,
3730,372,ok,1.6556217621572724,0.35259404085081175,-0.16473319364504035,0.076609038584388,15.000000000001679,0.2498770839883946,
3731,373,ok,1.5520143610150572,0.4588258316228835,-0.183114061513801,0.07558155218030208,15.000000000001679,0.22532333299750462,
3732,373,ok,1.4424626326636474,0.5596700365965286,0.07840945831400253,0.12846355175924853,15.000000000001679,0.24364375000004657,
3733,373,ok,1.5688089021846061,0.44649986510806244,-0.21862914367577171,0.07732085784677739,15.000000000001679,0.22138045899919234,
3734,373,ok,1.986151853950001,0.016817738352629598,0.10856935127487388,0.1813814625255196,15.000000000001679,0.22342950000893325,
3735,373,ok,1.9640498283312435,0.03598356008265781,-0.011452157106686523,0.18622647271778328,15.000000000001679,0.20045008399756625,
3736,373,ok,1.4830290842505984,0.5233454758700027,-0.13735603772524826,0.1157699162314058,15.000000000001679,0.20950008401996456,
3737,373,ok,1.9557394830227341,0.048271975779553854,0.1251984222208261,0.1832798509632841,15.000000000001679,0.20579441700829193,
3738,373,ok,1.459394395765639,0.5421399996694519,0.06690457255202166,0.12081152189740546,15.000000000001679,0.22098716598702595,
3739,373,ok,1.60970894066147,0.39095554935192167,-0.04624748084053594,0.07470259099167353,15.000000000001679,0.214802292000968,
3740,373,ok,1.559145119475012,0.45504394476522975,-0.2098673175512738,0.11913500830580623,15.000000000001679,0.20923187499283813,
3741,374,ok,1.942782258851313,0.05735212551785433,0.022850406504307173,0.1824532651627175,15.000000000001679,0.2138442920113448,
3742,374,ok,1.529336883450726,0.47371706584158546,-0.09660076593671592,0.13301617409186442,15.000000000001679,0.19493370901909657,
3743,374,ok,1.9096314065436841,0.09150231382648151,0.06579278629405723,0.18584073662378162,15.000000000001679,0.21558074999484234,
3744,374,ok,1.387507179422913,0.6216726394392671,-0.1593419595706384,0.11199880044341096,15.000000000001679,0.19680691699613817,
3745,374,ok,1.6390374828277574,0.3768546597547033,-0.2276907432337354,0.07409593818689256,15.000000000001679,0.19813754101051018,
3746,374,ok,1.3505653511572564,0.6534588509651463,-0.10418110050493666,0.10403071906724642,15.000000000001679,0.235572959005367,
3747,374,ok,1.5983362543278585,0.4053918628666999,-0.10910394533230819,0.07467777126486308,15.000000000001679,0.19474770801025443,
3748,374,ok,2.007454732127032,-0.00046273488604061866,0.1674017558793079,0.18265207132186026,15.000000000001679,0.22507695798412897,
3749,374,ok,1.3965205579713633,0.6082336366897705,-0.11513495904748434,0.076964918474358,15.000000000001679,0.21256066698697396,
3750,374,ok,1.857346310201036,0.14265814950704062,-0.004070187316588547,0.1841731123837876,15.000000000001679,0.20042766601545736,
3751,375,ok,1.513080266597886,0.49136546217536403,-0.11590394493103648,0.1300460672168664,15.000000000001679,0.1997069159988314,
3752,375,ok,1.836035170637193,0.17015887193616333,0.15068707264663134,0.190269563489292,15.000000000001679,0.20926037500612438,
3753,375,ok,2.018907693987458,-0.017867283738081118,0.0648066513658414,0.18485659568566953,15.000000000001679,0.22295412499806844,
3754,375,ok,1.9491097149779417,0.0519274032384653,0.06357545727845573,0.18606776346423246,15.000000000001679,0.21454891699249856,
3755,375,ok,1.5295706571188126,0.4707003702732214,-0.028793013673692608,0.07476454435618878,15.000000000001679,0.19443999999202788,
3756,375,ok,1.989223891957726,0.014275500268160567,0.11794025394316911,0.18178970108597903,15.000000000001679,0.21698991599259898,
3757,375,ok,1.3432773778223392,0.6568918625608461,-0.021322404038628853,0.07448477658823592,15.000000000001679,0.1946167079731822,
3758,375,ok,1.43672055932381,0.5639208025532559,0.042924401503538136,0.10872944190375862,15.000000000001679,0.21392762500909157,
3759,375,ok,1.9764517323111523,0.02354969386640885,0.002374350477211142,0.18857816819541628,15.000000000001679,0.20608320902101696,
3760,375,ok,1.819904409832159,0.1835548545117369,-0.11215656181723138,0.13234847695323365,15.000000000001679,0.2051100830140058,
3761,376,ok,2.021365352904652,-0.012798854549823411,0.18589959937091702,0.18499668658228827,15.000000000001679,0.21271808299934492,
3762,376,ok,1.964280780342292,0.04296870676171875,0.16860457084024894,0.18585461940213494,15.000000000001679,0.23682312498567626,
3763,376,ok,1.4234953831787687,0.5776848822129895,-0.05795525554936155,0.12722373284813857,15.000000000001679,0.21568804199341685,
3764,376,ok,1.9491983001812232,0.052296694729275,0.07632724328090365,0.18453226071117393,15.000000000001679,0.20114512500003912,
3765,376,ok,1.3500589273793597,0.6519340983212332,-0.07333097659052738,0.08316365346968711,15.000000000001679,0.20041866699466482,
3766,376,ok,2.0119150770153507,-0.008070786235632049,0.12431409650033094,0.17950305723350263,15.000000000001679,0.20433899998897687,
3767,376,ok,1.786367910924062,0.2181703633062926,-0.1272535224627117,0.14465138794298354,15.000000000001679,0.20151479201740585,
3768,376,ok,1.685270594169228,0.3154967319833906,-0.05084993227985603,0.1280230911151941,15.000000000001679,0.20753158300067298,
3769,376,ok,1.9876265353053402,0.012419390814335456,0.013511692679042613,0.18619018486574765,15.000000000001679,0.21048595898901112,
3770,376,ok,1.8787888514427453,0.12278512881753874,0.07688872295054494,0.18852787673978214,15.000000000001679,0.22065533400746062,
3771,377,ok,1.9677164595349133,0.034428998907989415,0.09186242317055099,0.18774614969383618,15.000000000001679,0.22518337500514463,
3772,377,ok,1.8951752646996367,0.10674923065877177,0.08538623026100822,0.1811625739675825,15.000000000001679,0.21701512500294484,
3773,377,ok,1.4203648792379155,0.5874470404287873,-0.14876332403904485,0.11113366844131348,15.000000000001679,0.20298041598289274,
3774,377,ok,2.090281334220318,-0.08552502144351877,0.14093062521284916,0.18395893943187003,15.000000000001679,0.23143808299209923,
3775,377,ok,1.851938040611252,0.1524991762415114,0.12812186571678047,0.17096748312731813,15.000000000001679,0.21375016699312255,
3776,377,ok,1.4720204266653276,0.5304321327069974,-0.08493774155149998,0.07538594164782844,15.000000000001679,0.20837362497695722,
3777,377,ok,1.9652780372731815,0.03646340739481872,0.08271525426886255,0.1809001397891365,15.000000000001679,0.2188099580234848,
3778,377,ok,1.951106452656142,0.05042584483022376,0.07731107999818976,0.1832350225979144,15.000000000001679,0.21662533399648964,
3779,377,ok,1.4367417023334872,0.5797290209905117,-0.21692640551015524,0.0781947769608615,15.000000000001679,0.19597691600210965,
3780,377,ok,1.5746907239281105,0.42587710397140477,-0.04228456247598067,0.07515535491743461,15.000000000001679,0.19553862500470132,
3781,378,ok,1.3794093190049046,0.6319078195562468,0.17633449794703215,0.1237225013931591,15.000000000001679,0.21024624997517094,
3782,378,ok,1.8929981219952081,0.1070127102996234,-0.006403976124824143,0.1857809551702441,15.000000000001679,0.20975787501083687,
3783,378,ok,1.4535449961864355,0.5472212980314041,-0.04719215024838235,0.12954186015167216,15.000000000001679,0.18990550001035444,
3784,378,ok,1.9631784345648682,0.03708826458117256,0.03235869119129466,0.18034339048292108,15.000000000001679,0.2192973330093082,
3785,378,ok,1.8713323099173516,0.13088818057992965,0.09113517786675158,0.1822389408847801,15.000000000001679,0.21023258398054168,
3786,378,ok,1.396454049236036,0.6150921963123748,0.17920459512199788,0.11335692414883937,15.000000000001679,0.20484320799005218,
3787,378,ok,1.435482586558201,0.5786426982807519,-0.20088224700356413,0.1238919809410231,15.000000000001679,0.2146863329980988,
3788,378,ok,1.9976720799619803,0.0026876546345631085,0.0379095517045757,0.18400624232130963,15.000000000001679,0.22644333299831487,
3789,378,ok,1.9462480204926234,0.056297519243185136,0.09950891201927105,0.14163620050343761,15.000000000001679,0.2113857500080485,
3790,378,ok,1.5843062665882124,0.41860389982222157,-0.09598291875742435,0.07480765749323165,15.000000000001679,0.2107537499978207,
3791,379,ok,1.8701170291185811,0.13057991320969048,0.05105136339237577,0.1859059524395913,15.000000000001679,0.23566237499471754,
3792,379,ok,1.888537692730602,0.11183409150773804,0.03747157418385522,0.18695485707313858,15.000000000001679,0.2172204169910401,
3793,379,ok,1.8076776523013016,0.19257651989119454,-0.030312673602318367,0.13501706501122998,15.000000000001679,0.20704725000541657,
3794,379,ok,1.342599344196793,0.6607218947510763,-0.09437772956853449,0.08355717514908584,15.000000000001679,0.2288317909988109,
3795,379,ok,1.7318283746307956,0.29370561534094225,-0.296292072214752,0.087429053238383,15.000000000001679,0.26212341702193953,
3796,379,ok,1.9024008962458787,0.12184435418639752,-0.3027549176076463,0.09446385658871943,15.000000000001679,0.22813270799815655,
3797,379,ok,1.540121327165935,0.460313649803954,-0.03660116680298046,0.1115698343227984,15.000000000001679,0.22401895900839008,
3798,379,ok,1.8376517703323876,0.1628380796611296,0.042427673310607115,0.1856745489249966,15.000000000001679,0.22085720900213346,
3799,379,ok,2.0132794396922256,-0.006936179947014043,0.15969117667274899,0.1856569298947336,15.000000000001679,0.24082395900040865,
3800,379,ok,1.555951694236869,0.4468251685432397,-0.09291726280862725,0.08480358991537985,15.000000000001679,0.20550750000984408,
3801,380,ok,1.8754626978033417,0.12461011357046584,-0.01652588060007492,0.18515561525271895,15.000000000001679,0.23803883302025497,
3802,380,ok,1.9158527753136436,0.08549934901020918,0.07196606170034604,0.1787871146477168,15.000000000001679,0.21234491700306535,
3803,380,ok,1.8116538938029314,0.21323996515535737,-0.2992965232228643,0.10167157564493318,15.000000000001679,0.19700845799525268,
3804,380,ok,1.8922882035938564,0.10912804595874291,-0.0731976699127945,0.08564823047892431,15.000000000001679,0.2067788330023177,
3805,380,ok,2.0060688581746193,-0.003704332884332524,0.09737150568094383,0.18224983443739512,15.000000000001679,0.2061971669900231,
3806,380,ok,1.8712363437514163,0.1299935495676651,0.0678331004571428,0.1859302497889723,15.000000000001679,0.21695370800443925,
3807,380,ok,1.5385502694734712,0.49083289545116693,-0.2992517038290383,0.11267327964016884,15.000000000001679,0.21367433300474659,
3808,380,ok,1.3973707135354014,0.6075677659512579,-0.11737710436224873,0.07721579043767296,15.000000000001679,0.21794025000417605,
3809,380,ok,1.9336291103697436,0.07071853709149212,0.12959387850856688,0.17593266919929285,15.000000000001679,0.19283887499477714,
3810,380,ok,1.986540869582121,0.013939329229337055,0.04367652158853083,0.1860036010666477,15.000000000001679,0.20465475000673905,
3811,381,ok,1.9477432388524831,0.053724579430665914,0.07560232657281953,0.1808634355984086,15.000000000001679,0.2078080420033075,
3812,381,ok,1.5771728675429821,0.43748936072468825,-0.21455711655689585,0.07507069448460058,15.000000000001679,0.23727137499372475,
3813,381,ok,1.8862163304074768,0.11491805204727103,-0.06540714485889729,0.1870332229108358,15.000000000001679,0.1970200420182664,
3814,381,ok,1.9364824984057045,0.06391881182014233,0.03942206752149763,0.1820481134606383,15.000000000001679,0.26806408300762996,
3815,381,ok,1.9700853749950151,0.03472480086202783,0.13758552402942975,0.1864216939893842,15.000000000001679,0.31858470899169333,
3816,381,ok,2.1066452506171505,-0.10609673832629184,-0.04807016495865545,0.07351868327705907,15.000000000001679,0.23122195800533518,
3817,381,ok,1.5661057190666863,0.45005325657480866,-0.22439299418436817,0.07718272527772849,15.000000000001679,0.20338812499539927,
3818,381,ok,1.9279718975636457,0.07207150233991662,0.012936216807789709,0.13447918547038284,15.000000000001679,0.19003529200563207,
3819,381,ok,2.0400700373832246,-0.038626068981572954,0.0767431319241627,0.1785593387850273,15.000000000001679,0.21070399999734946,
3820,381,ok,1.41608418864723,0.5934335698765699,0.16390639702743062,0.11920334502131252,15.000000000001679,0.21006450001732446,
3821,382,ok,1.9884062601502455,0.016383174084064124,0.13792658680571054,0.1771684388850166,15.000000000001679,0.22104866700829007,
3822,382,ok,1.867663432409991,0.13289095010362062,-0.04550266537807238,0.14388070109481976,15.000000000001679,0.20180429198080674,
3823,382,ok,1.4088587813716298,0.591354701964883,-0.02452529656314845,0.11157829259227693,15.000000000001679,0.21341945801395923,
3824,382,ok,1.3665217972842305,0.6379978249635175,0.11104907765854917,0.12595241694647227,15.000000000001679,0.2079649170045741,
3825,382,ok,1.5627213964198985,0.43882640874387424,-0.06953546428268369,0.1269152866707995,15.000000000001679,0.19471395900473,
3826,382,ok,1.41427486571566,0.5857509115437449,0.00853882870770469,0.07507085739268507,15.000000000001679,0.20133254199754447,
3827,382,ok,2.0064003889975828,-0.004297896272009216,0.09182844858348271,0.18341341889946947,15.000000000001679,0.2038882500200998,
3828,382,ok,1.426744432277342,0.5738303054626441,-0.04049293046470733,0.11320568093726902,15.000000000001679,0.1925779169832822,
3829,382,ok,1.9519726205793053,0.04808220979846497,0.014630508740184315,0.18636213139783828,15.000000000001679,0.24503279200871475,
3830,382,ok,1.5707293036700198,0.4536748377281104,-0.27580616006993,0.1312662094867565,15.000000000001679,0.18867716699605808,
3831,383,ok,1.3869127173572053,0.6143866281601295,0.060020574353230896,0.10765458236631698,15.000000000001679,0.19367904198588803,
3832,383,ok,2.0001008179254147,-3.9825041631375395e-05,0.015619862782796855,0.1872903259227029,15.000000000001679,0.2155379590112716,
3833,383,ok,1.5430741528114702,0.4570288151551588,0.01782593092499494,0.09717725375138457,15.000000000001679,0.1903276660013944,
3834,383,ok,1.987095749767007,0.015240442685067235,0.09632766159902342,0.1835315083739037,15.000000000001679,0.22277749999193475,
3835,383,ok,1.8877669977403668,0.11227801247242736,-0.013035933515830603,0.15059121347782572,15.000000000001679,0.2178937090211548,
3836,383,ok,1.776292886315426,0.23430663191861445,-0.19376105875072014,0.10616050935332154,15.000000000001679,0.20687850000103936,
3837,383,ok,1.3781127154489872,0.6247037092627081,-0.0880611671875147,0.0851984488041293,15.000000000001679,0.19950208297814243,
3838,383,ok,1.4151556828746077,0.5880455642558781,0.09513294989011774,0.12829633096401236,15.000000000001679,0.20295508397975937,
3839,383,ok,1.9424823452804691,0.05755164566109824,-0.011491407764255925,0.1832668992653003,15.000000000001679,0.20088258301257156,
3840,383,ok,1.73637679868038,0.2755710717472707,-0.20334517058604554,0.1559172978100487,15.000000000001679,0.1963229160173796,
3841,384,ok,2.0409874604090805,-0.03845983014957558,0.10154474094541184,0.18454763008570457,15.000000000001679,0.2115426660166122,
3842,384,ok,1.8274250405434884,0.19272284401155332,0.27061330390001653,0.18351663471614868,15.000000000001679,0.21484020800562575,
3843,384,ok,1.9642751004756194,0.037490489356994686,0.08326518470679353,0.18323629437207548,15.000000000001679,0.21693979200790636,
3844,384,ok,1.4041214590721853,0.6030242073829849,-0.14147687679994075,0.12812287159983923,15.000000000001679,0.19166520799626596,
3845,384,ok,1.7375764195536683,0.30100249549534563,0.364114396139321,0.18394065765463663,15.000000000001679,0.19230541700380854,
3846,384,ok,1.5094428487946003,0.4933846885101722,-0.09234726288075965,0.07816760269695551,15.000000000001679,0.21331704198382795,
3847,384,ok,1.504448652761075,0.4958659640287352,-0.030766062916921296,0.12045620724314078,15.000000000001679,0.21858587500173599,
3848,384,ok,1.5741129342388283,0.42829952662361886,-0.0871157375359525,0.07535863803725931,15.000000000001679,0.1963644170027692,
3849,384,ok,1.9202598017075414,0.08114335429947832,0.07339536296544072,0.17896809439013991,15.000000000001679,0.20604208298027515,
3850,384,ok,1.5099001281431117,0.495145990478317,-0.12334020833896506,0.09055998165298493,15.000000000001679,0.22723941699950956,
3851,385,ok,1.4002003190871843,0.6004984412107803,0.04423031221229958,0.12171925700405128,15.000000000001679,0.2068721249816008,
3852,385,ok,1.3462794280491424,0.6545618693586454,-0.04758713066179468,0.09544701616813588,15.000000000001679,0.2007951670093462,
3853,385,ok,2.0651789123867252,-0.06052471564469338,0.13857069092767627,0.18430210988135343,15.000000000001679,0.20454179201624356,
3854,385,ok,1.375853995040788,0.6242498394842961,-0.016903003008694264,0.11788322353850673,15.000000000001679,0.1996843329980038,
3855,385,ok,1.4497765111260734,0.5558019095688226,-0.12705828508141828,0.07453617338801041,15.000000000001679,0.20506387497880496,
3856,385,ok,1.500966010394385,0.5029226945664586,-0.10797456142575212,0.08136342697398098,15.000000000001679,0.2061951250070706,
3857,385,ok,1.7972312535500963,0.2089020007734488,0.14835139333317884,0.15221471169837042,15.000000000001679,0.20399766700575128,
3858,385,ok,1.4344172683118013,0.574408236283263,-0.1588742359669844,0.0796027859207367,15.000000000001679,0.23206841698265634,
3859,385,ok,1.5577543064106594,0.4443253913112281,-0.08046732891050146,0.07304447529570404,15.000000000001679,0.21457220800220966,
3860,385,ok,1.3990504791438814,0.6029340154474372,-0.07449079136982276,0.07647140735609499,15.000000000001679,0.21817704100976698,
3861,386,ok,1.5199144785925545,0.48230386001275566,-0.08208805578825273,0.11858681880458168,15.000000000001679,0.19637825002428144,
3862,386,ok,1.5012697852271615,0.5003336504090566,0.06936719643017202,0.11923818117988655,15.000000000001679,0.21573516601347364,
3863,386,ok,1.9097362920445653,0.09761547100141846,-0.16740910661899647,0.0747698481493733,15.000000000001679,0.21683416701853275,
3864,386,ok,1.9939890014453259,0.00950921308044989,0.11806170028132934,0.185934400743089,15.000000000001679,0.2601409580092877,
3865,386,ok,1.9769867606002594,0.025529029022631173,0.09970474590706885,0.17883832979312292,15.000000000001679,0.2136152500170283,
3866,386,ok,1.432363538674048,0.5712930878416674,0.10228326389905572,0.10273574217945394,15.000000000001679,0.192078499996569,
3867,386,ok,1.9189707883883416,0.08144029962804279,0.03971854474220865,0.18655795515143905,15.000000000001679,0.2115502080123406,
3868,386,ok,1.6115258546769196,0.3981873799462955,-0.1766689291552473,0.11847331746587224,15.000000000001679,0.19245683299959637,
3869,386,ok,1.954207996446157,0.04598513746372308,0.02747381228437461,0.14403230208873222,15.000000000001679,0.2219143330003135,
3870,386,ok,1.9273152995806981,0.07409846855796161,-0.07380755508108522,0.17722118794682687,15.000000000001679,0.21560933301225305,
3871,387,ok,1.480359463668368,0.5204779557510081,-0.049786165284972705,0.07497337867612229,15.000000000001679,0.22292483298224397,
3872,387,ok,1.9283353433492116,0.07205032893947654,0.03856503944431087,0.18016634912576693,15.000000000001679,0.22634187500807457,
3873,387,ok,1.9963192133880412,0.00498580431717948,0.07217174493024535,0.1805772253500102,15.000000000001679,0.21977062497171573,
3874,387,ok,1.980726700903265,0.019288457032158705,0.007749014458993125,0.18884861247444118,15.000000000001679,0.19732345899683423,
3875,387,ok,1.8344527592261928,0.16797260051914084,0.09430023003149263,0.18509510962931855,15.000000000001679,0.1924976659938693,
3876,387,ok,1.4515089576350404,0.5486684080462886,0.02269062123139687,0.10811635696689731,15.000000000001679,0.20461037498898804,
3877,387,ok,1.4098271962170814,0.5919293752983077,-0.07035509253425237,0.10107700265567944,15.000000000001679,0.20483145900652744,
3878,387,ok,1.9064787921397728,0.09545035885257605,0.08574409183113291,0.1831998747273382,15.000000000001679,0.22101899998961017,
3879,387,ok,2.1357990929132766,-0.13184039640027678,0.12997803493316726,0.18250490424671825,15.000000000001679,0.22435008399770595,
3880,387,ok,1.9675495368908957,0.03380582096067768,0.0730180144311226,0.18198435593867995,15.000000000001679,0.20636012498289347,
3881,388,ok,1.9857201108550846,0.01736567065720055,0.11065927329310055,0.18464116403588549,15.000000000001679,0.20807312498800457,
3882,388,ok,1.555075513613761,0.4481486641686511,-0.1000863852857147,0.07516741473092722,15.000000000001679,0.19226058397907764,
3883,388,ok,2.036432688669275,-0.03445508414587438,0.0897251696781676,0.18658437821689092,15.000000000001679,0.21077458301442675,
3884,388,ok,1.6253224327703513,0.3758740777120241,-0.06235382120419661,0.10099513035286076,15.000000000001679,0.2018908750033006,
3885,388,ok,1.956695169002437,0.046775108075676176,0.11648393007058559,0.180456284204376,15.000000000001679,0.20360349997645244,
3886,388,ok,1.4045161131089896,0.6041445845425452,0.1557342965466522,0.1134707131544973,15.000000000001679,0.20176662498852238,
3887,388,ok,1.4572178221667074,0.5493219476775122,-0.1379020295358814,0.07407779523876784,15.000000000001679,0.19398033298784867,
3888,388,ok,1.3978424758680978,0.6046517891983508,-0.08346830508456524,0.10079537634892352,15.000000000001679,0.1971778750012163,
3889,388,ok,1.4378566947947884,0.5643501358336275,0.07963254538987016,0.10539316599530131,15.000000000001679,0.19106929100234993,
3890,388,ok,1.5243095161348252,0.4894515575304357,-0.20435974146577363,0.07612958233218547,15.000000000001679,0.19476516600116156,
3891,389,ok,1.5413001965043782,0.4707325810098054,-0.19221721296362498,0.13250849870155382,15.000000000001679,0.1898716670111753,
3892,389,ok,1.9944502051493735,0.007298759823986508,0.08350681541859947,0.18890752338419772,15.000000000001679,0.19587083300575614,
3893,389,ok,1.6073569091576145,0.40747383496700723,-0.21784546610390837,0.08230971391905166,15.000000000001679,0.20095004100585356,
3894,389,ok,1.8930083383528755,0.1090693078886625,0.08866615309605519,0.18670871087791763,15.000000000001679,0.19543858399265446,
3895,389,ok,1.9358697895690757,0.06782696856283967,0.11957934082922457,0.18169382795518602,15.000000000001679,0.20819637502427213,
3896,389,ok,1.5164534611531502,0.48510583073089947,0.06875140549727408,0.10164119421591149,15.000000000001679,0.18566241700318642,
3897,389,ok,1.9465889822071314,0.05353819501036814,0.022251008217612757,0.18681088864415435,15.000000000001679,0.19448500001453795,
3898,389,ok,1.5424471759541627,0.46421568367028004,-0.14321251455311443,0.12292970912773019,15.000000000001679,0.18532829199102707,
3899,389,ok,1.962405453902093,0.037699375152398164,0.020283570380747844,0.18593379435845228,15.000000000001679,0.20662220800295472,
3900,389,ok,1.6076838598697518,0.4025282955004926,-0.1809186187465027,0.12583077070397217,15.000000000001679,0.20557470800122246,
3901,390,ok,1.9862579409559922,0.01378014387041346,0.012300045825211369,0.18543343304829119,15.000000000001679,0.19229991699103266,
3902,390,ok,2.011286895917327,-0.007950469624888221,0.11580107608285363,0.1866039512013995,15.000000000001679,0.21667829199577682,
3903,390,ok,1.5092397966850795,0.49601566622738785,-0.1258407233949794,0.0806373873001217,15.000000000001679,0.20384308299981058,
3904,390,ok,1.8104656609902328,0.1900862573567979,0.044700713820661306,0.18056910914703161,15.000000000001679,0.1987190830113832,
3905,390,ok,1.4474097206103147,0.5549222069430807,0.08212838322390728,0.1047884993761196,15.000000000001679,0.1889037500077393,
3906,390,ok,1.7833399912036805,0.21754570354193203,-0.05619791156722672,0.14605530610342296,15.000000000001679,0.18818445899523795,
3907,390,ok,1.9775236307329398,0.02427268081655528,0.08426903547203113,0.1842071449932633,15.000000000001679,0.20252849999815226,
3908,390,ok,1.971378130009335,0.028872396816894644,0.03142774966058678,0.1859268720671125,15.000000000001679,0.20206775001133792,
3909,390,ok,1.740421472399927,0.26311660951650784,-0.11091884174160146,0.14872010555243712,15.000000000001679,0.17832491602166556,
3910,390,ok,1.9534084732641956,0.04826511161426611,0.08084298904841383,0.17941120767364843,15.000000000001679,0.19693979201838374,
3911,391,ok,1.9988276846465407,0.0038424510613795275,0.10328190899092426,0.18778661623062767,15.000000000001679,0.20471875002840534,
3912,391,ok,2.0180570514225433,-0.017076687188626514,0.06289595214643076,0.1866783833365774,15.000000000001679,0.20470074997865595,
3913,391,ok,1.916669058437893,0.08336141296768697,0.01080769503539359,0.18762533686949862,15.000000000001679,0.18942650000099093,
3914,391,ok,1.8691299577035931,0.13766789770391666,-0.15926688149921947,0.09271783045864675,15.000000000001679,0.18698166697868146,
3915,391,ok,1.9838624762576391,0.02147142069044022,0.14537876584421386,0.18410138621948524,15.000000000001679,0.18934429201181047,
3916,391,ok,1.554553668554691,0.450085778678296,-0.12001256168245282,0.12349586724656336,15.000000000001679,0.20615679200273007,
3917,391,ok,1.3516806879717918,0.6488840582192474,-0.03906909394657107,0.08270320824936749,15.000000000001679,0.1955236670037266,
3918,391,ok,1.486934362297502,0.5235882116924452,-0.1765843399839483,0.10381191729255698,15.000000000001679,0.20498645800398663,
3919,391,ok,1.45027167330708,0.5540167389682362,-0.11144655765371975,0.07387055870266629,15.000000000001679,0.20298400000319816,
3920,391,ok,2.0236938653317953,-0.022025263681413863,0.08216260472776366,0.18542972452814035,15.000000000001679,0.21718291600700468,
3921,392,ok,2.023132343390171,-0.022681489751706974,0.0427091311925125,0.18524136308862263,15.000000000001679,0.20795525002176873,
3922,392,ok,1.546537243692528,0.4547239454013377,-0.06244486537797711,0.10659861622717161,15.000000000001679,0.1845383329782635,
3923,392,ok,1.6096967171422218,0.39890999570658753,0.16623573421550106,0.10150506506338162,15.000000000001679,0.18094737501814961,
3924,392,ok,1.3793630697084172,0.6227005844308708,-0.0754241204679426,0.10947317682327905,15.000000000001679,0.20711195800686255,
3925,392,ok,1.9385050296730786,0.06159459294131811,-0.019652683111722878,0.18468042983575944,15.000000000001679,0.18985666701337323,
3926,392,ok,1.4067555362741924,0.5941064819189492,0.04923976701586707,0.07419086733985468,15.000000000001679,0.1924868340138346,
3927,392,ok,1.9092370306151545,0.09346453229919288,0.10153102713474862,0.185778435797872,15.000000000001679,0.18932991701876745,
3928,392,ok,1.399087901279077,0.6090681751609833,-0.15084964088619737,0.07327892872812204,15.000000000001679,0.19148158299503848,
3929,392,ok,1.576540633158479,0.43335930357020885,-0.17640095319956867,0.08719941973814244,15.000000000001679,0.18883995900978334,
3930,392,ok,1.9771197798428641,0.02301446138862841,-0.023039183305864512,0.13827953681404684,15.000000000001679,0.20187229200382717,
3931,393,ok,1.9959420994285422,0.006704181198472713,0.10274552554523259,0.1843129158126929,15.000000000001679,0.2076448749867268,
3932,393,ok,1.826029181560436,0.17443433283039436,-0.04114081625185025,0.14337543027642677,15.000000000001679,0.1964012090174947,
3933,393,ok,1.6799225473641672,0.3474264059164677,-0.3018944869989333,0.1084449248642915,15.000000000001679,0.18193012499250472,
3934,393,ok,1.8782208053343674,0.12321368483263202,0.07339292058074849,0.12442816426079815,15.000000000001679,0.18621600000187755,
3935,393,ok,1.7842581252575478,0.21934391178388174,0.11331792906001617,0.18868442333438967,15.000000000001679,0.18886683299206197,
3936,393,ok,1.4243884987506255,0.5870398188331256,-0.18007254596393701,0.12398584292569635,15.000000000001679,0.1915678750083316,
3937,393,ok,1.9823360397977128,0.019280977636541845,0.0800520401265681,0.1870923573694589,15.000000000001679,0.265665834012907,
3938,393,ok,1.932631347192672,0.06748880268676626,0.021549858717261554,0.18419953078470755,15.000000000001679,0.2162073329964187,
3939,393,ok,1.9239613338680672,0.08754388615830179,-0.2100924245395388,0.09188786258307141,15.000000000001679,0.20839325000997633,
3940,393,ok,1.9907287592782357,0.01533693222418107,0.1552852228131788,0.18664204478913846,15.000000000001679,0.22557795900502242,
3941,394,ok,1.9419047511265388,0.058187628168102176,0.01894135814571693,0.18497349066584207,15.000000000001679,0.19925495798815973,
3942,394,ok,2.0622537030312995,-0.06096839671467791,-0.07279837504805717,0.07420384925583998,15.000000000001679,0.18529912500525825,
3943,394,ok,1.47861995080536,0.52233683791762,-0.053184004591106435,0.11579177559813696,15.000000000001679,0.20665070798713714,
3944,394,ok,1.7927788606542796,0.21913178313003046,-0.20631150562009856,0.09224815076315332,15.000000000001679,0.1950087079894729,
3945,394,ok,1.384910248560905,0.6163811555312174,-0.059793727094892314,0.10980245884673717,15.000000000001679,0.1882634999928996,
3946,394,ok,2.0572551648916844,-0.055184813714649075,-0.0922723953855837,0.07512391847150093,15.000000000001679,0.19346595800016075,
3947,394,ok,1.697725528129059,0.31219670050820675,-0.18328118039151908,0.14539188504985537,15.000000000001679,0.19086100001004525,
3948,394,ok,1.9359808422812657,0.06491327055608291,-0.058831719421782835,0.18586413935774856,15.000000000001679,0.19267512499936856,
3949,394,ok,1.4719306192356802,0.5283424556654379,-0.028351720348139552,0.07458611731378477,15.000000000001679,0.1894657500088215,
3950,394,ok,2.071383089607801,-0.05767301252585257,0.23792788284676145,0.18383899201267317,15.000000000001679,0.2020161249965895,
3951,395,ok,1.5207244781876825,0.48777027087706554,0.1605122578371371,0.0977653711408849,15.000000000001679,0.17672104202210903,
3952,395,ok,1.4837307878872867,0.5283796876324339,-0.1891843205760339,0.09531034830506621,15.000000000001679,0.18586770800175145,
3953,395,ok,1.9526799749355677,0.047918536251649525,0.04834297678532739,0.18152833028837476,15.000000000001679,0.1899285000108648,
3954,395,ok,2.109890938154916,-0.10897176404414918,-0.06227254108146035,0.07494316513937745,15.000000000001679,0.18723633300396614,
3955,395,ok,1.5115801674424367,0.49107895328097195,-0.08962074187183348,0.11208017346032419,15.000000000001679,0.18690579198300838,
3956,395,ok,1.6844651579311367,0.3315551232840329,-0.2317640214619408,0.07693855128856135,15.000000000001679,0.19881787500344217,
3957,395,ok,1.4288539547233339,0.5782994734825156,-0.1427978880390714,0.10330501238124051,15.000000000001679,0.1987202080199495,
3958,395,ok,1.6025924619084215,0.4198009805753097,-0.26697126807007404,0.1274001795777574,15.000000000001679,0.1938102499989327,
3959,395,ok,1.9443270564855908,0.05886959364228122,0.11144706409519617,0.1861300708336415,15.000000000001679,0.21370962500805035,
3960,395,ok,1.4109579520074913,0.5890546552142546,0.0059645922415633695,0.12174277387789625,15.000000000001679,0.1909763750154525,
3961,396,ok,1.9774014617798814,0.025400972099091552,0.10523887144016253,0.1866938373984849,15.000000000001679,0.19682612500037067,
3962,396,ok,1.66401933302923,0.34352253748356687,-0.1582490343419607,0.07568993799018739,15.000000000001679,0.186829458019929,
3963,396,ok,1.4578728927760527,0.5541694669061452,-0.18699583167748723,0.0990456513493112,15.000000000001679,0.19944179098820314,
3964,396,ok,1.5184259925448482,0.4876808889192036,-0.13604558462367564,0.07437346440610562,15.000000000001679,0.18984766700305045,
3965,396,ok,1.877259668917494,0.13311054219687446,0.19704724531891005,0.176961323277701,15.000000000001679,0.1784176669898443,
3966,396,ok,1.5214425555267586,0.47994838143909985,-0.06504249901550377,0.07440995042535083,15.000000000001679,0.21338037500390783,
3967,396,ok,1.9796397853319532,0.02729852940479534,0.16559766779957535,0.1849113323575826,15.000000000001679,0.24483970800065435,
3968,396,ok,1.4977305659290479,0.5142763809525066,-0.18926747190831517,0.08947864133230415,15.000000000001679,0.20180049998452887,
3969,396,ok,1.5347725398486074,0.4664786719283224,0.061960353635390056,0.08709889924543793,15.000000000001679,0.2003283329831902,
3970,396,ok,1.9642790297661112,0.035755758353628854,0.01169042077802837,0.18496867126833155,15.000000000001679,0.20063445897540078,
3971,397,ok,1.9880565202451008,0.01811048054012661,0.1564693591223894,0.18289633673439612,15.000000000001679,0.2122852499887813,
3972,397,ok,1.375787360411231,0.6249128691668927,0.04388899274847163,0.081692950778941,15.000000000001679,0.18957954199868254,
3973,397,ok,1.9649051350618445,0.03801695591259457,0.10712014052419555,0.18370494144058808,15.000000000001679,0.19595079199643806,
3974,397,ok,1.8312322957740392,0.17043906062282574,0.07822077851293449,0.18294523345626493,15.000000000001679,0.19260433400631882,
3975,397,ok,1.92998868797557,0.07017134461009872,0.02485350175865036,0.18467530460896872,15.000000000001679,0.18665691601927392,
3976,397,ok,1.5343488940323815,0.4774186472558367,-0.18966431634375966,0.11697264271924171,15.000000000001679,0.19064654200337827,
3977,397,ok,1.5440381785513635,0.45854930217673706,-0.08935123392761853,0.0738004514149107,15.000000000001679,0.1958079999894835,
3978,397,ok,2.010181468424781,-0.008936465196279839,-0.0707376477067536,0.07267210496589574,15.000000000001679,0.18529679099447094,
3979,397,ok,1.4901144199812786,0.5138117583597329,-0.1080994682981992,0.07467854394524441,15.000000000001679,0.19433583301724866,
3980,397,ok,1.9955410049319562,0.005219109040902936,0.055073581954261375,0.18671228142025914,15.000000000001679,0.2055599169980269,
3981,398,ok,1.8494720262417035,0.15076155508178646,-0.02939302106045074,0.18557130472335637,15.000000000001679,0.1862496249959804,
3982,398,ok,2.014911265937144,-0.011841209394557187,0.11118614024360358,0.18541039988598337,15.000000000001679,0.20172149999416433,
3983,398,ok,1.4079790128889833,0.5952042722419801,-0.09462485935868702,0.11447895627077286,15.000000000001679,0.19667083301465027,
3984,398,ok,1.544864482674022,0.4647473207755238,-0.17206243274387728,0.0878877232524377,15.000000000001679,0.18966733399429359,
3985,398,ok,1.4489721095693826,0.5540271365033624,0.09318075091606332,0.11034048486795493,15.000000000001679,0.1828347079863306,
3986,398,ok,1.9965430343096107,0.009619801875068256,0.15675061327594178,0.18171472938520764,15.000000000001679,0.19829170900629833,
3987,398,ok,1.9968377415235568,0.007183121469903162,0.12665644325679032,0.18651829029930464,15.000000000001679,0.20154308300698176,
3988,398,ok,1.440762039466782,0.5593049438602918,-0.013892788887903178,0.11276193662910922,15.000000000001679,0.19134399999165908,
3989,398,ok,1.6650352635746009,0.34605904963145734,-0.19188997274725475,0.11059020276883019,15.000000000001679,0.18661270901793614,
3990,398,ok,1.5013203502894987,0.50033350477652,-0.0704499630766925,0.11876469577079893,15.000000000001679,0.18860862500150688,
3991,399,ok,1.4407588853239048,0.5594730138139997,0.025848940203801928,0.12751712126928938,15.000000000001679,0.1794134160154499,
3992,399,ok,1.4133841271330394,0.5869246743324782,-0.02954343956364463,0.11263453723365009,15.000000000001679,0.18681024998659268,
3993,399,ok,1.9660562645351476,0.03711414641289613,0.11160806917747824,0.1843165070893949,15.000000000001679,0.21854687499580905,
3994,399,ok,1.982890193121472,0.018297410642691764,0.0686175291878697,0.18577154420368208,15.000000000001679,0.20184770799824037,
3995,399,ok,1.5287863331773226,0.4718233489478234,-0.04317146845681386,0.10059593388655089,15.000000000001679,0.19156379101332277,
3996,399,ok,1.4184891391876715,0.5890577013479544,0.14612757394777678,0.09736515964864849,15.000000000001679,0.18519308301620185,
3997,399,ok,1.95574845981919,0.04628335612854728,0.08912526883438333,0.18531460839064748,15.000000000001679,0.1936729160079267,
3998,399,ok,1.4965269613376395,0.5168251918342379,-0.19946286479674294,0.1176612989419239,15.000000000001679,0.19883041697903536,
3999,399,ok,1.4195814138518752,0.5817094612401615,-0.06052551708177488,0.11589212985523138,15.000000000001679,0.1889548329927493,
4000,399,ok,1.4174970669786022,0.5862593693350912,-0.10312790165675512,0.13034034253279636,15.000000000001679,0.18660429198644124,
4001,400,ok,1.497655519164888,0.5031614009291803,-0.04945970498047455,0.10966740862494116,15.000000000001679,0.19559491600375623,
4002,400,ok,2.0042249271927792,-0.0007921398306503511,0.11725345185873333,0.18410362850020176,15.000000000001679,0.21834925000439398,
4003,400,ok,1.9706149588697095,0.03232455822886102,0.10759494398818138,0.18133477392526157,15.000000000001679,0.20367099999566562,
4004,400,ok,1.3571841247442202,0.6437428032928234,0.05015141909982154,0.12728915336343316,15.000000000001679,0.19275499999639578,
4005,400,ok,1.4980980506889114,0.5221394647047057,0.24540987692964294,0.12979780767507224,15.000000000001679,0.18665537500055507,
4006,400,ok,1.5759882539317889,0.4330650002935611,-0.1686821959364736,0.13302154479687298,15.000000000001679,0.186734000017168,
4007,400,ok,1.3833759213514647,0.6186542524735906,-0.07491906009634328,0.11504943439375412,15.000000000001679,0.1868224170175381,
4008,400,ok,1.4455673448936996,0.5561316706684682,0.07006565618326477,0.12238358459066033,15.000000000001679,0.18607812499976717,
4009,400,ok,2.0205068056467104,-0.019737853269683775,0.055738278895586184,0.1817025426020899,15.000000000001679,0.20041562500409782,
4010,400,ok,1.9776525828079703,0.023287973375067644,0.060986081062723276,0.18638760639657254,15.000000000001679,0.2021432080073282,
4011,401,ok,1.8780350029926214,0.12275630419886861,0.0545121916675971,0.13873904424256936,15.000000000001679,0.180555832979735,
4012,401,ok,1.930342083336607,0.07073936870521289,-0.06460630957074748,0.155826105289303,15.000000000001679,0.21536845798254944,
4013,401,ok,1.9435302780543648,0.05753578682048307,0.06436398240442533,0.18071402074029327,15.000000000001679,0.2037131670222152,
4014,401,ok,1.7816246026569207,0.2184519227134312,-0.016512816505968687,0.1384837602941484,15.000000000001679,0.18478920799680054,
4015,401,ok,1.9554043359980688,0.04601253758009329,0.0744252238549694,0.18288381932103265,15.000000000001679,0.20288766600424424,
4016,401,ok,1.3417563743810261,0.6592672041159873,-0.052399792300680516,0.07903358673959444,15.000000000001679,0.18310808402020484,
4017,401,ok,1.5740151881335984,0.4262159534467877,-0.02697382601419007,0.11507853507053029,15.000000000001679,0.1963404999987688,
4018,401,ok,1.9924995069811218,0.01333913462680395,0.1524233949058903,0.18486946690682593,15.000000000001679,0.2053437090071384,
4019,401,ok,1.9996656355299025,0.0037953856089988024,0.11760013351728181,0.18325980387006893,15.000000000001679,0.19708375001209788,
4020,401,ok,2.0141530201883016,-0.01128402831619892,0.10746602334608304,0.18054871937400516,15.000000000001679,0.2529346249939408,
4021,402,ok,1.446160486753444,0.5576730093151796,0.10522834878980249,0.1254959574103245,15.000000000001679,0.19487612499506213,
4022,402,ok,1.6665950220285701,0.33374145312864123,-0.03348764590946668,0.10069333734521932,15.000000000001679,0.17681158299092203,
4023,402,ok,1.5600490388293344,0.44808845549824133,-0.15913378520759314,0.07703727895403654,15.000000000001679,0.19239479198586196,
4024,402,ok,1.8204321149723885,0.18001092958663167,-0.04016053782915477,0.18504593659262839,15.000000000001679,0.19766291699488647,
4025,402,ok,1.3779036127437165,0.6231838608033057,-0.05473284991387436,0.07600345131197866,15.000000000001679,0.18506362498737872,
4026,402,ok,1.9518545893718677,0.051262698940278295,0.11026907776205323,0.18187697700273414,15.000000000001679,0.21075579099124297,
4027,402,ok,1.3624339937203924,0.6402937731268662,-0.08617055092852001,0.11015443325140928,15.000000000001679,0.20051424999837764,
4028,402,ok,1.5717785325318732,0.4537860339743037,-0.28232981882035696,0.10270591459590922,15.000000000001679,0.19644425000296906,
4029,402,ok,1.472763473003774,0.5273013917015502,0.013822319991499885,0.07290468163975636,15.000000000001679,0.17662287500570528,
4030,402,ok,1.8788256171346733,0.12153925693125506,-0.03702615766055671,0.13543642130664943,15.000000000001679,0.19070912501774728,
4031,403,ok,1.3617800039235033,0.6382262341292766,0.004121853001374141,0.0803656208951803,15.000000000001679,0.20007941700168885,
4032,403,ok,2.018613780147527,-0.015016899466950227,0.12045118622946495,0.185056079278425,15.000000000001679,0.20272116700652987,
4033,403,ok,1.4360546993050933,0.5639663532568491,0.00777591266727368,0.12454741432393514,15.000000000001679,0.19051799998851493,
4034,403,ok,1.405972324600616,0.5946438201228543,0.04161952935793211,0.07820362573121498,15.000000000001679,0.18478749998030253,
4035,403,ok,1.8855866697027157,0.1294228155970356,-0.23744070028463185,0.09504541654235685,15.000000000001679,0.1970300000102725,
4036,403,ok,1.8473415808352984,0.15266322799871784,0.004215103194720476,0.18632491288842878,15.000000000001679,0.208893667004304,
4037,403,ok,1.5492735622110905,0.4551439808124503,0.11691214883936843,0.08886925757285181,15.000000000001679,0.1945017919933889,
4038,403,ok,1.8446904373319364,0.1641246970383428,0.1801240726813985,0.16523537252038645,15.000000000001679,0.18026645900681615,
4039,403,ok,1.9330927216416343,0.06692005034870133,-0.007026999359160703,0.18808380940367356,15.000000000001679,0.20424229200580157,
4040,403,ok,1.9090155130910549,0.09275883791638588,0.08228838846550429,0.18477933607818842,15.000000000001679,0.1847809590108227,
4041,404,ok,1.8310082983475593,0.1810293664832863,-0.20961207747033578,0.09400082294991827,15.000000000001679,0.1844508750073146,
4042,404,ok,1.9187081550269731,0.08130964483303854,-0.008264693357332448,0.1256486939330342,15.000000000001679,0.19410475000040606,
4043,404,ok,1.4762312896334278,0.5266291156793184,-0.09185345790369512,0.07555398362416173,15.000000000001679,0.1945337090000976,
4044,404,ok,1.4602151719040768,0.5449798201863203,-0.12306349821868247,0.1241686390947313,15.000000000001679,0.1876340830058325,
4045,404,ok,1.530125835664544,0.47000993098106164,-0.02038287692018672,0.12155280318868626,15.000000000001679,0.20123554198653437,
4046,404,ok,1.8236818957138163,0.17632151313940375,-0.0035260907794416514,0.18736591969560767,15.000000000001679,0.19878391700331122,
4047,404,ok,1.8304763615974442,0.18795376324381186,0.25909871907200593,0.15532929035826906,15.000000000001679,0.19858391702291556,
4048,404,ok,1.9616159640999897,0.04003874901709197,0.08055485868305327,0.18211521922669638,15.000000000001679,0.20431908301543444,
4049,404,ok,1.8422711241623044,0.15988509588577676,-0.08910687167072927,0.18359999001050958,15.000000000001679,0.18748304099426605,
4050,404,ok,1.9329675201158274,0.06707413999054236,0.01269068672019479,0.18235767697910757,15.000000000001679,0.19641470900387503,
4051,405,ok,1.872912793421703,0.1270878037703684,-0.0014956526952099153,0.18510713484398592,15.000000000001679,0.1980242090066895,
4052,405,ok,1.980936193659006,0.01913672070623628,0.016996237636235048,0.07790904891252431,15.000000000001679,0.2140346250089351,
4053,405,ok,1.5315280554463884,0.47237236967640966,-0.10923372964120631,0.11407869430458153,15.000000000001679,0.18585745900054462,
4054,405,ok,1.463643246444662,0.5388301985162626,-0.0850550650757756,0.07542476715892354,15.000000000001679,0.19397958400077187,
4055,405,ok,2.0068662304549654,-0.0029266701522162922,0.12568540461595587,0.18061173413841297,15.000000000001679,0.2147170000243932,
4056,405,ok,1.3499618854068725,0.6508049663944946,-0.04549564095071759,0.12315705126911114,15.000000000001679,0.1945820839900989,
4057,405,ok,2.002129493237345,-0.0011670785265393512,0.062071181013271366,0.18441616437584074,15.000000000001679,0.20343954200507142,
4058,405,ok,1.9402237299746143,0.06004246921951243,-0.03213877914107621,0.18818220086123924,15.000000000001679,0.20143033299245872,
4059,405,ok,1.7649276402018863,0.23685940336518843,-0.07940284407274116,0.13882227265548314,15.000000000001679,0.21170774998608977,
4060,405,ok,1.5621912449771482,0.44017093690687187,-0.08587653820029245,0.12336740979458959,15.000000000001679,0.19204404100310057,
4061,406,ok,1.8985654509928007,0.10176529281579365,-0.035436819055712866,0.18439351546777033,15.000000000001679,0.20947962498757988,
4062,406,ok,1.4381303455369747,0.5720141163431766,-0.17051453554210425,0.1005676713817457,15.000000000001679,0.1806992499914486,
4063,406,ok,1.3708374103699776,0.6300881628538245,-0.0503662994139584,0.09996129473098049,15.000000000001679,0.19611024999176152,
4064,406,ok,1.5081376307766703,0.49976871631024317,-0.1542245402108649,0.11608931740403036,15.000000000001679,0.2006319999927655,
4065,406,ok,1.9350854845638,0.06739015366690818,0.09785200266677876,0.18410766085957897,15.000000000001679,0.19111270899884403,
4066,406,ok,1.4289249138676525,0.5721870884092521,-0.056362212220861234,0.07608216018294181,15.000000000001679,0.20367195797734894,
4067,406,ok,1.959217315255232,0.04459364288420063,0.12214117629627579,0.18272947390115973,15.000000000001679,0.20851016699452884,
4068,406,ok,1.8315888191147625,0.16842993213524798,-0.00828787114513496,0.1440882413489069,15.000000000001679,0.17664704102207907,
4069,406,ok,1.4042855029735122,0.5982810795126224,-0.08486366601361896,0.1158378281470263,15.000000000001679,0.18138745802571066,
4070,406,ok,2.093485435802092,-0.07954519071141336,0.2411909403450044,0.18416193058491628,15.000000000001679,0.2168527910253033,
4071,407,ok,1.8228560248032248,0.17984264837114874,0.09915292468132944,0.18417169997860003,15.000000000001679,0.20776587500586174,
4072,407,ok,1.9684396344172042,0.03748508705011729,0.1526099957206286,0.18107166638818414,15.000000000001679,0.206528666021768,
4073,407,ok,1.9087744030959821,0.0916791584559386,-0.041608744789868785,0.1846240399331612,15.000000000001679,0.19949762499891222,
4074,407,ok,1.3601784434237716,0.6456875805627813,0.12618743405276675,0.10087075536602241,15.000000000001679,0.2117025830084458,
4075,407,ok,1.9513842353924833,0.05025731059513335,0.08002424164329239,0.18084548532528066,15.000000000001679,0.2330310830147937,
4076,407,ok,1.6317959666365098,0.37325832124927016,-0.12833389009314058,0.11678628647391914,15.000000000001679,0.20892283399007283,
4077,407,ok,1.4475035260114917,0.554059321933313,-0.06724591681099079,0.12580564606166053,15.000000000001679,0.19224166599451564,
4078,407,ok,1.9695464273891778,0.030454386253275016,0.0017902548730804712,0.1876180166576712,15.000000000001679,0.19931900000665337,
4079,407,ok,1.9126758085002122,0.08788773989948562,-0.04642685855453756,0.18563986318142928,15.000000000001679,0.2084016670123674,
4080,407,ok,1.3620909092511897,0.6379229628473185,0.006147351145416082,0.1219896687609059,15.000000000001679,0.20879299999796785,
4081,408,ok,1.9889913328072908,0.013020770507782293,0.08944307434919535,0.18529052554659953,15.000000000001679,0.1906162080122158,
4082,408,ok,1.929117763709628,0.07327373430074516,0.09602730509933734,0.1853916886128923,15.000000000001679,0.203827250021277,
4083,408,ok,1.3989360566069136,0.6063461420988504,-0.12145375594086567,0.08173326215194307,15.000000000001679,0.2046563340118155,
4084,408,ok,1.5233346127017846,0.48110308626928533,-0.11619168522147365,0.1249101376773417,15.000000000001679,0.185408749995986,
4085,408,ok,1.9414058875318065,0.05940747558381225,-0.056191407912328316,0.0785520366603867,15.000000000001679,0.21308683400275186,
4086,408,ok,1.9907786526974316,0.014006935003651983,0.13795357850455658,0.179912758765,15.000000000001679,0.2238082910189405,
4087,408,ok,2.0027672092380926,0.005978231531424024,0.18695903634965202,0.1817265752168497,15.000000000001679,0.23312154100858606,
4088,408,ok,1.6167620063746255,0.3886596939697743,-0.13229438166045918,0.08316687068067756,15.000000000001679,0.1830574159976095,
4089,408,ok,1.4703903202975774,0.5392566979829662,-0.16815677101200763,0.11868957784835403,15.000000000001679,0.20504504200653173,
4090,408,ok,1.4107261998761123,0.5910434560542753,-0.07063899977643792,0.11637359282170744,15.000000000001679,0.2078748329950031,
4091,409,ok,1.4794504487179498,0.537820127575728,-0.22539665234666412,0.07324108672745336,15.000000000001679,0.21583916700910777,
4092,409,ok,1.4793398502129267,0.5344680609506429,0.201649517862642,0.0891937862183598,15.000000000001679,0.20620924999821,
4093,409,ok,1.4039676340720257,0.6024280060468038,-0.13385678630345488,0.07381246802619375,15.000000000001679,0.19413541699759662,
4094,409,ok,1.3842416092674494,0.6203416012310958,-0.11255014675139961,0.07974056684056416,15.000000000001679,0.1915132080030162,
4095,409,ok,1.8972281329770708,0.10422631646015058,-0.07427468853797098,0.151363987935318,15.000000000001679,0.21597379201557487,
4096,409,ok,1.39671610263339,0.6043046988572268,0.053390052663298944,0.11617824073868924,15.000000000001679,0.190393041993957,
4097,409,ok,1.9492445391089515,0.05463479218926998,0.12291656310515846,0.18183407726842246,15.000000000001679,0.23761991699575447,
4098,409,ok,1.8182192356312201,0.1835901915355647,-0.0810962177513307,0.14308143057607728,15.000000000001679,0.19761608299450018,
4099,409,ok,1.4314108062979414,0.5802823344514964,-0.18258873600534525,0.11149172107550909,15.000000000001679,0.19569541700184345,
4100,409,ok,1.3620083022460872,0.6388328357895122,-0.047859862749984654,0.12829384294687649,15.000000000001679,0.19362312500015832,
4101,410,ok,1.9813770978105476,0.020762748698728795,0.09206034319693066,0.18835961736780493,15.000000000001679,0.20001529098954052,
4102,410,ok,1.3858313987488795,0.615119453173207,-0.05132773888452792,0.12160464283009234,15.000000000001679,0.19804987500538118,
4103,410,ok,1.461037911594318,0.5420705191332901,-0.09525443787882751,0.07613836639689997,15.000000000001679,0.19371337501797825,
4104,410,ok,1.986274121526621,0.019818974818153142,0.15546058457409873,0.18468792920833918,15.000000000001679,0.2084369579970371,
4105,410,ok,1.9468807198377267,0.05664165218456242,0.11705925530225156,0.1817728720109136,15.000000000001679,0.21458116700523533,
4106,410,ok,1.9748805611625042,0.026715317781384,0.07937753951151723,0.18536058152294904,15.000000000001679,0.19564145800541155,
4107,410,ok,1.4515508353898352,0.5530195695533755,-0.11509761780953472,0.12868737767014077,15.000000000001679,0.19119570901966654,
4108,410,ok,1.513336392202576,0.49181321166648995,-0.12473831592963325,0.11838861448381002,15.000000000001679,0.1876293329987675,
4109,410,ok,2.078775759825741,-0.0645915564318742,0.24242599850118898,0.18443166356922538,15.000000000001679,0.23173850000603124,
4110,410,ok,1.5957270563225816,0.4139997316404826,-0.17592039973655874,0.08675189794786957,15.000000000001679,0.2034427920007147,
4111,411,ok,1.457065039297617,0.5443015934023787,-0.06309261266196425,0.10981569344024736,15.000000000001679,0.20870250000734814,
4112,411,ok,1.6864095784519773,0.31571427308592426,-0.0846100254585677,0.07432441449987162,15.000000000001679,0.18827087501995265,
4113,411,ok,1.3988412237629813,0.6069652636081384,-0.12732239592613567,0.11175494509542525,15.000000000001679,0.20557487502810545,
4114,411,ok,1.8908620642504208,0.10929736176591069,-0.02455361065132688,0.18415367578685107,15.000000000001679,0.21401674998924136,
4115,411,ok,1.4686006132337481,0.5353789961217749,-0.10804201122378848,0.12428292516127265,15.000000000001679,0.19633391700335778,
4116,411,ok,1.5859270310803761,0.43418354094620737,-0.2517605300035314,0.0784910029095399,15.000000000001679,0.20081495799240656,
4117,411,ok,1.5175568798181744,0.4894214769889927,-0.14536646553231197,0.08822970936330803,15.000000000001679,0.19201295799575746,
4118,411,ok,1.5114491526741738,0.4983132938818257,-0.17150970172974545,0.10101965986911163,15.000000000001679,0.19181324998498894,
4119,411,ok,1.3571335384730612,0.6440833401075179,-0.057458268982164364,0.1216660155733051,15.000000000001679,0.1994303329847753,
4120,411,ok,1.413364171511682,0.5902338475858293,-0.10078530061595654,0.12957426390425086,15.000000000001679,0.20575329201528803,
4121,412,ok,1.9942444056283715,0.006341304164833948,0.048329637913817496,0.18759602117904203,15.000000000001679,0.21403595901210792,
4122,412,ok,1.4698983209561467,0.5331889000213534,-0.09521696765352207,0.12587046425649648,15.000000000001679,0.19653166699572466,
4123,412,ok,1.4099286178872712,0.5960090920951489,-0.12926034990677632,0.11238659905131741,15.000000000001679,0.19631504200515337,
4124,412,ok,1.4546815991102584,0.5537002770022088,-0.15593481345257995,0.1161190891866725,15.000000000001679,0.19494074999238364,
4125,412,ok,1.9235192783839485,0.07680109497748967,0.035105356214174065,0.1863563846448773,15.000000000001679,0.20182245899923146,
4126,412,ok,1.9617031035510837,0.03899858016820811,0.05246425354133492,0.18539981730392222,15.000000000001679,0.21247291698819026,
4127,412,ok,1.555603728495479,0.44746155974174784,-0.09760815349912386,0.13591449079899584,15.000000000001679,0.19076091700117104,
4128,412,ok,1.928804724990349,0.072187341453778,0.061854835656101156,0.18305867746642393,15.000000000001679,0.20796299999346957,
4129,412,ok,1.430226036073581,0.5718459845934706,-0.07695857678617887,0.07413301317773024,15.000000000001679,0.2358890000032261,
4130,412,ok,1.4056120676702275,0.601052403674451,-0.13671469385234533,0.1275526112285948,15.000000000001679,0.19064816701575182,
4131,413,ok,1.7275023350206091,0.2787598586084938,0.14695813405254046,0.1884092603115085,15.000000000001679,0.1926115420064889,
4132,413,ok,1.4149332479975585,0.5893990804614763,-0.11063969489289205,0.10877228993449287,15.000000000001679,0.1919097499921918,
4133,413,ok,1.6212842588531178,0.3804535552924722,-0.0750463952506045,0.13226908302526164,15.000000000001679,0.18994320899946615,
4134,413,ok,1.392006536721821,0.6080732935609262,0.014907789170481174,0.12793892781360533,15.000000000001679,0.2353218750213273,
4135,413,ok,1.547651643219266,0.46895820655490605,-0.22613410950965404,0.07556044118988041,15.000000000001679,0.2035047080134973,
4136,413,ok,1.3962366144701797,0.613838758583059,-0.16743266222751735,0.08917606067977514,15.000000000001679,0.19578987499698997,
4137,413,ok,1.4647142304152267,0.5391930457077063,-0.10691500863836748,0.07608462014106528,15.000000000001679,0.1880497079982888,
4138,413,ok,1.5673821968149186,0.44866084075221485,0.22368228333226375,0.12082013330473211,15.000000000001679,0.20153570800903253,
4139,413,ok,1.423003264832346,0.5816463843951594,-0.1149404751347055,0.07561480758361387,15.000000000001679,0.20232133302488364,
4140,413,ok,1.8517852079207628,0.1482286195699875,-0.007156178761698166,0.14445050851097346,15.000000000001679,0.1953096670040395,
4141,414,ok,1.693013956822362,0.3088129295571888,-0.07862919789984883,0.13604495975321082,15.000000000001679,0.20890029199654236,
4142,414,ok,1.612776276495382,0.39938032082248986,-0.19764604892583296,0.07563473097457334,15.000000000001679,0.18930462500429712,
4143,414,ok,1.4030926106802628,0.6004445980296216,-0.09956681656600354,0.07597334434788816,15.000000000001679,0.18528750000405125,
4144,414,ok,1.597362211413184,0.40670972497002006,-0.11398304236029383,0.10470598781782639,15.000000000001679,0.20122524999896996,
4145,414,ok,1.5970023164224616,0.4081646728148114,-0.12836155882479755,0.10291990200106371,15.000000000001679,0.19197754099150188,
4146,414,ok,1.3703707073323241,0.6318205670199426,-0.07746557096454663,0.10639155631923096,15.000000000001679,0.1819925419986248,
4147,414,ok,1.4945634652781719,0.5066482076447175,-0.06016956052326594,0.07626551745385501,15.000000000001679,0.1805204159754794,
4148,414,ok,1.5531144719306003,0.4600311064676105,-0.20164416647375571,0.12846208589458905,15.000000000001679,0.18705466701067053,
4149,414,ok,1.4872940598248852,0.5217024011782414,-0.1633396146322499,0.08583063063670178,15.000000000001679,0.18505124998046085,
4150,414,ok,1.6477659762384633,0.35494312002350126,0.0944487908397101,0.09981326135014326,15.000000000001679,0.18305837499792688,
4151,415,ok,1.6823751113796723,0.32015746567653924,-0.09227716547173076,0.07489940804659807,15.000000000001679,0.1863587080151774,
4152,415,ok,1.9315456887640337,0.06873408005419776,-0.032873914260693915,0.18779436470316052,15.000000000001679,0.1940784159814939,
4153,415,ok,1.9474655067382973,0.05325543102993542,0.052985687888435835,0.18527314719445745,15.000000000001679,0.2006385829881765,
4154,415,ok,1.3466607771243202,0.6534951056059312,-0.02048946114213154,0.1263688561722476,15.000000000001679,0.17780958299408667,
4155,415,ok,1.9744328358988559,0.026322591538713976,0.05461236860950881,0.18768944875440946,15.000000000001679,0.19817758398130536,
4156,415,ok,1.4615588371201438,0.5386433752120433,0.024311510696344175,0.1169237257941158,15.000000000001679,0.19144833300379105,
4157,415,ok,1.4338584596332629,0.5682851419069185,-0.07837504307737986,0.09696645088983806,15.000000000001679,0.18125079199671745,
4158,415,ok,1.4238994574757302,0.5842280773789387,-0.15191947905894992,0.1336133310821618,15.000000000001679,0.18234508301247843,
4159,415,ok,2.0800319800330564,-0.07143598735396466,0.1889073536290829,0.18836692784777312,15.000000000001679,0.19311295900843106,
4160,415,ok,1.3887329327289624,0.6129082644724287,-0.0674957456221891,0.1265748546162576,15.000000000001679,0.17789558300864883,
4161,416,ok,1.4018701335586277,0.599716729077221,0.06668307534515186,0.09660666335088118,15.000000000001679,0.1814520000189077,
4162,416,ok,2.005867138637261,-0.005755836567811631,0.02113059249027403,0.18694027117922385,15.000000000001679,0.19199783401563764,
4163,416,ok,1.7400466439421818,0.2749799800191981,-0.22818469221199617,0.09621509192227609,15.000000000001679,0.1823383750161156,
4164,416,ok,1.602351764505544,0.40530635039974505,-0.15647153459543495,0.1233169406869901,15.000000000001679,0.1800410840078257,
4165,416,ok,1.940108374233513,0.05993046031863991,0.012275380709403013,0.18551877882835546,15.000000000001679,0.19430520798778161,
4166,416,ok,1.4048954469213735,0.597455959012809,-0.08124918382191039,0.11269731141295247,15.000000000001679,0.18553795898333192,
4167,416,ok,1.4691189555788926,0.5412952222869792,-0.17461637127836263,0.0754457358001493,15.000000000001679,0.17765933301416226,
4168,416,ok,1.3846894657555537,0.6155816382381867,-0.02739920055655443,0.11832287644025032,15.000000000001679,0.18602141700102948,
4169,416,ok,1.7650485105153646,0.23546525911391183,-0.04258394860241533,0.13214450073131076,15.000000000001679,0.18094525000196882,
4170,416,ok,2.0213766333942096,-0.021230623197388963,-0.02429530574419755,0.18462279350696292,15.000000000001679,0.18475129202124663,
4171,417,ok,1.4342790996274575,0.5665758964999958,-0.049516412767479034,0.11490395748008041,15.000000000001679,0.18502008297946304,
4172,417,ok,1.5087302968611167,0.49836041018042854,-0.14610150907209285,0.07412298472236192,15.000000000001679,0.183207374997437,
4173,417,ok,1.6373669598670209,0.38121683044664995,-0.24599107958415936,0.07578807863996827,15.000000000001679,0.18682766699930653,
4174,417,ok,1.8281655362757276,0.17286915451030005,-0.06149879256061298,0.1853889368098882,15.000000000001679,0.18265287502435967,
4175,417,ok,1.6891788619015564,0.3396111397662078,-0.3105383395115097,0.13333205020055947,15.000000000001679,0.22621520899701864,
4176,417,ok,1.9337081868982284,0.0734689016300225,0.1664490285060317,0.17845782566648447,15.000000000001679,0.19589262499357574,
4177,417,ok,1.7944003068423002,0.20562498570405588,0.009527290599732471,0.18802753831988897,15.000000000001679,0.19914358301321045,
4178,417,ok,1.932926954773066,0.06712789716939056,0.01456181951050638,0.13611638598790513,15.000000000001679,0.2145023329940159,
4179,417,ok,1.4251177124801309,0.5767392958250404,-0.07272869018481441,0.07394423853553984,15.000000000001679,0.20379491700441577,
4180,417,ok,1.714116421631731,0.28701287347491705,-0.06221102206932279,0.10719989818384679,15.000000000001679,0.21069716700003482,
4181,418,ok,1.3844345006063123,0.6160415920523412,0.03630442865589551,0.11908489088808322,15.000000000001679,0.1888126250123605,
4182,418,ok,1.5245574864685816,0.49111857178025464,-0.21806504791217843,0.07600695344336779,15.000000000001679,0.1879006249946542,
4183,418,ok,1.8725938307050842,0.13063464140024858,-0.10991274203642133,0.11761368807237242,15.000000000001679,0.1870504999824334,
4184,418,ok,1.9962962535519535,0.01032210201265901,0.16242103991244777,0.18493934596603182,15.000000000001679,0.20574904201203026,
4185,418,ok,1.4234586966703529,0.5784001290748794,0.0727218544327619,0.10143681110818142,15.000000000001679,0.17801149998558685,
4186,418,ok,1.8928766883459052,0.11267740648122726,0.14489853441955172,0.18316231437966102,15.000000000001679,0.17783775000134483,
4187,418,ok,1.4189116542441444,0.5814983245211142,-0.03410687926868736,0.07616439972864894,15.000000000001679,0.18623362499056384,
4188,418,ok,1.3803725800976716,0.6196819959165724,0.012274668575772115,0.121858371187405,15.000000000001679,0.19246316599310376,
4189,418,ok,1.4192747170869984,0.582617522229497,-0.07326414042032064,0.1062588696761118,15.000000000001679,0.1779508340114262,
4190,418,ok,2.11819300220383,-0.1174616786377023,-0.05565639303873356,0.07429113121724365,15.000000000001679,0.17807704099686816,
4191,419,ok,1.6649266834270633,0.3447471988640701,-0.1792178158529402,0.08838416378597577,15.000000000001679,0.1862934170057997,
4192,419,ok,1.9826308043204839,0.020816510084372568,0.11686581829554007,0.18618254091458142,15.000000000001679,0.19463587499922141,
4193,419,ok,1.5660880211869597,0.4512208178153632,-0.2321954670892062,0.13030698328450696,15.000000000001679,0.18117595801595598,
4194,419,ok,1.9955530770425312,0.005163467695096471,0.05347235431194624,0.1801162497067662,15.000000000001679,0.19690879099653102,
4195,419,ok,1.4529495180147842,0.5609775047506529,-0.20069020919251837,0.09172700264622924,15.000000000001679,0.17966279198299162,
4196,419,ok,1.366209481907886,0.6358254482611045,0.074539525374111,0.12790843652995434,15.000000000001679,0.17831120899063535,
4197,419,ok,1.4662065834020235,0.5338673794258478,0.014726985428264993,0.09263797246687379,15.000000000001679,0.17898512500687502,
4198,419,ok,1.6056730494001596,0.4077399235587771,-0.2071081614553093,0.07531600867604851,15.000000000001679,0.18210470798658207,
4199,419,ok,1.832261322472796,0.1739251190689166,0.1504396326181667,0.18028137180159684,15.000000000001679,0.17888066699379124,
4200,419,ok,1.5321517023741749,0.46790727152659,0.013442858586780588,0.10530788387762875,15.000000000001679,0.18034250001073815,
4201,420,ok,1.493561968046787,0.50682572304269,-0.034028385633260744,0.14018502857161258,15.000000000001679,0.1780515410064254,
4202,420,ok,1.6662838673403793,0.3364753341200392,-0.09585203476074834,0.14359878729633288,15.000000000001679,0.17648245897726156,
4203,420,ok,1.998840109660905,0.008063883145671896,0.16598882601102732,0.1813337570402777,15.000000000001679,0.203407833003439,
4204,420,ok,1.3292169833722602,0.6717718256839647,-0.05126115330679891,0.09441001476207447,15.000000000001679,0.1850871670176275,
4205,420,ok,1.9484272052497942,0.05285022090983324,0.07054297942841958,0.1875082455199324,15.000000000001679,0.18435916700400412,
4206,420,ok,1.9153561076818073,0.08838294840803826,0.11962134966994054,0.18148758767066345,15.000000000001679,0.18612291701720096,
4207,420,ok,1.932958751112614,0.06904264593678808,0.08793878718766077,0.1784751014656287,15.000000000001679,0.18989558299654163,
4208,420,ok,1.9702142802814497,0.02995319608287954,-0.025688530531937533,0.1849453422163673,15.000000000001679,0.19583341598627158,
4209,420,ok,1.4672414991770204,0.5404994705084702,-0.15051850823461776,0.10947734547796911,15.000000000001679,0.18362120899837464,
4210,420,ok,1.5525666277635126,0.4557720741792988,-0.16069613175325717,0.07609504729105318,15.000000000001679,0.18877520901151001,
4211,421,ok,1.813351041689185,0.18743732145760497,-0.05346528547076991,0.1786315334617962,15.000000000001679,0.1827755420235917,
4212,421,ok,1.395970863366424,0.6048092543052158,0.04666298849871821,0.13076257878516323,15.000000000001679,0.20342316600726917,
4213,421,ok,1.8418659844410281,0.15833983328075643,0.027534250681030565,0.13563060897939053,15.000000000001679,0.1817790409841109,
4214,421,ok,1.8476783842838782,0.1569382095898076,0.13053217411756565,0.18735895861087026,15.000000000001679,0.1888422080082819,
4215,421,ok,1.4602762434742294,0.5489725594981711,0.16409166391355282,0.12115477374280914,15.000000000001679,0.17837412498192862,
4216,421,ok,1.854327274543018,0.16343210563911842,-0.25602345696630063,0.07374340129060016,15.000000000001679,0.18587750001461245,
4217,421,ok,1.9934196939131057,0.007776644576038387,0.06905199623407915,0.1871612601805512,15.000000000001679,0.18995229099527933,
4218,421,ok,1.3660934500085418,0.6342755652061991,-0.03175031280779787,0.1250915684414794,15.000000000001679,0.18230024998774752,
4219,421,ok,1.5375257530326931,0.46466469495719853,-0.08204232034673953,0.07461753928698292,15.000000000001679,0.18492841700208373,
4220,421,ok,1.4513698463575573,0.5486361498790141,-0.004171987289997056,0.126473429334481,15.000000000001679,0.19681695898179896,
4221,422,ok,1.4476944458939534,0.559822747313148,-0.14733868981211712,0.07559039012178784,15.000000000001679,0.1796165420091711,
4222,422,ok,1.9092844664434478,0.0925495141064138,-0.08366491299561135,0.1841924718833594,15.000000000001679,0.18847112500225194,
4223,422,ok,1.9449457117898012,0.056273059820685395,0.06884332814946843,0.18403290155987578,15.000000000001679,0.1911867079907097,
4224,422,ok,1.510019280395909,0.5045602138942077,-0.20932766969333313,0.07575269436287846,15.000000000001679,0.19607412500772625,
4225,422,ok,1.9464050377753424,0.0573558042172838,0.12093841271058402,0.18730320903193381,15.000000000001679,0.19646341699990444,
4226,422,ok,1.9541979228355364,0.046151875890868894,-0.03697336243777378,0.07908121259022889,15.000000000001679,0.19722220799303614,
4227,422,ok,1.9593215482604687,0.04105762660420184,0.0385448724506488,0.1855131929349796,15.000000000001679,0.2040636669844389,
4228,422,ok,2.008079446391861,-0.0036978139037390514,0.13258255382523657,0.18704595625187545,15.000000000001679,0.20544004198745824,
4229,422,ok,1.8330575675739864,0.16696933618650803,0.00993134229239844,0.18820831474927419,15.000000000001679,0.1831287500099279,
4230,422,ok,1.5565714835422173,0.464745206873965,-0.25672456750446465,0.11716879968560515,15.000000000001679,0.18134391700732522,
4231,423,ok,1.834725652962747,0.16568137958997128,-0.03864479857142728,0.14891188838973074,15.000000000001679,0.18000216598738916,
4232,423,ok,1.9367116677306715,0.06356635926320627,0.03281522431685652,0.1334815479322146,15.000000000001679,0.17890858300961554,
4233,423,ok,1.9395114481190885,0.06078426560658994,0.03386728312148927,0.18600608278522088,15.000000000001679,0.18853695900179446,
4234,423,ok,1.9188204559751147,0.08233026933094716,-0.06644355758257772,0.12012312063972315,15.000000000001679,0.18949045799672604,
4235,423,ok,1.409251349466017,0.5943736117028955,0.10101397177929211,0.08225657624199324,15.000000000001679,0.18040383301558904,
4236,423,ok,1.8597877924370305,0.14349599292869372,0.11046947372911035,0.18751845459703764,15.000000000001679,0.19109387500793673,
4237,423,ok,1.4960583190670753,0.5220248480401581,-0.2319050328024061,0.11180387662271252,15.000000000001679,0.18418495799414814,
4238,423,ok,1.3429158397428476,0.657249553445294,0.021075837097850294,0.10816549597546858,15.000000000001679,0.18226800000411458,
4239,423,ok,1.8922487826703127,0.10926382916287354,0.07564514396470892,0.16121562023779193,15.000000000001679,0.17686466700979508,
4240,423,ok,1.3894952908562335,0.6123940554726086,0.07243553012089297,0.09221718298759692,15.000000000001679,0.18727270798990503,
4241,424,ok,1.6187760120172936,0.39371475644844356,-0.20070748224998972,0.11922462250093264,15.000000000001679,0.18619666699669324,
4242,424,ok,1.8296213332825808,0.19094708906679392,0.27357227316894167,0.16344188276847588,15.000000000001679,0.17544516699854285,
4243,424,ok,1.4117678139581602,0.5922853851511228,0.10690146710443439,0.11939556606523509,15.000000000001679,0.19068970801890828,
4244,424,ok,1.9955851891668202,0.011467398196646907,0.16762559108668493,0.18073298745132627,15.000000000001679,0.19437916702008806,
4245,424,ok,1.5129688299198805,0.5038192166946351,-0.22476152690546772,0.08017889952826929,15.000000000001679,0.18527383299078792,
4246,424,ok,1.5588661685459821,0.45924663069813176,-0.23694469063933785,0.1317419404812193,15.000000000001679,0.18064341699937358,
4247,424,ok,1.4906933666282367,0.5264027981638276,-0.22511774707923266,0.07761964959109399,15.000000000001679,0.18574883398832753,
4248,424,ok,1.9645243944247883,0.03631188304596312,0.05731557923977652,0.18576717480128888,15.000000000001679,0.18624741598614492,
4249,424,ok,1.511524609290276,0.5232948246084597,0.3225654498887976,0.08077975473360985,15.000000000001679,0.18601516701164655,
4250,424,ok,1.6035322407531576,0.40183410592773244,-0.13107792399573767,0.131173759789316,15.000000000001679,0.17967608300386928,
4251,425,ok,1.7778558644186553,0.227703276937577,0.14048416305762576,0.18928693523015458,15.000000000001679,0.18213608401129022,
4252,425,ok,1.9767830623981753,0.02609214629964067,0.10657889511694556,0.1850039179088456,15.000000000001679,0.20057245800853707,
4253,425,ok,1.3590825932622634,0.641032845944279,0.01771354019313,0.11873079508318098,15.000000000001679,0.18614770800922997,
4254,425,ok,1.8634499589089772,0.13660623441594588,0.014471480240392446,0.1381018597223807,15.000000000001679,0.18622924998635426,
4255,425,ok,2.005804125364891,0.0005609831818378195,0.15966780312898263,0.1857577225797981,15.000000000001679,0.2051841669890564,
4256,425,ok,1.3701428037441454,0.6307283486997708,0.04885128040708401,0.12103082467754549,15.000000000001679,0.2007860830053687,
4257,425,ok,1.6612509041749755,0.36075246625185076,-0.269484859913842,0.07680366372836481,15.000000000001679,0.18792699999175966,
4258,425,ok,1.9607497372394507,0.03957647379547046,0.03576492679110427,0.09985219944200457,15.000000000001679,0.20139745800406672,
4259,425,ok,1.9637504306133589,0.03633343278824985,0.018148458583942678,0.18074765169832765,15.000000000001679,0.21770641699549742,
4260,425,ok,1.3458666515719888,0.6553251972922405,0.05662789751037303,0.10571217182590552,15.000000000001679,0.19644704199163243,
4261,426,ok,1.9315329444116254,0.06862531550301099,0.02472536009037827,0.1793546127997126,15.000000000001679,0.19605050000245683,
4262,426,ok,1.8837503895110779,0.1162499710339896,0.0011654843167989352,0.18288469676224584,15.000000000001679,0.1839467920071911,
4263,426,ok,1.8732064924764664,0.1287615691029461,0.08584461654592855,0.1395898492526596,15.000000000001679,0.1786870420037303,
4264,426,ok,1.5875385883548416,0.4164686183280668,-0.11272591882908463,0.07402823055575027,15.000000000001679,0.18561766599304974,
4265,426,ok,1.9311515754158586,0.06894812724347259,-0.019623250359228798,0.18058690031485852,15.000000000001679,0.195289249997586,
4266,426,ok,1.387747549837926,0.6129206651138408,0.043060199871070626,0.07484658058916906,15.000000000001679,0.20501912498730235,
4267,426,ok,1.9888427481796187,0.011428192742846136,0.03282749409680121,0.18557040799014357,15.000000000001679,0.22632345801685005,
4268,426,ok,1.9806165639034314,0.02217872646946559,-0.10519022377906838,0.08288765159719859,15.000000000001679,0.21738187500159256,
4269,426,ok,1.907752822129743,0.09243550066315036,0.02680505948050979,0.18532637639924088,15.000000000001679,0.21825412497855723,
4270,426,ok,1.9815856065171344,0.025790644813380923,-0.17081843533270386,0.07399315085652604,15.000000000001679,0.20642025000415742,
4271,427,ok,1.9189742848397267,0.08103755951992421,0.006742247614236168,0.18673053632985173,15.000000000001679,0.21761116597917862,
4272,427,ok,1.6881679034576706,0.333278464174435,-0.26823533003677447,0.0756002588932012,15.000000000001679,0.21753895899746567,
4273,427,ok,1.930625355701659,0.0710598667352247,0.08064878398729125,0.18430799315470126,15.000000000001679,0.2628496249963064,
4274,427,ok,1.439864431827946,0.5679316795393605,-0.14963257525103643,0.07913303952324863,15.000000000001679,0.21508879199973308,
4275,427,ok,1.6467168965441599,0.36799622816464045,-0.2196365772798092,0.07693213562453984,15.000000000001679,0.2059874580008909,
4276,427,ok,1.934214893117229,0.06636164796820704,0.04722262496161276,0.1848486798616088,15.000000000001679,0.19047754199709743,
4277,427,ok,1.67130054156146,0.3430993689928224,-0.21891961810592866,0.07672268110936215,15.000000000001679,0.2072014170116745,
4278,427,ok,1.9945141664657569,0.005490239267030942,-0.004192203896108228,0.14414410122231944,15.000000000001679,0.1953510000021197,
4279,427,ok,1.402088365244906,0.6060176786752941,0.15054923377194016,0.09899371210084189,15.000000000001679,0.1850562499894295,
4280,427,ok,1.9582817710335776,0.04208506637184084,0.03790260463670242,0.07824130427369122,15.000000000001679,0.2094945410208311,
4281,428,ok,1.4424369558614538,0.5615055390060472,-0.10657418695244471,0.12320356847889899,15.000000000001679,0.19666074999258853,
4282,428,ok,1.9815632638588832,0.018487075824982498,-0.014124446978235032,0.07836499112581584,15.000000000001679,0.19360025000059977,
4283,428,ok,1.897697540209344,0.1048534267785354,0.0983637134492942,0.18264694743487284,15.000000000001679,0.1775146670115646,
4284,428,ok,1.9969744230924333,0.0056828103969674805,0.10298443445112761,0.1870989935916606,15.000000000001679,0.18939229199895635,
4285,428,ok,1.4294548396148037,0.5730834327648279,0.08514839192831009,0.09001373413196304,15.000000000001679,0.18487829199875705,
4286,428,ok,1.9618371625514595,0.039336963699387516,0.06786391126677488,0.1628937533855717,15.000000000001679,0.201872249977896,
4287,428,ok,1.4781364376986486,0.5339935481152964,-0.18897727769462924,0.07569038682861502,15.000000000001679,0.18947416701121256,
4288,428,ok,2.0427896476948355,-0.03948177523660642,0.11620513416768814,0.18751510983574765,15.000000000001679,0.20073291700100526,
4289,428,ok,2.017261539351917,-0.014088315801697745,0.11310337881577782,0.18366317846925836,15.000000000001679,0.20091408398002386,
4290,428,ok,1.845488526583614,0.16969386839062098,-0.23623582781803,0.07846109184271678,15.000000000001679,0.18628687498858199,
4291,429,ok,1.5360237537189743,0.4753339164181354,-0.18644652199509237,0.09397371856362473,15.000000000001679,0.18824929097900167,
4292,429,ok,1.4229076109122434,0.582574506403065,0.12478397049891297,0.12485280984925583,15.000000000001679,0.19094208400929347,
4293,429,ok,1.3909308652375438,0.6099854880262281,-0.05048097040250956,0.12630067600415107,15.000000000001679,0.21133624998037703,
4294,429,ok,1.4844525975311258,0.5159358106125407,-0.03395579618636404,0.08319552212203955,15.000000000001679,0.19713945899275132,
4295,429,ok,1.3990824416957297,0.6109557380350141,-0.16729529868897217,0.11270780415904987,15.000000000001679,0.18009337500552647,
4296,429,ok,1.9415314416378597,0.06014331441672379,0.08062492335656497,0.18032131060775752,15.000000000001679,0.21168758400017396,
4297,429,ok,1.4237829438823204,0.5762704861251166,0.012334610321964827,0.088150831067539,15.000000000001679,0.1857992080040276,
4298,429,ok,1.4105122305689137,0.5954492100661833,-0.1295447068806136,0.11712647851884447,15.000000000001679,0.1830108749854844,
4299,429,ok,1.483493782061394,0.5260091939713393,-0.16764517636304893,0.0768519903609254,15.000000000001679,0.1903595000039786,
4300,429,ok,1.454931489594323,0.5497366305128631,0.11645513529669539,0.09806534361054903,15.000000000001679,0.18981041602091864,
4301,430,ok,1.9435312817869435,0.05825732646466496,0.08336206005280809,0.18394315556251092,15.000000000001679,0.19117116599227302,
4302,430,ok,1.9540836298636772,0.04697183192374112,0.06421687630130701,0.1882321653216657,15.000000000001679,0.1979775840009097,
4303,430,ok,1.4069083346667177,0.5939418746053294,-0.0489040915088099,0.09306981607569044,15.000000000001679,0.179330957995262,
4304,430,ok,1.5842983234369235,0.425899024707451,-0.17946391622856264,0.08900136193983102,15.000000000001679,0.18608004198176786,
4305,430,ok,1.9814749507170917,0.019652408275077703,0.06683110255413538,0.1865944605726366,15.000000000001679,0.20651245798217133,
4306,430,ok,1.4365506142228108,0.5635563049342236,0.01752649793067959,0.07410222854552684,15.000000000001679,0.19938437500968575,
4307,430,ok,1.39700199845582,0.6046362204326569,-0.06763509711010862,0.11223008032644485,15.000000000001679,0.1966464589932002,
4308,430,ok,1.993150938005303,0.007971024789123508,0.06686720864313835,0.18441489299179045,15.000000000001679,0.18868279198068194,
4309,430,ok,1.3762174381042225,0.6243806843278488,-0.040570128072656066,0.09000528988383705,15.000000000001679,0.18046454200521111,
4310,430,ok,1.4414069023436824,0.5683046284822451,-0.1670395800361336,0.1219632601135307,15.000000000001679,0.18492004199652,
4311,431,ok,1.404531674177132,0.596379316594513,-0.05057866035326648,0.10909136489143403,15.000000000001679,0.1858744590135757,
4312,431,ok,1.5447529787099377,0.4563689273404353,-0.058863203727856056,0.12536051630435807,15.000000000001679,0.18468979198951274,
4313,431,ok,1.8892991100260714,0.11190730206764216,0.06750623052590388,0.18344372579430096,15.000000000001679,0.1902572079852689,
4314,431,ok,1.477366599449273,0.5374238455799234,-0.20852592570250994,0.09697888484611418,15.000000000001679,0.17993220800417475,
4315,431,ok,1.4501228236233652,0.5538892550940201,-0.10779571912127694,0.1075130561020088,15.000000000001679,0.1820274580095429,
4316,431,ok,2.0007521098075096,0.0029867290956858334,0.1222579270691811,0.1859654538733127,15.000000000001679,0.195966541999951,
4317,431,ok,1.4541175395172932,0.5500665830527591,-0.11023114419947287,0.0758127219191013,15.000000000001679,0.1841962079924997,
4318,431,ok,1.9471812291834518,0.055394315169957624,0.10011728028197686,0.18388488622796986,15.000000000001679,0.18669454101473093,
4319,431,ok,1.3722612014260556,0.6277388096876408,0.00017464761237755358,0.1066055863569904,15.000000000001679,0.18404733401257545,
4320,431,ok,1.9021818814461586,0.098094652278486,0.032433908342263465,0.1862364426175633,15.000000000001679,0.18373041701852344,
4321,432,ok,1.3437809879629006,0.6587035569202915,-0.08167738605190261,0.09177222798747664,15.000000000001679,0.18737087500630878,
4322,432,ok,1.5601924436419514,0.4403777927997569,-0.04217857282182182,0.0743357068763176,15.000000000001679,0.1760746669897344,
4323,432,ok,1.4716572733525668,0.5383157406216729,-0.17103875612604033,0.11092793740010683,15.000000000001679,0.188027541997144,
4324,432,ok,1.6136054575945267,0.4026100576291189,-0.22818401519649686,0.12837664224760204,15.000000000001679,0.18335870900773443,
4325,432,ok,1.6385750295517456,0.3705496644678913,-0.17268390632830355,0.12464411172220997,15.000000000001679,0.1793281249993015,
4326,432,ok,1.8397913590787727,0.16241892816148562,-0.0901556951153609,0.14078847377882234,15.000000000001679,0.17561483301687986,
4327,432,ok,1.525711428792865,0.48443783427507653,-0.17568917374825765,0.07555986056075754,15.000000000001679,0.19250454197754152,
4328,432,ok,1.4563977176850598,0.5477539079814436,-0.1098890362824316,0.1294825953429935,15.000000000001679,0.18283549998886883,
4329,432,ok,1.9511468003666803,0.0488802680082386,-0.010277549004046203,0.18578622061550046,15.000000000001679,0.1905317089986056,
4330,432,ok,1.4455654216697051,0.5580877444255746,-0.1027055770218215,0.10328182587665599,15.000000000001679,0.1816896660020575,
4331,433,ok,1.4823354399069515,0.5337673819339154,-0.21789966985567072,0.10986431380939152,15.000000000001679,0.1807312919991091,
4332,433,ok,1.603491281723921,0.40284128243951356,-0.14236685529000567,0.09602081043570279,15.000000000001679,0.18799404098535888,
4333,433,ok,1.5384070723370764,0.47123663632871665,-0.17198516829423913,0.12154476346574607,15.000000000001679,0.19045720898429863,
4334,433,ok,1.408524142837897,0.5916035746689695,0.018967605858593233,0.08577378431431476,15.000000000001679,0.176337415992748,
4335,433,ok,1.7102778047443465,0.3014305109629965,-0.19977952926592274,0.09811973503740229,15.000000000001679,0.1792252909799572,
4336,433,ok,1.3354588555361884,0.664954405797027,-0.03322071987865831,0.10786548653095503,15.000000000001679,0.17972204100806266,
4337,433,ok,1.8847443067755796,0.11525573382212291,-0.0003911937822866493,0.1868610534331475,15.000000000001679,0.20299874999909662,
4338,433,ok,1.9392036393757144,0.06353047829717785,0.10293952828753042,0.17562073468921935,15.000000000001679,0.18805079101002775,
4339,433,ok,1.5230339992300537,0.48366869853586963,-0.14273032968079108,0.10412071441251862,15.000000000001679,0.18531254198751412,
4340,433,ok,1.4016334585854708,0.5991336879776193,-0.046367316798399276,0.12521841920097834,15.000000000001679,0.19680795798194595,
4341,434,ok,1.7005716758080855,0.30092969195771885,-0.0714430744707161,0.13955116483313734,15.000000000001679,0.22017350001260638,
4342,434,ok,1.3330857975878487,0.6687341636315237,0.06963488097621948,0.1264947285060742,15.000000000001679,0.2003524589817971,
4343,434,ok,1.537680492298342,0.4659798302665091,-0.10603497180507308,0.07571841344215106,15.000000000001679,0.2042490410094615,
4344,434,ok,1.4219022977143387,0.5788807887314906,-0.04718401857499486,0.11927580984207596,15.000000000001679,0.186798958980944,
4345,434,ok,1.4195711564472597,0.5882134313340162,-0.1484619572528198,0.10899066409537654,15.000000000001679,0.18041891598841175,
4346,434,ok,1.5857935150693212,0.4163090228283572,-0.08163308925332233,0.11312970685425668,15.000000000001679,0.2005162909917999,
4347,434,ok,1.5023065741010702,0.4992237484918107,-0.06779148542643439,0.10172586284631285,15.000000000001679,0.20260183399659581,
4348,434,ok,1.9645106135173733,0.03698196819431561,0.07656472704936149,0.1880317882097437,15.000000000001679,0.2086045419855509,
4349,434,ok,1.5238814760536692,0.49021488028110916,-0.2067937265366738,0.07571682834474004,15.000000000001679,0.1942792919871863,
4350,434,ok,1.8033940096192704,0.1985927313459326,-0.08462745636589607,0.17798822871698247,15.000000000001679,0.20014062500558794,
4351,435,ok,1.923546782665045,0.07869701393664272,0.09288197265924152,0.1482628664967231,15.000000000001679,0.19739070802461356,
4352,435,ok,1.9344127804437479,0.06789058295896797,-0.09437163623396322,0.18656900887035005,15.000000000001679,0.20935270900372416,
4353,435,ok,1.4023329835396523,0.6036098876982237,-0.1289668600418541,0.1037190080750173,15.000000000001679,0.19592804100830108,
4354,435,ok,1.5678809324705671,0.4321296551005821,-0.005761943227337763,0.11205440350469627,15.000000000001679,0.20587341600912623,
4355,435,ok,1.8317447272529226,0.16946306842624578,0.06650780377841556,0.1860163952878984,15.000000000001679,0.20151408298988827,
4356,435,ok,1.3814461851356232,0.6205230036095711,-0.0737345160383368,0.08260303367319488,15.000000000001679,0.19348162499954924,
4357,435,ok,1.9102240526042042,0.09217051500435111,0.09561687784521353,0.16426301934001414,15.000000000001679,0.2503939580055885,
4358,435,ok,2.000183392685721,0.006776076306024073,0.1667093110469651,0.1835765074903299,15.000000000001679,0.2432354589982424,
4359,435,ok,1.5162992564036781,0.5035001274485826,-0.24423670163171426,0.0746253154407082,15.000000000001679,0.19315816700691357,
4360,435,ok,1.9588790642790388,0.04135839499261964,0.030500026308777024,0.18457065395844097,15.000000000001679,0.1956864579988178,
4361,436,ok,1.9537271155931997,0.04630143230315828,0.010561665750873618,0.1338387623776681,15.000000000001679,0.19292295799823478,
4362,436,ok,1.9279148750799384,0.08625638939819792,-0.23332629177885886,0.07277933148410741,15.000000000001679,0.18595762498443946,
4363,436,ok,1.4287782020414472,0.5740056189460825,0.08914693394304342,0.12816845891882805,15.000000000001679,0.18992966698715463,
4364,436,ok,1.3768391556545465,0.6234731271313012,-0.029322837752267954,0.12334016961809068,15.000000000001679,0.18966166698373854,
4365,436,ok,1.8806269861055933,0.12020921357776704,0.05607548618327567,0.18493880167482485,15.000000000001679,0.1935976670065429,
4366,436,ok,1.989224416697168,0.016934906044743726,0.1564180715915482,0.18434716363703496,15.000000000001679,0.1938673340191599,
4367,436,ok,1.9301143027103314,0.07004294780262843,-0.024637333472202632,0.1881678229596183,15.000000000001679,0.1781719169812277,
4368,436,ok,1.4231212681683763,0.5815377768636508,-0.11506113787136416,0.1050164130291676,15.000000000001679,0.18414837500313297,
4369,436,ok,1.383938330907015,0.6191137671942031,-0.09186139450883929,0.0880329897922871,15.000000000001679,0.18414012499852106,
4370,436,ok,1.4356668145293945,0.5718893320977204,-0.14710242202181367,0.10808148449061977,15.000000000001679,0.1809397920151241,
4371,437,ok,1.973464496355594,0.026549010900668826,-0.007301506619195556,0.0791663931508618,15.000000000001679,0.21345920901512727,
4372,437,ok,1.6133507478522027,0.3867217595550791,0.015295571326423327,0.10412120031173247,15.000000000001679,0.2044973750016652,
4373,437,ok,1.4106499347658104,0.5928749340609926,-0.09966086122911658,0.10527931154461372,15.000000000001679,0.19554774998687208,
4374,437,ok,1.5336330438598886,0.4835872655463262,-0.2291783846824979,0.07979135811566433,15.000000000001679,0.18752062501152977,
4375,437,ok,1.5166612628995213,0.5000127087427,-0.22427552797074893,0.07716214739359842,15.000000000001679,0.1884143750066869,
4376,437,ok,1.9089667791320042,0.09106683589858369,0.01132867262188921,0.15558641457511124,15.000000000001679,0.1817249160085339,
4377,437,ok,1.812532892407936,0.20386674045421135,-0.24327104228431934,0.07551670362568094,15.000000000001679,0.19117712500155903,
4378,437,ok,1.4339806069224108,0.5715027324317196,-0.12528342899011716,0.07513424685362739,15.000000000001679,0.1786513749975711,
4379,437,ok,1.924378455297149,0.07651605568296246,0.05866817848214348,0.15810212936093423,15.000000000001679,0.18545579200144857,
4380,437,ok,1.884035148615958,0.11878905203074448,0.10312036879768627,0.18773033628238375,15.000000000001679,0.19944804199622013,
4381,438,ok,1.3462264367612953,0.657674777848497,0.10241394929858011,0.11620113171799636,15.000000000001679,0.1904659589927178,
4382,438,ok,1.3658374202256933,0.646327434158699,0.181885796524648,0.09514571727528334,15.000000000001679,0.18476904201088473,
4383,438,ok,1.9870549101545256,0.022761296005562044,0.19726713714049168,0.18740268886809686,15.000000000001679,0.19711354200262576,
4384,438,ok,1.9448944950271734,0.05540178580173323,0.03394675424713907,0.13423166372278883,15.000000000001679,0.18890362497768365,
4385,438,ok,1.6043081069233835,0.4185898202675375,-0.2700858111390357,0.07639604535413322,15.000000000001679,0.18071474999305792,
4386,438,ok,1.4052096336489834,0.5953975596800609,-0.04130495305871285,0.10822669041457085,15.000000000001679,0.18206116699730046,
4387,438,ok,1.951975791443115,0.05065920717307234,0.10139015633117827,0.18390074213051286,15.000000000001679,0.19616008299635723,
4388,438,ok,1.9868914623286562,0.013416919945015513,-0.03500498698409865,0.1790354445945224,15.000000000001679,0.18234441700042225,
4389,438,ok,1.3825542912126922,0.6206650087473561,-0.09429395556820319,0.10966977200795691,15.000000000001679,0.19315345800714567,
4390,438,ok,1.8982049944933868,0.10365352234234627,0.08397760293702355,0.1795455095078744,15.000000000001679,0.19749083300121129,
4391,439,ok,1.3431019117581764,0.6578165231659067,-0.049661452677228574,0.10553038997810585,15.000000000001679,0.19735845798277296,
4392,439,ok,1.8564552152278548,0.1438179990070139,-0.03184878861707454,0.18939450718050513,15.000000000001679,0.18516191700473428,
4393,439,ok,1.4252563022132498,0.5844686636326454,-0.16621240254757838,0.10997314942543274,15.000000000001679,0.1772922920063138,
4394,439,ok,1.9336177291650762,0.06713368793196649,0.05390122646123467,0.18243391591663685,15.000000000001679,0.18203754199203104,
4395,439,ok,1.9289185987816493,0.07847769582153515,-0.16875720805478067,0.07610747324647982,15.000000000001679,0.17831287501030602,
4396,439,ok,2.005795010929528,-0.004407235588836739,0.07460066882341551,0.18072945648162403,15.000000000001679,0.1897679160174448,
4397,439,ok,1.4080368781036148,0.5939740498836671,0.07522551228962959,0.07418370300509189,15.000000000001679,0.17842662500333972,
4398,439,ok,1.6493721353314803,0.3623334289680974,-0.1961546403543326,0.0877604207549061,15.000000000001679,0.17604312498588115,
4399,439,ok,1.4831044695014517,0.5169277086644142,-0.00976965341236425,0.07505726648785409,15.000000000001679,0.17651275001117028,
4400,439,ok,1.6699972056487296,0.3315616024013399,-0.07213861859628581,0.07469470923085696,15.000000000001679,0.17552758401143365,
4401,440,ok,1.4401725131439174,0.5609784326653808,0.05756558312988132,0.12140301720855504,15.000000000001679,0.17870641700574197,
4402,440,ok,1.3901330403187933,0.6100805063030051,-0.024365361213441922,0.08469358400168402,15.000000000001679,0.17764758298289962,
4403,440,ok,1.8609847566612645,0.13930404214505399,-0.0327844009835668,0.14414927853003973,15.000000000001679,0.17534887499641627,
4404,440,ok,1.5858612653060624,0.4214607009412223,-0.15221574861087186,0.12814501212549956,15.000000000001679,0.1794697500008624,
4405,440,ok,1.548651838320674,0.45327455098544583,-0.07721982714775313,0.09227688500768583,15.000000000001679,0.1736277500167489,
4406,440,ok,1.4285364596846932,0.5726267656738191,0.057637371363504906,0.11787758700355935,15.000000000001679,0.19331420899834484,
4407,440,ok,1.7356073107461674,0.26688674344516194,-0.09301170393787273,0.1502164979063682,15.000000000001679,0.17703658298705705,
4408,440,ok,1.9008989067338815,0.09918596064728186,0.01796222206936991,0.16097541361870613,15.000000000001679,0.1807715419854503,
4409,440,ok,1.4961813149398104,0.5054829329839583,0.07054972411560904,0.11612423189187701,15.000000000001679,0.17879995802650228,
4410,440,ok,1.4210887133452654,0.5847648439429394,0.12885101574085006,0.09870688999950064,15.000000000001679,0.17625166598008946,
4411,441,ok,1.9178892905638105,0.08278678907144982,0.050919885117650575,0.14106425235694314,15.000000000001679,0.17681350000202656,
4412,441,ok,1.9700914630302706,0.034646270009761886,0.13654702017330742,0.18283421130360689,15.000000000001679,0.1927738749946002,
4413,441,ok,1.5234022327939056,0.4766845790025831,-0.01626318028306739,0.10871099686073739,15.000000000001679,0.17684704199200496,
4414,441,ok,1.4009467536244578,0.60038382287215,-0.06104394493256379,0.07490582563106934,15.000000000001679,0.17667166600585915,
4415,441,ok,1.4517526485807808,0.5519455521855997,-0.10355708003919772,0.12612561365797462,15.000000000001679,0.17927566601429135,
4416,441,ok,1.9599206869316437,0.04181197065214894,-0.08239381518891893,0.07424372254432099,15.000000000001679,0.17981504200724885,
4417,441,ok,1.9759393437087982,0.027314600748066905,0.11335168986211808,0.18099999523812435,15.000000000001679,0.1979963750054594,
4418,441,ok,1.5270864973967022,0.47461633961158595,-0.0720961798666975,0.08030903956404876,15.000000000001679,0.18012437500874512,
4419,441,ok,1.3905875625957242,0.6182012596481724,-0.1560961575696838,0.10966678973423645,15.000000000001679,0.18524799999431707,
4420,441,ok,1.5201890839065317,0.48041677668570626,-0.04291477892662675,0.07930706943211695,15.000000000001679,0.1798669170239009,
4421,442,ok,1.4026037899054278,0.5992708597808967,-0.07249322173914534,0.11648069831311468,15.000000000001679,0.17905495900777169,
4422,442,ok,1.9325764428385925,0.06778790358525723,0.03752495014271874,0.18697205974724143,15.000000000001679,0.180680499994196,
4423,442,ok,1.8413586956855723,0.16028362364878881,0.07775281835432322,0.18797328704954147,15.000000000001679,0.18635450000874698,
4424,442,ok,2.0581740634635555,-0.054009751715057217,0.13086028952104917,0.18445812914209395,15.000000000001679,0.191786541021429,
4425,442,ok,1.8889301433144394,0.11107234122876375,-0.003063698895859401,0.1855367082961136,15.000000000001679,0.1794760829943698,
4426,442,ok,1.496965789742347,0.5071722703134222,0.11122924587421242,0.09913971050300847,15.000000000001679,0.1734843330050353,
4427,442,ok,1.8999181726075036,0.10274754336745318,0.10060903739725265,0.1809134366017855,15.000000000001679,0.1852887079876382,
4428,442,ok,1.9576052170609977,0.04269801821597098,-0.034454868578307,0.07822097316061055,15.000000000001679,0.19162524997955188,
4429,442,ok,1.4394701892540964,0.56110391903644,-0.04065087869815819,0.07527398285375166,15.000000000001679,0.17790475001675077,
4430,442,ok,1.415463821089651,0.5912852680236063,-0.13806025034887215,0.07531944292023543,15.000000000001679,0.17677150000235997,
4431,443,ok,1.9779422985070227,0.022555723281246633,0.04438320285300031,0.18563942644379539,15.000000000001679,0.18765470798825845,
4432,443,ok,1.954025110842053,0.04722624176631459,0.06991983234522861,0.18754640407282505,15.000000000001679,0.18277704101637937,
4433,443,ok,1.4749823292074353,0.5292483227303636,-0.11163500921638783,0.0749227151335128,15.000000000001679,0.17942391597898677,
4434,443,ok,1.9496725463079212,0.050571996489493516,0.030878746021404523,0.18679277028463218,15.000000000001679,0.18531720800092444,
4435,443,ok,1.9750001293486157,0.027661934008504436,0.10250885019341487,0.18558879256774335,15.000000000001679,0.193114666006295,
4436,443,ok,1.994459173786564,0.006777142447521731,0.07021421531083828,0.18731105247129592,15.000000000001679,0.18606137498863973,
4437,443,ok,1.8912352661626242,0.10876479086127598,0.0004644256862769322,0.1854291611872357,15.000000000001679,0.18651008300366811,
4438,443,ok,1.6253181563535166,0.39046645706949495,-0.22596655406048458,0.07927593042215399,15.000000000001679,0.18070450000232086,
4439,443,ok,1.403682215747943,0.6078613340630842,-0.1796488174479271,0.1073094525422787,15.000000000001679,0.19751287502003834,
4440,443,ok,1.3677856610204537,0.6348486735767027,0.08484969332809326,0.10867517514674987,15.000000000001679,0.2043149580131285,
4441,444,ok,1.4416694669279526,0.5583670997432805,-0.01026804605199988,0.08730967721959655,15.000000000001679,0.20321675000013784,
4442,444,ok,1.896623614185372,0.10907989986421018,0.14697723901352044,0.18096323724750576,15.000000000001679,0.2024200409941841,
4443,444,ok,1.9020411398490658,0.09795984666316118,-0.0019372074509800307,0.16595163885853703,15.000000000001679,0.20314408399281092,
4444,444,ok,1.380299123214812,0.6234305885869811,-0.10140180032718167,0.10409353824090051,15.000000000001679,0.2089493749954272,
4445,444,ok,1.390163895322734,0.6128016536279115,-0.09075463449003862,0.09954388651349728,15.000000000001679,0.20504499998060055,
4446,444,ok,1.3778607881475764,0.6226207587201096,-0.03642495306645802,0.09812867917266133,15.000000000001679,0.227006084023742,
4447,444,ok,1.6223799444445517,0.38247796994747746,-0.12545583458202708,0.08837386776135552,15.000000000001679,0.21036662498954684,
4448,444,ok,2.0051843056132537,-0.002953913499957362,0.09455009187151715,0.18561198123873468,15.000000000001679,0.23207075000391342,
4449,444,ok,2.060203960332994,-0.052394247766105635,0.1792155403651028,0.1846897562996015,15.000000000001679,0.23342970799421892,
4450,444,ok,1.9755508767350036,0.02872611226251784,0.12992507876770093,0.17949480135306828,15.000000000001679,0.2150897090032231,
4451,445,ok,1.8222050644993566,0.17973864748848653,0.08414217515645689,0.13994019760649454,15.000000000001679,0.21304370800498873,
4452,445,ok,1.3642983471490489,0.6389032531210624,0.09341105753174687,0.11337987079116138,15.000000000001679,0.21153937501367182,
4453,445,ok,1.3221917300613426,0.6781822481795401,0.03144522244970313,0.09824684104145351,15.000000000001679,0.21334874999593012,
4454,445,ok,1.771476515945445,0.24381420866042128,-0.23225096952045293,0.07581357764548526,15.000000000001679,0.23035254099522717,
4455,445,ok,1.3395402259958278,0.6631727013362014,0.08521027290300334,0.10795783231494913,15.000000000001679,0.19191016600234434,
4456,445,ok,1.845918379416692,0.15596123029575878,-0.0832807258374631,0.1301833271411657,15.000000000001679,0.17885054199723527,
4457,445,ok,1.4259434012265848,0.6017998324068023,0.2799122627610215,0.10095171717585737,15.000000000001679,0.17827883298741654,
4458,445,ok,1.9116266252863499,0.08934428227040479,0.060918657329948826,0.18540027880394835,15.000000000001679,0.1847977089928463,
4459,445,ok,1.913889701598999,0.0863120171009008,0.027786579391552896,0.18382934072190585,15.000000000001679,0.19616091600619256,
4460,445,ok,1.9676334533534647,0.03868354812397473,0.1575410497493284,0.1888427353117048,15.000000000001679,0.1889070420002099,
4461,446,ok,1.9242434381096185,0.07756558587074944,0.08341901749271492,0.18496603196061076,15.000000000001679,0.20389133298886009,
4462,446,ok,1.9059711653348081,0.09403791395751607,0.005882997221594376,0.182677753630799,15.000000000001679,0.18994058298994787,
4463,446,ok,1.4197785900377866,0.5802667878118162,-0.011351252772573428,0.12255439627961079,15.000000000001679,0.17758541699731722,
4464,446,ok,1.3953908027245747,0.6131761958824969,-0.15438662073311504,0.09669934066310651,15.000000000001679,0.18265745899407193,
4465,446,ok,1.8224673591703977,0.17818009863705708,0.048574913684329854,0.18000295639634006,15.000000000001679,0.1888528330018744,
4466,446,ok,1.4015678528622884,0.598483538154982,-0.01200222289526718,0.1039286970251598,15.000000000001679,0.17926483301562257,
4467,446,ok,1.3867496110855273,0.6271039063912974,0.1955269802350201,0.10816098206442128,15.000000000001679,0.17760716698830947,
4468,446,ok,1.372301042409542,0.6286151410269728,-0.050137008066356924,0.12058261219441246,15.000000000001679,0.17848687499645166,
4469,446,ok,1.3962593063908513,0.6053222195375715,-0.0664374846562937,0.10949441699750158,15.000000000001679,0.17723454200313427,
4470,446,ok,1.4316256333814599,0.5693813904852066,-0.05368750566776164,0.111231589463642,15.000000000001679,0.1781888749974314,
4471,447,ok,1.9743209701457163,0.025756725723172873,0.01751533984355919,0.18275316934435815,15.000000000001679,0.19045837500016205,
4472,447,ok,1.422195977148126,0.581919817521306,-0.10812027320307305,0.10967732880563781,15.000000000001679,0.17948712498764507,
4473,447,ok,1.930335141666792,0.07084299454933492,0.067431502091947,0.18067976208486486,15.000000000001679,0.18671516599715687,
4474,447,ok,1.4528534184670534,0.5482528824432409,0.05668652588617889,0.09926003826385467,15.000000000001679,0.17685341701144353,
4475,447,ok,1.4940292071385721,0.5073974787542531,-0.06527622349638615,0.12280054017070842,15.000000000001679,0.18181895799352787,
4476,447,ok,1.7781796637154812,0.22245179881349544,-0.047384690670342317,0.15214457482309052,15.000000000001679,0.17478037500404753,
4477,447,ok,1.6028241060033745,0.41832149369187727,-0.25949608372463595,0.08958815899958125,15.000000000001679,0.1742645829799585,
4478,447,ok,1.946421072454139,0.05359590286505431,0.008129080502608008,0.1879064757032054,15.000000000001679,0.1897219170059543,
4479,447,ok,1.4936073133264651,0.5068683358276717,0.03769137657707922,0.10792174607704759,15.000000000001679,0.18198324998957105,
4480,447,ok,1.9600611956442904,0.04377795120831231,0.1226180512476751,0.17922128768558085,15.000000000001679,0.18635941698448732,
4481,448,ok,1.4307046210921899,0.5768433649502396,0.14676820135298277,0.12519740945553945,15.000000000001679,0.177752582996618,
4482,448,ok,1.3410696644910884,0.6597428040516442,-0.046674336919670247,0.10429083223211912,15.000000000001679,0.17653733299812302,
4483,448,ok,2.0006667174805397,0.0010356043509265553,0.08251460090003727,0.18336635526979703,15.000000000001679,0.17760654198355041,
4484,448,ok,1.853942479195952,0.14772604440271084,0.07863783811375429,0.17769774115381548,15.000000000001679,0.18706983400625177,
4485,448,ok,1.4064996441076516,0.593507561936383,0.004502282178326898,0.1049291578296952,15.000000000001679,0.1806571249908302,
4486,448,ok,1.3943307575025663,0.6068193410426889,0.05662078085785308,0.12807938558970025,15.000000000001679,0.17961650001234375,
4487,448,ok,1.7303670569211373,0.2704462429238209,-0.053046706416059894,0.07961935659141284,15.000000000001679,0.17610416701063514,
4488,448,ok,1.3673794532655439,0.6326433062431518,-0.007889312461708839,0.11032220946109787,15.000000000001679,0.1804880419804249,
4489,448,ok,1.9861476955768218,0.013916918923102319,0.016020727362291494,0.13806133475550497,15.000000000001679,0.17634974999236874,
4490,448,ok,1.9258424593084777,0.07852218032454819,-0.12958459233488392,0.07238914227461937,15.000000000001679,0.17598699999507517,
4491,449,ok,1.376918042687715,0.6259215416874296,-0.08838374669767052,0.10082814749745755,15.000000000001679,0.18041345800156705,
4492,449,ok,1.3655907619138452,0.6402882477810682,-0.12657835479321952,0.0750887384735093,15.000000000001679,0.1769369590037968,
4493,449,ok,1.8471934975186974,0.1529856581353734,-0.025726216623104554,0.14613638719557084,15.000000000001679,0.1770934579835739,
4494,449,ok,1.3734241555849445,0.6273426408854358,-0.04588775013931963,0.11012290311610883,15.000000000001679,0.1831626250059344,
4495,449,ok,1.8042811243931307,0.203229565598523,-0.1644578423246136,0.08573643481155573,15.000000000001679,0.1831798329949379,
4496,449,ok,1.4651106968661376,0.5364826862877113,0.06831124750688243,0.10160279098757169,15.000000000001679,0.17511912499321625,
4497,449,ok,1.9721641758729596,0.02896749627877598,0.06680124153870909,0.18390824132846664,15.000000000001679,0.1945221250061877,
4498,449,ok,1.4175549376814949,0.5854054338579368,-0.09156535800473166,0.12546368379522993,15.000000000001679,0.17965999999432825,
4499,449,ok,1.5644011937162607,0.4442090683223768,-0.16390750992719666,0.09073524165363132,15.000000000001679,0.19477187498705462,
4500,449,ok,1.461116842848225,0.5532305262967848,-0.20425601194404674,0.08478083566812952,15.000000000001679,0.18544291699072346,
4501,450,ok,1.5961128078871758,0.4067558350530731,-0.09565106567129462,0.07605214753496004,15.000000000001679,0.18487674999050796,
4502,450,ok,1.3923955109977841,0.6097362020547212,-0.07701838202370354,0.11512104994544767,15.000000000001679,0.18957504199352115,
4503,450,ok,1.4424135558496076,0.5627527410640635,-0.12197205737318159,0.10909230098854468,15.000000000001679,0.17957316699903458,
4504,450,ok,1.9870277330680386,0.014308082631528914,0.07284793256526603,0.18403294838790657,15.000000000001679,0.1908651250123512,
4505,450,ok,1.9950244531475596,0.0057480003953717124,0.05551153690596079,0.18629610528362214,15.000000000001679,0.1877264580107294,
4506,450,ok,1.9845896107346117,0.017403535251791388,0.08892233129907604,0.1853380568726677,15.000000000001679,0.18865399999776855,
4507,450,ok,1.9876510831419412,0.018003820253361093,0.1498264722439269,0.18318603778368298,15.000000000001679,0.18791470798896626,
4508,450,ok,1.436941147554629,0.5648157857694925,0.0710361369950165,0.10566894664542807,15.000000000001679,0.1797572920040693,
4509,450,ok,1.6844297214858748,0.33712350731093155,-0.2685986907769355,0.12142253224691421,15.000000000001679,0.18011899999692105,
4510,450,ok,1.541689808182693,0.4716772755064758,-0.20257619418648445,0.11777031858271357,15.000000000001679,0.17842083299183287,
4511,451,ok,1.4070306256344605,0.618484483125677,0.2667396822911311,0.08792782427069326,15.000000000001679,0.17482237500371411,
4512,451,ok,1.4742222079786762,0.5257881963879634,0.005538645002997784,0.08927062811842437,15.000000000001679,0.17668595901341178,
4513,451,ok,1.6272265701077249,0.37492946690735174,-0.08373812117862448,0.07562587805460391,15.000000000001679,0.175841333984863,
4514,451,ok,1.9505279872763253,0.05028108514228969,0.05617456892851795,0.13129286449550326,15.000000000001679,0.17680316700716503,
4515,451,ok,1.4952068980987392,0.5137416174467146,-0.16333918210933154,0.12064520075818767,15.000000000001679,0.1800759169855155,
4516,451,ok,1.6135971585060118,0.38803684834007435,-0.07259881286408475,0.1054602041208399,15.000000000001679,0.17498954199254513,
4517,451,ok,1.4478810619933113,0.553586510517678,-0.06517351549864307,0.08380972144795383,15.000000000001679,0.17451174999587238,
4518,451,ok,1.4952773195166587,0.5070296529968712,-0.08302894212430006,0.12902508218848355,15.000000000001679,0.18043683300493285,
4519,451,ok,1.4329718340078688,0.5740319170863905,-0.141503722818732,0.10694308671720525,15.000000000001679,0.17713087500305846,
4520,451,ok,1.6753393038549056,0.3289179553459795,-0.11935905108527689,0.10503344664745592,15.000000000001679,0.1792961669852957,
4521,452,ok,1.890294344613324,0.12177819652692802,-0.21329689691947534,0.08532188736731915,15.000000000001679,0.18083124997792765,
4522,452,ok,1.5430459211134964,0.4570291099321079,-0.01521667072965019,0.10892684675787465,15.000000000001679,0.17510987501009367,
4523,452,ok,1.3746720331142155,0.6253303377235546,-0.0025530850228821424,0.1212022825502362,15.000000000001679,0.18333220900967717,
4524,452,ok,1.9995493282634926,0.0048004754456828355,0.13181947267839908,0.1820261257081447,15.000000000001679,0.19278620797558688,
4525,452,ok,1.7148013700328117,0.2882674896741621,-0.10254536440041397,0.14063639595139993,15.000000000001679,0.17788983302307315,
4526,452,ok,1.9241810443705485,0.0762340813374408,0.039967257941141934,0.18296159596339207,15.000000000001679,0.18035750000854023,
4527,452,ok,1.5050410097325064,0.4974976219500957,0.08737874416026568,0.09126811535618705,15.000000000001679,0.1747548330167774,
4528,452,ok,1.4018035289440538,0.5991031747402524,0.05041050225065375,0.11294661962741424,15.000000000001679,0.177582916978281,
4529,452,ok,1.500118235874918,0.5137380747404923,-0.20342126518232428,0.08140922068475187,15.000000000001679,0.17720412500784732,
4530,452,ok,1.3798009614481874,0.6240792739782798,-0.10340623248723463,0.11493366102261231,15.000000000001679,0.17819941701600328,
4531,453,ok,1.7095583904131413,0.29265544335186255,-0.08697387605451436,0.11636312169687527,15.000000000001679,0.1812664169992786,
4532,453,ok,1.6062016937554118,0.4043872966430345,-0.18413033945721544,0.07556235659326092,15.000000000001679,0.17867958298302256,
4533,453,ok,1.551442196999828,0.44976616186803486,-0.06122040299025942,0.07474831318777159,15.000000000001679,0.1754017500206828,
4534,453,ok,1.8331130580481572,0.1689768637738851,-0.08750861781189564,0.16385237766722974,15.000000000001679,0.1757607079925947,
4535,453,ok,1.4762638140605049,0.5332989592859015,-0.16775847481617637,0.07670907391234066,15.000000000001679,0.17815695799072273,
4536,453,ok,1.941219465161195,0.05997844511966016,0.06818635142302394,0.18069363560969806,15.000000000001679,0.18893441697582603,
4537,453,ok,1.4437744641333203,0.5667312979376261,-0.17385491356845145,0.07573323428457278,15.000000000001679,0.17863887501880527,
4538,453,ok,1.9544518372536308,0.04606084580442715,0.04476344318282893,0.18356810648405875,15.000000000001679,0.19240995799191296,
4539,453,ok,1.899897856619517,0.10128624740794055,0.06706676751726445,0.17803387173316107,15.000000000001679,0.17624020800576545,
4540,453,ok,1.8599053369725587,0.1403309093231249,-0.029643476180289577,0.09428050207910643,15.000000000001679,0.1837495409999974,
4541,454,ok,1.953400416750149,0.04660654592341149,-0.005215527815223988,0.18154767299542618,15.000000000001679,0.18156674999045208,
4542,454,ok,1.5747660673020822,0.45918975953460084,-0.3252567748764425,0.12306186370252904,15.000000000001679,0.17884624999715015,
4543,454,ok,1.3635815497708237,0.6365364578045722,0.0179391186878914,0.12560150186093438,15.000000000001679,0.17748595800367184,
4544,454,ok,1.9620846180807419,0.040673958059727205,0.10400725880300503,0.18725100063630534,15.000000000001679,0.18749270800617523,
4545,454,ok,1.7883145266065275,0.21342690360856945,-0.07890131381837044,0.16049663919262497,15.000000000001679,0.17512545798672363,
4546,454,ok,1.4509083590980674,0.5583049054013876,-0.1632492594499109,0.10128013230937875,15.000000000001679,0.17820525000570342,
4547,454,ok,1.9493655311394027,0.05135894076321755,0.05314128574805306,0.18942483761425394,15.000000000001679,0.19408670900156721,
4548,454,ok,1.396026785262717,0.6072837915001763,-0.09608510682114944,0.10836179530309517,15.000000000001679,0.1807278330088593,
4549,454,ok,1.967879860398429,0.03550771913131407,0.11541760424254333,0.1824852642875656,15.000000000001679,0.18769995900220238,
4550,454,ok,1.9999472422893563,0.0012076888582632913,0.06795784620980393,0.17964659298007823,15.000000000001679,0.19193174998508766,
4551,455,ok,1.6243300797619946,0.388161017681182,-0.20105547268613455,0.1114006544123393,15.000000000001679,0.1965695419930853,
4552,455,ok,1.9464443766445425,0.0563935208359979,0.10506933673947054,0.18823755626374394,15.000000000001679,0.1901597079995554,
4553,455,ok,1.9170785441452642,0.0829216621904434,-0.000889451220317265,0.13909637874195666,15.000000000001679,0.17792799999006093,
4554,455,ok,1.96368806269405,0.03675411312478958,-0.04167007601000641,0.18678820845293465,15.000000000001679,0.18588295800145715,
4555,455,ok,1.5615561126787059,0.44857582865890594,-0.17759654732801167,0.09865780607943324,15.000000000001679,0.17924445800599642,
4556,455,ok,1.497531827714577,0.5078913066178791,-0.12733115153669675,0.10784837752854777,15.000000000001679,0.18220483398181386,
4557,455,ok,1.4363024762588767,0.5664226003460947,0.08843439663913855,0.07873481866377921,15.000000000001679,0.17634025000734255,
4558,455,ok,1.3989357164320764,0.6065198501418326,-0.12342694462954949,0.1174908041867799,15.000000000001679,0.17927150000468828,
4559,455,ok,1.920921785820536,0.07911126130172663,0.011267687522925339,0.1874249363705091,15.000000000001679,0.18771783402189612,
4560,455,ok,1.4968176508487152,0.519706682979613,0.221798952831267,0.09109184501892713,15.000000000001679,0.1773049170151353,
4561,456,ok,1.6429576630246232,0.36221014129701545,-0.13020852975511765,0.09460187646640085,15.000000000001679,0.17943895800272003,
4562,456,ok,2.017754424136572,-0.01650668421070318,0.07094863392811117,0.18188184084870473,15.000000000001679,0.18644008299452253,
4563,456,ok,1.9545580169624481,0.04548848001263874,0.013481836257422804,0.13984426430284294,15.000000000001679,0.17834783301805146,
4564,456,ok,1.981408029079237,0.02229372838381186,0.12106064971601362,0.18395109012321137,15.000000000001679,0.1959318750014063,
4565,456,ok,1.3843389262373413,0.6158441409833724,0.022512677448427543,0.09296467005691639,15.000000000001679,0.1789162499771919,
4566,456,ok,2.000856214870964,0.0007976303634829742,0.08133558770609732,0.18331090956478166,15.000000000001679,0.19186104100663215,
4567,456,ok,1.7499422481187936,0.2542644935095958,-0.12126587784595254,0.09212244959385962,15.000000000001679,0.17760079199797474,
4568,456,ok,1.5153586186711803,0.4868798329737112,-0.08233531028279126,0.12759135048810788,15.000000000001679,0.1774714170023799,
4569,456,ok,2.03911531388691,-0.03807241272535587,-0.06520815758751665,0.073692364620824,15.000000000001679,0.17989574998500757,
4570,456,ok,1.8415683576583866,0.15844304485146904,0.006480499415849609,0.1687634140928845,15.000000000001679,0.17639854201115668,
4571,457,ok,1.4738000505095712,0.5269891104503143,-0.048223522787720116,0.12163659569845159,15.000000000001679,0.18216679099714383,
4572,457,ok,2.1538609267012587,-0.14955322108708613,-0.13615374135343186,0.08274451648595423,15.000000000001679,0.17854062499827705,
4573,457,ok,1.8076930968455802,0.20804290127857644,-0.23800018639711806,0.08779482738631979,15.000000000001679,0.17708399999537505,
4574,457,ok,1.4148293680946118,0.5852455965472777,-0.014564296554621466,0.10174770644431741,15.000000000001679,0.1758117089921143,
4575,457,ok,1.3958488641908993,0.6073696959174597,-0.09473588451054267,0.10764339431129744,15.000000000001679,0.17883116600569338,
4576,457,ok,1.847651601071999,0.15484709932427626,-0.09605837845749994,0.1590626527679759,15.000000000001679,0.17883824999444187,
4577,457,ok,1.8539436343200755,0.15791510010715365,-0.20935668325298923,0.08699882236312935,15.000000000001679,0.17680408302112482,
4578,457,ok,1.346348461282372,0.6587243286693765,-0.11676366170172778,0.08959682474175464,15.000000000001679,0.1790049999835901,
4579,457,ok,1.4442788847783312,0.5557345538252583,0.006230409474040077,0.09154693560675903,15.000000000001679,0.17816645800485276,
4580,457,ok,1.3328310915332222,0.6681774178124463,-0.051839445723480995,0.10761581916968299,15.000000000001679,0.18013658298878,
4581,458,ok,1.6498169827825186,0.37188842133218664,-0.2667372566504615,0.07595528013420437,15.000000000001679,0.17859887497616,
4582,458,ok,2.067968768058408,-0.06666914405259065,-0.07330398819941285,0.07482946915951234,15.000000000001679,0.1810423340066336,
4583,458,ok,1.5611770959139697,0.4432678810021938,-0.11772440055900002,0.07496408747785531,15.000000000001679,0.1765980419877451,
4584,458,ok,1.6599066718412219,0.3516552828931556,-0.19557569585446577,0.12810598995833852,15.000000000001679,0.17628116699052043,
4585,458,ok,1.8434280567020107,0.15657614158042898,0.003934265579830867,0.13598536278328996,15.000000000001679,0.1804078749846667,
4586,458,ok,1.5205899768350937,0.490615751324693,-0.18426358159503348,0.12879475592172954,15.000000000001679,0.17891470799804665,
4587,458,ok,1.334528329909907,0.6660788678560798,0.04025265894332713,0.11110956996221856,15.000000000001679,0.17884470798890106,
4588,458,ok,1.9464467429048113,0.055557603319844245,0.08831018603467983,0.1875952510883561,15.000000000001679,0.18441829099901952,
4589,458,ok,1.962751535001741,0.03963419253503079,0.09674445241929801,0.1839455467432408,15.000000000001679,0.19236200000159442,
4590,458,ok,1.4936427057776553,0.508412819888295,0.07833400697785733,0.08895115003083792,15.000000000001679,0.17630524997366592,
4591,459,ok,1.9400484925739478,0.062374583839885346,0.09693245168048682,0.18046888646619963,15.000000000001679,0.20854749999125488,
4592,459,ok,1.5246733523589993,0.4853275469851219,-0.1743450356950868,0.09396738525362786,15.000000000001679,0.17989495900110342,
4593,459,ok,1.3763559011617126,0.6240788165700214,-0.034589935694028885,0.10494038392693089,15.000000000001679,0.1756278749962803,
4594,459,ok,1.486332311094382,0.5169374553130733,0.09853541266927641,0.09643278799319316,15.000000000001679,0.17547774998820387,
4595,459,ok,1.935791432859752,0.06482945099499006,-0.049024665188661554,0.1859404129147166,15.000000000001679,0.18252762500196695,
4596,459,ok,1.9278942760925653,0.07217359024801775,-0.016176330030602887,0.18330314197648961,15.000000000001679,0.17814524998539127,
4597,459,ok,1.9177496283499844,0.0828226598596794,-0.046847449119342674,0.13101473193411403,15.000000000001679,0.17870820898679085,
4598,459,ok,1.8533560366436335,0.14681846372815371,0.025432109321032237,0.1879648670567186,15.000000000001679,0.18106958401040174,
4599,459,ok,1.5664794119928886,0.4388538477810176,-0.12915277623594498,0.11311892830371256,15.000000000001679,0.17627604099106975,
4600,459,ok,1.7881802732165937,0.21217829685237363,-0.03580848049403466,0.1883529021729964,15.000000000001679,0.18190658400999382,
4601,460,ok,1.8728507485775359,0.13252295705233744,-0.14177242507233423,0.07473515520065498,15.000000000001679,0.17735979199642316,
4602,460,ok,1.3965949453838484,0.6051456599843109,-0.06970517635808146,0.11405363707410553,15.000000000001679,0.17776112499996088,
4603,460,ok,1.3628302134233496,0.638978080384809,0.07018208422748054,0.11333999637362856,15.000000000001679,0.179536540992558,
4604,460,ok,1.5143290324419636,0.485675301392555,-0.003622938597941065,0.13135513310807562,15.000000000001679,0.19377166699268855,
4605,460,ok,1.8775365722747883,0.14224754416934457,-0.27184442809174847,0.07749664059429355,15.000000000001679,0.17758474999573082,
4606,460,ok,1.9849380241274301,0.01617834573617944,-0.06656278014675568,0.07443605984770386,15.000000000001679,0.17978274999768473,
4607,460,ok,2.024977901157554,-0.013250384386407974,-0.21761982893209486,0.0741154988229088,15.000000000001679,0.17845999999553896,
4608,460,ok,1.5952526983565825,0.4085926695112526,-0.11069724513571487,0.12791624218575767,15.000000000001679,0.17814441700465977,
4609,460,ok,1.3714277137948303,0.6299402219195668,-0.061238702229136084,0.1069726861152509,15.000000000001679,0.17827204099739902,
4610,460,ok,1.4923868731088106,0.513902252068679,-0.1368651256564254,0.11189107344121041,15.000000000001679,0.1758087920024991,
4611,461,ok,1.6836556236075564,0.3400167927858416,-0.281339671344705,0.09380730685620033,15.000000000001679,0.17914550000568852,
4612,461,ok,1.8607857396209133,0.14495682480233693,-0.14607664744620122,0.1789910998669001,15.000000000001679,0.17729454199434258,
4613,461,ok,1.5603439387005624,0.4518087822744028,-0.1943634749558584,0.0769552801288778,15.000000000001679,0.17940058300155215,
4614,461,ok,1.818432403666526,0.18350840661450907,-0.08399224883439396,0.18696172509123077,15.000000000001679,0.18103791598696262,
4615,461,ok,1.4197835161410335,0.59216566402628,-0.18381434970978547,0.10562668493375012,15.000000000001679,0.17828237498179078,
4616,461,ok,1.6274221557049284,0.3741309156418975,0.07108159682943155,0.07518306608721208,15.000000000001679,0.17646887499722652,
4617,461,ok,1.4931637862461566,0.5106108344447857,-0.10610375150625427,0.07331802096179121,15.000000000001679,0.17550291700172238,
4618,461,ok,1.5025281481613406,0.5167021110038563,-0.23962096844126768,0.07635133214736317,15.000000000001679,0.17782816698309034,
4619,461,ok,1.4600676756686786,0.5497696571861678,-0.16920274913432073,0.08966399954692372,15.000000000001679,0.17630491699674167,
4620,461,ok,1.3472591641155856,0.6528785876027693,-0.01926539784994867,0.07670471694055303,15.000000000001679,0.17792662500869483,
4621,462,ok,1.4459871693668107,0.5670798898230636,-0.19395579863452883,0.09011882317577519,15.000000000001679,0.17658766600652598,
4622,462,ok,1.3671842911776289,0.6329913188814352,-0.02191236612867647,0.09015218283697393,15.000000000001679,0.17986641699098982,
4623,462,ok,1.6285922512590492,0.37403203641634125,-0.0924170020106022,0.1225108624870402,15.000000000001679,0.1801950829976704,
4624,462,ok,1.4375064456829751,0.5707492029396491,-0.15384063339200385,0.10240536990545175,15.000000000001679,0.17631070900824852,
4625,462,ok,2.003511764053942,0.0001705420430224447,0.12141469346846234,0.18573217977664347,15.000000000001679,0.19037900000694208,
4626,462,ok,1.9726024034296403,0.027707743615815496,0.03497852803329575,0.18118283284262351,15.000000000001679,0.1871619589801412,
4627,462,ok,1.908605811245614,0.09145360110640664,0.015059415354699422,0.18300574024667862,15.000000000001679,0.18252904200926423,
4628,462,ok,2.0419076462256105,-0.037313042469836036,-0.13690289513707407,0.07591105004924105,15.000000000001679,0.18260083300992846,
4629,462,ok,1.9286563239134533,0.07208722633454376,-0.053549536962736455,0.14145716311383302,15.000000000001679,0.17568579100770876,
4630,462,ok,1.4912260875292191,0.5217712716533117,-0.19645628220608005,0.07577172272644947,15.000000000001679,0.1765287080197595,
4631,463,ok,1.9342060610867835,0.0657987641878674,-0.004320431421621638,0.18071611177342017,15.000000000001679,0.18644312501419336,
4632,463,ok,1.393661615799107,0.6131451862514822,-0.13757334383644776,0.07696639518066448,15.000000000001679,0.17718704100116156,
4633,463,ok,1.3580850678938898,0.6437058427373098,-0.06972238242803194,0.09747173306680204,15.000000000001679,0.17764570799772628,
4634,463,ok,1.368525754890158,0.6437196223194047,0.18266438874684562,0.09977761774262861,15.000000000001679,0.17691333399852738,
4635,463,ok,1.9183624853026917,0.08207325554162091,0.040885546443735,0.18049304321855375,15.000000000001679,0.22712491598213091,
4636,463,ok,1.3702834098478418,0.632134244867117,-0.08136276322111985,0.10095383485280897,15.000000000001679,0.19401595799718052,
4637,463,ok,1.8689502583338837,0.1310877043733027,-0.01191215268703259,0.18100392809530766,15.000000000001679,0.1817898330045864,
4638,463,ok,1.3252537616934383,0.6756164672754964,-0.04801865398750456,0.09826682209908807,15.000000000001679,0.17613279199576937,
4639,463,ok,1.5069594605383165,0.49365276750219456,0.04295149417816673,0.08732513185578575,15.000000000001679,0.20449912498588674,
4640,463,ok,1.9047718831504383,0.0961752239686387,0.060059545532780104,0.18419799743690077,15.000000000001679,0.20599583300645463,
4641,464,ok,1.4889689472532843,0.5110433604489756,0.006054041747015561,0.09398315406784107,15.000000000001679,0.22099558298941702,
4642,464,ok,1.5547842629924873,0.44543803576682206,0.02629075519219398,0.09099124378142148,15.000000000001679,0.21511874999850988,
4643,464,ok,1.3297512078284663,0.6738925647508129,-0.09837349692924566,0.10309356968650403,15.000000000001679,0.20613991701975465,
4644,464,ok,1.8975573477714534,0.10392453741644958,0.07497818529418113,0.18589121143879497,15.000000000001679,0.2083310000016354,
4645,464,ok,1.9493735547898619,0.05063236337811926,-0.004803478456841174,0.13592742413119904,15.000000000001679,0.20311479200609028,
4646,464,ok,1.4844920965825026,0.5182044073896966,-0.08943492906350069,0.08622500556314017,15.000000000001679,0.19600850000279024,
4647,464,ok,1.4593124216021869,0.5542145383778444,-0.19823506956250114,0.07544395438560467,15.000000000001679,0.2217001669923775,
4648,464,ok,1.4359714026540435,0.5709362829617952,0.1406796427532127,0.07778192853804991,15.000000000001679,0.1953804999939166,
4649,464,ok,1.3929768220628922,0.6188716695777676,0.1812979914657948,0.09649549737335625,15.000000000001679,0.18218354097916745,
4650,464,ok,1.5437490157388234,0.45730077750270764,-0.05692216177232835,0.11585858887905674,15.000000000001679,0.18101562501396984,
4651,465,ok,1.9192878064670875,0.08091371230138082,0.027811947439483644,0.18285975651020903,15.000000000001679,0.18309720800607465,
4652,465,ok,1.8843143059205465,0.12850900289916806,0.2194580854454089,0.16065810098534797,15.000000000001679,0.17605599999660626,
4653,465,ok,1.3904639438287936,0.6107750383122413,0.05868547445124451,0.09711098978980516,15.000000000001679,0.19565762500860728,
4654,465,ok,1.5144730200026801,0.48586170548039354,0.03183949411181018,0.07430465504253213,15.000000000001679,0.17822854197584093,
4655,465,ok,1.8819478616227991,0.11821403062173508,0.02468439421436743,0.18660133413659297,15.000000000001679,0.17712108400883153,
4656,465,ok,1.413047810448261,0.5928840169946709,-0.12933957238050076,0.09906839815489843,15.000000000001679,0.1785548750194721,
4657,465,ok,1.3693372316805839,0.6326169305154843,0.07312998942806619,0.10721173169558458,15.000000000001679,0.17833558400161564,
4658,465,ok,1.3823558187388194,0.6307029858361637,0.18956079922566874,0.10340653622359557,15.000000000001679,0.17889404197921976,
4659,465,ok,1.4979602018239215,0.5109382487848474,-0.163033331918435,0.11950613264753074,15.000000000001679,0.17985629200120457,
4660,465,ok,1.6400807207926558,0.3610913475324736,-0.06199354468679934,0.12983729351510304,15.000000000001679,0.1792507499922067,
4661,466,ok,1.4175841973138545,0.5934901505463928,-0.17684739145363884,0.07582377731866473,15.000000000001679,0.18044875000487082,
4662,466,ok,1.5201186870951264,0.48616964850146477,0.13812490629003904,0.09518243956117477,15.000000000001679,0.17333870800212026,
4663,466,ok,1.9785397362413368,0.025360517533682826,0.1241708587837486,0.18717350397639623,15.000000000001679,0.19364554199273698,
4664,466,ok,1.6995183099498006,0.3097758165621099,-0.17749562128780397,0.07617081434151435,15.000000000001679,0.1775054580066353,
4665,466,ok,1.6090771626732785,0.3916450455954673,0.048204315979825454,0.10130730773161525,15.000000000001679,0.18159170899889432,
4666,466,ok,1.8593554239061418,0.14252477311863399,0.08359649473037548,0.1452331354926436,15.000000000001679,0.1748334169969894,
4667,466,ok,1.4321963078272384,0.5764651814337635,-0.1572732796236081,0.09605895431136872,15.000000000001679,0.17748141699121334,
4668,466,ok,1.712698119457627,0.30965970330522535,-0.27583424327576406,0.07453553329507974,15.000000000001679,0.1788938339741435,
4669,466,ok,1.353099586974917,0.653194630114605,0.13036022368634978,0.1043244286601002,15.000000000001679,0.17879566698684357,
4670,466,ok,1.9558583106064227,0.044852148169268434,0.05271250942505343,0.18160375341700094,15.000000000001679,0.1782413749897387,
4671,467,ok,2.0483560963286287,-0.04631845425369285,0.0913426578737207,0.18595191328602664,15.000000000001679,0.18788145799771883,
4672,467,ok,1.8805104838388216,0.11957421234228427,-0.017847603188619075,0.18413950610258578,15.000000000001679,0.18490241598919965,
4673,467,ok,1.7491550846238297,0.2591139901874378,-0.16988057836107115,0.13346025995603392,15.000000000001679,0.1735882089997176,
4674,467,ok,1.8795448069043903,0.12115381600113732,-0.05124156549300051,0.18800618097372804,15.000000000001679,0.17732695801532827,
4675,467,ok,1.8016216343816116,0.2038260959115725,-0.1399993562256839,0.07686001159030582,15.000000000001679,0.18003391599631868,
4676,467,ok,1.3845359833414466,0.6176353196702865,-0.07750986868906153,0.08506796921225719,15.000000000001679,0.17814566698507406,
4677,467,ok,1.9706167306127487,0.03529347837404541,-0.15250764850105542,0.07985527877317637,15.000000000001679,0.18434912501834333,
4678,467,ok,1.3681833536227628,0.6330993259962241,-0.05923036838019164,0.0757269751647087,15.000000000001679,0.17791308398591354,
4679,467,ok,1.4439652347397904,0.556340367524201,-0.029706307360205207,0.08760378266390084,15.000000000001679,0.177474500000244,
4680,467,ok,1.978416568393219,0.022492499608499247,0.059968358224648126,0.18812946666382918,15.000000000001679,0.18789204201311804,
4681,468,ok,1.8607342830163351,0.13928953335730737,-0.00941442078135089,0.13671582042650235,15.000000000001679,0.17815470800269395,
4682,468,ok,1.3240012734920268,0.6760689547351731,-0.013636700205376297,0.10979970253341038,15.000000000001679,0.17745524999918416,
4683,468,ok,1.9878737795265726,0.01368136653839856,0.07861583614321675,0.18637544816806373,15.000000000001679,0.19440754200331867,
4684,468,ok,1.4735748201977354,0.5440970577657744,-0.2275288410608943,0.08121896053239935,15.000000000001679,0.17884354200214148,
4685,468,ok,1.8863877963203222,0.11362282738516893,0.006330935469389982,0.13228297931085758,15.000000000001679,0.1781409159884788,
4686,468,ok,1.3185962145704702,0.6820871049771866,-0.04244500220473745,0.08772272755543338,15.000000000001679,0.177637707995018,
4687,468,ok,1.6998924156569126,0.3221359267788548,-0.27277532256720194,0.07612246457948858,15.000000000001679,0.17844550000154413,
4688,468,ok,1.8273669994154231,0.17273253410729508,0.019072457696378515,0.18568635940079276,15.000000000001679,0.17811058298684657,
4689,468,ok,1.5283978107266727,0.47281046691983125,-0.06076181271540662,0.07409434105613316,15.000000000001679,0.17863670800579712,
4690,468,ok,1.6181740812045395,0.4105520219823684,-0.3035498019400078,0.0761745514585899,15.000000000001679,0.1786277499923017,
4691,469,ok,1.9605977711786553,0.039977262389144626,0.04748145321237485,0.18314983624947706,15.000000000001679,0.17974162500468083,
4692,469,ok,1.4186180035104603,0.5960353113990615,0.20337205571482492,0.1228647078638655,15.000000000001679,0.17786404100479558,
4693,469,ok,1.4565477010435057,0.5502590930750674,-0.1406503046694004,0.08381694389918538,15.000000000001679,0.17936833298881538,
4694,469,ok,1.8747079462734197,0.1253974496905721,0.019878686930767178,0.18736258122837865,15.000000000001679,0.18010995801887475,
4695,469,ok,1.8343405094574115,0.1662315272724596,-0.04580712899735015,0.1475700983698963,15.000000000001679,0.17686283300281502,
4696,469,ok,1.9836433357759582,0.016533228876399735,0.026466042713077034,0.18634296878883,15.000000000001679,0.18447750000632368,
4697,469,ok,1.5191830411929006,0.4840572710071528,-0.09917033357727832,0.0758125215202323,15.000000000001679,0.1780716250068508,
4698,469,ok,1.9063341378929557,0.0936667400050817,-0.0018295172112384463,0.18655237283641773,15.000000000001679,0.18131995902513154,
4699,469,ok,1.5661887732326019,0.4524635678649725,-0.24099432485980135,0.08739762137655252,15.000000000001679,0.17773558301269077,
4700,469,ok,1.3410677248175604,0.6616918525865085,0.08598805215851969,0.08577205082623464,15.000000000001679,0.1779436669894494,
4701,470,ok,1.5769061308593237,0.4388016072844694,-0.22201919764778597,0.0781429831352822,15.000000000001679,0.1944602089934051,
4702,470,ok,1.462882988564316,0.5464543060955683,-0.16501985929804985,0.07665212860705609,15.000000000001679,0.1763985409925226,
4703,470,ok,1.4904287740949105,0.5137264946793777,0.11121599719467982,0.09079703974530223,15.000000000001679,0.1755543339822907,
4704,470,ok,1.8029716203861883,0.20454496306934816,-0.16446237952294374,0.07748456267248933,15.000000000001679,0.18677125000976957,
4705,470,ok,1.4362311416417288,0.5638395244609395,-0.01424713026977036,0.1011688635346963,15.000000000001679,0.1758069159986917,
4706,470,ok,1.4418561716602138,0.5648034719752266,-0.1384201780821128,0.07648915120589458,15.000000000001679,0.17910375000792556,
4707,470,ok,1.4623219975308206,0.5419837844020119,-0.11213536246809204,0.0759174070960567,15.000000000001679,0.1763599999831058,
4708,470,ok,1.388573548630514,0.613964970349316,-0.08392494585977307,0.09808705487384507,15.000000000001679,0.17888883300474845,
4709,470,ok,1.418244832173463,0.5875499364712891,0.12807506402291932,0.10695069839901862,15.000000000001679,0.17578458299976774,
4710,470,ok,1.448606540586129,0.5677656353401886,-0.21717650452205564,0.08417060452406962,15.000000000001679,0.17928395900526084,
4711,471,ok,1.4405828492430963,0.5610068067620101,-0.06765748552888015,0.07504382626995548,15.000000000001679,0.1786967910011299,
4712,471,ok,1.4516200280364147,0.5494187642100999,-0.05490705028215811,0.08165925945820587,15.000000000001679,0.18229920900193974,
4713,471,ok,2.0108777278359247,-0.010599232929317222,0.033465816150409604,0.07798412676345755,15.000000000001679,0.1976304170093499,
4714,471,ok,1.3805780422013463,0.6208390221722726,-0.06253581250586562,0.1071905364924236,15.000000000001679,0.18482950000907294,
4715,471,ok,1.4447201340315043,0.5576223907859955,0.0822380575773783,0.09365989193093466,15.000000000001679,0.18445025000255555,
4716,471,ok,1.8158384425688996,0.18537071788743045,-0.06625570172194496,0.14299548276493346,15.000000000001679,0.18157429099665023,
4717,471,ok,1.4765837979981222,0.5275574479146562,0.11051082896693523,0.0963642124466453,15.000000000001679,0.18210158398142084,
4718,471,ok,1.85471572677086,0.1462433439739635,-0.05963796920021586,0.18094238339695085,15.000000000001679,0.1814015419804491,
4719,471,ok,1.9457121543165128,0.05467093908910413,0.0386087066675018,0.18315972704860806,15.000000000001679,0.1931697499821894,
4720,471,ok,1.341739593098364,0.6591061635293831,-0.04763249943970682,0.10863600349154276,15.000000000001679,0.18219312498695217,
4721,472,ok,1.344037096731971,0.6560051605383087,0.010657808970344369,0.10570133194505561,15.000000000001679,0.18436512499465607,
4722,472,ok,1.9628390586484887,0.03958169756488365,0.09745383334432033,0.18236078287285393,15.000000000001679,0.19406074998551048,
4723,472,ok,1.49346579807471,0.5109181580610873,-0.11434753179122542,0.07642706828793278,15.000000000001679,0.1810084999888204,
4724,472,ok,1.5998118683358122,0.4239684959157727,-0.27481395925631313,0.07713794654614395,15.000000000001679,0.18276162500842474,
4725,472,ok,1.559851650359291,0.44066467430040906,-0.040131199258854285,0.07467814578377416,15.000000000001679,0.17974512500222772,
4726,472,ok,1.865325935040156,0.1346900373783715,0.007719279625122566,0.18237934250389698,15.000000000001679,0.18376137502491474,
4727,472,ok,1.3271302848209126,0.6728895617662756,-0.007257934963077127,0.10859004365895401,15.000000000001679,0.186172916990472,
4728,472,ok,1.9974505070013926,0.0031637727186815175,0.049533921074659065,0.18080241350964094,15.000000000001679,0.19307029197807424,
4729,472,ok,1.3257425814469013,0.6742809719005638,-0.007902581640184295,0.07589978411560491,15.000000000001679,0.18275758301024325,
4730,472,ok,1.9388956382045393,0.06205924857158135,0.06084356828493947,0.1891652113430777,15.000000000001679,0.19052304199431092,
4731,473,ok,1.9832783951065405,0.0327126455531635,-0.2513437039791167,0.08448180752232044,15.000000000001679,0.18300245801219717,
4732,473,ok,1.472736953703639,0.5290529975625515,0.07258822786484911,0.07780047251889044,15.000000000001679,0.17843787500169128,
4733,473,ok,1.607741028122172,0.40695514770142505,-0.21688548146971623,0.09125953925312594,15.000000000001679,0.1803113750065677,
4734,473,ok,1.9590636829890655,0.04115660177654509,0.029377801876061954,0.18413739903174076,15.000000000001679,0.1813377089856658,
4735,473,ok,1.903405295858191,0.0982919322351801,0.08036258643923191,0.18926242966659956,15.000000000001679,0.18836100000771694,
4736,473,ok,1.8416047970811296,0.1724176179615728,-0.22682783227588413,0.09025198700019388,15.000000000001679,0.18231450000894256,
4737,473,ok,1.401203521606295,0.608328684440865,-0.1631632875734904,0.08148565937221912,15.000000000001679,0.17939766598283313,
4738,473,ok,1.415939908395951,0.5858065342788259,0.07030409447442341,0.11160482013027596,15.000000000001679,0.17832949999137782,
4739,473,ok,1.894180583147737,0.10587852719312643,-0.01496421818274682,0.1496266860941453,15.000000000001679,0.17804654099745676,
4740,473,ok,1.5215661551062278,0.48563820101921495,-0.14789153509389757,0.0933812483676779,15.000000000001679,0.18069487501634285,
4741,474,ok,1.841390981159211,0.15920324317658163,-0.04677654928345293,0.1460151235953228,15.000000000001679,0.17527125001652166,
4742,474,ok,1.841553607334732,0.15844650364009788,0.0006393216595506346,0.1877941886377786,15.000000000001679,0.18577008400461636,
4743,474,ok,1.3939014529929492,0.6078254378667288,-0.06936316893632631,0.08948979874100364,15.000000000001679,0.17980062498827465,
4744,474,ok,1.8893616760932155,0.11215656365737076,-0.07572782149129445,0.18222785451825785,15.000000000001679,0.17976345799979754,
4745,474,ok,1.7878971734057214,0.2368651365438288,-0.2965328918308342,0.07803524957656781,15.000000000001679,0.18054191701230593,
4746,474,ok,1.4656801125406151,0.5548458362394003,-0.2444332940956935,0.10887701943139805,15.000000000001679,0.17987549997633323,
4747,474,ok,1.8684840165735312,0.14632013837391036,-0.23474132740665313,0.08763064810146981,15.000000000001679,0.1983075000171084,
4748,474,ok,1.9474896956670513,0.05360766847665306,0.06536823782582907,0.12674167576052556,15.000000000001679,0.18158662499627098,
4749,474,ok,1.4806930115766481,0.5195084599872494,0.024425283674853217,0.1227961185245792,15.000000000001679,0.18045008298940957,
4750,474,ok,1.3967047003196604,0.6044824589109293,-0.05757440757616096,0.10222585347699886,15.000000000001679,0.1778520829975605,
4751,475,ok,1.6999095190524804,0.30233954241392097,-0.08741477972208316,0.14451472109452035,15.000000000001679,0.17507937501068227,
4752,475,ok,1.616790221922397,0.3955843067139774,-0.19965195927264168,0.11246455771717088,15.000000000001679,0.1788596250116825,
4753,475,ok,1.808923165980642,0.1919666887423109,-0.056732405237084484,0.15253620864505232,15.000000000001679,0.17530224999063648,
4754,475,ok,1.5431787673076403,0.48329343412132203,0.284608328918245,0.07717278567053028,15.000000000001679,0.17728133400669321,
4755,475,ok,2.0092691452129268,-0.0044900835401338966,0.13849910791753395,0.18271689601060717,15.000000000001679,0.1796383750042878,
4756,475,ok,1.9235391400419144,0.07689968906021064,0.04108548814938845,0.18266368681364709,15.000000000001679,0.18571925000287592,
4757,475,ok,1.9298528925731848,0.07652260299585836,0.1567382856460407,0.16939940088506236,15.000000000001679,0.17566912499023601,
4758,475,ok,1.484221666095579,0.5230207967562868,-0.14644585106141453,0.11893883369693167,15.000000000001679,0.18253675001324154,
4759,475,ok,1.9316960634023421,0.08572149506529383,-0.25881940983830953,0.0802591767195844,15.000000000001679,0.18264070901204832,
4760,475,ok,1.8682270418506965,0.1407233599913911,-0.1826544711210269,0.07645603380704699,15.000000000001679,0.17958925000857562,
4761,476,ok,1.4527505230634155,0.5481044048343798,-0.049832348928141826,0.07503008779066768,15.000000000001679,0.17906695799320005,
4762,476,ok,1.3532357479515793,0.6470011673373167,0.025320907319587086,0.07484387190232063,15.000000000001679,0.1790119999786839,
4763,476,ok,1.8040438230222178,0.20498048721563492,-0.18021948870197105,0.09550727297109009,15.000000000001679,0.18232854100642726,
4764,476,ok,1.9578649632252698,0.04234267176569675,-0.02851314496186222,0.1397099162351585,15.000000000001679,0.1798151659895666,
4765,476,ok,1.5601247221594439,0.4460317177259495,-0.13846200337752881,0.07567955999006891,15.000000000001679,0.17915829201228917,
4766,476,ok,1.8512205317489954,0.1491069795930978,-0.03482074350222318,0.14760187629770977,15.000000000001679,0.17696120898472145,
4767,476,ok,1.3827753516734806,0.6214977291867961,-0.10862395020693136,0.12758701649140897,15.000000000001679,0.18292637501144782,
4768,476,ok,1.7797928426538805,0.23530530300145136,0.23133350199912975,0.18581161186059067,15.000000000001679,0.17795458401087672,
4769,476,ok,1.756272926983734,0.2522894725678354,-0.17321231584040742,0.07646496307750271,15.000000000001679,0.1802482090133708,
4770,476,ok,1.5275884759837697,0.490548648456783,-0.2346980385149643,0.10821738019729157,15.000000000001679,0.1795900000142865,
4771,477,ok,1.4378430711301637,0.5654345554864286,-0.09702928735490574,0.1204904889225428,15.000000000001679,0.18177737499354407,
4772,477,ok,1.967082737674828,0.036533028128969705,0.11921387180149597,0.182804896863857,15.000000000001679,0.18335374997695908,
4773,477,ok,1.9344133841224924,0.06615386850469761,0.046843146487899,0.18491981713779487,15.000000000001679,0.18927745800465345,
4774,477,ok,1.6530469765396014,0.3512268090696041,-0.1187908730328977,0.14655933127293277,15.000000000001679,0.17681154201272875,
4775,477,ok,1.4698168098329563,0.5379169319311532,-0.15058073095159533,0.11077440281747361,15.000000000001679,0.18077408301178366,
4776,477,ok,1.9208493484425084,0.08613633374781315,0.16367066448128947,0.17874773672712785,15.000000000001679,0.1790452080022078,
4777,477,ok,1.422367163689459,0.5848381308441277,0.14298682606888702,0.08448757595603418,15.000000000001679,0.18050833299639635,
4778,477,ok,1.5351381185301358,0.47078994493547505,-0.1347800076190737,0.12865631563962557,15.000000000001679,0.1802414999983739,
4779,477,ok,1.7961918322943426,0.2048293397118061,0.06055905251371089,0.1463139516057859,15.000000000001679,0.17367283400380984,
4780,477,ok,1.5135794002821201,0.48665136509651763,-0.026429343430151495,0.1003509396696895,15.000000000001679,0.1768755829834845,
4781,478,ok,1.4072927806067994,0.598755397046277,-0.130332394442365,0.07648235522738533,15.000000000001679,0.17964983300771564,
4782,478,ok,1.5830399728601203,0.4263644086736259,0.17229794364374662,0.09665697424741869,15.000000000001679,0.18050824999227189,
4783,478,ok,1.3330541043254065,0.6669494831729696,0.003092676187184084,0.09081003288934592,15.000000000001679,0.18149866600288078,
4784,478,ok,1.561660225574854,0.4473977819689503,-0.16795538903997276,0.0753148303634948,15.000000000001679,0.18088491697562858,
4785,478,ok,1.460102383606171,0.5514142444692509,-0.1830253520303425,0.09014111503964152,15.000000000001679,0.18062216701218858,
4786,478,ok,1.4182830228902468,0.5818363587620845,-0.018401621926159965,0.11453108789296633,15.000000000001679,0.1797962500131689,
4787,478,ok,1.802728787818354,0.1975680156022482,-0.03271122206543874,0.18134084490030722,15.000000000001679,0.18142729200189933,
4788,478,ok,1.3548898963547207,0.6462900375309584,0.05653289976793688,0.11475005683584655,15.000000000001679,0.18194416697951965,
4789,478,ok,1.6986388500823346,0.30786085796708024,-0.14845560618962955,0.14911636426295635,15.000000000001679,0.1768442090251483,
4790,478,ok,1.8454358350957307,0.17962149323248525,-0.30307674532096684,0.07400929688938494,15.000000000001679,0.18169275001855567,
4791,479,ok,1.5770285116114346,0.4266306940289824,-0.10736830753837596,0.0883465346164759,15.000000000001679,0.17923475001589395,
4792,479,ok,1.4592080599430926,0.55361426236135,-0.1930193258675993,0.12183124810139323,15.000000000001679,0.18196995800826699,
4793,479,ok,1.5360693987935081,0.48015335058321373,-0.22265524958198837,0.07450995563165932,15.000000000001679,0.18123429201659746,
4794,479,ok,1.324348344935852,0.6767280832243228,0.053385138448406956,0.09998937077105259,15.000000000001679,0.18105216702679172,
4795,479,ok,1.5478496877353969,0.4650014892026051,-0.19904328090228326,0.07562062921187324,15.000000000001679,0.18106000000261702,
4796,479,ok,1.4587480260191357,0.570531666539519,0.29080248803688064,0.0815211884809271,15.000000000001679,0.17869370902189985,
4797,479,ok,1.5443742777441092,0.46518368292438284,-0.17155402238384626,0.07548850591715947,15.000000000001679,0.18043554201722145,
4798,479,ok,1.7886260746751677,0.23941944741798385,-0.3154985782502056,0.08173313236878063,15.000000000001679,0.18232829199405387,
4799,479,ok,1.9902230277675133,0.010889815321306933,0.06654602515238917,0.18366978886321864,15.000000000001679,0.1912990830023773,
4800,479,ok,1.3504434773876859,0.6535584647476175,0.10388829465417403,0.10575288828428732,15.000000000001679,0.1791167079936713,
4801,480,ok,1.3576625846891759,0.6443521224449807,0.07393595840634692,0.12314398130024488,15.000000000001679,0.19640258300933056,
4802,480,ok,1.6125161109786532,0.3890307841498923,-0.070614401852664,0.07608523751581107,15.000000000001679,0.17923929198877886,
4803,480,ok,1.4635004143766877,0.5385173533755204,-0.07682406196136288,0.09119665893191127,15.000000000001679,0.18034499997156672,
4804,480,ok,1.6097686899700177,0.40248960194698963,-0.19828202974626744,0.07515051914193088,15.000000000001679,0.1817514169961214,
4805,480,ok,1.4399382971012813,0.5694831551351048,-0.16445016271418747,0.09172354853950541,15.000000000001679,0.1811195409973152,
4806,480,ok,1.54995286801198,0.4679734080688192,-0.23504981317646964,0.08768530025093245,15.000000000001679,0.18022816700977273,
4807,480,ok,1.6868427898928802,0.32541507676678816,-0.20298751856607553,0.09748334885528612,15.000000000001679,0.1785884580167476,
4808,480,ok,1.4000973580715677,0.6052788809611036,-0.12257900385413452,0.11044933352034798,15.000000000001679,0.1801322919782251,
4809,480,ok,1.991587959533082,0.01482871730913757,-0.15974222652968448,0.08303561235799135,15.000000000001679,0.18407016599667259,
4810,480,ok,1.8058694048066184,0.20932259911875103,-0.23374933837293477,0.11246052938071811,15.000000000001679,0.18050875002518296,
4811,481,ok,1.8518767504168416,0.15374487864893951,-0.14418573306476049,0.08744579626322563,15.000000000001679,0.17958404100500047,
4812,481,ok,1.9350277390719721,0.06497752652710533,0.004514214530703137,0.18628880902274753,15.000000000001679,0.18547795800259337,
4813,481,ok,1.8944246394416357,0.10563062809426765,0.014470566991408515,0.1880399915502566,15.000000000001679,0.18767737498274073,
4814,481,ok,1.8182136441130636,0.1827028248636777,-0.05772203115318538,0.14329453028929476,15.000000000001679,0.17737404099898413,
4815,481,ok,1.4024243842942223,0.5975943764677193,0.007254015995545114,0.11925458879782008,15.000000000001679,0.17972549999831244,
4816,481,ok,1.3392200792824598,0.661311907719569,0.03774403714360609,0.11059870364386716,15.000000000001679,0.17900395797914825,
4817,481,ok,1.9804140492507167,0.023676656107833614,-0.12722360966623505,0.0819009678239724,15.000000000001679,0.18370216598850675,
4818,481,ok,1.9571748608641588,0.04353497305463558,0.05270706156022812,0.18633560301720514,15.000000000001679,0.18948150001233444,
4819,481,ok,1.4600496725177472,0.5400642154470534,-0.018235986426652334,0.11351376245189307,15.000000000001679,0.18625083297956735,
4820,481,ok,1.9528220894605535,0.04747748525618856,0.03420442228110735,0.18354985840794338,15.000000000001679,0.18677008300437592,
4821,482,ok,1.6685008789838183,0.33404662002754226,-0.09216571449361152,0.08734262535842321,15.000000000001679,0.18005933400127105,
4822,482,ok,1.9518837768603543,0.04874114706130743,0.049387925639975856,0.18652892899075385,15.000000000001679,0.18177037499845028,
4823,482,ok,1.5475220316964748,0.46473516699547934,-0.1943870652219082,0.08816235349166213,15.000000000001679,0.1800559169787448,
4824,482,ok,1.5864102483429947,0.41418282384386607,-0.043374645311146764,0.08989529407591625,15.000000000001679,0.18720587500138208,
4825,482,ok,1.4026524831740774,0.60429174385009,-0.1394003309514814,0.09404948888666549,15.000000000001679,0.18117929200525396,
4826,482,ok,1.3371742790902832,0.662969913026385,-0.019636679656859723,0.09214526113550794,15.000000000001679,0.18128095800057054,
4827,482,ok,1.5305393077810705,0.4773095142598419,-0.1548039317955442,0.10047106061079238,15.000000000001679,0.17969750001793727,
4828,482,ok,1.4405531263259905,0.5613838933545828,-0.07467936440521798,0.10436195420205861,15.000000000001679,0.17817724999622442,
4829,482,ok,1.4971202772563694,0.5033223222782498,0.03640128543907984,0.08950800227689563,15.000000000001679,0.17808041698299348,
4830,482,ok,1.4538767071142833,0.5466412733677979,-0.038805814145497844,0.11308645521280171,15.000000000001679,0.18011333301546983,
4831,483,ok,1.674412222242306,0.33386118345384946,-0.16624600444103804,0.08896382672131893,15.000000000001679,0.18458487497991882,
4832,483,ok,1.4980659930548224,0.5202314128312567,-0.23342375195329298,0.07622575060269302,15.000000000001679,0.17954854198615067,
4833,483,ok,1.338116305786107,0.6620131118406601,0.018610075882284735,0.0922101587544259,15.000000000001679,0.1795071249944158,
4834,483,ok,1.4516839197143492,0.5525871966238792,0.1112761402102755,0.09759043517964927,15.000000000001679,0.17982595798093826,
4835,483,ok,1.5179995202661296,0.4828569528152015,-0.050985467606214294,0.07515368688996783,15.000000000001679,0.17776312498608604,
4836,483,ok,1.9227095549363098,0.07835498228018904,-0.06397232617319698,0.18264791311405096,15.000000000001679,0.1816616250143852,
4837,483,ok,1.4974744197503083,0.5043892756104429,-0.07468734094521373,0.10737463289764444,15.000000000001679,0.17747812499874271,
4838,483,ok,1.959514377255996,0.043022444632691316,0.09967668965984693,0.18199885149009187,15.000000000001679,0.19052870801533572,
4839,483,ok,1.4026928597988668,0.6011453933632802,0.10369690652064471,0.1047430098961725,15.000000000001679,0.17867620900506154,
4840,483,ok,2.0316561624900595,-0.027096309721028004,0.1360415881237249,0.18493488948059542,15.000000000001679,0.19032820899155922,
4841,484,ok,1.77040526984614,0.23689875315408768,-0.1606512149638873,0.08213167904138631,15.000000000001679,0.17928912499337457,
4842,484,ok,1.3570364381603939,0.6430513805294445,-0.015438219197904564,0.11923512022828749,15.000000000001679,0.18190079100895673,
4843,484,ok,1.6998016432960597,0.31592429988943654,-0.23068303546013033,0.07708774491056317,15.000000000001679,0.1826385409804061,
4844,484,ok,1.5352314962172917,0.46866567727542247,-0.1093203504533512,0.12102033110441711,15.000000000001679,0.18360858401865698,
4845,484,ok,1.3529336778875563,0.6499195799712555,0.08782024947219748,0.1007338526642487,15.000000000001679,0.1817405830079224,
4846,484,ok,1.6404624532190133,0.3803834364778746,-0.2606899453107555,0.07937529633451285,15.000000000001679,0.1801164580101613,
4847,484,ok,1.385289041278995,0.6183244525124116,0.09999204649646025,0.09693354719340455,15.000000000001679,0.18241683300584555,
4848,484,ok,1.9228970228273743,0.07768749021322656,0.047408597486692815,0.1869805690091576,15.000000000001679,0.19036891698488034,
4849,484,ok,1.5111116747831783,0.5005135131488281,-0.18707958043771725,0.08591576856572475,15.000000000001679,0.1806773330026772,
4850,484,ok,1.3958195417502448,0.604428666749552,-0.026321985894503703,0.0765180900350211,15.000000000001679,0.17994366699713282,
4851,485,ok,1.9216687192271198,0.07863183070466646,0.03398565101182881,0.18555352103608522,15.000000000001679,0.19939104199875146,
4852,485,ok,1.5526823880948069,0.4482439413179688,0.0536258579735666,0.09999886238936812,15.000000000001679,0.17632379199494608,
4853,485,ok,1.827549031702573,0.17269197899879835,-0.029679280006169366,0.18262212563491087,15.000000000001679,0.17478299999493174,
4854,485,ok,1.6535350087720615,0.3519347440222405,-0.134383545398175,0.14188208531901408,15.000000000001679,0.17877191698062234,
4855,485,ok,1.743325158498391,0.2736770370346064,-0.24288193796950996,0.07577531049465601,15.000000000001679,0.18014654100988992,
4856,485,ok,1.9372763293053477,0.06407644062079722,0.07238472440618862,0.18590388005346078,15.000000000001679,0.18585895802243613,
4857,485,ok,1.7567606048880662,0.24944076024777775,-0.1474793917969772,0.08899333412081419,15.000000000001679,0.17683966699405573,
4858,485,ok,1.419601944188265,0.5810557685475916,0.04320819333223014,0.11907916695704296,15.000000000001679,0.18032774998573586,
4859,485,ok,1.4912977240390601,0.5133328055146138,0.11742893410497879,0.11027347719142365,15.000000000001679,0.1775007079995703,
4860,485,ok,1.7622776439585153,0.260412121107927,-0.28188030439843287,0.07630916247093153,15.000000000001679,0.18261904100654647,
4861,486,ok,1.7640953027151902,0.23788195820998784,-0.08349996323311508,0.1370666215199053,15.000000000001679,0.1778713749954477,
4862,486,ok,1.7902109372243056,0.22240458457715656,-0.21215498774531608,0.08569035213416519,15.000000000001679,0.18088895798427984,
4863,486,ok,1.3964535893258074,0.6115207198881301,-0.14902320571291672,0.09583782261111168,15.000000000001679,0.1784211669873912,
4864,486,ok,1.5404296057620144,0.4775048025402612,-0.23437522057620616,0.07674547157043414,15.000000000001679,0.1798691659932956,
4865,486,ok,2.0070025377280256,-0.0030005200053280965,-0.12668110871443636,0.07410924659296077,15.000000000001679,0.18484745899331756,
4866,486,ok,1.6980800702715522,0.3027385570579264,-0.05272114713878897,0.1104967837401168,15.000000000001679,0.18530983399250545,
4867,486,ok,1.6639264264420763,0.3653540424106318,-0.31077925598249967,0.07708584056262148,15.000000000001679,0.1834028750017751,
4868,486,ok,1.3376108959251722,0.6626026014645819,-0.023897851125941658,0.0865416375475543,15.000000000001679,0.18076912499964237,
4869,486,ok,1.9567068037011057,0.0443008902238759,0.06278939138957765,0.1772973711352248,15.000000000001679,0.17721620801603422,
4870,486,ok,1.5910828489509166,0.4139520000130322,-0.12647677242523395,0.10152300068882751,15.000000000001679,0.1767186670040246,
4871,487,ok,1.863217854711032,0.13695927487633305,-0.025691061571335723,0.18693253535339754,15.000000000001679,0.1842274589871522,
4872,487,ok,1.7100334099331598,0.31188915142194196,-0.2729396013785809,0.07470955254195899,15.000000000001679,0.18145274999551475,
4873,487,ok,1.348376628280104,0.6517465577103901,0.018225999183560725,0.10465395045855534,15.000000000001679,0.18577170799835585,
4874,487,ok,1.5060218493305453,0.4998372028467583,-0.13271545764664133,0.10623430202515209,15.000000000001679,0.17580845800694078,
4875,487,ok,1.4382658388133849,0.5634825444986606,-0.07089586121577886,0.07604024550535765,15.000000000001679,0.2170634169888217,
4876,487,ok,1.4049264757179387,0.6011018110469685,-0.1300086886217862,0.10892181958519853,15.000000000001679,0.1821368750242982,
4877,487,ok,1.816459204424979,0.19015890327716806,-0.15491690015399984,0.07463219066547234,15.000000000001679,0.18999558300129138,
4878,487,ok,1.9771847052715288,0.0314802374639363,-0.18490349716709337,0.08269426010593897,15.000000000001679,0.19669691601302475,
4879,487,ok,2.064414953981532,-0.054655088632026096,-0.2005032892026794,0.09425997807036653,15.000000000001679,0.18173079198459163,
4880,487,ok,1.4045992290379945,0.6021853511080015,-0.1378883662861659,0.1038913318667984,15.000000000001679,0.17834483299520798,
4881,488,ok,1.9466597876997713,0.05357373403303624,0.030151620208891103,0.18296804522714347,15.000000000001679,0.19014787502237596,
4882,488,ok,1.422302354652893,0.578045493810197,0.03145425849830515,0.09483169323562024,15.000000000001679,0.17679125000722706,
4883,488,ok,1.459183890004892,0.5496054686870491,0.15991662948953672,0.08976744798357264,15.000000000001679,0.18640483400668018,
4884,488,ok,1.5162149351682426,0.48782719238218825,-0.1106396381433989,0.07479104009220462,15.000000000001679,0.18065387502429076,
4885,488,ok,1.5979268709369383,0.40349549199579327,-0.06740653369341046,0.09332076672937706,15.000000000001679,0.17776729201432317,
4886,488,ok,1.4242432619270424,0.5757636833371348,0.00444785826847559,0.12259497751786133,15.000000000001679,0.17857400001958013,
4887,488,ok,1.4362580052335028,0.5665227536247363,-0.0893310792597559,0.075707443771879,15.000000000001679,0.17759791697608307,
4888,488,ok,1.979440463021352,0.024164673247080784,0.11941234526366873,0.18242018254057388,15.000000000001679,0.19356666700332426,
4889,488,ok,1.9834297987579348,0.017000373023111102,0.04130673081304799,0.18522683694999428,15.000000000001679,0.18979191599646583,
4890,488,ok,1.4395972419054877,0.5605596840942706,0.021255489810890676,0.09719110656002691,15.000000000001679,0.1877062089915853,
4891,489,ok,1.845708643902528,0.15429249667170217,-0.0020519098739667637,0.1865831858488205,15.000000000001679,0.1918937920127064,
4892,489,ok,1.4212614071178458,0.5787385944551408,-6.686740674302551e-05,0.08485494765329846,15.000000000001679,0.18806820901227184,
4893,489,ok,1.4947243202381177,0.5108686749250456,-0.1291847134602731,0.10077523505499274,15.000000000001679,0.19481716700829566,
4894,489,ok,1.8780523399268805,0.1454574091882651,-0.2962302657901935,0.07434506686617932,15.000000000001679,0.18284862500149757,
4895,489,ok,1.350786691920599,0.6541013388996064,-0.11481063155458747,0.07650431207037946,15.000000000001679,0.1807538329740055,
4896,489,ok,1.4748418570502762,0.5275495043107314,0.08395261194230387,0.08808920765576608,15.000000000001679,0.17905508299008943,
4897,489,ok,1.514098435818346,0.49627260176515536,-0.17691236572220295,0.07513386857751388,15.000000000001679,0.18391125000198372,
4898,489,ok,1.5266979063613624,0.4762899941928466,0.09546892421794721,0.09259218891412156,15.000000000001679,0.1792201250209473,
4899,489,ok,1.4793049464433023,0.5250741117388931,0.11373982903453991,0.0952134175367657,15.000000000001679,0.17720275002648123,
4900,489,ok,1.4380980391876792,0.5653905914244863,0.10010901628756011,0.09603512833414575,15.000000000001679,0.1807654169970192,
4901,490,ok,1.503307816432172,0.5039372277389514,-0.1474129315923476,0.10629405856062007,15.000000000001679,0.18531304199132137,
4902,490,ok,1.7427106299461799,0.2677048155873911,-0.19024650795296216,0.08401759077833636,15.000000000001679,0.18545679200906307,
4903,490,ok,1.806071196439273,0.21037158848673865,-0.24315286408370418,0.08520096743832163,15.000000000001679,0.18846299999859184,
4904,490,ok,2.0084706908175107,-0.002922436151249971,-0.14918522257552888,0.08188301879377831,15.000000000001679,0.1836155829951167,
4905,490,ok,1.9378183771902457,0.07388109945892254,-0.21261712996527027,0.07389696259462378,15.000000000001679,0.19447962497361004,
4906,490,ok,1.4780241333032973,0.5239081828561386,-0.07555319971977942,0.07618223277769891,15.000000000001679,0.1861184999870602,
4907,490,ok,1.3896295352179757,0.6109477995837607,-0.040052835966141495,0.11081616045030922,15.000000000001679,0.18052512500435114,
4908,490,ok,1.995055338727689,0.005184000869006051,0.03090200959271608,0.14369037198894868,15.000000000001679,0.18034800002351403,
4909,490,ok,1.4020462293683384,0.6039959142301699,-0.13002392779760424,0.0813988525370331,15.000000000001679,0.1833749999932479,
4910,490,ok,1.647053939813331,0.35715066470027507,-0.1176126785676938,0.08531448643906557,15.000000000001679,0.1846552079950925,
4911,491,ok,1.741534739229927,0.26536649805442414,-0.15488660972684945,0.08334590661156913,15.000000000001679,0.18866308400174603,
4912,491,ok,1.5909228948257244,0.42452641862050267,-0.22117561270611044,0.09468544628073272,15.000000000001679,0.1804005000158213,
4913,491,ok,1.4175776010153123,0.5825789087984873,-0.021064309090051612,0.11660370263916246,15.000000000001679,0.18391891600913368,
4914,491,ok,1.994773250250449,0.005428428127282084,0.028364847821471435,0.18609167433718024,15.000000000001679,0.21389333400293253,
4915,491,ok,1.4041951612760695,0.6010150846193251,-0.12085221341975069,0.09044764259724179,15.000000000001679,0.20392945798812434,
4916,491,ok,1.4242700135610316,0.5871611358612476,-0.18008724415754976,0.08707052955511078,15.000000000001679,0.183138708001934,
4917,491,ok,1.5169163042848794,0.4960019644955887,-0.19754742064670966,0.0943891623288003,15.000000000001679,0.1787367500073742,
4918,491,ok,1.4199715804227488,0.5834151753125492,-0.09801389530828399,0.09088152602439654,15.000000000001679,0.17734670799109153,
4919,491,ok,1.6899987841497048,0.3329459723610807,-0.27753695134222645,0.07670700526836635,15.000000000001679,0.17927999998209998,
4920,491,ok,1.3761283740276138,0.626607343500489,-0.08672896215855308,0.0754040783907554,15.000000000001679,0.17821204199572094,
4921,492,ok,1.6828771205642206,0.3437326412293588,-0.29808361107153564,0.07587713717568267,15.000000000001679,0.17879062498104759,
4922,492,ok,2.0619690869917324,-0.059424063154398715,-0.10241603297407473,0.0750650405695552,15.000000000001679,0.18069820798700675,
4923,492,ok,1.378500221835373,0.6215358820362464,0.009976827480904605,0.11178196147044475,15.000000000001679,0.18144508398836479,
4924,492,ok,1.4100230017828763,0.5993388662832951,-0.1622136062487613,0.11720638218818147,15.000000000001679,0.18035958398832008,
4925,492,ok,1.3794871503272383,0.6205815370916508,-0.013765976374078422,0.07668785745700171,15.000000000001679,0.17801874998258427,
4926,492,ok,1.5421586309241464,0.4713160380032961,-0.20341727376970054,0.07660015528596553,15.000000000001679,0.1765134580200538,
4927,492,ok,1.8590677910305244,0.16324336664984732,-0.28715522194681836,0.09252859803035388,15.000000000001679,0.1795093750115484,
4928,492,ok,1.3806815423500154,0.629868472185009,-0.17035585658666275,0.08228741693828058,15.000000000001679,0.17665762500837445,
4929,492,ok,1.792144467022021,0.20951284461218708,-0.07705541557153045,0.15349525806447661,15.000000000001679,0.17689104098826647,
4930,492,ok,1.3515677334756933,0.6484557780315323,0.007972091085284549,0.12340013362280992,15.000000000001679,0.18102879100479186,
4931,493,ok,1.3949907937944939,0.6052469800103618,-0.025755154846675333,0.10923244488672573,15.000000000001679,0.17651566700078547,
4932,493,ok,1.5304836583844976,0.4776486208387023,-0.15756429464726585,0.07639383249331497,15.000000000001679,0.17741883301641792,
4933,493,ok,1.5091213097123102,0.49440226606080356,-0.10306595453861034,0.07618733137998596,15.000000000001679,0.1762540419877041,
4934,493,ok,1.4098814855713664,0.5923871548482399,-0.07994924340286155,0.10351477636201242,15.000000000001679,0.17594675000873394,
4935,493,ok,1.661941063283154,0.3421558225069471,-0.11662238626920003,0.13566685008731852,15.000000000001679,0.17386645800434053,
4936,493,ok,1.3465124129327042,0.6536742669587999,-0.022420944068640473,0.1038287932464153,15.000000000001679,0.1783950839890167,
4937,493,ok,1.5983368897023185,0.4105238118693304,-0.16806623798038023,0.08838165406048781,15.000000000001679,0.17823662498267367,
4938,493,ok,1.8379207541138978,0.16236187876942626,-0.03223094480101212,0.18312197375814138,15.000000000001679,0.17630274998373352,
4939,493,ok,1.4773550421652575,0.5345645066281984,0.18728784097547485,0.11954792375005391,15.000000000001679,0.17998920800164342,
4940,493,ok,1.5195911465579122,0.49230404604303846,-0.18976343989029712,0.07631377322105261,15.000000000001679,0.18284341698745266,
4941,494,ok,1.3629386315962035,0.6376408150756211,-0.03973870593657177,0.08634153060602288,15.000000000001679,0.1806042499956675,
4942,494,ok,1.4184420271291047,0.5899894053057696,-0.154427676198752,0.07833668553848866,15.000000000001679,0.17726412499905564,
4943,494,ok,1.6458709567442584,0.36858523441940017,0.2176627411842848,0.105366357082733,15.000000000001679,0.17536925000604242,
4944,494,ok,1.7054945923491176,0.2956263827297744,-0.06182537735662945,0.1374504650301583,15.000000000001679,0.17957908299285918,
4945,494,ok,1.8050317236972038,0.20910030387269884,-0.22542804165506847,0.09228901673286151,15.000000000001679,0.1812507499998901,
4946,494,ok,1.3721999558565519,0.6281685696225467,0.031800086183428285,0.11902054753785382,15.000000000001679,0.17867520797881298,
4947,494,ok,1.5854997957673382,0.4282193844803576,-0.20812327850330825,0.07650411062917575,15.000000000001679,0.17934454200440086,
4948,494,ok,1.3737415334640464,0.6270921707313546,-0.0478528274713823,0.09184877309266884,15.000000000001679,0.18001224999898113,
4949,494,ok,1.4162463540675563,0.5843949035098315,-0.04261392026916351,0.07579342218336663,15.000000000001679,0.17621891701128334,
4950,494,ok,1.5007356496057838,0.5041610724224987,-0.12113378034836027,0.1270753463409689,15.000000000001679,0.17842762498185039,
4951,495,ok,1.488458274786428,0.5130076748853223,0.06604438530438508,0.09425697299494017,15.000000000001679,0.17461408299277537,
4952,495,ok,1.5133501348857836,0.500477235593124,-0.2041080835841159,0.07596563913803438,15.000000000001679,0.17863900001975708,
4953,495,ok,1.9780464018803212,0.02737629782709951,0.14636699633921896,0.18079122715464824,15.000000000001679,0.17909312501433305,
4954,495,ok,1.9918794576974372,0.011942743099932592,0.1233374123452262,0.18719217320998657,15.000000000001679,0.19436754198977724,
4955,495,ok,1.6586323195090298,0.3427876693529455,-0.06861823716230252,0.07482851426903263,15.000000000001679,0.17667791701387614,
4956,495,ok,1.6078798738875708,0.39488715304852506,-0.09428911604232154,0.11112491530581366,15.000000000001679,0.17924570900504477,
4957,495,ok,1.7840709291818435,0.23012670412108083,-0.22462768504006406,0.09226659261400932,15.000000000001679,0.17592366700409912,
4958,495,ok,2.025075997702273,-0.015757739998248955,0.1940451754283175,0.18472066580637395,15.000000000001679,0.19311645801644772,
4959,495,ok,1.8889900829690365,0.11260474302731126,0.07760591158130399,0.14678317793273327,15.000000000001679,0.19300962501438335,
4960,495,ok,1.9088616653544608,0.09144735782917768,0.03434631745294793,0.18608388579805402,15.000000000001679,0.1807975000119768,
4961,496,ok,1.926153484976735,0.08655507636967302,-0.2208976503300871,0.07391705200359741,15.000000000001679,0.18216083399602212,
4962,496,ok,1.671211539649112,0.33160120679132205,0.09691995189940712,0.09834041999363101,15.000000000001679,0.17644166699028574,
4963,496,ok,1.8562124441364267,0.15938131987825585,-0.24009896325018906,0.0839076816376783,15.000000000001679,0.1802715000230819,
4964,496,ok,1.469850403963983,0.5482903856274266,0.23021599764420894,0.10989569362540107,15.000000000001679,0.18128458299906924,
4965,496,ok,1.4949308569015225,0.5065652555819284,-0.06686502135833057,0.1130012989765861,15.000000000001679,0.18196766599430703,
4966,496,ok,1.345566948057061,0.6650298545307207,0.1685381927318691,0.11256359847402471,15.000000000001679,0.18161316600162536,
4967,496,ok,1.9070107472817865,0.09315974643991147,-0.02549975786425433,0.1394990695797592,15.000000000001679,0.18054841700359248,
4968,496,ok,1.5251550138117316,0.47590787791906225,0.056929953151979316,0.11226056225947256,15.000000000001679,0.18261966697173193,
4969,496,ok,1.9750222755015219,0.040358144899414625,-0.24600160256621248,0.07785473277771689,15.000000000001679,0.18083066699909978,
4970,496,ok,1.9108701708652136,0.10306824191685345,-0.23037950229573947,0.0893255713985047,15.000000000001679,0.18337854099809192,
4971,497,ok,2.085960136844895,-0.0854239555738869,-0.04729289613184351,0.07465342775910787,15.000000000001679,0.18506416599848308,
4972,497,ok,1.4734537547093227,0.5344454116114213,-0.15236704276248197,0.08140587760881034,15.000000000001679,0.1812759579916019,
4973,497,ok,1.7903431626569692,0.22776999123429867,-0.25402644764449556,0.08712460221544487,15.000000000001679,0.18211204197723418,
4974,497,ok,1.3805624842897068,0.6217987945819355,-0.08071065860443176,0.10787434240092464,15.000000000001679,0.17835829200339504,
4975,497,ok,1.6463354535170986,0.3575188115362996,-0.11258761499481754,0.13769422923656896,15.000000000001679,0.17999237502226606,
4976,497,ok,1.565615453315336,0.4394996773391079,-0.12645351175446704,0.07571318739083335,15.000000000001679,0.18007012500311248,
4977,497,ok,1.4512426216587735,0.548760664673861,-0.0030884496396345173,0.09279313193471346,15.000000000001679,0.17681508397799917,
4978,497,ok,1.5822679631207115,0.439081748906473,-0.2590484906755699,0.10269521960955584,15.000000000001679,0.18096574998344295,
4979,497,ok,1.380045159549735,0.6200166972862721,-0.013066240008674828,0.09404447262871338,15.000000000001679,0.18038254100247286,
4980,497,ok,1.6806545652890754,0.33017244361369485,-0.19046180656486444,0.08403238356594234,15.000000000001679,0.18360374998883344,
4981,498,ok,1.4990375170234806,0.5036662287103648,0.08999290162040548,0.08401840358831814,15.000000000001679,0.17640179200679995,
4982,498,ok,1.9611493156149706,0.03935523292167829,0.04448297950296265,0.18453569667582093,15.000000000001679,0.18016508300206624,
4983,498,ok,1.955733613950442,0.045073216665836996,0.056171527826814775,0.18679870877847055,15.000000000001679,0.18282275000819936,
4984,498,ok,1.6788722894637518,0.3291469799896694,-0.1638973759753859,0.07588897198817725,15.000000000001679,0.17862158399657346,
4985,498,ok,1.5590024211846243,0.4445851601670051,-0.10570347812072838,0.12165583614968963,15.000000000001679,0.1810363749973476,
4986,498,ok,1.3556756495860154,0.6568490022849685,0.18385283304202796,0.10536616404806226,15.000000000001679,0.18109583301702514,
4987,498,ok,1.4532844974680978,0.54672628801327,-0.005598984676930203,0.12156666167651749,15.000000000001679,0.17972037501749583,
4988,498,ok,1.4968424649940177,0.5041150394331013,-0.053530829987360015,0.12196866985214051,15.000000000001679,0.18026670801918954,
4989,498,ok,1.4378317639224933,0.5625906050054394,-0.0348484221427612,0.0981534875798938,15.000000000001679,0.179113749996759,
4990,498,ok,1.4615134901460591,0.538861775707998,0.033117539034929894,0.1030181230071797,15.000000000001679,0.17581849999260157,
4991,499,ok,1.4150366787435917,0.5850453850952898,-0.015239420906269962,0.07548191470441465,15.000000000001679,0.17836824999540113,
4992,499,ok,1.5498676402640332,0.4609954629569358,-0.1831795220499991,0.08671511935738029,15.000000000001679,0.1778582079859916,
4993,499,ok,1.9751600854711953,0.025229781988959633,-0.0392421876964887,0.07877666045935187,15.000000000001679,0.19313512498047203,
4994,499,ok,1.8910060822117523,0.10920978227933086,0.028571936120334124,0.1885399723781643,15.000000000001679,0.17931612499523908,
4995,499,ok,1.4511639434418189,0.5558019318946779,-0.14201665686272788,0.07611494372943431,15.000000000001679,0.1765659999800846,
4996,499,ok,2.0039553026594232,-0.002875073209589928,-0.065789787752365,0.18260626533400423,15.000000000001679,0.1788162090233527,
4997,499,ok,1.8815333706340416,0.11868623614691516,-0.028746247519229048,0.18242091554926976,15.000000000001679,0.17875312501564622,
4998,499,ok,1.4541979703367547,0.5469055995623939,-0.056642743122226745,0.11264726545160827,15.000000000001679,0.1775177500094287,
4999,499,ok,1.4619054616950093,0.5476892981084489,-0.16721604021435557,0.11426641296500499,15.000000000001679,0.18193791699013673,
5000,499,ok,1.8769786229348313,0.12312875081096039,0.020076476830099464,0.1849113795776701,15.000000000001679,0.18255087500438094,
5001,500,ok,1.4651298810564934,0.536544032255863,0.07001570422902255,0.09038248638285327,15.000000000001679,0.177446499990765,
5002,500,ok,1.543811492635956,0.46689872001072336,-0.18153344069371968,0.08887300470592542,15.000000000001679,0.1787006249942351,
5003,500,ok,1.5390246177816527,0.4656143153784023,-0.11940412457814423,0.07843693715793255,15.000000000001679,0.18022754101548344,
5004,500,ok,1.422692143442024,0.5774650341360926,-0.021147243466537742,0.07479348684180646,15.000000000001679,0.17772662499919534,
5005,500,ok,1.7889090804322982,0.22892664383704175,-0.2519818746315035,0.08550635867600334,15.000000000001679,0.17740166699513793,
5006,500,ok,1.3470388456652558,0.6548074918261957,0.07050367142393799,0.10874363755782741,15.000000000001679,0.17875308298971504,
5007,500,ok,1.9579772194265874,0.04324128863555361,0.06906618052869029,0.18062449918074044,15.000000000001679,0.18738362498697825,
5008,500,ok,1.4604393522109844,0.5417151418977593,0.07929926932934267,0.11526190478408095,15.000000000001679,0.17926375000388362,
5009,500,ok,1.8755781314457978,0.14334218181436914,-0.26573496820682674,0.08076339823150482,15.000000000001679,0.1773749999993015,
5010,500,ok,1.4066401865454745,0.59349282318921,0.019343629039780978,0.08674001331849715,15.000000000001679,0.177430124982493,
5011,501,ok,1.4487293807702102,0.5644194544603337,-0.19474423219923845,0.1032774698114846,15.000000000001679,0.1783495409763418,
5012,501,ok,1.3964691427793847,0.6053159208404199,0.07058601896823376,0.09693370345490908,15.000000000001679,0.17791870899964124,
5013,501,ok,1.8633121434406226,0.1366906523839493,0.0032278444718514473,0.18351751033274666,15.000000000001679,0.1859687499818392,
5014,501,ok,1.3725750034816926,0.6275646535815664,-0.019579583348034526,0.10491489314904233,15.000000000001679,0.17746562499087304,
5015,501,ok,1.404631121394175,0.5989031618615788,-0.099580306022708,0.11149176784029165,15.000000000001679,0.18025599999236874,
5016,501,ok,1.6725926162516644,0.32888460668176533,-0.07028088043294003,0.0808196345689332,15.000000000001679,0.18440404202556238,
5017,501,ok,1.9093491402869058,0.09418732857595286,0.11615593378679798,0.1815523458671733,15.000000000001679,0.20986154201091267,
5018,501,ok,1.8831712311332252,0.11894390066398594,-0.08922912595451168,0.18220780033653222,15.000000000001679,0.18396354201831855,
5019,501,ok,1.8136938012180388,0.19836426163167203,-0.20879145291593865,0.1012809738969071,15.000000000001679,0.18011266700341366,
5020,501,ok,1.3999662961549488,0.6080839386466448,-0.14991767246181625,0.11172090741376275,15.000000000001679,0.17953537500579841,
5021,502,ok,1.5600044431703368,0.4400263538684965,0.009802351063673923,0.09195352288078516,15.000000000001679,0.18131337498198263,
5022,502,ok,1.496408779192967,0.5049710259510682,-0.06424641001631452,0.10245142525126553,15.000000000001679,0.18291595799382776,
5023,502,ok,1.5411610994741265,0.459138318702458,-0.030377847869964694,0.12260619764533899,15.000000000001679,0.17992495899670757,
5024,502,ok,1.3568948258293592,0.6433490991574162,0.02572744848392784,0.09295545342886466,15.000000000001679,0.17930791698745452,
5025,502,ok,1.51029802380554,0.49454033445312556,-0.12079452024993782,0.08957790050772195,15.000000000001679,0.17497729198657908,
5026,502,ok,1.8741113070957303,0.12944136693897448,0.11534119673791536,0.1585508024601986,15.000000000001679,0.17611579099320807,
5027,502,ok,1.6208532392536232,0.38636830431756886,-0.15283315703081438,0.07569637339472689,15.000000000001679,0.17985345900524408,
5028,502,ok,1.6092462920746318,0.3940559394249062,0.10304029726048962,0.09857010414156443,15.000000000001679,0.17186325002694502,
5029,502,ok,1.4044651117511546,0.599633833581142,-0.10722336534326161,0.07534388019403898,15.000000000001679,0.17708987501100637,
5030,502,ok,1.8002431179941105,0.20174593019165632,-0.08460250766310477,0.14147943331620358,15.000000000001679,0.1757478330109734,
5031,503,ok,1.825352184763752,0.17514335837279116,0.04253041183515034,0.14778988001765953,15.000000000001679,0.176069125009235,
5032,503,ok,1.39422932753638,0.6070829234746956,-0.06047673674021437,0.08127037460717111,15.000000000001679,0.17742516699945554,
5033,503,ok,1.4435020517023853,0.5622966925489833,-0.12925700373056354,0.08142770404474581,15.000000000001679,0.17370737498276867,
5034,503,ok,1.735946015773987,0.2780891930973596,-0.22029921187665896,0.08507544856270927,15.000000000001679,0.17771116699441336,
5035,503,ok,1.921623619129609,0.07841886035218332,0.012777219829628593,0.1834305681339324,15.000000000001679,0.18297983301454224,
5036,503,ok,1.3673747864067116,0.6440085000612499,0.17607060684469325,0.11359423949332519,15.000000000001679,0.17858287499984726,
5037,503,ok,1.5670876597836487,0.4496310376613452,-0.22829764357775506,0.07543432171259433,15.000000000001679,0.1763478750071954,
5038,503,ok,1.9493092646540642,0.05098610597391878,0.03393302461407652,0.18376281248232287,15.000000000001679,0.18344216601690277,
5039,503,ok,1.778807871321245,0.22400450032373515,-0.09998714019349247,0.13821226591965668,15.000000000001679,0.17199233401333913,
5040,503,ok,1.892093943688567,0.10865269897039784,-0.05314958730784197,0.10847124770620233,15.000000000001679,0.18166020800708793,
5041,504,ok,1.436050043528056,0.5687477237378369,-0.11728874290104942,0.09010764553821628,15.000000000001679,0.17528037499869242,
5042,504,ok,1.4936113963405246,0.5163501236844149,-0.17221512066900754,0.0922509201845718,15.000000000001679,0.17557787499390543,
5043,504,ok,1.622723721936414,0.38158731092271575,-0.11820594557297548,0.08486174583542316,15.000000000001679,0.18006449998938479,
5044,504,ok,1.532612586264169,0.4788773105482658,-0.18731551780476605,0.07589645197722657,15.000000000001679,0.17741083301370963,
5045,504,ok,1.5258051286859184,0.4761933782996491,-0.0780683699484973,0.08520616794829215,15.000000000001679,0.17797175000305288,
5046,504,ok,2.0239804606975467,-0.017626584043036415,-0.16024940763784834,0.07331560220557241,15.000000000001679,0.17649008400621824,
5047,504,ok,1.7055635084096097,0.3282672550095768,-0.3380185062171624,0.0860225424741719,15.000000000001679,0.1772939160000533,
5048,504,ok,1.9538201437139915,0.055065465945820985,0.18612579677738236,0.18234491607586042,15.000000000001679,0.19650304201059043,
5049,504,ok,1.7866565931117053,0.22404080830709383,0.19521969970011963,0.18868661275919593,15.000000000001679,0.17233154099085368,
5050,504,ok,1.3457761680286384,0.6555727016187161,0.060238972443493945,0.11911541748808523,15.000000000001679,0.17629279199172743,
5051,505,ok,1.5559252399371428,0.44892930337989617,-0.12281305451735183,0.10414876466764585,15.000000000001679,0.1812043329991866,
5052,505,ok,1.5585013066889457,0.44758810996499254,-0.13763592056250182,0.08599317662992914,15.000000000001679,0.1775619590189308,
5053,505,ok,1.9854581115931083,0.0169416638990763,0.09758866999558519,0.18794735346931216,15.000000000001679,0.17808791698189452,
5054,505,ok,1.4709804740855887,0.5294149505581539,-0.03410524152071693,0.12383944388807286,15.000000000001679,0.19927737500984222,
5055,505,ok,1.3813957397413636,0.625658037600982,-0.13942151973352446,0.10763697167114163,15.000000000001679,0.17446437501348555,
5056,505,ok,1.9197741047131862,0.08065433209837088,0.0405563834009442,0.18389127609435152,15.000000000001679,0.17473162498208694,
5057,505,ok,1.5111688018989353,0.49654663618340394,-0.15250944449844794,0.0770410173378026,15.000000000001679,0.17758004201459698,
5058,505,ok,1.9462478830606609,0.05505375746751095,-0.07116836359546301,0.18462947135867372,15.000000000001679,0.17819729199982248,
5059,505,ok,1.8839655317757122,0.11861050682631244,-0.09848705445182868,0.14862080362234809,15.000000000001679,0.17322249998687766,
5060,505,ok,1.6481086331003212,0.3522869459866348,-0.03610759108218174,0.09036433151976407,15.000000000001679,0.17536820800160058,
5061,506,ok,1.3868460168737995,0.6131778658141884,-0.008138958842130749,0.1232704361309006,15.000000000001679,0.17843250001897104,
5062,506,ok,1.384915989004573,0.6151078714608742,-0.00812950864961427,0.07968192690201863,15.000000000001679,0.17364925000583753,
5063,506,ok,1.3724440680571364,0.6289480310074498,-0.06179982416538602,0.10648201839057495,15.000000000001679,0.17773354199016467,
5064,506,ok,1.9439579325889143,0.056045392588758715,-0.0035955528048172364,0.18528384334565653,15.000000000001679,0.18003575000329874,
5065,506,ok,1.3746788145752549,0.6253313558054251,0.005287902256825759,0.07571585041566818,15.000000000001679,0.173646291019395,
5066,506,ok,1.5252229486593472,0.4759600323852993,0.060060138445525366,0.08249504119091537,15.000000000001679,0.17331212499993853,
5067,506,ok,2.050001798887554,-0.04198511027142269,-0.18111925593931869,0.07737699186408338,15.000000000001679,0.19018120900727808,
5068,506,ok,1.9810306569866463,0.020681889911195007,0.08235461732910943,0.1869764006383506,15.000000000001679,0.18018662501708604,
5069,506,ok,1.3978675875522795,0.6091577139775942,0.1399697386623192,0.0879866761960364,15.000000000001679,0.1761617090087384,
5070,506,ok,1.7894613208464885,0.21101044571219774,-0.04108763140885263,0.14567310956253052,15.000000000001679,0.17445895800483413,
5071,507,ok,1.3246621781038759,0.6754771145399898,0.019209684838463317,0.08965512627922262,15.000000000001679,0.17566366601386108,
5072,507,ok,1.5731652341056888,0.43750642567083375,0.18292808417209314,0.1058175083764494,15.000000000001679,0.17145254201022908,
5073,507,ok,1.425482133739515,0.5750264058645249,0.038073214038041495,0.10188254395781221,15.000000000001679,0.17387741702259518,
5074,507,ok,2.049425393421785,-0.04473334963168432,0.13860004367254497,0.1865918987584734,15.000000000001679,0.19290116601041518,
5075,507,ok,1.5584855376317153,0.44238877573186525,-0.052196216732050424,0.10488291323876489,15.000000000001679,0.18034770898520947,
5076,507,ok,1.5530276079685996,0.45392647358428756,-0.14680395781161396,0.08568002065157716,15.000000000001679,0.17669383299653418,
5077,507,ok,1.4643314469428,0.5437397969418806,0.15353438538229286,0.10493637270068593,15.000000000001679,0.17699654202442616,
5078,507,ok,1.4878808562981412,0.5181300991269141,-0.13360778205209664,0.125722250799681,15.000000000001679,0.1780635000031907,
5079,507,ok,1.3481905592501122,0.6518144323677341,0.003668689029451834,0.10891149712742412,15.000000000001679,0.17441837501246482,
5080,507,ok,1.403968719036236,0.5987790696207854,0.087795605239999,0.0809097822187411,15.000000000001679,0.1737153329886496,
5081,508,ok,1.4894687047423159,0.5172585033378254,0.14140253350900958,0.07406078045056973,15.000000000001679,0.17553620898979716,
5082,508,ok,1.3326028683014965,0.6685167134072244,0.05461375403207456,0.0951989052800642,15.000000000001679,0.17630687498603947,
5083,508,ok,1.606624856936479,0.4025061218131891,-0.1710460174392391,0.1207704574158191,15.000000000001679,0.17759674999979325,
5084,508,ok,1.8758789794025423,0.12461495205735587,-0.043044945318699054,0.18032880065635506,15.000000000001679,0.1732890419953037,
5085,508,ok,1.7052725094158296,0.302410932265361,-0.16169628467345834,0.0773411786160454,15.000000000001679,0.1758792919863481,
5086,508,ok,1.443297121261885,0.5629755538691406,-0.13441473678559548,0.08091968132563991,15.000000000001679,0.1760705839842558,
5087,508,ok,1.9041182492686664,0.09595432586785552,0.016624620796826563,0.18716934676609792,15.000000000001679,0.17785829200875014,
5088,508,ok,2.0289101677426014,-0.027196663573909343,-0.08336759540805833,0.07276996353095913,15.000000000001679,0.17643250001128763,
5089,508,ok,1.5242379338632475,0.4776993704887751,-0.07682494658267024,0.1258842936801856,15.000000000001679,0.18045537499710917,
5090,508,ok,1.4777214086554447,0.5321233409550278,-0.17028997454225478,0.0762724246153975,15.000000000001679,0.17594954100786708,
5091,509,ok,1.5137192383767022,0.5077452331292233,-0.2540111087790989,0.089033068451668,15.000000000001679,0.18124574999092147,
5092,509,ok,1.463380814895646,0.5399085756137876,-0.09806345822214341,0.07622898971430345,15.000000000001679,0.17431845900136977,
5093,509,ok,1.5051996256914402,0.4982940134597495,0.10249411285934837,0.07399161798347204,15.000000000001679,0.1747358749853447,
5094,509,ok,1.7811240548572462,0.21985063785645906,-0.0589164429600346,0.13604884716998428,15.000000000001679,0.17644616699544713,
5095,509,ok,1.4934529371283098,0.5065744518228008,0.009044748133974795,0.09369653421160662,15.000000000001679,0.174440291011706,
5096,509,ok,1.865936507237855,0.1373461036914281,0.11063232624102946,0.18092296954436982,15.000000000001679,0.1727641670149751,
5097,509,ok,1.875951467631421,0.1258119739675071,-0.0813212886328687,0.11372743019754591,15.000000000001679,0.17755195798235945,
5098,509,ok,1.9789587608558965,0.0226113256485721,0.07881502214050047,0.18207222639259782,15.000000000001679,0.18076433299575,
5099,509,ok,1.6057655063001182,0.3967540059470068,-0.08991742754497326,0.09488253658441222,15.000000000001679,0.17319649999262765,
5100,509,ok,1.6193443815953112,0.388390042496919,0.15808090043145342,0.09257954845584934,15.000000000001679,0.17327649999060668,
5101,510,ok,1.6232388654685097,0.38424373762205305,-0.1556795264443663,0.11898078531676674,15.000000000001679,0.17564845801098272,
5102,510,ok,1.5978661293544023,0.40930115296683034,-0.15117322972459368,0.10897493519336475,15.000000000001679,0.1822218330053147,
5103,510,ok,1.9033381688911644,0.10068389260867522,0.12367097218764057,0.1740193600666193,15.000000000001679,0.17457099998136982,
5104,510,ok,1.8249366119510193,0.17557821712549151,-0.04334507829345323,0.1369099035422143,15.000000000001679,0.1741765420010779,
5105,510,ok,1.9061076181417427,0.09395280751681931,-0.015177350393653588,0.1690191370560058,15.000000000001679,0.1715014160145074,
5106,510,ok,1.8772525214923665,0.12315905342177762,0.03930764171010751,0.14409956914924008,15.000000000001679,0.17738520802231506,
5107,510,ok,1.4809354391495355,0.5262969760743087,-0.14618198316243147,0.07538830934749481,15.000000000001679,0.1757847499975469,
5108,510,ok,1.603685262821417,0.39846020941134064,-0.08292599925132874,0.08896691814747974,15.000000000001679,0.1742737910244614,
5109,510,ok,1.8305485759608795,0.17010774040581994,-0.04901435738342195,0.13395976763519687,15.000000000001679,0.17663345899200067,
5110,510,ok,1.3907147511292421,0.6136926352306177,-0.11063186428258935,0.10846238233034841,15.000000000001679,0.1757742089976091,
5111,511,ok,1.391494122603617,0.6086741583292994,-0.021640137239082542,0.08078401154473068,15.000000000001679,0.17604770901380107,
5112,511,ok,1.4088669187544967,0.5919827432260214,-0.04892238125305758,0.08977134936024092,15.000000000001679,0.17896820799796842,
5113,511,ok,1.400332920071105,0.6042301222003956,0.11295457167439002,0.10612080821647527,15.000000000001679,0.18003604200202972,
5114,511,ok,1.7641740226883458,0.2612728005285485,-0.2985593879725502,0.08835115183652505,15.000000000001679,0.17544087499845773,
5115,511,ok,1.5086208112356791,0.49671300312536704,-0.12674761189484438,0.07717921638111293,15.000000000001679,0.17733679100638255,
5116,511,ok,1.7877737296620195,0.21279036638848406,-0.04490694819110272,0.13712822721187498,15.000000000001679,0.1765440829913132,
5117,511,ok,1.9057989852380024,0.09423491448000629,-0.011367099329670888,0.13117465572642992,15.000000000001679,0.17759195898543112,
5118,511,ok,1.5403830712057947,0.46227986265546755,-0.09053609922295718,0.07866404090982373,15.000000000001679,0.1763150840124581,
5119,511,ok,1.5984685209434664,0.41243402622131947,-0.18637567262747337,0.1264702678734309,15.000000000001679,0.17853725000168197,
5120,511,ok,1.5784617480373153,0.441343530544325,-0.24926191093102748,0.09735009887164274,15.000000000001679,0.17883004099712707,
5121,512,ok,1.3876450795764108,0.6125271934055443,-0.0218649910479658,0.10085524319745844,15.000000000001679,0.1759593749884516,
5122,512,ok,1.4998849622105552,0.5162301746224633,0.21927609346318006,0.09805446984301104,15.000000000001679,0.17587200002162717,
5123,512,ok,1.5126669179003291,0.5019414898310921,-0.20971863203013943,0.07593420428837722,15.000000000001679,0.17754445801256225,
5124,512,ok,1.679330042951946,0.32155959118798705,-0.05465516652565757,0.13741620582108263,15.000000000001679,0.17411391701898538,
5125,512,ok,2.015032965483559,-0.01419688488405731,0.05804102780643028,0.18585740736120826,15.000000000001679,0.18620762499631383,
5126,512,ok,2.1270973456117144,-0.1265976414801043,0.04610411000830728,0.07362730790007273,15.000000000001679,0.19871433300431818,
5127,512,ok,1.9223692121439422,0.07928224056360135,0.07966603030490077,0.18456925902846277,15.000000000001679,0.17861491700750776,
5128,512,ok,1.8312270564311082,0.18309647040894578,-0.22859154919836755,0.08379586132112142,15.000000000001679,0.18089583300752565,
5129,512,ok,1.5042704398256388,0.4959706076913082,-0.02692848315015226,0.0748562804425993,15.000000000001679,0.17503862499142997,
5130,512,ok,2.007737671717204,-0.0029541316422742616,-0.13851102833190768,0.07603371038333974,15.000000000001679,0.179615000000922,
5131,513,ok,1.4134920047356831,0.5895374980547726,-0.09249420553801967,0.09914819196302392,15.000000000001679,0.17851433300529607,
5132,513,ok,1.5222070396997396,0.4868011510729878,-0.16535874732656183,0.08069968872760382,15.000000000001679,0.1754517079971265,
5133,513,ok,1.5193822174627363,0.48948326669319103,-0.16389484782051003,0.09055152370332387,15.000000000001679,0.1764981249871198,
5134,513,ok,1.455037595770906,0.555637597432625,-0.1759308249187127,0.08817729106117966,15.000000000001679,0.17500820799614303,
5135,513,ok,1.9908776376756918,0.040650091325929935,-0.3529046664129801,0.09775855485078745,15.000000000001679,0.17702804200234823,
5136,513,ok,1.4637817663799606,0.5449553155778558,-0.15969353750637338,0.08077168193016744,15.000000000001679,0.1746745000127703,
5137,513,ok,1.9086866358572112,0.10326604150308599,-0.21327204360756064,0.07434157839949591,15.000000000001679,0.17609562497818843,
5138,513,ok,1.6082585220288643,0.40131522970997235,-0.1752212285118121,0.07579952103181768,15.000000000001679,0.17673629100318067,
5139,513,ok,1.5313557855296775,0.4725242180444281,-0.10894162388375897,0.07519815918115849,15.000000000001679,0.1772367499943357,
5140,513,ok,1.97136453629591,0.031195134033865552,0.10042676293329376,0.1806603269165792,15.000000000001679,0.18885354200028814,
5141,514,ok,1.3722015867661934,0.6392869152154042,0.1771922560939062,0.07827830853442759,15.000000000001679,0.17533304198877886,
5142,514,ok,1.3502360670625668,0.6523587842631424,0.08366953115604828,0.0946769943335241,15.000000000001679,0.17820020898943767,
5143,514,ok,1.3915845286937492,0.6088403454615489,-0.0343848234583459,0.07498069977641232,15.000000000001679,0.1756802079908084,
5144,514,ok,1.9154382514888437,0.08460965028838677,0.013546346306772504,0.18240893264161862,15.000000000001679,0.18905170800280757,
5145,514,ok,1.4582563561412794,0.5417749987807958,-0.009562742582216042,0.08535409713381016,15.000000000001679,0.174394083005609,
5146,514,ok,1.4007423557298313,0.5992595709237118,-0.002323249175855329,0.0946028600571223,15.000000000001679,0.1759006250067614,
5147,514,ok,1.5966017230653433,0.4096065794648362,-0.14066211292912179,0.07659891055598454,15.000000000001679,0.177916999993613,
5148,514,ok,1.5558993418142364,0.45148644517937236,-0.1514217038431303,0.0841037748339941,15.000000000001679,0.176282500004163,
5149,514,ok,1.9225132921906936,0.09337531646964825,-0.24665699828442955,0.0838331822913901,15.000000000001679,0.17725487498682924,
5150,514,ok,1.689066558762207,0.3258881235769172,-0.22426605884080683,0.0790322818906235,15.000000000001679,0.1799562920059543,
5151,515,ok,1.5029076875092784,0.5008059339025573,-0.10558725942415408,0.1046100833326033,15.000000000001679,0.176657374977367,
5152,515,ok,1.5736134479662158,0.4285296653876271,-0.08209915379222298,0.09858097475473843,15.000000000001679,0.17969279197859578,
5153,515,ok,1.4435081339768598,0.5599347926592029,-0.09963900573501586,0.07576967233999377,15.000000000001679,0.17373254097765312,
5154,515,ok,1.559081080000447,0.44749398489102116,-0.14303456598249076,0.08027435373610033,15.000000000001679,0.175326208001934,
5155,515,ok,1.3658444457933845,0.6341718819831091,-0.006678483291526793,0.09551567688646001,15.000000000001679,0.1772605830046814,
5156,515,ok,1.4760734924815713,0.5437365857276241,0.2410183052353198,0.10056740063329728,15.000000000001679,0.17637754100724123,
5157,515,ok,1.8711634951652227,0.1291728923961732,-0.03547899510459435,0.18233886299626312,15.000000000001679,0.17736712499754503,
5158,515,ok,1.9315379782092676,0.06921541477219527,0.053942995017325406,0.18376509551348638,15.000000000001679,0.18382245799875818,
5159,515,ok,1.470824819763445,0.5497892713250533,-0.2453864154109796,0.11746858276864872,15.000000000001679,0.17814962501870468,
5160,515,ok,1.487429469648027,0.5264007474703388,-0.2023651899943129,0.09809236424475548,15.000000000001679,0.17598958301823586,
5161,516,ok,1.4273732458451664,0.5732062614713935,-0.04066952975051934,0.07861987655094951,15.000000000001679,0.17601079100859351,
5162,516,ok,1.8981852831854629,0.10185032503277693,-0.011626724547394548,0.13366236043112595,15.000000000001679,0.17671287502162158,
5163,516,ok,1.393937872294281,0.6074763778932211,0.06277542266623269,0.10401168213399653,15.000000000001679,0.17944687500130385,
5164,516,ok,1.4659079993292905,0.5368996135198688,0.09068363457258281,0.08446468425633133,15.000000000001679,0.17380345799028873,
5165,516,ok,1.4906852060681453,0.5098612758766361,-0.04036045661810211,0.11401786857479894,15.000000000001679,0.1780440419970546,
5166,516,ok,1.38240368910918,0.6242106164719485,-0.13506861898374,0.09208290822931663,15.000000000001679,0.17870824999408796,
5167,516,ok,1.4404673241841746,0.5602405619762263,-0.045153877616244974,0.0827730943927296,15.000000000001679,0.1768039170128759,
5168,516,ok,1.3345897819746708,0.6654823679341317,-0.013877170335022207,0.10047447531896249,15.000000000001679,0.17847795801935717,
5169,516,ok,1.5675109663554154,0.4428478451020917,-0.17991052259745216,0.08575655897849083,15.000000000001679,0.18024225000408478,
5170,516,ok,1.4406419011356593,0.5601963117145874,-0.04913681417724553,0.07659192787219886,15.000000000001679,0.17566450001322664,
5171,517,ok,1.8259805091482733,0.19303675254088165,-0.26284718397080786,0.07824239643575187,15.000000000001679,0.17882599998847581,
5172,517,ok,1.371207899937428,0.640970901668137,0.18234860772184222,0.11129041470816224,15.000000000001679,0.1767882500134874,
5173,517,ok,1.4314654093248564,0.5759623191380935,-0.1456361959782709,0.09590842630374032,15.000000000001679,0.17788125001243316,
5174,517,ok,1.9778899304175026,0.02222437409008623,0.021263828526447773,0.18065187608436464,15.000000000001679,0.17937104200245813,
5175,517,ok,1.9654191567869403,0.03671150998465008,-0.09149189493247462,0.0812016060733403,15.000000000001679,0.18317837500944734,
5176,517,ok,1.3706615395705481,0.6293474189888242,-0.00495562562219515,0.10264670183688791,15.000000000001679,0.1764855420042295,
5177,517,ok,1.968992920505228,0.03100836342861807,0.0022485799202904915,0.18224736728900126,15.000000000001679,0.18688520800787956,
5178,517,ok,1.616346044635415,0.386790653282169,-0.10064859497667994,0.11371542381988173,15.000000000001679,0.18024449999211356,
5179,517,ok,1.530622079584713,0.4731851816379155,-0.10789096784340213,0.1267964130879897,15.000000000001679,0.1745123330038041,
5180,517,ok,1.489451025919296,0.5262872315685388,-0.21595146393141706,0.12305116035171187,15.000000000001679,0.18110216700006276,
5181,518,ok,1.61630542524288,0.3928707990291141,-0.17198534546945526,0.07580834929194227,15.000000000001679,0.17615741697954945,
5182,518,ok,1.5877776667102084,0.41466461722863635,-0.08803205687070674,0.10872016053087624,15.000000000001679,0.18150095801684074,
5183,518,ok,1.9750132317117775,0.025098054708695347,-0.020965970552770292,0.07864575046677656,15.000000000001679,0.1913677499978803,
5184,518,ok,1.497514232298446,0.5150762998274966,-0.19377946383042238,0.10506863458594011,15.000000000001679,0.18657270801486447,
5185,518,ok,1.9112563008721872,0.08997709884725036,0.06865249227573827,0.18164073714504306,15.000000000001679,0.17343008299940266,
5186,518,ok,1.5273253593092122,0.4801830690952124,-0.15125888312481392,0.11179230412885503,15.000000000001679,0.1799350829969626,
5187,518,ok,1.9675431839134891,0.03383282720974147,0.07357193219151163,0.18109033424048726,15.000000000001679,0.18606283300323412,
5188,518,ok,1.3253272859443486,0.675008382774716,-0.029826651695076818,0.1028277142897406,15.000000000001679,0.17867679198388942,
5189,518,ok,1.9757291502282972,0.02431692075520125,0.013492421858929416,0.13246155701095957,15.000000000001679,0.17809883298468776,
5190,518,ok,1.3807833385491637,0.6406680672180425,0.24244447721951182,0.07576815786216295,15.000000000001679,0.17567629198310897,
5191,519,ok,1.5140544237396631,0.4893438688539226,0.1013846708157072,0.09376680823063935,15.000000000001679,0.1723325840139296,
5192,519,ok,1.3908476292026204,0.6110019618148476,0.07170479465383044,0.0993545814722571,15.000000000001679,0.175024875003146,
5193,519,ok,1.8773987288990264,0.12263442741484752,-0.011157694372133688,0.11565647373866783,15.000000000001679,0.1792652920121327,
5194,519,ok,1.3733963213421259,0.6287486548217719,-0.0767281162481102,0.09702020547343461,15.000000000001679,0.17379883301327936,
5195,519,ok,1.4023030131194862,0.6082273100093908,0.1715299390785578,0.11499889109761287,15.000000000001679,0.17741041700355709,
5196,519,ok,1.8353268122214743,0.18032394704522794,-0.2391726781260361,0.08101240780881698,15.000000000001679,0.1750305000168737,
5197,519,ok,2.0134286852098926,-0.008998411535755277,-0.13349326901701214,0.07327194044427306,15.000000000001679,0.17691375000867993,
5198,519,ok,1.3561205577723054,0.6476993707420939,-0.10171516760709888,0.11853215526803532,15.000000000001679,0.1790679999976419,
5199,519,ok,1.404261336166852,0.5969071324379224,-0.05727394913516747,0.1007382111103507,15.000000000001679,0.17470416700234637,
5200,519,ok,1.378394456788317,0.6253294831749249,0.10125338846991931,0.10925806118358665,15.000000000001679,0.1781932910089381,
5201,520,ok,1.4231633058903337,0.5777882079151602,-0.052032813565402444,0.12253518686889046,15.000000000001679,0.17817025000113063,
5202,520,ok,1.4655802531446762,0.5376616388003603,-0.09742687396999668,0.09008849563367784,15.000000000001679,0.17515799999819137,
5203,520,ok,1.7011048430200462,0.31005900133699665,-0.19456903141082543,0.09949923147798118,15.000000000001679,0.18215524998959154,
5204,520,ok,1.5724242177066732,0.4319301209003198,-0.11693919227853969,0.09256483302079013,15.000000000001679,0.1745388749986887,
5205,520,ok,1.923794414254447,0.07623231448533323,0.010141029836905315,0.1318570499858963,15.000000000001679,0.17700150000746362,
5206,520,ok,1.8942516923572388,0.11655121300630507,-0.2020151993545112,0.07677460388370806,15.000000000001679,0.178898374986602,
5207,520,ok,1.8181642825216824,0.1968628360547756,-0.23327607300611958,0.08363058622588183,15.000000000001679,0.17620479202014394,
5208,520,ok,1.3423896736650487,0.6576466392571647,0.009873746248070088,0.09021481037952163,15.000000000001679,0.1781002919888124,
5209,520,ok,1.9102755632669135,0.10289856575527709,-0.2239617730804495,0.0724407192217779,15.000000000001679,0.177746000001207,
5210,520,ok,1.5476095767651754,0.4542381016008078,-0.07560129332631327,0.08952026369839619,15.000000000001679,0.17692745800013654,
5211,521,ok,1.970154382872814,0.033510026248928244,-0.12010610096688762,0.07380267594476946,15.000000000001679,0.17858208299730904,
5212,521,ok,1.6585295096055834,0.3456125452357428,-0.11714215189751534,0.1367246707690244,15.000000000001679,0.17258466701605357,
5213,521,ok,1.5017535385314342,0.5021608932922453,0.10835912932743401,0.08885167925138307,15.000000000001679,0.172617917007301,
5214,521,ok,1.94387939685267,0.056126321467269626,0.004715020247173854,0.1419881264626808,15.000000000001679,0.1766510840097908,
5215,521,ok,1.4107963204694827,0.5898431032846695,-0.04247098417060072,0.10562382785704515,15.000000000001679,0.17510895800660364,
5216,521,ok,1.4558543345655268,0.5602263299777106,-0.2157860574360178,0.10595363024005493,15.000000000001679,0.17545750000863336,
5217,521,ok,1.4376719707969714,0.5661184482304619,-0.10432828528366539,0.1057419893198293,15.000000000001679,0.178061084006913,
5218,521,ok,1.9663474482671817,0.03841138047428633,0.13672006090571134,0.1865476985420684,15.000000000001679,0.19296725001186132,
5219,521,ok,1.7911849175491632,0.2236842123870086,-0.23031637269729782,0.07632219002348399,15.000000000001679,0.17595041700406,
5220,521,ok,1.8487055919071371,0.1513796515782933,-0.01775311099287941,0.13349950090522175,15.000000000001679,0.17835975001798943,
5221,522,ok,1.7658191572145823,0.23431309331473466,-0.021611190301228555,0.16051610367222524,15.000000000001679,0.17790816599153914,
5222,522,ok,1.3793764748166546,0.623986848371201,0.09626663919656012,0.10077283721747383,15.000000000001679,0.17774191600619815,
5223,522,ok,1.9380567310323842,0.06330652651187842,0.07267931238285888,0.183741117786809,15.000000000001679,0.18545091702253558,
5224,522,ok,1.4125781545926528,0.5998087903860442,0.1866590993018865,0.10822339556081541,15.000000000001679,0.17647462501190603,
5225,522,ok,1.478234652111032,0.5269901039157163,-0.12417541117142383,0.10147466294675762,15.000000000001679,0.17611379199661314,
5226,522,ok,1.9146552048021925,0.08550016082121063,0.024390962681207346,0.1853699581299662,15.000000000001679,0.17900691699469462,
5227,522,ok,1.349403691507922,0.6527122313272542,0.07553801056435602,0.09872250016914187,15.000000000001679,0.1775796250149142,
5228,522,ok,1.417813221451957,0.5824727838590836,0.028476699664104866,0.13082233062730847,15.000000000001679,0.17755429100361653,
5229,522,ok,1.5623393113999435,0.4505668339409469,-0.2004020655129781,0.07785637961321056,15.000000000001679,0.17814766700030304,
5230,522,ok,1.4311901709579649,0.5754575629103541,-0.13778298290202853,0.077185945273884,15.000000000001679,0.17735179199371487,
5231,523,ok,1.8951707916609404,0.12311263019930606,-0.2626140336070943,0.07419743426693502,15.000000000001679,0.1778307499771472,
5232,523,ok,1.5156667996736433,0.4987759376856977,-0.20873946048001504,0.10546875556907846,15.000000000001679,0.17537616699701175,
5233,523,ok,1.334603318047313,0.6688085895912127,-0.0953700445462856,0.08289508947284321,15.000000000001679,0.17548087501199916,
5234,523,ok,1.6106620102494507,0.39982145800539626,-0.1834686485501715,0.10438917585625034,15.000000000001679,0.17753512499621138,
5235,523,ok,1.850695852499657,0.14946622998033385,0.0244929474795024,0.18818235815395404,15.000000000001679,0.17669208301231265,
5236,523,ok,1.4045085453282329,0.6004959185055742,-0.11845919035884164,0.09022556313231306,15.000000000001679,0.17618491599569097,
5237,523,ok,1.9729223473653905,0.02766804081333339,0.048262112517465844,0.18006908428804871,15.000000000001679,0.17907187499804422,
5238,523,ok,1.5723782405037816,0.4395549858157132,-0.1933512061435585,0.07715354576218028,15.000000000001679,0.17832654100493528,
5239,523,ok,1.6941570335687333,0.3399903163595428,-0.3384315360753474,0.07652012005924115,15.000000000001679,0.1779445830034092,
5240,523,ok,1.5059487971995436,0.5114774752652484,-0.22843483347342858,0.08495949107457712,15.000000000001679,0.18928454199340194,
5241,524,ok,1.8573132323344654,0.16731034182943497,-0.3014316835360168,0.07519338730964578,15.000000000001679,0.17848804200184532,
5242,524,ok,1.6754142067411384,0.3326055006880661,-0.16373254964833006,0.10490287940309,15.000000000001679,0.1807396670046728,
5243,524,ok,1.9846980658007805,0.016476296834159056,0.06826515489345895,0.18250856951043337,15.000000000001679,0.17980091599747539,
5244,524,ok,1.3564811660287797,0.6455663531058788,-0.07450268419251081,0.07619580823316482,15.000000000001679,0.17764845801866613,
5245,524,ok,1.9363619173472026,0.06376057719779887,-0.021780095021239138,0.1841185347880699,15.000000000001679,0.18341208301717415,
5246,524,ok,1.7766018127450836,0.22626603844293758,-0.10090507751449725,0.14179758535126272,15.000000000001679,0.17328691700822674,
5247,524,ok,2.017544621360325,-0.015233996075390301,0.09653103253353998,0.18719828708272035,15.000000000001679,0.18315358299878426,
5248,524,ok,1.8644932975834907,0.15586235422526318,-0.2747573478001458,0.08969629815565798,15.000000000001679,0.17978537501767278,
5249,524,ok,1.787653493929656,0.22082493968014072,-0.17389973862755553,0.08746176873128143,15.000000000001679,0.17468737499439158,
5250,524,ok,1.8546371671560231,0.14543043525239008,-0.015835128934711895,0.1374649419339909,15.000000000001679,0.1769870410207659,
5251,525,ok,1.7979426107076042,0.2020819250412802,-0.009392930043718687,0.18675443616162923,15.000000000001679,0.1745351660065353,
5252,525,ok,1.6845854537473872,0.3166533037683684,-0.06459141787684619,0.07432079132275897,15.000000000001679,0.17552370898192748,
5253,525,ok,2.0799466352080533,-0.05825231309171229,-0.299625467819275,0.09521705002952091,15.000000000001679,0.18028904200764373,
5254,525,ok,1.4667498588630186,0.5493367536059626,-0.21663631744515388,0.11034537892239925,15.000000000001679,0.17702295898925513,
5255,525,ok,1.4456280545265234,0.5586449193861713,-0.1110675633245103,0.08092287005039682,15.000000000001679,0.17383570902165957,
5256,525,ok,1.4137133586224777,0.5898502664636828,0.10031544923440254,0.08530122028150225,15.000000000001679,0.17548237499431707,
5257,525,ok,1.8682384506818681,0.1327113245689936,0.059564345151309844,0.18848407543194962,15.000000000001679,0.17755604200647213,
5258,525,ok,1.3569629979790319,0.643046383962057,0.005045969261954259,0.12165019713418065,15.000000000001679,0.17733975002192892,
5259,525,ok,2.006338158641155,0.003705138424649045,-0.20049846001261498,0.07293441231216477,15.000000000001679,0.1741810830135364,
5260,525,ok,1.537369318887424,0.47084117110374113,-0.15867482051353934,0.0756061249335323,15.000000000001679,0.177496541000437,
5261,526,ok,1.403903438893004,0.5961300770638733,0.009700784036177289,0.08962999668097263,15.000000000001679,0.17407912501948886,
5262,526,ok,1.4589010780053926,0.5413329576724794,-0.02613072966412166,0.09685122027254277,15.000000000001679,0.17540679199737497,
5263,526,ok,1.8198794169567527,0.18033545390952746,-0.027964834421184543,0.15061042107735165,15.000000000001679,0.17271895799785852,
5264,526,ok,1.4240842235940452,0.5846388552008983,0.157380766558149,0.10055814766731454,15.000000000001679,0.17882412500330247,
5265,526,ok,1.908565657516393,0.09220084541348597,0.05408562479960882,0.1839646821822616,15.000000000001679,0.17891787498956546,
5266,526,ok,1.850965082867165,0.14905782664901268,-0.009209174999705699,0.18362225158051018,15.000000000001679,0.1791899999952875,
5267,526,ok,1.479378232979086,0.5279338618958588,-0.14690555217377774,0.07746187756452329,15.000000000001679,0.17624050000449643,
5268,526,ok,1.9104736109557876,0.08976193203419426,-0.02999903086286986,0.08049579734660532,15.000000000001679,0.19617404200835153,
5269,526,ok,1.9271424355404805,0.07884214093492584,0.1517578578308071,0.1794682469272729,15.000000000001679,0.17308375000720844,
5270,526,ok,1.852435102762705,0.148970296017823,0.07214461118564638,0.18845905362278062,15.000000000001679,0.17750987500767224,
5271,527,ok,1.8311053601056193,0.17003955484122396,-0.06474263635212842,0.18368907484543773,15.000000000001679,0.18007062500691973,
5272,527,ok,1.5575858281003,0.45098571704386803,-0.16318199378852338,0.1169302627496807,15.000000000001679,0.17935391698847525,
5273,527,ok,1.8956097275561334,0.10677104357490579,0.09497556400984075,0.18147111829974114,15.000000000001679,0.17453862499678507,
5274,527,ok,1.5087757751405406,0.5020742328358548,-0.1806176506232063,0.07600235582184132,15.000000000001679,0.1751196249970235,
5275,527,ok,1.3925469808791247,0.6122639710234218,-0.11565382758855317,0.10236002681841234,15.000000000001679,0.17662812501657754,
5276,527,ok,1.3808233839884325,0.6205241245012001,-0.06098792246081161,0.11055207342671881,15.000000000001679,0.1773598339932505,
5277,527,ok,1.4673919313025021,0.5532672568877931,0.24536391352176548,0.11080990069123221,15.000000000001679,0.1762569999846164,
5278,527,ok,1.6803779703821673,0.3242743217372794,-0.12495428986888556,0.08259482890301977,15.000000000001679,0.18225325000821613,
5279,527,ok,1.6807087375826038,0.3418735699239961,-0.2745880595909388,0.0775063913845984,15.000000000001679,0.17901137500302866,
5280,527,ok,1.86615101221527,0.14898213434306928,-0.23717601356574364,0.08815363361196463,15.000000000001679,0.1795585000072606,
5281,528,ok,1.586705540874325,0.41742233479707774,-0.11437835040842097,0.07599818347111074,15.000000000001679,0.17515875000390224,
5282,528,ok,1.3976905837366354,0.6027856849635199,0.03648459569731518,0.09118411608691372,15.000000000001679,0.17514154201489873,
5283,528,ok,1.6813789990858146,0.32862059092394513,-0.18310163703089635,0.10833406869296221,15.000000000001679,0.17940991700743325,
5284,528,ok,1.4541976532561214,0.5458546061879876,-0.012328357186508739,0.11944813332417022,15.000000000001679,0.18056400000932626,
5285,528,ok,1.408344902213885,0.5930058142291941,-0.061666237107383115,0.07518659077827368,15.000000000001679,0.17502683299244381,
5286,528,ok,1.797212330183877,0.20304039874050747,0.030138865378213423,0.18280611010001216,15.000000000001679,0.18101908400421962,
5287,528,ok,1.357837905429934,0.643599500103845,-0.06246167868230332,0.11329191152013882,15.000000000001679,0.1763024159881752,
5288,528,ok,1.9921275626638784,0.011596707568795628,0.1217562013774692,0.18472047320251128,15.000000000001679,0.18006679197424091,
5289,528,ok,1.8027777045439837,0.1996890644313428,-0.09427612249546913,0.18098761116499085,15.000000000001679,0.176660915982211,
5290,528,ok,1.4449991059146134,0.5583198829895494,0.09788184872981372,0.08611642322475976,15.000000000001679,0.17481079199933447,
5291,529,ok,1.437764055098944,0.5630297717738992,-0.04777071620131326,0.11594971116412872,15.000000000001679,0.17843741699471138,
5292,529,ok,1.4999680912488063,0.5019135004485502,-0.07510735400925019,0.08055184579168705,15.000000000001679,0.1760570420010481,
5293,529,ok,1.8025487253619428,0.19775688371964392,-0.033191220586711576,0.13592512529183193,15.000000000001679,0.17336658400017768,
5294,529,ok,1.3355301947049778,0.6645351901845592,-0.013215245488617713,0.09941561863261597,15.000000000001679,0.17562741701840423,
5295,529,ok,1.3990837537474885,0.6069222674957521,0.12949818995254792,0.07936216647311345,15.000000000001679,0.1755390409962274,
5296,529,ok,1.5693758130526603,0.43089466975683355,0.029135977711103597,0.0871035271275068,15.000000000001679,0.1723912090237718,
5297,529,ok,1.969389402016269,0.03167250619216921,0.06466447165315366,0.1836368460742031,15.000000000001679,0.17959654200240038,
5298,529,ok,1.9437340564863592,0.05626785223398132,-0.002723983446405547,0.135163524045678,15.000000000001679,0.18934325000736862,
5299,529,ok,1.5753101989186298,0.43246087971348457,-0.15627965058967389,0.08116226788504986,15.000000000001679,0.17450404100236483,
5300,529,ok,1.3271958373547728,0.67280427445471,-0.000544780825500154,0.11384367785300996,15.000000000001679,0.17652729200199246,
5301,530,ok,1.4957808620421689,0.50764826282812,-0.1012258850871961,0.12398077673818468,15.000000000001679,0.17862812499515712,
5302,530,ok,1.4570408707729112,0.5460453146780243,-0.094783290367863,0.07484908473125527,15.000000000001679,0.1736139999993611,
5303,530,ok,1.4078971559532172,0.5976553867034634,-0.12491592092021445,0.10859916569429834,15.000000000001679,0.176415875001112,
5304,530,ok,1.4166722537954137,0.5839664423026171,-0.04253514016279985,0.07586415414302615,15.000000000001679,0.17619749999721535,
5305,530,ok,1.4491646419147923,0.550872885188805,0.010429021766681862,0.1232712187598943,15.000000000001679,0.1794382499938365,
5306,530,ok,1.6932392893436432,0.3133085498224472,-0.14876573152077086,0.09807473395655755,15.000000000001679,0.17524608399253339,
5307,530,ok,1.8459209410244735,0.18535508434817832,-0.3383606812436564,0.07811855903651492,15.000000000001679,0.17794166601379402,
5308,530,ok,1.3258239171920583,0.6742840851103632,0.01692254138205504,0.096281520532295,15.000000000001679,0.17484808299923316,
5309,530,ok,1.7416582132844063,0.27298884929171724,-0.22540145791516786,0.09327929937771266,15.000000000001679,0.18988487499882467,
5310,530,ok,1.4261358751644655,0.5738668339205184,-0.0027797552464197016,0.11729710339769088,15.000000000001679,0.1797810410207603,
5311,531,ok,1.9127834048651258,0.08762126150854439,0.03934354449273544,0.18075159667381804,15.000000000001679,0.17562745901523158,
5312,531,ok,1.5173495693504286,0.48420370025301357,0.06863886130520405,0.09053800533294759,15.000000000001679,0.17492162497364916,
5313,531,ok,1.8732700439725454,0.1267376217766397,0.005359102337292303,0.18571639527208977,15.000000000001679,0.18198433399084024,
5314,531,ok,1.3932964893704267,0.6068608198804394,0.02093638239414395,0.11269308888600728,15.000000000001679,0.18019087499123998,
5315,531,ok,1.949064400323764,0.053998823985683474,0.10923122063005046,0.1760038901083955,15.000000000001679,0.1790820409951266,
5316,531,ok,1.4600325874077251,0.5445447884929027,-0.11552178837486361,0.11437819466054631,15.000000000001679,0.17899679200490937,
5317,531,ok,1.902944752584654,0.09713882028078799,0.017834295811122405,0.18053560291889253,15.000000000001679,0.18303133299923502,
5318,531,ok,1.562459554729746,0.45001641630753675,-0.1970551964555723,0.12379348203272147,15.000000000001679,0.17746566701680422,
5319,531,ok,1.4176144909852078,0.5854883660456158,-0.09374263949211033,0.07478778203235859,15.000000000001679,0.17746224999427795,
5320,531,ok,1.6799491155758866,0.33953405812087567,-0.25511151832811496,0.07670788252112591,15.000000000001679,0.17836529199848883,
5321,532,ok,1.3769183236024842,0.6232771991965286,0.02320343983379206,0.07632361621592487,15.000000000001679,0.1757349580002483,
5322,532,ok,1.678123840717631,0.34831951236951997,-0.29673421030550684,0.08454256214235754,15.000000000001679,0.17711133300326765,
5323,532,ok,1.5880487353162707,0.4171378272889073,-0.12824245763367692,0.07395188626531034,15.000000000001679,0.1756935000012163,
5324,532,ok,1.4606833726850927,0.5441727159045595,-0.11900770614540623,0.07668132361456739,15.000000000001679,0.17672287501045503,
5325,532,ok,1.6917517683161027,0.31405220157404395,-0.14001452275865178,0.09177539409508446,15.000000000001679,0.17355475001386367,
5326,532,ok,1.3476774896916646,0.6524937584805305,-0.021483605090865304,0.11115132231874493,15.000000000001679,0.1746344169951044,
5327,532,ok,1.912274584529223,0.0878351450407836,-0.020485460580881423,0.18346965710925142,15.000000000001679,0.1831084580044262,
5328,532,ok,1.8803356725777851,0.12251067400679368,0.1034218175731172,0.18954942842412226,15.000000000001679,0.1779653330158908,
5329,532,ok,1.5254048946340035,0.47951296300649954,-0.12238979903611671,0.09750688767748328,15.000000000001679,0.17542204199708067,
5330,532,ok,1.955707612877197,0.04430245933377291,0.006276662958557729,0.1829380853723101,15.000000000001679,0.18231083400314674,
5331,533,ok,1.9367607997325194,0.08879951839980742,-0.3136161898112724,0.08886221407107725,15.000000000001679,0.17967424998641945,
5332,533,ok,1.4294497513557993,0.5833988704804102,0.19122717248074048,0.10193827417303587,15.000000000001679,0.17634866700973362,
5333,533,ok,1.8369431067715807,0.16488214160856018,-0.08186832921491989,0.1821914630927207,15.000000000001679,0.17525395800475962,
5334,533,ok,1.4171653403254592,0.5904892214935358,-0.14709509541067375,0.07605908649778764,15.000000000001679,0.17528150000725873,
5335,533,ok,1.3598762477287187,0.6403184324139444,-0.023009648051761734,0.09723800169189638,15.000000000001679,0.17611000000033528,
5336,533,ok,1.5692720621774159,0.4308291370655931,-0.017821561330272743,0.10404937569667272,15.000000000001679,0.1745738329773303,
5337,533,ok,1.375345497514197,0.6254973825779605,-0.0481434547216601,0.07843238249885198,15.000000000001679,0.17585983299068175,
5338,533,ok,1.872902097893562,0.15015198954466652,-0.29295836992403884,0.08805647909652721,15.000000000001679,0.17761483302456327,
5339,533,ok,1.8287177115783622,0.1827242296867502,-0.20424799453797957,0.08068879837425355,15.000000000001679,0.1809012079902459,
5340,533,ok,1.4727611969632064,0.5290591846341087,0.07320287543001844,0.09672119441279049,15.000000000001679,0.17523166700266302,
5341,534,ok,1.502008446599556,0.5089471875345758,-0.18108253393234947,0.0895014216759949,15.000000000001679,0.17484424999565817,
5342,534,ok,1.4778947653343808,0.5222272010573212,-0.018986629713713787,0.09527773515704123,15.000000000001679,0.1744179579836782,
5343,534,ok,2.0046084434319975,0.0077871018330606155,-0.2225820744268042,0.08802700504268897,15.000000000001679,0.17815245801466517,
5344,534,ok,1.372048190054261,0.630094591649122,0.07665121005037677,0.10415943088988507,15.000000000001679,0.17483900001388974,
5345,534,ok,1.534242610066812,0.47232474966626503,-0.14180520463785634,0.08603866831155804,15.000000000001679,0.1730143750028219,
5346,534,ok,1.4484799930685637,0.5550494191765809,-0.10105498155939933,0.07675324724534717,15.000000000001679,0.17474945800495334,
5347,534,ok,1.5206833569259857,0.4793166680169337,-0.000275427964450404,0.10599482065173035,15.000000000001679,0.17509741699905135,
5348,534,ok,1.477425308018417,0.5226160862830602,-0.011059487498615905,0.08068443249333229,15.000000000001679,0.17451116698794067,
5349,534,ok,1.768055266380034,0.24616803268167997,-0.22381433239746668,0.09897453692496978,15.000000000001679,0.1771155830065254,
5350,534,ok,1.8844910301466853,0.11580440135208107,-0.033367480263356536,0.14237901779406867,15.000000000001679,0.1736178330029361,
5351,535,ok,1.3668839558856283,0.6352748414922124,0.07679186541189079,0.09730792266209573,15.000000000001679,0.19826908301911317,
5352,535,ok,1.5145041290709629,0.48930991025510046,0.10741605894624567,0.10150237966370279,15.000000000001679,0.1752041250001639,
5353,535,ok,1.4693418481845926,0.5306892202271997,0.00955506514684156,0.10758255179726119,15.000000000001679,0.18060316698392853,
5354,535,ok,2.0373916733700748,-0.021264349404724412,-0.25584225714922515,0.08161992779711713,15.000000000001679,0.18085641699144617,
5355,535,ok,2.048354628132513,-0.047069720909996275,0.07254130082481014,0.1841083789634785,15.000000000001679,0.18610150000313297,
5356,535,ok,1.5409663077222808,0.4590418645889458,0.005018609939602824,0.08379507346774706,15.000000000001679,0.17990508300135843,
5357,535,ok,1.3333771921193,0.6667033277375505,-0.014653334017453582,0.08163035488009628,15.000000000001679,0.1771073330019135,
5358,535,ok,1.360598738127863,0.643289230640382,-0.10278528347368913,0.09503092933296385,15.000000000001679,0.17764854201232083,
5359,535,ok,1.6066185087000082,0.4201966009822984,-0.2923084893559459,0.08643758152936898,15.000000000001679,0.17513804201735184,
5360,535,ok,1.950039381576315,0.04996917237293238,-0.005775898426244232,0.13537953391303953,15.000000000001679,0.1758868339820765,
5361,536,ok,1.6793004517563466,0.32722400321924155,-0.147886685888926,0.11545605737914427,15.000000000001679,0.17738387500867248,
5362,536,ok,1.3719277204659446,0.6289171245476798,0.04813957648629879,0.10216509768562226,15.000000000001679,0.1748294589924626,
5363,536,ok,1.957933505974127,0.04260667812161909,0.04598909960038072,0.18481568927298628,15.000000000001679,0.18889708298956975,
5364,536,ok,1.9395126263374507,0.061328693790632605,0.05712087361779888,0.18110186088163888,15.000000000001679,0.1846919160161633,
5365,536,ok,1.9416176575095248,0.058414675310212036,0.011205128380548674,0.18415332527402167,15.000000000001679,0.18279833300039172,
5366,536,ok,1.6363462491436502,0.3768522360023708,-0.20741355624931862,0.10348912379347,15.000000000001679,0.17456404198310338,
5367,536,ok,1.5968703559621977,0.40533305805176845,-0.08385867878944774,0.10387205795516073,15.000000000001679,0.1820989170228131,
5368,536,ok,1.7656956581001202,0.23706445171445686,-0.0986884472710354,0.07590347753605098,15.000000000001679,0.1769104170089122,
5369,536,ok,1.8060516528320396,0.19405664970303044,0.019778478594144437,0.18801972100680725,15.000000000001679,0.17623191699385643,
5370,536,ok,1.788955936642226,0.21609920534356242,-0.13439232891647657,0.14853780498266733,15.000000000001679,0.17483533400809392,
5371,537,ok,1.4989691290091347,0.5078865746978026,-0.14319907735508694,0.07750568313850055,15.000000000001679,0.17756420801742934,
5372,537,ok,1.4355453861780867,0.5671090869054574,-0.08725930866262925,0.09122989866930677,15.000000000001679,0.1771202080126386,
5373,537,ok,1.7026211104898967,0.29951670064274905,-0.08529475067626895,0.11814747756126588,15.000000000001679,0.17871491698315367,
5374,537,ok,1.370988811988094,0.629275329500567,-0.026910969524458365,0.10886461022527438,15.000000000001679,0.1782056670053862,
5375,537,ok,1.8722451951549004,0.13280220355401195,0.13738435037462485,0.17622065541602489,15.000000000001679,0.17727079198812135,
5376,537,ok,1.3281127979358998,0.6721372006864593,-0.02576800807845242,0.08123469435121072,15.000000000001679,0.17759066700818948,
5377,537,ok,1.3469787628316516,0.653808154794673,-0.046035892759497606,0.09657056341408057,15.000000000001679,0.17615862499224022,
5378,537,ok,1.9222113772336638,0.07786529196015518,-0.017168078375849917,0.12180999403452153,15.000000000001679,0.17750454202177934,
5379,537,ok,1.808609236255612,0.19289345353851664,-0.07371091645855125,0.14799748378305588,15.000000000001679,0.17509404200245626,
5380,537,ok,1.9294131005665736,0.07071846749656638,-0.02253177709639923,0.1375624652739373,15.000000000001679,0.1760627080220729,
5381,538,ok,1.5492543591262673,0.46743519904667585,-0.2267910936316474,0.0795823943684953,15.000000000001679,0.17611870900145732,
5382,538,ok,1.8983920761646573,0.10242878410467196,-0.055820743906584924,0.17870276656899592,15.000000000001679,0.18012091700802557,
5383,538,ok,1.3622236508872678,0.6392386431096362,0.06310154221992409,0.09998581463380532,15.000000000001679,0.17665145901264623,
5384,538,ok,1.5379334333070545,0.4627238002395064,-0.04495698981871139,0.10698811541514024,15.000000000001679,0.16978412499884143,
5385,538,ok,1.7468845224589147,0.26689642801325414,-0.2189921084726419,0.08619573602369122,15.000000000001679,0.17614916700404137,
5386,538,ok,1.3727045182918347,0.6394607062974001,0.18234726438871798,0.11132018925438926,15.000000000001679,0.17713229201035574,
5387,538,ok,1.8983508576064143,0.1017119323747615,-0.015439912132103434,0.18400839864140475,15.000000000001679,0.17612512499908917,
5388,538,ok,1.35253064628106,0.6483211662418622,0.047994577815648164,0.10204844523965026,15.000000000001679,0.17615304101491347,
5389,538,ok,1.607527919294355,0.39687164390303337,-0.11885068442661688,0.08701458539655405,15.000000000001679,0.176298999984283,
5390,538,ok,1.3522048437565504,0.6501532503677304,0.07982287883729786,0.09676334951974638,15.000000000001679,0.1750592080061324,
5391,539,ok,1.9123016227392664,0.08775278626159659,-0.014425320826400294,0.18615955258655592,15.000000000001679,0.17783645901363343,
5392,539,ok,1.507369259634013,0.5029630019527365,-0.17618828385346694,0.07634132248197016,15.000000000001679,0.1772544999839738,
5393,539,ok,1.4148959759884046,0.5879459378381637,-0.08963229552140796,0.10242652764290838,15.000000000001679,0.17382041597738862,
5394,539,ok,1.820221088977851,0.17987482156547716,0.01868549138796174,0.18120851850328124,15.000000000001679,0.17383733298629522,
5395,539,ok,1.9557901704565126,0.044437477233401926,0.029839745391892884,0.14167051401669564,15.000000000001679,0.17415741700096987,
5396,539,ok,1.4401913277929392,0.5664479074759687,0.13812841369522877,0.13467916948388342,15.000000000001679,0.17756554100196809,
5397,539,ok,1.398668781387053,0.60873178566144,-0.14369104285911002,0.07580583918847453,15.000000000001679,0.17615445799310692,
5398,539,ok,1.648305562507932,0.354524700440768,-0.09655188208961113,0.14270084476985598,15.000000000001679,0.1749995420104824,
5399,539,ok,1.3576884943593654,0.6442742735630896,-0.07297809529518298,0.0974038205828495,15.000000000001679,0.17528612501337193,
5400,539,ok,1.8117657943358276,0.1883504386513299,-0.02052219263392414,0.13598644121820702,15.000000000001679,0.17902650000178255,
5401,540,ok,1.465676084983614,0.5385803061604781,-0.11161928395618692,0.10437406268042804,15.000000000001679,0.1941382499935571,
5402,540,ok,1.3570856632332526,0.646867010167267,0.10350173515243918,0.11583833661685052,15.000000000001679,0.1754973329952918,
5403,540,ok,1.4151955301424424,0.5848057352779521,-0.0018925202696232018,0.11976810522681623,15.000000000001679,0.17607845898601227,
5404,540,ok,1.3942338558036511,0.6098441768119336,0.10655905369993476,0.11937356100553356,15.000000000001679,0.17829462501686066,
5405,540,ok,1.4020050044335168,0.6011304505898621,-0.09371241214323564,0.07645697172406347,15.000000000001679,0.17629350000061095,
5406,540,ok,1.4904852915056128,0.5098985282830354,-0.033823189996031316,0.12459142052276324,15.000000000001679,0.17924333299743012,
5407,540,ok,1.3758624504809502,0.6288393506572036,-0.11364838906595195,0.09960144930252071,15.000000000001679,0.17643900000257418,
5408,540,ok,1.9953456403981957,0.0065860845572519155,-0.08777919101528682,0.07509848347213478,15.000000000001679,0.18142045798595063,
5409,540,ok,1.442619621029552,0.5577204635840634,0.0313226725436836,0.07440031628258259,15.000000000001679,0.17518137500155717,
5410,540,ok,1.5076655482741503,0.5017765855311493,-0.16846959900852443,0.07908433488655138,15.000000000001679,0.17510783299803734,
5411,541,ok,1.451913061449231,0.5594680847177014,-0.1814368734849423,0.09104886704446896,15.000000000001679,0.17778466700110584,
5412,541,ok,1.4893613910651287,0.5107515760080986,-0.01834352291934614,0.07639573603666863,15.000000000001679,0.17450429100426845,
5413,541,ok,1.8402457772864054,0.16284217473184523,-0.10656287287995773,0.14521066726879728,15.000000000001679,0.17317833300330676,
5414,541,ok,1.366922497464043,0.6332428146153192,-0.02125818131173271,0.10594966504100113,15.000000000001679,0.17972320801345631,
5415,541,ok,1.7445217802377362,0.2567808354326406,-0.06740316022945697,0.13827430290947335,15.000000000001679,0.17488316699746065,
5416,541,ok,1.8464293747110792,0.1579443621893214,0.12701363314951844,0.148787057635775,15.000000000001679,0.1723181669949554,
5417,541,ok,1.9573263627724178,0.04278930851503195,0.02127908693612941,0.18440990958761236,15.000000000001679,0.1824252499791328,
5418,541,ok,1.598373352493814,0.40750983870365287,-0.1370126276539822,0.12039674371354116,15.000000000001679,0.17532350000692531,
5419,541,ok,1.3883811462262976,0.6116502885324461,-0.009342690437301572,0.11446280372773421,15.000000000001679,0.17875066699343733,
5420,541,ok,1.9678020998972976,0.034351141028978814,-0.09203079694393515,0.07342940793567851,15.000000000001679,0.17660354101099074,
5421,542,ok,2.0377664042041577,-0.03716270570033541,0.04959867545440425,0.1868597652060152,15.000000000001679,0.18606558299507014,
5422,542,ok,1.6998076303767649,0.31509841821431916,-0.22461665117079546,0.08160133689789291,15.000000000001679,0.17724975000601262,
5423,542,ok,1.6148449200146056,0.4005930705311307,-0.2227590394662835,0.07605183450624711,15.000000000001679,0.1769235419924371,
5424,542,ok,1.9631349657083532,0.037247426293402316,0.0387456835642959,0.1823083947948185,15.000000000001679,0.18167133402312174,
5425,542,ok,1.5349143590633048,0.46567750265268115,-0.0426211660164604,0.09305097625762489,15.000000000001679,0.17515554098645225,
5426,542,ok,1.3781652419559054,0.6289212911344174,0.1395801140236898,0.09830847888669722,15.000000000001679,0.17671729199355468,
5427,542,ok,1.9136335820508925,0.08658166286006269,0.02870110537185999,0.13421005758968316,15.000000000001679,0.178257666004356,
5428,542,ok,1.430472249566042,0.581353955107843,-0.18355995230543293,0.0946205914625787,15.000000000001679,0.17608845900394954,
5429,542,ok,1.7489622583724365,0.25583512383949636,-0.12945217641750098,0.08985630830271966,15.000000000001679,0.17735845799325034,
5430,542,ok,1.4955632646902366,0.5051401800641524,0.04586499135815755,0.1117039111868964,15.000000000001679,0.17836454100324772,
5431,543,ok,1.4890796324680124,0.5115858049531524,-0.04451219848665593,0.12502655576980556,15.000000000001679,0.17677920899586752,
5432,543,ok,1.433544148895776,0.5693892657438842,0.09166108151495764,0.11691412716563371,15.000000000001679,0.17767270898912102,
5433,543,ok,1.3842224753244814,0.6361935347522415,0.23686237890777262,0.10764519484286217,15.000000000001679,0.17689700002665631,
5434,543,ok,1.340294560773847,0.6610311166479819,-0.059597307447647005,0.10386222963442283,15.000000000001679,0.1769052500021644,
5435,543,ok,1.4570424627616354,0.550234740951556,-0.14544219451964388,0.09149022066160431,15.000000000001679,0.17825191697920673,
5436,543,ok,1.3645381233386558,0.6354749501510628,0.005973138148068624,0.10799731991790001,15.000000000001679,0.1792503750184551,
5437,543,ok,1.3342370018519547,0.6661674395744923,-0.03284932053525101,0.10287880713199722,15.000000000001679,0.177663875016151,
5438,543,ok,1.5231618267750813,0.4769085844915855,0.014645495873383697,0.10518119125616443,15.000000000001679,0.1725122499919962,
5439,543,ok,1.9388658674957469,0.06182401881013835,-0.051717676656561386,0.185050138380684,15.000000000001679,0.1829439160064794,
5440,543,ok,1.614789486801231,0.3872667778620321,-0.08146558105280198,0.08510981023493712,15.000000000001679,0.17418800000450574,
5441,544,ok,1.572862608925933,0.43369798268391735,-0.1435088049872294,0.09111686859611401,15.000000000001679,0.17460429097991437,
5442,544,ok,1.7331162844768155,0.28905500456085204,-0.2763318260723073,0.07480721638791839,15.000000000001679,0.17628604199853726,
5443,544,ok,1.3577742597331237,0.6442181782940841,0.07352953369646947,0.111155375278033,15.000000000001679,0.17777974999626167,
5444,544,ok,1.6908487435347628,0.32497945071762474,-0.23081514897175964,0.07662411842441538,15.000000000001679,0.17950945798656903,
5445,544,ok,1.7112810940032896,0.3058710513903206,-0.24168179115473012,0.0786901274956647,15.000000000001679,0.17876216597505845,
5446,544,ok,1.4259935855365165,0.5755306067435885,-0.0659139868844304,0.10322529318655871,15.000000000001679,0.17311875001178123,
5447,544,ok,1.402083435694283,0.5979478598151391,-0.00936786268772368,0.11378313794741841,15.000000000001679,0.1781247499748133,
5448,544,ok,1.8101664665649588,0.2066467007723253,-0.24614341515767416,0.08378467173166818,15.000000000001679,0.17812162500922568,
5449,544,ok,1.983980150958141,0.016753898929318948,0.053964265804600425,0.18111424742103696,15.000000000001679,0.18148941698018461,
5450,544,ok,1.33060660226932,0.6720469121173842,-0.083991228028466,0.09773596677222783,15.000000000001679,0.17683787498390302,
