evaluation,generation,status,fitness,final_x,final_y,final_z,simulated_seconds,elapsed_seconds,error
1,0,ok,1.8155023329426914,0.18520066968571203,-0.050518428431285116,0.07812738404695213,15.000000000001679,0.33528508301242255,
2,0,ok,1.8254866073211125,0.17930304729181026,-0.13215127660320755,0.0746304449630314,15.000000000001679,0.2373493749764748,
3,0,ok,2.1735324986374907,-0.1263515131123612,0.45041399325299064,0.07477114967444701,15.000000000001679,0.25355479199788533,
4,0,ok,2.0276518752736887,0.03706948704516624,0.5082085483458337,0.07497299748246646,15.000000000001679,0.2701175000111107,
5,0,ok,2.263660180051285,-0.25989832313570754,0.13044914656000517,0.07666609822617595,15.000000000001679,0.25235854100901634,
6,0,ok,1.9984662327723877,0.001547014527418313,-0.00727656424317199,0.07499935514609439,15.000000000001679,0.300797625008272,
7,0,ok,1.937958332790498,0.06260141749348987,-0.04657501619851597,0.07498019897412167,15.000000000001679,0.25416449998738244,
8,0,ok,1.9943460312154888,0.005970824147461458,-0.03554909385366724,0.0734420310766544,15.000000000001679,0.2607232500158716,
9,0,ok,1.8566242520585525,0.1440153609169631,-0.04873020438894317,0.07497523887214366,15.000000000001679,0.23265412499313243,
10,0,ok,1.7387879417249101,0.26283314618343134,-0.07506549333077794,0.08381297002651904,15.000000000001679,0.23468445800244808,
11,1,ok,1.9291786088947005,0.07477739214501514,0.12348285395528875,0.08614934743564778,15.000000000001679,0.2399420830188319,
12,1,ok,1.9786210055288145,0.02144350837060445,-0.01597788944241926,0.07576801924056784,15.000000000001679,0.32622679200721905,
13,1,ok,1.8527981432725456,0.1494400724784213,0.09104347513974494,0.0962091916144376,15.000000000001679,0.22128316599992104,
14,1,ok,1.8242962189743632,0.1809005362309166,-0.13760027427004282,0.07942668072073801,15.000000000001679,0.23852379200980067,
15,1,ok,1.813085636437596,0.19761659696010295,0.19670687202698792,0.07491802283620481,15.000000000001679,0.2777195000089705,
16,1,ok,2.077837303808568,-0.06636874306647239,0.21800935479090192,0.07589384196973514,15.000000000001679,0.2657281249994412,
17,1,ok,2.0438602921103337,-0.04101515811663703,-0.10780546369947187,0.11552998658008111,15.000000000001679,0.21269449999090284,
18,1,ok,1.9819780098358852,0.018475509664954304,-0.04239723664879013,0.07603016138066192,15.000000000001679,0.27611658300156705,
19,1,ok,1.9327378360971161,0.06792091759752256,0.05045753089642754,0.09902343968972074,15.000000000001679,0.30040520799229853,
20,1,ok,1.874258674253844,0.1388836743824789,0.22156624412512416,0.07621327572471275,15.000000000001679,0.270986042014556,
21,2,ok,1.9540346488123097,0.05463541840899328,0.1838696643013564,0.07511698333629362,15.000000000001679,0.3210445420118049,
22,2,ok,2.117855437307702,-0.11779516739698977,0.015977555625186383,0.07493724360591812,15.000000000001679,0.24564179198932834,
23,2,ok,1.9532679767115984,0.0512259683507769,-0.1324219106366267,0.07496491728389607,15.000000000001679,0.2779727499873843,
24,2,ok,1.736423642414365,0.2857436568239818,-0.2765723337869432,0.07859760010934999,15.000000000001679,0.21468716699746437,
25,2,ok,1.9882623445286458,0.017854362854941595,0.15583909592062822,0.14289007111059837,15.000000000001679,0.2268147919967305,
26,2,ok,1.7610098949288018,0.2523357369419354,0.2163919445516898,0.09209546840355053,15.000000000001679,0.2613327080034651,
27,2,ok,2.0304903552783187,-0.023762549663237938,-0.1651551557137173,0.07479500871433438,15.000000000001679,0.26492320801480673,
28,2,ok,2.03876192337936,-0.03867441667688053,-0.018889229965511716,0.09942072844987535,15.000000000001679,0.23473695799475536,
29,2,ok,1.9863193429289614,0.021423120108004543,-0.1752086255028475,0.11606933706635847,15.000000000001679,0.21796266702585854,
30,2,ok,1.983124201898135,0.028215729083852004,-0.21177438259097806,0.07515736672687945,15.000000000001679,0.25305495801148936,
31,3,ok,1.9070012262786165,0.09356693401304071,0.04654720120167334,0.0749973941573826,15.000000000001679,0.3012373329838738,
32,3,ok,1.9017569680880884,0.10006485489582845,-0.08322265358415937,0.0916019722159067,15.000000000001679,0.2822247080039233,
33,3,ok,2.0520143628898904,-0.051449575330080016,-0.0481413064263677,0.0746081403317928,15.000000000001679,0.24307291599689052,
34,3,ok,1.759768498935903,0.31962768199923364,-0.5226222753995974,0.10375113388612132,15.000000000001679,0.23853291597333737,
35,3,ok,1.706567568773533,0.2946339754648723,-0.06402803410118067,0.07988445077839866,15.000000000001679,0.27447720800410025,
36,3,ok,2.0371402820158977,-0.024386913766772017,0.22759207363538947,0.08566604460114807,15.000000000001679,0.2492695839900989,
37,3,ok,2.0451375546800636,-0.0450879819393157,0.014239511583171667,0.07863906635472633,15.000000000001679,0.26866341597633436,
38,3,ok,1.680784095755712,0.3194063033916961,0.025298289779792257,0.09841481955031103,15.000000000001679,0.24809425001149066,
39,3,ok,1.9677631515436447,0.032283827156394135,-0.013597194662473104,0.07641052406276311,15.000000000001679,0.2711333330080379,
40,3,ok,1.9225050744079681,0.08216805330053407,0.1339641196116474,0.07494654703273793,15.000000000001679,0.3185243750049267,
41,4,ok,2.0649103346088626,-0.05943369923935115,0.1502914781742677,0.1782874479228445,15.000000000001679,0.23390950000612065,
42,4,ok,1.9179277270517114,0.10126538553133536,-0.27065407813716,0.09547999078105601,15.000000000001679,0.2492441670037806,
43,4,ok,1.873393571428224,0.13719360076034653,-0.1988863806810135,0.07657110975833491,15.000000000001679,0.24484749999828637,
44,4,ok,1.7849522021433197,0.22460218477935354,-0.18443687713155832,0.08254800023493002,15.000000000001679,0.24999449998722412,
45,4,ok,1.9861581731439968,0.013846297406443938,-0.004214074110356561,0.07499816947105085,15.000000000001679,0.28752658402663656,
46,4,ok,2.066788660863759,-0.06627140351727547,-0.04623695147561992,0.07582606981519645,15.000000000001679,0.23920458302018233,
47,4,ok,1.8061381670490249,0.19440709281466925,-0.04437715620943736,0.13640581042107347,15.000000000001679,0.2501918750058394,
48,4,ok,2.036999948590977,-0.023650172065718594,-0.2328277725230207,0.07958009661459761,15.000000000001679,0.2464432920096442,
49,4,ok,2.0016393712242713,-0.0016390379657042296,0.0011550440798180767,0.07523844101651991,15.000000000001679,0.2529965410067234,
50,4,ok,1.9226667830800093,0.07736896985763769,0.011725216115289932,0.07503628484934381,15.000000000001679,0.26915845900657587,
51,5,ok,2.1404209009586226,-0.13657428409096525,0.1282652011330447,0.09163323409690562,15.000000000001679,0.23958074999973178,
52,5,ok,1.8029215017124864,0.20921179238162368,0.20881459908773076,0.07686628208033232,15.000000000001679,0.2420630419801455,
53,5,ok,1.8982116896018477,0.10678864855207977,0.13768949593139082,0.07508303773544148,15.000000000001679,0.24254220802686177,
54,5,ok,1.7491602327991522,0.25220733781958093,-0.06915439273298969,0.08636973728688141,15.000000000001679,0.2567318750079721,
55,5,ok,1.827777999403271,0.18154562329529592,-0.18438029977774262,0.08141973705374368,15.000000000001679,0.2716905410052277,
56,5,ok,1.9192364537782067,0.08571835413520253,0.1378199761148896,0.07522841265994784,15.000000000001679,0.245426374982344,
57,5,ok,1.9656705660853147,0.03587044224250932,-0.07781937237940875,0.07521905512380601,15.000000000001679,0.24102762501570396,
58,5,ok,2.1888951779478236,-0.1888716287028997,-0.010153477372247635,0.10633139991442773,15.000000000001679,0.2741760000062641,
59,5,ok,1.9917778010957543,0.009314331095725754,0.06594980331267575,0.07499879126137882,15.000000000001679,0.30718312499811873,
60,5,ok,1.9394432004691884,0.06316541648594418,-0.10055706812602443,0.07892721376526003,15.000000000001679,0.26122566699632443,
61,6,ok,1.9489184903364973,0.055680337321733046,-0.13380706744474205,0.10969282430812627,15.000000000001679,0.21983275000820868,
62,6,ok,2.0884166734274805,-0.08825804098313715,0.025740165484582092,0.09499851935987087,15.000000000001679,0.27965924999443814,
63,6,ok,1.7689759286739255,0.2329867650664514,0.08330704530502255,0.08360232019111476,15.000000000001679,0.23309704201528803,
64,6,ok,1.976126697030011,0.02995345402036021,-0.15489780304585452,0.1015454495100572,15.000000000001679,0.21524975000647828,
65,6,ok,1.837045720751506,0.166621774038222,-0.11602267321805936,0.10883155458949553,15.000000000001679,0.27161499997600913,
66,6,ok,1.8093309105885496,0.19097849562803487,0.033459538714420485,0.08427373695247306,15.000000000001679,0.2332584579999093,
67,6,ok,1.8227498007757492,0.18022437329748972,-0.10408412312893672,0.07729784875058657,15.000000000001679,0.2358657500008121,
68,6,ok,1.8222411340780127,0.23513155058237803,0.4536541711217489,0.08578000049624826,15.000000000001679,0.18987483301316388,
69,6,ok,1.8691548037002683,0.13089968727846815,-0.014272392233297224,0.08335095586290649,15.000000000001679,0.18557304199202918,
70,6,ok,1.996542264412229,0.029473319089635096,0.32125630484815665,0.07496437190869278,15.000000000001679,0.20603216701420024,
71,7,ok,1.94675782023339,0.05327525504033102,0.011348039547482633,0.09425417700795097,15.000000000001679,0.2778216660080943,
72,7,ok,2.060504030929413,-0.06022207330573483,-0.034086216278405405,0.10668114867131372,15.000000000001679,0.2513517919869628,
73,7,ok,1.7394845224551698,0.2754534383056864,-0.2274765051811079,0.07494573450669627,15.000000000001679,0.26734491702518426,
74,7,ok,1.9217367634213318,0.07888409171600344,0.04884521290004492,0.07491849789210461,15.000000000001679,0.27449370801332407,
75,7,ok,1.9515324648571966,0.048467583666974914,-0.000435193049472464,0.10230990762935627,15.000000000001679,0.25392537500010803,
76,7,ok,2.025737594101266,-0.025608368784337872,0.022880919256883018,0.07518068018613315,15.000000000001679,0.25280399998882785,
77,7,ok,1.9025700085594812,0.09842330613565542,-0.061471251996141944,0.08075024556642298,15.000000000001679,0.2421205840073526,
78,7,ok,2.2311966329248456,-0.23118029707755486,0.008537956903303619,0.08470541167201068,15.000000000001679,0.23609987500822172,
79,7,ok,2.012857690322934,-0.008363884504466564,-0.1344268905773905,0.09476082768437252,15.000000000001679,0.23132537500350736,
80,7,ok,1.6806182034186539,0.34595550084642207,-0.2976816092437242,0.10074262487769316,15.000000000001679,0.2549320840043947,
81,8,ok,2.019189245524382,-0.01840237078223165,0.0563655822465245,0.07498826486942811,15.000000000001679,0.2798170839960221,
82,8,ok,1.9139866018274427,0.0960229495125137,-0.19548939406508575,0.10188144625034401,15.000000000001679,0.2364882500260137,
83,8,ok,2.1623858514055714,-0.11770087286042523,-0.437327775753141,0.09729788545119873,15.000000000001679,0.26997241700883023,
84,8,ok,2.0222112172504536,-0.020657487987930524,-0.0792560623035715,0.07489521721950285,15.000000000001679,0.26318008298403583,
85,8,ok,1.8547798700818505,0.14572414406636866,0.043236750137408256,0.08610591574763377,15.000000000001679,0.23756795801455155,
86,8,ok,1.8754247199874219,0.14551765966935679,-0.27948726221722575,0.0934011536580059,15.000000000001679,0.21099895899533294,
87,8,ok,1.8200709321183242,0.18465549265114334,-0.1310821024411856,0.0811183469955241,15.000000000001679,0.2241059159860015,
88,8,ok,1.9506764270359718,0.1082973260724706,-0.47602470151165505,0.07656307010381228,15.000000000001679,0.2644772919884417,
89,8,ok,1.9461487230913852,0.05387034605080578,0.008615242876352458,0.07501579941367548,15.000000000001679,0.2572800420166459,
90,8,ok,1.7314585741191055,0.27178137952699405,0.10587347987548995,0.09009025400995203,15.000000000001679,0.2264767500164453,
91,9,ok,1.9948097252485932,0.005273019107863494,-0.01816897485580564,0.07557349487795778,15.000000000001679,0.28317595800035633,
92,9,ok,1.9431454572282032,0.05730140857159892,-0.041670742838460145,0.0754199188850713,15.000000000001679,0.25350570800947025,
93,9,ok,1.7630791240109445,0.2423924233394833,0.13879338596901822,0.10354771548346418,15.000000000001679,0.23243641600129195,
94,9,ok,2.1191955501604003,-0.08444499923291203,-0.3822025967893819,0.08236552232348233,15.000000000001679,0.24979708399041556,
95,9,ok,1.9985445734551865,0.01488415541611536,0.23129093295930145,0.07504684191471622,15.000000000001679,0.3360346250119619,
96,9,ok,2.0044729321798114,-0.0032083841122521866,-0.0711892243524993,0.0937429293709494,15.000000000001679,0.26302533299895003,
97,9,ok,1.8079215680674972,0.19806580665457998,-0.1470155064482248,0.08301370350083172,15.000000000001679,0.2805662909813691,
98,9,ok,1.9719958062820233,0.028588041067563744,-0.047982790373858074,0.1103377011411933,15.000000000001679,0.19656362498062663,
99,9,ok,2.073922707233415,-0.07297927407136871,0.06254857991128346,0.0952091865367548,15.000000000001679,0.2720679579942953,
100,9,ok,1.882982856855775,0.11735260214701294,-0.03554172998199303,0.09704904133463708,15.000000000001679,0.2135484579775948,
101,10,ok,1.8343398397605437,0.1756900982731224,-0.19156207921717566,0.07717552249659301,15.000000000001679,0.24348587499116547,
102,10,ok,1.7134002515215703,0.2930426616794201,0.14844887021362502,0.09850601245111026,15.000000000001679,0.22257500002160668,
103,10,ok,1.8829444987257693,0.11832208559299486,0.06905223902628177,0.11136341925748151,15.000000000001679,0.23559020800166763,
104,10,ok,1.8224185749157447,0.17817194701434255,-0.04638973542090715,0.07450627920432323,15.000000000001679,0.21512820798670873,
105,10,ok,1.8577946083164631,0.1422218388755174,0.00781733577741392,0.07999558677171355,15.000000000001679,0.2700988340075128,
106,10,ok,1.779513165020814,0.22071885169391048,0.028734991995099084,0.1028971429348477,15.000000000001679,0.22501875000307336,
107,10,ok,1.9355822994890264,0.07297252870449937,-0.18177998505802337,0.0788268830834244,15.000000000001679,0.2783150830073282,
108,10,ok,1.9285137029109911,0.0720992655753457,-0.04861954874678112,0.0751217439318951,15.000000000001679,0.23174899999867193,
109,10,ok,1.9025991265462523,0.09740106432840677,0.0008522416809593832,0.11081350652325417,15.000000000001679,0.25957370799733326,
110,10,ok,1.8057334986137201,0.19846095692336319,-0.12300627742623886,0.08796303033085413,15.000000000001679,0.2564186669769697,
111,11,ok,1.7168713646782061,0.2871222747858131,0.11703495767110918,0.09550260743553886,15.000000000001679,0.1969214999990072,
112,11,ok,1.8040821896127626,0.19664830739540504,-0.05133439059852637,0.08747413653282445,15.000000000001679,0.2252975840237923,
113,11,ok,2.056820258315821,-0.05362920423369732,-0.11452801638389752,0.07838712243683438,15.000000000001679,0.2678419169969857,
114,11,ok,2.0857960283606745,-0.08276293830359001,0.11244382932895462,0.08076493152172334,15.000000000001679,0.21600629200111143,
115,11,ok,2.004857299791858,-0.004638894834353432,0.02959212472938901,0.08376530568613322,15.000000000001679,0.2334224579972215,
116,11,ok,2.2925140056486106,-0.2924672307004796,0.014644530020218935,0.09039002713102783,15.000000000001679,0.2138427089957986,
117,11,ok,2.0338060439393435,-0.023016532690896,0.20921551764510266,0.07503079350972369,15.000000000001679,0.3099456250201911,
118,11,ok,1.8251943166712299,0.17521016413773213,-0.038423281259094645,0.12024902228024956,15.000000000001679,0.2773510839906521,
119,11,ok,2.097949466238398,-0.09741110368698486,0.04752499364043478,0.09529148461447368,15.000000000001679,0.26406429198686965,
120,11,ok,1.878610625993179,0.12179964019942267,0.039259298764310085,0.08270901300755822,15.000000000001679,0.2578641250147484,
121,12,ok,1.8999721187753216,0.10244148464925733,-0.09573783444109309,0.07497529227542228,15.000000000001679,0.2339862500084564,
122,12,ok,2.0181364201356833,-0.017158493839024326,0.0628189542347776,0.07496821231142627,15.000000000001679,0.30104399999254383,
123,12,ok,1.882827895272559,0.13639626044840547,-0.2683691210735831,0.09789567342273126,15.000000000001679,0.21320533400285058,
124,12,ok,1.9893363296949522,0.04446694448770878,0.36517051009486745,0.07495135356722418,15.000000000001679,0.27119216599385254,
125,12,ok,1.9467428336478567,0.05477759642488573,0.0769250348634453,0.07499274122956695,15.000000000001679,0.28103658300824463,
126,12,ok,1.9925222080228726,0.008119911255337632,0.05058123690559649,0.11179169034621238,15.000000000001679,0.21968758301227354,
127,12,ok,1.969887090099399,0.03250769632666918,0.09710397894261591,0.07500482314154641,15.000000000001679,0.25874737501726486,
128,12,ok,2.0813260538167535,-0.08077562895178393,-0.04786360054077793,0.0781219247458194,15.000000000001679,0.25252333300886676,
129,12,ok,1.9585908409805866,0.044620866041245225,0.1121183519846402,0.07499306295119747,15.000000000001679,0.2576838339737151,
130,12,ok,2.171849802498336,-0.16660767723894235,0.1508069545522948,0.10997411637477147,15.000000000001679,0.22922512498917058,
131,13,ok,2.242011175793408,-0.24119725052497779,0.06040692528029419,0.09136549529449586,15.000000000001679,0.2065830420178827,
132,13,ok,1.9202060902044502,0.0808595967097998,-0.06396515705748408,0.10785214140647652,15.000000000001679,0.24807695799972862,
133,13,ok,1.9978564358608937,0.003423331019758743,-0.07149785447520088,0.12870154716509785,15.000000000001679,0.24145125001086853,
134,13,ok,1.6854226324760966,0.3146267848904321,0.012906426844534868,0.09916871708110904,15.000000000001679,0.24481191698578186,
135,13,ok,2.013938963510068,-0.013164375224166075,-0.05585111522880289,0.07282299882662797,15.000000000001679,0.24476183400838636,
136,13,ok,1.4645884770224664,0.6283283284043882,0.5133578015079622,0.09430057543394849,15.000000000001679,0.22619287500856444,
137,13,ok,1.9497340425190524,0.05032455912572895,-0.015116607073101708,0.07698450530376218,15.000000000001679,0.23985945899039507,
138,13,ok,1.9005327956142022,0.099542460656603,-0.016912964198374042,0.08969838978629002,15.000000000001679,0.22347850000369363,
139,13,ok,1.8747545721401393,0.12642840459573534,-0.06658965876676984,0.09134364559107419,15.000000000001679,0.21690187501371838,
140,13,ok,1.7290096616936064,0.2743941501338167,0.10843828261940501,0.07647382330842964,15.000000000001679,0.23165954198339023,
141,14,ok,1.9970618391954007,0.002941747910564953,0.0037851462332466885,0.07498498606274796,15.000000000001679,0.21852612498332746,
142,14,ok,1.683881620750348,0.32649491758260685,-0.1866495427906884,0.09238943665082215,15.000000000001679,0.22048795901355334,
143,14,ok,1.8969207855600894,0.11149433625465488,0.17847919960504874,0.11231935655643263,15.000000000001679,0.22741449999739416,
144,14,ok,1.95038748819777,0.052870827727092506,-0.11269135105335053,0.10443939974461167,15.000000000001679,0.35848683401127346,
145,14,ok,1.8561349360582435,0.14881439414853076,0.1354575710112517,0.07754464999686647,15.000000000001679,0.24856066700886004,
146,14,ok,2.0025093711245914,-0.0023601419702915325,-0.024446743965633774,0.07490587522123139,15.000000000001679,0.2702324579877313,
147,14,ok,1.9913635987380047,0.009827377987657435,0.06886157833868647,0.07506281116468774,15.000000000001679,0.2708343749982305,
148,14,ok,1.8657036504704727,0.136049529780394,-0.08086257445170997,0.07499503288780848,15.000000000001679,0.2675154580210801,
149,14,ok,1.9897204916819797,0.013935122060993798,-0.12055677349821148,0.0816122156210284,15.000000000001679,0.31137358301202767,
150,14,ok,1.9102679867569108,0.09526077084264886,0.1452317118860795,0.078589479462589,15.000000000001679,0.3254487919912208,
151,15,ok,1.8618867079254746,0.14463756703729624,-0.1557316778959159,0.08993168314120177,15.000000000001679,0.32015016599325463,
152,15,ok,1.8668414442315364,0.13605627065181755,-0.10397476484262383,0.08312281212750716,15.000000000001679,0.33415754200541414,
153,15,ok,2.2599896272968243,-0.256552131889226,0.12460173175132058,0.11435955897145679,15.000000000001679,0.26722370900097303,
154,15,ok,2.04689012187589,-0.028292549875382857,-0.2752971179527914,0.07505072212288968,15.000000000001679,0.2803130419924855,
155,15,ok,1.704313184412128,0.29578504038024517,-0.018297594630037682,0.09386813827960223,15.000000000001679,0.29718308299197815,
156,15,ok,1.8197914651681397,0.22230315541429974,-0.38914638049049055,0.10255393899944688,15.000000000001679,0.22532183400471695,
157,15,ok,1.8384685875202764,0.1741095515414962,-0.21468772095023078,0.07935946502738757,15.000000000001679,0.2341409159998875,
158,15,ok,2.055441894131224,-0.04538459756082157,0.20308428843883541,0.07524830870307812,15.000000000001679,0.20971220897627063,
159,15,ok,2.2085598561896664,-0.20787879322911942,-0.054844076996960596,0.10353627880638165,15.000000000001679,0.2271603329863865,
160,15,ok,2.0901382868343683,-0.08988974407374911,0.03223221534842248,0.0749271457642771,15.000000000001679,0.3102073750051204,
161,16,ok,1.9560313992497782,0.04397821411396798,-0.006132535386215064,0.0751958845414899,15.000000000001679,0.25086979201296344,
162,16,ok,1.999921604902758,0.00015206001378839567,-0.01716515918156107,0.11740061313941409,15.000000000001679,0.2170175420178566,
163,16,ok,2.0532802196901057,-0.053128620138765445,0.024950545840479253,0.10131633375686384,15.000000000001679,0.24627479200717062,
164,16,ok,2.2249289260526766,-0.2200087279023669,-0.1478850026988297,0.0955231418548919,15.000000000001679,0.21016312501160428,
165,16,ok,1.828605196186609,0.1715208803700638,0.021472601100017922,0.08311435347987797,15.000000000001679,0.2951523750089109,
166,16,ok,1.9620890728500404,0.038154308507626564,0.030903277663416842,0.09454076497204464,15.000000000001679,0.23341524999705143,
167,16,ok,1.785335905596482,0.22119294740613646,0.15254430652876705,0.09359815206740985,15.000000000001679,0.248383208992891,
168,16,ok,1.8853282205185156,0.11524319140969137,0.04641413099463486,0.09665569902211742,15.000000000001679,0.22553783399052918,
169,16,ok,2.0932384822882453,-0.09157106379972173,-0.08353339935677265,0.10410702092967868,15.000000000001679,0.25678395899012685,
170,16,ok,1.7189917730567181,0.2814020424787877,0.036793698381615246,0.07565845885263633,15.000000000001679,0.24523837500601076,
171,17,ok,1.8368661715930106,0.17732891104909476,-0.22791979695779974,0.10528032926203365,15.000000000001679,0.2245453330106102,
172,17,ok,1.8570685628667978,0.14363493472558625,-0.051111560501268444,0.07690648701696633,15.000000000001679,0.21676945901708677,
173,17,ok,1.9993170010954182,0.0032642424157557732,-0.10156173124583419,0.10963974286625708,15.000000000001679,0.2208950839994941,
174,17,ok,1.9926406867236541,0.007394190361841269,-0.011789562450518702,0.07520421407539832,15.000000000001679,0.2514451250026468,
175,17,ok,1.8936372982891734,0.10837781089888851,-0.08733676873023426,0.07499879778192406,15.000000000001679,0.2197695000213571,
176,17,ok,1.8199208089707544,0.270272112032211,-0.565820806007747,0.10458544555095223,15.000000000001679,0.23817679099738598,
177,17,ok,2.0960493328904115,-0.09528512372703175,-0.05659554928204148,0.11214409203789967,15.000000000001679,0.24559158299234696,
178,17,ok,1.9512686168903581,0.05426037712688309,-0.14678738107477693,0.09825667596756936,15.000000000001679,0.21424462500726804,
179,17,ok,1.9041836838758532,0.09614467577296165,-0.03536108526860852,0.07703764092304774,15.000000000001679,0.24088587498408742,
180,17,ok,2.1287821119978902,-0.1262755912128265,0.10327337786062059,0.07544327950305826,15.000000000001679,0.2420768330048304,
181,18,ok,1.9074152275259326,0.09384467114044975,-0.0693160331968336,0.10029173544212669,15.000000000001679,0.23884149998775683,
182,18,ok,2.0044595156739993,-0.004355570135775199,-0.02041319283539095,0.12930543489338206,15.000000000001679,0.2169245409895666,
183,18,ok,2.232736681840118,-0.2327192424950251,0.008824660155570225,0.09395649067367064,15.000000000001679,0.24817354200058617,
184,18,ok,2.174013528522391,-0.17401128425552262,0.003123800254626142,0.07628858020600242,15.000000000001679,0.29901808299473487,
185,18,ok,1.8367829515557184,0.16958742656962925,-0.15284443775860615,0.09193303939016498,15.000000000001679,0.21890029098722152,
186,18,ok,1.9523910470485348,0.06886238194704544,0.28729479761394267,0.10550934523502879,15.000000000001679,0.23600637499475852,
187,18,ok,1.73981628979276,0.2619418002190566,-0.0781947338538311,0.09605654484292929,15.000000000001679,0.27849012502701953,
188,18,ok,1.6886460084701385,0.3115237669121243,-0.023944774367459003,0.07758442503836961,15.000000000001679,0.253868625004543,
189,18,ok,2.043240109631018,-0.04031889494143426,-0.10921974432280543,0.10742371401611953,15.000000000001679,0.24623691700980999,
190,18,ok,1.9005315069198314,0.09947182684836121,0.003559754466244288,0.07756564440273042,15.000000000001679,0.2538557499938179,
191,19,ok,1.6823375984664257,0.34077620687445326,-0.2779140146517513,0.08293101557170582,15.000000000001679,0.23650479200296104,
192,19,ok,1.9225591552814238,0.07787760818921124,-0.0409782436909396,0.10221810794883297,15.000000000001679,0.27038816700223833,
193,19,ok,1.5766780355287706,0.5127539517040738,0.5234623382317151,0.08829024493705045,15.000000000001679,0.21304416700149886,
194,19,ok,2.0500214201138856,-0.04952048328808921,0.04531679057821937,0.12551342333646742,15.000000000001679,0.2452956670022104,
195,19,ok,1.829760867320453,0.17399948308393573,-0.11724736158892009,0.10103214548597733,15.000000000001679,0.23628579202340916,
196,19,ok,2.2613860126060508,-0.2594412702099033,-0.09376483606636578,0.10464161801666792,15.000000000001679,0.2548117080004886,
197,19,ok,1.6673003206491135,0.33332278960425116,-0.04557889406382277,0.07512497436833211,15.000000000001679,0.23620541600394063,
198,19,ok,1.955251107072814,0.045773863343213234,-0.06330164703192556,0.07499733189587551,15.000000000001679,0.2794024159957189,
199,19,ok,1.673779994967373,0.3282166047953922,0.08172974410295099,0.08000181227905427,15.000000000001679,0.24985120800556615,
200,19,ok,1.9168834178731855,0.0835901830037221,-0.04260810999655024,0.07694024299986006,15.000000000001679,0.24597595899831504,
201,20,ok,2.041855418114341,-0.031268929089975056,0.20765376518752474,0.07584086561384239,15.000000000001679,0.22729054099181667,
202,20,ok,2.0091837592193675,0.0010604407830595785,-0.20263271430954669,0.07680666448921787,15.000000000001679,0.24192254201625474,
203,20,ok,1.943565490011916,0.05728706022997624,0.057560816666984344,0.1020481677591034,15.000000000001679,0.25856566699803807,
204,20,ok,1.6977309617149152,0.30274920202332106,-0.04037508059407247,0.07573664767224578,15.000000000001679,0.25960529199801385,
205,20,ok,1.8134383879964568,0.1944394677520704,-0.1688489012335043,0.07497060216468082,15.000000000001679,0.24754545799805783,
206,20,ok,1.922395195038862,0.08256080784358313,0.1379501007286738,0.12479141665898796,15.000000000001679,0.23446383400005288,
207,20,ok,2.0535616419538587,-0.051640348841624266,-0.08881045157663156,0.11040940934453465,15.000000000001679,0.24057175000780262,
208,20,ok,1.960871375134832,0.04279624603947823,-0.11987499866948013,0.07565486297907068,15.000000000001679,0.24347329197917134,
209,20,ok,1.9511829577317197,0.04908533825194144,0.03235609863935705,0.09579621196063447,15.000000000001679,0.23557483399054036,
210,20,ok,1.6676614356663428,0.3334351080915614,-0.0604659000341694,0.07552406592501724,15.000000000001679,0.2472772919863928,
211,21,ok,1.8116630023315106,0.19658232166087264,0.17264852003632689,0.10428834410142877,15.000000000001679,0.2155290409864392,
212,21,ok,2.006917720712035,-0.005809823240181848,-0.06667601293703666,0.07501218016491643,15.000000000001679,0.2584423339867499,
213,21,ok,1.7138259912630824,0.29642447332479976,0.18716290562555732,0.0856045655104326,15.000000000001679,0.2445254579943139,
214,21,ok,1.9274327077253908,0.07305952982585001,-0.0435576309578166,0.07504873446231791,15.000000000001679,0.2702260829973966,
215,21,ok,1.8000423119910518,0.2065727908285711,-0.15417902049783186,0.07486713268128282,15.000000000001679,0.2328716659976635,
216,21,ok,1.7852077503299741,0.34450577693169987,-0.6680610669884101,0.10310637839408007,15.000000000001679,0.21584295798675157,
217,21,ok,1.6624882233578464,0.3375144980776512,-0.0030081059697269256,0.07497158153048014,15.000000000001679,0.27509049998479895,
218,21,ok,1.5845499301725015,0.41545110931282603,-0.001815001852845328,0.07506680966153566,15.000000000001679,0.2677794169867411,
219,21,ok,2.048200164747049,-0.04814047630750181,-0.015636629455137375,0.11423544269375435,15.000000000001679,0.24960974999703467,
220,21,ok,1.7102868813690764,0.29378175480472735,0.11790045099966692,0.08452175313153366,15.000000000001679,0.26682183300727047,
221,22,ok,1.641580790993404,0.35843204809121987,-0.006492505259388289,0.07539815055573522,15.000000000001679,0.2654652920027729,
222,22,ok,1.8007760024126838,0.20331907926260526,-0.12137495591609232,0.074986934477348,15.000000000001679,0.3216309160052333,
223,22,ok,1.9218319688605634,0.09127172988021949,-0.22404130730742355,0.11125336976752319,15.000000000001679,0.25327891699271277,
224,22,ok,2.1192578857934357,-0.10684032429532898,0.229080410382067,0.08098047820301675,15.000000000001679,0.2563545409939252,
225,22,ok,1.5746826956659363,0.5395592874595251,-0.588845070611965,0.0935623434659539,15.000000000001679,0.2651951250154525,
226,22,ok,1.8534238707581108,0.14658128420461464,-0.004371342512610691,0.090572350708891,15.000000000001679,0.24918374998378567,
227,22,ok,1.930325873419229,0.07078385451224649,0.06544495076844718,0.07498643063902463,15.000000000001679,0.2510381670144852,
228,22,ok,1.8396055905307647,0.16478213693520188,-0.12698080091068784,0.07502948422762801,15.000000000001679,0.25337891597882845,
229,22,ok,1.9768583992552105,0.023498564025523656,0.03756599921080562,0.10788271108454031,15.000000000001679,0.2764724589942489,
230,22,ok,2.0258482925672303,-0.024068518941599323,-0.0848995590514021,0.1251151139523033,15.000000000001679,0.20901704201241955,
231,23,ok,1.823232529653121,0.18045730222647322,-0.11593631081052908,0.08714377789781606,15.000000000001679,0.22846966699580662,
232,23,ok,1.9361358761703895,0.06895650794390186,-0.14033232978138602,0.07799082183795934,15.000000000001679,0.2539647909870837,
233,23,ok,2.058496060414409,-0.05679146743289293,0.08375494156698007,0.13030800104415202,15.000000000001679,0.2424258329847362,
234,23,ok,1.9200875021650734,0.08990947084157667,-0.19567878369870723,0.09358775124822177,15.000000000001679,0.23367549999966286,
235,23,ok,2.003213479841424,-0.0032134532289244174,-0.00032652876725564284,0.11837788723822505,15.000000000001679,0.25477741699432954,
236,23,ok,1.9777294625602115,0.026455405288665437,-0.12859066748554043,0.10684485482467626,15.000000000001679,0.21186258300440386,
237,23,ok,1.9678477432467947,0.03805878050593326,-0.1523528531128886,0.07496435878002347,15.000000000001679,0.2885280420014169,
238,23,ok,1.8290898987262505,0.17110167347207256,-0.026472038942095617,0.08228330639625428,15.000000000001679,0.26261320800404064,
239,23,ok,2.0135037469098203,-0.01349136884004401,0.007060200176513456,0.07720686977269947,15.000000000001679,0.23495120799634606,
240,23,ok,1.9339263684381163,0.06631281866184784,0.030415181550558137,0.1020407266069077,15.000000000001679,0.2726739169738721,
241,24,ok,1.9986511497005288,0.0013605560584548206,-0.006840418136090926,0.07498843421880404,15.000000000001679,0.2892849589989055,
242,24,ok,1.8211994651850585,0.17880085620979783,0.0010819649610935877,0.07508807190500881,15.000000000001679,0.2408843339944724,
243,24,ok,1.8344650379025,0.16741147634669265,-0.08295347045671018,0.0963008021617392,15.000000000001679,0.22863395800231956,
244,24,ok,1.69082843205507,0.316338033537238,-0.1555093866380784,0.07499347972629114,15.000000000001679,0.2768295000132639,
245,24,ok,1.6859053361977279,0.31804899446723195,0.11540198268350585,0.0933992282286855,15.000000000001679,0.3275417090044357,
246,24,ok,1.6168564082966583,0.3852305537350618,0.08212356823224043,0.07962697203584586,15.000000000001679,0.2322117080038879,
247,24,ok,1.6481872712930172,0.35182239978029,-0.005646183340983476,0.08507559533837993,15.000000000001679,0.2315272910054773,
248,24,ok,1.9808208163973915,0.019864739711569757,-0.052110053115485284,0.1024632263872016,15.000000000001679,0.2407065839797724,
249,24,ok,1.9195810374112043,0.08161122493044631,0.06764515411922395,0.11977348848729114,15.000000000001679,0.2421668330207467,
250,24,ok,1.788188043452176,0.21481182835942225,-0.10353584200600575,0.07501136583176658,15.000000000001679,0.251035374996718,
251,25,ok,1.4550272610602346,0.6456460489898744,0.5318173613297245,0.0886355979257415,15.000000000001679,0.22844416601583362,
252,25,ok,1.4974108021508585,0.5027001246999733,-0.01822618513574596,0.07496410907013797,15.000000000001679,0.2508926249865908,
253,25,ok,1.8968275780558435,0.12346653518926665,0.2767255252386774,0.11081754602716937,15.000000000001679,0.27605037498869933,
254,25,ok,1.811164273522065,0.1988649683489229,-0.19033818177649842,0.07503656738962815,15.000000000001679,0.30542766698636115,
255,25,ok,1.855461655568937,0.15185116687660685,-0.1645717044672659,0.07756573788191358,15.000000000001679,0.27081037499010563,
256,25,ok,1.9956541531253367,0.0087489165414737,-0.13249385461843027,0.09740174741441673,15.000000000001679,0.21833279100246727,
257,25,ok,1.77340843422208,0.22934202018439395,-0.09873091251135839,0.07560990511691301,15.000000000001679,0.2655499169777613,
258,25,ok,2.0038302534441077,0.007191782407560945,-0.20988352130151502,0.07500626321606532,15.000000000001679,0.25420645900885575,
259,25,ok,1.9328015557402982,0.07721553952136177,-0.19652422856734286,0.07507078074664543,15.000000000001679,0.2766718750062864,
260,25,ok,1.9668141582329781,0.03870851258075907,-0.14728759079610163,0.1057352815674446,15.000000000001679,0.2631125830230303,
261,26,ok,1.8872592118255183,0.12829099919216655,-0.2417700331207707,0.08303487318713905,15.000000000001679,0.22833116698893718,
262,26,ok,1.641322235363858,0.43277252973393776,-0.48758254351776187,0.08687164245399007,15.000000000001679,0.2343670839909464,
263,26,ok,1.8615805598389774,0.13842595885243342,0.004926468909712134,0.08083800308307014,15.000000000001679,0.2425927500007674,
264,26,ok,1.9748783023231444,0.04071614197386461,-0.24769148686413894,0.07922782986612754,15.000000000001679,0.20812887500505894,
265,26,ok,1.8666426042704383,0.13933141368299923,-0.14922139246977542,0.0767534734689066,15.000000000001679,0.28975679201539606,
266,26,ok,2.228824401282772,-0.22802772581402445,0.05958745469889065,0.08055375670320812,15.000000000001679,0.27097483299439773,
267,26,ok,1.9081023497315797,0.09192042203571085,-0.00932208167717414,0.09198523317924266,15.000000000001679,0.25143258401658386,
268,26,ok,1.741874684506246,0.2599622666504412,0.07997564031293068,0.08741906880572507,15.000000000001679,0.224945708992891,
269,26,ok,1.5126100043222488,0.5176976590733309,0.30127860073206414,0.07511907985320328,15.000000000001679,0.24227004198473878,
270,26,ok,1.8627263885481717,0.1373569599621147,0.01762112346417041,0.10336718897803829,15.000000000001679,0.2490723750088364,
271,27,ok,1.7175303037525143,0.3122666131857174,-0.3185378460098515,0.08767974489157096,15.000000000001679,0.20427712498349138,
272,27,ok,1.7222119361068857,0.30020695285999527,-0.2769793309319768,0.07571334911962345,15.000000000001679,0.24250129098072648,
273,27,ok,1.5248086990406968,0.47701237549580966,0.07450009582051577,0.08599960433769234,15.000000000001679,0.2512342089903541,
274,27,ok,1.601143522387922,0.3991268828323101,0.029425193535576398,0.07893610480498728,15.000000000001679,0.23577037500217557,
275,27,ok,1.4888402446750508,0.5154801238980813,-0.11334024714287853,0.07852913521678452,15.000000000001679,0.2721543340012431,
276,27,ok,1.8639209357957816,0.13695312787415068,0.0570754514648064,0.07549532131478705,15.000000000001679,0.26887408300535753,
277,27,ok,1.9975730468538773,0.0038337939162263837,-0.07495702239413707,0.10780859624960329,15.000000000001679,0.24581254200893454,
278,27,ok,2.0981548297378496,-0.08368982874284693,-0.2459479358438914,0.07504240988452511,15.000000000001679,0.2615636669797823,
279,27,ok,1.819357250308885,0.18668946303361544,-0.14820830198807491,0.07506057482843086,15.000000000001679,0.24576362501829863,
280,27,ok,1.7345681442766612,0.27105935644061635,0.13960980691858407,0.08655278998876875,15.000000000001679,0.20933266598149203,
281,28,ok,2.0861117900422306,-0.014228399949115664,-0.5429054737167649,0.08275473633681754,15.000000000001679,0.2586340830021072,
282,28,ok,1.9630298636269052,0.03986387767115383,-0.10654870920241112,0.07499943459242578,15.000000000001679,0.2723852499912027,
283,28,ok,1.9655940821975284,0.0357276089042515,-0.07206989349884406,0.07498720467418195,15.000000000001679,0.2379075000062585,
284,28,ok,2.0749490843634435,-0.07468157772070508,-0.03331746939697481,0.14562412739794955,15.000000000001679,0.22789300000295043,
285,28,ok,1.73609425221807,0.2795091270380079,-0.23223782775228932,0.0953368130279127,15.000000000001679,0.24254737500450574,
286,28,ok,2.003637369719782,-0.002626842620089735,-0.06362734125433578,0.0751699785923198,15.000000000001679,0.2827420420071576,
287,28,ok,1.9204526242158202,0.08501051384907879,-0.1447534102840469,0.07500232785411014,15.000000000001679,0.26690400001825765,
288,28,ok,1.6884111442417002,0.3546893985340069,-0.37905832889303476,0.08114598499138552,15.000000000001679,0.22940645800554194,
289,28,ok,2.0741135060037497,-0.07400059646198297,0.021641664966114107,0.07499116046829377,15.000000000001679,0.25455295798019506,
290,28,ok,1.5705658836036518,0.48277186520816623,0.405827527079932,0.08606717648946323,15.000000000001679,0.2504622080014087,
291,29,ok,1.7622528018542745,0.24379377575886602,-0.14585827223692083,0.0763299189128409,15.000000000001679,0.23345262501970865,
292,29,ok,1.9286559151830946,0.07155142194880619,-0.02827933844822917,0.08263712463159094,15.000000000001679,0.2565373749821447,
293,29,ok,1.9983022615379975,0.006973210906789527,-0.1451073617177374,0.10051059749597067,15.000000000001679,0.22331883301376365,
294,29,ok,1.322379313306548,0.727420959415431,0.3594852343642994,0.08130477128585364,15.000000000001679,0.2294519169954583,
295,29,ok,1.8827839325128106,0.131902267446549,-0.234704491130995,0.07928440208584864,15.000000000001679,0.2603922499984037,
296,29,ok,1.795225635969804,0.21988406264382349,-0.2324270500904068,0.07960568473227189,15.000000000001679,0.2083625000086613,
297,29,ok,1.5915233175502497,0.5275694369767749,-0.604065151603088,0.09800131142948114,15.000000000001679,0.24228649999713525,
298,29,ok,1.9275804656276254,0.08580196086049538,-0.22674284646640727,0.0749867537344206,15.000000000001679,0.29807333400822245,
299,29,ok,1.9517707856673903,0.04959342849667534,-0.07296167227626003,0.10534709959568288,15.000000000001679,0.2174447080178652,
300,29,ok,1.9064044472403974,0.10016351927608076,-0.15811155229305296,0.11709755177996575,15.000000000001679,0.21216887500486337,
301,30,ok,2.211731195662783,-0.21136204674837566,-0.0404076733895818,0.11326285762435744,15.000000000001679,0.20642345797386952,
302,30,ok,1.7286812245363656,0.27160465449774013,-0.03143732989095447,0.07902801825667366,15.000000000001679,0.2745692919997964,
303,30,ok,2.0002193868836677,-0.0002156687492830788,0.0038567026245211935,0.07520514071029794,15.000000000001679,0.2787351669976488,
304,30,ok,1.9959162158695263,0.004159834628291637,0.017423405521329056,0.11736558853676818,15.000000000001679,0.20626400000764988,
305,30,ok,1.310515317804218,0.7202291109419217,-0.28220005265588827,0.07833311428468001,15.000000000001679,0.23720412500551902,
306,30,ok,1.9400622284132854,0.060687012728333635,0.05391277692132033,0.10071601274049209,15.000000000001679,0.24756458299816586,
307,30,ok,1.7414764812307353,0.265995764030631,-0.16115099850782238,0.07490599167875818,15.000000000001679,0.2485159169882536,
308,30,ok,1.2529434997966173,0.8040772823973166,-0.37367936416720754,0.09259586086302558,15.000000000001679,0.23832395899808034,
309,30,ok,1.749537713690654,0.28258298902961265,-0.3337079891993304,0.10610557723437088,15.000000000001679,0.24945408300845884,
310,30,ok,1.7068298004383051,0.29687041242138057,-0.11232798217072262,0.07499468328297335,15.000000000001679,0.29552316601620987,
311,31,ok,1.9302061491637068,0.07346679031953653,-0.11901920125625882,0.07564839217023826,15.000000000001679,0.23323420798988082,
312,31,ok,2.0394625154292956,-0.036845412341134,-0.10328658221697905,0.087447020682448,15.000000000001679,0.25076287501724437,
313,31,ok,1.5916445409456408,0.41162683375576714,-0.10199524242497889,0.09835793460203271,15.000000000001679,0.23363750000135042,
314,31,ok,1.7649503599952105,0.23743574316854446,-0.09174428476696503,0.07818593868744682,15.000000000001679,0.27184875000966713,
315,31,ok,1.67842687459002,0.36906292932465795,-0.3964354232948374,0.07506780798695704,15.000000000001679,0.256298541004071,
316,31,ok,1.9503354927915455,0.04982656189686084,-0.02514151466045805,0.1168222726093334,15.000000000001679,0.2415215420187451,
317,31,ok,1.6330539011522973,0.3692030068197218,-0.08582663399493792,0.07520450537677865,15.000000000001679,0.28419670899165794,
318,31,ok,1.9005457342594259,0.10017877955449175,-0.052473025038008415,0.07607564525678187,15.000000000001679,0.24978037498658523,
319,31,ok,1.6573149435602068,0.3427552960899726,0.015258227621114092,0.07510990299798932,15.000000000001679,0.2478291250008624,
320,31,ok,1.9701969165707305,0.030257614384695233,-0.042318132937817846,0.1043848150589822,15.000000000001679,0.24955791601678357,
321,32,ok,1.9657173926676041,0.034501129587711635,-0.02930969539149047,0.0840560094156605,15.000000000001679,0.30441091701504774,
322,32,ok,1.8870372990691398,0.11307488857373298,-0.02057649015559987,0.07659457580399268,15.000000000001679,0.2658735000004526,
323,32,ok,1.8304568041557603,0.20491070874272937,-0.35808734729614283,0.09167398291044124,15.000000000001679,0.23709908398450352,
324,32,ok,1.871106008083506,0.13550727814472255,-0.15717691826375943,0.09787645524647745,15.000000000001679,0.25941416699788533,
325,32,ok,1.842325200224507,0.16417594807306368,-0.1546356807106143,0.10659087625011855,15.000000000001679,0.22152141699916683,
326,32,ok,1.8671972700551793,0.17089525681270987,0.3752352378858774,0.07584003123325932,15.000000000001679,0.23665900001651607,
327,32,ok,1.779132993588533,0.27304157505568166,-0.42770177389056224,0.10636088677238485,15.000000000001679,0.2530394170025829,
328,32,ok,1.7279043037948352,0.2729359076462715,0.05387860405676508,0.0831426910993482,15.000000000001679,0.2594060839910526,
329,32,ok,1.8668683945551903,0.14032603774427233,-0.16373868418048187,0.10384898965795414,15.000000000001679,0.25089108300744556,
330,32,ok,2.091276088564973,-0.0866441445301669,-0.13911108044141887,0.0750963117254631,15.000000000001679,0.2753319590119645,
331,33,ok,1.9199471059441058,0.08696992721939437,-0.16282760902309643,0.07499545418996027,15.000000000001679,0.25912100001005456,
332,33,ok,1.4110225950007322,0.6304479957267072,-0.339576311296307,0.0870599154945323,15.000000000001679,0.2733820000139531,
333,33,ok,1.6439429007103035,0.4062315484359054,-0.40305134114005225,0.10308500693703045,15.000000000001679,0.23102462498354726,
334,33,ok,1.9260851184164274,0.07729123541063798,-0.11399513128406816,0.07507072880263865,15.000000000001679,0.2295949579856824,
335,33,ok,1.8649459120927299,0.13549296451120152,-0.0404570098271821,0.07493270908720238,15.000000000001679,0.23390062499674968,
336,33,ok,1.9396473799836147,0.0603544452704826,0.002660957595192473,0.1062668135225136,15.000000000001679,0.2379084579879418,
337,33,ok,1.8756688002816722,0.14565636179442548,-0.28203389831117975,0.10040441982484567,15.000000000001679,0.2562792079988867,
338,33,ok,1.8998805551168738,0.10026675199778522,-0.023658194059470995,0.07488848430923403,15.000000000001679,0.2709103749948554,
339,33,ok,1.4706624217380329,0.5857240211740111,-0.4033254448062595,0.104141611770539,15.000000000001679,0.2115616250084713,
340,33,ok,1.19834738307545,0.8062892490542647,-0.10531426114419945,0.10936195306493804,15.000000000001679,0.23977204199763946,
341,34,ok,1.9139493585553304,0.08620308619955938,-0.024156155370199772,0.07512560354832473,15.000000000001679,0.25059650000184774,
342,34,ok,1.5950013620722554,0.4427399874488105,-0.34492114797648893,0.07501544045725093,15.000000000001679,0.2175560420146212,
343,34,ok,2.074493928465116,-0.0680715077232944,-0.16311130611251312,0.10855638919573173,15.000000000001679,0.24350095802219585,
344,34,ok,1.5352473857989064,0.5238780869928669,-0.42195809453373195,0.07811005927414917,15.000000000001679,0.21023558301385492,
345,34,ok,1.9412873335484584,0.0618912416689707,-0.11104482102394042,0.10588783986701836,15.000000000001679,0.25128345799748786,
346,34,ok,1.9414502477763333,0.059776083028803696,0.06899432298192809,0.07503700489087707,15.000000000001679,0.27362516600987874,
347,34,ok,1.933035875293688,0.06714574642503308,0.026497728385506184,0.093049799586494,15.000000000001679,0.24548179199337028,
348,34,ok,1.9287941780643136,0.08456758818829324,0.2266399283356305,0.09818614524363144,15.000000000001679,0.26621591701405123,
349,34,ok,1.7086538963152935,0.292445696534739,-0.06128978798055574,0.07847279966331051,15.000000000001679,0.25968541600741446,
350,34,ok,1.8219547964043254,0.18334391515005596,-0.13885225788009392,0.0749962792223637,15.000000000001679,0.2292899170133751,
351,35,ok,1.4024393955181873,0.709910448452751,0.5500047336978443,0.09276187075600777,15.000000000001679,0.23144274999503978,
352,35,ok,1.8519040369802988,0.17052266164574878,-0.28733470140616946,0.09962177714812742,15.000000000001679,0.22078716699616052,
353,35,ok,1.6606670768802927,0.34508946881739166,-0.13815308181518451,0.10078147683096517,15.000000000001679,0.21690374999889173,
354,35,ok,1.9656478485699214,0.034355348613891876,-0.0035452876817427645,0.08025333363032248,15.000000000001679,0.22872737498255447,
355,35,ok,2.013000422784067,-0.011665361690750935,-0.07330194201011477,0.07499210751457948,15.000000000001679,0.3594257080112584,
356,35,ok,1.7474840380534475,0.2539701024135443,-0.07127453953420874,0.07509417050878071,15.000000000001679,0.21786529198288918,
357,35,ok,1.8705591166925617,0.1295048157885121,0.015465279929197152,0.09045724544683842,15.000000000001679,0.2595445000042673,
358,35,ok,1.9636669742675388,0.03816877401930709,-0.0848894963827798,0.11732262174757149,15.000000000001679,0.2470167920109816,
359,35,ok,2.3408829043306985,-0.33670969543096096,-0.1397160372565445,0.11389381268642221,15.000000000001679,0.19719416700536385,
360,35,ok,1.840507736718439,0.16822680865127926,-0.17909691336411712,0.09818426488305686,15.000000000001679,0.2528894169954583,
361,36,ok,1.4887692414864482,0.6043149859850516,-0.5181671506861736,0.08116978350107427,15.000000000001679,0.23681245901389048,
362,36,ok,1.870456885082364,0.15533254445382563,-0.309533418875608,0.09202219163221043,15.000000000001679,0.22568487501121126,
363,36,ok,2.0767174399943915,-0.06996126537595478,-0.16737886790164172,0.09123322654313935,15.000000000001679,0.2589107910171151,
364,36,ok,1.6886598339445846,0.3114704524306227,0.020976218984984862,0.07821429408062534,15.000000000001679,0.24128583300625905,
365,36,ok,2.0019499619608023,-0.0015024624228432936,0.0423266241289282,0.09341336623726024,15.000000000001679,0.2331851659982931,
366,36,ok,1.593895608307468,0.4854966024358195,-0.49677225058208196,0.08328674726633654,15.000000000001679,0.24571429201751016,
367,36,ok,1.9898857829407715,0.013008186868461563,0.10727983826445751,0.10909650274533156,15.000000000001679,0.2389424169959966,
368,36,ok,1.7294534689194025,0.28453787742490594,-0.21954272287531626,0.07737051074158068,15.000000000001679,0.2354918750061188,
369,36,ok,1.9372975349285557,0.0632230624119154,-0.044909162396777384,0.08859029995756944,15.000000000001679,0.2686682500061579,
370,36,ok,1.7593880721206383,0.2503819671438983,0.18515703450077473,0.1006038730473137,15.000000000001679,0.23269304202403873,
371,37,ok,1.6961105278469772,0.31178964307155554,-0.16351364907213778,0.08564969180516659,15.000000000001679,0.23793104200740345,
372,37,ok,1.561113672380328,0.5956939712770977,-0.6819094337119154,0.08613296251163162,15.000000000001679,0.2525414580013603,
373,37,ok,1.950275536608502,0.05690519851863055,-0.16720424979544624,0.11426452541924245,15.000000000001679,0.23577216698322445,
374,37,ok,1.7835767962502123,0.23777436203410657,-0.2751490305595707,0.07499970790845256,15.000000000001679,0.2416564580053091,
375,37,ok,1.8036368072581883,0.19895198656027252,0.09660116863331442,0.0806723240911139,15.000000000001679,0.2438577080029063,
376,37,ok,2.0345619648298072,-0.021580452525671437,-0.2294664740179428,0.09950655576366117,15.000000000001679,0.25496991601539776,
377,37,ok,1.6937607718765602,0.3260341400230903,0.25819343907165077,0.0786595014170261,15.000000000001679,0.2854530829936266,
378,37,ok,1.6668003490067624,0.3334126317073111,0.026644836203566738,0.12094052070686047,15.000000000001679,0.24197616701712832,
379,37,ok,1.6359689072369916,0.3680752208549818,0.11495990891906663,0.07497102762190341,15.000000000001679,0.27975337498355657,
380,37,ok,1.7302150243352274,0.2856740332099023,-0.23394552790029788,0.09328561156993484,15.000000000001679,0.2556009170075413,
381,38,ok,1.9001095132970989,0.10997183964021005,-0.19547305586480648,0.07570952425950855,15.000000000001679,0.28483237500768155,
382,38,ok,1.9481302545240515,0.1064814354475119,-0.45803813628019047,0.10721983901965054,15.000000000001679,0.2453572090016678,
383,38,ok,1.9579573882104688,0.04385331064808484,0.08418588828006267,0.08822215533067758,15.000000000001679,0.29180491698207334,
384,38,ok,1.4880692208361779,0.658874137771042,-0.6447723843812043,0.10378253587044978,15.000000000001679,0.27175020799040794,
385,38,ok,1.7893389722162727,0.21902621165007705,-0.17281875680177403,0.07555793886445723,15.000000000001679,0.22983608400681987,
386,38,ok,1.3803051890529325,0.7532064466880795,-0.5922400276461282,0.08911286322456766,15.000000000001679,0.26753074998850934,
387,38,ok,1.5086354345550168,0.5283834605789027,-0.3321530299384286,0.08372564499735136,15.000000000001679,0.22332141699735075,
388,38,ok,1.9580083950702067,0.04906431674644071,-0.1662733742166034,0.0857167075425514,15.000000000001679,0.23288808300276287,
389,38,ok,1.892290340182749,0.12019050498431702,0.21697694347056104,0.11687552304135941,15.000000000001679,0.22302812500856817,
390,38,ok,1.8630604002674882,0.1369989218323728,-0.014867339745641348,0.07821466018320268,15.000000000001679,0.25213766598608345,
391,39,ok,2.061851235140304,-0.027114800770437965,-0.37687677077132864,0.07682460654683725,15.000000000001679,0.26948029099730775,
392,39,ok,1.7634453165563033,0.33432351906192753,-0.5790174827534311,0.1142388284796043,15.000000000001679,0.20419433299684897,
393,39,ok,1.7730135236980225,0.2286397973614247,-0.07655055665574034,0.07508002881273267,15.000000000001679,0.2664351660059765,
394,39,ok,1.893844815174588,0.11884207286068026,-0.21884477860932997,0.07508192023732829,15.000000000001679,0.2920153329905588,
395,39,ok,1.3771146985653187,0.6422118100222847,-0.229904597956822,0.08294747927708139,15.000000000001679,0.24407695801346563,
396,39,ok,1.5341370819057645,0.7096905360346165,-0.8298662984358982,0.1061887052984106,15.000000000001679,0.24173366697505116,
397,39,ok,1.8219508339871147,0.1897166927459875,-0.20586206290576473,0.09311001005132372,15.000000000001679,0.22877725001308136,
398,39,ok,1.941681972212461,0.060608236871851795,0.09427868436483565,0.0972412170694664,15.000000000001679,0.22673850000137463,
399,39,ok,1.8308353509375583,0.17181531911953205,-0.09848276416019934,0.11725055193619181,15.000000000001679,0.2717278340132907,
400,39,ok,1.78243910799526,0.2239044107457372,0.15024523800270778,0.08003985942202274,15.000000000001679,0.2562875419971533,
401,40,ok,2.199914604368307,-0.17508828884370162,-0.3295682057601182,0.08085152421542792,15.000000000001679,0.22912412500591017,
402,40,ok,1.9940462842504405,0.00595712549620393,0.003687597270078896,0.11999024277176362,15.000000000001679,0.2624821250210516,
403,40,ok,1.8667122336506368,0.1449485530449764,-0.20832352822238323,0.0781630492054351,15.000000000001679,0.23892308401991613,
404,40,ok,1.747333005922151,0.25627403471625554,0.11221582589017111,0.0827766988456712,15.000000000001679,0.25332262497977354,
405,40,ok,1.8860830678745766,0.1211486226449128,-0.16500557788773737,0.08194620769789927,15.000000000001679,0.24573495899676345,
406,40,ok,1.8665138241540624,0.13954717498884675,0.15029684516396843,0.07519606424660177,15.000000000001679,0.22658149999915622,
407,40,ok,1.6152191792482655,0.38550132461576914,0.048239239152416985,0.07527488199662742,15.000000000001679,0.22808708401862532,
408,40,ok,1.9326228018062162,0.06737746316317497,0.0010120136875474862,0.07762906634377674,15.000000000001679,0.26783641599467956,
409,40,ok,1.7804964300618125,0.23286037896733833,0.21768118255696547,0.07500384305238467,15.000000000001679,0.2471641250012908,
410,40,ok,2.10302830186936,-0.08759911891053526,-0.25427928973371067,0.10134809037347066,15.000000000001679,0.23641954199410975,
411,41,ok,2.1389223473817576,-0.1385693389654656,0.03885859706552909,0.07361206332780071,15.000000000001679,0.23311566599295475,
412,41,ok,1.7403429424285992,0.26276970090327284,-0.10404059381477376,0.07499266407276912,15.000000000001679,0.2601104580098763,
413,41,ok,1.3152989260175083,0.7235357980999308,-0.31725448152930824,0.08824380350379417,15.000000000001679,0.25202558300225064,
414,41,ok,2.0066219039940254,0.0034825190921779327,-0.20112039682262653,0.07504133143363458,15.000000000001679,0.26675379200605676,
415,41,ok,1.4775821870574843,0.6459354056492844,-0.591403579491544,0.08001671668227522,15.000000000001679,0.222871625010157,
416,41,ok,1.6641917290117858,0.38620295011369316,-0.40643965442546337,0.1033860933548687,15.000000000001679,0.25311324998619966,
417,41,ok,1.6268436930730985,0.3745257460527336,-0.0667371818875757,0.0823188096316195,15.000000000001679,0.245150000002468,
418,41,ok,1.9180100740654649,0.08215188971359878,-0.024925290118478247,0.0816985325889529,15.000000000001679,0.25572850002208725,
419,41,ok,1.8963814689535108,0.10407899142063812,-0.041787617994941066,0.07685634890756236,15.000000000001679,0.26152874997933395,
420,41,ok,1.7614570388078137,0.23854603454495207,0.0032904632316608793,0.10051197047158568,15.000000000001679,0.28919266699813306,
421,42,ok,1.9805384301014355,0.0194615710322394,-6.701174106326846e-05,0.10124007757089327,15.000000000001679,0.24944316601613536,
422,42,ok,1.8012509138824524,0.2002764891588172,-0.07416292394354675,0.07715586947922602,15.000000000001679,0.2416232499817852,
423,42,ok,2.086938393243202,-0.08579510697147696,-0.0690697395851644,0.07503259730032825,15.000000000001679,0.244287333014654,
424,42,ok,1.8558584260097393,0.14576672103044036,-0.07764949808686354,0.07594051652269145,15.000000000001679,0.25402404100168496,
425,42,ok,1.2957946798802848,0.7149619927957104,0.1666168432256411,0.1117917135950129,15.000000000001679,0.24530987499747425,
426,42,ok,1.5836631459727415,0.426547725661444,-0.17954637365067197,0.07555768720881027,15.000000000001679,0.2582211249973625,
427,42,ok,2.034861480849647,-0.029215033103720218,-0.1514846384010104,0.07503121936047535,15.000000000001679,0.2621907090069726,
428,42,ok,1.9489839051552473,0.05112367756932964,-0.020477852018787383,0.09470110328383187,15.000000000001679,0.25650529097765684,
429,42,ok,1.7337619218234765,0.2733507440937888,-0.15688450734078965,0.07554290137378301,15.000000000001679,0.23941954100155272,
430,42,ok,1.8020578278896748,0.20124350745323286,0.10902979216390866,0.07499672935927308,15.000000000001679,0.2560782079817727,
431,43,ok,1.9754089472621439,0.02472504783932081,0.023008091836542354,0.08861062309015841,15.000000000001679,0.19926120800664648,
432,43,ok,2.107648370583394,-0.10628174367694708,-0.07588722076894709,0.07499587623136697,15.000000000001679,0.2464930000132881,
433,43,ok,1.8528378824731015,0.16075980169877463,-0.22406184789087957,0.07894443941368753,15.000000000001679,0.2105871660169214,
434,43,ok,1.8498432156066933,0.15034760280095724,0.026569378275488414,0.1313769477153939,15.000000000001679,0.24638779199449345,
435,43,ok,1.2680196717581185,0.9083735951681796,0.6451555473213584,0.10604710160321446,15.000000000001679,0.2233752089960035,
436,43,ok,1.9383680703095794,0.06167098359341162,-0.012304476906824829,0.07602062933700851,15.000000000001679,0.23439450000296347,
437,43,ok,1.5670013585073814,0.44177188327429995,-0.1655850047844224,0.08982074896423357,15.000000000001679,0.259193707985105,
438,43,ok,1.764998678301042,0.24178747796146563,-0.15462555335817557,0.10442968114863066,15.000000000001679,0.3018047910009045,
439,43,ok,1.9515417225111884,0.05007899488084562,-0.07951835320881608,0.09601577204368783,15.000000000001679,0.25172649999149144,
440,43,ok,2.128933360036076,-0.12781562908382701,0.06897753330682298,0.0830656390836072,15.000000000001679,0.27136279101250693,
441,44,ok,1.7911290880057968,0.22951018512487326,-0.2711258477606235,0.07501558628530221,15.000000000001679,0.27511391701409593,
442,44,ok,1.907426202401473,0.09841553453277296,-0.14916848963982016,0.07966744765866977,15.000000000001679,0.30063829201390035,
443,44,ok,2.377108680338423,-0.32001748209093756,-0.5178460784178115,0.11738781317787371,15.000000000001679,0.2423772499896586,
444,44,ok,1.807900584280145,0.20081898047904198,0.17734762934985995,0.07859215231075016,15.000000000001679,0.2543286669824738,
445,44,ok,1.9331780779241357,0.06745000653761947,-0.04927477787883864,0.10088945066553648,15.000000000001679,0.2719342499913182,
446,44,ok,1.9993394254966026,0.0014659419883832328,0.05674290539534008,0.12763895455233254,15.000000000001679,0.27236674999585375,
447,44,ok,1.9176075451939645,0.08239278400922771,0.0011236391513732235,0.0763781997316893,15.000000000001679,0.278379124996718,
448,44,ok,1.8608082908135803,0.14658388195379174,-0.16569909030251798,0.1013332610544178,15.000000000001679,0.2372176669887267,
449,44,ok,1.9889211303645418,0.021327145274074533,-0.20164572095961328,0.08013577863466467,15.000000000001679,0.21393112500663847,
450,44,ok,2.0336817360309216,-0.029554801714674554,-0.1294940550861349,0.07506409436302286,15.000000000001679,0.2820499999797903,
451,45,ok,1.8077510906277183,0.19228065740907826,-0.010713733632633332,0.07522576742652351,15.000000000001679,0.23445970797911286,
452,45,ok,1.6647250398983091,0.3353751093551226,0.018260118015969103,0.11449559287049522,15.000000000001679,0.2407071250199806,
453,45,ok,1.8727386184549764,0.12726307797237493,-0.002520699734328725,0.10316260722730226,15.000000000001679,0.2392811250174418,
454,45,ok,1.8930037971151898,0.1085474920750968,-0.07662105557299842,0.12764461979779457,15.000000000001679,0.23839741700794548,
455,45,ok,2.0086730707301066,-0.005340248622603655,0.11566327131181146,0.13838318362612415,15.000000000001679,0.2591534170205705,
456,45,ok,1.9959105229029555,0.07733193847935352,-0.5357297272349082,0.07623680116841641,15.000000000001679,0.2652826670091599,
457,45,ok,2.077964458799682,-0.07539214210593641,-0.10336221998191004,0.07496581794886793,15.000000000001679,0.3069585830089636,
458,45,ok,1.9632039475710872,0.03714309524535349,0.03691220957500783,0.10918154400038496,15.000000000001679,0.23713695799233392,
459,45,ok,1.9401804492475063,0.06060600463040642,-0.055236820750475445,0.07502019570531579,15.000000000001679,0.24416274999384768,
460,45,ok,1.9180129197758333,0.08501833992839249,-0.10779054697146359,0.1063734196951543,15.000000000001679,0.23981212498620152,
461,46,ok,1.741105826481399,0.2606095432480904,0.07726796210499509,0.07946574500733797,15.000000000001679,0.23801925001316704,
462,46,ok,1.2467674838032838,0.8853460805867749,0.558547937607782,0.10866631081274543,15.000000000001679,0.22259899997152388,
463,46,ok,1.271684305945456,0.8557700386056798,-0.554904288535895,0.08037598170190725,15.000000000001679,0.22842724999645725,
464,46,ok,1.3986360749991738,0.6015600221480043,-0.02342004770285964,0.08383688373002848,15.000000000001679,0.2718492079875432,
465,46,ok,1.5952695855681454,0.5499977019675569,-0.6651153180760432,0.08986818598951841,15.000000000001679,0.25654470798326656,
466,46,ok,1.7864123877703793,0.21810697142496444,-0.1269899755695514,0.13792551504346387,15.000000000001679,0.21896512500825338,
467,46,ok,2.021274027293167,-0.021157345587260835,-0.0217181442254438,0.11566901943028036,15.000000000001679,0.23300066599040292,
468,46,ok,1.845515100648881,0.2809116184805496,-0.6713129845667267,0.0980288750372918,15.000000000001679,0.24149712498183362,
469,46,ok,0.9192410897966015,1.0809663662125142,-0.019528469930154002,0.08960126085786778,15.000000000001679,0.2630065419944003,
470,46,ok,1.9520401425375378,0.08662824847051924,-0.38661254315784593,0.10701708224475509,15.000000000001679,0.23854958300944418,
471,47,ok,1.8530471352616786,0.14760780201303855,0.04926286977580542,0.10885643806196532,15.000000000001679,0.30489166598999873,
472,47,ok,1.9262127558477893,0.08249077009472781,0.18290416621505728,0.11431887683741997,15.000000000001679,0.23136262499610893,
473,47,ok,1.3999447563557033,0.6596050471886291,-0.40396372525962276,0.08691470564778203,15.000000000001679,0.22901283300598152,
474,47,ok,1.9960997807705687,0.006185274485438971,-0.09548389976120808,0.09198825912361357,15.000000000001679,0.21806654200190678,
475,47,ok,1.6945359314721884,0.35378681544014906,-0.40178871814876904,0.0992992601799599,15.000000000001679,0.24461020799935795,
476,47,ok,1.745893632121418,0.30015600743386683,0.3983402761696905,0.0842707919191443,15.000000000001679,0.21401270900969394,
477,47,ok,1.8687867039715675,0.13147165094271399,0.031073360136430122,0.07502593312645246,15.000000000001679,0.23027670799638145,
478,47,ok,1.723189896284384,0.37280269259817,-0.5671087562723929,0.09925796645571504,15.000000000001679,0.22105233400361612,
479,47,ok,1.5423091029765978,0.47095146323704523,0.201811648195899,0.08081259780189008,15.000000000001679,0.2615488750161603,
480,47,ok,1.7446576190867418,0.27323785134562517,-0.24924423726927883,0.07575815385359158,15.000000000001679,0.29083937499672174,
481,48,ok,1.7770898493774752,0.22537125736682176,0.09349416335067477,0.09347396709815949,15.000000000001679,0.21841883301385678,
482,48,ok,1.5663783774431066,0.43363084956627757,0.005376419890332724,0.09547100855382262,15.000000000001679,0.2254327499831561,
483,48,ok,1.9705669491223585,0.04613424816918914,-0.2560131340303068,0.10046608063118166,15.000000000001679,0.2446218749973923,
484,48,ok,1.788229447771463,0.2308420394666723,-0.26047009148573746,0.08234493989100533,15.000000000001679,0.22718575000180863,
485,48,ok,1.7273654533240421,0.2740470634254,0.06984175017056539,0.0777478442274747,15.000000000001679,0.2135948330105748,
486,48,ok,1.794175438936634,0.21079211396740222,0.13341906251441624,0.08664525721681286,15.000000000001679,0.26206854099291377,
487,48,ok,2.295623106987528,-0.2915302378063235,-0.13702050413849495,0.10847327412569911,15.000000000001679,0.2164262919977773,
488,48,ok,1.9541775071879404,0.04592656994986009,-0.020168281318779954,0.07737327721632008,15.000000000001679,0.24474679201375693,
489,48,ok,1.839348497496039,0.184621081652098,-0.29597682013789084,0.08269624914072302,15.000000000001679,0.21933766701840796,
490,48,ok,1.5102100983793154,0.4990400711549672,-0.16689467711216988,0.10744366785752638,15.000000000001679,0.24308283301070333,
491,49,ok,2.0642108431283654,-0.058524892615560424,-0.1531067319578505,0.08917472041776302,15.000000000001679,0.28017258300678805,
492,49,ok,1.8568264822125098,0.1432257896545923,-0.013932582024589172,0.10035721441217774,15.000000000001679,0.24628854199545458,
493,49,ok,1.4626436562225928,0.5374018949388408,-0.011543316668145414,0.07920561760352032,15.000000000001679,0.25999308400787413,
494,49,ok,1.6489749015365012,0.37153751870542756,-0.2592839619283033,0.09907086157424752,15.000000000001679,0.22107220900943503,
495,49,ok,1.7496913685118725,0.28737171626984587,-0.3582237384826074,0.09573949308574697,15.000000000001679,0.26244591700378805,
496,49,ok,1.9055673270947453,0.1064273012546766,-0.21346960593340752,0.088378812045513,15.000000000001679,0.22402533399872482,
497,49,ok,1.4427748372570273,0.5724205639777623,-0.20884488231333725,0.0895932819299656,15.000000000001679,0.2705052910023369,
498,49,ok,1.6320544423098908,0.3851557344950932,-0.23638887628094288,0.07787011779990387,15.000000000001679,0.2767607920104638,
499,49,ok,1.2939257874379544,0.7838038114782999,-0.4417134528426992,0.08637222436233807,15.000000000001679,0.28809008401003666,
500,49,ok,1.8216174879561977,0.2601819767934144,-0.5397439379496332,0.10851934364540326,15.000000000001679,0.23257137500331737,
501,50,ok,1.8191604590738075,0.18287186375278716,0.08596576246597472,0.0779205656677304,15.000000000001679,0.26964583300286904,
502,50,ok,1.535179293702533,0.4767376464548992,-0.19091167089847552,0.08335847947141382,15.000000000001679,0.23901250000926666,
503,50,ok,1.7374691994817089,0.26883707716367405,0.14789913368373536,0.08792046006374507,15.000000000001679,0.23106233301223256,
504,50,ok,1.8190038705845741,0.18751922403059867,0.15391074667812837,0.10105804901519391,15.000000000001679,0.27339329198002815,
505,50,ok,1.8681142508078699,0.13229757889421045,0.03922397566566325,0.0751085839949443,15.000000000001679,0.2549713329935912,
506,50,ok,1.2952175990466155,0.7364730616964144,-0.284760083335509,0.11033018199986322,15.000000000001679,0.20378708399948664,
507,50,ok,1.539500560376483,0.5100795626834339,-0.38755524234090477,0.1051745629679857,15.000000000001679,0.2291578330041375,
508,50,ok,1.2838389641933263,0.8245794458123882,0.5163613141728193,0.10429018900146701,15.000000000001679,0.211712082993472,
509,50,ok,1.8070635033591105,0.19910374981390522,-0.14916836540689232,0.10760340940362129,15.000000000001679,0.21129937501973473,
510,50,ok,1.8204140191082496,0.18504779971349208,-0.14091029643363454,0.10348783060314394,15.000000000001679,0.2287903329997789,
511,51,ok,1.8698662307301401,0.14004037665743285,-0.1922236207137857,0.08855350416235865,15.000000000001679,0.26535570799023844,
512,51,ok,1.7277999201135947,0.27346184383581257,0.06601938543876482,0.07867504599968723,15.000000000001679,0.24161516700405627,
513,51,ok,1.9011271423330334,0.09887721746189662,-0.004071489892546853,0.12624715491129412,15.000000000001679,0.2515635000017937,
514,51,ok,1.890418500292233,0.11070663748708962,-0.06521270284074408,0.08632692586576204,15.000000000001679,0.22905462500057183,
515,51,ok,1.8566378444913862,0.1440883620449847,-0.05192376816788783,0.10173685096029446,15.000000000001679,0.23478820899617858,
516,51,ok,1.6840672763871118,0.3220730595856195,0.14367941407710869,0.10832030840809993,15.000000000001679,0.26267500000540167,
517,51,ok,1.7412901219914199,0.2596340469596568,-0.056724231531787364,0.10710024599134134,15.000000000001679,0.23418866700376384,
518,51,ok,1.9416514624408259,0.06969834215952385,-0.2096328011951073,0.1142323061892654,15.000000000001679,0.21807170801912434,
519,51,ok,1.7642273155976926,0.24034361860286813,0.1269150917321978,0.10964803810010729,15.000000000001679,0.23612795898225158,
520,51,ok,1.7139047399861216,0.3099447407533509,-0.2849257419743549,0.08059393288900313,15.000000000001679,0.30306199999176897,
521,52,ok,1.896156401873272,0.10389576693230188,-0.014065479293263128,0.07745734081156613,15.000000000001679,0.25083224999252707,
522,52,ok,1.7318176976717263,0.27101075332738006,0.09893797480970161,0.07774597621062095,15.000000000001679,0.2811436250049155,
523,52,ok,1.581315939211341,0.429755257733653,0.18679279694018824,0.07508567552699164,15.000000000001679,0.22590745901106857,
524,52,ok,1.470107354741172,0.7653181019619979,-0.797982609535673,0.09664933465593237,15.000000000001679,0.213207541994052,
525,52,ok,1.7215843554391201,0.3785959455280677,-0.5787068213134435,0.10389511225554032,15.000000000001679,0.22503520900500007,
526,52,ok,1.7380632590044862,0.26362114666104947,0.07650078416988093,0.07590857105738139,15.000000000001679,0.291513333999319,
527,52,ok,1.761220357078715,0.25414250832184826,0.23211799787984763,0.09812578315730039,15.000000000001679,0.20380491600371897,
528,52,ok,1.7539498553530102,0.24620543635947445,0.023339315280962298,0.07581827838574584,15.000000000001679,0.22206179198110476,
529,52,ok,1.756712481888913,0.24965641428209118,-0.14945258766738662,0.11263346163833964,15.000000000001679,0.23945183301111683,
530,52,ok,1.8365705530103738,0.1806559359662195,0.250955320425523,0.10637680502876713,15.000000000001679,0.19360825000330806,
531,53,ok,1.8276995817303832,0.19533311335510428,0.28924589764564734,0.0942088361975472,15.000000000001679,0.26241533301072195,
532,53,ok,1.1224241726750186,0.8828390311654984,0.1085697615266678,0.09003444113597311,15.000000000001679,0.22550775000127032,
533,53,ok,1.6437816602646365,0.7561348161723712,-1.074624376739996,0.10591345483989896,15.000000000001679,0.24324708300991915,
534,53,ok,1.9375563201260204,0.06283256491320324,-0.038817806474954725,0.07974055255185111,15.000000000001679,0.2475487079937011,
535,53,ok,1.750189256997786,0.2525835283522728,-0.09847898214679991,0.0750339502903387,15.000000000001679,0.2671361660177354,
536,53,ok,1.80628109607316,0.19379903619062375,-0.017014004976370338,0.0830108514479172,15.000000000001679,0.2610431250068359,
537,53,ok,1.9076525389143932,0.09381746009816169,-0.07487545525675805,0.08336936789133885,15.000000000001679,0.24411770797451027,
538,53,ok,1.83986565378134,0.1703653046914522,0.1937588854412489,0.07567181662571915,15.000000000001679,0.26015874999575317,
539,53,ok,1.84307777812542,0.15700976276828296,0.017963342904744627,0.07527986141373397,15.000000000001679,0.2919896249950398,
540,53,ok,1.9455834821110953,0.061519868737150644,-0.16610197639613036,0.09816708457058541,15.000000000001679,0.19348187500145286,
541,54,ok,1.7918971485498691,0.20810469149270175,0.002567942890117445,0.07731520124196241,15.000000000001679,0.27964566700393334,
542,54,ok,1.7216202212274327,0.3050887409642311,-0.30207947651732153,0.07511404678542742,15.000000000001679,0.2349380000086967,
543,54,ok,2.0320582528745668,-0.0263701972226686,-0.1519360618266804,0.11504235610379789,15.000000000001679,0.271559624990914,
544,54,ok,1.5502683857247057,0.4938067747031279,0.3670341071988959,0.09902171372470965,15.000000000001679,0.20958175000851043,
545,54,ok,1.8053582251818863,0.20050291213124155,0.14535663721945621,0.078384832834432,15.000000000001679,0.2622123330074828,
546,54,ok,1.7030320519716857,0.604701314751781,-0.9764526353016217,0.10614923850278875,15.000000000001679,0.2115231249772478,
547,54,ok,2.0078074773020997,-0.006380370342190229,-0.07568801368615977,0.07505429658736501,15.000000000001679,0.2816980420029722,
548,54,ok,1.4581805501664664,0.6327055147252241,-0.5067507349979519,0.0840335284266762,15.000000000001679,0.21370483399368823,
549,54,ok,2.161567560430046,-0.16110779347773468,-0.04458052571805137,0.1119078699193405,15.000000000001679,0.20050954198813997,
550,54,ok,2.01989022469211,-0.01988406763083305,-0.004987297651211172,0.09201361851535904,15.000000000001679,0.2335281669802498,
551,55,ok,1.644174081341899,0.35645458068598485,0.04546278047365722,0.10504219276998902,15.000000000001679,0.21684649999951944,
552,55,ok,1.584066828607152,0.4227636810471543,-0.14694662864318273,0.0751478454813439,15.000000000001679,0.2603597920096945,
553,55,ok,1.9098812496655462,0.09306350463703977,-0.10601693485881918,0.07565786400145423,15.000000000001679,0.26158724998822436,
554,55,ok,1.9376785973790631,0.062348160173106994,-0.010183042588037271,0.09114312343030363,15.000000000001679,0.24225279098027386,
555,55,ok,1.9707703509745413,0.029642474960303016,-0.040336085578010605,0.10718232118712935,15.000000000001679,0.23596120902220719,
556,55,ok,1.4906148027995445,0.5265006298094295,-0.22523786620618838,0.07502270989510537,15.000000000001679,0.2592802080034744,
557,55,ok,1.7905073715228959,0.3428877083464085,-0.6781559557567949,0.109784027529025,15.000000000001679,0.24053458397975191,
558,55,ok,1.8458070343439805,0.15421900953164663,0.009805266920653012,0.07562924798248237,15.000000000001679,0.27045533299678937,
559,55,ok,1.70303841566299,0.31650126315267496,0.2572388933605654,0.08349199518794737,15.000000000001679,0.25648391697905026,
560,55,ok,1.9467612991393757,0.053658571856505854,0.040430198109498355,0.10985981837559847,15.000000000001679,0.21670083398930728,
561,56,ok,2.055286262831615,-0.037594601481879465,-0.26909080659927276,0.07503940694605395,15.000000000001679,0.26556708398857154,
562,56,ok,2.134587067594451,-0.13321956829292722,-0.0763951738895399,0.07457707085837721,15.000000000001679,0.22857925001881085,
563,56,ok,1.8527010380060533,0.1476385946586262,0.03547337354182969,0.07591628847822657,15.000000000001679,0.24902725001447834,
564,56,ok,1.897222384186574,0.10316187000465657,-0.03818224265751369,0.07795387723452933,15.000000000001679,0.28829137500724755,
565,56,ok,1.768283791237518,0.275900538330874,-0.3928213495032573,0.10146100263195224,15.000000000001679,0.1891212920018006,
566,56,ok,1.978561656683345,0.021445551629773997,-0.005340798810437688,0.07665673079725321,15.000000000001679,0.24502075000782497,
567,56,ok,1.9158773694800735,0.08665136518056954,0.09840272618433159,0.08264166572926365,15.000000000001679,0.2142059580073692,
568,56,ok,1.3898281816205622,0.6478093264629531,-0.32125185886800167,0.08438929185425151,15.000000000001679,0.27164199997787364,
569,56,ok,2.010043808744024,-0.01003275204560022,0.006666991388456663,0.09155255444901837,15.000000000001679,0.22254700001212768,
570,56,ok,1.4624261002706385,0.5616584767719112,0.2643175387875148,0.07518269931076284,15.000000000001679,0.24289954200503416,
571,57,ok,1.1890066353582602,0.8918840328775395,-0.4310635479070629,0.09703462395523674,15.000000000001679,0.24962937500094995,
572,57,ok,1.8536047959056923,0.14974047408003074,-0.11131229108680674,0.10931911391579936,15.000000000001679,0.21700524998595938,
573,57,ok,1.665257747402947,0.34135302377989657,0.14823485946782236,0.09216957959436287,15.000000000001679,0.20318112501990981,
574,57,ok,1.7469797965746139,0.25625878044351486,0.1063248271079774,0.07513024009643651,15.000000000001679,0.2810054160072468,
575,57,ok,1.7919162532981987,0.21022608762175563,0.08759681161164654,0.08495429854025544,15.000000000001679,0.21306491701398045,
576,57,ok,2.014073671962326,0.012721451952662312,0.32743965636842687,0.09594512274912233,15.000000000001679,0.2334195839939639,
577,57,ok,1.7879309741934986,0.22317694127413282,-0.19898991547454514,0.07504786579117907,15.000000000001679,0.2734470420109574,
578,57,ok,1.82612879401498,0.17651226190383032,0.09817760102752562,0.07482739040513135,15.000000000001679,0.2731338750163559,
579,57,ok,2.1372533517139365,-0.12933233673034789,-0.18383603881429658,0.11564043212787797,15.000000000001679,0.2359709159936756,
580,57,ok,1.981639075467014,0.01897664349003089,-0.04939520604003341,0.09928051894267004,15.000000000001679,0.2749673329817597,
581,58,ok,1.7306823088376613,0.2706557985458909,0.06804327314810739,0.10915586232579477,15.000000000001679,0.2249147500260733,
582,58,ok,1.9507328641523711,0.050787032029422176,-0.07699034211798185,0.12747534380049064,15.000000000001679,0.2572462920215912,
583,58,ok,1.8312246613014072,0.18422416363695393,0.23736442917702236,0.07493326348135992,15.000000000001679,0.2510847089870367,
584,58,ok,1.5695806181816263,0.4319503903598961,0.06930900864197484,0.09498762891040942,15.000000000001679,0.24060804100008681,
585,58,ok,1.8484105805671271,0.16882708394507787,0.2518480213529913,0.08999641588186713,15.000000000001679,0.2618850000144448,
586,58,ok,2.0483331440889567,-0.0476864397557697,-0.05146759770662147,0.07504434664081386,15.000000000001679,0.26809041600790806,
587,58,ok,1.7289234266554392,0.2980079654320189,-0.30397258018632234,0.08407090177176033,15.000000000001679,0.2441152080136817,
588,58,ok,1.9661535691346868,0.033880508364314166,0.011575924641217969,0.10666304950485955,15.000000000001679,0.2761802089808043,
589,58,ok,1.449048967706217,0.5678644793517984,0.22075045030114435,0.08042190244717412,15.000000000001679,0.24002395800198428,
590,58,ok,1.927497388679593,0.0725036014427331,0.0019536927639337825,0.08611726147102337,15.000000000001679,0.23687112500192598,
591,59,ok,1.6680755462259493,0.34790212250495023,-0.2303228844325952,0.0781925834020068,15.000000000001679,0.22176741698058322,
592,59,ok,1.829903921311044,0.171477792179298,0.07109779698444399,0.11326322787890739,15.000000000001679,0.24130316701484844,
593,59,ok,1.9442668463491457,0.05722731408480644,-0.07620932143982183,0.11399576264561749,15.000000000001679,0.21493458398617804,
594,59,ok,1.6232893743348664,0.37674012286251424,-0.009785913553508,0.10441639339196403,15.000000000001679,0.2234798330173362,
595,59,ok,1.27634199607164,0.7278711024164334,-0.10361929776329507,0.0964216946470845,15.000000000001679,0.2090048330137506,
596,59,ok,1.7990090479243466,0.20532860295390049,-0.12485243745424172,0.08853047336006475,15.000000000001679,0.23650479098432697,
597,59,ok,1.858660482864808,0.1486221105185099,-0.16437366243502793,0.07511770639358754,15.000000000001679,0.2891832920140587,
598,59,ok,2.0650581270091184,-0.06463715349140124,-0.04169523173376062,0.07508624938151832,15.000000000001679,0.27932474997942336,
599,59,ok,1.9345808072154917,0.06581420897489942,0.03909252413376943,0.07498627326395753,15.000000000001679,0.23270291701192036,
600,59,ok,1.8985454690779542,0.10458331051042968,0.10895169278550641,0.10731953484711218,15.000000000001679,0.22901341700344346,
601,60,ok,1.2764934639293515,0.7279072447155613,-0.10590366097165578,0.08426383986923412,15.000000000001679,0.2178279579966329,
602,60,ok,1.838684291730236,0.1866669542933162,-0.30427485930263987,0.10488008797729442,15.000000000001679,0.24633170801098458,
603,60,ok,1.9026975241198683,0.10071644064855652,-0.11392905454355394,0.07765690977882607,15.000000000001679,0.29300516698276624,
604,60,ok,1.877239897698054,0.12831656075467693,0.14432857223779355,0.07699829012623749,15.000000000001679,0.2780958749935962,
605,60,ok,1.8040808257113545,0.19606477235627795,0.02291986399076942,0.07829226928096843,15.000000000001679,0.22045354099827819,
606,60,ok,2.1024028811868862,-0.09192883960561818,-0.20959867568573107,0.10746424226329461,15.000000000001679,0.2084247499878984,
607,60,ok,1.8947261382160139,0.10624365537177899,0.0606139094542474,0.09285972776085957,15.000000000001679,0.28064695801003836,
608,60,ok,2.1184213054099703,-0.11711378019300338,-0.07441820295984962,0.07505402307825249,15.000000000001679,0.2527292500017211,
609,60,ok,1.8955971914775234,0.11031557241607029,-0.1496043999495682,0.11479862964444126,15.000000000001679,0.21624091701232828,
610,60,ok,1.1427546507968787,0.9998838696494695,-0.5528615719423592,0.09984785702309727,15.000000000001679,0.23824591698939912,
611,61,ok,1.7984876289007692,0.2018359448122319,-0.03411424833984369,0.07632006669561359,15.000000000001679,0.24529495800379664,
612,61,ok,1.702214973363562,0.3211165594895924,-0.28086688790786535,0.10488357361680142,15.000000000001679,0.24147720797918737,
613,61,ok,1.3836627619888853,0.6321533642586705,-0.20861021069410096,0.08017024305686052,15.000000000001679,0.21436470898333937,
614,61,ok,1.6098360000131509,0.4273615144360502,-0.3440641519563867,0.0888475431760224,15.000000000001679,0.2719988749886397,
615,61,ok,1.8318099825979575,0.17567412905510035,-0.16541743845998358,0.10312187499522653,15.000000000001679,0.2382864170067478,
616,61,ok,1.7334895210209627,0.4252458963195322,-0.7246622885392985,0.10481194638445292,15.000000000001679,0.2310672499879729,
617,61,ok,1.7744901692646948,0.2372452652784662,0.20374274473919454,0.0750129251486636,15.000000000001679,0.2418818750011269,
618,61,ok,1.1691876040950995,0.8340934777195701,0.08753076529765089,0.08410682858069551,15.000000000001679,0.20328233297914267,
619,61,ok,1.7614353709881634,0.2677572552027841,-0.3193581676826442,0.0839631840989818,15.000000000001679,0.2858575000136625,
620,61,ok,1.2025433313631033,0.7994203725997747,-0.06869513867375324,0.07797009701723932,15.000000000001679,0.22307254100451246,
621,62,ok,2.077843105268864,-0.07595859763559866,-0.08847525651951153,0.08583182335907301,15.000000000001679,0.23836679200758226,
622,62,ok,1.6389998596506261,0.42789969532853445,-0.46348804945398225,0.10317143472919348,15.000000000001679,0.23096445799455978,
623,62,ok,1.7819407611728317,0.2540976999617561,0.3565642088746167,0.08292783756624147,15.000000000001679,0.26568020900595,
624,62,ok,1.6888109568560623,0.3456629544338708,-0.3394869477087736,0.08077262596159646,15.000000000001679,0.23613604198908433,
625,62,ok,1.7588035314369668,0.2412355023646437,0.01171768119547534,0.08053905955314204,15.000000000001679,0.24168379098409787,
626,62,ok,2.0814711012178937,-0.05794527999268,-0.3120627657396523,0.10054329250990317,15.000000000001679,0.2980260839976836,
627,62,ok,2.0046027579055625,0.012527319750477963,-0.26150442111820976,0.07673816017186641,15.000000000001679,0.19844537501921877,
628,62,ok,1.612982852721934,0.4063120450939292,-0.24874160400362175,0.07500013655451858,15.000000000001679,0.29979883300256915,
629,62,ok,1.873167678358896,0.12686423632043278,-0.010934444339838666,0.08615926995421302,15.000000000001679,0.24930091598071158,
630,62,ok,1.8079498418998867,0.19226373408292352,-0.02778891350898802,0.07514214855773305,15.000000000001679,0.2910437090031337,
631,63,ok,1.8531704250734682,0.14938547629936433,-0.09729598673762316,0.07498367786756427,15.000000000001679,0.2719039579969831,
632,63,ok,1.7661282439554604,0.23469842248661787,0.054030681339057855,0.0779413596104403,15.000000000001679,0.25838525002473034,
633,63,ok,1.489567905543193,0.5146105821318001,-0.11149359851356705,0.07500751786491057,15.000000000001679,0.22585737498593517,
634,63,ok,1.8688684062236567,0.1312438107710641,0.020479868151319438,0.10001466172356836,15.000000000001679,0.2180888330040034,
635,63,ok,1.939627059079429,0.07179160929521303,-0.21015596667420552,0.10973060018799623,15.000000000001679,0.24348787500639446,
636,63,ok,1.3913165883650003,0.6095473660097158,-0.04902368498087788,0.08384860737564183,15.000000000001679,0.21602720802184194,
637,63,ok,1.3002799223013426,0.7372086938360202,-0.3099774079133113,0.08666814988520069,15.000000000001679,0.3052145420224406,
638,63,ok,1.8829189440325125,0.12270300580794503,-0.14539513538625656,0.07468082101241488,15.000000000001679,0.242025083018234,
639,63,ok,1.9092387846186056,0.09192205766698258,0.06656803042098243,0.07786426429518833,15.000000000001679,0.2389160000020638,
640,63,ok,1.5251613348510191,0.48012729464747705,-0.126901760621927,0.07518873550799089,15.000000000001679,0.2758710420166608,
641,64,ok,1.5648845235789537,0.4597612378012389,-0.27663717674484367,0.09754060161355806,15.000000000001679,0.2718105830135755,
642,64,ok,1.7316995594763516,0.27326408893514215,-0.1310208293730627,0.1063211821074318,15.000000000001679,0.25579349999316037,
643,64,ok,1.7892382213950668,0.21951105952865452,-0.1767273203559872,0.07514098947489375,15.000000000001679,0.2825986669922713,
644,64,ok,1.8094966502069114,0.22734668132261276,-0.36328823114997694,0.10773492201538386,15.000000000001679,0.2587079160148278,
645,64,ok,1.847742458642438,0.15243861749700036,0.02586757340003298,0.0914627601286102,15.000000000001679,0.2548884169955272,
646,64,ok,1.9907538386362131,0.03743073754968289,-0.33380044357375616,0.10996345491838337,15.000000000001679,0.2145841659803409,
647,64,ok,1.6903339741970618,0.30990454990638894,0.028395666882582684,0.08855153984799677,15.000000000001679,0.2736637920024805,
648,64,ok,1.7053671908729537,0.3023191111788286,0.1617308116509241,0.07642474434841658,15.000000000001679,0.2586771249771118,
649,64,ok,1.7616174457712086,0.264096636047193,-0.29989254119235104,0.0846951224705125,15.000000000001679,0.23375829198630527,
650,64,ok,2.176363255006148,-0.16965408227902812,0.1707576674439705,0.09297102295956748,15.000000000001679,0.2511626250052359,
651,65,ok,1.932574682816605,0.09845212308617583,-0.34490661992520466,0.1077276105197314,15.000000000001679,0.24423304200172424,
652,65,ok,1.956067879129791,0.04879860426572946,-0.1378936584762114,0.07496161055605356,15.000000000001679,0.2934113749943208,
653,65,ok,1.8706057414032768,0.12945390773125853,0.014938422575473752,0.07999936409015389,15.000000000001679,0.22730100000626408,
654,65,ok,1.7879166619197122,0.21972359316247972,0.1651117961498036,0.09336174717330807,15.000000000001679,0.2395069169870112,
655,65,ok,1.5286894826551598,0.6290111605981549,-0.6762256551004864,0.11133027264001273,15.000000000001679,0.2296208750049118,
656,65,ok,1.8843639407807864,0.11594705027149046,0.03423366667766177,0.08358957923913023,15.000000000001679,0.26037487501162104,
657,65,ok,1.8933760574586351,0.10721005959586241,-0.04710771128495395,0.08515816711514994,15.000000000001679,0.21800487500149757,
658,65,ok,2.1017372941399226,-0.09736248883644252,-0.13553687321318603,0.1101672541190739,15.000000000001679,0.22306570899672806,
659,65,ok,1.812488581414587,0.1880152887993921,-0.04273481172898135,0.11182173413206788,15.000000000001679,0.24184937501559034,
660,65,ok,2.0328795576496446,0.04049175748908878,-0.5412270719777553,0.08493384361160101,15.000000000001679,0.2676944580161944,
661,66,ok,1.9486771968756422,0.05669141047558292,-0.1445494500291534,0.08820469036870619,15.000000000001679,0.21282779102330096,
662,66,ok,1.0060108321533656,1.0394303499997515,-0.2989376890060991,0.09386039415823579,15.000000000001679,0.25433904098463245,
663,66,ok,1.5691015285572458,0.4385523779269629,0.1547931860358947,0.09396277244590101,15.000000000001679,0.21036316701793112,
664,66,ok,1.8443244137546406,0.1705387495071012,-0.23367515083199883,0.0796480135975261,15.000000000001679,0.2524523329921067,
665,66,ok,1.7530528011441693,0.25170555121232,-0.12907611683654172,0.07505663924854526,15.000000000001679,0.23663512500934303,
666,66,ok,2.0141141511496112,-0.01411401245653187,-0.0007474539237363621,0.08283967218455916,15.000000000001679,0.28318962498451583,
667,66,ok,1.717208015140446,0.32515796336507646,-0.3790877465484375,0.07519531804834922,15.000000000001679,0.24140250001801178,
668,66,ok,1.8432271216767693,0.1710381309641466,-0.2288770493031271,0.07498237071288255,15.000000000001679,0.25075529201421887,
669,66,ok,2.166247077106813,-0.16623906905802036,-0.0058902258405513115,0.08795821249815275,15.000000000001679,0.24663087498629466,
670,66,ok,1.553463810569519,0.47653960195576933,0.30383914550315083,0.07562109063558808,15.000000000001679,0.23681129200849682,
671,67,ok,1.7222565732389834,0.406086104400747,-0.6523850070935863,0.07643865869069476,15.000000000001679,0.25653654101188295,
672,67,ok,1.8385128471672865,0.17175222457555378,-0.1940091772435671,0.08322877790127249,15.000000000001679,0.2831000000005588,
673,67,ok,1.8238388205289147,0.3289701996524753,-0.7307855017847678,0.10804337688236323,15.000000000001679,0.22539462498389184,
674,67,ok,1.5915508132310285,0.4335056480444466,0.28129954921346606,0.07504577073548666,15.000000000001679,0.2641987499955576,
675,67,ok,1.20294424271193,0.8029911911410482,-0.1193514247416119,0.08021935102567763,15.000000000001679,0.243813124980079,
676,67,ok,1.5664973290648951,0.4347523400900951,-0.06255913293850408,0.0750160863316687,15.000000000001679,0.274314415990375,
677,67,ok,1.6856386363214917,0.6115591231405954,-0.9558292440209524,0.1076304984617862,15.000000000001679,0.23832295800093561,
678,67,ok,1.6034082705178525,0.41420580399011797,0.23701234116902603,0.0750807330431304,15.000000000001679,0.26223087499965914,
679,67,ok,1.822669366000719,0.24211216844383288,0.48161601865409226,0.08653685964422728,15.000000000001679,0.24269658300909214,
680,67,ok,1.5878176852908508,0.5609927572989847,-0.6711357218748054,0.100966835945399,15.000000000001679,0.2760943750035949,
681,68,ok,1.8839679579976396,0.11608300304140118,0.013856959705894928,0.07833412766875077,15.000000000001679,0.2717220000049565,
682,68,ok,1.82571783801317,0.1884123619322168,-0.22670653638453953,0.09501795551354965,15.000000000001679,0.26498804200673476,
683,68,ok,1.746484912794949,0.2539972120371927,-0.041034315474795954,0.09629124008941442,15.000000000001679,0.24024591699708253,
684,68,ok,2.0951842721216716,-0.09466505502886935,-0.046641627189916796,0.08425260809650607,15.000000000001679,0.3068517089996021,
685,68,ok,1.7801065909368516,0.2215702577907017,0.07724718196923856,0.08270744445175723,15.000000000001679,0.27295070799300447,
686,68,ok,1.3697143513210217,0.6431419282381312,0.18722600596453123,0.0797382245754885,15.000000000001679,0.20700350002152845,
687,68,ok,1.8102953917708873,0.2010761887784047,0.20258955275847934,0.08976266083704791,15.000000000001679,0.2523399999772664,
688,68,ok,1.9724706743176554,0.02754021436487378,-0.006554013684637831,0.09280702878564917,15.000000000001679,0.22529229198698886,
689,68,ok,1.1633983679745952,0.9424780690489638,-0.4849155886992532,0.08390493592101758,15.000000000001679,0.29814387499936856,
690,68,ok,1.3485163868805625,0.6588444059995463,-0.1407057865430458,0.09748178336699115,15.000000000001679,0.2337235829909332,
691,69,ok,1.5552905924136096,0.4877623243337463,-0.36340891451064206,0.07496990266042804,15.000000000001679,0.23545387500780635,
692,69,ok,1.4391019493847648,0.5610209571591943,-0.018807843788914615,0.08574183642323845,15.000000000001679,0.27895254199393094,
693,69,ok,1.731929650901674,0.2818237696624931,-0.2178319470958939,0.0766456682638629,15.000000000001679,0.2413381669903174,
694,69,ok,1.6816825474344135,0.6988770362890725,-1.0654272493462853,0.10592873260855676,15.000000000001679,0.2546942500048317,
695,69,ok,1.5928426816719954,0.5039833456664409,-0.5468838802823301,0.08690527024954316,15.000000000001679,0.21854229201562703,
696,69,ok,1.6626953797334756,0.33734021037609196,-0.010878867350412668,0.07632627603292245,15.000000000001679,0.24918804099434055,
697,69,ok,1.8481713057999858,0.15262159435441386,-0.05413133969150013,0.07504458109690969,15.000000000001679,0.2364287500095088,
698,69,ok,1.738108608217576,0.272011390170488,-0.18728827581968127,0.09610608980212247,15.000000000001679,0.24690158301382326,
699,69,ok,1.530238388952568,0.4979407789776048,-0.2923142548110614,0.07857735984517979,15.000000000001679,0.2582884169823956,
700,69,ok,1.8417606067357286,0.16103040693456253,-0.10135565255227816,0.07768442166882168,15.000000000001679,0.2523465839913115,
701,70,ok,1.6294083873242384,0.38816771643842796,-0.23868050266258162,0.09479514960322676,15.000000000001679,0.2328794169879984,
702,70,ok,1.1982988039101576,0.8205424482769825,0.21165988551461568,0.08454104219844862,15.000000000001679,0.21208199998363853,
703,70,ok,2.167903470324372,-0.11864787604598138,-0.45949606523920034,0.09012584115672513,15.000000000001679,0.23566854099044576,
704,70,ok,1.8682557284860886,0.13825691916953503,-0.1558594495081222,0.08356933130463279,15.000000000001679,0.22504395799478516,
705,70,ok,1.7539424053895578,0.2709390052690147,0.2943841672434235,0.08619259062546332,15.000000000001679,0.23727933299960569,
706,70,ok,1.979988620937538,0.020258410303616137,0.03127582242831898,0.07798505364064688,15.000000000001679,0.24383433398907073,
707,70,ok,1.7752031034657256,0.23534421827349195,-0.19322533626196756,0.07500755123585012,15.000000000001679,0.25415975000942126,
708,70,ok,1.8779155350553167,0.12228138798715313,0.02719505290755057,0.08115627684903824,15.000000000001679,0.24173266597790644,
709,70,ok,2.057762820647179,-0.05703821405089778,0.05460413878202543,0.07497494527097646,15.000000000001679,0.24728195799980313,
710,70,ok,1.7881259918471584,0.22296305843708014,-0.19883226860871217,0.07659045546032595,15.000000000001679,0.24659004202112556,
711,71,ok,2.0640985118573325,-0.06254367700297425,-0.08010148005315372,0.07494945637763858,15.000000000001679,0.2529048750002403,
712,71,ok,1.8633733112287794,0.13867166453026458,-0.08727499399696013,0.11246830035362833,15.000000000001679,0.23513216702849604,
713,71,ok,1.5132271397517811,0.4867743130028726,0.002096829375134306,0.08942633496266583,15.000000000001679,0.25135220799711533,
714,71,ok,1.7140788817745394,0.2859561182316517,-0.010953735342251235,0.08523001756255694,15.000000000001679,0.21619695899426006,
715,71,ok,1.7362905780762325,0.35693321188753585,-0.5612811250328033,0.10123559732881146,15.000000000001679,0.2475749999866821,
716,71,ok,2.053197951082922,-0.046872200368153864,0.16104664445787864,0.0979140712663165,15.000000000001679,0.2558920840092469,
717,71,ok,1.0389622344288172,0.9638018056385702,0.07573523995758379,0.10286954980676044,15.000000000001679,0.19739399998798035,
718,71,ok,1.8286383307810943,0.18114742191435843,-0.18892708644628511,0.0749806215077779,15.000000000001679,0.265889625006821,
719,71,ok,1.7042762415386181,0.30868194357528767,-0.2097635323041917,0.07498074900628567,15.000000000001679,0.2616587910160888,
720,71,ok,1.6212128946604665,0.4185094076774957,-0.3566773839322913,0.09853610980950737,15.000000000001679,0.22242979099974036,
721,72,ok,1.296543830345451,0.9580934697614223,-0.7716583999757026,0.09894557451285246,15.000000000001679,0.2598454999970272,
722,72,ok,1.7359786621680517,0.27025504980826925,0.1469840902580475,0.08132202690648695,15.000000000001679,0.2375500829948578,
723,72,ok,2.28910469595098,-0.17369384255253262,-0.717673594243256,0.1144369110318853,15.000000000001679,0.24519691697787493,
724,72,ok,1.8261348582290986,0.1764251760342873,0.09666117026929212,0.07545679818563185,15.000000000001679,0.25282945900107734,
725,72,ok,1.9023652563698659,0.1844126105282344,-0.5680105631361843,0.08237850493102794,15.000000000001679,0.25568004098022357,
726,72,ok,1.7009539058614862,0.29954949788596535,-0.041379701854571786,0.07517951477976544,15.000000000001679,0.2781482499849517,
727,72,ok,2.0495311723264784,-0.04896057060409202,-0.04835914027050119,0.08792387145727128,15.000000000001679,0.2088324159849435,
728,72,ok,1.8111176030160971,0.19379041474987002,-0.13324378449040697,0.08830176562857543,15.000000000001679,0.23802862499724142,
729,72,ok,1.8094336246743905,0.21135589489553303,-0.27350010489457494,0.08946734305197254,15.000000000001679,0.2296832499851007,
730,72,ok,1.8198382412994558,0.18033629157481113,0.02520342707222749,0.07605198962074627,15.000000000001679,0.22121662498102523,
731,73,ok,1.7143009838487704,0.29148122446283237,-0.1406821127998844,0.10103360277073586,15.000000000001679,0.23305612499825656,
732,73,ok,1.8519667553257573,0.16383522248803345,0.24141203917005394,0.0750046011378545,15.000000000001679,0.2709453340212349,
733,73,ok,1.9549971301537004,0.07006670909031415,-0.3120437013427995,0.07997166049864064,15.000000000001679,0.23134720799862407,
734,73,ok,1.857688837056927,0.1426563917646838,-0.035812515596279806,0.11851120600967034,15.000000000001679,0.24645520802005194,
735,73,ok,1.9981680600750709,0.0030244299894637903,-0.06902296056578232,0.07619275147974658,15.000000000001679,0.24195320799481124,
736,73,ok,1.9950151584379185,0.006759129134061761,-0.08412082445310111,0.07498247622111205,15.000000000001679,0.2825738750107121,
737,73,ok,1.6728126793215699,0.3901491063087492,-0.454623316802482,0.08483849390017703,15.000000000001679,0.2567565420176834,
738,73,ok,1.589708009451058,0.4439491401825612,-0.32538788695072085,0.07506701017086127,15.000000000001679,0.24931479198858142,
739,73,ok,2.0506045394342203,-0.0504153522318739,-0.027854272205010067,0.07505217848014344,15.000000000001679,0.2541674580133986,
740,73,ok,1.8253905497214633,0.17471471253201767,0.01960301929170391,0.09110877708786391,15.000000000001679,0.21361491701100022,
741,74,ok,1.3570587172274573,0.6509768755494495,-0.14746176352094206,0.10808023814683526,15.000000000001679,0.24530958299874328,
742,74,ok,1.4275028968972416,0.5821772825424772,-0.16596162963583627,0.08871116604549519,15.000000000001679,0.21251504198880866,
743,74,ok,2.2909299588435488,-0.29092283900701704,0.00571157096900649,0.09916371513211467,15.000000000001679,0.24565691698808223,
744,74,ok,1.5180259998447403,0.48224300415799043,0.028576874868703837,0.08100775253149477,15.000000000001679,0.2573475000099279,
745,74,ok,1.9240687078862713,0.07604767978082819,0.021162754792585652,0.07490975785340405,15.000000000001679,0.21593962499173358,
746,74,ok,1.4080144313260714,0.6104561334039731,-0.2273158191324199,0.07507556989412799,15.000000000001679,0.23670191699056886,
747,74,ok,1.7003195137361153,0.301959071147809,0.08799689048261053,0.08043836175112744,15.000000000001679,0.2720679579942953,
748,74,ok,1.9786868129995083,0.03091431553687185,-0.19468711097688257,0.09745424609707509,15.000000000001679,0.2374572920089122,
749,74,ok,1.964030655970119,0.039483687891145584,0.11744022967242924,0.07505456216032326,15.000000000001679,0.22859129201970063,
750,74,ok,1.7639504652006168,0.24247930838877388,-0.15047346025087002,0.07598821074576188,15.000000000001679,0.2622259170166217,
751,75,ok,1.8799499908657142,0.12078979595145416,-0.052734970899984863,0.07800683894543106,15.000000000001679,0.22093574999598786,
752,75,ok,1.9779143384127817,0.038812832306970496,-0.25669052061785425,0.1130917619064333,15.000000000001679,0.2333808749972377,
753,75,ok,1.5591738754755,0.45543464736093087,0.21293436874360694,0.08120813457221294,15.000000000001679,0.27632820801227354,
754,75,ok,1.5382638392366172,0.6014273009706455,-0.6405076460376753,0.09902560952196857,15.000000000001679,0.20495008301804774,
755,75,ok,2.0776162255177644,-0.07590076774744005,-0.08441079907375754,0.11065840585475505,15.000000000001679,0.22782337499666028,
756,75,ok,1.5705330913804143,0.44256179346908786,-0.20238681765049815,0.10124351050075518,15.000000000001679,0.2050809579959605,
757,75,ok,1.9058101305002495,0.09726986755580695,-0.10830649383246463,0.07513857100111583,15.000000000001679,0.26102962502045557,
758,75,ok,1.4234893974656722,0.6929377924259201,-0.5638354815269743,0.09760112934984554,15.000000000001679,0.24547091600834392,
759,75,ok,1.6236386540876002,0.3910720542753302,-0.2180672935439608,0.07506093329384542,15.000000000001679,0.23946487499051727,
760,75,ok,1.8483268574031166,0.21929330292786695,-0.4953744349480865,0.08412079519828912,15.000000000001679,0.26945858300314285,
761,76,ok,1.6204641768455514,0.38233284354423486,0.09516889914278584,0.07536427093889066,15.000000000001679,0.2540101250051521,
762,76,ok,1.076237975613319,0.9266830945525223,0.0792401453362196,0.07678438618640436,15.000000000001679,0.22225920800701715,
763,76,ok,1.827953256076789,0.2275713569317439,-0.4471127504701195,0.09524249218011777,15.000000000001679,0.21694479198777117,
764,76,ok,1.9224572789523584,0.08233706239301507,-0.13568657680645846,0.07497120851448995,15.000000000001679,0.252775417000521,
765,76,ok,1.2286478290290141,0.8298843704358049,0.37470642005081406,0.10558692550679863,15.000000000001679,0.24926304101245478,
766,76,ok,2.174748186939039,-0.17428845670241314,-0.04471446796370898,0.1360459575600275,15.000000000001679,0.21683712501544505,
767,76,ok,1.6093482863329964,0.6320821274816936,-0.8478222695635819,0.10700752075077721,15.000000000001679,0.2749873750144616,
768,76,ok,1.646800252325945,0.3778613454950834,-0.2839317816338546,0.07501807734709469,15.000000000001679,0.23991312499856576,
769,76,ok,1.9463809884316763,0.0547476919589001,0.06627526076178808,0.07660391984095194,15.000000000001679,0.30664116601110436,
770,76,ok,1.5158958317989515,0.6268626117049994,-0.6422101569827585,0.10038323350205046,15.000000000001679,0.2217206250061281,
771,77,ok,1.8546053783630894,0.14933459824285686,0.12082499820968348,0.07418429969045233,15.000000000001679,0.2605335840198677,
772,77,ok,1.8322015657760247,0.2944478179298616,-0.6693686068736011,0.10858790380780724,15.000000000001679,0.2839810830191709,
773,77,ok,1.498000712590372,0.5228924507109203,0.24931791502912795,0.0799139791659499,15.000000000001679,0.3141637909866404,
774,77,ok,1.3445299556263557,0.6671652038921615,-0.17695255822052172,0.08474657384779592,15.000000000001679,0.27915562500129454,
775,77,ok,1.574324426709305,0.5885433321553787,-0.6973431546452151,0.11250164096250286,15.000000000001679,0.22489808400860056,
776,77,ok,1.7452223203680375,0.33068710692587516,-0.5091123771106852,0.0906068526389758,15.000000000001679,0.23733891599113122,
777,77,ok,1.5694059265899,0.5769190079615005,-0.6617215823246382,0.09833351400664536,15.000000000001679,0.2529304169875104,
778,77,ok,1.5934594631459154,0.4496823750184451,0.3682775072697487,0.07501283984877179,15.000000000001679,0.26479625000501983,
779,77,ok,1.6299534221651273,0.5132360710754672,-0.6680427965906803,0.10452176950836134,15.000000000001679,0.23347741598263383,
780,77,ok,1.7861719337356707,0.22006703885607373,-0.1491604193425308,0.09925491170184235,15.000000000001679,0.20172091701533645,
781,78,ok,1.898978445341855,0.11290235650091736,0.21208870732119978,0.07585148265826508,15.000000000001679,0.26278641700628214,
782,78,ok,1.889463152866397,0.11054159050135819,0.0042337707410802766,0.09410559105539244,15.000000000001679,0.21033320800052024,
783,78,ok,2.0209367436638495,-0.020936486275450746,-0.0010199663120400953,0.07505111865504467,15.000000000001679,0.2733669579902198,
784,78,ok,1.8258862674073595,0.22518132227099608,-0.4288115235054325,0.07836245285008843,15.000000000001679,0.261006083979737,
785,78,ok,1.8547756393824189,0.15649424060642775,-0.20415481265252927,0.0754876866167619,15.000000000001679,0.2875483750249259,
786,78,ok,1.6633521142123795,0.6094038411609727,-0.9126787928274305,0.09944864678189035,15.000000000001679,0.22479108400875703,
787,78,ok,1.8787931540674505,0.12170482567706986,0.04325452445596926,0.07781670900651486,15.000000000001679,0.24552625001524575,
788,78,ok,1.8681440677862917,0.16182528459841242,-0.3332806229942054,0.07513372765941671,15.000000000001679,0.24530208299984224,
789,78,ok,1.799105424445172,0.21463517531961712,-0.22192965340852722,0.09364215212609518,15.000000000001679,0.22595358299440704,
790,78,ok,1.471625870916926,0.5425782890052205,-0.20397220465801333,0.07505398460633962,15.000000000001679,0.24939870802336372,
791,79,ok,1.6331741193182114,0.40329487344535053,-0.3432061229711909,0.07630924190495078,15.000000000001679,0.26471474999561906,
792,79,ok,1.9793217036214938,0.023588706273816967,0.10729773743508335,0.07497909330665853,15.000000000001679,0.23916587498388253,
793,79,ok,1.2254259174952584,0.8076575453451694,-0.28282176383154944,0.08352136291544868,15.000000000001679,0.23837991699110717,
794,79,ok,1.6495168189483282,0.39321056918211345,-0.373005979851991,0.08484756085496842,15.000000000001679,0.2397287920175586,
795,79,ok,1.8873857467439004,0.11791363565683609,-0.14133603279263562,0.07504061362456464,15.000000000001679,0.2410452920012176,
796,79,ok,1.5011909872480673,0.542889977258507,-0.3611159949671471,0.09622685056753405,15.000000000001679,0.246164249983849,
797,79,ok,1.1817938408114619,0.8294305498579614,0.16249259852089334,0.08423614287680685,15.000000000001679,0.23323816698393784,
798,79,ok,1.9341926852155795,0.07007006977412629,-0.12834254150439717,0.07513702835735879,15.000000000001679,0.23655387497274205,
799,79,ok,1.8718137407313067,0.12860208049163405,-0.03945258990595375,0.0740743203808472,15.000000000001679,0.2493442500126548,
800,79,ok,1.8393447873153876,0.16200151288944148,0.07036197839448795,0.0750224833143902,15.000000000001679,0.24610733400913887,
801,80,ok,1.9449952965124255,0.06967037791501238,0.23839935729084077,0.08155652529398415,15.000000000001679,0.25058516702847555,
802,80,ok,1.8925668686937598,0.14994483725041596,-0.3988799910510848,0.07503058520210334,15.000000000001679,0.2885989999922458,
803,80,ok,1.9769833496283777,0.02825079944736173,-0.14376458127046388,0.07450873071244767,15.000000000001679,0.22104020800907165,
804,80,ok,1.8527893209551507,0.1474116245237136,0.027286973001453524,0.08031470981736895,15.000000000001679,0.2682515000051353,
805,80,ok,1.9627811417571017,0.039374065655028316,0.09195518479791233,0.07491167988063112,15.000000000001679,0.25174041697755456,
806,80,ok,1.7814557017242545,0.23343434250822317,0.22984819985482158,0.07499127250876171,15.000000000001679,0.24301637499593198,
807,80,ok,1.8484269082708629,0.16724788929567572,-0.24021185634482062,0.09440438778574953,15.000000000001679,0.22488125000381842,
808,80,ok,1.8872103212890516,0.13220864443053887,0.2700337920333679,0.08701989179948615,15.000000000001679,0.2602992090105545,
809,80,ok,1.918166542982654,0.09178373677333872,-0.19512452274202552,0.10940165252842621,15.000000000001679,0.226641582994489,
810,80,ok,1.616590731309075,0.6403711134723546,-0.8745140842056265,0.10799548709085621,15.000000000001679,0.2554868749866728,
811,81,ok,1.6157471262057646,0.4319331357751677,-0.3896217205986956,0.07509425147638192,15.000000000001679,0.30655733300955035,
812,81,ok,1.7515519872535645,0.27699469392379256,-0.3149398026371804,0.08247808325348668,15.000000000001679,0.23174724998534657,
813,81,ok,1.6425214668081463,0.387179867533181,-0.3109469235019009,0.0756849313859992,15.000000000001679,0.2336931669851765,
814,81,ok,1.6746087623957595,0.3433636296850645,-0.24468437555841915,0.0749722140505471,15.000000000001679,0.25470829199184664,
815,81,ok,1.805373393981921,0.3585807918663472,-0.7517420268068646,0.10707741765540746,15.000000000001679,0.24094341698219068,
816,81,ok,1.8823228675432877,0.11790327025409739,-0.029176661155179865,0.07481733431833586,15.000000000001679,0.22250533400801942,
817,81,ok,2.1288126730828374,-0.12247642125235637,-0.16412567838667647,0.10655942857682643,15.000000000001679,0.27041641701362096,
818,81,ok,1.5329779528998755,0.47646657648338203,0.16990383016526175,0.07875801809143762,15.000000000001679,0.2218780420080293,
819,81,ok,1.8221546615755118,0.19213122725845003,-0.2277237608316931,0.07480987952467145,15.000000000001679,0.2268195420037955,
820,81,ok,1.7746256069720359,0.2318603664449801,-0.15158588711613857,0.07502764297786882,15.000000000001679,0.19612166698789224,
821,82,ok,1.6388101958076289,0.36343790914231183,-0.0858101430516882,0.08745647343574593,15.000000000001679,0.2487515000102576,
822,82,ok,1.6790707428177565,0.3556239998621733,-0.3395675625811382,0.09990094416683018,15.000000000001679,0.2299265000037849,
823,82,ok,1.926520762610832,0.07378720590925027,-0.03444590907102376,0.08245603889500933,15.000000000001679,0.2644238749926444,
824,82,ok,1.7427899749310602,0.26611510150988893,-0.17595469731764163,0.0966464471066798,15.000000000001679,0.2167247080069501,
825,82,ok,1.563813792874682,0.43794836161593775,0.07421763811092988,0.113070769766342,15.000000000001679,0.20435850002104416,
826,82,ok,1.6756926822561213,0.4082981824437102,-0.5238618991248725,0.08533147506152955,15.000000000001679,0.2706564999825787,
827,82,ok,1.5404358642755565,0.5704607883600037,-0.5738992022385798,0.10007224068751029,15.000000000001679,0.2222687499888707,
828,82,ok,1.946552603471241,0.07436297577851858,-0.28458582014588263,0.08354230789882244,15.000000000001679,0.22935662500094622,
829,82,ok,1.0960386260297394,0.9239668144967713,-0.20845443973428185,0.0853584612869178,15.000000000001679,0.2051910420123022,
830,82,ok,1.7866815252892094,0.24873512773274326,0.3539805361492702,0.0793693518923725,15.000000000001679,0.24975437499233522,
831,83,ok,1.5507742400149511,0.46424274654088127,-0.21529143490081662,0.08436082555759698,15.000000000001679,0.2237294579972513,
832,83,ok,1.5689799570752705,0.43631760393699426,-0.12882340605097647,0.10931814226587536,15.000000000001679,0.2122090409975499,
833,83,ok,1.4261960448294808,0.5971978689304696,-0.25725734071944045,0.07506043331604116,15.000000000001679,0.2638483750051819,
834,83,ok,1.2734205248308716,0.8860607938480103,-0.6170407426240245,0.09904750210243798,15.000000000001679,0.26805750001221895,
835,83,ok,1.9347248612954255,0.06624573524576968,0.06127587175577062,0.09453333733457268,15.000000000001679,0.23620170901995152,
836,83,ok,1.8460005806721946,0.2220391742849524,-0.49656162363270295,0.09770519426890587,15.000000000001679,0.26856437500100583,
837,83,ok,1.5080515259788945,0.5383958958397509,-0.371393117476869,0.0845187224172305,15.000000000001679,0.2680532090016641,
838,83,ok,1.7115715893952594,0.43480456876609397,-0.6925608765079945,0.101367253858128,15.000000000001679,0.32045724999625236,
839,83,ok,1.2831260065370533,0.7248720319534059,-0.14304199997584768,0.09937193013302323,15.000000000001679,0.23506604201975279,
840,83,ok,1.6420332131358895,0.5621996781221318,-0.7930972875059354,0.0917585871957523,15.000000000001679,0.22657900000922382,
841,84,ok,1.6829980865790797,0.4746525903839885,-0.7111946564806058,0.10044165610792571,15.000000000001679,0.2307932499970775,
842,84,ok,1.2596378794995224,0.8184402530019033,-0.4365823539079962,0.10329504445387543,15.000000000001679,0.25234575002104975,
843,84,ok,1.669102621113484,0.4144127566544344,-0.5213603873979233,0.10077318366459635,15.000000000001679,0.2697864999936428,
844,84,ok,1.6866751823586543,0.3504478577126782,0.351924566718362,0.07498214948953927,15.000000000001679,0.24338850000640377,
845,84,ok,1.8272239279679963,0.17329701063585357,-0.04362879309452081,0.07492026639704716,15.000000000001679,0.30610587500268593,
846,84,ok,1.9418776724601146,0.06839000339581575,-0.19942847293677957,0.07545917052088591,15.000000000001679,0.23022829100955278,
847,84,ok,1.4235567944033518,0.5783962790897932,-0.07454399765374602,0.0749752740491506,15.000000000001679,0.2923381669970695,
848,84,ok,1.8216007518567887,0.2395535392335425,-0.46803585112689006,0.10986767101161425,15.000000000001679,0.22372658300446346,
849,84,ok,1.7682062861029484,0.27019924551510216,-0.36652806167803864,0.09760907772667492,15.000000000001679,0.2502750839921646,
850,84,ok,1.3079736905414638,0.7058638561519394,-0.18975462137910795,0.08260118980434734,15.000000000001679,0.2618988750036806,
851,85,ok,1.2836983964270483,0.752314766775532,0.30193232980749224,0.08693634145437726,15.000000000001679,0.24743350001517683,
852,85,ok,1.8605646856515714,0.15250873909319637,0.22017490857661082,0.07462414981119148,15.000000000001679,0.2425164160085842,
853,85,ok,1.5321138518337873,0.48924875674129303,-0.2549579101993817,0.07647732577913151,15.000000000001679,0.24952254100935534,
854,85,ok,1.6408301153088265,0.4469006380066143,-0.5293447261285551,0.10603105981795719,15.000000000001679,0.23831320798490196,
855,85,ok,1.7468472908435677,0.41283725800788007,-0.7296505245386772,0.10952093934062257,15.000000000001679,0.24484566700994037,
856,85,ok,1.8369574669155435,0.3073475987530067,-0.7136810098423233,0.10916931811209137,15.000000000001679,0.24039900000207126,
857,85,ok,1.5379785299226314,0.6303025043375892,-0.6995046310633679,0.10416290726764942,15.000000000001679,0.24728420897736214,
858,85,ok,1.7569931963492018,0.2610001064299782,0.2508076198619931,0.08319639462837491,15.000000000001679,0.20975837501464412,
859,85,ok,1.9775353357490686,0.023360380686564933,-0.05951318758577966,0.07566848988213928,15.000000000001679,0.28500670901848935,
860,85,ok,1.6838093884854086,0.40991538154792984,-0.5539358833960303,0.10778879449405698,15.000000000001679,0.22824537500855513,
861,86,ok,1.9757257987189698,0.05747214256924112,0.36066321524266465,0.08676507674388965,15.000000000001679,0.23163466600817628,
862,86,ok,1.6567348130960993,0.5029430966294969,-0.7096413664628689,0.1095040604285891,15.000000000001679,0.2502540000132285,
863,86,ok,0.8924967387250847,1.1801378882685325,-0.3526705918872891,0.09864430048075229,15.000000000001679,0.2482365840114653,
864,86,ok,1.7346169202861819,0.4058488781433221,-0.6837967979057913,0.08206826868997286,15.000000000001679,0.2389087500050664,
865,86,ok,1.7570559141910744,0.5201110110436638,-0.9471927290470641,0.10586670790655502,15.000000000001679,0.22577791698859073,
866,86,ok,1.72405261024176,0.35453850071540716,-0.5146006774709164,0.10739449359495383,15.000000000001679,0.20675508299609646,
867,86,ok,1.7661266319361968,0.23387519876064589,0.0025429277510076154,0.07499143160311723,15.000000000001679,0.28237520798575133,
868,86,ok,1.6112569561518457,0.4500918409155001,-0.44037901533906854,0.08158345749321762,15.000000000001679,0.2834298329835292,
869,86,ok,1.595017163699181,0.48021491381500864,-0.4840795846807197,0.07505196661327837,15.000000000001679,0.3445111660112161,
870,86,ok,1.8334545795651795,0.17405371982486986,-0.16575849071204488,0.07509103907228984,15.000000000001679,0.2204940420051571,
871,87,ok,1.5601269824983355,0.6310484631546096,-0.7483100235116495,0.09647438280740549,15.000000000001679,0.27000658301403746,
872,87,ok,1.9701836975650424,0.03772007139921973,-0.17629884844087454,0.07519881843120724,15.000000000001679,0.23189583400380798,
873,87,ok,1.2950397083620957,0.8888010469298568,-0.6651050540556728,0.09254853908685359,15.000000000001679,0.3038511670019943,
874,87,ok,1.4748656832287566,0.5296852723067218,-0.11577298948402272,0.07500940249390041,15.000000000001679,0.24954512499971315,
875,87,ok,1.8302774757760671,0.1697225242842805,1.4862905668845633e-05,0.0781060176233081,15.000000000001679,0.21428187499986961,
876,87,ok,1.8042501259912318,0.19656256763324248,0.05414743463704018,0.10577233298073999,15.000000000001679,0.22920958400936797,
877,87,ok,1.2508768312057976,0.7874747895601882,0.3073686075306784,0.07793512123740137,15.000000000001679,0.22599129201262258,
878,87,ok,1.5779422680815356,0.42206307846944624,-0.004107684138212984,0.08952646249463886,15.000000000001679,0.2433614170004148,
879,87,ok,1.5262770175679072,0.4843662051343522,-0.17993258242225466,0.10218479197869901,15.000000000001679,0.22535437499755062,
880,87,ok,1.7252046927129263,0.2787754797176177,-0.11712123008825208,0.07526535704249031,15.000000000001679,0.2786822499765549,
881,88,ok,1.7225429975168252,0.3248082083973613,-0.4011070176915265,0.1280312785598617,15.000000000001679,0.2301945410144981,
882,88,ok,1.900412156382233,0.17529635188737824,0.5310583401942375,0.0748945210806318,15.000000000001679,0.23045524998451583,
883,88,ok,1.821758435204114,0.2731699194596262,-0.5803978542157687,0.11186176911258831,15.000000000001679,0.2232239590084646,
884,88,ok,1.4720843618444985,0.5937227361604634,-0.4352202035695385,0.0815798047196868,15.000000000001679,0.28202058299211785,
885,88,ok,1.847832736482231,0.15288248909050162,-0.051407420737755866,0.0853968229127284,15.000000000001679,0.2736089579993859,
886,88,ok,1.6011497216631272,0.4220429942668164,-0.2715365891357474,0.0883637109617353,15.000000000001679,0.24237758299568668,
887,88,ok,1.8745206207163363,0.12587788057866076,-0.03865021327788376,0.1022058544614587,15.000000000001679,0.24964949997956865,
888,88,ok,1.9440905090163396,0.056266696461260396,-0.037265962509880395,0.0830867709522479,15.000000000001679,0.2272915829962585,
889,88,ok,1.5684843532769288,0.6708415785409035,-0.8327551003379736,0.10783771414534583,15.000000000001679,0.29776616700110026,
890,88,ok,1.2157217668605311,0.88796581457516,0.4912834058514538,0.09499637473127721,15.000000000001679,0.23707416700199246,
891,89,ok,1.735190490818206,0.2936676950851143,0.31514457734471657,0.07499737100841951,15.000000000001679,0.24026404100004584,
892,89,ok,1.840489654984737,0.1681899636658806,-0.17853336072406278,0.10449225410959632,15.000000000001679,0.2470882920024451,
893,89,ok,1.4649982719503924,0.597512742128112,-0.42337858746590906,0.09205472111162812,15.000000000001679,0.23797591601032764,
894,89,ok,1.7971922634543271,0.21909485660645994,-0.24140609365656307,0.08987138046988122,15.000000000001679,0.24324404197977856,
895,89,ok,1.610058690240747,0.4568213283397772,-0.45922605909588815,0.10133007734182592,15.000000000001679,0.2217043749988079,
896,89,ok,1.481287727427807,0.5237978626281262,-0.1226400466688957,0.0760840766198708,15.000000000001679,0.2520763749780599,
897,89,ok,1.6507244893177264,0.39150640050098723,-0.3709982210253555,0.08076823723759381,15.000000000001679,0.22693612502189353,
898,89,ok,1.7400424934812844,0.27249006237613516,0.20846413248172047,0.08541936162930167,15.000000000001679,0.25868391699623317,
899,89,ok,1.9224868785407925,0.07912800209549546,-0.07878176075638724,0.07501026442481687,15.000000000001679,0.2268357920111157,
900,89,ok,1.1211002913717467,0.878900967899463,0.0016803383749561382,0.07510713192676587,15.000000000001679,0.24277462498866953,
901,90,ok,1.4715120093276404,0.5467601478270812,-0.23117423224032177,0.07512270347892956,15.000000000001679,0.21864649999770336,
902,90,ok,1.5011855631228888,0.5055059138312821,-0.14158220698701343,0.08289674956904867,15.000000000001679,0.2353132080170326,
903,90,ok,1.3646530349973662,0.6465682614627215,-0.17464373749860782,0.07563015566569382,15.000000000001679,0.21414270799141377,
904,90,ok,0.9471583222579784,1.154570620207278,-0.4270340164504954,0.09763715829869976,15.000000000001679,0.25639716599835083,
905,90,ok,1.5321377641943958,0.5554263452980756,-0.5105419518626533,0.0819700972123235,15.000000000001679,0.2529856250039302,
906,90,ok,1.7486129893799531,0.2514086403971617,-0.0086973415819368,0.0752018713981337,15.000000000001679,0.2930003750079777,
907,90,ok,1.6411285755076317,0.5875788851333915,-0.8356851055431558,0.11147676881900406,15.000000000001679,0.2231353749812115,
908,90,ok,1.9667156524484912,0.054804644799393794,0.2901473551350794,0.09544171525449181,15.000000000001679,0.2278230829979293,
909,90,ok,1.8692813556058836,0.13160809565893966,-0.05765828829020279,0.07615775566959729,15.000000000001679,0.23124912500497885,
910,90,ok,1.4401049407557085,0.5957453244391608,-0.3193290568591038,0.08262433203222751,15.000000000001679,0.26347170799272135,
911,91,ok,2.3620851158064826,-0.3576872189571448,0.14407314767384177,0.11036428202241441,15.000000000001679,0.2198962499969639,
912,91,ok,1.945864491817964,0.07117080422075749,-0.2569174070155303,0.07502301797178487,15.000000000001679,0.2944063750037458,
913,91,ok,1.8318255133058665,0.16819894611880887,0.009466266320944097,0.07530207748337069,15.000000000001679,0.20714937499724329,
914,91,ok,1.8768874278209922,0.13683885029009393,-0.22657658070542358,0.07498031150789879,15.000000000001679,0.24397237499943003,
915,91,ok,1.6239525997308577,0.6713872516324131,-0.9338148697936535,0.10996288627712303,15.000000000001679,0.2162547089974396,
916,91,ok,1.7241943114749836,0.2863998410517698,0.19084160703392902,0.08627741006431702,15.000000000001679,0.27663962499354966,
917,91,ok,1.62851031118704,0.42081077149660734,0.3977527048573896,0.08579701864390382,15.000000000001679,0.19954499998129904,
918,91,ok,1.8816941806380318,0.11847033658387923,-0.024882024279651117,0.07497491166289513,15.000000000001679,0.24759129199082963,
919,91,ok,1.782240486273511,0.3002497743606885,-0.5359387291020781,0.10330362200539563,15.000000000001679,0.23666516598314047,
920,91,ok,2.033212913320021,-0.029069880339851095,-0.12973115118934192,0.07499365093198196,15.000000000001679,0.21752354101045057,
921,92,ok,1.8699990633760415,0.1340998396758487,0.12374606551151081,0.07739057196975102,15.000000000001679,0.2540605840040371,
922,92,ok,1.4542585701388877,0.5612515339985518,-0.21182738350100572,0.13814429576671086,15.000000000001679,0.2254713749862276,
923,92,ok,2.211324967582479,-0.2077583659275782,0.1255432591995344,0.08578782748974662,15.000000000001679,0.296550291008316,
924,92,ok,1.7430380120759437,0.26493697668974164,0.1665467402356564,0.09249060432749254,15.000000000001679,0.20112474999041297,
925,92,ok,1.9827877262920766,0.02136994825913034,-0.1283366116212582,0.07972909951675416,15.000000000001679,0.25865133400657214,
926,92,ok,1.4088485763302168,0.8969303713946954,-0.876408412486002,0.10853482857280965,15.000000000001679,0.2466746249992866,
927,92,ok,1.182242738787071,0.8336842149402643,0.19340471280516322,0.08262760618616785,15.000000000001679,0.22894954099319875,
928,92,ok,1.8080250101664113,0.1937265845845047,0.07956623750368264,0.07754288310248625,15.000000000001679,0.2547682090080343,
929,92,ok,2.1092682341033173,-0.09798313742197173,-0.21789731180165559,0.08835865669387247,15.000000000001679,0.2217810419970192,
930,92,ok,1.612564227123106,0.5656107488210342,-0.7368112802471105,0.09637633753986717,15.000000000001679,0.2433448329975363,
931,93,ok,1.7931697285880677,0.2292768632435395,-0.2828378483866078,0.07501187428120869,15.000000000001679,0.26580395799828693,
932,93,ok,1.0584474820655652,0.9508080398072929,-0.13966854677385326,0.0900240686031554,15.000000000001679,0.24970145901897922,
933,93,ok,1.8093464518311853,0.19177249646695624,0.06362293785071348,0.08738564066974698,15.000000000001679,0.2020161249965895,
934,93,ok,1.8362911114125264,0.1637093526504429,-0.0013054919364188756,0.08495355573540518,15.000000000001679,0.26741045800736174,
935,93,ok,1.6015068493070896,0.5013379216906265,-0.5646557919785736,0.0751461925591992,15.000000000001679,0.2511733749997802,
936,93,ok,1.1498262782381083,0.8512670716273456,-0.05013112206290373,0.08351548054376462,15.000000000001679,0.22094058300717734,
937,93,ok,1.8115607348958092,0.2154189966403543,-0.31148505367693846,0.0852845673176509,15.000000000001679,0.2223667079815641,
938,93,ok,1.4689373429832417,0.6049688438658447,-0.4600706369957426,0.10351656691126633,15.000000000001679,0.2516282919968944,
939,93,ok,1.6364299507873943,0.4657109888111324,-0.5690871760803617,0.09979012565157784,15.000000000001679,0.2382209170027636,
940,93,ok,1.2997099163649697,0.9604788355164684,-0.7801548662209569,0.09760168569964646,15.000000000001679,0.22239695797907189,
941,94,ok,2.176992341857245,-0.17090221753008158,0.1627243633512445,0.07495406402036581,15.000000000001679,0.25510316700092517,
942,94,ok,1.7929980610598686,0.2418702508890629,-0.351883265097335,0.10594485576000523,15.000000000001679,0.21947845799149945,
943,94,ok,1.7758548970934476,0.23282020120658609,0.1753173530123249,0.0959856441355842,15.000000000001679,0.2187733339960687,
944,94,ok,1.806195433514491,0.19958372242699554,-0.14437164367966113,0.08192993918322988,15.000000000001679,0.24459404099616222,
945,94,ok,1.755788534750372,0.2530824347833553,-0.1762736483380569,0.07618021261754647,15.000000000001679,0.24277366598835215,
946,94,ok,1.4704687196712483,0.5386458159547011,-0.16346927633319464,0.10330230381772715,15.000000000001679,0.21460200002184138,
947,94,ok,1.76673073360534,0.242795200743416,-0.1832178444783438,0.07493465034545405,15.000000000001679,0.25543483399087563,
948,94,ok,1.6859919760805375,0.32356861466957293,-0.1792951580134314,0.07742382235315792,15.000000000001679,0.25570083400816657,
949,94,ok,1.9528193046314026,0.047210787526881785,0.010841041909955457,0.07498330706607928,15.000000000001679,0.25425966701004654,
950,94,ok,1.8272281604931406,0.18815157084814052,0.23657561218157325,0.09178881327689138,15.000000000001679,0.21830808301456273,
951,95,ok,1.2037839225195273,0.7984380183666352,-0.07310633631772986,0.08317834745976521,15.000000000001679,0.28010970901232213,
952,95,ok,1.7754560614270363,0.22882729697635368,-0.12325373066124483,0.09805704960904246,15.000000000001679,0.24471308302599937,
953,95,ok,1.0172558224752941,0.9987085081916248,-0.179512553299333,0.07752635468448707,15.000000000001679,0.23463587497826666,
954,95,ok,1.4944421169479545,0.5542697674603034,-0.37844594809377813,0.09260065687813501,15.000000000001679,0.24840433298959397,
955,95,ok,1.8135282451008548,0.20040932388451096,-0.22440609220068727,0.07554628509491722,15.000000000001679,0.24418529198737815,
956,95,ok,1.454627255184576,0.5758677287885453,-0.296289935063473,0.10241417219659267,15.000000000001679,0.22836766598629765,
957,95,ok,1.406526350922617,0.7070475998631486,-0.5537061195436149,0.08795035207564292,15.000000000001679,0.2246977920003701,
958,95,ok,1.2414467172025985,0.783518752844362,-0.24771622266571844,0.10122517509508934,15.000000000001679,0.257392333005555,
959,95,ok,1.7785059728555535,0.22774676991963666,0.14900330181777077,0.08036491987003415,15.000000000001679,0.2578935000055935,
960,95,ok,1.4963795990192765,0.7098589414863853,-0.758081759112077,0.09785313611947756,15.000000000001679,0.28485616599209607,
961,96,ok,1.2763691562730008,0.7413062524425671,-0.21167964697834693,0.08412435170196186,15.000000000001679,0.2726358330110088,
962,96,ok,2.104340619749421,-0.07599932265880674,-0.34420380045483817,0.10794178509582088,15.000000000001679,0.25736374998814426,
963,96,ok,1.8001600982383403,0.32997734932481365,-0.6720124444690704,0.10479206263374723,15.000000000001679,0.23711112499586307,
964,96,ok,1.6635138788694595,0.5856576168570081,-0.8757362893227142,0.11036374109893918,15.000000000001679,0.23183970802347176,
965,96,ok,1.7202854759745114,0.2839593282342674,0.12077471463292626,0.0847544253297069,15.000000000001679,0.24636695900699124,
966,96,ok,1.508114461741272,0.5825853068137684,-0.5151163142950806,0.07537586945908388,15.000000000001679,0.2575246670166962,
967,96,ok,1.5666076340892974,0.46497866134418275,-0.3129999505721506,0.07504919180645492,15.000000000001679,0.24365541600855067,
968,96,ok,1.6843003906492195,0.371087379849826,-0.4283824014319543,0.07510078036687368,15.000000000001679,0.2467576249910053,
969,96,ok,1.9588078576397534,0.051515980824821554,-0.20084384523849072,0.10434519470609357,15.000000000001679,0.2741029589960817,
970,96,ok,1.5939971115283078,0.6873877708945587,-0.9043649305249691,0.10426667211247145,15.000000000001679,0.2405374169757124,
971,97,ok,1.9499574807062456,0.05160163145352105,0.07796136227432081,0.08500225525937365,15.000000000001679,0.24395274999551475,
972,97,ok,1.9736394665366923,0.026377013186246124,-0.008065345100883735,0.07502076057728159,15.000000000001679,0.2799364590027835,
973,97,ok,1.456475021848162,0.6037495215106319,-0.41449257000073547,0.08697185610084189,15.000000000001679,0.23567337499116547,
974,97,ok,1.8664125764436212,0.134508514217615,-0.05862953164017336,0.08461380586048375,15.000000000001679,0.2540590830030851,
975,97,ok,1.3237318375771796,0.6805281213333549,-0.10611286078214495,0.08021995183663641,15.000000000001679,0.23379195801680908,
976,97,ok,1.5150276039348645,0.898024500497901,-1.0396916077288092,0.10612447434871285,15.000000000001679,0.24509333301102743,
977,97,ok,1.6610413368729158,0.4134495228591246,-0.4918494752306075,0.0942126530608822,15.000000000001679,0.26848554200842045,
978,97,ok,2.0356561060965124,-0.033901741474831985,0.08449549286004067,0.07864364221807009,15.000000000001679,0.22773833299288526,
979,97,ok,1.6362119644626743,0.46462767681149264,-0.5655275606347846,0.0850180408473715,15.000000000001679,0.2755922499927692,
980,97,ok,1.94433983058256,0.05808814368528806,-0.0971376296507571,0.07503840361750787,15.000000000001679,0.25859229199704714,
981,98,ok,2.1564284696776914,-0.1520134645753796,0.13791951683043638,0.08518603969217417,15.000000000001679,0.21786512501421385,
982,98,ok,1.6555213264067745,0.3722468141920802,-0.3019444125659781,0.08025152142524508,15.000000000001679,0.25605349999386817,
983,98,ok,1.3273304965774493,0.7985111065802146,-0.5641193899640727,0.10108385558334936,15.000000000001679,0.22803229102282785,
984,98,ok,1.7384137000550965,0.2628401773908459,-0.06601471996292449,0.0749573315965163,15.000000000001679,0.2697527499985881,
985,98,ok,2.1962307097266676,-0.07761832024840974,-0.7119911837338138,0.09484288268023185,15.000000000001679,0.2526262500032317,
986,98,ok,1.4510632833864403,0.5695925478529461,-0.24396551648626588,0.09114713648389954,15.000000000001679,0.2600397080241237,
987,98,ok,1.6548846218184714,0.5191849355630909,-0.7388029889408796,0.10911209710327649,15.000000000001679,0.234939125017263,
988,98,ok,1.8837359394737887,0.11963237305836906,-0.11259963239325756,0.08326670889074943,15.000000000001679,0.24578104200190865,
989,98,ok,1.5532497781210417,0.44714609279076467,0.035065882251510916,0.09827527798706477,15.000000000001679,0.24621462501818314,
990,98,ok,1.7749058921479117,0.2251399402230685,0.01275516326832715,0.09367548954602772,15.000000000001679,0.2728317919827532,
991,99,ok,1.3497561403114346,0.8673073910061183,-0.734063411320204,0.10391796051325906,15.000000000001679,0.19641387500450946,
992,99,ok,1.9971530082943392,0.004004322080870875,-0.06798082279058919,0.0749905787394269,15.000000000001679,0.2771731670072768,
993,99,ok,1.5912917905262038,0.4747523277726361,-0.45368392186752643,0.0750000040403088,15.000000000001679,0.2437382080242969,
994,99,ok,1.9633372813613734,0.03984136139664945,-0.11167538624123136,0.08718069709056797,15.000000000001679,0.23262308299308643,
995,99,ok,1.497081588078566,0.5063635053174308,-0.10150518763200769,0.07593585245630462,15.000000000001679,0.2411582499917131,
996,99,ok,1.6934339787110522,0.32315585476058006,-0.23645793035849577,0.09459293870956023,15.000000000001679,0.2719677500135731,
997,99,ok,1.8352326903940064,0.164787156018511,0.008534938558537958,0.08414404978485444,15.000000000001679,0.2300342500093393,
998,99,ok,1.2917852895322228,0.7486217713398834,0.3205647564647712,0.07983846814710148,15.000000000001679,0.23759766700095497,
999,99,ok,2.028190228758086,-0.026837302140623003,-0.0740685809307728,0.07500624896560115,15.000000000001679,0.2923825420148205,
1000,99,ok,1.676763710605427,0.3989796570225394,-0.49826740067519465,0.09184574080127236,15.000000000001679,0.2248126670019701,
1001,100,ok,1.6507093799692378,0.5787806393355143,-0.8396290764324784,0.10722066119788425,15.000000000001679,0.21266908300458454,
1002,100,ok,1.8759322378863115,0.12412981914319618,-0.015258627507307113,0.07495294345882794,15.000000000001679,0.2944929590157699,
1003,100,ok,1.2663125270155284,0.7540345528192158,-0.22609184087012485,0.08955400859478489,15.000000000001679,0.21137379101128317,
1004,100,ok,1.7299767203038279,0.28177708987400957,-0.2013193580144767,0.07501267200459077,15.000000000001679,0.25265691700042225,
1005,100,ok,1.7137479840068488,0.29648778407566356,-0.18702481889871028,0.08595596835048298,15.000000000001679,0.2472472499939613,
1006,100,ok,1.3935899401564456,0.6314519011728451,-0.2630000427791312,0.0749738347838294,15.000000000001679,0.29709137498866767,
1007,100,ok,2.0120386958212704,-0.012016579655994817,-0.009433804722934811,0.0793446501530941,15.000000000001679,0.23248029200476594,
1008,100,ok,1.8473214620369924,0.17352180042927412,-0.2767200220355778,0.10691539222474963,15.000000000001679,0.2102870419912506,
1009,100,ok,1.5949802925374117,0.4604967668303612,-0.417003511547513,0.08435738989136357,15.000000000001679,0.29383708399836905,
1010,100,ok,1.9361093105033684,0.0710117504432773,-0.16590236673995765,0.07500434591177164,15.000000000001679,0.26570691700908355,
1011,101,ok,1.7406124245750094,0.39723472967112283,-0.6788778246580853,0.10881097516686092,15.000000000001679,0.22850525000831112,
1012,101,ok,1.4849752458965861,0.7480765500294275,-0.7986483308311649,0.10786703682324934,15.000000000001679,0.24979883400374092,
1013,101,ok,1.7030811578975058,0.3219873138514023,-0.29113374162037076,0.08652997659136542,15.000000000001679,0.2131826670083683,
1014,101,ok,2.0053182566917687,-0.00030871715733462137,-0.1416557329785588,0.09007516516657017,15.000000000001679,0.20640379202086478,
1015,101,ok,1.634042079140455,0.6905958715035402,-0.977524600548798,0.10112385890962683,15.000000000001679,0.23780425000586547,
1016,101,ok,1.6986139557095525,0.7037078993156729,-1.0976867313740601,0.10435337688492347,15.000000000001679,0.21387937499093823,
1017,101,ok,2.104099744534191,-0.09793938735404317,-0.16089146011329847,0.07498274552141047,15.000000000001679,0.2543444999901112,
1018,101,ok,1.5810093168808457,0.4659729286544881,-0.3825590208623367,0.09833861272412345,15.000000000001679,0.2579878749966156,
1019,101,ok,1.709874157376848,0.41027305810905557,-0.6296331346834053,0.10381875923776553,15.000000000001679,0.26161245800904,
1020,101,ok,1.932069872084698,0.09643442877197213,-0.3306540588782983,0.08827935606588475,15.000000000001679,0.19044970799586736,
1021,102,ok,1.3214445967047053,0.7674729241406284,-0.4765425788254474,0.07513879359362928,15.000000000001679,0.2469549170054961,
1022,102,ok,1.5291161025712827,0.4934586766029113,-0.2617810077903633,0.0776649938157363,15.000000000001679,0.23911379202036187,
1023,102,ok,1.9424003928794602,0.07488160212372592,-0.25853131418953634,0.07918795211084893,15.000000000001679,0.23400699999183416,
1024,102,ok,1.4634467489264213,0.5760455421458449,-0.33768341519919387,0.08811422610680575,15.000000000001679,0.24216662501567043,
1025,102,ok,1.8673775385535476,0.13513620052093547,-0.09686010988438007,0.09392777322820184,15.000000000001679,0.22671616700245067,
1026,102,ok,1.9439208049907748,0.06388145792145852,0.17399162938384435,0.08209156901270058,15.000000000001679,0.21989575002226047,
1027,102,ok,1.65108079055176,0.40101369089103783,-0.4114736446130209,0.10300807230813787,15.000000000001679,0.24116437500924803,
1028,102,ok,1.116478675025564,0.9155831830241205,-0.26564035620880544,0.10127409682952675,15.000000000001679,0.2653507089999039,
1029,102,ok,1.6692604307765964,0.34826427493917655,-0.24124568455055076,0.09551572374618612,15.000000000001679,0.2288843340065796,
1030,102,ok,1.9233549814997377,0.09276230013364974,-0.24847281756435688,0.09754882498755862,15.000000000001679,0.25340145800146274,
1031,103,ok,1.4436833565390672,0.8466616955303395,-0.8683503839988536,0.10102627725321882,15.000000000001679,0.24211466702399775,
1032,103,ok,1.0582829910586011,0.9644452047855637,-0.21814938751306656,0.08632797407572745,15.000000000001679,0.224887625023257,
1033,103,ok,1.1488026208222475,0.8791802126573152,-0.2520128288583006,0.08145350948263308,15.000000000001679,0.24338208400877193,
1034,103,ok,1.5633160443459877,0.747350162935857,-0.9353210359083995,0.1071163099743649,15.000000000001679,0.2866448330169078,
1035,103,ok,1.5461196503802805,0.4607979686060696,0.14609270975938213,0.07495018658053491,15.000000000001679,0.319308916979935,
1036,103,ok,2.037059841811887,-0.03700570522520745,0.014851127991715422,0.08567170032937911,15.000000000001679,0.2521677909826394,
1037,103,ok,1.667492842184353,0.3811159567460599,-0.3996834162607033,0.09316088299495151,15.000000000001679,0.24769929199828766,
1038,103,ok,2.1807420527912553,-0.16763562129064363,-0.23872937423816157,0.0934395130678564,15.000000000001679,0.221153916005278,
1039,103,ok,1.8710790091977014,0.1290419953844775,0.021279182910884882,0.09432594331805967,15.000000000001679,0.2572688750224188,
1040,103,ok,1.6225724468593183,0.41090177102182335,-0.3278843759093401,0.07503041036717298,15.000000000001679,0.26453008298994973,
1041,104,ok,1.2908872758358734,0.7655166475525426,-0.3774133164649186,0.08925495418086521,15.000000000001679,0.25596987499739043,
1042,104,ok,1.5231967541501414,0.48304099231419495,-0.13770882634901807,0.0863644214970949,15.000000000001679,0.2437877079937607,
1043,104,ok,1.6029830102814124,0.39896192776187867,-0.07894062639033611,0.07497953279281949,15.000000000001679,0.24752899998566136,
1044,104,ok,1.8085823258215925,0.2021112005145359,-0.19638201027323762,0.07546541619656236,15.000000000001679,0.2273255419859197,
1045,104,ok,1.8995595862580195,0.1103669963773212,-0.19394260327393634,0.08367915138418042,15.000000000001679,0.23876937499153428,
1046,104,ok,1.786690169000133,0.21330983506992005,-0.00012059787767843671,0.09118966392129327,15.000000000001679,0.25247475001378916,
1047,104,ok,1.9621747205366682,0.038146787011054985,-0.03551907372250981,0.07495553895909675,15.000000000001679,0.27317125000990927,
1048,104,ok,1.4882709922509862,0.7886504705444424,-0.8646287433711269,0.1081264387072402,15.000000000001679,0.2261946660000831,
1049,104,ok,1.89992162881497,0.10296641377061502,0.10471756469956393,0.09466039029636296,15.000000000001679,0.23680716700619087,
1050,104,ok,1.6489732580256848,0.47877000894478017,-0.6363741980925826,0.1020048532067917,15.000000000001679,0.22779120900668204,
1051,105,ok,1.3385328034177866,0.9937051925669823,-0.8826328944463973,0.0976346889717918,15.000000000001679,0.2653160000045318,
1052,105,ok,1.7999339590114292,0.20208935088749633,0.08532030596764703,0.09311405661866787,15.000000000001679,0.2443044590181671,
1053,105,ok,1.5779884520668936,0.5805479985378815,-0.6893501072761623,0.07752894915901366,15.000000000001679,0.2504773330001626,
1054,105,ok,1.8810422807768765,0.24517186315204098,0.67742030689742,0.07471517246071961,15.000000000001679,0.26442041600239463,
1055,105,ok,1.870749324037346,0.13038940172977667,0.06526288548512733,0.0806021167924789,15.000000000001679,0.23616691600182094,
1056,105,ok,1.8380604209376077,0.17058913942206633,0.17810674949827288,0.08524904738851272,15.000000000001679,0.22945454201544635,
1057,105,ok,1.8553424574705206,0.14473488336423493,0.0169405279502087,0.08082195962586475,15.000000000001679,0.22955379099585116,
1058,105,ok,1.740253800611896,0.3324542020853546,-0.49776932649708006,0.0751952418449183,15.000000000001679,0.28029954197700135,
1059,105,ok,1.448328762218255,0.5883129037855452,-0.32372171050188076,0.09777178852090218,15.000000000001679,0.2800060419831425,
1060,105,ok,1.7274191208588496,0.2918349495359594,0.25719443905718914,0.09625326104827436,15.000000000001679,0.20041970800957642,
1061,106,ok,1.7854030298843375,0.2188332935208268,0.12291925337516228,0.07938715627306585,15.000000000001679,0.34195525001268834,
1062,106,ok,1.5028648831978428,0.5058836450193184,-0.16192336128090834,0.07510010256824912,15.000000000001679,0.36204787497990765,
1063,106,ok,1.1374886271713125,0.9284666136273673,-0.3817022122451946,0.0943271321769683,15.000000000001679,0.38905733299907297,
1064,106,ok,1.4177950615237687,0.6260890405588204,-0.350016445340222,0.07967251155486976,15.000000000001679,0.24193591700168326,
1065,106,ok,1.9866927835257604,0.013348073331827906,-0.012741207908722225,0.07501765362593596,15.000000000001679,0.300687624985585,
1066,106,ok,1.8601061222236737,0.1945630629027367,-0.4476519318609544,0.10710063914791969,15.000000000001679,0.2673371249984484,
1067,106,ok,2.048179193773259,-0.04439971254554156,0.12436971154338373,0.09580122217845369,15.000000000001679,0.27750341698993,
1068,106,ok,1.7362911502974723,0.3230898765280002,-0.4501992852042771,0.07503696697952172,15.000000000001679,0.2756814580061473,
1069,106,ok,1.6455293923096757,0.43550965720225454,-0.5100362224858576,0.10255894993846945,15.000000000001679,0.26182212500134483,
1070,106,ok,1.8153532980231575,0.19219165097999766,-0.16533774480477342,0.07539057932961941,15.000000000001679,0.22827279099146836,
1071,107,ok,1.4559725773928922,0.5538419375912712,-0.16876908677341532,0.07505861844514491,15.000000000001679,0.2490538750134874,
1072,107,ok,1.614818308031262,0.39094211373559584,-0.13627504027985143,0.09077634830877943,15.000000000001679,0.2165904169960413,
1073,107,ok,1.7349166565056946,0.26509276004747606,-0.005716098425874238,0.08223367939542177,15.000000000001679,0.27226166598848067,
1074,107,ok,1.5950535209963612,0.406477485168614,-0.06986937503903078,0.07509343752231598,15.000000000001679,0.23553212499246,
1075,107,ok,1.8632365376134297,0.1371039513169916,0.035618912096189365,0.09131450172507367,15.000000000001679,0.25782641701516695,
1076,107,ok,1.9086080353026658,0.09808520128878641,0.1597020064532268,0.08438690479974115,15.000000000001679,0.18672683299519122,
1077,107,ok,1.5319580235094492,0.634856512576399,-0.6951824541369747,0.09339877999097343,15.000000000001679,0.23136579198762774,
1078,107,ok,1.3500699986961604,0.6646110859180128,0.19855842849494243,0.07732935434269356,15.000000000001679,0.26474362501176074,
1079,107,ok,1.966972947982073,0.03304759278829079,-0.008989207826587707,0.08592211579540926,15.000000000001679,0.26650170801440254,
1080,107,ok,1.9851812701786897,0.014895818081011642,0.017494639065158267,0.07520623183200811,15.000000000001679,0.28587179200258106,
1081,108,ok,1.6845760999094688,0.42278510714258133,-0.5917683821690348,0.09757036365939571,15.000000000001679,0.23393704101908952,
1082,108,ok,1.069136549441021,0.935483800793196,-0.09928858432343915,0.10055533514675112,15.000000000001679,0.22694812499685213,
1083,108,ok,1.579936610861589,0.4786494668071732,-0.42625373839381864,0.07556465753869303,15.000000000001679,0.22076041699619964,
1084,108,ok,1.1302471630548048,0.9979411128736906,-0.5228160635678829,0.0999666718861621,15.000000000001679,0.26244845800101757,
1085,108,ok,1.3922475511599397,0.758891390043728,-0.6308745215993896,0.0954850043658157,15.000000000001679,0.2401372090098448,
1086,108,ok,1.7745143291787484,0.24235778992641613,-0.24412080171167633,0.09109630072822869,15.000000000001679,0.2357706660113763,
1087,108,ok,1.8160706591843783,0.20846641568213115,-0.2975232014676369,0.11678146287520821,15.000000000001679,0.2340904999873601,
1088,108,ok,1.7510069464844864,0.24949789190951566,-0.04204397944647126,0.08450742909667153,15.000000000001679,0.2666909159743227,
1089,108,ok,1.603809379082428,0.40034195243684007,-0.11531979578191398,0.07505100754170922,15.000000000001679,0.24648199998773634,
1090,108,ok,1.8987756236135858,0.11114127095537932,-0.19380807656313356,0.07600915167653866,15.000000000001679,0.24692279202281497,
1091,109,ok,1.8392944656172192,0.16692264542040547,-0.15110110316476094,0.07504952138016241,15.000000000001679,0.2660093339800369,
1092,109,ok,1.8453991002490577,0.15924085698904242,0.13078079607342014,0.0771025473055892,15.000000000001679,0.24396083402098157,
1093,109,ok,1.5091514748212436,0.49248578211806365,-0.07027842370847776,0.07858167145067638,15.000000000001679,0.24186229100450873,
1094,109,ok,1.7830296420019902,0.21725336320673322,-0.031766857887449595,0.08381548081187322,15.000000000001679,0.2514845829864498,
1095,109,ok,2.0921013481992996,0.353839907193548,-1.2911409682868793,0.10184015714004975,15.000000000001679,0.23723991701263003,
1096,109,ok,1.670776426219029,0.37913474574993816,-0.4053266509546506,0.07513572386136821,15.000000000001679,0.26277654099976644,
1097,109,ok,1.7446743515552183,0.5284615502484592,-0.9372636682798783,0.10778498168611937,15.000000000001679,0.22270124999340624,
1098,109,ok,1.5581767377716145,0.4511270560434987,-0.17002161513205186,0.08736942253532949,15.000000000001679,0.24093187501421198,
1099,109,ok,1.4379618011278812,0.9440591719202422,-0.9760753603575779,0.10219247846426291,15.000000000001679,0.19678899997961707,
1100,109,ok,1.7914404038181144,0.307985810366362,-0.5885122789801688,0.10651099791596902,15.000000000001679,0.24515370800509118,
1101,110,ok,1.6928609624573734,0.33816708108301874,-0.3226291800441657,0.1032418312470145,15.000000000001679,0.2346537499979604,
1102,110,ok,1.842636432709305,0.16765993071368798,-0.19452221887359314,0.09791388377355031,15.000000000001679,0.24915670900372788,
1103,110,ok,1.8674139224814645,0.14914515292694028,-0.24813523116190017,0.07722211258575006,15.000000000001679,0.2577659579983447,
1104,110,ok,1.2807036288838864,0.7932411744001778,-0.4288763479993901,0.08832656301718296,15.000000000001679,0.22496616700664163,
1105,110,ok,2.023628652499047,-0.02307377974092503,0.04738570396096933,0.07534551475766302,15.000000000001679,0.2407837920181919,
1106,110,ok,1.7261784659807426,0.28853824484426915,-0.22492389169426935,0.08909407761482048,15.000000000001679,0.24377191701205447,
1107,110,ok,1.7242309683963766,0.29999626871830515,-0.28802733551769183,0.07519685363188007,15.000000000001679,0.23311429200111888,
1108,110,ok,1.527537707246048,0.4924802983336962,-0.24648690867153913,0.0750273037254331,15.000000000001679,0.2369399580056779,
1109,110,ok,1.42252821502241,0.7175861821908267,-0.6156308329079566,0.08298164777684792,15.000000000001679,0.25797437501023524,
1110,110,ok,1.7927643974378837,0.2229046903190938,-0.23650886882090347,0.09908552354683767,15.000000000001679,0.21596191602293402,
1111,111,ok,2.178512155460182,-0.12935749688348444,-0.46016503773523487,0.09501845358311953,15.000000000001679,0.260975832992699,
1112,111,ok,1.0898320577969276,0.9144019467776167,-0.09597281407595046,0.0750307415338582,15.000000000001679,0.2308099580113776,
1113,111,ok,1.2284007241229027,0.8527908759295518,-0.43918056044773496,0.08619302713746496,15.000000000001679,0.2361074170039501,
1114,111,ok,1.552772310541877,0.45090984183987576,0.1068715597200705,0.07499735195180683,15.000000000001679,0.25641362500027753,
1115,111,ok,1.771220715368513,0.302426336931473,-0.5054369208978018,0.11567374166958265,15.000000000001679,0.20462454098742455,
1116,111,ok,1.6741534148739978,0.32761890198798294,-0.07701376205840572,0.09056274905188812,15.000000000001679,0.2526107919984497,
1117,111,ok,2.0919129204962,-0.08983795993672325,-0.09315024501554735,0.07503265005072543,15.000000000001679,0.2212163330113981,
1118,111,ok,1.9386069704994837,0.062344252984606774,-0.0607222539717023,0.08739805764202276,15.000000000001679,0.2365540839964524,
1119,111,ok,1.860068737339067,0.16739909925335617,-0.31848021321385256,0.08047803399260314,15.000000000001679,0.23185579202254303,
1120,111,ok,1.7242411975035694,0.5644031750414072,-0.9550232789504928,0.1100021521517749,15.000000000001679,0.1915046249923762,
1121,112,ok,1.3935567335832897,0.6369046793567193,-0.28977839214772294,0.0749800706769007,15.000000000001679,0.2639250000065658,
1122,112,ok,1.6795790524352492,0.7250064541382538,-1.0933330926072717,0.10737440419604073,15.000000000001679,0.2601368750038091,
1123,112,ok,1.5260308930806001,0.5626056325001175,-0.5125111890641874,0.08652872588023784,15.000000000001679,0.31000512500759214,
1124,112,ok,1.9936658889487846,0.0071690544105779755,-0.05769314568575359,0.08349156656152462,15.000000000001679,0.3341174169909209,
1125,112,ok,1.6920655963850808,0.311262126867706,-0.10606780057404476,0.10148062787072022,15.000000000001679,0.32390120800118893,
1126,112,ok,1.925066147752566,0.3026892877615519,-0.9083039245448166,0.10446079588439229,15.000000000001679,0.31227908298023976,
1127,112,ok,0.8318959098780435,1.1683167421103442,-0.018808599572168686,0.0948311666257524,15.000000000001679,0.22763933302485384,
1128,112,ok,0.9387244604271374,1.065931446543122,-0.09337853097578556,0.0924480842315402,15.000000000001679,0.25330720900092274,
1129,112,ok,1.877362277879205,0.13551374571487013,0.21949972661851522,0.08137828932715097,15.000000000001679,0.2969872500107158,
1130,112,ok,1.5291054273662261,0.6222129566255086,-0.6632241484673383,0.08411320556394643,15.000000000001679,0.26826162499492057,
1131,113,ok,1.6613243955966053,0.5356487373704014,-0.7846490470519452,0.10505995124638622,15.000000000001679,0.23397720800130628,
1132,113,ok,1.1598264289737674,0.8467299007301634,0.12314797390206286,0.07508450827682055,15.000000000001679,0.25769516700529493,
1133,113,ok,1.2668973089929625,0.891237852720288,-0.6129235615419696,0.09773167883165028,15.000000000001679,0.2277216660149861,
1134,113,ok,1.8185661557938209,0.1814339965473664,-0.0007443688811756264,0.07955907725328941,15.000000000001679,0.2493548339989502,
1135,113,ok,1.5413570656612219,0.5536110848029324,-0.5326731735866016,0.1007026355997564,15.000000000001679,0.2337576669815462,
1136,113,ok,1.788081778812557,0.21196801012559868,0.013343571758229224,0.08419395827449687,15.000000000001679,0.23881254100706428,
1137,113,ok,1.794308140700598,0.2074033776074235,-0.07835211018960626,0.10284831518293248,15.000000000001679,0.21427525000763126,
1138,113,ok,1.9173983491199111,0.0832816634899025,0.05106121516107104,0.07970483131211793,15.000000000001679,0.26971529101138003,
1139,113,ok,1.8787030667683808,0.12147366860395115,-0.025768883107763894,0.07500537300219368,15.000000000001679,0.21280824998393655,
1140,113,ok,1.9645130701513247,0.03614230345122962,-0.05074002859223603,0.0749831560390523,15.000000000001679,0.2799381669901777,
1141,114,ok,1.434089800809671,0.5939814997479651,-0.2823571032138913,0.07856177529203481,15.000000000001679,0.2770964579831343,
1142,114,ok,1.6444174971580658,0.36100709126915975,-0.13345842082692613,0.0764085450165317,15.000000000001679,0.27053425001213327,
1143,114,ok,2.4330925832551498,-0.4297396893261507,0.12768931358762964,0.11178820352268858,15.000000000001679,0.2410736250167247,
1144,114,ok,1.3850989275161196,0.6440496085857164,-0.2826615910054908,0.0750252333984761,15.000000000001679,0.27314495798782445,
1145,114,ok,1.8107685599825931,0.2100208615482689,-0.2736009169009343,0.07501447450753974,15.000000000001679,0.2226250829990022,
1146,114,ok,1.6026248389678726,0.4550785413794069,-0.4261737452852047,0.09902256552818439,15.000000000001679,0.20583133297623135,
1147,114,ok,1.6054683944593715,0.8999301665644605,-1.1693481633684026,0.11031452347346701,15.000000000001679,0.22372529198764823,
1148,114,ok,1.4448290570010023,0.7189030865856533,-0.6680731265322977,0.10165676855719469,15.000000000001679,0.2946075000218116,
1149,114,ok,1.5724980843949419,0.439886339227183,-0.19696596380035228,0.07512693366532476,15.000000000001679,0.2288720830110833,
1150,114,ok,1.7113754726735377,0.28891092676180696,-0.03130801675987385,0.09123314249460904,15.000000000001679,0.24332541599869728,
1151,115,ok,1.445025614052451,0.6719037077409404,-0.5694376732842684,0.10765092392510998,15.000000000001679,0.2334053750091698,
1152,115,ok,1.8013753171820948,0.21863773613347362,0.2677713917228957,0.07854945660421156,15.000000000001679,0.24251083299168386,
1153,115,ok,1.5032046076390648,0.7400993137944979,-0.8199233825951174,0.1040398801149668,15.000000000001679,0.21380645901081152,
1154,115,ok,1.8027753326084395,0.3597181334643645,-0.7479801455759643,0.10894776761612784,15.000000000001679,0.20025183400139213,
1155,115,ok,1.7145471418085803,0.28545671564223213,-0.003636969569545229,0.07639340726780369,15.000000000001679,0.24521774999448098,
1156,115,ok,1.7943418112857075,0.20601407594608367,0.03573569678192517,0.07485929212785233,15.000000000001679,0.2559286250034347,
1157,115,ok,1.430305135788217,0.648458470569417,-0.46809002946718536,0.0994525158796853,15.000000000001679,0.26378391598700546,
1158,115,ok,1.3933102251930884,0.6955606810035515,-0.48964420417655946,0.08039769206492424,15.000000000001679,0.26978404200053774,
1159,115,ok,2.015924946271015,-0.011066323117289443,-0.13987720693987232,0.07504164351077569,15.000000000001679,0.2629810000071302,
1160,115,ok,1.5670004019103365,0.4374972296547313,0.11863958972668863,0.08188595370787133,15.000000000001679,0.23011120801675133,
1161,116,ok,1.3252680923280755,0.7995595044281599,-0.5614963340344544,0.09883228249023579,15.000000000001679,0.23133870799210854,
1162,116,ok,1.444030116736855,0.8667736590550407,-0.8949977867188018,0.09817226470870465,15.000000000001679,0.22006758299539797,
1163,116,ok,1.6755605511066227,0.32490642780407625,-0.03955609703483335,0.07500783976580368,15.000000000001679,0.25491287498152815,
1164,116,ok,1.9411376260609436,0.1378909481014321,-0.5482382348458855,0.08989340037269515,15.000000000001679,0.2215861250006128,
1165,116,ok,1.8588078457511334,0.2063784795062341,-0.48794307931110303,0.0750612791867914,15.000000000001679,0.24230933299986646,
1166,116,ok,1.5590098787510047,0.47142527240255816,-0.3065470668488438,0.0907467454485438,15.000000000001679,0.22184779201052152,
1167,116,ok,1.4966342433222652,0.617342495857383,-0.5728632336979902,0.10252277144271817,15.000000000001679,0.2517881659732666,
1168,116,ok,1.1945321393037396,0.8151384070692778,0.1516905976889812,0.09659415164909634,15.000000000001679,0.22088370801066048,
1169,116,ok,1.4617835166938784,0.6816858103517813,-0.6315526478846261,0.10400533287714703,15.000000000001679,0.24690258302143775,
1170,116,ok,1.5712649877955265,0.8182658576250657,-1.035556892989204,0.10144684592468431,15.000000000001679,0.2647496669960674,
1171,117,ok,1.899600684045685,0.10273524184668005,-0.09417641050846148,0.08676032027289363,15.000000000001679,0.25284645802457817,
1172,117,ok,1.6871272691200634,0.3669611650467381,-0.423771855770314,0.10274464495613159,15.000000000001679,0.2326304589805659,
1173,117,ok,1.5879919365144777,0.47437273319014095,-0.44065840874909007,0.0852510793259067,15.000000000001679,0.26547687500715256,
1174,117,ok,1.4380335260117845,0.6374954980568434,0.45991510533849184,0.08087197295384896,15.000000000001679,0.24189379200106487,
1175,117,ok,1.6300217710827143,0.4421869722429161,-0.47978072570074765,0.09870388134072793,15.000000000001679,0.2188007080112584,
1176,117,ok,1.381149888981526,0.688611606327211,-0.43339992705811986,0.10329558631034087,15.000000000001679,0.2226535419758875,
1177,117,ok,1.8161980754228024,0.1991929927667161,-0.23594400155332387,0.07492298098417564,15.000000000001679,0.24152516602771357,
1178,117,ok,1.8268814854326938,0.17954154365368263,-0.15305871596857443,0.07946944313079103,15.000000000001679,0.25061437499243766,
1179,117,ok,1.8852299798750842,0.17216307787998503,-0.4616321730064322,0.08192716913870457,15.000000000001679,0.250780542002758,
1180,117,ok,1.7585322838024022,0.394583002147212,-0.7176852068843511,0.10949575966788438,15.000000000001679,0.23228087500319816,
1181,118,ok,1.8066405036421564,0.2000381553465671,0.1552007319318961,0.08479281600610403,15.000000000001679,0.2560901250108145,
1182,118,ok,2.132136378832807,-0.13010548877812772,-0.09303840400377746,0.09287213127232706,15.000000000001679,0.22947320798994042,
1183,118,ok,1.8817428147187745,0.12158873238249619,-0.11192466409750311,0.07503858196555346,15.000000000001679,0.2591580000007525,
1184,118,ok,1.7642154694347587,0.23725557546465634,0.07202996850246798,0.07617812347862607,15.000000000001679,0.25880037498427555,
1185,118,ok,1.5707762928512685,0.44668189864921126,0.23354022822536505,0.07495444879538848,15.000000000001679,0.24113429198041558,
1186,118,ok,1.4248902611512422,0.5828499126171344,0.14831684379864243,0.0750961598082791,15.000000000001679,0.22573591698892415,
1187,118,ok,1.702102942968268,0.3494948957636515,-0.41591745497273697,0.08619827061903756,15.000000000001679,0.2550072909798473,
1188,118,ok,1.7076296971850997,0.4012709754947156,-0.6000539050059228,0.10248364996424487,15.000000000001679,0.24145616599707864,
1189,118,ok,1.537602576666724,0.5973126909779379,-0.6298333088052708,0.09481321990900866,15.000000000001679,0.28416062498581596,
1190,118,ok,1.4977927511500777,0.502597374151006,0.03418335118528098,0.08913117955585872,15.000000000001679,0.20576691700262018,
1191,119,ok,1.839224352632462,0.16083048566666608,0.01420270619238335,0.07503876964333488,15.000000000001679,0.25674658399657346,
1192,119,ok,1.8444566250503946,0.15560769420894952,0.015403377261635463,0.09998627805513882,15.000000000001679,0.23792208399390802,
1193,119,ok,1.3873833568815486,0.8578439650371591,-0.7875989910797725,0.09700046398126691,15.000000000001679,0.250384834012948,
1194,119,ok,1.5328129457936204,0.5589483681323376,-0.5223846485914985,0.08576733093221636,15.000000000001679,0.26151379200746305,
1195,119,ok,1.9588382556923198,0.10838095371511602,-0.5087481652998831,0.07508365822406168,15.000000000001679,0.2040862500143703,
1196,119,ok,1.5212246784455183,0.49340843735769013,-0.2104908209083553,0.07506748838888985,15.000000000001679,0.2714936250122264,
1197,119,ok,1.4432538475203096,0.5838589935241805,-0.2784354829396395,0.07508641216595656,15.000000000001679,0.2596207919996232,
1198,119,ok,1.6305054158531969,0.5184573524486386,-0.6808665762196792,0.10531597633700117,15.000000000001679,0.2099149169807788,
1199,119,ok,1.7702879890046972,0.24911778555526679,-0.2614020565248144,0.07492057403991859,15.000000000001679,0.26369045799947344,
1200,119,ok,1.834405243143527,0.19383035092668774,-0.32061471400865255,0.104028208477331,15.000000000001679,0.2196988749783486,
1201,120,ok,0.9634582985033424,1.0893426164268982,-0.31457117270778046,0.09547873956503329,15.000000000001679,0.2345698330027517,
1202,120,ok,1.8699154288044468,0.13202801853683538,0.08523137538193719,0.07499863681319589,15.000000000001679,0.25162024999735877,
1203,120,ok,1.8035358613317216,0.2742021694987745,-0.5237971471350507,0.08486022242640875,15.000000000001679,0.22409787500509992,
1204,120,ok,1.3982666241060107,0.6055739050939489,-0.10356359367016958,0.07504385689581387,15.000000000001679,0.27355133299715817,
1205,120,ok,1.817245399194599,0.18338139401429912,-0.04772505925094376,0.08802933392540768,15.000000000001679,0.23546349999378435,
1206,120,ok,1.5257650950594932,0.48767003029636974,0.20203264102149626,0.10021382961331135,15.000000000001679,0.1984364590025507,
1207,120,ok,1.1089651335445485,0.8910445782720086,-0.004641124601910093,0.09470574394060649,15.000000000001679,0.22874812502413988,
1208,120,ok,1.8995245059906272,0.10316969399638697,-0.10113426266689143,0.08103808566647946,15.000000000001679,0.21436508299666457,
1209,120,ok,1.662211460102671,0.34384059946348805,-0.1417144244993951,0.1013211488736759,15.000000000001679,0.25393949999124743,
1210,120,ok,1.2410925792575955,0.7786654239649509,-0.220573442802069,0.10104400140668555,15.000000000001679,0.25685541599523276,
1211,121,ok,1.642231454088945,0.3736533991109315,-0.22786154255526225,0.09251131037766343,15.000000000001679,0.2511878329969477,
1212,121,ok,1.68713754256237,0.328822542308871,-0.23151456202236528,0.07505003428161967,15.000000000001679,0.22360454098088667,
1213,121,ok,1.6465080722482621,0.37368090981752644,-0.2570506737721962,0.09232260841979913,15.000000000001679,0.23565791599685326,
1214,121,ok,1.8494587769241657,0.1528878291357692,0.09313643640949275,0.08037298152906482,15.000000000001679,0.21653970901388675,
1215,121,ok,1.2330171897497322,0.8410682003961052,0.4209613688751082,0.08077651896646341,15.000000000001679,0.2215286249993369,
1216,121,ok,1.8837548802082233,0.12664788032898172,-0.19769745681824213,0.08091801947331694,15.000000000001679,0.25706379101029597,
1217,121,ok,1.8479305480577457,0.1523120610522715,0.029943124621448644,0.0818311679888636,15.000000000001679,0.23655654201866128,
1218,121,ok,1.323348214115852,0.8521914620311863,-0.6586243663648568,0.09649748969093873,15.000000000001679,0.2608047079993412,
1219,121,ok,1.522942168984014,0.4778424541924078,0.04888001443065122,0.07494477106896863,15.000000000001679,0.21283162501640618,
1220,121,ok,1.8102859283112487,0.18975024096428397,0.011443432738967555,0.08292870677083117,15.000000000001679,0.2608917090110481,
1221,122,ok,1.8660926024773785,0.14482587676034586,0.20157026934242134,0.08396106824534341,15.000000000001679,0.22077537499717437,
1222,122,ok,1.591674397034159,0.41765508697147286,-0.17208126680959784,0.0992515808330058,15.000000000001679,0.23539591699955054,
1223,122,ok,1.1161191314054768,0.923611834130602,-0.2951447642524417,0.08812209908292473,15.000000000001679,0.2416484169953037,
1224,122,ok,1.460527202161873,0.8164452842547504,-0.855767458537639,0.0966191696025791,15.000000000001679,0.2385052920144517,
1225,122,ok,1.8242630272874452,0.17583400661101026,0.01881545351869138,0.07988472854080261,15.000000000001679,0.2578174999798648,
1226,122,ok,1.610201234351262,0.45943142689986427,0.4683977868036307,0.09138504735832009,15.000000000001679,0.22528391701052897,
1227,122,ok,1.6539816477745344,0.6248086503634893,-0.9189690109355573,0.09466074821809056,15.000000000001679,0.23901745799230412,
1228,122,ok,1.7241388563074358,0.27586732279270726,0.004615973908744879,0.08052920470404139,15.000000000001679,0.24459483299870044,
1229,122,ok,1.3881806829344616,0.6379045278945239,-0.2678461001062895,0.09119855567729282,15.000000000001679,0.2099155420146417,
1230,122,ok,2.252287215029382,-0.18526696073674523,-0.5453494377893843,0.11759346546911623,15.000000000001679,0.2178824589936994,
1231,123,ok,2.0189580090954276,-0.018742121077614356,-0.02952441494133268,0.07864358364019375,15.000000000001679,0.24521949997870252,
1232,123,ok,1.4340867575721394,0.5675039687254522,-0.06752739167509647,0.07626184750521954,15.000000000001679,0.29039437498431653,
1233,123,ok,1.5199888524334664,0.8320844290134081,-0.9727997381625205,0.10756831993009304,15.000000000001679,0.20503729101619683,
1234,123,ok,1.4815350454023455,0.6230948979549841,-0.5468806366271663,0.0819355268905469,15.000000000001679,0.27190133300609887,
1235,123,ok,1.2985456823413482,0.8430199639694851,-0.5895914563103726,0.0979746296379838,15.000000000001679,0.21972387499408796,
1236,123,ok,1.4724891349817106,0.7412461249886315,-0.7640438042305234,0.09895180470471134,15.000000000001679,0.23401737498352304,
1237,123,ok,1.3362010179731838,0.6934667578530719,-0.2800072277595863,0.07815124452329036,15.000000000001679,0.24824970899499021,
1238,123,ok,2.0241010394796786,-0.023695293202920364,0.04052626668053637,0.07501575481733765,15.000000000001679,0.2578989159956109,
1239,123,ok,1.6578742427284083,0.4505820536012844,-0.5897889724976887,0.07509213216213895,15.000000000001679,0.27427375002298504,
1240,123,ok,1.5834356974421653,0.5444012115936854,-0.6232983034825503,0.10269412105638051,15.000000000001679,0.213498958008131,
1241,124,ok,1.4960338753376705,0.5149240551717994,-0.18073957577264554,0.07509408961555143,15.000000000001679,0.22609949999605305,
1242,124,ok,1.640829032929609,0.3994477607701894,-0.36132041846698165,0.08377109069335781,15.000000000001679,0.24106512498110533,
1243,124,ok,1.7697633056068882,0.23704143117706447,0.1550459366975059,0.08953153979115432,15.000000000001679,0.2414382499991916,
1244,124,ok,1.6794337534735813,0.3800936182769212,-0.44317157711117355,0.08439109646509316,15.000000000001679,0.207410874980269,
1245,124,ok,1.4099994624053755,0.625785583925066,-0.3156473073467862,0.08788528836129873,15.000000000001679,0.18417016699095257,
1246,124,ok,2.0446076407572185,-0.04446061476856393,0.024519365875648482,0.0791350801836884,15.000000000001679,0.19486083401716314,
1247,124,ok,1.6781834527099997,0.321820481973363,-0.003634037085655851,0.07512050907140413,15.000000000001679,0.21447100001387298,
1248,124,ok,1.5662896592609379,0.43571781505616636,-0.07927510690684483,0.07505874316811276,15.000000000001679,0.23881170799722895,
1249,124,ok,1.6641614115570962,0.3358945581160688,-0.013648516695722179,0.08511502001932353,15.000000000001679,0.27305874999728985,
1250,124,ok,1.9595926278511109,0.04391581902239327,-0.11720897601117167,0.07509248405873213,15.000000000001679,0.22643899999093264,
1251,125,ok,1.5752040598164927,0.4456875627545894,-0.2556964557568057,0.08280060780613357,15.000000000001679,0.2544624999864027,
1252,125,ok,1.9331217766234663,0.23713677032044156,-0.7932673173020706,0.09795944414579646,15.000000000001679,0.25173379201442003,
1253,125,ok,1.8702114628093645,0.1300417819786405,0.030776264846877666,0.07588967461384404,15.000000000001679,0.23672966699814424,
1254,125,ok,1.9816334359472392,0.024867475674217352,-0.16038262316885082,0.07501847880387652,15.000000000001679,0.24964904200169258,
1255,125,ok,1.6134718670322492,0.5831634137745467,-0.7719232822227454,0.10943120291532758,15.000000000001679,0.22888849998707883,
1256,125,ok,1.3525446216269519,0.6475354723689515,-0.01471920486028818,0.09260622442205602,15.000000000001679,0.20982991700293496,
1257,125,ok,1.7379635297168403,0.2625337319877947,-0.041571602633991366,0.07674277494871524,15.000000000001679,0.25721433298895136,
1258,125,ok,1.6025707109636353,0.7816044867082753,-1.0410308625728084,0.10226715546704318,15.000000000001679,0.23542729200562462,
1259,125,ok,1.5607892664158207,0.8432238002491897,-1.047822483939388,0.10775518698638394,15.000000000001679,0.21767941702273674,
1260,125,ok,2.047805775142727,-0.04736278763781184,-0.042592352644959676,0.07496443523420974,15.000000000001679,0.27139462501509115,
1261,126,ok,1.2037296578472045,0.8001515173527076,-0.09658523629384702,0.0871521884064876,15.000000000001679,0.22482916599255987,
1262,126,ok,1.241052418870444,0.7736650194189161,0.19056133340048928,0.08335710105987192,15.000000000001679,0.262615250016097,
1263,126,ok,2.0065740829550753,-0.006538085165142984,0.012019283206708056,0.10703762131458601,15.000000000001679,0.23608229201636277,
1264,126,ok,1.4001598196234641,0.7902406193954672,-0.7049324517479308,0.08792082666382667,15.000000000001679,0.23410358300316148,
1265,126,ok,1.8733529869784589,0.14511447807693315,-0.2623949587574142,0.07687970180163502,15.000000000001679,0.2857503330160398,
1266,126,ok,1.6841166423409035,0.33526671285268855,-0.254778232338058,0.0749922818753674,15.000000000001679,0.2561022920126561,
1267,126,ok,1.6781041185973606,0.32249991956103524,-0.04502125032349871,0.09805973948109853,15.000000000001679,0.26605416598613374,
1268,126,ok,1.5950684964012143,0.4696114051311792,-0.44961567689201737,0.0751433207379826,15.000000000001679,0.271145417005755,
1269,126,ok,1.3705572676902147,0.6533972025113355,-0.25512375391987635,0.08529813446440501,15.000000000001679,0.2539859999960754,
1270,126,ok,1.6114147153468483,0.6141049824616861,-0.8221632351296428,0.10287578581072317,15.000000000001679,0.2279226669925265,
1271,127,ok,1.8300709372342185,0.18983236399293402,0.26917051261592717,0.08750629932485454,15.000000000001679,0.19913833300233819,
1272,127,ok,1.7419424324607395,0.42734638961186744,-0.7490821448548953,0.09355034969775176,15.000000000001679,0.23237270797835663,
1273,127,ok,1.8693376034201887,0.14657892230377528,-0.2434201805769169,0.08240759436232455,15.000000000001679,0.22290708299260587,
1274,127,ok,1.6701644144147416,0.35295022773211904,0.27690471077549095,0.09111646740122138,15.000000000001679,0.2389680829946883,
1275,127,ok,1.5295274811455009,0.6340350093918283,-0.6881816330098601,0.09895252123281895,15.000000000001679,0.25458112501655705,
1276,127,ok,2.148849793710499,-0.1454535735363651,0.1207658881046107,0.07366554249471467,15.000000000001679,0.24500433399225585,
1277,127,ok,1.076104704157571,0.933968113847485,-0.14689231435362754,0.08811946041430271,15.000000000001679,0.20647154201287776,
1278,127,ok,2.19224342835886,-0.1288381215290691,-0.5234305125870987,0.07851992584832161,15.000000000001679,0.28466358297737315,
1279,127,ok,2.007217955699734,-0.005950788684556576,0.07131167547620912,0.07494327478343375,15.000000000001679,0.2505091250059195,
1280,127,ok,1.417550445922618,0.7478211546831706,-0.6644527116931839,0.09761680863539679,15.000000000001679,0.21087083299062215,
1281,128,ok,1.273918138953021,0.7333202472142195,-0.13560910233491955,0.07872253020411499,15.000000000001679,0.22110262501519173,
1282,128,ok,1.6771078866967968,0.3229043413549409,-0.006404324670909828,0.09855374666519182,15.000000000001679,0.24036575001082383,
1283,128,ok,1.5403880275561508,0.664114115566525,-0.7669447041408661,0.10649566790299066,15.000000000001679,0.23847949999617413,
1284,128,ok,1.981768479157826,0.019141535079277024,-0.06005036998587097,0.08615782947438752,15.000000000001679,0.21440041600726545,
1285,128,ok,1.4145739408238587,0.8112287888437394,-0.7667088375543999,0.09973518692703509,15.000000000001679,0.24088866598322056,
1286,128,ok,1.8500691987441558,0.19469851717855097,-0.4045276211391747,0.09765175108682206,15.000000000001679,0.2135825000004843,
1287,128,ok,1.13854727741067,0.8711647486634073,-0.14839433358151047,0.08657269510919109,15.000000000001679,0.2295693340129219,
1288,128,ok,1.6864386622696517,0.38334704937149156,-0.4801131104458504,0.10169642954259887,15.000000000001679,0.24015466700075194,
1289,128,ok,1.6112037595851232,0.41700716503017665,-0.30018534163985494,0.07499653458467785,15.000000000001679,0.2681860830052756,
1290,128,ok,1.8056371472986414,0.3608934996600451,-0.7574004147398397,0.09640717917225058,15.000000000001679,0.22285104199545458,
1291,129,ok,1.8804014295604476,0.12128839894796556,-0.07970104369126318,0.0764237964872714,15.000000000001679,0.23129595798673108,
1292,129,ok,1.6700989434374163,0.3773276176786736,-0.39517694836921563,0.10066101543490814,15.000000000001679,0.22837616701144725,
1293,129,ok,1.7190402346095968,0.3291185705086105,-0.4040477407280332,0.10029073654011514,15.000000000001679,0.2276584999926854,
1294,129,ok,1.8222507611764418,0.18106565717322173,0.10988945851826597,0.07479196872556486,15.000000000001679,0.22151154102175497,
1295,129,ok,1.8953653121128058,0.10783519475500451,-0.11010002794114779,0.07500812241306551,15.000000000001679,0.2685653750086203,
1296,129,ok,1.7542284534860724,0.2467194122369902,-0.057659757140768715,0.08331811694798233,15.000000000001679,0.22889637501793914,
1297,129,ok,1.5747108174387914,0.6219324721215291,-0.7620000309485994,0.09328275581276922,15.000000000001679,0.24364783300552517,
1298,129,ok,1.8945627665511695,0.12078506358888387,-0.24066428727874395,0.07501986575989654,15.000000000001679,0.2396977079915814,
1299,129,ok,1.8077666374097212,0.27566107572262327,-0.5428402062795178,0.0977148246138389,15.000000000001679,0.2294734999886714,
1300,129,ok,1.7537750860548778,0.2516068554728489,0.13728971060226525,0.07461486613508848,15.000000000001679,0.30094270801055245,
1301,130,ok,1.5759319774717244,0.530020469371768,-0.5680860649161732,0.08876994434611739,15.000000000001679,0.25793462499859743,
1302,130,ok,1.5019222985748013,0.717805741449887,-0.7821435125968514,0.08819827131495389,15.000000000001679,0.22340541702578776,
1303,130,ok,1.8854480157734543,0.12523687233219133,-0.20044309746477046,0.09336895472472818,15.000000000001679,0.22483474999899045,
1304,130,ok,1.453238216230762,0.8354377189616549,-0.8693077744368406,0.09523123929459201,15.000000000001679,0.2345540000242181,
1305,130,ok,1.2925409321907264,1.0487117748350856,-0.8750501551631533,0.09928423585424699,15.000000000001679,0.2687732090125792,
1306,130,ok,1.6125522382780326,0.5894738607641913,-0.7814990286033743,0.09343348566209354,15.000000000001679,0.24375512500409968,
1307,130,ok,2.391522643383063,-0.3564436598058682,-0.4081100733559991,0.11697355454999228,15.000000000001679,0.22392179199960083,
1308,130,ok,1.0162842985314127,0.98522525250076,-0.05537135793295486,0.08436021281205017,15.000000000001679,0.20519550002063625,
1309,130,ok,1.8765205884826486,0.16501546465866376,-0.39263376581415593,0.09862749065016319,15.000000000001679,0.23184399999445304,
1310,130,ok,2.040722612440357,-0.02056186006343044,-0.28614428280572757,0.07507369148099494,15.000000000001679,0.26948854100191966,
1311,131,ok,1.0305234121860685,0.9736711253680216,-0.09288457439356919,0.09861323328247443,15.000000000001679,0.210219041997334,
1312,131,ok,1.5608520503971322,0.6598574874938975,-0.8001732121252009,0.10059373824703448,15.000000000001679,0.2585146669880487,
1313,131,ok,1.6396424282858313,0.5699029082063796,-0.8020284288468124,0.10328837540318712,15.000000000001679,0.2267787079908885,
1314,131,ok,1.528240329745704,0.5257870952791631,-0.4027590061262567,0.08818371285098799,15.000000000001679,0.233010791009292,
1315,131,ok,1.6791603466198273,0.40930863794752265,-0.53784799000466,0.10857598580622581,15.000000000001679,0.25053200000547804,
1316,131,ok,1.5059807799366252,0.9572316436569017,-1.0865598301741324,0.10466901048915296,15.000000000001679,0.24408620901522227,
1317,131,ok,1.8205725138040612,0.2090330004411459,-0.32698850822313874,0.07507255172087983,15.000000000001679,0.2650742919940967,
1318,131,ok,1.6294866686931742,0.5417338252047756,-0.7271083598040133,0.08534215827262703,15.000000000001679,0.2619169999961741,
1319,131,ok,1.3897754891704992,0.6102250276048723,0.0011985004057771722,0.09012680849951855,15.000000000001679,0.22428100000252016,
1320,131,ok,1.6605273187617788,0.3724602006139151,-0.3293405194756406,0.0850047762597921,15.000000000001679,0.25817033401108347,
1321,132,ok,1.4060456997751922,0.6028585939281971,0.15798861128580063,0.0942723837000642,15.000000000001679,0.23945074999937788,
1322,132,ok,1.958548697792674,0.1853991199195062,-0.7369780509869182,0.12006138570878762,15.000000000001679,0.22555929099326022,
1323,132,ok,1.287623331171308,0.7520453458612579,-0.3171482684646854,0.08701503435850623,15.000000000001679,0.23999816700234078,
1324,132,ok,1.7293399536022311,0.49619845194862905,-0.8539306641661649,0.10893326187647603,15.000000000001679,0.2267379160039127,
1325,132,ok,1.621101816247426,0.5081627451026643,0.6343443099304084,0.0878636627931797,15.000000000001679,0.25195470798644237,
1326,132,ok,2.2027184725736118,-0.20231481912107593,-0.04216760482561728,0.1074201293012883,15.000000000001679,0.2453491250053048,
1327,132,ok,2.046983055142222,-0.04519444018415776,0.08555308223081944,0.08006685116349914,15.000000000001679,0.21803895800258033,
1328,132,ok,1.531652685012275,0.7200648943158504,-0.8412645676257953,0.10330117029245771,15.000000000001679,0.22009049999178387,
1329,132,ok,1.7850684788533129,0.22584764994008258,0.19711142273483998,0.11286826684121616,15.000000000001679,0.2387498749885708,
1330,132,ok,1.6509548496152535,0.4282573595137678,-0.5052494310194626,0.09045259769958079,15.000000000001679,0.2643230409885291,
1331,133,ok,1.3969085316392775,0.644464761042985,-0.33745764432347725,0.10646115623284812,15.000000000001679,0.21476279202033766,
1332,133,ok,1.0838907465829621,0.9273603010444249,-0.15576657777798208,0.08422872897295515,15.000000000001679,0.23982795898336917,
1333,133,ok,1.9429435344323174,0.06459764070472468,-0.17101837803764658,0.07649087803339784,15.000000000001679,0.27865158300846815,
1334,133,ok,1.8445710346937707,0.2273226853813126,-0.5099582730650881,0.08447154175151379,15.000000000001679,0.24032879099831916,
1335,133,ok,1.6480886763008558,0.4049620743193957,-0.4147894653816827,0.07546348045789567,15.000000000001679,0.21640970898442902,
1336,133,ok,1.4088840510007947,0.8297355875361577,-0.7844969560712574,0.09921316127726579,15.000000000001679,0.2510590419988148,
1337,133,ok,1.6986337173681392,0.30353350160185766,-0.08577835153842053,0.07498879089089067,15.000000000001679,0.24033208301989362,
1338,133,ok,1.555558290528253,0.7239599139783299,-0.8896534685465964,0.10312588978895057,15.000000000001679,0.25426524999784306,
1339,133,ok,1.9649920607933156,0.03530775003078652,-0.034324362946319124,0.0912666463008585,15.000000000001679,0.22887804202036932,
1340,133,ok,1.4901645686047245,0.5098370289135185,0.002182000828148748,0.07500977414676921,15.000000000001679,0.24127025000052527,
1341,134,ok,1.772425649974409,0.34843536964858846,-0.6432938336867629,0.09948370713508152,15.000000000001679,0.23320258301100694,
1342,134,ok,1.1905714229680322,0.8667640034679431,-0.3650157384992066,0.10021952647499136,15.000000000001679,0.22448387497570366,
1343,134,ok,1.5216988768081086,0.5085146192271016,-0.30172641684111956,0.08672237393207836,15.000000000001679,0.24541750000207685,
1344,134,ok,2.3233033321389427,-0.28458175104548183,-0.42240335689702263,0.07920001108567624,15.000000000001679,0.25776825001230463,
1345,134,ok,1.5460459442425043,0.48524426198569276,-0.3094723184089791,0.10508172808107268,15.000000000001679,0.25869908300228417,
1346,134,ok,2.550502065220898,-0.5483133147905894,0.10564106378233495,0.12380859352629761,15.000000000001679,0.23757212498458102,
1347,134,ok,1.5906444005811988,0.4811681529022086,0.47254569021612297,0.07504569492834341,15.000000000001679,0.23445329201058485,
1348,134,ok,1.8984373806455699,0.120155955147901,-0.2650487790322979,0.07501699528570635,15.000000000001679,0.24325095899985172,
1349,134,ok,1.4275220431350448,0.5824331734298918,-0.1682957986534574,0.07597690490587339,15.000000000001679,0.2546837499830872,
1350,134,ok,1.7538163938761133,0.4974252075382439,-0.9045114352439803,0.10794488802434668,15.000000000001679,0.1898964169959072,
1351,135,ok,1.8461224926977504,0.25218507387621886,-0.5943999007936297,0.08257054418554528,15.000000000001679,0.25742695899680257,
1352,135,ok,1.548688863460038,0.46119099732518015,-0.1746540840978845,0.10262259359447273,15.000000000001679,0.24034016599762253,
1353,135,ok,1.8576247425419206,0.14833885767166144,-0.14873028640881822,0.09211089600284968,15.000000000001679,0.26747029199032113,
1354,135,ok,1.5568525388568473,0.4901517276853065,-0.3796683056739736,0.0749794611031627,15.000000000001679,0.25905595801305026,
1355,135,ok,1.8377164227714218,0.16248867456646854,0.027455043749687817,0.09042429842002943,15.000000000001679,0.25150262500392273,
1356,135,ok,1.4809077576579852,0.5366275692899193,0.22721997211792888,0.0817356039927699,15.000000000001679,0.2556262909783982,
1357,135,ok,1.8797181738216477,0.19461112843852454,-0.5233654893450399,0.10977758042155765,15.000000000001679,0.2212027079949621,
1358,135,ok,1.929791203801847,0.07112055304017666,0.05931415823349212,0.0757122302024072,15.000000000001679,0.22926970798289403,
1359,135,ok,2.0720082209817092,-0.05061290728845211,-0.2969928825372572,0.08741894309158964,15.000000000001679,0.2132353330089245,
1360,135,ok,1.7789175577075798,0.28771303202371235,-0.48230800990536277,0.09433363252339452,15.000000000001679,0.23738150001736358,
1361,136,ok,1.391440665085053,0.6113526520168706,0.0881230241863979,0.07945893523418758,15.000000000001679,0.21961599998758174,
1362,136,ok,1.607187653818574,0.49490244201592487,-0.5636785391845488,0.09999476006014733,15.000000000001679,0.23991170802037232,
1363,136,ok,1.4025722052722374,0.7135402490775662,-0.558775536560806,0.10698353184530829,15.000000000001679,0.22967291600070894,
1364,136,ok,1.5267743538568923,0.476090394575586,-0.09348498323441314,0.07503029354135239,15.000000000001679,0.219943208998302,
1365,136,ok,1.3225390455743686,0.6855991400062742,0.14649200086187653,0.08389593509749706,15.000000000001679,0.243594707979355,
1366,136,ok,1.4079546207050275,0.8247128266096241,-0.7752652926764477,0.10026291044237086,15.000000000001679,0.2320429579995107,
1367,136,ok,1.2323112679896062,0.8198236527225314,-0.3546475018112542,0.08158061012872582,15.000000000001679,0.2619715410110075,
1368,136,ok,0.9758121187443883,1.0337964178101293,-0.1366013501099972,0.09539536715855435,15.000000000001679,0.2518151249969378,
1369,136,ok,1.5813331760858214,0.42053887721867916,0.07692317863973334,0.10385735700448631,15.000000000001679,0.2307043749897275,
1370,136,ok,1.4493283231446938,0.5695770179582256,0.2333295538849016,0.09134399094139783,15.000000000001679,0.22235866598202847,
1371,137,ok,1.989499188062991,0.013097259761971918,-0.10160964589011977,0.09229027661552758,15.000000000001679,0.21033433300908655,
1372,137,ok,1.8202288860736393,0.18010307982574125,-0.03476201428468959,0.07902388379725081,15.000000000001679,0.26240970799699426,
1373,137,ok,1.9234239870553782,0.07836247610151623,-0.08287979684647041,0.08292873042883646,15.000000000001679,0.2331822080013808,
1374,137,ok,1.6238632530053845,0.6419758433835032,-0.8903382809400492,0.0972275514240689,15.000000000001679,0.20359087499673478,
1375,137,ok,1.0755335868434073,0.9393589185712625,0.17836197132214954,0.09225942490074894,15.000000000001679,0.23265625000931323,
1376,137,ok,1.5979660159967708,0.6958756371576744,-0.9234473642399389,0.10658793369185572,15.000000000001679,0.262304125004448,
1377,137,ok,1.4732270593129504,0.581190112170422,-0.3967070335762953,0.07508785927975187,15.000000000001679,0.2589542499918025,
1378,137,ok,1.6601113639751797,0.356724691972271,-0.2358304535591279,0.1031135713719011,15.000000000001679,0.2189383750082925,
1379,137,ok,1.7681740026960207,0.2318872038357397,-0.014712030800283596,0.09047067956472331,15.000000000001679,0.226852083025733,
1380,137,ok,1.519230929510348,0.48179439530490026,-0.05580644275764716,0.0751579471652223,15.000000000001679,0.22451183301745914,
1381,138,ok,1.779425066512585,0.221720838119739,-0.0638497435840936,0.08543263921627568,15.000000000001679,0.2680661250196863,
1382,138,ok,1.8802349219919388,0.12028889728925302,-0.0443794121635196,0.10847953244012086,15.000000000001679,0.23070225000265054,
1383,138,ok,1.6773651341264295,0.3882374679777728,-0.4645162360480777,0.07502741161656809,15.000000000001679,0.2612591669894755,
1384,138,ok,2.113157737262243,0.01880829612736429,-0.735061259391029,0.11090972414666853,15.000000000001679,0.2192196249961853,
1385,138,ok,1.5047688151824672,0.4972027238896355,-0.0770034678499301,0.07499550374822665,15.000000000001679,0.23507954098749906,
1386,138,ok,1.768120785893724,0.2371087711382979,0.13588829497759672,0.07502657461922621,15.000000000001679,0.2546052499965299,
1387,138,ok,2.0499911708459244,-0.04456982857614918,-0.14898998832921587,0.08381516005898673,15.000000000001679,0.22897374999593012,
1388,138,ok,1.6752293979570667,0.655488982351773,-0.9993416128642522,0.10641313987640033,15.000000000001679,0.2515945420018397,
1389,138,ok,1.385764144924662,0.62011825338499,-0.1275485425925729,0.07511553059600408,15.000000000001679,0.22761675002402626,
1390,138,ok,1.918051838109606,0.08216197008785164,0.02863816855749759,0.09448584817923851,15.000000000001679,0.22414983398630284,
1391,139,ok,1.3858594017527166,0.6640944830794594,0.36873124533684554,0.07806159811747337,15.000000000001679,0.27054679099819623,
1392,139,ok,1.9393203602953035,0.06462685083713912,-0.12366985629221029,0.07503618899171999,15.000000000001679,0.27526570900226943,
1393,139,ok,1.6252963273752647,0.4018158854902924,0.2956276169581352,0.093762582470615,15.000000000001679,0.2361951670027338,
1394,139,ok,1.8995097498604279,0.10075770009240045,-0.03187437931188068,0.08281187681728748,15.000000000001679,0.278769625001587,
1395,139,ok,1.5533598393082675,0.6247126728705271,-0.7221575715956157,0.11208366108812585,15.000000000001679,0.22806741698877886,
1396,139,ok,1.5640778862904687,0.4477408917733925,-0.19191481263935273,0.08381222759994532,15.000000000001679,0.2083462500013411,
1397,139,ok,1.3394864390673755,0.667722785016487,0.13878524014163626,0.07958814888319266,15.000000000001679,0.2539527920016553,
1398,139,ok,1.8997701272483254,0.175865842578564,-0.530717544569149,0.0988834181653682,15.000000000001679,0.23631008301163092,
1399,139,ok,1.7915037461340126,0.3069112804912087,-0.5856075992371356,0.10207769768648518,15.000000000001679,0.24527612500241958,
1400,139,ok,1.5353214398013457,0.49933297999679804,-0.3243615553489455,0.07505099310967091,15.000000000001679,0.23875383401173167,
1401,140,ok,1.7475461525995464,0.4277338452473651,-0.7628215348853501,0.1074588994261456,15.000000000001679,0.2083134159911424,
1402,140,ok,1.6229189230760777,0.6217249685374415,-0.8568685829958406,0.09796997957141078,15.000000000001679,0.23782441698131151,
1403,140,ok,1.4852472835798176,0.5486073643140132,-0.3153076441472867,0.08740268864582283,15.000000000001679,0.23733687499770895,
1404,140,ok,1.9675659394987375,0.035727690461101476,-0.11379815575953414,0.07505349998916779,15.000000000001679,0.2434725420025643,
1405,140,ok,1.5961761975631579,0.6310555665921712,-0.8208346921938061,0.10171957859245016,15.000000000001679,0.22181016599643044,
1406,140,ok,1.3200126479576426,0.8032291122777113,-0.5569316233331995,0.07504293742650449,15.000000000001679,0.27908550002030097,
1407,140,ok,1.6506287521751521,0.34937857733358924,0.004918998070106205,0.09284252515527773,15.000000000001679,0.24566899999626912,
1408,140,ok,1.9534623745583741,0.05497619268878773,-0.1813770597618078,0.07558925928887703,15.000000000001679,0.26841800002148375,
1409,140,ok,1.9139573059368291,0.08656189957617581,-0.04457807527734765,0.09977714767784127,15.000000000001679,0.25079562500468455,
1410,140,ok,1.646308868424169,0.35560533998799987,0.07936682163276258,0.10875732240950073,15.000000000001679,0.21482162500615232,
1411,141,ok,1.9951295406120528,0.005836200964296374,0.06206952906499415,0.08851150857036744,15.000000000001679,0.27617766699404456,
1412,141,ok,1.1665130176683913,0.9366285022335948,-0.47957656127864423,0.09385860610966765,15.000000000001679,0.21130895800888538,
1413,141,ok,1.549825582814588,0.46087021530524164,0.18176590167587503,0.074974668341707,15.000000000001679,0.26963720901403576,
1414,141,ok,1.2102395151017231,0.8198189771522972,-0.26805304927160206,0.08223609006197445,15.000000000001679,0.2331584589846898,
1415,141,ok,1.5394334425895673,0.4632562756745743,0.09096180467419143,0.07511313776358136,15.000000000001679,0.24976616699132137,
1416,141,ok,1.6003679950276222,0.6886519695519296,-0.9173571074280167,0.10439625850659799,15.000000000001679,0.22450812498573214,
1417,141,ok,1.3925377556443597,0.7658192376250936,-0.6449490264189299,0.09426748442068492,15.000000000001679,0.23584070801734924,
1418,141,ok,1.0307709574623345,1.0817918658552732,-0.4683829513744892,0.07719507925222559,15.000000000001679,0.2333849169954192,
1419,141,ok,1.0787326061690576,1.0380427584896967,-0.4881621668238692,0.07911708736822498,15.000000000001679,0.2587169170146808,
1420,141,ok,1.905430377653427,0.09672457200305101,0.0905956360290681,0.09590600922038928,15.000000000001679,0.22325249999994412,
1421,142,ok,1.86933172499304,0.14661416508137054,-0.24364327404717856,0.08586588941488353,15.000000000001679,0.2252689589804504,
1422,142,ok,1.0590035286171067,0.9518491593619844,-0.15122264676067657,0.08655340592356747,15.000000000001679,0.237885250011459,
1423,142,ok,1.5049481852369115,0.5158893654728643,-0.24956895786803432,0.07500797391341704,15.000000000001679,0.25684870799886994,
1424,142,ok,1.654321292669735,0.46258719536167664,-0.6108525251765665,0.10398083155045393,15.000000000001679,0.21486829200875945,
1425,142,ok,1.728963288694328,0.27126772897922463,-0.02826285166182732,0.09579941935904232,15.000000000001679,0.2591107909975108,
1426,142,ok,1.3776241354009382,0.87862190006051,-0.8002246031054541,0.09611418281038556,15.000000000001679,0.2410866660065949,
1427,142,ok,1.6201561383080283,0.4352667699331078,-0.42013787168215794,0.09732998576360546,15.000000000001679,0.23064795800019056,
1428,142,ok,1.5070131120153356,0.5074758761895154,-0.20847124413187587,0.07553817797308537,15.000000000001679,0.24148854200029746,
1429,142,ok,1.502691006210302,0.5992164028066214,-0.5439536505799999,0.0972309119258367,15.000000000001679,0.25028758400003426,
1430,142,ok,1.8190705637491524,0.25276346952550083,-0.5061444679872471,0.09846611463248749,15.000000000001679,0.24177512500318699,
1431,143,ok,1.7205657595218835,0.32444289200888726,-0.39096663629979256,0.07653210830227604,15.000000000001679,0.24770437501138076,
1432,143,ok,1.6838145190869607,0.4007562148589965,-0.5269256592498878,0.08300930866906554,15.000000000001679,0.21443683301913552,
1433,143,ok,1.4088560146129483,0.5913721183977086,0.0253527332593811,0.09063285432523237,15.000000000001679,0.24104654201073572,
1434,143,ok,1.9013414140475606,0.10885576297468916,-0.19665362325249014,0.07507011547712232,15.000000000001679,0.2310894999827724,
1435,143,ok,1.6576877557494525,0.7367903456969691,-1.0734197989776757,0.10722463077933161,15.000000000001679,0.22832733401446603,
1436,143,ok,1.3116498845274327,0.7708114891558593,-0.45773466592513073,0.10799015380225574,15.000000000001679,0.24671720797778107,
1437,143,ok,1.6690907701993352,0.38948820638120174,-0.43831012055321233,0.07518932729110471,15.000000000001679,0.26742945800651796,
1438,143,ok,1.99170089355042,0.010307710424845903,-0.08942618282540112,0.07499956946558418,15.000000000001679,0.2574942080245819,
1439,143,ok,2.021248087474721,-0.020863106366379013,0.039447895348750636,0.08350736221077534,15.000000000001679,0.2378309170017019,
1440,143,ok,1.8898581101724046,0.11466787140502925,0.1307151156981076,0.08503289961670393,15.000000000001679,0.26275833300314844,
1441,144,ok,1.8613765860453517,0.1869234705207731,-0.4212793530775166,0.09236298609189333,15.000000000001679,0.22273954100091942,
1442,144,ok,1.9798847882199206,0.020117578306026104,0.0030611912461774716,0.07510674383224444,15.000000000001679,0.2523661250015721,
1443,144,ok,1.5760210877318421,0.44526786381566,0.2581674915459686,0.07506240201816086,15.000000000001679,0.24781899998197332,
1444,144,ok,1.2358795741252648,0.7838447051516316,-0.21991957746486346,0.08413657968252457,15.000000000001679,0.22033629199722782,
1445,144,ok,1.5180522642770342,0.4878731897960219,-0.13399696615585546,0.09298884243826068,15.000000000001679,0.26353845800622366,
1446,144,ok,1.5345502938145925,1.0239563684466042,-1.1841382662301354,0.10708457477665374,15.000000000001679,0.23204487501061521,
1447,144,ok,1.2338643554508293,0.9081260922775827,-0.5746586963468564,0.09741581689795958,15.000000000001679,0.2206679999944754,
1448,144,ok,1.609927699310066,0.3936541766660478,0.10733262720798886,0.08613703501070938,15.000000000001679,0.23663975001545623,
1449,144,ok,2.008785514622263,-0.0035216628464436735,0.14532787159128013,0.09058534753581148,15.000000000001679,0.24914487500791438,
1450,144,ok,2.4825000379056648,-0.4682338625728031,-0.2657593607957525,0.09834795803881162,15.000000000001679,0.219803750020219,
1451,145,ok,1.4857074535230421,0.7063261279623092,-0.7305713861498617,0.10727321065867698,15.000000000001679,0.22040770799503662,
1452,145,ok,1.2913006553087976,0.7198939130040178,-0.16966375109835724,0.07503592577828828,15.000000000001679,0.27813920797780156,
1453,145,ok,1.9154847805027722,0.13306363936916854,-0.4285213760038809,0.09754014774275098,15.000000000001679,0.23586524999700487,
1454,145,ok,1.690249581763895,0.32949092677651304,-0.25757151420727575,0.11204375633531798,15.000000000001679,0.22696391699719243,
1455,145,ok,1.9575943307919188,0.04782336163326429,-0.14554015447226895,0.08907213235586793,15.000000000001679,0.24636133402236737,
1456,145,ok,1.8508459992192046,0.1622654184174048,-0.21991480277866496,0.08380009280438225,15.000000000001679,0.2277059170010034,
1457,145,ok,1.5146418431318525,0.5953673648635059,-0.5666983970996957,0.09880212922064091,15.000000000001679,0.20627608301583678,
1458,145,ok,1.9381946653034812,0.06419982104534065,-0.09631317547450441,0.0749386851203465,15.000000000001679,0.255157791019883,
1459,145,ok,1.6917485319334076,0.31311669449567103,0.1282100187568404,0.0915620452300728,15.000000000001679,0.2096868749940768,
1460,145,ok,1.8028168178277972,0.19739952337646896,0.027928485805063834,0.08606265649551896,15.000000000001679,0.26793391699902713,
1461,146,ok,1.6070939404067333,0.47231390612675916,-0.498924976202195,0.07499593724270999,15.000000000001679,0.23468337501981296,
1462,146,ok,1.2913560453483344,0.7758784482132258,-0.41125036450905356,0.1010462304513468,15.000000000001679,0.232780249993084,
1463,146,ok,1.2075455127444628,0.7927007870758697,-0.024388026202686444,0.08016556832506215,15.000000000001679,0.233995207992848,
1464,146,ok,1.5516578063406696,0.48710127001797987,-0.3446438463061974,0.07499311475480692,15.000000000001679,0.21999383400543593,
1465,146,ok,1.7435699282429373,0.3858148466719408,-0.6591224358557001,0.10730892885043306,15.000000000001679,0.2355731249845121,
1466,146,ok,1.702007762910658,0.29951851680516656,0.0720635158706701,0.0966318980789336,15.000000000001679,0.2334923339949455,
1467,146,ok,2.159348248391082,-0.14582268516629893,-0.24130864397142987,0.07503583175681167,15.000000000001679,0.24052508300519548,
1468,146,ok,1.933206485349737,0.06975651905598694,-0.10699261316288454,0.07885308159291705,15.000000000001679,0.24719154098420404,
1469,146,ok,2.3745151321454916,-0.3712755227201194,0.12399398427482393,0.10075933316113338,15.000000000001679,0.24036387499654666,
1470,146,ok,1.8539571284821854,0.14627450022430227,0.02930538740998899,0.0822254750857891,15.000000000001679,0.2245469169865828,
1471,147,ok,1.5228113960279166,0.5487825703484954,-0.46143528229663217,0.09688072414194353,15.000000000001679,0.26200874999631196,
1472,147,ok,1.5641617200820217,0.5847955698737719,-0.6661818877161454,0.10086554078496518,15.000000000001679,0.21750845899805427,
1473,147,ok,1.3404021831468063,0.7397238844553181,-0.4564889102402509,0.10003118612024778,15.000000000001679,0.230572791013401,
1474,147,ok,1.7332539902702007,0.3087415687154537,-0.3792285767139766,0.07821589472654664,15.000000000001679,0.2739259170193691,
1475,147,ok,2.0459891867233484,-0.04177056862734538,0.1313190666888703,0.106616827771795,15.000000000001679,0.23401237500365824,
1476,147,ok,2.036918585565986,-0.035514314318370634,-0.0756227507377982,0.11132760140182185,15.000000000001679,0.24869724997552112,
1477,147,ok,1.53083325395466,0.6212362044800058,-0.6651773053680597,0.09567096215044774,15.000000000001679,0.2263483749993611,
1478,147,ok,1.4368750805945631,0.5818140399789792,-0.23099476191655963,0.10773922847337451,15.000000000001679,0.20879291702294722,
1479,147,ok,1.7078665553372927,0.40348779234300575,-0.606594544685213,0.08980219952217147,15.000000000001679,0.20909275001031347,
1480,147,ok,1.9739314534615566,0.05014885953488291,-0.30738560960418376,0.08189530230449776,15.000000000001679,0.2559058330080006,
1481,148,ok,1.8094728573593544,0.19314073788865072,-0.09721948592055545,0.07494871384692185,15.000000000001679,0.27763183301431127,
1482,148,ok,1.7070889199888124,0.37747748522147717,-0.5306347800374079,0.10823846826202273,15.000000000001679,0.2069338750152383,
1483,148,ok,1.531088349620064,0.5523417176165325,-0.4985148260471705,0.09551577036171394,15.000000000001679,0.22411420798744075,
1484,148,ok,1.7854594383194942,0.36043329996857537,-0.7068850274494627,0.10455656609445806,15.000000000001679,0.2422089580213651,
1485,148,ok,1.3532696483654785,0.6603844656180701,-0.1917523434793996,0.10956297025112316,15.000000000001679,0.23327541697653942,
1486,148,ok,1.7878076022990834,0.22297877256425055,-0.19609074450656624,0.07735313010262519,15.000000000001679,0.229122249991633,
1487,148,ok,1.8092538113985603,0.1907984161012452,-0.013747104366180426,0.07818963316785063,15.000000000001679,0.30783491701004095,
1488,148,ok,1.7467697100470412,0.4367920076552248,-0.7794775125731603,0.10921098378350208,15.000000000001679,0.19167162498342805,
1489,148,ok,1.845964974111224,0.2755237966841494,-0.6586110459465442,0.10659467840999166,15.000000000001679,0.23597529099788517,
1490,148,ok,1.4683278906704518,0.8377251899332472,-0.8972759109688792,0.10415573885710334,15.000000000001679,0.24998500000219792,
1491,149,ok,1.4671216290506974,0.5810679267289173,0.3729311543314647,0.09298909924938976,15.000000000001679,0.2403572500043083,
1492,149,ok,2.030894440440691,-0.023705679505248867,0.17072653850853456,0.07599010187402382,15.000000000001679,0.219761207990814,
1493,149,ok,1.5592197911703418,0.4410729824177534,-0.03021441757516996,0.07812019335888883,15.000000000001679,0.24413429200649261,
1494,149,ok,2.2500293119423316,-0.18360236689735185,-0.5426901582670973,0.08636117370442954,15.000000000001679,0.2260050410113763,
1495,149,ok,1.706675187467492,0.35141268223776734,-0.44147485911513273,0.10580873050644479,15.000000000001679,0.25253679198795,
1496,149,ok,1.6393466509271544,0.36950666642825253,-0.17014385408873037,0.07498034258905481,15.000000000001679,0.2312352079898119,
1497,149,ok,1.6078935520367168,0.3974434616457656,-0.13089773129945234,0.07499691405839438,15.000000000001679,0.25960279200808145,
1498,149,ok,1.1112446049893048,0.8889925446493806,0.02295661719804877,0.09982056214954935,15.000000000001679,0.22142558300402015,
1499,149,ok,2.1086100517773474,-0.10853962504325322,-0.01723369022949639,0.07970910040667846,15.000000000001679,0.23566758399829268,
1500,149,ok,1.485412385095041,0.5154959646466207,-0.05193960736538922,0.07900173073527343,15.000000000001679,0.2528122090152465,
1501,150,ok,1.7676414987714812,0.23275329026844171,0.03735686178026692,0.08722139313435229,15.000000000001679,0.1886567500187084,
1502,150,ok,1.1561074100942195,1.046410414193247,-0.6536445865420053,0.09843957436853946,15.000000000001679,0.266955000028247,
1503,150,ok,1.9372122925718274,0.06284107091805582,0.014378802783610981,0.10588427586433002,15.000000000001679,0.20380545800435357,
1504,150,ok,1.8758868036765584,0.27083853876918085,-0.7272908229875811,0.08041757581903891,15.000000000001679,0.24130879100994207,
1505,150,ok,1.8957226298695895,0.1046298620396703,0.036555841228367865,0.08203364248033623,15.000000000001679,0.2384768339979928,
1506,150,ok,1.7684812631648057,0.23238894605800905,-0.05547197623188446,0.09178652464054682,15.000000000001679,0.2686295000021346,
1507,150,ok,1.779371456975925,0.27433760987566247,-0.4338802798134348,0.07502784894881871,15.000000000001679,0.2268588749866467,
1508,150,ok,1.7324242750372343,0.28993675566559063,-0.27744831791661806,0.08786366983491002,15.000000000001679,0.27025041700107977,
1509,150,ok,1.5035477526145167,0.7608699916298851,-0.8515941913545692,0.09925231524093646,15.000000000001679,0.2484889579936862,
1510,150,ok,1.8326543532858763,0.17353153202779348,-0.1504490416085597,0.0750603836094335,15.000000000001679,0.28410570800770074,
1511,151,ok,1.7541826927482589,0.24581829798302093,-0.0018643621824447505,0.10131169801516222,15.000000000001679,0.2325558330048807,
1512,151,ok,1.0531629644427674,0.9477233480419155,0.043198118220153674,0.08269561609326767,15.000000000001679,0.26442975000827573,
1513,151,ok,1.288279067941175,0.777667830892726,-0.4068992814701063,0.09843994298966681,15.000000000001679,0.22993299999507144,
1514,151,ok,1.8920688070354201,0.12070607324232212,-0.21949648609521316,0.08064374060476075,15.000000000001679,0.23635408299742267,
1515,151,ok,2.0457136131613844,0.014785687953187522,-0.49383025658449503,0.09431898451339393,15.000000000001679,0.24083708401303738,
1516,151,ok,0.9412987351091769,1.1039871506983063,-0.2884515255712765,0.09831431966379878,15.000000000001679,0.21757541698752902,
1517,151,ok,1.696335143060873,0.3944895903425598,-0.5476214404722947,0.11031943594410783,15.000000000001679,0.23176766600226983,
1518,151,ok,1.6564076053896282,0.537523441895082,-0.7777200474375048,0.10172308230374254,15.000000000001679,0.23883054198813625,
1519,151,ok,1.6933222518696718,0.306761976661811,0.016889197694343265,0.08597700347224957,15.000000000001679,0.2533471670176368,
1520,151,ok,1.6449406095971961,0.37665366359004276,0.2656619678583392,0.07500149673822279,15.000000000001679,0.2724837080168072,
1521,152,ok,1.5363016052359169,0.7835567871534035,-0.9383435043574954,0.10730807801435473,15.000000000001679,0.23870958399493247,
1522,152,ok,1.562494811583086,0.5489712235732194,-0.5795735727286597,0.0976546348740448,15.000000000001679,0.2182951669965405,
1523,152,ok,2.0824883927651263,-0.06584872411830861,0.2627298138016206,0.0760170582294488,15.000000000001679,0.24834441699204035,
1524,152,ok,1.326024556060608,0.7025492654874811,-0.2737931971190269,0.07998589363264438,15.000000000001679,0.2382969169993885,
1525,152,ok,1.5576232066760696,0.6107899286320402,-0.7044752881298747,0.09995387397200048,15.000000000001679,0.2668750419979915,
1526,152,ok,1.8123087683140533,0.188628525508723,0.05827909665821273,0.08984542576097605,15.000000000001679,0.2331759590015281,
1527,152,ok,1.7828056469820064,0.21993999634040576,-0.098905805099276,0.08369097776255473,15.000000000001679,0.25599949999013916,
1528,152,ok,0.9323337020651248,1.1467872841677773,-0.3758645946995589,0.09670027244268639,15.000000000001679,0.22812091698870063,
1529,152,ok,1.9040129935175167,0.10334730155414491,-0.16725436006750635,0.07503927100876141,15.000000000001679,0.25386195798637345,
1530,152,ok,2.177448314951547,-0.17129387360976797,0.16359730654879617,0.08973197903396285,15.000000000001679,0.21988137500011362,
1531,153,ok,2.039847745599473,-0.03545324899506694,-0.13382412481566,0.10577263454296017,15.000000000001679,0.2638004169857595,
1532,153,ok,1.6719149848185029,0.5618791275471953,-0.8527063226435219,0.0852264448947873,15.000000000001679,0.2357296250120271,
1533,153,ok,1.8314860759489826,0.16875680671099755,-0.029826388110192763,0.08850226356712196,15.000000000001679,0.22033504201681353,
1534,153,ok,1.7776456046864622,0.22542295019439604,0.10440397580713448,0.10730520491390386,15.000000000001679,0.21784470800776035,
1535,153,ok,1.2397112236261643,0.7734072409466612,-0.17987251436114257,0.08251395439719676,15.000000000001679,0.2512900829897262,
1536,153,ok,1.9033814318200604,0.13640913243325847,-0.38715623890003686,0.08617779814728661,15.000000000001679,0.278206416987814,
1537,153,ok,1.7463058063984211,0.25453740816590775,0.05426149618885168,0.08239896507180583,15.000000000001679,0.21092066701385193,
1538,153,ok,1.8507304664516429,0.15113550184714095,0.08308626193476545,0.08342607675303132,15.000000000001679,0.23893879202660173,
1539,153,ok,1.7809447917074275,0.2819878655625792,-0.4692532973092357,0.08386157546530543,15.000000000001679,0.25762462499551475,
1540,153,ok,1.882157981514172,0.11846227294573616,-0.04831613652783019,0.09273571262555377,15.000000000001679,0.2521212080027908,
1541,154,ok,1.598555121663398,0.40725889023418455,-0.13621392828283016,0.09666214013036209,15.000000000001679,0.24140650001936592,
1542,154,ok,1.1556797329789437,0.8445705207071869,-0.02404919124254936,0.08438087410959372,15.000000000001679,0.26444508400163613,
1543,154,ok,1.7283130023504283,0.27516667367795794,-0.1096167437136847,0.09537746963075147,15.000000000001679,0.243078166997293,
1544,154,ok,1.753372436685722,0.29665174501499264,-0.4158360541953479,0.10809360359072323,15.000000000001679,0.2603356250037905,
1545,154,ok,1.4657557546848856,0.7758800686239647,-0.8062073715861131,0.09135533895971283,15.000000000001679,0.21392841698252596,
1546,154,ok,1.8482719195323851,0.1579904902334082,-0.15201991468675358,0.08612968746808557,15.000000000001679,0.28790724999271333,
1547,154,ok,1.789213701729861,0.24172033986636726,-0.33126772740221655,0.09860620436100562,15.000000000001679,0.23322041699429974,
1548,154,ok,1.7266554694235836,0.27369429546642293,-0.034752332082985275,0.10527498024503784,15.000000000001679,0.25677854201057926,
1549,154,ok,1.9527079293346548,0.06385407404175891,-0.2537857574446218,0.08164128417206007,15.000000000001679,0.260753750015283,
1550,154,ok,1.594712253669306,0.9902961873267373,-1.2343441103177484,0.10199734962408755,15.000000000001679,0.2361864999984391,
1551,155,ok,1.7753944242349233,0.28110177424946853,-0.4443132353600663,0.07503657442369681,15.000000000001679,0.26245204199221916,
1552,155,ok,1.8199659440540594,0.18011274221125312,0.016923547345022816,0.08152710322556855,15.000000000001679,0.28549670800566673,
1553,155,ok,1.5899359565343902,0.5770155261003016,-0.7092330596646811,0.10100982243931564,15.000000000001679,0.24693850000039674,
1554,155,ok,1.3242457240941166,0.6910531466008525,-0.20071091838268745,0.10037930193080949,15.000000000001679,0.20722483299323358,
1555,155,ok,2.137334583183454,-0.13731926867786798,0.008090995630468185,0.07375295628266343,15.000000000001679,0.2339272919925861,
1556,155,ok,1.2421067008848234,0.7626656988677369,-0.10877905875909397,0.0750775086683532,15.000000000001679,0.21633062500040978,
1557,155,ok,1.5625174576469867,0.5011629984752191,-0.44152966866543303,0.08603080113086416,15.000000000001679,0.2763677079929039,
1558,155,ok,1.7032410146361148,0.6615887011035172,-1.0534159429802128,0.10736993151922467,15.000000000001679,0.24643583298893645,
1559,155,ok,1.7611724319776956,0.24353249951451653,-0.1286477939822862,0.08332173524970882,15.000000000001679,0.24212583299959078,
1560,155,ok,1.0650843865626065,0.9521853555112605,-0.1910215205006505,0.0854615570414064,15.000000000001679,0.2684360840066802,
1561,156,ok,1.400287768895861,0.6006708770552318,0.05180580467451779,0.08617247242470848,15.000000000001679,0.24681300000520423,
1562,156,ok,1.9557480975004229,0.04567948807577874,-0.07471249928072995,0.07549899534305894,15.000000000001679,0.24799962498946115,
1563,156,ok,1.8649614843588211,0.1447645020348761,-0.19021720540465178,0.07481321438351615,15.000000000001679,0.2541266659973189,
1564,156,ok,1.753484123606348,0.24672192238964272,-0.026880370355562695,0.07587635528255769,15.000000000001679,0.26559041699511,
1565,156,ok,1.512423282094705,0.6061598275544778,-0.5870551574589533,0.10263856843966226,15.000000000001679,0.24869566698907875,
1566,156,ok,1.7974670800303523,0.44216220347720475,-0.8966768110740027,0.10775758795636131,15.000000000001679,0.24996595800621435,
1567,156,ok,1.892026442697934,0.16804922302208314,-0.4729909202069375,0.10412913661192386,15.000000000001679,0.2804914159933105,
1568,156,ok,1.6552284434243263,0.4358320072400339,-0.5414422317719373,0.10306136230069184,15.000000000001679,0.23161154202534817,
1569,156,ok,1.9964475421077021,0.004547506772214745,-0.06302488126843331,0.07499015917474873,15.000000000001679,0.24199037498328835,
1570,156,ok,1.8986363995970088,0.10177326605013517,-0.03943912261601851,0.07692964220321954,15.000000000001679,0.287229000008665,
1571,157,ok,1.8937145983701436,0.11553670195795729,0.18695737057602493,0.08852247610335023,15.000000000001679,0.26259666701662354,
1572,157,ok,1.8585605296893741,0.16461906692692854,-0.29261591383769286,0.08376036382530301,15.000000000001679,0.22231833299156278,
1573,157,ok,1.8041247820376274,0.2161377468188714,-0.2696325107212849,0.09421651794305055,15.000000000001679,0.23272937501315027,
1574,157,ok,1.609237464780354,0.42078092114385385,-0.30937407620782653,0.0751959713405581,15.000000000001679,0.20545912501984276,
1575,157,ok,1.7736133337984787,0.2401609208150342,-0.2206143086954372,0.07876527587197762,15.000000000001679,0.2286912910058163,
1576,157,ok,1.784613683478666,0.21679575272443483,-0.07091270519220841,0.08731906363696022,15.000000000001679,0.28943574998993427,
1577,157,ok,1.3123158193561948,0.6924080720121198,-0.1112481891693468,0.08200768543344886,15.000000000001679,0.24243874999228865,
1578,157,ok,1.2137711543994658,0.8165069675798008,-0.2694153994578872,0.08105925382217773,15.000000000001679,0.23606470797676593,
1579,157,ok,1.302567957010723,0.7371517332017388,-0.3192139371576936,0.0882255599538848,15.000000000001679,0.22055816699867137,
1580,157,ok,1.9269457529358165,0.07619350388396375,-0.10994771602502783,0.07558161184298613,15.000000000001679,0.26685816698591225,
1581,158,ok,1.875124167495847,0.12491251177781325,-0.011728386061341321,0.08102566507864632,15.000000000001679,0.243179166020127,
1582,158,ok,1.4426123297129667,0.8889699811464092,-0.9201861936836824,0.09344976708266804,15.000000000001679,0.2516825410129968,
1583,158,ok,1.6751545643157764,0.3763425885780503,-0.4121643175755897,0.074963611630454,15.000000000001679,0.2599597919906955,
1584,158,ok,1.789435650262276,0.5151255238025959,-0.998612906168881,0.11003341046348963,15.000000000001679,0.272579707991099,
1585,158,ok,1.4260892353777241,0.582554153733518,0.15677302115516667,0.0867673667073098,15.000000000001679,0.2526651250082068,
1586,158,ok,1.5030608762171314,0.5691036215784674,-0.4601386224114999,0.07863419386299433,15.000000000001679,0.25218483299249783,
1587,158,ok,1.740289443486077,0.2701020470029879,-0.18989581176483597,0.07497693885862369,15.000000000001679,0.2540347919857595,
1588,158,ok,1.5145043875995574,0.7405532844755467,-0.8411406010964976,0.11356152040659363,15.000000000001679,0.2535265829937998,
1589,158,ok,1.8410104258533158,0.159025573719433,-0.011513030945183701,0.07751598325919837,15.000000000001679,0.25102291599614546,
1590,158,ok,1.7190736003362985,0.2822804809987953,-0.0682180138634475,0.07487107401426712,15.000000000001679,0.27958141700946726,
1591,159,ok,1.5718102256767446,0.4779938752187611,-0.39253629344351637,0.08010644392495973,15.000000000001679,0.24401641701115295,
1592,159,ok,1.3368614638954033,0.6635076045162795,-0.03141099270554243,0.07548007267088994,15.000000000001679,0.26616358300088905,
1593,159,ok,1.595700135441235,0.4484567241724364,-0.37279000185285127,0.09203526483370075,15.000000000001679,0.1987819999922067,
1594,159,ok,1.5458549880718961,0.4656024492099093,-0.18786111964995147,0.07494904265958523,15.000000000001679,0.2553175830107648,
1595,159,ok,1.8476355049038036,0.15246965558220463,0.019712570522271176,0.08435311621299846,15.000000000001679,0.2492575409996789,
1596,159,ok,1.6486290905881777,0.4507055967597713,-0.5636175391363413,0.10999840141425231,15.000000000001679,0.22413762501673773,
1597,159,ok,1.6101192724654507,0.5983174352721252,-0.7923194174716152,0.10374693880490532,15.000000000001679,0.2586314159852918,
1598,159,ok,1.3571730967531115,0.6839683160133777,0.3316314540175066,0.07830738312904445,15.000000000001679,0.226470583002083,
1599,159,ok,1.1188777937887828,0.8885293597131505,0.1285322263636433,0.08541749041464904,15.000000000001679,0.2551260420004837,
1600,159,ok,1.6299993648143576,0.4123899513421397,-0.3693132311409864,0.07496666674610435,15.000000000001679,0.2557024999987334,
1601,160,ok,1.3427990550447837,0.7958180174622477,-0.5941843612555049,0.09899271399644079,15.000000000001679,0.24205983299179934,
1602,160,ok,1.7500912693398862,0.25138150148237237,0.07178299005789407,0.09552013489550727,15.000000000001679,0.23258000001078472,
1603,160,ok,1.4534386403272785,0.5579472466411884,-0.1815702005470028,0.09536700581634168,15.000000000001679,0.24770362497656606,
1604,160,ok,2.4650699104755933,-0.4446563162118073,-0.3165835737019011,0.09052522504090718,15.000000000001679,0.246361416997388,
1605,160,ok,1.4682311241064012,0.6801580852092922,-0.6432106604809531,0.10229944131499483,15.000000000001679,0.20200137500069104,
1606,160,ok,1.5635688435567645,0.47197422068784733,-0.3314886820072855,0.07498974098654504,15.000000000001679,0.28540245900512673,
1607,160,ok,2.0557317073778885,-0.0555705508797146,0.025740300597973498,0.08915077642653015,15.000000000001679,0.276819249993423,
1608,160,ok,1.2898280450268698,0.7102736563329091,0.016197042598993478,0.09584741804701852,15.000000000001679,0.2425723329943139,
1609,160,ok,1.1336333174777684,1.0443580077809964,-0.6098138086361645,0.09971045875245373,15.000000000001679,0.22859770900686271,
1610,160,ok,1.3691937712671145,0.6873946541196869,-0.3895623046998864,0.09575669668773126,15.000000000001679,0.25702116699540056,
1611,161,ok,1.798822448736394,0.24156779037433784,-0.3790492926111423,0.07867170579238525,15.000000000001679,0.23844795799232088,
1612,161,ok,2.0489050281602066,-0.04824006194654052,-0.052196389313905724,0.0752372462304095,15.000000000001679,0.27334104100009426,
1613,161,ok,1.5574267111953193,0.6375638935734415,-0.7545500756410459,0.10006147864602556,15.000000000001679,0.22600204197806306,
1614,161,ok,1.2225897460086812,0.7989392303222913,-0.22842660656491334,0.08791990709653481,15.000000000001679,0.238660874980269,
1615,161,ok,1.3055645129361204,0.6981212207073354,-0.09803234907708301,0.07503536999598617,15.000000000001679,0.25114124998799525,
1616,161,ok,1.6320249609252189,0.384366356661399,0.2307236520068996,0.08557890381541562,15.000000000001679,0.254030000010971,
1617,161,ok,1.81717393203438,0.18444989616754687,0.07680442525830532,0.08093161487372008,15.000000000001679,0.2638934999995399,
1618,161,ok,2.0584284255348972,-0.031953592013680435,-0.3290777764492444,0.10119979478235981,15.000000000001679,0.23334691699710675,
1619,161,ok,1.8576302447452986,0.1429643618832503,-0.04699749947385397,0.082246412244233,15.000000000001679,0.280381499993382,
1620,161,ok,1.9258962554786685,0.08070785831666574,-0.15935514343552623,0.07923496149597836,15.000000000001679,0.23438645800342783,
1621,162,ok,1.9839463603347987,0.01911932259025253,-0.11024927460258181,0.07379420523393475,15.000000000001679,0.23639062501024455,
1622,162,ok,1.9615956872383034,0.039063957846181045,0.050867266233089334,0.07507538177448844,15.000000000001679,0.2958613329974469,
1623,162,ok,1.7477355752418748,0.2524572169327077,-0.02595885813108702,0.08005913710861373,15.000000000001679,0.29976233301567845,
1624,162,ok,1.1680371511579726,0.8765848901140991,-0.31976440915974624,0.09551969114466055,15.000000000001679,0.2226408749993425,
1625,162,ok,1.7363834577886919,0.6507558515989983,-1.092962826672467,0.10045282372935535,15.000000000001679,0.24959729198599234,
1626,162,ok,1.801541284675492,0.24997787107145694,-0.42775407496671647,0.08779060929172515,15.000000000001679,0.24464700001408346,
1627,162,ok,1.4335560287553186,0.7581139719113367,-0.7161019346565703,0.09450493130338275,15.000000000001679,0.21730774999014102,
1628,162,ok,1.3901257909357159,0.6106485562783953,-0.04639267672103315,0.07503039045620728,15.000000000001679,0.25854545799666084,
1629,162,ok,1.6308863140025704,0.42026157833907857,-0.4052365831574832,0.1001722719836671,15.000000000001679,0.24490595899987966,
1630,162,ok,1.976269625266385,0.02473869401667252,-0.06312214219730282,0.07503217562122028,15.000000000001679,0.2793567089829594,
1631,163,ok,1.8988992130544178,0.10139318851449634,-0.03332261573670735,0.07831613508238298,15.000000000001679,0.2490864160063211,
1632,163,ok,2.070424071496795,-0.06871705494359416,-0.08405701885546826,0.07885455928861122,15.000000000001679,0.28309041701140814,
1633,163,ok,1.8352238404102355,0.186883987649558,-0.2840015319827077,0.0889700738567063,15.000000000001679,0.24375475000124425,
1634,163,ok,1.6238758190154887,0.7558046491025285,-1.0435279605206282,0.10623253119477,15.000000000001679,0.2350153750157915,
1635,163,ok,1.963551931413601,0.036558413223516974,-0.020816403981712146,0.07562998165230174,15.000000000001679,0.28077658300753683,
1636,163,ok,1.6879783951287441,0.5024266349427307,-0.7788100401846766,0.1014981896526452,15.000000000001679,0.24600241598091088,
1637,163,ok,2.039868720785216,-0.034540125650031325,-0.14734610669396442,0.09395745172512934,15.000000000001679,0.25229770797886886,
1638,163,ok,1.812991039287589,0.1870478157076201,0.011869541127628388,0.09138578445676536,15.000000000001679,0.22803170801489614,
1639,163,ok,1.904012928230746,0.22624843351901502,-0.6921492695048315,0.10371995151997095,15.000000000001679,0.19784199999412522,
1640,163,ok,1.5350315017853584,0.5381062422209412,-0.4681755572859772,0.08603096755833328,15.000000000001679,0.2696179999911692,
1641,164,ok,2.1409807045455627,-0.10857825114953142,-0.3710742998586639,0.1128102685012112,15.000000000001679,0.2180443330144044,
1642,164,ok,2.3925229502659806,-0.3766796913088599,-0.27488126976833704,0.09136829204273383,15.000000000001679,0.19975429199985228,
1643,164,ok,1.481384735434617,0.5332441932873736,-0.20767315149889273,0.07741817682204746,15.000000000001679,0.24971983299474232,
1644,164,ok,1.502150717906422,0.5485233099241239,0.386874911920065,0.0772811917200643,15.000000000001679,0.2603868330188561,
1645,164,ok,1.7141039510471505,0.29402679945294224,0.16675669105220509,0.08761513611237912,15.000000000001679,0.2506913329998497,
1646,164,ok,1.8909823427752228,0.11270725338689613,-0.11806908684849467,0.07499367486916662,15.000000000001679,0.23106304198154248,
1647,164,ok,1.5441893237554865,0.4672601496581244,-0.18769448253582385,0.07506598646071129,15.000000000001679,0.22506270799203776,
1648,164,ok,1.3753711198251333,0.7023834684237914,-0.4558914939206167,0.09842435418907626,15.000000000001679,0.20430287497583777,
1649,164,ok,1.4558494940322781,0.5740835455108114,0.29370055173768844,0.08291176418632985,15.000000000001679,0.23928874998819083,
1650,164,ok,1.6414260323661414,0.4265908357211469,-0.4676141801662717,0.0898052414694692,15.000000000001679,0.2524644579971209,
1651,165,ok,1.951635898251752,0.11837916642159349,-0.5180595699228283,0.10284593163524272,15.000000000001679,0.22293824999360368,
1652,165,ok,1.5506035396408187,0.6487141163391307,-0.7605246858357062,0.10069119711585088,15.000000000001679,0.2612864999973681,
1653,165,ok,1.434781818502542,0.5739830938564736,-0.15834977138697323,0.09354704177257503,15.000000000001679,0.22473954199813306,
1654,165,ok,0.9992310877818678,1.0030440564508645,-0.06739149361594282,0.0943133950016341,15.000000000001679,0.22551512499921955,
1655,165,ok,1.6617748887333148,0.5394913441539144,-0.7927233105083271,0.08943079467416733,15.000000000001679,0.2521844160219189,
1656,165,ok,1.2680074782716577,0.7440027992298405,-0.1741091514262593,0.09095163839884293,15.000000000001679,0.22283399998559617,
1657,165,ok,1.6942931305166267,0.3400501320682424,-0.3394048439094101,0.09336349833141383,15.000000000001679,0.20430645797750913,
1658,165,ok,1.748602382739834,0.28941225884979366,-0.36262911183475005,0.0751161964812622,15.000000000001679,0.23892091598827392,
1659,165,ok,1.5961751243835982,0.5687669377913392,-0.7066448537573985,0.1066527475647197,15.000000000001679,0.24205662499298342,
1660,165,ok,1.5254286453503376,0.48609962551684144,-0.18718495718171013,0.07503001588577703,15.000000000001679,0.22558933298569173,
1661,166,ok,1.0884354468755206,0.9537399191593954,-0.30005260414554935,0.08840770517567392,15.000000000001679,0.2595607500115875,
1662,166,ok,1.716359389526833,0.2953060114278101,-0.19976976583747888,0.09710375447895407,15.000000000001679,0.26347429197630845,
1663,166,ok,1.9113549846969282,0.08980233790557249,0.06650390405666495,0.08152281150859174,15.000000000001679,0.19441174998064525,
1664,166,ok,1.5569446877377273,0.8174268111307179,-1.0127178351556105,0.10660555365422482,15.000000000001679,0.2941199589986354,
1665,166,ok,1.7989765918001879,0.2245407151506378,-0.28993293308489676,0.07484970014660433,15.000000000001679,0.24617554200813174,
1666,166,ok,1.5267317555189908,0.702461501234072,-0.8045518613056347,0.09549402781429807,15.000000000001679,0.2452957920031622,
1667,166,ok,1.0054046306655173,1.094092256780743,-0.43608443235118793,0.0915977263487017,15.000000000001679,0.23132633298519067,
1668,166,ok,1.5420625384731184,0.5532331747186083,-0.53368776061229,0.10049241132200389,15.000000000001679,0.22022291700704955,
1669,166,ok,1.5155945263218222,0.6609106260927003,-0.7098354858030308,0.08985804622770308,15.000000000001679,0.2372916250023991,
1670,166,ok,1.8251156840885319,0.17645440161857534,0.07568824829312724,0.08123790600791142,15.000000000001679,0.23684883399982937,
1671,167,ok,1.6259359882185562,0.46197543288745724,-0.5273976381654821,0.10349866002145168,15.000000000001679,0.23452916700625792,
1672,167,ok,1.630053133835793,0.4282080229700932,-0.4319064714406419,0.10403150253313892,15.000000000001679,0.221775375015568,
1673,167,ok,1.6303409770523063,0.40913465098503515,-0.3565938063951229,0.07842665728167396,15.000000000001679,0.27428516699001193,
1674,167,ok,2.2586381631562014,-0.2584820007438641,0.02655944994936755,0.09984859952859673,15.000000000001679,0.23338195797987282,
1675,167,ok,1.8258687361429615,0.17414482925492866,0.007038258860117717,0.08722950138893522,15.000000000001679,0.25336170798982494,
1676,167,ok,2.256437728409915,-0.24183875358623033,-0.25626202432400075,0.11021510491866794,15.000000000001679,0.22213666699826717,
1677,167,ok,1.6794188560062484,0.32172428146662935,0.061954067587481725,0.08266066917140318,15.000000000001679,0.23188899998785928,
1678,167,ok,1.9284952687926726,0.09607074370192283,-0.30683446476556936,0.10556989688475774,15.000000000001679,0.23917774998699315,
1679,167,ok,2.076504928500845,-0.0761339015935835,-0.03925227053438148,0.07783220668123232,15.000000000001679,0.23979087499901652,
1680,167,ok,1.3318643197880096,0.7272979263770714,-0.3925455363652414,0.09013570957764398,15.000000000001679,0.24840095898252912,
1681,168,ok,1.8237118038389522,0.20045116365863153,0.2958863448757842,0.08660810466078941,15.000000000001679,0.22864216699963436,
1682,168,ok,1.6276472760229679,0.3841363255679444,-0.19549997646015965,0.0894894909511305,15.000000000001679,0.2357090830046218,
1683,168,ok,1.440121882400121,0.6521221733208935,-0.5071256259690263,0.08417200993463313,15.000000000001679,0.24745458402321674,
1684,168,ok,2.2327189886661065,-0.0483095863287397,-0.8885166970316251,0.09944398195956586,15.000000000001679,0.22916124999755993,
1685,168,ok,1.6202157390875003,0.38117135882478165,0.06702888703872921,0.084985917861399,15.000000000001679,0.24052579200360924,
1686,168,ok,1.627436197415297,0.3791186739905711,0.14591882555543303,0.07493020740482649,15.000000000001679,0.25661645899526775,
1687,168,ok,1.6015855212018313,0.4677973648199437,-0.46629525675330735,0.10238118598145328,15.000000000001679,0.22643795900512487,
1688,168,ok,1.4828614799316358,0.5953707740316594,-0.47528402689404664,0.09362028017790619,15.000000000001679,0.23481100000208244,
1689,168,ok,1.888857123782807,0.1146637369790295,-0.11527536338341968,0.0749861199129139,15.000000000001679,0.25559274997795,
1690,168,ok,1.576179249837848,0.42492767224079114,0.05906090031982309,0.07897891598115976,15.000000000001679,0.2266949159966316,
1691,169,ok,1.7219265082076287,0.3600530654641303,-0.5249809059142251,0.07524581269806753,15.000000000001679,0.24219366599572822,
1692,169,ok,2.171381406201826,-0.1665213147122928,-0.1451984989465728,0.09567817615384712,15.000000000001679,0.23865004198160022,
1693,169,ok,2.0128517401851473,0.006277519677891934,-0.2768443595680384,0.08577845733783392,15.000000000001679,0.23442179200355895,
1694,169,ok,1.9276300725677766,0.08266846032723987,-0.1989911144843779,0.07499031287296758,15.000000000001679,0.2759550839837175,
1695,169,ok,1.5545789667586127,0.6057094922171572,-0.6875098135990049,0.10503893444058737,15.000000000001679,0.26942045899340883,
1696,169,ok,1.7356015700150167,0.606567358986959,-1.0347261883213414,0.1066594899631918,15.000000000001679,0.21133741701487452,
1697,169,ok,1.8362916448013913,0.16771694736681791,-0.12126755460809331,0.09723291981157808,15.000000000001679,0.20539870799984783,
1698,169,ok,1.6821645699301504,0.3688135256862139,-0.4109845816378611,0.08564851357738436,15.000000000001679,0.27865237501100637,
1699,169,ok,1.7212466522090861,0.47767778753696993,-0.8032590610647679,0.10326809825638758,15.000000000001679,0.22788366698659956,
1700,169,ok,1.1585487104165508,0.8486816492793979,-0.12923300546627156,0.07845896112029958,15.000000000001679,0.24030929198488593,
1701,170,ok,1.8672752466808638,0.13490820363665706,-0.09027423777157649,0.07737865821899353,15.000000000001679,0.2704702500195708,
1702,170,ok,1.725525098307853,0.3435670127857406,-0.48339075679906285,0.09433655876203824,15.000000000001679,0.20505187500384636,
1703,170,ok,1.5341313641238914,0.5922616601082452,-0.6097801315125296,0.0913639546691399,15.000000000001679,0.22138891700888053,
1704,170,ok,1.6261740039774266,0.3767447033690198,-0.09738651432022996,0.07528328247790138,15.000000000001679,0.23627037499682046,
1705,170,ok,1.1286013394951944,0.8847491894618221,-0.1730797882604553,0.09392033525542588,15.000000000001679,0.2363949999853503,
1706,170,ok,1.674078126904152,0.49809827707511894,-0.7394787283311051,0.10887895534860761,15.000000000001679,0.2254581250017509,
1707,170,ok,2.14133475844745,-0.05442039249022943,-0.6038802850362729,0.11153246905278454,15.000000000001679,0.21534658400923945,
1708,170,ok,1.8631242059783948,0.1785561826411618,-0.3918854770310925,0.0798169010920383,15.000000000001679,0.2894187920028344,
1709,170,ok,2.019575446028219,-0.011777316328655725,-0.177304855279122,0.0872620991047342,15.000000000001679,0.2692223750054836,
1710,170,ok,1.791107603227232,0.23349980186486727,-0.29587750223181314,0.10447254300186214,15.000000000001679,0.21970720798708498,
1711,171,ok,1.649145740632632,0.3651665561179955,-0.2167977966024041,0.07508030807915457,15.000000000001679,0.2561384169966914,
1712,171,ok,1.9531355149035212,0.08439682155819749,-0.3810548547402412,0.10547549698212688,15.000000000001679,0.22765970800537616,
1713,171,ok,1.8796919844885884,0.1348714304942573,-0.23353238697043568,0.08391144170176597,15.000000000001679,0.26373433400294743,
1714,171,ok,1.9318736342654494,0.07484639178867845,-0.16099479358328506,0.09717585520791891,15.000000000001679,0.22480645900941454,
1715,171,ok,1.9415734769202802,0.07974554510932746,-0.28693273558942584,0.07504531901877094,15.000000000001679,0.3048086669878103,
1716,171,ok,1.9624664268281777,0.038251941388256355,-0.0530945473736208,0.1244092370147221,15.000000000001679,0.2109152089979034,
1717,171,ok,1.7444089342680063,0.2603444924512543,-0.12869050085129874,0.0829024265954429,15.000000000001679,0.2746932079899125,
1718,171,ok,1.8197521578598257,0.23248111863355958,-0.43286824790993733,0.11031799425138972,15.000000000001679,0.23134683398529887,
1719,171,ok,2.033074128184134,-0.031557106069081714,-0.07852474432874405,0.0891161182191794,15.000000000001679,0.24914879200514406,
1720,171,ok,1.1428351057154054,0.9104421330033473,-0.34487060373601885,0.08749951600998612,15.000000000001679,0.24779745799605735,
1721,172,ok,1.4956239501886102,0.5261229104101038,-0.25412069014505523,0.09359223815655483,15.000000000001679,0.25663729198276997,
1722,172,ok,2.0708596773773116,-0.06026376578035272,-0.20922002485379457,0.10261719127204531,15.000000000001679,0.22606970797642134,
1723,172,ok,1.6783021607131063,0.3345011320662922,-0.20690979572223875,0.07516991076314898,15.000000000001679,0.21083454199833795,
1724,172,ok,1.506750635484818,0.6302809117307437,-0.6278272825903153,0.08900602992725122,15.000000000001679,0.21314129201346077,
1725,172,ok,1.5362129354165064,0.6737078495746339,-0.7751769569982442,0.10275240210993976,15.000000000001679,0.21864320899476297,
1726,172,ok,1.5442402918447868,0.5865420628111031,-0.6219443212656424,0.08021660095979695,15.000000000001679,0.24169066699687392,
1727,172,ok,1.735310727947629,0.47200606042761767,-0.8225192053442891,0.10757280841341701,15.000000000001679,0.2328474170062691,
1728,172,ok,1.7446718608918956,0.40400192265867296,-0.704748209867026,0.10854547131036672,15.000000000001679,0.2226093749923166,
1729,172,ok,1.8671970619783878,0.1679199400135006,-0.36042686090327364,0.0975183217341259,15.000000000001679,0.23921979201259091,
1730,172,ok,1.5740283988411436,0.4734451880021619,-0.38366105656511384,0.10445754578348476,15.000000000001679,0.2584358339954633,
1731,173,ok,1.814705505780542,0.18667728090907312,0.07082929576735382,0.10982509895225208,15.000000000001679,0.24599795800168067,
1732,173,ok,1.6780808617562664,0.46865610756492576,0.6862516023255976,0.07510913479411362,15.000000000001679,0.22540358299738728,
1733,173,ok,1.6480919231363973,0.41956981201228727,-0.46738357695211324,0.10476313661281805,15.000000000001679,0.21017608398688026,
1734,173,ok,1.2685609241283677,0.7537837910087858,-0.23704847325596698,0.08710273504444549,15.000000000001679,0.21686741700978018,
1735,173,ok,1.6956382758838424,0.3444063275654685,-0.3663314816352416,0.0750095863386022,15.000000000001679,0.24660725001012906,
1736,173,ok,1.6772509461271154,0.404994632296812,-0.5187760723880028,0.10675291215759351,15.000000000001679,0.20303224999224767,
1737,173,ok,1.7878229437897755,0.21341786584492867,-0.0665969688428033,0.07501115727193099,15.000000000001679,0.26879674999509007,
1738,173,ok,1.0618917752238666,0.9382413612149262,0.01681473322303211,0.08116498089915578,15.000000000001679,0.2524695409811102,
1739,173,ok,1.7487211568463852,0.26445282089520644,-0.21424675844351387,0.0750295029919362,15.000000000001679,0.23594266700092703,
1740,173,ok,1.7181873083344978,0.32520273474333217,-0.3836948615899537,0.07851030030162183,15.000000000001679,0.25182208299520425,
1741,174,ok,1.680322420747773,0.36599048404968226,-0.3917860888947742,0.09910045532899828,15.000000000001679,0.2145697909872979,
1742,174,ok,2.0040373405386314,-0.0038528589748594503,-0.027191576847127825,0.07496079454163501,15.000000000001679,0.29521208300138824,
1743,174,ok,1.5547547936159607,0.6386610734190763,-0.7510118476078168,0.09898431449095471,15.000000000001679,0.2108474999840837,
1744,174,ok,0.9068257736323707,1.093329179644639,0.016763270566459727,0.08944300367210295,15.000000000001679,0.2245398329978343,
1745,174,ok,1.706443913624461,0.3450772410510552,-0.416150804707595,0.08625162606495211,15.000000000001679,0.2400617919920478,
1746,174,ok,1.5276737613777576,0.7074085809823281,-0.8142447695158668,0.10332822372216859,15.000000000001679,0.23622787499334663,
1747,174,ok,2.349017278727306,-0.34879015882661546,-0.0326644387473583,0.10339280935089518,15.000000000001679,0.24321120799868368,
1748,174,ok,1.548519040670159,0.5836848149792212,-0.6260690984209224,0.08912878444342029,15.000000000001679,0.25718200000119396,
1749,174,ok,1.861590362616116,0.15227188725040536,-0.2267586812892164,0.0861946736858547,15.000000000001679,0.26072720799129456,
1750,174,ok,1.6396326348001384,0.4031653415166621,-0.372175026792564,0.10280024215544402,15.000000000001679,0.23879425000632182,
1751,175,ok,1.9520556342889015,0.05258977913178515,-0.1345906052332632,0.07498724903968139,15.000000000001679,0.2379995420051273,
1752,175,ok,1.7350400488489681,0.38187884455471177,-0.6261372831977308,0.09181290520169783,15.000000000001679,0.247304125019582,
1753,175,ok,1.3464772419264814,0.9327004411785083,-0.8208974447307004,0.09320259201277283,15.000000000001679,0.21842124999966472,
1754,175,ok,1.8764792881297825,0.14243352403244258,-0.26574669544798807,0.09718872270809248,15.000000000001679,0.2691462920047343,
1755,175,ok,1.4407861185300528,0.5993758116951741,-0.337811371159028,0.09138100919021203,15.000000000001679,0.22168112499639392,
1756,175,ok,2.3116599537360965,-0.30096440897709054,-0.22211377788845316,0.08674103968067819,15.000000000001679,0.24316375001217239,
1757,175,ok,1.5465553885162484,0.8623274543927519,-1.0476329265158517,0.11023589247415423,15.000000000001679,0.22847183400881477,
1758,175,ok,1.492363077369357,0.5077492492604223,0.018309877457387706,0.0842452478489861,15.000000000001679,0.2320989580184687,
1759,175,ok,1.371947070373926,0.6780057362406456,-0.3668377440980701,0.09286184898112643,15.000000000001679,0.22052470801281743,
1760,175,ok,1.9394467521160248,0.06541003270440687,-0.13716910268946592,0.08684878003416492,15.000000000001679,0.23991808301070705,
1761,176,ok,2.1949858211781987,-0.1947530717397909,0.03196418718007008,0.07890051684315344,15.000000000001679,0.26385804198798724,
1762,176,ok,2.530555431817644,-0.5267485116277881,0.1387542881807212,0.11994300161531482,15.000000000001679,0.2248256669845432,
1763,176,ok,2.173900812730322,-0.1547859830826787,-0.2876492841986018,0.10481456221599647,15.000000000001679,0.24022354200133123,
1764,176,ok,2.039798127023923,-0.037311963282401044,0.10067950772979821,0.08815370514647666,15.000000000001679,0.21695291699143127,
1765,176,ok,1.5346623876182155,0.4844945635983206,-0.2417269455542711,0.07501913920696719,15.000000000001679,0.27148195801419206,
1766,176,ok,2.0399724079108656,-0.039952513197588455,-0.009009380472491068,0.0773433130015532,15.000000000001679,0.2559953749878332,
1767,176,ok,1.4553670546052728,0.7412567172330613,-0.7305194122811096,0.09559538149257028,15.000000000001679,0.2390127079852391,
1768,176,ok,1.4010540150627666,0.5990937909126366,0.02035058878685711,0.0796566740071147,15.000000000001679,0.2623411669919733,
1769,176,ok,1.9952385203610778,0.0055790614832838545,-0.05711281063618083,0.07498193867250233,15.000000000001679,0.2525265419972129,
1770,176,ok,1.6837512222126776,0.32117418437395845,0.12869366375327781,0.07786116230653412,15.000000000001679,0.2365974999847822,
1771,177,ok,1.5045818110952973,0.5908469441902239,-0.5273083458288658,0.09224727043206254,15.000000000001679,0.21507749997545034,
1772,177,ok,1.489079246402639,0.7012640983456992,-0.7284518239535415,0.08621386839095803,15.000000000001679,0.3003586250124499,
1773,177,ok,2.01271277027086,-0.011201524474986778,-0.07798155910783232,0.10592836039715181,15.000000000001679,0.21892941600526683,
1774,177,ok,1.6408728820213472,0.514382399568117,-0.6967095235749662,0.08575687175962142,15.000000000001679,0.2439857500139624,
1775,177,ok,1.0108396728651108,1.0375520013537556,-0.30901568591235434,0.09096004178518835,15.000000000001679,0.26528545800829306,
1776,177,ok,1.7642924154625779,0.23753073733553545,0.08018619221384699,0.0748209434027455,15.000000000001679,0.22767575000762008,
1777,177,ok,1.1626830748080814,0.9861190511883865,-0.5691022351757521,0.09778363372567896,15.000000000001679,0.22194779198616743,
1778,177,ok,1.0184826525318844,0.9939223786981699,-0.15847628663000204,0.08462252511216573,15.000000000001679,0.22801037499448285,
1779,177,ok,1.5626916442203709,0.5003085625846667,-0.43923885012518865,0.08926853245920596,15.000000000001679,0.2518688749987632,
1780,177,ok,2.146574161464689,-0.14125220072490274,-0.15106172102353801,0.1009761492916212,15.000000000001679,0.23460508399875835,
1781,178,ok,1.1607686996611566,0.8603579760971354,-0.22045414822051962,0.1006555489120807,15.000000000001679,0.25040366701432504,
1782,178,ok,1.3791786231290726,0.7128131915075212,-0.495261339637116,0.08195945715440803,15.000000000001679,0.25463683300768025,
1783,178,ok,1.2263989232922707,0.8916310713521786,-0.5249501281650685,0.09584927695879035,15.000000000001679,0.238552750000963,
1784,178,ok,2.1149600382318963,-0.11430276762654769,-0.05272352534291977,0.08651533272283875,15.000000000001679,0.2223535419907421,
1785,178,ok,1.5556428579513906,0.6778442325156346,-0.8197126496541329,0.10187266229702381,15.000000000001679,0.23714654200011864,
1786,178,ok,1.6473111469489636,0.3684227760489313,0.22713383091568368,0.07494323699168404,15.000000000001679,0.23729004198685288,
1787,178,ok,2.3075680798246765,-0.30717275105172237,-0.042712291324285605,0.10543713329109794,15.000000000001679,0.22447529202327132,
1788,178,ok,1.8772473826974114,0.12288167396332811,0.022011949063261663,0.08917761455974545,15.000000000001679,0.25004750001244247,
1789,178,ok,1.361728718910764,0.9608134433451945,-0.8799979570284693,0.10290077368673994,15.000000000001679,0.244416875008028,
1790,178,ok,1.501618493834588,0.5005065578738108,-0.07985936417609082,0.07990653640036197,15.000000000001679,0.2792685000167694,
1791,179,ok,2.0037987022259993,-0.0035767565735557593,0.029823138010455434,0.07979071660651062,15.000000000001679,0.3118678749888204,
1792,179,ok,1.9654459569045477,0.03565827528047428,-0.06587410749568014,0.07555343390503177,15.000000000001679,0.28791945800185204,
1793,179,ok,1.4407335153313432,0.591271921186842,0.301990500119455,0.09128724240091193,15.000000000001679,0.23456029099179432,
1794,179,ok,1.6066610554820675,0.7432088372334962,-1.000917439349905,0.10669212006034455,15.000000000001679,0.23047541701816954,
1795,179,ok,1.7843548625592744,0.219087941196438,0.11079040728774986,0.08358994655610556,15.000000000001679,0.23421316599706188,
1796,179,ok,2.0056144814567736,-0.004139228459544862,-0.07691164527366834,0.0792999169305368,15.000000000001679,0.27946333299041726,
1797,179,ok,1.437687194716541,0.6094107006136885,-0.364973793969108,0.10730151543710713,15.000000000001679,0.2392240830231458,
1798,179,ok,1.4143738045782555,0.5919923535479243,0.13404374886452486,0.07946915443949523,15.000000000001679,0.2562913339934312,
1799,179,ok,1.5468032727487673,0.6477214840908235,-0.7509615036716413,0.09795283950054924,15.000000000001679,0.24724075000267476,
1800,179,ok,1.793873446138483,0.22340629204042917,-0.24838827991517745,0.10803370662087816,15.000000000001679,0.22948545799590647,
1801,180,ok,1.2512156410865545,0.7599884318162907,0.1670685226792142,0.09482524232552123,15.000000000001679,0.2563129579939414,
1802,180,ok,1.70721623704599,0.38587738525662885,-0.5560534727951016,0.09379747887699455,15.000000000001679,0.2473221249820199,
1803,180,ok,1.7152822061821975,0.2855853789318701,-0.0545486380497926,0.07476633942021038,15.000000000001679,0.25999125000089407,
1804,180,ok,1.750136731674393,0.31663899690970093,-0.4788259734295422,0.08081417575821945,15.000000000001679,0.25156470900401473,
1805,180,ok,2.0784712682420987,-0.07825745026146688,-0.029812469549248998,0.09251359861814289,15.000000000001679,0.2438872079947032,
1806,180,ok,1.966055283461433,0.035760664859754654,-0.08448202124962702,0.075002184441914,15.000000000001679,0.24674241698812693,
1807,180,ok,2.4479010554014815,-0.44220121563924614,0.16695148806128166,0.09794020256546963,15.000000000001679,0.2559725000173785,
1808,180,ok,2.2417840703012697,-0.2416847418632659,-0.02110298447971745,0.09686551368102322,15.000000000001679,0.1967525000218302,
1809,180,ok,1.3759314796594637,0.6634223056393955,0.3267223647924509,0.09713366276225535,15.000000000001679,0.2398490000050515,
1810,180,ok,1.791339871893233,0.208967789004035,-0.033198732044594385,0.07491003305272212,15.000000000001679,0.2753457920043729,
1811,181,ok,1.4296315525016927,0.802399408966424,-0.7807683396913774,0.09642456910811528,15.000000000001679,0.2285742090025451,
1812,181,ok,1.7772776536834831,0.3316075889756036,-0.6125215270656765,0.09841034873538375,15.000000000001679,0.2722402920189779,
1813,181,ok,1.37707144330468,0.6421306904578934,-0.229165220242683,0.08652959013117198,15.000000000001679,0.21134708399767987,
1814,181,ok,1.46946096653177,0.5356844866337208,0.12286419118414213,0.08831214694669828,15.000000000001679,0.2448522090271581,
1815,181,ok,1.929160620702464,0.08080160408192005,-0.1958014749040114,0.07515356775260311,15.000000000001679,0.25586204099818133,
1816,181,ok,1.9229939014144362,0.08586262354506034,-0.18434654576453338,0.10566174058010745,15.000000000001679,0.3084243749908637,
1817,181,ok,1.8764153096701859,0.1392057334705084,-0.2416176980596214,0.07495656368415055,15.000000000001679,0.2172649579879362,
1818,181,ok,1.9397788052878988,0.06034271584275542,0.021712518506393955,0.08783882623211711,15.000000000001679,0.2153415840002708,
1819,181,ok,1.854438829826971,0.1461182203584055,-0.04545020003189843,0.07495136637002073,15.000000000001679,0.23925450001843274,
1820,181,ok,1.7777331870441657,0.22668590557292861,0.1252693371280555,0.0792085970332786,15.000000000001679,0.280126666999422,
1821,182,ok,1.9550852554760627,0.04492316868644655,0.005739324076628047,0.08157995810397226,15.000000000001679,0.23079037497518584,
1822,182,ok,1.7180625551354067,0.2819437577977927,0.004657465880933338,0.08968470984116958,15.000000000001679,0.27731166599551216,
1823,182,ok,2.156317943830859,-0.14340105377914808,-0.23566713293410496,0.10360659065465086,15.000000000001679,0.23240095798973925,
1824,182,ok,1.9416346342195798,0.05843601668931149,-0.016563559754281656,0.07507836784033232,15.000000000001679,0.28705570800229907,
1825,182,ok,1.2174761217788814,0.7837603783919079,-0.05485699529094526,0.07503516389247634,15.000000000001679,0.21892604199820198,
1826,182,ok,1.7696588845530339,0.23327825792728624,0.10191591517051624,0.09865287749941323,15.000000000001679,0.2115714159735944,
1827,182,ok,1.8363022665324198,0.180201224427686,-0.2456388212347731,0.07511389628599324,15.000000000001679,0.24413745899801143,
1828,182,ok,1.3677473793714323,0.8397514891563299,-0.7242625814319462,0.09779220373393513,15.000000000001679,0.2681638330104761,
1829,182,ok,1.2294464531129696,0.7758227823371041,-0.11370453301074834,0.0808538676869373,15.000000000001679,0.22330454099574126,
1830,182,ok,1.8818146064655534,0.12291504845901886,-0.13333528342302503,0.10747451284518471,15.000000000001679,0.23951987500186078,
1831,183,ok,1.4461556625209007,0.556016165456113,0.07922679986719967,0.07506742264781452,15.000000000001679,0.24983824999071658,
1832,183,ok,1.853447061233965,0.1469158825410576,-0.036677819158645715,0.0756788872736782,15.000000000001679,0.2155113749904558,
1833,183,ok,1.7503713242903676,0.2551102788095051,0.1384183289227697,0.08131868798017058,15.000000000001679,0.25547162498696707,
1834,183,ok,1.3491836545923612,0.7068290583376114,0.3847147637655867,0.09720758611798291,15.000000000001679,0.2225760419969447,
1835,183,ok,2.2805672390517,-0.27994646370508375,0.053207654285588234,0.09666346678864736,15.000000000001679,0.19780479100882076,
1836,183,ok,2.1185667411839355,-0.10901693198259728,-0.20092938426579957,0.10399630328593693,15.000000000001679,0.26819045800948516,
1837,183,ok,2.0172263249307494,-0.01228166892103049,-0.14115428055149276,0.10728813621696028,15.000000000001679,0.2444346659758594,
1838,183,ok,1.6651626092731868,0.5845775280506728,-0.8771235609777817,0.1083504234313004,15.000000000001679,0.20337408399791457,
1839,183,ok,1.0790935140771738,0.9225828278609441,0.060125280068397687,0.07502820518760256,15.000000000001679,0.2451169169798959,
1840,183,ok,1.4660101079183203,0.5500560484104338,-0.2164443895496454,0.09663500904997124,15.000000000001679,0.224349500000244,
1841,184,ok,1.4685308513393207,0.5604491789998034,-0.2903037979308065,0.075043145582447,15.000000000001679,0.23622887500096112,
1842,184,ok,1.6355928942293032,0.48731228245737335,-0.622045002269986,0.09058693299631111,15.000000000001679,0.2504135000053793,
1843,184,ok,1.4986707312836867,0.5848298565553977,-0.4932620256104907,0.08042546951028347,15.000000000001679,0.22990654199384153,
1844,184,ok,1.8635677644299808,0.13644445674501557,-0.006749061132954226,0.0749430928940019,15.000000000001679,0.20452308299718425,
1845,184,ok,1.3165124627789904,0.9769674088264042,-0.8286189607105553,0.10281124524277242,15.000000000001679,0.2536539580032695,
1846,184,ok,1.4768184394384378,0.5695114288853224,-0.3670083799801714,0.10408867953184031,15.000000000001679,0.2480556670052465,
1847,184,ok,1.8547033768193963,0.1588198221744373,-0.22356244936818084,0.08211290321632307,15.000000000001679,0.23047254100674763,
1848,184,ok,1.9911763091405665,0.01066794772670644,-0.08568010201193273,0.0829951056253031,15.000000000001679,0.2348043329839129,
1849,184,ok,1.2119257252006173,0.8208388974384339,-0.27989829868870936,0.0838918660182839,15.000000000001679,0.21280562499305233,
1850,184,ok,1.2228286890934086,0.7772602481161591,-0.014747950126968275,0.09194272237792753,15.000000000001679,0.24682741600554436,
1851,185,ok,1.8023661459301512,0.25760600368200404,-0.4610714538876928,0.11060642505512833,15.000000000001679,0.22567874999367632,
1852,185,ok,1.9902230481238772,0.010669043658191645,-0.059582945745253524,0.07653115324729726,15.000000000001679,0.2945224999857601,
1853,185,ok,1.8128426530194859,0.19653500078034672,-0.18415341755282233,0.07507843173278639,15.000000000001679,0.22874120800406672,
1854,185,ok,1.2046726340989429,0.8388963447933585,-0.3210521098087689,0.10679533598505757,15.000000000001679,0.2648167090083007,
1855,185,ok,2.1220460752634427,-0.11465764739442326,-0.17692535108701488,0.08982583738592183,15.000000000001679,0.23466770799132064,
1856,185,ok,1.5313346753614876,0.575862606617009,-0.5628663897700525,0.09645064952116388,15.000000000001679,0.240345708996756,
1857,185,ok,1.4832856542973962,0.520740764707027,-0.10921743013321591,0.07499655288059497,15.000000000001679,0.2688117079960648,
1858,185,ok,1.5456176714624785,0.5832060657037889,-0.61776122739984,0.10727094308722143,15.000000000001679,0.23355758399702609,
1859,185,ok,1.3546059834253088,0.693761275741448,-0.3587447080850645,0.09914689155733221,15.000000000001679,0.2783194580115378,
1860,185,ok,1.222623119280015,0.7775534745729767,-0.02077941937089954,0.07509319093739855,15.000000000001679,0.22665275001781993,
1861,186,ok,1.6936228666046267,0.3310104839472558,-0.2878062014483014,0.07542539068645046,15.000000000001679,0.2637947910116054,
1862,186,ok,1.6368857558264425,0.38192799937779437,-0.24746308498432107,0.07558552668354965,15.000000000001679,0.23657112501678057,
1863,186,ok,1.5542878609909274,0.4520065622944238,0.1397392988540641,0.09711432159555888,15.000000000001679,0.2152514999906998,
1864,186,ok,1.624066594489528,0.3873427730132787,-0.19216912234880787,0.07484451122259614,15.000000000001679,0.23385137500008568,
1865,186,ok,1.8267690179832534,0.17324552492915524,0.007289229873089692,0.08945400977572912,15.000000000001679,0.2531634170154575,
1866,186,ok,2.031452711583896,-0.02799403551147493,-0.11849181968156175,0.07500393945241121,15.000000000001679,0.264790165994782,
1867,186,ok,1.4557007095046766,0.891087316845858,-0.9430679810025894,0.09848732275091472,15.000000000001679,0.21265291702002287,
1868,186,ok,1.7629734800896093,0.2553748414559615,-0.25368986513942043,0.09312762650508882,15.000000000001679,0.24549708401900716,
1869,186,ok,1.8670818040145292,0.21679882433123596,-0.5533425972900393,0.09994221325960763,15.000000000001679,0.2873017080128193,
1870,186,ok,1.9861126682747152,0.014007358937979397,-0.021834851243116165,0.07812819440436333,15.000000000001679,0.3433110830083024,
1871,187,ok,1.5656330778478635,0.5689931102542917,-0.6351584179963996,0.09776252554005299,15.000000000001679,0.28254341598949395,
1872,187,ok,1.6853062074140899,0.7677933272431413,-1.149749419813698,0.10083699281788744,15.000000000001679,0.27450162498280406,
1873,187,ok,1.360818705648449,0.6404457689740084,-0.0586501708611756,0.07509175064133126,15.000000000001679,0.3342710419965442,
1874,187,ok,1.5373376995739092,0.8122692102148714,-0.9760649432940383,0.10420034178972049,15.000000000001679,0.2809335000056308,
1875,187,ok,1.608888075418424,0.4305525377994133,-0.35405579025873696,0.07584593932458986,15.000000000001679,0.3000513330043759,
1876,187,ok,1.4879601055520466,0.6100332609562651,-0.5310534248704013,0.0967025052682797,15.000000000001679,0.3069873340136837,
1877,187,ok,1.9156935312397607,0.08680786642987617,-0.09786503808440503,0.11077009151857661,15.000000000001679,0.21948183298809454,
1878,187,ok,1.6298036568080023,0.44583984234681373,-0.490760801315835,0.09217226206193337,15.000000000001679,0.19913525000447407,
1879,187,ok,1.8227207859590946,0.20689184195753768,-0.32722193864242544,0.10529731265028597,15.000000000001679,0.25647449999814853,
1880,187,ok,1.732124074603962,0.27223698566050414,0.12283637939605116,0.08930708602644657,15.000000000001679,0.2458006660162937,
1881,188,ok,2.1349031236197167,-0.13145626140783043,0.12126645433332907,0.07901095458302666,15.000000000001679,0.28746470902115107,
1882,188,ok,1.634003191775611,0.3777623974173775,0.19573347056614843,0.08748408515412208,15.000000000001679,0.24337554202065803,
1883,188,ok,1.8284068269384675,0.17477078499455595,-0.10774895584554496,0.11632466840590525,15.000000000001679,0.2809619580220897,
1884,188,ok,1.107765456648966,0.9165992491651721,-0.2310565299558175,0.07501934231346617,15.000000000001679,0.24841999998898245,
1885,188,ok,1.657476363837755,0.342807906685088,0.030696295140711587,0.10044697840162159,15.000000000001679,0.3155023749859538,
1886,188,ok,1.4272480611887868,0.6011319111843639,0.2832050463188131,0.09824212916485688,15.000000000001679,0.24450454200268723,
1887,188,ok,1.77272223811058,0.22908765889629612,0.08008503991622021,0.08463062734901453,15.000000000001679,0.23479837499326095,
1888,188,ok,0.9609200561503087,1.0460395762241506,0.11544203818936216,0.09204480349748545,15.000000000001679,0.2424540419888217,
1889,188,ok,1.8505900854581099,0.19870091151350092,-0.4242702655307844,0.10721392354632218,15.000000000001679,0.2275395420147106,
1890,188,ok,1.6122599687764387,0.4419069264867657,-0.41440099081576254,0.07507317842548701,15.000000000001679,0.23053500000969507,
1891,189,ok,1.7504614152096902,0.2497598765806408,-0.027833011171948478,0.08739543388595601,15.000000000001679,0.2358786249824334,
1892,189,ok,1.623977732202505,0.39083498206276823,-0.21884154024467153,0.07798021193920716,15.000000000001679,0.23681270802626386,
1893,189,ok,1.7171516095509816,0.2897570416754902,-0.15387876294328467,0.07682741320135873,15.000000000001679,0.25478329198085703,
1894,189,ok,1.8633492266185123,0.15004242696806858,-0.2229962293887798,0.07492975456522293,15.000000000001679,0.2245597080036532,
1895,189,ok,1.8449550007359516,0.15506242695584674,0.008019121556933111,0.07635165076683827,15.000000000001679,0.25411908398382366,
1896,189,ok,1.4221697213432813,0.6032630260285643,-0.2677546299258773,0.10166297144378486,15.000000000001679,0.33349054100108333,
1897,189,ok,1.3877897222968403,0.6122416499977228,0.009331415310577374,0.10908114967558075,15.000000000001679,0.29303612498915754,
1898,189,ok,1.4833784965025616,0.6927023463151962,-0.7009883084306096,0.09283119986921341,15.000000000001679,0.2354795830033254,
1899,189,ok,1.6244878102527003,0.4634633485388646,-0.5272720022684823,0.10002031339239541,15.000000000001679,0.22675804200116545,
1900,189,ok,1.6911093363272343,0.31394288382271823,0.13062231203392174,0.08726746606956298,15.000000000001679,0.30899995801155455,
1901,190,ok,1.0939153878839867,0.9064631799684139,-0.028776710801957567,0.08379970180441622,15.000000000001679,0.23362074999022298,
1902,190,ok,2.187433248106561,-0.18576220921517594,0.08548555251511353,0.07693875646395465,15.000000000001679,0.33948729099938646,
1903,190,ok,1.4807728464073266,0.5889244793025386,0.4489477670571981,0.08050131076797058,15.000000000001679,0.2757370000181254,
1904,190,ok,1.9748723561956643,0.058155917348432694,-0.35966982350053783,0.075010450069951,15.000000000001679,0.34639450002578087,
1905,190,ok,1.3435121426055006,0.6643030408401364,-0.1447014534119019,0.09162509752551444,15.000000000001679,0.2248165000055451,
1906,190,ok,1.651220475488933,0.3501167997382203,0.0664415846277544,0.08619027699401244,15.000000000001679,0.2647527910012286,
1907,190,ok,1.5396719740904246,0.47885484233992814,-0.23813273006208127,0.07499927761408201,15.000000000001679,0.2737011660065036,
1908,190,ok,1.9546965238104812,0.050237321913880244,-0.13879481020276596,0.07507075840679647,15.000000000001679,0.2641741250117775,
1909,190,ok,1.5720532322916696,0.4288395564178708,0.05297382071829124,0.0927596262819344,15.000000000001679,0.21662266700877808,
1910,190,ok,1.8187232373589957,0.20420931309993046,-0.28790627459741536,0.07863128732918395,15.000000000001679,0.24434483298682608,
1911,191,ok,2.0751582651474516,-0.07488603943198342,-0.03361173574868964,0.07413526114615818,15.000000000001679,0.21910695798578672,
1912,191,ok,1.4723170172744933,0.5383178347671458,-0.17664271056643072,0.07507571173219796,15.000000000001679,0.22768666699994355,
1913,191,ok,1.7694429357937747,0.2368917973109061,-0.14959200727620803,0.07501912398585621,15.000000000001679,0.22726120901643299,
1914,191,ok,1.8927703485959042,0.11019139230167646,-0.10584431393884436,0.0755707301223374,15.000000000001679,0.25658120901789516,
1915,191,ok,1.8698778675263015,0.43028733667470237,-1.016093201463778,0.09759922669644358,15.000000000001679,0.23242495901649818,
1916,191,ok,1.8778838290346695,0.17780977864476577,-0.45394985686447226,0.10091554928172221,15.000000000001679,0.22484275000169873,
1917,191,ok,1.5435704511219672,0.4953952787799238,-0.3446365773668404,0.10252855542330568,15.000000000001679,0.24027795900474302,
1918,191,ok,0.9403252664764803,1.116716754250029,-0.3225249053196666,0.09444705062752237,15.000000000001679,0.211915833002422,
1919,191,ok,1.484196585599376,0.5225680311592239,0.1415425100530352,0.09999766821277925,15.000000000001679,0.23090974998194724,
1920,191,ok,1.5928967497231517,0.5230998959705243,-0.5967295350460745,0.1078499478856303,15.000000000001679,0.2374981249740813,
1921,192,ok,1.8635654386978047,0.15749683501686143,-0.2793890322400995,0.09817556865264089,15.000000000001679,0.24028458300745115,
1922,192,ok,2.6187373650954857,-0.6111200909385294,0.199592730439795,0.1013277092388232,15.000000000001679,0.2463183340150863,
1923,192,ok,2.0506545913732492,-0.049618657728134515,-0.06517369878186242,0.07453899892584213,15.000000000001679,0.24963854197994806,
1924,192,ok,1.8283994852217818,0.2786391361786635,-0.6164101346210481,0.10290996181088431,15.000000000001679,0.24051862498163246,
1925,192,ok,1.8439984476523983,0.1581853976213959,-0.08971758695706589,0.07534887857481222,15.000000000001679,0.2588033330102917,
1926,192,ok,1.7115548646111385,0.28885274311364595,0.037351302846869716,0.08627574552511959,15.000000000001679,0.24542949997703545,
1927,192,ok,2.1111364340785665,-0.10933230281415081,-0.08725983955243881,0.080812670054382,15.000000000001679,0.22608979200595059,
1928,192,ok,1.8230788086328051,0.17768760391603639,-0.052857105148993985,0.09083429628974192,15.000000000001679,0.24207649999880232,
1929,192,ok,1.7348577587723655,0.3560813075317047,-0.5543128861266037,0.09754609859648128,15.000000000001679,0.2388255000114441,
1930,192,ok,1.4603993739515124,0.6638610531873453,-0.5894904971654249,0.10266518231296436,15.000000000001679,0.2427027499943506,
1931,193,ok,1.7773714895622135,0.22268276283514526,0.01388705819420834,0.08666689745123704,15.000000000001679,0.2586566249956377,
1932,193,ok,1.467362757944323,0.5367286028109761,0.1095001441572162,0.07509446374783794,15.000000000001679,0.27353433301323093,
1933,193,ok,1.3408971482777714,0.8987515258379856,-0.7650208888751304,0.10764842544375297,15.000000000001679,0.2849338340165559,
1934,193,ok,1.6459866229003939,0.6346792570543055,-0.9193319485633363,0.10686925781340102,15.000000000001679,0.31290225000702776,
1935,193,ok,1.5658876725928919,0.4676980355924469,-0.32257540676737534,0.10057892403933566,15.000000000001679,0.2810812090174295,
1936,193,ok,2.0104873196146698,-0.010233915172001543,-0.03191972154679966,0.07501989005112293,15.000000000001679,0.2527583329938352,
1937,193,ok,1.3566597126353148,0.9132689735845793,-0.8121214515784081,0.103130727027642,15.000000000001679,0.2375816669955384,
1938,193,ok,1.9932442489346915,0.006765043324349292,-0.0060863287324711985,0.09313406952247298,15.000000000001679,0.22606283298227936,
1939,193,ok,1.9183907447539175,0.08994217103259994,-0.1786117005065226,0.07481187072349482,15.000000000001679,0.24140187501325272,
1940,193,ok,1.6647547930392053,0.5706011738088305,-0.8533624766945832,0.11006209448140526,15.000000000001679,0.22242287499830127,
1941,194,ok,1.4796793042929497,0.5661247645808432,-0.36531172004813267,0.106371793933837,15.000000000001679,0.22350137500325218,
1942,194,ok,1.5086448030955697,0.5164969105514156,-0.27427673161202654,0.08956423804523335,15.000000000001679,0.22731037499033846,
1943,194,ok,1.4938124453219561,0.5214781617206541,-0.21318723116037175,0.07510346039472995,15.000000000001679,0.2421995830081869,
1944,194,ok,1.8762058448575514,0.1391881824850792,-0.2398494362604487,0.10418422643100755,15.000000000001679,0.254033042001538,
1945,194,ok,1.8038080790712594,0.19908538224658273,-0.10212798678526047,0.10191851978535127,15.000000000001679,0.21830350000527687,
1946,194,ok,1.6247363129077756,0.4133818288897558,-0.34987264194837653,0.08702212252724277,15.000000000001679,0.23178245799499564,
1947,194,ok,1.4024263053402972,0.8680024948752635,-0.8278775213168968,0.09447204899443797,15.000000000001679,0.20106487500015646,
1948,194,ok,1.8245217981819908,0.1830589104879966,0.1661471314352995,0.09259675625250369,15.000000000001679,0.28457891699508764,
1949,194,ok,2.034164639236886,-0.028053566881308133,-0.1575579556281941,0.07422830156521669,15.000000000001679,0.21799433400155976,
1950,194,ok,1.8955832823853884,0.15196835653795732,-0.4219182684145648,0.08665854403340491,15.000000000001679,0.2805668329820037,
1951,195,ok,1.8497464488340474,0.15359496707435316,-0.11113226066723303,0.08389886966132669,15.000000000001679,0.2427856250142213,
1952,195,ok,1.774809701078273,0.2256627734272303,-0.04094974285145393,0.07776960710263466,15.000000000001679,0.24374783301027492,
1953,195,ok,1.3736043503451825,0.6444310048848736,-0.22185943921721513,0.09275039984074632,15.000000000001679,0.22740654199151322,
1954,195,ok,1.0839658388192623,0.9162287262157397,-0.020536938603140605,0.08345821781695306,15.000000000001679,0.28047345799859613,
1955,195,ok,1.7200601451611002,0.27999214418906465,-0.013411894731694289,0.08500328223039808,15.000000000001679,0.2819972499855794,
1956,195,ok,1.9930996113117176,0.007067910975414951,-0.02584084261443026,0.07513467613888321,15.000000000001679,0.31553254200844094,
1957,195,ok,1.7114441119553605,0.30742352062560696,-0.2534281156763347,0.0812450197382843,15.000000000001679,0.2563107080059126,
1958,195,ok,1.720867219975443,0.30765861973960795,0.31203307748435966,0.08062496471337026,15.000000000001679,0.26131508298567496,
1959,195,ok,1.6354008403569575,0.40564928691710117,-0.3641177176852215,0.07501302187156761,15.000000000001679,0.25254920800216496,
1960,195,ok,1.2218739399912282,0.7811582273996841,0.08602708058632932,0.07502363789833418,15.000000000001679,0.25152137500117533,
1961,196,ok,1.5585315623627738,0.6761663443169109,-0.8224871323988582,0.09740279957194957,15.000000000001679,0.21221970897749998,
1962,196,ok,1.7207045487695276,0.46972548739663383,-0.7868189500975902,0.10938036236190736,15.000000000001679,0.2544584170100279,
1963,196,ok,2.168979209959627,-0.1506235881676951,0.2815830166288366,0.10459745542415586,15.000000000001679,0.22435179198510014,
1964,196,ok,1.7276463322600555,0.33879695721483566,-0.4745169122517485,0.10312077678803092,15.000000000001679,0.24922395800240338,
1965,196,ok,2.173987193306917,-0.1721808908029198,-0.08860301514689305,0.10110638094203493,15.000000000001679,0.24803899999824353,
1966,196,ok,1.0218569181320836,0.9839346133005072,-0.10864019093139592,0.09478749448849932,15.000000000001679,0.22993445800966583,
1967,196,ok,1.6294146673654621,0.4072302375408303,0.34362281941317563,0.07511934783087999,15.000000000001679,0.21240887499880046,
1968,196,ok,2.2594285372972758,-0.2242765627139434,-0.3970026293549576,0.07781181310740894,15.000000000001679,0.22871787499752827,
1969,196,ok,1.781905577030213,0.45611228410415183,-0.8897180486858055,0.10673292271057963,15.000000000001679,0.22710304200882092,
1970,196,ok,1.6331879056595855,0.3992975509436617,-0.3241209724435976,0.09105091801541179,15.000000000001679,0.2216682080179453,
1971,197,ok,1.877908634938316,0.1412556957837093,-0.2676012943156042,0.09095616026385554,15.000000000001679,0.24479937498108484,
1972,197,ok,1.7843055605738332,0.2174509156216445,0.07915235483917933,0.08989240050145997,15.000000000001679,0.24464445799821988,
1973,197,ok,1.807380817617741,0.19369412861993907,-0.06232590882203271,0.07872481915890209,15.000000000001679,0.22234808400389738,
1974,197,ok,1.81751344199536,0.1902231443045714,-0.16751968368818385,0.10212930466333664,15.000000000001679,0.22567045901087113,
1975,197,ok,1.690601734101286,0.31830365172387026,-0.17329632292984437,0.07654443901982354,15.000000000001679,0.2664400409848895,
1976,197,ok,1.7521356039872429,0.2900912463876928,-0.38234961629344794,0.0846481700340867,15.000000000001679,0.231812040990917,
1977,197,ok,1.7188407186618881,0.4461275155331191,-0.73477460363491,0.0972196748100285,15.000000000001679,0.19892954200622626,
1978,197,ok,1.8295488771754231,0.19359089031602392,-0.29006072196110344,0.07502022097160083,15.000000000001679,0.28574550000485033,
1979,197,ok,1.5708484168024766,0.4411871124818796,-0.1940802160918701,0.09815401693712733,15.000000000001679,0.2362260000081733,
1980,197,ok,1.9759414441863932,0.028218519602050206,-0.1281498513970195,0.0850109428612447,15.000000000001679,0.2593977090145927,
1981,198,ok,1.8757172316805264,0.1307037190698159,-0.15506949191843,0.07504570961864093,15.000000000001679,0.2512253339809831,
1982,198,ok,2.0325757947792797,-0.03246928738977132,0.02080762696550853,0.08000707808631205,15.000000000001679,0.2491399580030702,
1983,198,ok,1.6519917823565098,0.35924035211317973,-0.19231387583779783,0.11130567761736564,15.000000000001679,0.21907950000604615,
1984,198,ok,1.7768681019613108,0.2232660210473478,-0.021831623912755106,0.1059812394919691,15.000000000001679,0.23065699997823685,
1985,198,ok,1.8939217955968382,0.12717888760474616,-0.2819234804044453,0.0912288132311267,15.000000000001679,0.22562241699779406,
1986,198,ok,1.8155842985871036,0.18473547806523366,-0.034074340506741935,0.08776289455973958,15.000000000001679,0.24831154200364836,
1987,198,ok,1.7419524618232,0.2890297497883446,0.32707672210441985,0.07596896164703221,15.000000000001679,0.2161447090038564,
1988,198,ok,2.080070513584761,-0.08001431353001315,-0.015290421676272736,0.07956691861309578,15.000000000001679,0.20469770900672302,
1989,198,ok,2.0662007540009544,-0.06615571754096079,-0.013642093201211621,0.0953475786525954,15.000000000001679,0.22938237499329261,
1990,198,ok,1.751041432723826,0.25215280840990795,0.10571799263199297,0.07492428409696254,15.000000000001679,0.24513324999134056,
1991,199,ok,1.7339766260863325,0.2861613175192109,-0.2634993553051964,0.08705471625241627,15.000000000001679,0.2400688329944387,
1992,199,ok,1.6519688857405999,0.7174759077113714,-1.0412171493758005,0.10759775780884179,15.000000000001679,0.2459877920045983,
1993,199,ok,1.906165369343937,0.09610205167668971,-0.09294631599153232,0.0752932789041319,15.000000000001679,0.2668370839965064,
1994,199,ok,1.0760234431838394,0.9305884355809755,-0.1191022928749054,0.08405087960312638,15.000000000001679,0.24126562499441206,
1995,199,ok,2.130562288460815,-0.11562928661745572,-0.25181021944691084,0.09962862353897774,15.000000000001679,0.22648312500678003,
1996,199,ok,1.6475388012261662,0.3534747792046875,0.05778234012828317,0.08095417529013645,15.000000000001679,0.22599812498083338,
1997,199,ok,1.3112815309161818,0.8405875549353289,-0.6125537001366059,0.09847316135833704,15.000000000001679,0.22240454200073145,
1998,199,ok,1.646735122795885,0.8417493589107001,-1.170552013823309,0.10278517573103581,15.000000000001679,0.23773950000759214,
1999,199,ok,2.0738872861880284,-0.07280871494358569,-0.06687680514397,0.07385504738493899,15.000000000001679,0.25391025000135414,
2000,199,ok,1.8266884225122766,0.23549416898358957,-0.47255662650044045,0.10643460881629428,15.000000000001679,0.2469148339878302,
2001,200,ok,1.4205607765750459,0.6014917920040659,0.24933453854510151,0.08685791336064021,15.000000000001679,0.22187329200096428,
2002,200,ok,1.5298051540055855,0.5016923103271081,-0.3088330880736955,0.08772630836973229,15.000000000001679,0.2142714580113534,
2003,200,ok,1.0794891849260364,0.9213785447153403,-0.0432742021518742,0.07502955844957113,15.000000000001679,0.22249625000404194,
2004,200,ok,1.7813713518312286,0.2696638888624861,0.4233448188162028,0.07494141098490563,15.000000000001679,0.21122587501304224,
2005,200,ok,1.1703658852795595,0.8367082608265026,-0.1284859330701493,0.07505884899240453,15.000000000001679,0.20772925001801923,
2006,200,ok,1.7688611127645886,0.23114375875253781,0.0041513914147795535,0.07567187743268955,15.000000000001679,0.2701035000209231,
2007,200,ok,1.3687404070046312,1.0189548703093114,-0.9544635955746995,0.09920179318828629,15.000000000001679,0.2262027910037432,
2008,200,ok,1.8435435269786873,0.15651838482718433,0.015108619554566133,0.08586848186129663,15.000000000001679,0.23467808298300952,
2009,200,ok,1.9711258726157206,0.02900756199696357,-0.022935017548128548,0.08416875740919079,15.000000000001679,0.2665572499972768,
2010,200,ok,1.6930908196597516,0.30864212148369197,0.0765836170270296,0.07494802494838855,15.000000000001679,0.28509416701854207,
2011,201,ok,2.031889996211559,-0.029244105390526326,-0.1036596230092144,0.07500086314412584,15.000000000001679,0.25080366697511636,
2012,201,ok,2.0884040734809504,-0.08769473259061163,-0.054426809985888946,0.10367060025796439,15.000000000001679,0.21843212499516085,
2013,201,ok,1.9061266656087679,0.10049949269583937,-0.15879763252654597,0.11087367167304255,15.000000000001679,0.24129654100397602,
2014,201,ok,2.01264148722479,-0.01092206778623879,0.08317567786759579,0.0750754788534388,15.000000000001679,0.2795617090014275,
2015,201,ok,1.058579799014201,0.9683789982003319,-0.23738007398852026,0.10254949262288726,15.000000000001679,0.20275420899270102,
2016,201,ok,1.7762394521416311,0.24850145847300356,-0.2954309570326145,0.08103512876918124,15.000000000001679,0.24959954200312495,
2017,201,ok,1.7643567517404057,0.4350604501672833,-0.8148122193372715,0.10648749204610836,15.000000000001679,0.23509020800702274,
2018,201,ok,1.2894129856701404,0.7729131229928753,0.39603490236554634,0.08496174669639413,15.000000000001679,0.23570808398653753,
2019,201,ok,1.861496773602198,0.13913515862720316,-0.04850031210196066,0.08776442571511432,15.000000000001679,0.23135662500862963,
2020,201,ok,1.7529457358620468,0.255097638579899,-0.16773342537338198,0.10265138613706733,15.000000000001679,0.23953687498578802,
2021,202,ok,1.6884710110918792,0.37656907735420664,-0.4641189445552298,0.09882648374748527,15.000000000001679,0.21417891600867733,
2022,202,ok,1.4475881418829561,0.5609392958678677,0.1568939716588297,0.07492253748848626,15.000000000001679,0.2715592090098653,
2023,202,ok,1.5560440540350595,0.934136960515748,-1.133670621988263,0.10545970828196263,15.000000000001679,0.22159770800499246,
2024,202,ok,1.732970454949947,0.27798288761222006,-0.1945344760526494,0.10159432552439451,15.000000000001679,0.22975758399115875,
2025,202,ok,1.5405978477090172,0.4641390758799497,-0.12071847467045373,0.07501357533560715,15.000000000001679,0.23889079099171795,
2026,202,ok,1.9364281905821938,0.08971541767893841,-0.3171229285748297,0.0993126152245083,15.000000000001679,0.2328899579879362,
2027,202,ok,1.362650068492963,0.8685833692962004,-0.7594153125469215,0.09534329426580412,15.000000000001679,0.244760707981186,
2028,202,ok,1.543632615267556,0.4930418140496678,-0.33448270017302556,0.09995383168225533,15.000000000001679,0.23317258397582918,
2029,202,ok,1.5982826890502613,0.7421504964088419,-0.9860639839448613,0.10859383699041876,15.000000000001679,0.2553003329958301,
2030,202,ok,2.2410216917643795,-0.2362795499213677,0.14571203643476857,0.09804950133730546,15.000000000001679,0.21444070897996426,
2031,203,ok,1.557130673777014,0.4657269821718532,-0.2658237047025136,0.07507658508609187,15.000000000001679,0.28465016701375134,
2032,203,ok,1.5244179074794604,0.5067306718024143,-0.3065887638325779,0.10276628368021012,15.000000000001679,0.24316325000836514,
2033,203,ok,1.3802996325767074,0.635054697149359,-0.20530805127263077,0.08710671134284427,15.000000000001679,0.23513187500066124,
2034,203,ok,1.0946382412029219,1.020933074052534,-0.48955166593486865,0.09244939126739432,15.000000000001679,0.24522337500820868,
2035,203,ok,1.692932356405894,0.30811182045162455,-0.05945041017939159,0.0784623508433103,15.000000000001679,0.2500797090178821,
2036,203,ok,1.8124020314924638,0.19518788279464291,0.1656935283791325,0.08107036665675954,15.000000000001679,0.23910254199290648,
2037,203,ok,1.6074953512094152,0.4331552328216735,0.35921968170713675,0.07506695684122325,15.000000000001679,0.2709260839910712,
2038,203,ok,1.4687949113668601,0.5329851308840401,-0.07229014766802863,0.0750753619282636,15.000000000001679,0.2664503749983851,
2039,203,ok,1.9712428812269898,0.04928990178380615,-0.2837756323320452,0.09320380517700558,15.000000000001679,0.20415404200321063,
2040,203,ok,1.2152117731064715,0.8083933961336637,-0.2383555225261434,0.09122088445171282,15.000000000001679,0.24053491599624977,
2041,204,ok,1.5762267759152992,0.4307279496206396,-0.1479056490148261,0.07508956383878977,15.000000000001679,0.25213783301296644,
2042,204,ok,1.0412881302918755,1.017516208331892,-0.34497328794590426,0.0890434279545349,15.000000000001679,0.24627324999892153,
2043,204,ok,1.1864682529570652,0.9814940801859777,-0.6085660248311461,0.09117461779496694,15.000000000001679,0.2264177080069203,
2044,204,ok,1.333392797726064,0.8126001659968366,-0.6066448608840265,0.07506409561127425,15.000000000001679,0.24210249999305233,
2045,204,ok,1.8271954226018188,0.28329613933684156,-0.6257563161177413,0.10610790900354608,15.000000000001679,0.24020733300130814,
2046,204,ok,1.7347193895981259,0.2692444495293348,-0.11720317897855258,0.07606805333396913,15.000000000001679,0.23531737498706207,
2047,204,ok,2.0187896092766913,-0.01872232383885218,0.016482286194599932,0.07500352007156527,15.000000000001679,0.27302450002753176,
2048,204,ok,1.7752910085042999,0.23549307155024163,-0.19538030691196592,0.07508464787251443,15.000000000001679,0.27344895800342783,
2049,204,ok,1.5934651657150025,0.5684823005773371,-0.6999202173010776,0.10678566756651531,15.000000000001679,0.22652616701088846,
2050,204,ok,1.70655225866133,0.4778013295901257,-0.7715126825558333,0.09785471369023502,15.000000000001679,0.23835041600978002,
2051,205,ok,1.9416487484400229,0.05980048398827948,-0.07500466909861699,0.0798983214444335,15.000000000001679,0.25418287501088344,
2052,205,ok,1.6694599043070408,0.4148954415671157,-0.5239655627273274,0.0790670139400938,15.000000000001679,0.23220658299396746,
2053,205,ok,1.883187494898879,0.12358926284659932,-0.15961793896347296,0.08124707688128567,15.000000000001679,0.23406908300239593,
2054,205,ok,1.936299928062621,0.06431765695486381,0.0489006977312509,0.07588040613307163,15.000000000001679,0.2425189999921713,
2055,205,ok,1.316903407891519,0.7031583919405487,-0.22899002013640848,0.10322244030625548,15.000000000001679,0.20049316697986796,
2056,205,ok,1.7968105119405458,0.2036902935408057,-0.04241997525376065,0.09737149822072783,15.000000000001679,0.24250770901562646,
2057,205,ok,1.9841135703191983,0.026146255529028318,0.20151440485166522,0.07503099646279211,15.000000000001679,0.26996049997978844,
2058,205,ok,1.5456808904299097,0.46763154453795963,-0.2024261142863717,0.07503151087174965,15.000000000001679,0.24412883300101385,
2059,205,ok,1.7166469422747863,0.28408063022113855,0.04997440183822031,0.07696482309632355,15.000000000001679,0.30540362501051277,
2060,205,ok,1.7571147816152046,0.2943842987645043,-0.42228833214948813,0.107020905652826,15.000000000001679,0.23786266698152758,
2061,206,ok,1.8630010173715443,0.13773542311534662,0.05237782362825296,0.07885533897987433,15.000000000001679,0.28657245900831185,
2062,206,ok,1.5987923747618078,0.46679631099836955,-0.45323669933964134,0.09675558889671945,15.000000000001679,0.2458766670024488,
2063,206,ok,1.9454899218423642,0.1597131481514718,-0.6310905948464467,0.10348969784782992,15.000000000001679,0.20853887501289137,
2064,206,ok,1.5176433478447302,0.4826869665524806,-0.031662119127561374,0.09968364935355158,15.000000000001679,0.4965829160064459,
2065,206,ok,2.1556380703518347,-0.15545119393189166,-0.028383814538665654,0.08960387703553681,15.000000000001679,0.25849425001069903,
2066,206,ok,1.2972972942025143,0.7039159541315306,-0.05609291925353765,0.08622301531108248,15.000000000001679,0.2947740829840768,
2067,206,ok,2.1891776353664647,-0.18828393130552204,-0.0625472235894908,0.0917167297894355,15.000000000001679,0.24270066700410098,
2068,206,ok,1.7737550249174476,0.3043504910046061,-0.5205570392027903,0.10724301418669314,15.000000000001679,0.23952283299877308,
2069,206,ok,1.5362943438813847,0.47665820463141134,-0.19907306579529835,0.07973335258094597,15.000000000001679,0.2223037910007406,
2070,206,ok,1.840912085490539,0.19431107254134028,-0.3583919694389391,0.11516468693669865,15.000000000001679,0.251058624999132,
2071,207,ok,1.9077208150684728,0.13290934624225095,-0.39162635112563615,0.115860856164447,15.000000000001679,0.2868881250033155,
2072,207,ok,1.5012105904639497,0.629900214132243,-0.6135632108318154,0.10189241117957513,15.000000000001679,0.2172452090017032,
2073,207,ok,1.5592646631120597,0.4430456414832273,0.08484936726688057,0.08499599229034069,15.000000000001679,0.2287393340084236,
2074,207,ok,1.4863452287921055,0.8376921554811044,-0.9264246400667977,0.10216770111770743,15.000000000001679,0.20688108299509622,
2075,207,ok,1.6338995310085802,0.36666700869141194,0.043023446317073846,0.07729578794903592,15.000000000001679,0.22616308301803656,
2076,207,ok,1.81106617101198,0.20334977796469125,-0.2280540625476122,0.0915512505283371,15.000000000001679,0.22713912499602884,
2077,207,ok,1.9948850244730267,0.04462504249204901,-0.3950633321602087,0.10475637054969955,15.000000000001679,0.20746716699795797,
2078,207,ok,1.653066357120807,0.5990800013822758,-0.8775258050436872,0.1077548962419459,15.000000000001679,0.2753263750055339,
2079,207,ok,1.991833057308543,0.009673647280861782,0.07745926580358181,0.07512214940006776,15.000000000001679,0.272786667017499,
2080,207,ok,1.5456237071402632,0.49843970048720054,-0.3664277705101543,0.0749824575668305,15.000000000001679,0.26915049998206086,
2081,208,ok,1.626839254527278,0.4349817043093695,0.44421131708283246,0.07730601288476122,15.000000000001679,0.21401679099653848,
2082,208,ok,1.2049968013630101,0.7951076776341939,0.015867665203810773,0.07999634391320976,15.000000000001679,0.1982388749893289,
2083,208,ok,1.8698247926766935,0.14036193839120506,-0.19491289111888851,0.075036761477361,15.000000000001679,0.27176962498924695,
2084,208,ok,1.507671776115418,0.49547952582725113,-0.09742857532585532,0.07496829467701173,15.000000000001679,0.25546716700773686,
2085,208,ok,1.8541257391237767,0.14735782011567206,-0.07415665711678252,0.07676567450939067,15.000000000001679,0.23256924998713657,
2086,208,ok,1.705434544639969,0.4764127946655595,-0.7662825939511664,0.10580983880752934,15.000000000001679,0.206020042009186,
2087,208,ok,1.7922982918272714,0.20859691836044,0.056640674247770445,0.09609878536590227,15.000000000001679,0.2708972080145031,
2088,208,ok,1.9808150337095922,0.03106383644582155,0.2166069749996197,0.07474116942836355,15.000000000001679,0.24318158402456902,
2089,208,ok,1.7974024453617028,0.35136167740426855,-0.7159938769716974,0.10667624961840937,15.000000000001679,0.2140171249920968,
2090,208,ok,1.495738529930424,0.5969431570678507,-0.5183292828113188,0.10182033886468828,15.000000000001679,0.219833707989892,
2091,209,ok,1.8409252684475987,0.1631989586148593,-0.12315753478908979,0.07497113805216203,15.000000000001679,0.26170204201480374,
2092,209,ok,2.0245351311303215,-0.023749971547602253,-0.05637862930177607,0.07872748752269743,15.000000000001679,0.24999116599792615,
2093,209,ok,1.8698541605578773,0.13436474042134505,0.12553748433232476,0.07548811734188242,15.000000000001679,0.2156272499996703,
2094,209,ok,1.8376687073782105,0.16247100735932618,-0.022660081245501118,0.08133251683826717,15.000000000001679,0.2516056250024121,
2095,209,ok,1.6698910309803305,0.34385766290207753,-0.2138424995654105,0.0837931223078028,15.000000000001679,0.2538923339743633,
2096,209,ok,1.2838615862128244,0.7239006710642023,-0.1409648014311264,0.07560896213030674,15.000000000001679,0.21243374998448417,
2097,209,ok,1.6798032705751489,0.3558805965607974,-0.344398628147221,0.09411832181491196,15.000000000001679,0.22468766701058485,
2098,209,ok,1.801269259891236,0.23154399540383697,-0.3422488954502229,0.08023035896421037,15.000000000001679,0.2650185839738697,
2099,209,ok,1.7699984407221334,0.2604443254327733,-0.3268647047935041,0.1013880337421714,15.000000000001679,0.22696870801155455,
2100,209,ok,1.742542619041669,0.4491538943532676,-0.7945634875684661,0.10254834771854522,15.000000000001679,0.2519916660094168,
2101,210,ok,1.136592376583781,0.9678727560519864,0.4759785528872552,0.10567853482296378,15.000000000001679,0.26037445801193826,
2102,210,ok,1.7789688930685006,0.22791351489672826,-0.15633237610839862,0.1034183658476152,15.000000000001679,0.19518087501637638,
2103,210,ok,1.6649584033013536,0.36813201186540573,-0.33029283072047394,0.07760397584051167,15.000000000001679,0.22393325000302866,
2104,210,ok,2.0597396732682904,-0.05489290617602315,-0.14121850368425629,0.07497956380825319,15.000000000001679,0.22023004200309515,
2105,210,ok,2.231839465656244,-0.14834492320212636,-0.6047491144370513,0.11471454135727331,15.000000000001679,0.24098691702238284,
2106,210,ok,1.6621589517929973,0.3392939957831993,0.06948344107672716,0.0899149207589574,15.000000000001679,0.2234500000195112,
2107,210,ok,1.5438801819353885,0.4578090341636592,-0.07220139240778489,0.07499506163010754,15.000000000001679,0.32844404102070257,
2108,210,ok,1.769775001904672,0.2375818841112092,-0.16120155754113075,0.08678339835361482,15.000000000001679,0.3118192080000881,
2109,210,ok,1.5849287043377982,0.46831842973045673,-0.4073703046744056,0.0750701900140822,15.000000000001679,0.2460614580195397,
2110,210,ok,1.4562149264692208,0.8486902810684471,-0.8916545537176978,0.10283539490623583,15.000000000001679,0.24595816701184958,
2111,211,ok,1.319196551929361,0.7080848486737774,-0.26689845334144996,0.09044520278666728,15.000000000001679,0.28767220801091753,
2112,211,ok,1.6806170054680543,0.3317438218769608,-0.20345722701029956,0.07498953001828146,15.000000000001679,0.2501965840056073,
2113,211,ok,1.9166330262142488,0.09253186363748926,-0.1872096844100735,0.08694103456307274,15.000000000001679,0.23751012500724755,
2114,211,ok,1.523484049545044,0.4767960824573515,0.029214291038707305,0.0750011400953699,15.000000000001679,0.24408212502021343,
2115,211,ok,1.9775872303765645,0.0270058107418283,-0.134704056738989,0.07793269263352585,15.000000000001679,0.24851016700267792,
2116,211,ok,1.5797429582656257,0.4534262095257327,0.32202069003076045,0.07517080508620588,15.000000000001679,0.2841148329898715,
2117,211,ok,2.1002238547686205,-0.10002205378290104,-0.029113807112944187,0.07663169335121722,15.000000000001679,0.2651462090143468,
2118,211,ok,1.9342339493975989,0.1023389540889015,-0.37435748400937424,0.08237448369995842,15.000000000001679,0.2468755829904694,
2119,211,ok,1.9425672670039988,0.05748187036079566,0.013816760054092532,0.10161036570740108,15.000000000001679,0.20361516601406038,
2120,211,ok,1.5958057714793943,0.41679110062217084,-0.2001140705142642,0.07548604052278504,15.000000000001679,0.2548229590174742,
2121,212,ok,1.9501201008017308,0.07480561932433666,-0.3107973683379601,0.10713662712677892,15.000000000001679,0.24131329098599963,
2122,212,ok,1.6877823290340974,0.3625418623934463,-0.40907216696548654,0.07504836310557701,15.000000000001679,0.23968608400900848,
2123,212,ok,1.9728843786665562,0.02747719114726368,-0.03776956634958065,0.09068377375094049,15.000000000001679,0.29530324999359436,
2124,212,ok,2.0766343183033547,-0.0754671693822007,-0.06961408457971939,0.07614638384424917,15.000000000001679,0.21258662501350045,
2125,212,ok,1.46302461213636,0.5447986274992427,-0.15109593372641839,0.07604109618564081,15.000000000001679,0.24680612498195842,
2126,212,ok,1.8237737455106515,0.18217125886636548,-0.14713715615865494,0.07526813631895253,15.000000000001679,0.25916629200219177,
2127,212,ok,1.8116328376933766,0.1891633972994224,-0.05370602320770808,0.08753037166616219,15.000000000001679,0.24133654197794385,
2128,212,ok,1.7259068811725644,0.287270498660563,-0.21286666653182607,0.0887589205167704,15.000000000001679,0.24495887500233948,
2129,212,ok,1.6298811432297196,0.43315682526949406,-0.44890422904696103,0.09175143774164253,15.000000000001679,0.25241487499442883,
2130,212,ok,1.66999572427839,0.79418330243345,-1.1553751819118343,0.10501965749258267,15.000000000001679,0.23510774999158457,
2131,213,ok,1.737876993671451,0.2635558273392921,-0.07055551264919156,0.08169680629298459,15.000000000001679,0.24907370799337514,
2132,213,ok,1.1770319422731994,0.8230342658567409,0.012484141301636739,0.08634937160089431,15.000000000001679,0.22286549999262206,
2133,213,ok,1.615484662111818,0.42320570914376593,-0.3514405466671725,0.10865397160088082,15.000000000001679,0.25223841599654406,
2134,213,ok,2.0810050007290672,-0.08011254031441803,-0.060939582260510904,0.10514585349434175,15.000000000001679,0.2088613749947399,
2135,213,ok,1.3349675362630633,0.7121355420667924,0.35148749745713304,0.08204920907590638,15.000000000001679,0.23881124999024905,
2136,213,ok,1.714698737719787,0.3066071870808141,-0.26946714510581393,0.07496572388735857,15.000000000001679,0.26263591699535027,
2137,213,ok,1.8115179786885791,0.2334056236816457,-0.4009260488822346,0.09891052050809682,15.000000000001679,0.22776070798863657,
2138,213,ok,1.79168228017488,0.20843147016451946,0.020189006805476164,0.08822696560538383,15.000000000001679,0.22420679201604798,
2139,213,ok,1.2612791394631702,0.8141887005485536,-0.429740188646846,0.07504663311140385,15.000000000001679,0.24176166698453017,
2140,213,ok,1.4567793190506797,0.7864005175084701,-0.805842590404635,0.10156155115140865,15.000000000001679,0.26438583302660845,
2141,214,ok,2.1478067850719946,-0.14713294935188292,0.053796689570830725,0.10153637534114317,15.000000000001679,0.2200442089815624,
2142,214,ok,1.569697515697716,0.565945099209095,-0.6383077880655761,0.0777638771591037,15.000000000001679,0.24176650002482347,
2143,214,ok,1.6996459483743487,0.30343346980280045,0.10226611579587085,0.07903003483648813,15.000000000001679,0.26479995797853917,
2144,214,ok,1.728946247976504,0.2711432292956058,-0.0175896214173301,0.08281002815871577,15.000000000001679,0.30402229199535213,
2145,214,ok,1.4583728027037943,0.5507524015781016,-0.1628883977896527,0.08488806232302204,15.000000000001679,0.3216251660196576,
2146,214,ok,1.8195016639940635,0.19036529313433684,-0.18923142705267432,0.07506634024910976,15.000000000001679,0.31270354200387374,
2147,214,ok,1.718703862897704,0.3614901827036148,-0.5188723802274079,0.11073766619579893,15.000000000001679,0.28550279201590456,
2148,214,ok,1.5469812962105045,0.5165743781137841,-0.43886165833509194,0.10565844199119263,15.000000000001679,0.24066129099810496,
2149,214,ok,1.5515439833958091,0.4573536538896497,-0.16592463121586326,0.0988009802088959,15.000000000001679,0.2350610840076115,
2150,214,ok,1.5913531016407865,0.5792478698286745,-0.716845923972085,0.10584575817355961,15.000000000001679,0.251777083001798,
2151,215,ok,1.7854240995458,0.21489170697599927,0.033579717328604736,0.07861392683278749,15.000000000001679,0.28264275001129135,
2152,215,ok,1.9448834218847624,0.08668659840602762,-0.3490033696156611,0.08732823749936293,15.000000000001679,0.25816479200148024,
2153,215,ok,1.992039297071753,0.007981778402956328,-0.009163291083225292,0.07509327196390451,15.000000000001679,0.23401537499739788,
2154,215,ok,1.6015430150247247,0.4485097004786974,-0.39726298527019116,0.0945656710648681,15.000000000001679,0.2645890830026474,
2155,215,ok,1.6169954222569796,0.480816990162096,-0.5538566404945189,0.09840907954826059,15.000000000001679,0.4149700000125449,
2156,215,ok,1.7140660857385592,0.2859882646291183,-0.013649809156356097,0.09028890816593785,15.000000000001679,0.319702334003523,
2157,215,ok,1.4504881507892828,0.6128691627812279,-0.424009334822786,0.0747733284635271,15.000000000001679,0.2827221250045113,
2158,215,ok,1.7499153522646043,0.26484993762960546,-0.2268435609563767,0.07503635095554517,15.000000000001679,0.2888977499969769,
2159,215,ok,1.5789870903000864,0.42593614975571015,-0.12459224168645054,0.1020867232743279,15.000000000001679,0.2381239169917535,
2160,215,ok,1.2657541893092532,0.7465157159105318,-0.175814724339681,0.08909893271541164,15.000000000001679,0.24550079100299627,
2161,216,ok,1.8019673349470773,0.2005790460868457,0.09576276329840357,0.0774766095702769,15.000000000001679,0.23546237498521805,
2162,216,ok,1.5883205137743046,0.4169270710335822,-0.12900448073597215,0.08522574783781378,15.000000000001679,0.2178600000042934,
2163,216,ok,1.5836485641068763,0.5466331503718155,-0.6290211244462434,0.0816591500400293,15.000000000001679,0.23281149999820627,
2164,216,ok,1.7568364776981793,0.2699328344741879,-0.30551925003251,0.08042404868430109,15.000000000001679,0.27603933299542405,
2165,216,ok,1.6714483944266447,0.33327683412816883,0.125593087300175,0.08824556443277633,15.000000000001679,0.24313537499983795,
2166,216,ok,1.2433350437967003,0.8247955091390676,-0.4059266384375872,0.07984550783860783,15.000000000001679,0.2536181250179652,
2167,216,ok,1.4036499538341949,0.7902071815094802,-0.7117826418419473,0.09174763043336692,15.000000000001679,0.270795625023311,
2168,216,ok,1.7777980789223953,0.22844262920790437,-0.1488304115843132,0.08996594852716545,15.000000000001679,0.29207129098358564,
2169,216,ok,1.433064926885643,0.6053727322978164,-0.32968146573821144,0.09771590246427392,15.000000000001679,0.220720833982341,
2170,216,ok,1.4184884088690253,0.6044960035022794,-0.2543186227051988,0.07571461447189096,15.000000000001679,0.2245614999847021,
2171,217,ok,1.0680172443029652,0.9424043491425586,-0.14883639815557512,0.07803955406227492,15.000000000001679,0.20722833400941454,
2172,217,ok,1.873632129461655,0.13009800544902123,-0.11816889322189375,0.07497583066336481,15.000000000001679,0.25445316699915566,
2173,217,ok,2.008539868508469,-0.008521604521413463,-0.008565486486246601,0.07399247137642613,15.000000000001679,0.23857529199449345,
2174,217,ok,1.6785330467204609,0.36946012280693896,-0.3985133596454586,0.10688108161299557,15.000000000001679,0.24242750002304092,
2175,217,ok,1.7598511996687307,0.24550093035692747,-0.13714685412747807,0.07715845949397461,15.000000000001679,0.23848341702250764,
2176,217,ok,1.5167195658768542,0.4856745433524047,0.08518598982652567,0.08416306105571543,15.000000000001679,0.254644249973353,
2177,217,ok,1.4378159323137356,0.5850923684198005,-0.2556385129657255,0.10101954979045451,15.000000000001679,0.25889974998426624,
2178,217,ok,1.8423759460063742,0.16538409346111596,0.16891892107573642,0.07500398735084794,15.000000000001679,0.2643792499729898,
2179,217,ok,2.1117013947480916,-0.07172134874326165,0.408966299030172,0.0749615790255583,15.000000000001679,0.2497334170038812,
2180,217,ok,1.5549780008394287,0.7236518732582216,-0.8881959482328995,0.10207227783364069,15.000000000001679,0.27519466599915177,
2181,218,ok,1.5970803382148224,0.4029534893083413,-0.010394681330824636,0.0829038707586788,15.000000000001679,0.2299267089983914,
2182,218,ok,2.1632412821369114,-0.163191719887767,0.014643351745847123,0.10120084867257599,15.000000000001679,0.2260832079919055,
2183,218,ok,1.3450573560900398,0.6557295054496776,-0.046001398384831915,0.07683984622737179,15.000000000001679,0.2160257920040749,
2184,218,ok,1.4003675937325037,0.7703273692403514,-0.6700258343801436,0.0901291948379983,15.000000000001679,0.2630818749894388,
2185,218,ok,1.440381349658175,0.570138311024656,-0.1737641586855062,0.07558335037058672,15.000000000001679,0.25552737500402145,
2186,218,ok,1.7624867853637565,0.24561193489354455,-0.1687666601965445,0.11615557188445277,15.000000000001679,0.20695666698156856,
2187,218,ok,1.168298975897096,0.857798453857174,-0.24555676547621516,0.07513221118815096,15.000000000001679,0.2159970409993548,
2188,218,ok,1.8780638729492118,0.13104649518304123,-0.1847612180881028,0.0921045103771589,15.000000000001679,0.24071166702196933,
2189,218,ok,1.7673850235146495,0.23890028618921766,-0.1489215208069649,0.08096522198027149,15.000000000001679,0.2270384579896927,
2190,218,ok,2.0893629157453804,-0.08921079564467964,-0.025212002176804516,0.07964224541029419,15.000000000001679,0.2644730409956537,
2191,219,ok,1.9312149085245147,0.07301362523123335,-0.12772836162292187,0.07502488186313279,15.000000000001679,0.2616079580038786,
2192,219,ok,1.7338030705291627,0.3048238442677219,-0.36393802825905425,0.07467649922181918,15.000000000001679,0.22904775000642985,
2193,219,ok,1.1642466722112061,0.8908574872369852,-0.3539395430530664,0.08919926124395447,15.000000000001679,0.2176240830158349,
2194,219,ok,1.5955856908820583,0.4326138005571986,0.2986539782822695,0.07496883331918397,15.000000000001679,0.23116204197867773,
2195,219,ok,1.6430738479191584,0.4415209573008223,-0.5204178544048271,0.07521964693643494,15.000000000001679,0.2412644169817213,
2196,219,ok,1.3810545349138952,0.6253845868727312,-0.13320696077601699,0.07602819586937022,15.000000000001679,0.21893162501510233,
2197,219,ok,1.9238953548301825,0.0920232054118896,-0.2469775043408476,0.07628226154278435,15.000000000001679,0.2579152919934131,
2198,219,ok,1.8408858695701493,0.1636228325973697,-0.12876212108122717,0.07510734965788331,15.000000000001679,0.24196037501678802,
2199,219,ok,1.6877971107315886,0.375301340627363,-0.45717978217179994,0.09170271586862143,15.000000000001679,0.22379908300354145,
2200,219,ok,1.7939334271182312,0.2308967189754807,-0.29744028308291137,0.07457492871713403,15.000000000001679,0.23821187499561347,
2201,220,ok,1.208450002186473,0.8030050405329454,0.16599540594531867,0.09811348733370384,15.000000000001679,0.24118679197272286,
2202,220,ok,1.6220737104122924,0.3782267618320821,0.03121996113141821,0.07508961041452311,15.000000000001679,0.24802508400171064,
2203,220,ok,1.5702682932264518,0.44786309166551563,-0.23793597983109335,0.09426019700182525,15.000000000001679,0.2884123330004513,
2204,220,ok,2.1547969398343194,-0.1543103026060715,0.04579270689405362,0.0985241966750463,15.000000000001679,0.20539100002497435,
2205,220,ok,2.0505023513517893,-0.049529307635638196,0.06316256835973688,0.12965854633315696,15.000000000001679,0.2440380420011934,
2206,220,ok,1.3806583936043113,0.7722746822562655,-0.6315917542218897,0.09780479303929958,15.000000000001679,0.28900191700086,
2207,220,ok,1.6903898280522962,0.30963573936728994,-0.009297158614474629,0.09550980675148817,15.000000000001679,0.23607770798844285,
2208,220,ok,1.8097464333378124,0.19380537536874493,-0.11332753827773877,0.1295738928558651,15.000000000001679,0.25024199998006225,
2209,220,ok,1.7641186446456656,0.2571630651439481,-0.27319225993432217,0.09959776250311758,15.000000000001679,0.19289050000952557,
2210,220,ok,1.529275051155524,0.5939281341652634,-0.6013685144690841,0.0753778404625293,15.000000000001679,0.24374704199726693,
2211,221,ok,1.9234755996602815,0.091811899863677,-0.24202594279665365,0.07892137210481417,15.000000000001679,0.22691895900061354,
2212,221,ok,1.7148962878911589,0.35181809000054876,-0.47367253432454487,0.08457784961573075,15.000000000001679,0.2242909159976989,
2213,221,ok,1.8453389058210827,0.15535941921072302,0.05076224032043366,0.09075230040624441,15.000000000001679,0.23829104198375717,
2214,221,ok,1.3848431254654485,0.6158567686125997,-0.04402268907458795,0.08360813923485443,15.000000000001679,0.21528504099114798,
2215,221,ok,1.810748927816606,0.19313277852320576,-0.11850115417884018,0.08325023827066841,15.000000000001679,0.2571915410226211,
2216,221,ok,1.8776292529372927,0.12931369691402805,-0.1613206959208749,0.07554568213591845,15.000000000001679,0.2818226249946747,
2217,221,ok,1.3420882242795364,0.8920210666988178,-0.7573529461952159,0.09418494289716649,15.000000000001679,0.22242716597975232,
2218,221,ok,1.827076339478963,0.18103417544972916,-0.17196301754156332,0.0750112089031113,15.000000000001679,0.25262608300545253,
2219,221,ok,1.8779297392081704,0.12341387494433627,0.07102549296580948,0.08712723098703011,15.000000000001679,0.24622991602518596,
2220,221,ok,1.9397391097275094,0.10517155597199325,-0.4149855196375817,0.10769530792699601,15.000000000001679,0.2417501670133788,
2221,222,ok,1.6492138148643802,0.6713896774860828,-0.9770879274911686,0.10675180592196562,15.000000000001679,0.23395695799263194,
2222,222,ok,1.375171174531596,0.7012390488631499,0.4520129987784793,0.10180318567178882,15.000000000001679,0.37320733300293796,
2223,222,ok,1.8962219252824752,0.12731243738292825,0.2978235765370289,0.07517209203228745,15.000000000001679,0.4812895839859266,
2224,222,ok,1.8303140781039828,0.1742375416715003,0.12900027234043385,0.10320738497590203,15.000000000001679,0.23039099999004975,
2225,222,ok,2.3868294511267667,-0.3847399886504464,0.09984996393374652,0.10313257983835422,15.000000000001679,0.21402804198442027,
2226,222,ok,1.350248433727848,0.7938680353672969,-0.6069732421414986,0.08990517945649909,15.000000000001679,0.23574549998738803,
2227,222,ok,1.4197510339865436,0.8085522552497114,-0.7721044424398232,0.09978624433834692,15.000000000001679,0.2365838330006227,
2228,222,ok,2.278948601899344,-0.27729428132647616,0.0868186980822807,0.10378735501994271,15.000000000001679,0.24052470800234005,
2229,222,ok,1.5147210192070486,0.4938803302142419,-0.1611933817254262,0.07498319278594016,15.000000000001679,0.22081512500881217,
2230,222,ok,1.6286165999895494,0.37676343192782474,-0.13226894508835457,0.07506732821483521,15.000000000001679,0.2420295409974642,
2231,223,ok,2.01241828232309,-0.010455189938920632,-0.08886659820132942,0.09019318741817921,15.000000000001679,0.25143025000579655,
2232,223,ok,2.1381189693283265,-0.1380343777362222,-0.01901911195905815,0.09805588319395844,15.000000000001679,0.19951670899172314,
2233,223,ok,1.4086715178796263,0.6102264438058252,-0.22996718850455036,0.08675250478931162,15.000000000001679,0.2628851249755826,
2234,223,ok,1.7329931918666304,0.27178736280466936,0.1286331360670826,0.07942836085032479,15.000000000001679,0.22040579200256616,
2235,223,ok,1.7141838001324534,0.30588007945017603,-0.26150295492173187,0.07894436649326729,15.000000000001679,0.24471612501656637,
2236,223,ok,1.6377157181678972,0.37675059490786145,-0.2171960920509622,0.09531995744791237,15.000000000001679,0.22115949998260476,
2237,223,ok,1.4286466842604986,0.785523096085954,-0.7523810193697539,0.10577601025589703,15.000000000001679,0.21852179101551883,
2238,223,ok,1.51278939081266,0.6394318753684283,-0.6613517363641428,0.07946194553476597,15.000000000001679,0.2404892919876147,
2239,223,ok,1.421887383828275,0.7250798234640765,-0.6295572060993556,0.0819701998003312,15.000000000001679,0.22593495799810626,
2240,223,ok,2.1734727562118015,-0.13377992904942185,-0.4134816034369224,0.0841496087942277,15.000000000001679,0.2751622500072699,
2241,224,ok,1.7459945457883763,0.2542119747894556,-0.026853769832658345,0.11027023961479475,15.000000000001679,0.2115502080123406,
2242,224,ok,1.8245673985271722,0.1800097944100997,0.12915821044380177,0.08220211961337966,15.000000000001679,0.22761995799373835,
2243,224,ok,1.9485527549628348,0.05316578276380725,-0.08181912656337442,0.07674590903065658,15.000000000001679,0.23260670801391825,
2244,224,ok,1.8149989187801085,0.30731013198716917,-0.6549977754921529,0.10316833736177236,15.000000000001679,0.25039887498132885,
2245,224,ok,1.6425375642558988,0.3991360648208372,-0.36764699241852344,0.07503138890719206,15.000000000001679,0.26697762502590194,
2246,224,ok,1.6964018935671727,0.32076824382008495,-0.24074902603169182,0.08599983291941227,15.000000000001679,0.23571458298829384,
2247,224,ok,1.6312224187786253,0.3729251989391595,0.11625046786493169,0.08482179870182013,15.000000000001679,0.23742349998792633,
2248,224,ok,2.310336919277018,-0.30967567160713516,0.05527180619947195,0.09578955657511493,15.000000000001679,0.2229050830064807,
2249,224,ok,1.5878147451974467,0.41341905190886613,-0.06258242741114409,0.09580112247144143,15.000000000001679,0.23225395899498835,
2250,224,ok,1.7337498698611007,0.26653705993556104,0.03154118999870765,0.08002665854714965,15.000000000001679,0.25160504202358425,
2251,225,ok,1.5392375829205216,0.5801936892332172,-0.5944765567975134,0.12028496729384094,15.000000000001679,0.22046987499925308,
2252,225,ok,1.5166321425140559,0.6444559506173163,-0.6802009893332788,0.08821407650110216,15.000000000001679,0.28280445898417383,
2253,225,ok,1.7637151589317588,0.4017579786799397,-0.7458643329268713,0.10226144000257754,15.000000000001679,0.2765975829970557,
2254,225,ok,1.7217699508378856,0.32624198403355054,-0.4037646190497013,0.07887025870761742,15.000000000001679,0.2789305839978624,
2255,225,ok,1.3465020151444,0.6947497701425753,-0.3307408566310941,0.07805963423468618,15.000000000001679,0.2566394589957781,
2256,225,ok,1.6583854827124576,0.3451147107143414,-0.10768977935418314,0.0751406182485805,15.000000000001679,0.23282095801550895,
2257,225,ok,1.4237325559903369,0.5961774668844501,-0.23726922789063676,0.09227882182361881,15.000000000001679,0.24688612500904128,
2258,225,ok,1.756181059578648,0.34230534360435055,-0.5798451001604586,0.10971412556594944,15.000000000001679,0.24319729101262055,
2259,225,ok,1.5383302690437395,0.5489242694180055,-0.510724231628102,0.09064382576101376,15.000000000001679,0.24436516599962488,
2260,225,ok,1.693776020392222,0.3279962194647094,-0.27070383287166244,0.09499765882286365,15.000000000001679,0.2350438339926768,
2261,226,ok,1.4416041031361937,0.6812811568109652,-0.5824113690487878,0.10503759884183916,15.000000000001679,0.21648137498414144,
2262,226,ok,1.221709268865033,0.8318797601584481,-0.35786679491571805,0.08721826853202562,15.000000000001679,0.258622875000583,
2263,226,ok,1.5972025298900092,0.410263712809097,-0.15425452562414274,0.07509727089869678,15.000000000001679,0.2714622500061523,
2264,226,ok,1.9088168346338372,0.09458288954321822,-0.11387424362018601,0.10544632733730731,15.000000000001679,0.21602708398131654,
2265,226,ok,1.8896053591406075,0.11040798439487307,-0.0071012572308079905,0.09501243558551867,15.000000000001679,0.24324029200943187,
2266,226,ok,1.8250227047184397,0.22936036096183257,-0.4422026022137338,0.07886329260433345,15.000000000001679,0.23522516700904816,
2267,226,ok,1.9357195139309054,0.0645606776088374,-0.032934267183852055,0.08968986316970906,15.000000000001679,0.23067929199896753,
2268,226,ok,1.0857779766864504,0.9737524170377694,-0.3545838590820253,0.0825917123717692,15.000000000001679,0.26007058398681693,
2269,226,ok,1.7397805475424373,0.3212946616284828,-0.45692968882535173,0.10637438429957555,15.000000000001679,0.2305633340147324,
2270,226,ok,1.8659988415359088,0.13400181510644438,0.0015654351821743969,0.08717878059940638,15.000000000001679,0.2734386250085663,
2271,227,ok,1.5677551891595394,0.5088610105488536,-0.4841083011840193,0.09639394306824675,15.000000000001679,0.2564540000166744,
2272,227,ok,2.161097933115056,-0.1424431823562976,-0.2833398787484526,0.07312287970108917,15.000000000001679,0.2206153750012163,
2273,227,ok,1.1882343420977792,0.8737327565477504,-0.3787122232870402,0.07502838492762325,15.000000000001679,0.26206137498957105,
2274,227,ok,1.7242113164141004,0.2760440720766473,-0.029675279752294895,0.09809682801511449,15.000000000001679,0.2101219579926692,
2275,227,ok,1.7883096941296053,0.2236156768436764,0.20618025745054286,0.0791376611319878,15.000000000001679,0.2779754580114968,
2276,227,ok,1.1905838931070665,0.8510055649263071,0.3119323559614553,0.08269860355166067,15.000000000001679,0.22600116601097398,
2277,227,ok,1.6578592715500458,0.6486151212157907,-0.9603417483676506,0.0962305134958077,15.000000000001679,0.26842312500230037,
2278,227,ok,1.6372396751142615,0.38274857119973105,-0.25505209234927056,0.1015131121740705,15.000000000001679,0.2651485000096727,
2279,227,ok,2.156925410203825,-0.15590442652948652,0.06635758324038726,0.09841357857491397,15.000000000001679,0.2399370000057388,
2280,227,ok,1.4482774404526244,0.716954023339994,-0.6717890787297579,0.09891735736650246,15.000000000001679,0.2337397919909563,
2281,228,ok,1.7355460060643098,0.3941032463907122,-0.6581911241523444,0.10344516864383428,15.000000000001679,0.2335985410027206,
2282,228,ok,2.035697920691763,-0.027963390704174043,-0.1772865202783263,0.07502127373765433,15.000000000001679,0.26616412500152364,
2283,228,ok,1.7300113855277706,0.2709247144891291,0.0569038758892323,0.0743129599921722,15.000000000001679,0.21231120798620395,
2284,228,ok,1.7236893896978347,0.4630943187633829,-0.7804012039582613,0.10874694300794713,15.000000000001679,0.23540441700606607,
2285,228,ok,1.3701661530754592,0.6403923283139333,0.16977121701276357,0.09339220645019017,15.000000000001679,0.2545978330017533,
2286,228,ok,1.82598914838913,0.1774207945183217,0.11154106768645737,0.0750112529951627,15.000000000001679,0.27272250002715737,
2287,228,ok,1.444304499335124,0.613130017779557,-0.4032457553596202,0.08507131717136873,15.000000000001679,0.22326183301629499,
2288,228,ok,1.8630652751164922,0.15754228436025636,-0.2763363628342607,0.10162354552619274,15.000000000001679,0.24612304198672064,
2289,228,ok,1.7350861647116245,0.2658071236390649,-0.05566926039279102,0.08648950559380157,15.000000000001679,0.24508716698619537,
2290,228,ok,1.506442659784609,0.6036743907198213,-0.5653709225696566,0.10227452766354624,15.000000000001679,0.23300291699706577,
2291,229,ok,1.3230077289417879,0.6883906017455089,-0.17329234619624595,0.07565694440599881,15.000000000001679,0.23354133300017565,
2292,229,ok,1.309731436959388,0.7158982872866919,-0.2578356615490803,0.07734517632127418,15.000000000001679,0.28739016701001674,
2293,229,ok,1.947231586946325,0.07324331273367296,-0.2816372157155248,0.08299501063516553,15.000000000001679,0.2746249999909196,
2294,229,ok,2.7798395314679993,-0.7006301157907318,-0.6588662978149386,0.09890511494957356,15.000000000001679,0.21738499999628402,
2295,229,ok,1.6304812162698636,0.44456419290629207,-0.4889667132020331,0.09486687467124151,15.000000000001679,0.23219908299506642,
2296,229,ok,1.928800792311574,0.07497730176351952,0.12066527129251399,0.09448865715061715,15.000000000001679,0.25108566600829363,
2297,229,ok,1.7905175979574384,0.22536615855482683,0.23796637870258666,0.08399581060653183,15.000000000001679,0.26069874997483566,
2298,229,ok,1.700926262973493,0.3436770741396395,0.3869683673665682,0.08542721772626553,15.000000000001679,0.23284062498714775,
2299,229,ok,1.7544706395810883,0.24686340340346902,0.06840540056169031,0.08530512848817019,15.000000000001679,0.2685041669756174,
2300,229,ok,1.5055273548166865,0.5829613780539311,-0.5085412077841037,0.08836978250954214,15.000000000001679,0.29936583401286043,
2301,230,ok,1.6330883212797462,0.45305550692450497,-0.523392969425172,0.09511283655248931,15.000000000001679,0.22459666698705405,
2302,230,ok,1.7365230849592832,0.2884899693644527,-0.2936764199427891,0.07556447916074789,15.000000000001679,0.27954666601726785,
2303,230,ok,1.265553036046486,0.8517776984089768,-0.5321748144881444,0.10160051877966203,15.000000000001679,0.2689222500193864,
2304,230,ok,1.1547131933732313,0.8795093705144713,-0.27903997596281627,0.08776894400834363,15.000000000001679,0.24696937497355975,
2305,230,ok,1.5104078040117404,0.4934999377268655,-0.10857852822086589,0.0749808162642138,15.000000000001679,0.3710948750085663,
2306,230,ok,2.0695900348909673,-0.06833400775521385,-0.07209261323638227,0.0810464029885348,15.000000000001679,0.3024775829981081,
2307,230,ok,1.803896625256944,0.2007890069872988,0.1299339726000911,0.07676784767867759,15.000000000001679,0.2580777919793036,
2308,230,ok,2.0091465837058604,0.1319561815775088,-0.7396501113840568,0.10985306105223758,15.000000000001679,0.256219750008313,
2309,230,ok,2.413994836595421,-0.4068490259399795,0.18560398013277463,0.10429565733045443,15.000000000001679,0.20256079200771637,
2310,230,ok,1.562650246667647,0.43950952232382173,-0.08212954701221173,0.0750090409229553,15.000000000001679,0.27295145799871534,
2311,231,ok,1.5598911512425837,0.49696255700203146,-0.4172994712086776,0.0979148553581308,15.000000000001679,0.2640993749955669,
2312,231,ok,1.796619398025912,0.20567215347991918,0.09071295698851323,0.07495764879027872,15.000000000001679,0.21371924999402836,
2313,231,ok,1.9478641088560207,0.06315575804736925,-0.20690328413149472,0.10843248893796956,15.000000000001679,0.24670249997870997,
2314,231,ok,1.800255432445108,0.20015585842215927,0.03847970992677346,0.08560214974272644,15.000000000001679,0.23413783399155363,
2315,231,ok,1.0123251410618441,1.0059040583396825,0.19124709148211755,0.08799650030748572,15.000000000001679,0.23905591701623052,
2316,231,ok,1.5432442766808074,0.495553893865777,-0.34386743266212816,0.08362580046047377,15.000000000001679,0.2156477079843171,
2317,231,ok,1.534397044052292,0.5163858415009199,-0.39148859178458567,0.09437581045760135,15.000000000001679,0.24059050000505522,
2318,231,ok,1.6693904243044462,0.40066123190561453,0.4785184360395245,0.07570456633663399,15.000000000001679,0.24756849999539554,
2319,231,ok,1.6576300749988724,0.39193595279795596,-0.40232758498138077,0.09622159894408018,15.000000000001679,0.24245975000667386,
2320,231,ok,1.867233961164691,0.1630393967515654,-0.3348707330298217,0.08252118135892576,15.000000000001679,0.26099958299892023,
2321,232,ok,1.4833585108249254,0.5223987442194359,0.13056416258851525,0.08848865185377314,15.000000000001679,0.26090099997236393,
2322,232,ok,1.9746192333342263,0.025389455733040342,0.005857911162626464,0.09778706695587576,15.000000000001679,0.22511691701947711,
2323,232,ok,1.7550890824026055,0.43235520984728915,-0.789194208719174,0.09908117615682725,15.000000000001679,0.2157953340210952,
2324,232,ok,1.261229188386916,1.0004617790862942,-0.7691699490826345,0.0968932115284392,15.000000000001679,0.22196487500332296,
2325,232,ok,1.9095088742293926,0.09126408240352991,0.054326215016000136,0.08248792534008752,15.000000000001679,0.23853000000235625,
2326,232,ok,1.3461417680546646,0.6613156442898275,0.14149860592309255,0.07517121859514153,15.000000000001679,0.22809966700151563,
2327,232,ok,2.1972463050645876,-0.1967446328929047,-0.046950431054480414,0.09124777353654441,15.000000000001679,0.2656192499853205,
2328,232,ok,2.0499110798546685,-0.04975654523038729,-0.025170232341409925,0.09252529768940433,15.000000000001679,0.23612987500382587,
2329,232,ok,1.7260642713079837,0.29955544990769634,-0.29628736177458365,0.09399286508031,15.000000000001679,0.2619336670031771,
2330,232,ok,1.7202456127049928,0.3246561779094705,-0.3904715685089921,0.10500795058843704,15.000000000001679,0.28358787499018945,
2331,233,ok,1.387521724936857,0.6347149946682664,-0.24741340179561683,0.08257061248163547,15.000000000001679,0.21138512500328943,
2332,233,ok,1.3787588058857727,0.6217975526945807,-0.03916451262194664,0.07517195813878491,15.000000000001679,0.25982204198953696,
2333,233,ok,1.3167858071321608,0.722905889867144,-0.3208667881359248,0.09166910844887702,15.000000000001679,0.22862650000024587,
2334,233,ok,1.839718334501897,0.1603943575984022,0.020362483803265795,0.07646556064629019,15.000000000001679,0.29990766700939275,
2335,233,ok,1.4327530403703692,0.5938108469363816,0.2746148948923944,0.08819349855818964,15.000000000001679,0.24908837498514913,
2336,233,ok,1.5318712794638594,0.4860489499150891,-0.2336275557228567,0.07504914101162495,15.000000000001679,0.24240562500199303,
2337,233,ok,1.4938208514530693,0.5826439624561736,-0.47180779886945007,0.09258461248350901,15.000000000001679,0.24465416697785258,
2338,233,ok,1.6113072558508914,0.38875863516527737,0.014571787922924347,0.0749903809523512,15.000000000001679,0.25292366600479,
2339,233,ok,1.53286987686885,0.7601945174717397,-0.9014279920796728,0.10577364811149761,15.000000000001679,0.27249708300223574,
2340,233,ok,1.8230033629230824,0.1770218291996381,-0.009583841308930174,0.07499142316139208,15.000000000001679,0.2954682919953484,
2341,234,ok,1.7894201554584956,0.2281571099828519,-0.2501944560872338,0.08466498740639133,15.000000000001679,0.28399870899738744,
2342,234,ok,1.7498772250918573,0.5270866890067432,-0.9447733491129289,0.1017432401184192,15.000000000001679,0.24871137499576434,
2343,234,ok,1.4864920902514058,0.5532244618376505,-0.3413199035436373,0.09467027889230957,15.000000000001679,0.24928004201501608,
2344,234,ok,1.7761177884900052,0.224247300764047,-0.03601041164515745,0.08182015648862459,15.000000000001679,0.20298433300922625,
2345,234,ok,0.8986411214202203,1.1058296716108742,-0.08952814605404413,0.08460859203529615,15.000000000001679,0.28320304199587554,
2346,234,ok,2.0170502797444594,-0.016992721219857863,-0.015237898914074803,0.07490253288286979,15.000000000001679,0.3527712920040358,
2347,234,ok,1.6837777265705132,0.33095308924866096,-0.22223825549706128,0.07496003046009866,15.000000000001679,0.2845625409972854,
2348,234,ok,1.7430948452131059,0.257419204756818,0.0423297939770657,0.07743349861387575,15.000000000001679,0.27607841600547545,
2349,234,ok,1.0929696783923997,0.9561762711791764,-0.32405978003414265,0.09036354174470913,15.000000000001679,0.277077292004833,
2350,234,ok,1.7172331903824576,0.3092691033171281,0.3005309720362379,0.07689006862946837,15.000000000001679,0.2523777910100762,
2351,235,ok,1.4862452670821016,0.6433431137175243,-0.6069654741633049,0.0958038336544385,15.000000000001679,0.2965261249919422,
2352,235,ok,1.8386558306934828,0.16882412561337243,-0.1656809609083427,0.07505270809605638,15.000000000001679,0.2745683749963064,
2353,235,ok,1.6870480389082696,0.3807048963093489,-0.4733016509032287,0.09513153833451833,15.000000000001679,0.21470037501421757,
2354,235,ok,1.3542264132852502,0.6751533986669741,-0.28055420398875347,0.08608770661173314,15.000000000001679,0.2408005420002155,
2355,235,ok,1.9372399771999158,0.06292008870777983,-0.02490274140842662,0.07931811609877125,15.000000000001679,0.26094791598734446,
2356,235,ok,1.557509272951931,0.4454487382433042,-0.0959453485163181,0.08991142891019958,15.000000000001679,0.22027691602124833,
2357,235,ok,1.8616226659535116,0.19808223527196397,-0.4676872026786473,0.0874256011039352,15.000000000001679,0.2414914580003824,
2358,235,ok,1.6629797065300784,0.40386495742481143,-0.4667487870304184,0.08149549595026319,15.000000000001679,0.23432195800705813,
2359,235,ok,1.4740809568860067,0.6409293187692815,-0.570825324309491,0.0966621661392907,15.000000000001679,0.24012558400863782,
2360,235,ok,1.1504875834277473,0.8806339666966674,-0.26578442977003064,0.08913356289644671,15.000000000001679,0.2540101250051521,
2361,236,ok,1.59380052488184,0.40629103065873623,0.01708315412432809,0.07508994220232854,15.000000000001679,0.2521585420181509,
2362,236,ok,1.291429860544328,0.7741308700727992,-0.40624618274769053,0.09477953675062924,15.000000000001679,0.25789162499131635,
2363,236,ok,1.8427161299357622,0.15750894804472226,-0.028800329688507688,0.07459932567640085,15.000000000001679,0.2691818750172388,
2364,236,ok,1.1372125409848157,0.8843580746834171,-0.22044377480221317,0.10031727290301738,15.000000000001679,0.22888787498231977,
2365,236,ok,1.9062971881793875,0.09371155427267884,-0.005773330681096115,0.10139611514480454,15.000000000001679,0.22785233397735283,
2366,236,ok,1.3607832304752525,0.6393256448588884,-0.017213355395870992,0.10467451269952821,15.000000000001679,0.22862479201285169,
2367,236,ok,1.7900132656362944,0.37428202644684067,-0.7491251975605415,0.09888292448218546,15.000000000001679,0.21043162501882762,
2368,236,ok,1.726230544678752,0.28865352797137034,-0.2261971398074335,0.07499398165305597,15.000000000001679,0.28719758297665976,
2369,236,ok,1.516933283679656,0.5466353207044448,-0.4345315824094632,0.08638919681963246,15.000000000001679,0.2339667920023203,
2370,236,ok,1.1629648463484235,0.8455854561485945,-0.14076325794241787,0.08014592531477677,15.000000000001679,0.2107346250268165,
2371,237,ok,1.162210857755526,0.9109429606251298,-0.40581873154510456,0.08726018032135793,15.000000000001679,0.26592966698808596,
2372,237,ok,1.8436194443545524,0.15748630205214134,-0.06384299865055885,0.07493824323655757,15.000000000001679,0.2631864580034744,
2373,237,ok,1.4444044440984938,0.5818245422662566,-0.274011987353046,0.0941573675178863,15.000000000001679,0.23489275001338683,
2374,237,ok,1.8402987693126183,0.16202176769385926,-0.09238819135761715,0.07517767146904843,15.000000000001679,0.261299500009045,
2375,237,ok,1.6102918487828595,0.66106142367663,-0.8945855616371562,0.10631151507178338,15.000000000001679,0.22412549998261966,
2376,237,ok,1.379932525672128,0.6257540572180357,-0.12514736974930266,0.09438650857488408,15.000000000001679,0.21822754098684527,
2377,237,ok,1.721187555217078,0.28510180130777873,-0.14700601469435207,0.07516561603671383,15.000000000001679,0.25185762500041164,
2378,237,ok,1.2726048965671106,0.7335448112156041,0.12495790318209872,0.09306672116295642,15.000000000001679,0.3029701249906793,
2379,237,ok,1.3858158725564627,0.7544043768873381,-0.6074349152888806,0.09440178604059962,15.000000000001679,0.31446291698375717,
2380,237,ok,1.6991396626551527,0.3818036874972224,-0.5181855723679293,0.10167697800508624,15.000000000001679,0.2720098329882603,
2381,238,ok,1.6719268494824957,0.3282239906311009,0.022458061338024464,0.0874716811595192,15.000000000001679,0.3279471659916453,
2382,238,ok,1.9720070804698617,0.027999034389786084,0.0049109118961377625,0.08954629312501194,15.000000000001679,0.3229302079998888,
2383,238,ok,1.6080203022029222,0.4029163890346884,0.18722508347648753,0.08879686037755284,15.000000000001679,0.26503491701441817,
2384,238,ok,1.6667544255429463,0.3334640874222121,-0.026988278113221915,0.09781776044879764,15.000000000001679,0.25253041699761525,
2385,238,ok,1.161924481593684,0.8996309465129154,-0.3731708014498037,0.09809732634931431,15.000000000001679,0.21020804200088605,
2386,238,ok,1.2900543002895892,0.8867097103681661,-0.6517858764250183,0.0935566206442693,15.000000000001679,0.21234945798642002,
2387,238,ok,1.8376675469317583,0.16247183259572517,0.02263287524982385,0.08358755649359473,15.000000000001679,0.28556970800855197,
2388,238,ok,1.6909040692989512,0.32654981143401485,-0.24232424137964653,0.07503835552375526,15.000000000001679,0.27947537502041087,
2389,238,ok,2.1602248260070462,-0.1601230683604813,-0.020967318237517015,0.09267088408412691,15.000000000001679,0.22558620799100026,
2390,238,ok,1.702463579511736,0.2988317481800684,-0.06639893496006255,0.07493703239884218,15.000000000001679,0.3121043340070173,
2391,239,ok,1.5813708209740713,0.47928140320817303,0.43376102037839376,0.08880703715015631,15.000000000001679,0.2640267499955371,
2392,239,ok,1.6855770145302302,0.7386999111504639,-1.1181645486156304,0.10280392502355011,15.000000000001679,0.23908733401913196,
2393,239,ok,2.050132369752387,-0.05000108121966031,0.023201303945284368,0.07908764069672612,15.000000000001679,0.2705087499925867,
2394,239,ok,2.142463121604053,-0.14240042306796188,0.016390688563953315,0.0853743402632978,15.000000000001679,0.28117220802232623,
2395,239,ok,1.36521720993505,0.6371744014100598,-0.08077387034687199,0.08888259412052396,15.000000000001679,0.2578557919769082,
2396,239,ok,1.3565565234088488,0.6445249350405844,-0.0541567122005259,0.0822365024033869,15.000000000001679,0.2387387919879984,
2397,239,ok,1.4364397868959642,0.5873759475421628,-0.260485216078227,0.07506599273563436,15.000000000001679,0.24290308300987817,
2398,239,ok,1.621493131762892,0.39321994073122835,0.21793994009927065,0.07667044895457344,15.000000000001679,0.21818541700486094,
2399,239,ok,1.4471401622117832,0.8501781775951281,-0.8787061088941428,0.10305032908462707,15.000000000001679,0.2435781669919379,
2400,239,ok,1.6478718502237941,0.3544819281713483,-0.08804493196832149,0.07520131515663446,15.000000000001679,0.29421695799101144,
2401,240,ok,1.5881217223198631,0.4234381336895697,0.19126757853850063,0.09690055161087446,15.000000000001679,0.31174945799284615,
2402,240,ok,1.6451479127862392,0.35490393539367804,-0.013061131716316218,0.09405290838913885,15.000000000001679,0.24284095800248906,
2403,240,ok,1.5665491565777527,0.4879467525736288,-0.4095988731940477,0.09563273110391741,15.000000000001679,0.2252300840045791,
2404,240,ok,1.290855538070181,0.7355666513474037,-0.2598390405263192,0.07505619934056239,15.000000000001679,0.24082195799564943,
2405,240,ok,1.8966473399450094,0.10635026854582673,-0.10659186969003477,0.07912729022263595,15.000000000001679,0.24595337500795722,
2406,240,ok,1.8289508485496768,0.26971696592305533,-0.5926059638546224,0.09199755965706045,15.000000000001679,0.25867354101501405,
2407,240,ok,1.4773141054661778,0.5515415856455231,-0.2905601281921656,0.10804418417942076,15.000000000001679,0.344517999998061,
2408,240,ok,1.0971763084860506,0.9089558314715244,-0.1158381380335685,0.07508409816872148,15.000000000001679,0.2752367919893004,
2409,240,ok,1.7551919841362142,0.24540225438538213,0.04566894196411346,0.0899216064084139,15.000000000001679,0.29778404100215994,
2410,240,ok,1.6302498253559436,0.7456796006176181,-1.041342800794391,0.10318776156876916,15.000000000001679,0.23447624998516403,
2411,241,ok,1.6516301066185817,0.3864227355515515,-0.3524917314547525,0.07506966019411507,15.000000000001679,0.2309982499864418,
2412,241,ok,1.0764575903137787,0.944210864495218,-0.20992914303214877,0.08301789353116353,15.000000000001679,0.25001291700755246,
2413,241,ok,1.5116614948371327,0.49011014963756006,0.07316498305694914,0.0750657152314397,15.000000000001679,0.2370435000048019,
2414,241,ok,1.328466449918814,0.6717827894527945,0.025732278680613622,0.08064667194242724,15.000000000001679,0.2467663330025971,
2415,241,ok,1.8726750088734705,0.2345201111209173,-0.6244937556315144,0.09973504026530519,15.000000000001679,0.20918245799839497,
2416,241,ok,1.882247212191972,0.12656334690787077,-0.18190567515998915,0.07542262808556478,15.000000000001679,0.27680970801156946,
2417,241,ok,1.2634129510187693,0.8001827459132816,-0.39579141172815097,0.08881642046793742,15.000000000001679,0.22697820799658075,
2418,241,ok,1.561124802098729,0.4917625468205418,-0.40290250998788474,0.07497399484786746,15.000000000001679,0.270448708004551,
2419,241,ok,1.5351016388709458,0.6463067633020573,-0.7239141265250392,0.0977661899276313,15.000000000001679,0.2534309159964323,
2420,241,ok,2.010361589470934,-0.010358711162375963,-0.003401892657230792,0.07840434698488666,15.000000000001679,0.23381587499170564,
2421,242,ok,1.6943772806286375,0.4725697892016675,-0.7333971095191598,0.10557142022271648,15.000000000001679,0.2278896670031827,
2422,242,ok,1.4655777480184036,0.8593721218456489,-0.9202641898193137,0.10239370990739924,15.000000000001679,0.30541479200473987,
2423,242,ok,1.6825694276316343,0.6466876365807257,-0.9997927414305342,0.10715125321145366,15.000000000001679,0.2595329169998877,
2424,242,ok,2.481317807539782,-0.4812456811615557,0.01891908378221762,0.11146276429965031,15.000000000001679,0.2064141659939196,
2425,242,ok,1.8223519984704555,0.1800506928183871,0.09354852012955901,0.10781811065845656,15.000000000001679,0.25491637497907504,
2426,242,ok,1.708382529986114,0.33836599566138736,-0.396917251309871,0.09272294616707345,15.000000000001679,0.23556895801448263,
2427,242,ok,1.4709712925137028,0.5338019483788208,-0.11840530740507905,0.07502249649886844,15.000000000001679,0.2789631659979932,
2428,242,ok,1.9280284761736364,0.07763487479531303,0.14766898907083387,0.07729788143763708,15.000000000001679,0.2327160420245491,
2429,242,ok,1.8001995738417025,0.2366334755357488,-0.36229408780535594,0.091886390473978,15.000000000001679,0.2459017499932088,
2430,242,ok,1.8270434273444576,0.2923112976958014,-0.6495282760782507,0.09776514912572612,15.000000000001679,0.2200089999823831,
2431,243,ok,1.2644735908009304,0.7476375109063501,-0.17458997034239057,0.09972494246521763,15.000000000001679,0.22729766700649634,
2432,243,ok,1.4844459338770526,0.5335628285688557,-0.23052495060001515,0.07902284529307513,15.000000000001679,0.2561860000132583,
2433,243,ok,1.6000989399368521,0.4526670415996157,-0.407525868424266,0.08248613960825057,15.000000000001679,0.27549400000134483,
2434,243,ok,1.1952318280454028,0.8184529103483078,-0.1803485450686295,0.0774960871473519,15.000000000001679,0.2901075420086272,
2435,243,ok,1.4191716518227404,0.5905030585608328,0.1654283815157436,0.07572784717411624,15.000000000001679,0.2600882080150768,
2436,243,ok,1.4118079346588777,0.7463048518207904,-0.6491918975138827,0.10078389797072014,15.000000000001679,0.2508893750200514,
2437,243,ok,1.3345412451173204,0.9142694528437418,-0.7760087073551817,0.09615253836214634,15.000000000001679,0.21445570897776634,
2438,243,ok,1.894252920471579,0.11475689154447348,-0.1845333268980152,0.09895038290020253,15.000000000001679,0.21954474999802187,
2439,243,ok,1.5635830797337522,0.5137747080606815,0.48572258422845926,0.07502798200010337,15.000000000001679,0.23662945898831822,
2440,243,ok,1.48803931452241,0.5384448490612035,-0.2794951561809177,0.07785841385093206,15.000000000001679,0.24723466599243693,
2441,244,ok,2.447137012676696,-0.4289428814067707,-0.29785237564202277,0.11245683895511913,15.000000000001679,0.2363892089924775,
2442,244,ok,1.0011395570928359,0.9991931424237787,-0.0258078787281759,0.08074375576471861,15.000000000001679,0.2165465830184985,
2443,244,ok,1.660089603380578,0.3415976197987246,-0.07482671043838181,0.07677179536837092,15.000000000001679,0.2495698329876177,
2444,244,ok,1.5668899000000045,0.43401543157923467,0.0532568323321341,0.09069810766707968,15.000000000001679,0.2802197080163751,
2445,244,ok,1.7063441968957318,0.2937607144904232,-0.01892138640554621,0.09096451075888771,15.000000000001679,0.3267279169813264,
2446,244,ok,2.014881355003175,-0.011820135612424688,-0.11102529749492075,0.10299858005886625,15.000000000001679,0.2579318750067614,
2447,244,ok,1.9699067834025237,0.039810999318414364,-0.1954272675503705,0.07458881202880951,15.000000000001679,0.24274562500067987,
2448,244,ok,1.1626690057618878,0.8374988049203462,-0.01975318702673677,0.07909587511888844,15.000000000001679,0.22751808300381526,
2449,244,ok,1.9651674550719507,0.3042219478310221,-0.9930860608506971,0.10025614017584634,15.000000000001679,0.21054254099726677,
2450,244,ok,1.5731438237982869,0.4887270024926308,-0.4368471327132488,0.09161851959316297,15.000000000001679,0.27643891697516665,
2451,245,ok,2.184111097186755,-0.12569613258395987,-0.5017541596956878,0.10899396907412824,15.000000000001679,0.24535900002229027,
2452,245,ok,1.616390970260711,0.459957113251928,-0.4909049558896589,0.1071154512122277,15.000000000001679,0.23380554100731388,
2453,245,ok,1.653978351399171,0.3624539898046154,-0.23256709008433898,0.08411527145845038,15.000000000001679,0.3349427079956513,
2454,245,ok,1.932036237603509,0.06976772766025005,-0.08347094243655881,0.08226920792612392,15.000000000001679,0.34080724997329526,
2455,245,ok,1.6788026987700004,0.3239434954461888,-0.09598486828816946,0.0762271370250996,15.000000000001679,0.2821366249991115,
2456,245,ok,1.6830590155030631,0.3539044461898877,-0.3507949221307507,0.09168346828644443,15.000000000001679,0.22935429099015892,
2457,245,ok,1.4703070343345757,0.5397261452230988,-0.17147315903296456,0.07502057983972628,15.000000000001679,0.2675740830018185,
2458,245,ok,1.7241762722608742,0.30930220680042053,0.3381194905613642,0.07490000196512263,15.000000000001679,0.2683629170060158,
2459,245,ok,2.0841991621353033,-0.06809685459070451,-0.2585759994228655,0.07379514150987254,15.000000000001679,0.2505371250153985,
2460,245,ok,1.597582892407466,0.4862022538959879,-0.5105756378867067,0.09878520286276314,15.000000000001679,0.23581504201865755,
2461,246,ok,1.4895643548312367,0.6499485718985207,-0.629414893901435,0.10566001514189645,15.000000000001679,0.24334054201608524,
2462,246,ok,1.5123050601715111,0.6607835655126398,-0.7025424802951913,0.10226148215487703,15.000000000001679,0.3152880409907084,
2463,246,ok,1.090102941900275,0.9741502987782583,-0.3687232220011346,0.08760791985565831,15.000000000001679,0.25397204200271517,
2464,246,ok,1.7007588058052359,0.33340558544158144,-0.33918073778847446,0.07925822802399919,15.000000000001679,0.24772745900554582,
2465,246,ok,1.9214917965800915,0.08452319518769219,-0.1519188419868315,0.07425106848834458,15.000000000001679,0.2680161670141388,
2466,246,ok,1.9652908402165552,0.05350254017016029,0.2711378349015042,0.09491620414535529,15.000000000001679,0.21309020798071288,
2467,246,ok,1.5078052504845083,0.6002034363014127,-0.5603982991108005,0.07513381096276864,15.000000000001679,0.25798216700786725,
2468,246,ok,1.8915874309598786,0.11335615944073384,-0.13666758154432831,0.07509064803649729,15.000000000001679,0.25322454201523215,
2469,246,ok,1.6734146438538007,0.327129298866334,0.04266365611266774,0.08750690701372263,15.000000000001679,0.2601242499949876,
2470,246,ok,1.811911713663737,0.18930659862705967,-0.06643390953686283,0.07910752409420983,15.000000000001679,0.2877221249800641,
2471,247,ok,1.4381332023376137,0.562168235569303,-0.029443587756048543,0.08897441710228517,15.000000000001679,0.1991742909885943,
2472,247,ok,1.5629290973134844,0.6860544924103624,-0.8463418731896424,0.10113237194544382,15.000000000001679,0.24122391699347645,
2473,247,ok,1.3633715967778972,0.8716098601149603,-0.7651913506508906,0.10225041144311416,15.000000000001679,0.24811687498004176,
2474,247,ok,1.8275538561528806,0.1827983369701045,-0.19424523937704574,0.0865872674123534,15.000000000001679,0.2527230420091655,
2475,247,ok,1.4375935366584889,0.5729400919180588,0.1737100900564628,0.07502915793249133,15.000000000001679,0.2662563750054687,
2476,247,ok,1.1067833765166033,0.9862913821545123,-0.4442569984134004,0.09631478473752117,15.000000000001679,0.23385629197582603,
2477,247,ok,1.6937912504421033,0.30624655067986745,0.011316050122600712,0.08112858743627883,15.000000000001679,0.28230841699405573,
2478,247,ok,1.0696766734526117,0.9310754046708845,-0.04010480306811236,0.07672900174603228,15.000000000001679,0.2374605840013828,
2479,247,ok,1.829060106006154,0.17145097743871826,0.04323590491043935,0.08063083419061873,15.000000000001679,0.2465069590252824,
2480,247,ok,1.1794630143061924,0.8213874807741597,-0.04478316246500804,0.07602381153592204,15.000000000001679,0.27038245901349,
2481,248,ok,1.5248228748074744,0.49956785390273584,0.27163978812774986,0.08660975786503296,15.000000000001679,0.24555699998745695,
2482,248,ok,2.4874365869877546,-0.4830434168402714,0.14777064786850763,0.09871044453397028,15.000000000001679,0.20982045799610205,
2483,248,ok,1.46528033642134,0.5366221235761472,0.07464352012231758,0.07646029755770875,15.000000000001679,0.28211195798940025,
2484,248,ok,1.987445288640999,0.014295043153768327,-0.08315407204466223,0.07468974251288478,15.000000000001679,0.264509458997054,
2485,248,ok,1.7165851109219712,0.3113132524843498,-0.30822315260864347,0.07502837848801422,15.000000000001679,0.3073431249940768,
2486,248,ok,1.606034477350371,0.7345736901670469,-0.9889605638348953,0.10618460065609332,15.000000000001679,0.19910162498126738,
2487,248,ok,1.0180414224420522,1.043509209051498,-0.3486168450298205,0.09583913045046703,15.000000000001679,0.2484948329802137,
2488,248,ok,1.9543161763567118,0.05143698305716035,-0.1498462084009381,0.07502493699521716,15.000000000001679,0.23330887500196695,
2489,248,ok,1.865339518935319,0.1371681650249098,-0.096690617462014,0.0751281082111146,15.000000000001679,0.25775595800951123,
2490,248,ok,1.5215829187739003,0.48038741978117333,-0.07740920323308734,0.07821712172845915,15.000000000001679,0.25838058299268596,
2491,249,ok,1.7533943935933776,0.24661337840769096,-0.005220603968566126,0.10241183750208711,15.000000000001679,0.2623559170169756,
2492,249,ok,1.7140327924773182,0.29197045839042096,-0.14333003410508757,0.09162075261172309,15.000000000001679,0.23295549998874776,
2493,249,ok,1.8679903917306242,0.13936834020573385,-0.1656439862149113,0.07493544011393669,15.000000000001679,0.29895637498702854,
2494,249,ok,2.1518660099858233,-0.14828592596703577,-0.12407620732542682,0.1082399474240976,15.000000000001679,0.21654266701079905,
2495,249,ok,1.9774620806503376,0.0772502369806707,-0.4619411534157519,0.10319157065803727,15.000000000001679,0.2470938749902416,
2496,249,ok,0.9146158839127155,1.0949557394474267,-0.13197386690661114,0.09468619018229184,15.000000000001679,0.2782125000085216,
2497,249,ok,1.327584604364713,0.6765863357373961,-0.10515300751399875,0.08976263730607442,15.000000000001679,0.24199095799122006,
2498,249,ok,1.9872188585647772,0.03176260010579419,-0.27400790042112294,0.0898814092702353,15.000000000001679,0.25570200002403,
2499,249,ok,1.9922040608976768,0.009311199841105964,0.07768604237015404,0.11922553673793264,15.000000000001679,0.24819370798650198,
2500,249,ok,2.092474391513726,-0.09231774560921206,-0.025603330828677977,0.07784564076008242,15.000000000001679,0.24742570897797123,
2501,250,ok,1.7984309897026434,0.20543805886597252,-0.11790447046698752,0.07502568808142356,15.000000000001679,0.23748687497572973,
2502,250,ok,1.6006487111080747,0.5362764327420458,-0.6477573735787114,0.09146532225440554,15.000000000001679,0.21167491600499488,
2503,250,ok,2.0637050092105946,-0.06354731194339791,0.02551188766198385,0.07500571879096861,15.000000000001679,0.3125390420027543,
2504,250,ok,2.02734625873943,-0.027266339497262957,-0.018001154577750596,0.08219891607348266,15.000000000001679,0.26095137497759424,
2505,250,ok,1.8283949835285913,0.1722995579079757,0.05039156446406559,0.07531355835070247,15.000000000001679,0.2689141249866225,
2506,250,ok,1.8885704577166036,0.11291124770877516,-0.07479582031002976,0.09524673951802466,15.000000000001679,0.2684551249840297,
2507,250,ok,1.7802670775911296,0.21984727974096174,-0.02017820877102344,0.07495848935545045,15.000000000001679,0.24940616698586382,
2508,250,ok,1.951925272487725,0.05500668165749635,-0.16435711417305782,0.07578866299166295,15.000000000001679,0.2340083750023041,
2509,250,ok,1.572124666985384,0.5245503552692314,-0.5427930677594852,0.10770769757046358,15.000000000001679,0.23871974999201484,
2510,250,ok,1.5483254074649027,0.4611066837556668,-0.17064269284055222,0.08377737285754487,15.000000000001679,0.2205379999941215,
2511,251,ok,1.6871265642218867,0.31864882135716877,-0.1394785208536074,0.07505284969980519,15.000000000001679,0.29370029200799763,
2512,251,ok,1.0760544944101318,0.9353500159631996,0.15624879657355653,0.08059652904607963,15.000000000001679,0.2347327079914976,
2513,251,ok,2.006793111108297,-0.0001242772118424559,-0.16346701960800045,0.089222726708923,15.000000000001679,0.2319545000209473,
2514,251,ok,1.9971552724756856,0.004123378017875634,-0.07145412656140467,0.07701303059131909,15.000000000001679,0.28081225001369603,
2515,251,ok,1.5723894807857042,0.4542999241587759,-0.28847869042612284,0.10209824414201983,15.000000000001679,0.26025733299320564,
2516,251,ok,1.916229653783294,0.08386721146036163,0.019267140985406207,0.09387669769440411,15.000000000001679,0.20530754199717194,
2517,251,ok,1.659405283463877,0.34961354052100724,-0.17277276740338723,0.07500473841546801,15.000000000001679,0.2677424159774091,
2518,251,ok,2.205798692097599,-0.15688041961206023,-0.4619683166122763,0.10608247996763709,15.000000000001679,0.22330495802452788,
2519,251,ok,0.9474632396537516,1.054466246719585,-0.06043601494666771,0.07922537365334985,15.000000000001679,0.24483479198534042,
2520,251,ok,1.6307341735075143,0.37496441037485295,-0.13621041478861423,0.08870663108518108,15.000000000001679,0.2486246670014225,
2521,252,ok,1.0878380434629638,1.1285536977853494,-0.6511320535511526,0.10090662098765057,15.000000000001679,0.2529819160117768,
2522,252,ok,1.1740112655508672,0.8754980670097403,0.3373393756167787,0.07659830482811021,15.000000000001679,0.2479031249822583,
2523,252,ok,1.5717151161200382,0.4755602265666426,-0.38258565500379027,0.09980577056032863,15.000000000001679,0.24898462498094887,
2524,252,ok,1.537853883642378,0.4798095577705468,-0.23241253578102122,0.08367629875932593,15.000000000001679,0.23686424997868016,
2525,252,ok,2.06574441714998,-0.06354321632084146,0.09533829955766891,0.09150711040123108,15.000000000001679,0.2621801670175046,
2526,252,ok,1.6330374791864186,0.36968213534879063,-0.09420758263883772,0.07855868944684723,15.000000000001679,0.2373930829926394,
2527,252,ok,1.926948792744363,0.11318650691672527,-0.3912371303670557,0.11376624454847449,15.000000000001679,0.2625125419872347,
2528,252,ok,1.9457541101603424,0.05911505572408079,-0.137567039253331,0.1074698446770641,15.000000000001679,0.2593218749971129,
2529,252,ok,1.5324439022799419,0.46787851785625,-0.03143370147811378,0.10295667908108655,15.000000000001679,0.23211754197836854,
2530,252,ok,2.276933272120662,-0.1128691670756729,-0.8486512879334227,0.09595746687376931,15.000000000001679,0.29437562500243075,
2531,253,ok,1.5829895281162176,0.5906116445649662,-0.7207498246199835,0.09514840606843267,15.000000000001679,0.23238841601414606,
2532,253,ok,1.2825401851972806,0.719498285420365,-0.07228198672206917,0.09557179071142298,15.000000000001679,0.2354343329789117,
2533,253,ok,1.619691347745322,0.4117070342289881,-0.3173728357049183,0.07510712634387501,15.000000000001679,0.27235733400448225,
2534,253,ok,1.5427245921327053,0.539669084994969,-0.4974261612054505,0.10305497417887825,15.000000000001679,0.2553746250050608,
2535,253,ok,1.5609948639112492,0.4788406571339077,-0.3503986569159443,0.07498383074379568,15.000000000001679,0.2522235000215005,
2536,253,ok,1.3777788227411645,0.6264439812062559,-0.10778843922011715,0.09240057809859141,15.000000000001679,0.24708949998603202,
2537,253,ok,1.6442436794042221,0.3629377451187234,0.15350716890023275,0.09019768281413279,15.000000000001679,0.2548116659745574,
2538,253,ok,1.750553654516366,0.4812863265239112,-0.8706014445987148,0.10096534762250589,15.000000000001679,0.22470541697111912,
2539,253,ok,2.2450663631196863,-0.24252499480897968,-0.10679242701821506,0.10585747144782635,15.000000000001679,0.23066779199871235,
2540,253,ok,1.830025848067619,0.17027646249168016,0.03326230424441652,0.07883649867715707,15.000000000001679,0.25692979199811816,
2541,254,ok,1.8075174547613733,0.1927534127409605,0.03129092692119596,0.08084738013905145,15.000000000001679,0.31149329198524356,
2542,254,ok,1.6049094520322364,0.40135934718838023,-0.14171242853205215,0.08882256379986656,15.000000000001679,0.2311986670247279,
2543,254,ok,1.7596688444359478,0.2445161608201675,0.12128863284323224,0.08295423151646121,15.000000000001679,0.24525800000992604,
2544,254,ok,1.8487248310492688,0.16032022772041818,-0.18265222802772574,0.10535173722203453,15.000000000001679,0.23889483298989944,
2545,254,ok,1.0592183714918446,0.949774989634323,-0.13773520286495006,0.09030881006359888,15.000000000001679,0.23137370802578516,
2546,254,ok,1.6910343783010202,0.3101872461136893,-0.06426605168423724,0.07482534753725598,15.000000000001679,0.30170358400209807,
2547,254,ok,1.5868133465298644,0.4425264052411124,-0.3037311283917667,0.07502465272810756,15.000000000001679,0.30008737501339056,
2548,254,ok,1.4421336976517403,0.9287911608817844,-0.9655367548144842,0.10000538431711475,15.000000000001679,0.263678457995411,
2549,254,ok,2.289365056554099,-0.28625041422677905,0.11937925120737676,0.10046294331077092,15.000000000001679,0.2624562499986496,
2550,254,ok,1.7183133676485334,0.3287202826706122,-0.3992805227944951,0.09843451157581712,15.000000000001679,0.21703341699321754,
2551,255,ok,1.9938565489414097,0.00684996656256357,0.0530743060707788,0.08897550587697772,15.000000000001679,0.23805258300853893,
2552,255,ok,2.0177840641840294,-0.017438140010562254,-0.03736148960820096,0.07629836647642871,15.000000000001679,0.291492415999528,
2553,255,ok,1.759745096105852,0.24240030743495714,0.08686842903990999,0.0989442041695355,15.000000000001679,0.24316204199567437,
2554,255,ok,1.8725080572823425,0.18366854733800245,-0.45522135127655183,0.08787359456267929,15.000000000001679,0.25018058298155665,
2555,255,ok,2.0303820893033504,-0.030222552739736036,0.02545220836759543,0.08213993571904081,15.000000000001679,0.23357812501490116,
2556,255,ok,1.852178552672882,0.15153213458801204,-0.11718336708194167,0.09864895354755314,15.000000000001679,0.2536018749815412,
2557,255,ok,1.666949569696848,0.5073005005130607,-0.7420034178788847,0.08644010889043206,15.000000000001679,0.22851037498912774,
2558,255,ok,1.5301146191888724,0.5045145582374942,-0.32368818534495714,0.09002843136752615,15.000000000001679,0.2252438750001602,
2559,255,ok,1.6683130008660076,0.3485456297669799,-0.23657288918386946,0.07499504112321677,15.000000000001679,0.25315975002013147,
2560,255,ok,1.3578660480784341,0.6458282602882782,0.10009547387506311,0.09831643106191469,15.000000000001679,0.24509241699706763,
2561,256,ok,1.792692251892921,0.21877765873446883,-0.202465999549187,0.10214503319057197,15.000000000001679,0.20541337499162182,
2562,256,ok,1.8489605351817076,0.15718590900533236,-0.1506362728260473,0.07496636208418316,15.000000000001679,0.2617537909827661,
2563,256,ok,2.3012558421361566,-0.2980192032969308,-0.12200898427710803,0.10546362069984858,15.000000000001679,0.24841416600975208,
2564,256,ok,2.025487236263246,-0.025158461435997256,0.03649315469381194,0.0795756108157617,15.000000000001679,0.2557786659745034,
2565,256,ok,1.887799547747729,0.11951148901591141,-0.1659822054720806,0.07642530905458333,15.000000000001679,0.19777699999394827,
2566,256,ok,1.9344970265169235,0.0750574129335988,-0.19202807633502308,0.09531147233811416,15.000000000001679,0.2616645829984918,
2567,256,ok,1.7286567192881914,0.27156026490210283,0.02738859753482511,0.0934525961311759,15.000000000001679,0.22559591702884063,
2568,256,ok,1.8970215026580077,0.10304113824380945,0.015416171752529255,0.08126668391561954,15.000000000001679,0.2390482090122532,
2569,256,ok,1.4852405566883848,0.5298318908511855,-0.2110574378547761,0.07504955270444254,15.000000000001679,0.2426695829781238,
2570,256,ok,1.9112584366315262,0.13780865367264958,-0.4302931573459134,0.08514991467384868,15.000000000001679,0.23240954201901332,
2571,257,ok,1.4594830550085927,0.5499016104752962,-0.16524360367371446,0.07507461598358874,15.000000000001679,0.2312400000228081,
2572,257,ok,1.7880823151619774,0.2122173786953476,-0.03273629111677616,0.10651234612644013,15.000000000001679,0.22352058297838084,
2573,257,ok,1.8798229407960256,0.15107112632318553,-0.3394058173149132,0.10744039998491811,15.000000000001679,0.25024375002249144,
2574,257,ok,1.6006328297674421,0.4045183333421223,-0.12831097804915315,0.09040970930770188,15.000000000001679,0.21634225000161678,
2575,257,ok,1.6385953368475412,0.5614166210967916,-0.7845205796420738,0.10818678884660224,15.000000000001679,0.253654166997876,
2576,257,ok,1.5318205777187295,0.744769623157981,-0.8779925873124357,0.1044420523975124,15.000000000001679,0.244979000010062,
2577,257,ok,1.7050507162202302,0.29499649633610237,-0.012688474177490467,0.08712219282274805,15.000000000001679,0.27202399997622706,
2578,257,ok,1.1019386902755823,0.9088010499378296,-0.15347224019177821,0.0963616948040585,15.000000000001679,0.22075025000958703,
2579,257,ok,1.6850935513596879,0.3155944319584121,-0.048147265597337105,0.08759755064507126,15.000000000001679,0.2757333329936955,
2580,257,ok,2.091723058267501,0.16503654102099422,-1.0040988281537584,0.10380030231544142,15.000000000001679,0.227631041983841,
2581,258,ok,1.6392657911672395,0.4036954208611994,-0.3728324351657882,0.0789655520361667,15.000000000001679,0.22953354098717682,
2582,258,ok,1.5892497725651116,0.4181015449011794,-0.15268306177904484,0.07507420307120108,15.000000000001679,0.2699113750131801,
2583,258,ok,1.358758387456742,0.6934377996167124,-0.37298736173445246,0.07514752580486499,15.000000000001679,0.23279779101721942,
2584,258,ok,1.4522088715661368,0.5478613070971239,-0.01427666731835783,0.08151922393896419,15.000000000001679,0.2675719590042718,
2585,258,ok,0.9401245463870311,1.0608509710512335,-0.04281663396403244,0.09305846900688307,15.000000000001679,0.25382512499345466,
2586,258,ok,1.4912947087666368,0.5124506494029273,-0.10562593400105451,0.07505221838576623,15.000000000001679,0.2785514580027666,
2587,258,ok,1.9809045091540176,0.022883899632753113,-0.12245243997295412,0.07468671730644111,15.000000000001679,0.25714554198202677,
2588,258,ok,1.9809169720712168,0.019390297619373477,-0.03488921144886521,0.07503266931636605,15.000000000001679,0.2513732500083279,
2589,258,ok,1.8840312103419192,0.11633468023528651,-0.03712902716388793,0.07562747400972694,15.000000000001679,0.3557549580000341,
2590,258,ok,1.6157844436322117,0.4126552061890535,-0.3018209300978636,0.07510833760429994,15.000000000001679,0.3843305420014076,
2591,259,ok,1.9247420081322222,0.10989251477054225,-0.3634907043494158,0.10306597981453233,15.000000000001679,0.5906193330010865,
2592,259,ok,1.8505181351066964,0.16123863147600942,-0.20826425037088536,0.07498429310391436,15.000000000001679,0.3862633749959059,
2593,259,ok,1.8012636744019603,0.30444447011005005,-0.6079821294903843,0.10576411116381995,15.000000000001679,0.3135832920088433,
2594,259,ok,1.0701876510761081,0.933761236145729,-0.09185045982636031,0.07678448170843284,15.000000000001679,0.3533793750102632,
2595,259,ok,1.1499277537281398,0.9367407188384965,-0.4379652267225884,0.0969648142486112,15.000000000001679,0.19620224999380298,
2596,259,ok,1.6729008272662775,0.35964657067882216,-0.32838666961746055,0.07523097314725458,15.000000000001679,0.21893812500638887,
2597,259,ok,1.7628812777490916,0.32637539945675126,-0.5538330938962764,0.08587259547917017,15.000000000001679,0.2787982089794241,
2598,259,ok,1.437914466290084,0.6054834501893473,-0.35060177505325124,0.10236640997311557,15.000000000001679,0.23730499998782761,
2599,259,ok,1.480628019086061,0.5204910060753603,0.057554042419397614,0.10627256183158634,15.000000000001679,0.25731524999719113,
2600,259,ok,1.773483644710015,0.35982030242977137,-0.6745774957203601,0.1075580680995088,15.000000000001679,0.25744041698635556,
2601,260,ok,1.764048462690935,0.24387521520245048,-0.16701113418575492,0.0850581545341369,15.000000000001679,0.301974041009089,
2602,260,ok,1.8120477572381029,0.19041383381469884,0.09441918058542102,0.08014690782595445,15.000000000001679,0.25934800002141856,
2603,260,ok,1.0765566603787733,0.9788502529277936,-0.3409214529188015,0.09460534575989425,15.000000000001679,0.2423177089949604,
2604,260,ok,1.4609149991515296,0.5505014050813445,-0.18228126089852867,0.0750277828280391,15.000000000001679,0.2538040420040488,
2605,260,ok,1.7384771946161022,0.2622448566486255,0.0501000794023029,0.08949581672703277,15.000000000001679,0.2410163750173524,
2606,260,ok,1.689873751435553,0.31416372872654164,-0.11674485962847077,0.0803923020261447,15.000000000001679,0.2847617499937769,
2607,260,ok,1.7823189232967582,0.21828604576101795,0.04643414273793464,0.07699737726649661,15.000000000001679,0.27067391699529253,
2608,260,ok,1.4796253820412066,0.5206583378704119,0.028974434735718473,0.07492622238954583,15.000000000001679,0.2837708750157617,
2609,260,ok,1.3765953705903446,0.6452006676867794,0.24399504809405415,0.08641909718888209,15.000000000001679,0.24998054100433365,
2610,260,ok,1.5585959852694293,0.44198639827416414,-0.042603546041048414,0.07495616414710428,15.000000000001679,0.24009466700954363,
2611,261,ok,2.147018996984657,-0.14701898947734932,0.00017954571718709858,0.10030406486651913,15.000000000001679,0.23583270801464096,
2612,261,ok,1.6825768306661086,0.3176775195842445,0.029255135996723698,0.08317381257447541,15.000000000001679,0.24223087498103268,
2613,261,ok,1.5604355761591422,0.478759892138171,-0.3475452798926277,0.0749950869811317,15.000000000001679,0.2549908339860849,
2614,261,ok,1.7229102501813296,0.297085580973975,0.2617292716780966,0.08943168314311917,15.000000000001679,0.24708920798730105,
2615,261,ok,2.1791769102089815,-0.17390650067910426,0.15146792496464384,0.07418550921495473,15.000000000001679,0.2304128330142703,
2616,261,ok,1.682813599477396,0.3214755439161934,0.12007189893822308,0.07511486771713562,15.000000000001679,0.32098641598713584,
2617,261,ok,1.622286352447385,0.5885113830091293,-0.7996955004514158,0.09926816297201747,15.000000000001679,0.25123112500295974,
2618,261,ok,1.8573697654832437,0.1428491853292208,0.028518367746783093,0.0879227690571155,15.000000000001679,0.2559917920152657,
2619,261,ok,2.586788242767008,-0.5863003848650179,0.05023676108872861,0.09316884516396921,15.000000000001679,0.2142081249912735,
2620,261,ok,1.63951491485895,0.3928667835109967,-0.32424062130254555,0.09251676315613637,15.000000000001679,0.22537741699488834,
2621,262,ok,1.799084411714446,0.2086081305634531,-0.16619233011949797,0.08636449029750601,15.000000000001679,0.25730083300732076,
2622,262,ok,1.595189151464634,0.4251186003682589,-0.2537262423251233,0.0750227836642665,15.000000000001679,0.2781634159910027,
2623,262,ok,1.6001885399022888,0.4369580566094495,-0.34278746540168314,0.09299992236368193,15.000000000001679,0.2809168329986278,
2624,262,ok,1.6971466065952932,0.45925910721878743,-0.7116348119574191,0.10213280114653925,15.000000000001679,0.23125291598262265,
2625,262,ok,1.9626074763466084,0.04118995853630154,-0.1220300277496767,0.07496758758544463,15.000000000001679,0.28858908399706706,
2626,262,ok,1.0150851111169568,1.029648506936547,-0.2980197354553086,0.09270341405741017,15.000000000001679,0.29642108400003053,
2627,262,ok,1.720934525473694,0.33676853161686743,-0.44190125995233054,0.10292619834352564,15.000000000001679,0.2771865410031751,
2628,262,ok,1.5357822305690285,0.7300102476292213,-0.8635699674055304,0.08649013159157161,15.000000000001679,0.231682167010149,
2629,262,ok,1.6765139888084835,0.3236607403696231,0.02420415857682609,0.08037429610980447,15.000000000001679,0.2324938329984434,
2630,262,ok,1.322109739984321,0.7021579060576177,0.25215087497897226,0.07549393036815252,15.000000000001679,0.29876799997873604,
2631,263,ok,1.7680252413667823,0.52674291544892,-0.9774593684292565,0.10242898287022842,15.000000000001679,0.22408787501626648,
2632,263,ok,1.626961191306295,0.3885317708564939,-0.22399300095737595,0.10511463718542759,15.000000000001679,0.25524645802215673,
2633,263,ok,1.0395005138762963,0.9746677089705271,0.17104096386929088,0.08308847319765825,15.000000000001679,0.27484029199695215,
2634,263,ok,1.3834444282985205,1.0076058353025765,-0.9638839702291576,0.10307264539889488,15.000000000001679,0.25296862502000295,
2635,263,ok,2.261825083908681,-0.26100807934774084,0.060787953763494405,0.08391772814784505,15.000000000001679,0.250458875001641,
2636,263,ok,1.773598173876552,0.26097044600765634,-0.3484633305233564,0.10336319214693819,15.000000000001679,0.25075029200525023,
2637,263,ok,1.5522651896934694,0.6706214579193952,-0.8014236775824309,0.10513649350664293,15.000000000001679,0.24179658299544826,
2638,263,ok,1.5277410126569,0.47379245175336987,-0.0684333356555186,0.10000973971644422,15.000000000001679,0.2100042499951087,
2639,263,ok,1.8645101889263644,0.16614796210784447,-0.33672681468664734,0.09352620427779357,15.000000000001679,0.21030920799239539,
2640,263,ok,1.3635830566010796,0.6543817928891664,0.2206136735140611,0.08298913051695353,15.000000000001679,0.25719420798122883,
2641,264,ok,1.7065773130001562,0.9379036873325531,-1.3357984682821904,0.10112607546526926,15.000000000001679,0.27900729098473676,
2642,264,ok,1.7189966978086721,0.42893335862963433,-0.697638341442296,0.1038180653492115,15.000000000001679,0.2345459590142127,
2643,264,ok,1.4848018132613119,0.5279167256490732,-0.1939259086360914,0.07652023509332598,15.000000000001679,0.2525723750004545,
2644,264,ok,1.8751834426562268,0.1317794842185424,-0.1614467343284565,0.10148238612471812,15.000000000001679,0.22607970799435861,
2645,264,ok,1.230576264455325,0.7750123251034748,-0.1171458022825709,0.08406354890998195,15.000000000001679,0.21538366700406186,
2646,264,ok,1.77915365971903,0.23604933705005335,-0.23209007641444404,0.0750846595369204,15.000000000001679,0.24120145899360068,
2647,264,ok,1.896982183148255,0.10301820792780081,-0.001218083932889026,0.07543584183843645,15.000000000001679,0.26433083301526494,
2648,264,ok,1.5899481482075235,0.5454909911875906,-0.6421360115054099,0.09477373540477356,15.000000000001679,0.27835370899992995,
2649,264,ok,1.5823892412462162,0.4744588466778996,-0.420333082605273,0.09594762648795764,15.000000000001679,0.20463166700210422,
2650,264,ok,1.4668930278768144,0.5679378671733601,-0.31776280927387396,0.07637596672926356,15.000000000001679,0.22947033299715258,
2651,265,ok,1.7753362913432824,0.23886991142456832,-0.22414227284207733,0.07498469536607001,15.000000000001679,0.27923616699990816,
2652,265,ok,0.9441799449479878,1.1282481107794402,-0.3626629455601581,0.08601600192169498,15.000000000001679,0.24309516698122025,
2653,265,ok,1.7505850436103578,0.2512272122676835,-0.07963499104803408,0.07484763483900239,15.000000000001679,0.26622600000700913,
2654,265,ok,1.2544431483700935,0.7653558769875526,0.2219943738104578,0.08753615851737026,15.000000000001679,0.28089562500827014,
2655,265,ok,1.6547722992333644,0.3452522124853888,0.00900677664729321,0.08101961274792972,15.000000000001679,0.2548172090027947,
2656,265,ok,1.6188752394441033,0.7877283150310965,-1.072918637506059,0.1073412782568451,15.000000000001679,0.25980699999490753,
2657,265,ok,1.4115311386394442,0.5974982060525486,-0.15940161016422247,0.07511257088613923,15.000000000001679,0.3481252919882536,
2658,265,ok,1.6894584112256037,0.3255586651917109,-0.22475751276959804,0.0751491143623958,15.000000000001679,0.24660179202328436,
2659,265,ok,1.698715987726995,0.30193962589370316,0.04719081318734544,0.08128685058352325,15.000000000001679,0.27785983399371617,
2660,265,ok,1.7238112450490886,0.5516060820718136,-0.9347086535741107,0.10828265288211426,15.000000000001679,0.24525924999034032,
2661,266,ok,2.334102390475761,-0.3301417307390009,0.13591719498766164,0.09839642862050765,15.000000000001679,0.20327212498523295,
2662,266,ok,1.432256494982684,0.5737184973322021,-0.13068948912506767,0.0858939115600733,15.000000000001679,0.22698154198587872,
2663,266,ok,1.3897141464038278,0.6127972947116791,0.08351085651389167,0.0918709508706566,15.000000000001679,0.23069237498566508,
2664,266,ok,1.6051870672541342,0.4276680542963517,0.32310644283224627,0.085866307073908,15.000000000001679,0.22586924998904578,
2665,266,ok,1.7059639590853317,0.5706475926973262,-0.9312704899416443,0.10192570020641473,15.000000000001679,0.23666354198940098,
2666,266,ok,1.078518497426628,0.9216518619274943,-0.019168787310400177,0.07744802265202509,15.000000000001679,0.21807545801857486,
2667,266,ok,1.618642474180319,0.46997892827143556,-0.5282414024734899,0.10499543253007808,15.000000000001679,0.23944929201388732,
2668,266,ok,1.762910939616427,0.24171364640607965,0.12760908974155682,0.07574097958113438,15.000000000001679,0.2272186670161318,
2669,266,ok,1.5049066155757609,0.5708676510651324,-0.47151315022128304,0.10210052658771732,15.000000000001679,0.21305395901435986,
2670,266,ok,0.8742454886222384,1.1394237950094865,-0.15399275885723376,0.08476380414125087,15.000000000001679,0.22953037501429208,
2671,267,ok,1.2469001834996893,0.8486116394311698,-0.4786072614975461,0.08475323540286259,15.000000000001679,0.22547187501913868,
2672,267,ok,1.9088197811738712,0.09758683598851452,-0.15625975296433264,0.09431331058319847,15.000000000001679,0.20661708401166834,
2673,267,ok,1.97740575848449,0.07400909203371095,-0.44798722762910365,0.11429864433152262,15.000000000001679,0.24372075000428595,
2674,267,ok,1.9949738615678605,0.005029623374183306,-0.0037289039178422284,0.08442431877514743,15.000000000001679,0.25810137498774566,
2675,267,ok,1.422509206569372,0.6289369778831211,-0.3791024032611177,0.09428089383644446,15.000000000001679,0.3055330000061076,
2676,267,ok,1.63191707083941,0.37165138379926993,-0.1078615325973369,0.07504262403789147,15.000000000001679,0.24943016600445844,
2677,267,ok,1.3161193291579834,0.6920121250268656,-0.14607466414996254,0.07658192421171246,15.000000000001679,0.22857320800540037,
2678,267,ok,1.5455273684568758,0.45453355821398195,-0.0137231178126505,0.0850859989405579,15.000000000001679,0.25696933301514946,
2679,267,ok,1.8772586415209096,0.19033741570280888,-0.4992207308994108,0.10313425208693272,15.000000000001679,0.24397641699761152,
2680,267,ok,1.6414384250992342,0.4380916749699108,-0.5047400198061924,0.09584536936843971,15.000000000001679,0.2574030419928022,
2681,268,ok,1.9082946736460038,0.09540941811077283,-0.1188413936495317,0.07979534244630948,15.000000000001679,0.26323420900735073,
2682,268,ok,1.8629818513495109,0.1531251405722533,-0.24444760598416984,0.07726202462474657,15.000000000001679,0.29143087498960085,
2683,268,ok,1.6054598585942945,0.6574076717454298,-0.8803108528636829,0.09939928704990685,15.000000000001679,0.24305087499669753,
2684,268,ok,1.8390466240701484,0.16622796535733747,-0.1391855253477151,0.0750400719523235,15.000000000001679,0.3016078750079032,
2685,268,ok,2.121234686140437,-0.11203967128697183,0.19729424876396934,0.09986120199992166,15.000000000001679,0.26552624997566454,
2686,268,ok,2.0164824280122033,-0.01618583018000859,0.03458439913228268,0.07815311449619158,15.000000000001679,0.2838702919834759,
2687,268,ok,2.1172434078174636,-0.1172401305289212,-0.0037252683637198605,0.08744197966453163,15.000000000001679,0.22651779200532474,
2688,268,ok,1.704117962670179,0.30404228897614816,0.16656972448166782,0.07775952407265332,15.000000000001679,0.20747295799083076,
2689,268,ok,1.5656167281831872,0.6072674633197324,-0.7151585983816281,0.10858225873426162,15.000000000001679,0.24542933399789035,
2690,268,ok,1.7439008405079213,0.785444821660651,-1.2514175403490662,0.10564691350176252,15.000000000001679,0.23699316699639894,
2691,269,ok,1.878670779983675,0.12139269594543999,0.015443338930664479,0.09153927959353961,15.000000000001679,0.2668396669905633,
2692,269,ok,1.2802348403399926,0.7400922617250307,0.22723058213017422,0.09307089751114243,15.000000000001679,0.2695129159837961,
2693,269,ok,0.9914973329386423,1.0647112628385196,-0.329092599982625,0.09556218156403086,15.000000000001679,0.25012937499559484,
2694,269,ok,1.4285460623675452,0.6612942787621696,-0.4986089090970182,0.07677784469816223,15.000000000001679,0.22211574998800643,
2695,269,ok,1.5857012162433732,0.6263295143701552,-0.7921349279669337,0.09207172522510537,15.000000000001679,0.22536825001589023,
2696,269,ok,1.6625298349300115,0.34162902473309187,0.1175208935666124,0.08087528586975094,15.000000000001679,0.2821762499806937,
2697,269,ok,1.5552860112078633,0.45810399538348556,0.2036450038829702,0.07503672540941654,15.000000000001679,0.2795376669964753,
2698,269,ok,1.118470986501521,0.9009365445049717,-0.20745329219131134,0.09316464066387195,15.000000000001679,0.22217158300918527,
2699,269,ok,1.6848916697654714,0.3613817003139482,-0.39216068999718773,0.08745786647286644,15.000000000001679,0.2504035829915665,
2700,269,ok,1.808528046050104,0.26615939537719235,-0.5143641230791902,0.0881242137441824,15.000000000001679,0.25513916701311246,
2701,270,ok,1.987249322029576,0.013950109814151826,-0.06903406115672064,0.09999281524814187,15.000000000001679,0.23172895901370794,
2702,270,ok,2.0307389823611186,0.013126988321918658,-0.41980525240442357,0.09965591830540263,15.000000000001679,0.24288137501571327,
2703,270,ok,1.415231638782332,0.5984628388346749,-0.1964030989652829,0.07827029245132479,15.000000000001679,0.27304458399885334,
2704,270,ok,1.6500954913171535,0.3500018890049818,0.01792663320510729,0.0751563512620047,15.000000000001679,0.30078479199437425,
2705,270,ok,1.8122290289038252,0.19882950148190456,-0.19989719475214485,0.09076623567878186,15.000000000001679,0.28858345898333937,
2706,270,ok,1.7987134441500727,0.21235100043703473,-0.19920117601998824,0.0894254166470066,15.000000000001679,0.2088571670174133,
2707,270,ok,1.325794066772051,0.8333493127659741,-0.6298063841089171,0.10142630518855218,15.000000000001679,0.23359370799153112,
2708,270,ok,1.7671773921240008,0.2359888736838048,-0.10573874156075862,0.08532667264598612,15.000000000001679,0.22743208400788717,
2709,270,ok,1.5752699322649828,0.46911124375349383,-0.3712882646895118,0.08628341814847404,15.000000000001679,0.2490789580042474,
2710,270,ok,2.077172753768628,0.018595107906787357,-0.6234431029274686,0.10922352671009666,15.000000000001679,0.21778666699538007,
2711,271,ok,1.5817743622278138,0.7687666279476101,-0.9930128481272074,0.10192641178757465,15.000000000001679,0.20702554201125167,
2712,271,ok,1.3746322667032256,0.7996929829276644,-0.6699827859195785,0.09957550793048486,15.000000000001679,0.23192079199361615,
2713,271,ok,1.4746297124721142,0.7398794602823693,-0.7659171066684286,0.10220444612316601,15.000000000001679,0.22799608399509452,
2714,271,ok,1.9142226446353914,0.11151066929104615,-0.31282004576650646,0.08116813298945535,15.000000000001679,0.2460497080173809,
2715,271,ok,1.1714112775151602,1.036890228884587,-0.6668012821461249,0.08279052162623945,15.000000000001679,0.2197764579905197,
2716,271,ok,1.8224540682077222,0.19958185015476235,-0.2825479011331142,0.07650687927707185,15.000000000001679,0.2732361249800306,
2717,271,ok,1.5991133014535839,0.40090097509611883,0.006757176720844429,0.07507452453731277,15.000000000001679,0.26396795897744596,
2718,271,ok,2.0268798641776575,-0.008701661898027782,-0.27084980579084905,0.09640215724216661,15.000000000001679,0.3103243749937974,
2719,271,ok,1.8814622756593946,0.1298127440212974,0.2056694491271813,0.0748775305019028,15.000000000001679,0.267903457977809,
2720,271,ok,1.0321084022810527,0.9743455027774698,0.11524151329423844,0.09229922945343165,15.000000000001679,0.22446308401413262,
2721,272,ok,1.8346383544687674,0.16620690450509576,-0.055684599334858795,0.07610301322419173,15.000000000001679,0.2582816250214819,
2722,272,ok,0.9706700018888297,1.049289134334752,-0.19582926868294043,0.08405474567850947,15.000000000001679,0.24020670799654908,
2723,272,ok,1.413596077247788,0.5973588006682611,-0.17564605189857144,0.07804483701742604,15.000000000001679,0.28402758299489506,
2724,272,ok,2.0729500948884136,-0.07234001765530576,0.050288638103351185,0.07367067656838466,15.000000000001679,0.282290709001245,
2725,272,ok,1.6853468225849895,0.3170672631883628,-0.09017380864204835,0.07508381145029212,15.000000000001679,0.23237433299073018,
2726,272,ok,1.3223311995150473,0.6867014943840852,-0.1542946413778161,0.07527227066509853,15.000000000001679,0.2631624999921769,
2727,272,ok,1.390990527139174,0.6568075765869457,-0.3615090044199221,0.07803902508577762,15.000000000001679,0.2517203339957632,
2728,272,ok,1.662220144315235,0.4271847397846133,-0.5377991868727269,0.10520332851669466,15.000000000001679,0.24042358301812783,
2729,272,ok,1.702835003191185,0.3303968920669794,-0.3347723257282795,0.07833843137553165,15.000000000001679,0.2714578330051154,
2730,272,ok,1.4929304617820043,0.5124563003633914,-0.12670874235055557,0.07504166271402944,15.000000000001679,0.262918541993713,
2731,273,ok,1.1535441139835168,1.001326278737156,-0.577334237132218,0.09624979985831579,15.000000000001679,0.2350178750057239,
2732,273,ok,1.535827515314536,0.49565416084087555,-0.30936992905234184,0.07526395911539124,15.000000000001679,0.28841495799133554,
2733,273,ok,1.6809902314763825,0.3279126184149425,-0.1727771589737743,0.08351228852732746,15.000000000001679,0.26271895799436606,
2734,273,ok,1.7710166237522333,0.3711336382162374,-0.695193683124414,0.09092266469375261,15.000000000001679,0.2609364590025507,
2735,273,ok,1.3791917866546433,0.6599148056747971,-0.3261006843384578,0.09246650816258525,15.000000000001679,0.27927387499948964,
2736,273,ok,1.2439238842359737,0.9277227254291637,-0.6305299962822156,0.09560593492979955,15.000000000001679,0.21410045900847763,
2737,273,ok,1.5902472273519945,0.4108330451176482,0.05860574724938693,0.08610180511120999,15.000000000001679,0.24657887499779463,
2738,273,ok,2.024054330773661,-0.024011400272224016,-0.013182772533972105,0.07454038854827029,15.000000000001679,0.27010379199055023,
2739,273,ok,1.9691626939718803,0.03285574661931751,-0.08913586103219283,0.07497729931437896,15.000000000001679,0.2851864579715766,
2740,273,ok,1.7361659135989955,0.41094158181253876,-0.6994036196150248,0.10922887637283128,15.000000000001679,0.21172304198262282,
2741,274,ok,1.654046413379531,0.3687669522094709,-0.27376683767343435,0.07519200643117954,15.000000000001679,0.2656857499969192,
2742,274,ok,1.9125659396700205,0.09830569369294072,-0.2036350631526442,0.09797835596687002,15.000000000001679,0.22364874999038875,
2743,274,ok,1.7014924376791105,0.5677155450352527,-0.918497553369381,0.107318685417918,15.000000000001679,0.2234127499978058,
2744,274,ok,1.1448843759897074,0.8572460582849853,-0.06981162568038561,0.07814954896629046,15.000000000001679,0.27439483400667086,
2745,274,ok,1.5906918156032972,0.6378289349888048,-0.8214562933434624,0.1104581621896965,15.000000000001679,0.26811637499486096,
2746,274,ok,1.6883147422951288,0.3374806057248195,-0.2939998855611238,0.07595878796785767,15.000000000001679,0.22628875001100823,
2747,274,ok,1.8942031619159492,0.1075974404040696,0.08257221716261813,0.08583870562432164,15.000000000001679,0.27306708399555646,
2748,274,ok,1.8259181334543482,0.17410289516881586,0.008763141360887823,0.09634216459597622,15.000000000001679,0.31054020798183046,
2749,274,ok,1.8439838111415698,0.16570228006843965,-0.1887542593057624,0.0750835256300098,15.000000000001679,0.28784016697318293,
2750,274,ok,2.0307711234503616,-0.028021055610179462,0.10565014832747768,0.11410570944616172,15.000000000001679,0.19326624998939224,
2751,275,ok,1.8656046096399495,0.14763944260117998,-0.2219029628079828,0.0858186385179679,15.000000000001679,0.25647958301124163,
2752,275,ok,1.4221271359485084,0.8418962824936636,-0.8253734732223411,0.1002096458117077,15.000000000001679,0.23462016601115465,
2753,275,ok,2.308455007233737,-0.3010706151232873,0.18449537836664387,0.10554190735881515,15.000000000001679,0.24213641701499,
2754,275,ok,2.313052348876495,-0.3114535280459474,0.08598695440014849,0.10828251697288362,15.000000000001679,0.2679725829802919,
2755,275,ok,1.4827880902106167,0.5535318769062912,-0.3261755498871906,0.07503248557927626,15.000000000001679,0.2515980000025593,
2756,275,ok,1.7790861768127055,0.26843489274716503,-0.4084481654635357,0.10740170702333282,15.000000000001679,0.24347750001470558,
2757,275,ok,1.734357148452598,0.8590186349915536,-1.3061991590458513,0.10273626873239794,15.000000000001679,0.21559945901390165,
2758,275,ok,1.7388978975496452,0.2935715137138723,-0.3344663201187998,0.07491365487412423,15.000000000001679,0.2763519999862183,
2759,275,ok,2.0348953144705706,-0.03393807562388933,-0.06240869636254058,0.0962990179146855,15.000000000001679,0.21609095798339695,
2760,275,ok,2.533457281450246,-0.533037339449372,-0.04612628197153436,0.10361193576841057,15.000000000001679,0.23448154202196747,
2761,276,ok,1.6248626272702638,0.37560248214690445,-0.038874946846605724,0.0896517298956293,15.000000000001679,0.20430104099796154,
2762,276,ok,1.613445165789421,0.389855886538736,-0.10315637108435341,0.10769696754442303,15.000000000001679,0.21630349999759346,
2763,276,ok,1.6294939312024552,0.37831181860265783,-0.1593044699366974,0.09668541390302547,15.000000000001679,0.23449662499479018,
2764,276,ok,1.640593043895427,0.6354030919149911,-0.9107254328956101,0.1083954117654586,15.000000000001679,0.22296700000879355,
2765,276,ok,1.8017335076356502,0.2294073433571207,-0.3335345211209392,0.09673832074974484,15.000000000001679,0.22499641601461917,
2766,276,ok,1.4362959726404467,0.6024958542037536,-0.3315543447241664,0.07510597642256076,15.000000000001679,0.2726096659898758,
2767,276,ok,1.7582402314847225,0.24443571016785204,-0.09696770533325683,0.07513087583782539,15.000000000001679,0.2511889169982169,
2768,276,ok,1.7313351143625118,0.2802391625248258,-0.1998598011390463,0.09365731624754868,15.000000000001679,0.24938045899034478,
2769,276,ok,1.8253002161301233,0.18518316402933413,-0.19534771788300104,0.11375446682490126,15.000000000001679,0.26804925000760704,
2770,276,ok,1.845058052881906,0.17457412340125866,-0.26843916917634697,0.07642906388458912,15.000000000001679,0.21840737501042895,
2771,277,ok,1.7518100663480447,0.24889293721349942,0.04962422007019364,0.08813014831007332,15.000000000001679,0.24857854199944995,
2772,277,ok,1.6119215335958963,0.546869087451724,-0.697640008504932,0.10264270858531072,15.000000000001679,0.22400358397862874,
2773,277,ok,1.0290433289293643,1.0078456441455272,0.27305660031030976,0.0805950273225493,15.000000000001679,0.27083487500203773,
2774,277,ok,1.9323667051030728,0.0736802627172761,-0.15275258670779845,0.07490496592016455,15.000000000001679,0.2923179999925196,
2775,277,ok,1.8313730477562562,0.1686988735054628,0.016230346511332844,0.09131078900922154,15.000000000001679,0.22800883298623376,
2776,277,ok,2.0282490209013955,-0.028156513265288997,-0.01937133157667864,0.08396409336091426,15.000000000001679,0.2612518749956507,
2777,277,ok,1.5091632894190217,0.53108715074877,-0.34622084777591744,0.07499243703446581,15.000000000001679,0.23541145800845698,
2778,277,ok,1.4337559954070658,0.5703340941712115,-0.10822038660278409,0.07503498959737892,15.000000000001679,0.21889024999109097,
2779,277,ok,1.6428774578909469,0.38355066135550797,-0.2934925505732718,0.08221366813260858,15.000000000001679,0.2604112080007326,
2780,277,ok,2.0094748002547274,-0.00920138423612047,-0.03314770644303948,0.08982409698844057,15.000000000001679,0.25316629200824536,
2781,278,ok,2.158453205045942,-0.15812563662030726,0.037602858073486053,0.07435315003359055,15.000000000001679,0.27112291697994806,
2782,278,ok,1.8014091063443372,0.20285106311104986,-0.12381626330664106,0.07824581755758873,15.000000000001679,0.25082095799734816,
2783,278,ok,1.9828471246235224,0.017161245524012037,-0.005761369271573357,0.07505314070926956,15.000000000001679,0.26215454199700616,
2784,278,ok,2.109669747263028,-0.10957047470465178,-0.02046594173838441,0.07381102821576642,15.000000000001679,0.23580016699270345,
2785,278,ok,1.6178655074069375,0.38249872977542576,0.03432842668979211,0.07936096574513751,15.000000000001679,0.22365283299586736,
2786,278,ok,1.2609992896375812,0.7689146217554449,-0.2730347962054387,0.1015630032085821,15.000000000001679,0.24057616697973572,
2787,278,ok,1.6874285969170417,0.36388625956671944,-0.4129734834814897,0.0750184756433531,15.000000000001679,0.22319650001008995,
2788,278,ok,1.3387775718134576,0.7710456271111554,-0.5310334604788329,0.08089597687338423,15.000000000001679,0.25612575002014637,
2789,278,ok,1.8584719690137692,0.20377620293906926,-0.47696764091700034,0.10984912437267652,15.000000000001679,0.20127724998746999,
2790,278,ok,1.3426144819369676,0.8261869132901055,-0.6517487894698862,0.09461076376221683,15.000000000001679,0.3205477499868721,
2791,279,ok,1.3831486867127214,0.618354742307968,-0.06447225335169246,0.08596626041344022,15.000000000001679,0.30812258398509584,
2792,279,ok,1.5775863790744598,0.42712980575756093,0.12189395188038432,0.08155349697806895,15.000000000001679,0.3046870419930201,
2793,279,ok,1.2796653227711585,0.7980490246248612,0.4391550877512013,0.08396463042778307,15.000000000001679,0.27552529200329445,
2794,279,ok,1.932500780786405,0.08342141400760096,-0.24755967251440933,0.08262001021638841,15.000000000001679,0.30035800000769086,
2795,279,ok,1.4243145549846814,0.7502035058262829,-0.68314030381196,0.08467527971830376,15.000000000001679,0.28650583399576135,
2796,279,ok,1.6335610156409504,0.37751616780508945,-0.18991526028207936,0.09216911440279689,15.000000000001679,0.2613752080069389,
2797,279,ok,2.2633099221938147,-0.2630772015474433,0.0324558736928362,0.09980219300481567,15.000000000001679,0.24523320799926296,
2798,279,ok,2.048622169479877,-0.04329317154716011,-0.14766789899360663,0.08206786814105894,15.000000000001679,0.26508937499602325,
2799,279,ok,2.0101882749697904,-0.007712720532418314,-0.09973230488832381,0.07563176832467182,15.000000000001679,0.2666304579761345,
2800,279,ok,1.7903534152189355,0.22072385934212993,0.19885111684811246,0.07506075391353162,15.000000000001679,0.25523687500390224,
2801,280,ok,1.6482415720427783,0.41047743239425205,-0.43602555760193673,0.08135505176118596,15.000000000001679,0.20812437499989755,
2802,280,ok,1.8477046686773162,0.1556856411337425,-0.11187979411715405,0.08437703714549553,15.000000000001679,0.26415729100699537,
2803,280,ok,2.1237361146497853,-0.12320846807991837,-0.04733799469233422,0.07974999922618611,15.000000000001679,0.2179043340147473,
2804,280,ok,1.2804412037240487,0.7200608503772415,0.035853165233503306,0.10125522115389364,15.000000000001679,0.22230208400287665,
2805,280,ok,1.5185411850738362,0.5569323523140545,-0.47278229130076627,0.07516667988694681,15.000000000001679,0.248891957977321,
2806,280,ok,1.1672227808765192,0.9644142909949682,-0.5384897951694724,0.10023818217378239,15.000000000001679,0.24349349999101833,
2807,280,ok,1.246525522575803,0.8929275895805049,-0.5729018733787206,0.09221844346817185,15.000000000001679,0.25502341700484976,
2808,280,ok,1.6809347844180336,0.4427302189594869,-0.6328132256239062,0.08755188550775533,15.000000000001679,0.24343970799236558,
2809,280,ok,1.5141916055969262,0.6032837239071632,-0.5847733428924032,0.09861391033075692,15.000000000001679,0.23804820800432935,
2810,280,ok,1.883666408448755,0.12006994466667462,-0.11858383267829047,0.07495211437414136,15.000000000001679,0.31810900001437403,
2811,281,ok,1.600431569783252,0.5394405483103467,-0.6543296551730667,0.0973376204766213,15.000000000001679,0.24432870899909176,
2812,281,ok,1.471089480282065,0.5514335444841877,-0.25643611865513866,0.10572169038990654,15.000000000001679,0.24355620800633915,
2813,281,ok,2.000608768689893,0.010671273968627343,-0.2121477436723869,0.0846486383517144,15.000000000001679,0.25969854200957343,
2814,281,ok,2.2390281390455704,-0.2371814705959686,0.09091795785173469,0.08930790900491413,15.000000000001679,0.221239250007784,
2815,281,ok,1.6932577277367282,0.3091840448882838,-0.0909018068016456,0.07503308108479427,15.000000000001679,0.24861979100387543,
2816,281,ok,1.9738219129489785,0.028044045684911964,0.08580593382066048,0.07503995733735232,15.000000000001679,0.2659522919857409,
2817,281,ok,1.4426326879161957,0.5999019968445476,-0.3477278444479566,0.07646917603129613,15.000000000001679,0.26532466599019244,
2818,281,ok,1.6027482936327946,0.41079621723121934,-0.2079265004183779,0.10157539401119595,15.000000000001679,0.21350212499964982,
2819,281,ok,2.049201029807137,-0.048393856391601396,0.05751060475922509,0.0749845096217957,15.000000000001679,0.35359937499742955,
2820,281,ok,1.9265399208437048,0.07367558373208709,-0.028815098378339177,0.07670010178261322,15.000000000001679,0.3267362499900628,
2821,282,ok,0.9585139641995577,1.0490771976585085,-0.12039453290143928,0.0759530202127473,15.000000000001679,0.33306391700170934,
2822,282,ok,1.4059160982175423,0.6335957039951209,0.3309673323557004,0.07956680602936297,15.000000000001679,0.3726216669892892,
2823,282,ok,1.8957806489384699,0.10906893307871271,0.13551372270544315,0.07498753329200551,15.000000000001679,0.39144241699250415,
2824,282,ok,1.4944056510366968,0.7797532048399989,-0.8626969391113891,0.097609094567617,15.000000000001679,0.30628920800518245,
2825,282,ok,2.493199868311314,-0.4920756394469028,-0.07486381384129578,0.11043605594574969,15.000000000001679,0.2928265420196112,
2826,282,ok,1.9684141538737963,0.0376690610083138,-0.15463365431464265,0.07508490303916651,15.000000000001679,0.3009899170137942,
2827,282,ok,1.4675767010860061,0.5973482395215979,-0.4316820732869546,0.07507518983188666,15.000000000001679,0.26136266699177213,
2828,282,ok,0.9866229532057719,1.0247947973014084,-0.1496651743796053,0.09994001774604903,15.000000000001679,0.23594675000640564,
2829,282,ok,1.354750750800375,0.7631437227512555,-0.552753241713296,0.09055584520269572,15.000000000001679,0.23167983299936168,
2830,282,ok,1.8487116482296855,0.31984209663722685,-0.7712354880759382,0.09690300832650504,15.000000000001679,0.26306408300297335,
2831,283,ok,1.7580050610417486,0.2500566787108724,-0.1681670803813253,0.07505248559161302,15.000000000001679,0.2610543329792563,
2832,283,ok,1.7893342484973593,0.23345297233501006,-0.28465532121075754,0.10879734273040818,15.000000000001679,0.24016791698522866,
2833,283,ok,1.1027789913455712,0.8981191386466354,-0.044497990250378094,0.07580942537613822,15.000000000001679,0.22672833397518843,
2834,283,ok,1.890154478182597,0.11314065184796447,0.11156052924310286,0.07498500962300014,15.000000000001679,0.27225300000282004,
2835,283,ok,1.8391046653812697,0.17993223209742926,-0.26393046521632585,0.07794545568003493,15.000000000001679,0.22475233301520348,
2836,283,ok,1.5185544840640595,0.7262559902548926,-0.826791339280666,0.10290859757281122,15.000000000001679,0.24968800001079217,
2837,283,ok,1.7032922008386324,0.31764696706402146,-0.26625663185886267,0.07497305010733266,15.000000000001679,0.23194654201506637,
2838,283,ok,2.02461669697123,-0.023624848339867006,-0.06336594381956016,0.07358754566006875,15.000000000001679,0.26350441700196825,
2839,283,ok,1.8391915974097255,0.17928685581317164,-0.2600564911088585,0.07495604414346803,15.000000000001679,0.2545968329941388,
2840,283,ok,1.5822112854017925,0.4392581467125558,-0.2597641604410947,0.07506896285384658,15.000000000001679,0.26832812500651926,
2841,284,ok,1.339742978247952,0.6603457921674313,0.015422425269217433,0.0956624519882575,15.000000000001679,0.21064341702731326,
2842,284,ok,1.750995073793385,0.2618861261883957,-0.21199978800064992,0.10359464796991993,15.000000000001679,0.24051566701382399,
2843,284,ok,1.7551227495405592,0.24985734794698458,0.1321232887103958,0.07654301986405981,15.000000000001679,0.3066582089813892,
2844,284,ok,1.6144773741673764,0.39412029108390967,-0.16639576974778975,0.1068637237058525,15.000000000001679,0.20984437500010245,
2845,284,ok,1.8217691800636096,0.17875081872432882,0.04352430507582908,0.08970578179146238,15.000000000001679,0.24335733300540596,
2846,284,ok,1.0586713913769246,0.9723364873752437,-0.25434783218989815,0.08180406938728962,15.000000000001679,0.2512826249876525,
2847,284,ok,1.7297357680072238,0.28511883215934253,-0.2262043485634241,0.0750419114576523,15.000000000001679,0.25209200000972487,
2848,284,ok,1.6566030136259617,0.3702599732145455,-0.29712117031266017,0.07499349622115868,15.000000000001679,0.25068304099841043,
2849,284,ok,2.0835647454358206,-0.01871545429938738,-0.5157809253896992,0.10483624490709166,15.000000000001679,0.23682400002144277,
2850,284,ok,1.3336623026103085,0.6748552736081018,-0.15048784508913504,0.07935649253213568,15.000000000001679,0.29619525000452995,
2851,285,ok,1.6990980495080414,0.5181214193465647,-0.831246085129182,0.10756703658744973,15.000000000001679,0.22825720798573457,
2852,285,ok,2.2207757544811875,-0.20173769413610082,-0.2901656042878512,0.07527825344915479,15.000000000001679,0.2582365409762133,
2853,285,ok,1.3210947356901221,0.9176452313558969,-0.7574955151428449,0.09837330697451972,15.000000000001679,0.21026166700175963,
2854,285,ok,1.6227827713315182,0.39793399867216833,-0.25847330678399777,0.07505254765315156,15.000000000001679,0.2735477499954868,
2855,285,ok,1.3412108649457204,0.6847606524486861,-0.2626633642159507,0.09166763852988277,15.000000000001679,0.22389237498282455,
2856,285,ok,1.422667424752398,0.7833039696248058,-0.7373149741602056,0.10097606828797157,15.000000000001679,0.2631661249906756,
2857,285,ok,1.9347007967256216,0.06784729396715783,-0.09926274941144704,0.07497209104299857,15.000000000001679,0.2632567919790745,
2858,285,ok,2.097445503685637,-0.09736139590410633,0.018783394322515943,0.09021917702177885,15.000000000001679,0.22420220900676213,
2859,285,ok,1.5412341240161533,0.4606350228509595,-0.07588209379539879,0.07754035137143525,15.000000000001679,0.2562232500058599,
2860,285,ok,1.4560819559895832,0.8155514575594346,-0.8469098611238804,0.09524645736005839,15.000000000001679,0.22936425000079907,
2861,286,ok,1.184918406222908,0.8174836333989831,-0.07541002669781888,0.09193268704736701,15.000000000001679,0.22468262500478886,
2862,286,ok,1.9571925821532223,0.04930591479715266,-0.15935930970678938,0.0750411519038971,15.000000000001679,0.2655637919961009,
2863,286,ok,1.9428617014585854,0.1234165799240576,-0.5031364213517332,0.10169349171299243,15.000000000001679,0.22244362498167902,
2864,286,ok,1.6139665274191837,0.45133846283670764,-0.4544616539825635,0.10971212870864121,15.000000000001679,0.20690525000100024,
2865,286,ok,2.010463545973112,-0.010407018087570266,-0.015076183569564883,0.08548240448650207,15.000000000001679,0.26704766700277105,
2866,286,ok,1.6548053903841908,0.35205562977214905,-0.15053316139278267,0.07505627849459293,15.000000000001679,0.24752170802094042,
2867,286,ok,1.4191590850348081,0.595027995996805,-0.20016537313951294,0.07704937497797532,15.000000000001679,0.20718558301450685,
2868,286,ok,1.6370546346167985,0.5467264185549671,-0.7536204443844842,0.08973288738714814,15.000000000001679,0.26354729098966345,
2869,286,ok,1.394210777829823,0.6400736069498061,-0.3072847189534969,0.10412712333982627,15.000000000001679,0.2241485420090612,
2870,286,ok,1.6004261504639627,0.5837208908122644,-0.7453303616298569,0.0926060379404584,15.000000000001679,0.2647321670083329,
2871,287,ok,2.087058924120708,-0.08705884910117724,-0.0005595894537342797,0.07495731678394867,15.000000000001679,0.2635436670097988,
2872,287,ok,1.4482171177601855,0.5560295530117274,-0.11082494483692354,0.07553874549672272,15.000000000001679,0.2397169159958139,
2873,287,ok,1.6795868737016508,0.5395757844518708,-0.8295620392421027,0.10833028558758004,15.000000000001679,0.23254741600248963,
2874,287,ok,1.5340759531394372,0.47407604824699656,0.15794025284002355,0.07553148727299222,15.000000000001679,0.27010674998746254,
2875,287,ok,2.11609706261339,-0.11402872539161388,0.09353783523327598,0.07940353123360136,15.000000000001679,0.27382266698987223,
2876,287,ok,1.962717542614151,0.03760568371830421,-0.03561880838303573,0.07954382923318531,15.000000000001679,0.22282975001144223,
2877,287,ok,2.309999262264095,-0.3092879065042899,0.05732326345993936,0.09459583620279365,15.000000000001679,0.23355970799457282,
2878,287,ok,1.715087350184088,0.30432036758645153,-0.2572842843613457,0.07505818370808973,15.000000000001679,0.27061000000685453,
2879,287,ok,1.6029673181643573,0.3974844981281526,-0.03805639714231255,0.0750584219435996,15.000000000001679,0.22379424999235198,
2880,287,ok,1.991783062541602,0.015853469488562776,-0.17424785131251863,0.0750169856463513,15.000000000001679,0.2832265839970205,
2881,288,ok,1.7042812375971574,0.3443838564647236,-0.4043633540407411,0.08633774393982895,15.000000000001679,0.28225970902713016,
2882,288,ok,1.4783598211640334,0.5218890194026334,0.027123603551970483,0.09979070437761242,15.000000000001679,0.2915231670194771,
2883,288,ok,1.8113362334016292,0.18916870641105257,0.04276653589642693,0.08411397147122991,15.000000000001679,0.2884408749814611,
2884,288,ok,1.9669085698756397,0.03331876678496128,0.029903999231005462,0.08372785961402156,15.000000000001679,0.27413841598900035,
2885,288,ok,1.5573565412464354,0.47437973557626945,-0.31279738704587573,0.07503182021560117,15.000000000001679,0.30590970898629166,
2886,288,ok,1.7987008592078482,0.20956144439497365,-0.17220499272099637,0.07503619889397586,15.000000000001679,0.29416095800115727,
2887,288,ok,1.1646542554774462,0.856793969325553,0.2224848449474687,0.07499025594647192,15.000000000001679,0.2565173750044778,
2888,288,ok,1.736117223240316,0.28177512361170426,-0.24860870256708795,0.0849333128179457,15.000000000001679,0.2568270409828983,
2889,288,ok,1.440314971142703,0.5862753221939154,-0.27548094572926063,0.08248910895522982,15.000000000001679,0.2380669999984093,
2890,288,ok,1.6862039426100817,0.48527357597614196,-0.7408694867773127,0.10885733083667483,15.000000000001679,0.20631366700399667,
2891,289,ok,1.8660969125447529,0.16017384512150648,-0.31202148457129697,0.08353725385518074,15.000000000001679,0.2607501250167843,
2892,289,ok,1.7993996801785959,0.2085578069328849,-0.16903868765971358,0.08782703484909386,15.000000000001679,0.2202512089861557,
2893,289,ok,1.61737155972834,0.4797100420304783,-0.5519141291135,0.10357231228095612,15.000000000001679,0.2320598750084173,
2894,289,ok,1.705363340872351,0.44874310291899727,-0.708425129177336,0.1081910935057191,15.000000000001679,0.21447829098906368,
2895,289,ok,2.6081100497318976,-0.6080867987629999,0.011012793954703733,0.10928210015736588,15.000000000001679,0.21782525000162423,
2896,289,ok,1.473199931314631,0.6755476959585545,-0.6450923437343983,0.09832689775020013,15.000000000001679,0.23254295898368582,
2897,289,ok,1.8794302891287982,0.1386967241521452,-0.2604003206849078,0.10698777834641288,15.000000000001679,0.265508292010054,
2898,289,ok,1.7557431532521752,0.24628574232628392,0.084382004146727,0.07958125028719626,15.000000000001679,0.22631225001532584,
2899,289,ok,1.4108369495512187,0.9284896392583982,-0.9177834412552834,0.10345743047343048,15.000000000001679,0.24803508300101385,
2900,289,ok,1.485410379128687,0.6812503065727986,-0.6836250730545889,0.1061344118691382,15.000000000001679,0.23975937499199063,
2901,290,ok,1.410444552239277,0.5916464597031991,0.07677330574438763,0.09154628855812243,15.000000000001679,0.2629757919930853,
2902,290,ok,1.631789375145329,0.3918292548304338,-0.27662866665973973,0.0750580085762259,15.000000000001679,0.22546533300192095,
2903,290,ok,1.593757346099023,0.4085291338505273,0.08534026272544928,0.08631159217798184,15.000000000001679,0.2724119580234401,
2904,290,ok,1.3811139268441737,0.6224647073802536,-0.09935892768122478,0.07554428789995261,15.000000000001679,0.24798504100181162,
2905,290,ok,1.4369643619810475,0.5874126652093218,-0.26355947942080915,0.10544439445106549,15.000000000001679,0.2724659589875955,
2906,290,ok,1.1278971538289677,0.8928034911751428,-0.21509969888759506,0.07502713400517536,15.000000000001679,0.22074891699594446,
2907,290,ok,1.33692701834298,0.6798291131494882,-0.21100398547843605,0.07507384030813191,15.000000000001679,0.2959608749952167,
2908,290,ok,1.4408414324377077,0.840091211662287,-0.8547722715238742,0.10408312942896117,15.000000000001679,0.22543745901202783,
2909,290,ok,1.6874998659501455,0.3368903481774591,-0.28587074631110193,0.07797621791697644,15.000000000001679,0.2331001249840483,
2910,290,ok,1.7030657804397913,0.2969744040660416,-0.011699234965616367,0.0842001373434121,15.000000000001679,0.2571115829923656,
2911,291,ok,1.586779739135241,0.4150112222772841,-0.07536919147207821,0.07517721168644527,15.000000000001679,0.25367541701416485,
2912,291,ok,1.8671287183341672,0.13333412753440516,-0.04157128095751637,0.08596332867386068,15.000000000001679,0.23323104198789224,
2913,291,ok,1.4817999215865925,0.6152186412667346,-0.5273628694920443,0.10046951314499035,15.000000000001679,0.2005911250016652,
2914,291,ok,2.1926958536213004,-0.161464683407105,-0.3687621575919427,0.10905522420663136,15.000000000001679,0.22506483300821856,
2915,291,ok,2.072750060715839,0.01871554812504964,-0.6089373818021779,0.102966028094243,15.000000000001679,0.2064364999823738,
2916,291,ok,1.977017682971857,0.02503177413893666,0.08999680895795337,0.0825163253307095,15.000000000001679,0.27323912500287406,
2917,291,ok,1.6700877786694273,0.3359751685230911,-0.142177876933181,0.07503963175124988,15.000000000001679,0.23302574999979697,
2918,291,ok,1.7325285106663888,0.34332043767338194,-0.5070186071942329,0.10733623727622481,15.000000000001679,0.2754281249945052,
2919,291,ok,1.6909586759748856,0.3090624947051447,0.008461503527733834,0.08357485170431588,15.000000000001679,0.2843972909904551,
2920,291,ok,2.0331554413393707,-0.033099634003342586,-0.015064091853318808,0.0916529922651711,15.000000000001679,0.2266666250070557,
2921,292,ok,1.6843570099725675,0.32171752791209124,-0.1429212402906777,0.0843669921312518,15.000000000001679,0.24294329198892228,
2922,292,ok,1.7801135764343268,0.2994544861682021,-0.5262597271237421,0.09887411694242759,15.000000000001679,0.22563070899923332,
2923,292,ok,1.2101783365171987,0.7905522873848356,0.04204564930502365,0.07504046262921095,15.000000000001679,0.24363158401683904,
2924,292,ok,1.6261200809645089,0.3760515165695106,-0.08401095690345452,0.07528050172229302,15.000000000001679,0.271482374984771,
2925,292,ok,0.9262294761486579,1.0870180602020465,-0.1560929853945502,0.09338369788509383,15.000000000001679,0.2774217500118539,
2926,292,ok,1.8049287929647133,0.2539443198812655,-0.45722807175211816,0.10706355645137303,15.000000000001679,0.19390433299122378,
2927,292,ok,1.6024357445831774,0.43427336803033434,-0.3410284877525182,0.07507641586913001,15.000000000001679,0.222585582989268,
2928,292,ok,1.8413814678228424,0.18101086661124446,-0.2862939794250474,0.07503905143060421,15.000000000001679,0.2617946249956731,
2929,292,ok,2.0078022179315207,0.002259631929951077,-0.20075648959393305,0.0995613883690449,15.000000000001679,0.22130249999463558,
2930,292,ok,1.70005349577022,0.32086669933322276,-0.2658820172039455,0.08324492635510582,15.000000000001679,0.234377000015229,
2931,293,ok,1.7181541197625372,0.3419795149926936,-0.4505792389281993,0.10367604013267105,15.000000000001679,0.25511425000149757,
2932,293,ok,1.932406195366469,0.07879369257970678,-0.20774991749503402,0.09166961600921211,15.000000000001679,0.2529907090065535,
2933,293,ok,1.0895998938814524,1.0356496412147087,-0.5072044107232826,0.09830288956705441,15.000000000001679,0.21236641699215397,
2934,293,ok,2.0140038912300287,0.01903777624457005,-0.3633185130758389,0.08820628839696948,15.000000000001679,0.2158352079859469,
2935,293,ok,1.7961035586699214,0.21094493758009053,-0.15896533300204105,0.07501706884664981,15.000000000001679,0.25545395800145343,
2936,293,ok,1.2982081482619823,0.7042643663072284,-0.08008472883513049,0.08739553756026386,15.000000000001679,0.2752655000076629,
2937,293,ok,2.1669933884140233,-0.16621474086147706,0.05808650363495992,0.07857441919352506,15.000000000001679,0.2078931659925729,
2938,293,ok,1.8317305229094438,0.1792990499166732,0.20071063480487422,0.07576294288624222,15.000000000001679,0.2987708339933306,
2939,293,ok,2.2512105503620874,-0.2496133362277686,-0.0847866706961802,0.10937900188258354,15.000000000001679,0.24893033399712294,
2940,293,ok,1.4497300848092576,0.554421845801137,0.10964086329496424,0.08219915364503808,15.000000000001679,0.20143799998913892,
2941,294,ok,1.4226748627089134,0.5826004693906263,-0.1224023513342458,0.07621442594649391,15.000000000001679,0.2210812499979511,
2942,294,ok,1.7174649037851215,0.47537910617341,-0.7907065358532498,0.10384206838670407,15.000000000001679,0.2598547499801498,
2943,294,ok,1.9789164693467993,0.022303515292933885,-0.06947666535834139,0.0749591604199442,15.000000000001679,0.255363167001633,
2944,294,ok,2.229831809125761,-0.22978762628927027,0.01403704514228083,0.10331152707929178,15.000000000001679,0.24350416599190794,
2945,294,ok,1.3541015850214946,0.6745727008368926,-0.2771887032166245,0.07624768227211758,15.000000000001679,0.2843783750140574,
2946,294,ok,1.7363367499139128,0.27848061495290105,-0.22635440355484246,0.07498478348920298,15.000000000001679,0.24368579100701027,
2947,294,ok,1.5374235031276824,0.7601275913784017,-0.9090585450389161,0.10252301087561404,15.000000000001679,0.2303307089896407,
2948,294,ok,1.5180215490312567,0.577301523574186,0.5294511011405345,0.0760318977097993,15.000000000001679,0.25830854201922193,
2949,294,ok,1.730786797803626,0.2728071729479347,-0.11148039124089927,0.07505152179114621,15.000000000001679,0.21688495899434201,
2950,294,ok,1.4420457366394774,0.5599073505189366,-0.07502711157111155,0.07498761697757676,15.000000000001679,0.2773928749957122,
2951,295,ok,1.4790740400693159,0.5280520241135882,0.14501438649618148,0.07670232022595233,15.000000000001679,0.23441754200030118,
2952,295,ok,1.7355443692938703,0.3088102763601759,-0.3898609706584044,0.09042982691382785,15.000000000001679,0.25389479199657217,
2953,295,ok,1.2381368699093638,0.9596634065337433,-0.6713290407274076,0.09404143998221387,15.000000000001679,0.22008850000565872,
2954,295,ok,1.8275354276816569,0.17443226333818973,0.08478312503707243,0.07548333703930427,15.000000000001679,0.25911929199355654,
2955,295,ok,1.6453353975368348,0.39423377355599915,0.3586689231024731,0.08698476460219579,15.000000000001679,0.30712929100263864,
2956,295,ok,2.1810119337677194,-0.17019757225526386,-0.21692291860143567,0.10423747742559301,15.000000000001679,0.22590024999226443,
2957,295,ok,1.5256425830653708,0.6112288409010105,0.631585274461989,0.07506057832083801,15.000000000001679,0.28798699998878874,
2958,295,ok,1.9431182560833364,0.06775034703048904,-0.20523117629529689,0.07674721552157535,15.000000000001679,0.2426475000102073,
2959,295,ok,2.186835498057203,-0.12437910092400459,-0.5189055127095994,0.09137422497671503,15.000000000001679,0.2586985419911798,
2960,295,ok,2.255017699555163,-0.24983031554710683,0.1528671859892277,0.10446293978171384,15.000000000001679,0.24893304199213162,
2961,296,ok,1.0205316510243163,0.9829647121710425,0.0844042300663105,0.08528394439279258,15.000000000001679,0.24532604200066999,
2962,296,ok,1.5982230572998006,0.4024722860207758,0.047139621901708915,0.07847773720715014,15.000000000001679,0.22420712499297224,
2963,296,ok,1.5707683072556409,0.44331834261133274,-0.20989352688547488,0.07502821179755494,15.000000000001679,0.24795204200199805,
2964,296,ok,1.5896681696236585,0.47729571839028356,-0.45652662603847144,0.11145006974426012,15.000000000001679,0.23512445800588466,
2965,296,ok,2.104975232587702,0.011192026610201387,-0.689611176525448,0.1094593323510841,15.000000000001679,0.23613354199915193,
2966,296,ok,1.550421694223596,0.5882307849263843,-0.6408705901268932,0.09372482759004648,15.000000000001679,0.2306853749905713,
2967,296,ok,2.138831708529317,-0.013236253298761595,-0.7221363207968443,0.11524494769412773,15.000000000001679,0.21951491601066664,
2968,296,ok,1.7281759367390552,0.28181820483445874,-0.18558929679706362,0.0899835678933893,15.000000000001679,0.2538158750103321,
2969,296,ok,1.1263714547412667,0.8781367599746136,-0.10067534323606565,0.07735768353935812,15.000000000001679,0.22642808299860917,
2970,296,ok,1.7301717917088422,0.27138640708735207,-0.07341304531628587,0.09037837558050658,15.000000000001679,0.2811835420143325,
2971,297,ok,1.5952076187183917,0.41242512443526275,-0.15586327756341675,0.07501801484195794,15.000000000001679,0.2736244590196293,
2972,297,ok,2.0802257050489112,-0.07577466528665222,-0.1360092750525671,0.09693609156576304,15.000000000001679,0.2585106249898672,
2973,297,ok,1.6404272719978075,0.6300226496769598,-0.9023101984994021,0.10769742304280298,15.000000000001679,0.206510290998267,
2974,297,ok,1.9666115238158004,0.03354825755700861,-0.025068511085163007,0.07506814719047064,15.000000000001679,0.26596670801518485,
2975,297,ok,1.6354749640455435,0.6497451528628726,-0.9228164529322528,0.10728113932686116,15.000000000001679,0.24698941700626165,
2976,297,ok,1.4310668038779475,0.5745285966044164,0.12642576977368816,0.08010177468029844,15.000000000001679,0.24952904199017212,
2977,297,ok,1.5987472378150285,0.4389081033478827,-0.3449417641113915,0.0846326162518362,15.000000000001679,0.23237012498429976,
2978,297,ok,1.809899160909643,0.19037538861393508,0.03152361856233149,0.09398307503087609,15.000000000001679,0.2283405420021154,
2979,297,ok,1.4234808796723273,0.7321145120925973,-0.6471199304197873,0.10236870077903547,15.000000000001679,0.21671450001304038,
2980,297,ok,1.9452797461440932,0.054971517929011976,0.031264911499240995,0.09178410868121589,15.000000000001679,0.24318562500411645,
2981,298,ok,1.6037663585631627,0.4050135410642498,-0.1675849893950626,0.07494466970528207,15.000000000001679,0.21936095799901523,
2982,298,ok,1.5401416334718971,0.5674951977723588,-0.5656555866852462,0.08995073324918365,15.000000000001679,0.2798487499821931,
2983,298,ok,1.548478089246784,0.46644074585845036,-0.21443042441357343,0.1010920179164929,15.000000000001679,0.27424895798321813,
2984,298,ok,1.3909421017930321,0.61097669928407,0.07303561192076266,0.10202493115611433,15.000000000001679,0.23280258299200796,
2985,298,ok,1.362437582184105,0.8723934670469012,-0.764682726488027,0.09304150210101836,15.000000000001679,0.2372831669927109,
2986,298,ok,1.6059543549617168,0.5969595782398724,-0.7813878455208192,0.10372770788840781,15.000000000001679,0.21921716700308025,
2987,298,ok,1.5300610968393704,0.742890606298908,-0.8722172506490399,0.1009577111134901,15.000000000001679,0.23367391698411666,
2988,298,ok,1.110012831267505,0.9504900199637609,-0.36146547190960787,0.08602150171449612,15.000000000001679,0.2289126249961555,
2989,298,ok,1.7773182027970353,0.27527399973114397,-0.4291622280563349,0.0967533118467856,15.000000000001679,0.24655020801583305,
2990,298,ok,1.4886842608278068,0.5348021912055181,0.263393639900971,0.09046845257648235,15.000000000001679,0.2128779999911785,
2991,299,ok,1.4879046573052457,0.5175986628636119,-0.12785360725020342,0.07506790320511707,15.000000000001679,0.23435537499608472,
2992,299,ok,1.7761497336944643,0.23190813752888467,-0.16899420808518525,0.07502484598907809,15.000000000001679,0.3955190420092549,
2993,299,ok,1.1998413249862776,0.8133457449096314,-0.17740034955080616,0.08645797847363111,15.000000000001679,0.3313353330013342,
2994,299,ok,1.783890901260951,0.22584858361089763,-0.1861545039104595,0.07509850744361621,15.000000000001679,0.37750433300971054,
2995,299,ok,1.5660162427793192,0.6691139328639688,-0.825317604896347,0.10514870426291303,15.000000000001679,0.34714399999938905,
2996,299,ok,1.2000212475040868,0.8054047873591489,0.11398803620040315,0.09464781969351123,15.000000000001679,0.32495462501537986,
2997,299,ok,1.33511869360382,0.7593251375044148,0.4932218685155102,0.09489716434744366,15.000000000001679,0.2785487500077579,
2998,299,ok,1.0630321636004854,0.9519365482201296,0.17776496249934173,0.09417968839333117,15.000000000001679,0.25506387499626726,
2999,299,ok,1.712162485742822,0.5664755655438519,-0.9362200988027438,0.10694523639400805,15.000000000001679,0.24500529101351276,
3000,299,ok,1.7589866495090027,0.2531217704669288,-0.20603515315186086,0.0861417548148501,15.000000000001679,0.22058900000411086,
3001,300,ok,1.5788224151913814,0.5374712394600326,-0.5947182890278166,0.08757772693436283,15.000000000001679,0.23033237500931136,
3002,300,ok,1.8232790846319655,0.18183232054110351,-0.13642913848378935,0.08454841886609463,15.000000000001679,0.24535008397651836,
3003,300,ok,1.8305728122423663,0.2552771020347819,0.5540206045236735,0.07494633180290668,15.000000000001679,0.23271379197831266,
3004,300,ok,2.178624292684582,-0.17480555995780167,0.1289363604730189,0.07502287314041522,15.000000000001679,0.26911045899032615,
3005,300,ok,1.8156157297334754,0.2622769531244943,-0.5260979855628894,0.10506806445116912,15.000000000001679,0.2373415420006495,
3006,300,ok,2.552614172986303,-0.5503949603606133,-0.10641739659348783,0.11944847168281865,15.000000000001679,0.2251445000001695,
3007,300,ok,1.831754489326851,0.16881439017784358,0.04564834662208651,0.08192321978369715,15.000000000001679,0.28612466700724326,
3008,300,ok,1.6878407930889736,0.31787295081745626,-0.13876286687598716,0.10052492794925652,15.000000000001679,0.22576816598302685,
3009,300,ok,1.8220508764103966,0.18590605419059522,-0.1700957142480626,0.07760622693411613,15.000000000001679,0.2634208329836838,
3010,300,ok,1.976585349913056,0.15891428433351704,-0.7192308621435479,0.13387682804462703,15.000000000001679,0.19709870798396878,
3011,301,ok,1.523442685561799,0.499391921590658,-0.2627793964609269,0.07742010880196208,15.000000000001679,0.22758687500027008,
3012,301,ok,1.8944019982712403,0.1095395416982131,-0.12214002886632389,0.07732117040280595,15.000000000001679,0.23350995799410157,
3013,301,ok,1.7758897822480475,0.2658260125167765,-0.3826553277161501,0.08869377899576163,15.000000000001679,0.23111370799597353,
3014,301,ok,2.176455183019084,-0.17228324822631277,0.13469466643477657,0.07490806271728631,15.000000000001679,0.22684054102865048,
3015,301,ok,1.3890543084310105,0.6277682704335502,-0.21552714943093138,0.07810633905259179,15.000000000001679,0.24193883399129845,
3016,301,ok,1.7569056286446396,0.24504188465157214,0.08270067312851778,0.08175835131840248,15.000000000001679,0.2352407080179546,
3017,301,ok,2.075042472270587,-0.07471970319276192,-0.03659801785026009,0.07774738140794475,15.000000000001679,0.27099379198625684,
3018,301,ok,1.7806119676477752,0.2332129133586228,0.22145511917261312,0.09506514371426811,15.000000000001679,0.23584312500315718,
3019,301,ok,1.1039279995990448,0.9377280402111704,0.30039193022640814,0.09455389093101589,15.000000000001679,0.24338945900672115,
3020,301,ok,1.7088317579297307,0.29830023318697224,-0.15596115073216466,0.07510505077177969,15.000000000001679,0.2485574999882374,
3021,302,ok,1.3870688436379985,0.6132984926767144,0.03192031607898745,0.10681983138950749,15.000000000001679,0.22699183301301673,
3022,302,ok,1.8969709106745656,0.10557056898180311,0.0981619418999131,0.07498290148693758,15.000000000001679,0.23622908399556763,
3023,302,ok,1.5230668401068959,0.4867823566450813,-0.1729305157356296,0.07503256794095563,15.000000000001679,0.22032533399760723,
3024,302,ok,1.9694817098940547,0.056282253078576885,-0.31752090625644774,0.10377155005448976,15.000000000001679,0.26395070902071893,
3025,302,ok,2.459094769142376,-0.45776040715164124,-0.08099916457096837,0.11034924798288656,15.000000000001679,0.2214454589993693,
3026,302,ok,1.8561770762161265,0.1536774520582349,-0.1910141021811654,0.08888362572626678,15.000000000001679,0.2669250830076635,
3027,302,ok,2.0013273305683654,-0.00124554838722453,-0.018092516138370006,0.08893251458506206,15.000000000001679,0.2507085409888532,
3028,302,ok,1.293031795244243,0.8180821248723981,-0.5244057207605618,0.0836984127618979,15.000000000001679,0.1907194170053117,
3029,302,ok,2.4234482303846456,-0.42118918117996507,-0.10461488561174874,0.11443848068048293,15.000000000001679,0.24642279199906625,
3030,302,ok,1.04337979286983,0.9784845579549332,-0.21247963157103195,0.07496545460436305,15.000000000001679,0.25012745801359415,
3031,303,ok,1.2545273381344122,0.9161322870089404,-0.6317195761270534,0.09660373963689663,15.000000000001679,0.2270132499979809,
3032,303,ok,1.6737102640618096,0.45221266701830365,-0.6369147665796889,0.10221767484298762,15.000000000001679,0.23457729097572155,
3033,303,ok,1.914745807971733,0.08590624881250411,0.04996619667641095,0.09074792694495651,15.000000000001679,0.21196166600566357,
3034,303,ok,1.5594301040385312,0.4896825021031552,-0.38828250659569824,0.07498852292982365,15.000000000001679,0.24646691599627957,
3035,303,ok,1.5775765086152658,0.6426193152912402,-0.8039062864005415,0.09838154734114513,15.000000000001679,0.23249262501485646,
3036,303,ok,1.7602036630931972,0.24220744288624999,-0.09209919501392526,0.10355507431995403,15.000000000001679,0.269289750023745,
3037,303,ok,1.4660548604847459,0.5627468738164707,-0.2891717573114972,0.08397449025286095,15.000000000001679,0.23857558399322443,
3038,303,ok,1.861813095016916,0.19074108889158664,-0.4392381965986869,0.10338335265838636,15.000000000001679,0.21055933300522156,
3039,303,ok,1.991253708613835,0.015284616867493713,-0.1612333092929019,0.10417375338382907,15.000000000001679,0.2242629999818746,
3040,303,ok,1.9331707466242634,0.074303235066292,-0.1698266914464946,0.08568372807236439,15.000000000001679,0.25889595798798837,
3041,304,ok,2.1553199518708595,-0.09563667772103147,-0.5036973396028224,0.0870591035136251,15.000000000001679,0.255750459007686,
3042,304,ok,1.5327856093855703,0.6227922758739842,-0.6728525908006402,0.0954502017267375,15.000000000001679,0.24275866599055007,
3043,304,ok,0.9871416172859788,1.0132641204634851,-0.02829976348449214,0.08550182200707929,15.000000000001679,0.23933700000634417,
3044,304,ok,1.4433473392445046,0.6433490727614501,-0.49269646165461173,0.08728744049367754,15.000000000001679,0.24766475000069477,
3045,304,ok,1.5988744367635905,0.4013760119840924,0.028298577282322223,0.07507990001950365,15.000000000001679,0.27614729199558496,
3046,304,ok,1.7554445800718488,0.2540770602570098,-0.18258905274639103,0.10763502035370971,15.000000000001679,0.21072649999405257,
3047,304,ok,1.6885678735299636,0.312257610612486,0.052792902761914395,0.07731976639483984,15.000000000001679,0.255616790993372,
3048,304,ok,1.7665035913675116,0.23478122344887833,-0.0673617786706786,0.07547640212134447,15.000000000001679,0.2537299170217011,
3049,304,ok,1.8730069704730776,0.20024976231681926,-0.5187043410268234,0.10643276653810578,15.000000000001679,0.2572919579979498,
3050,304,ok,1.917329913988899,0.09106315046313185,-0.17920408353867345,0.08452495987067059,15.000000000001679,0.23866512498352677,
3051,305,ok,1.7312019232819684,0.33061469342833594,-0.45848969168108616,0.10087668186898471,15.000000000001679,0.23776299998280592,
3052,305,ok,1.716018112540814,0.45914881126176477,-0.7553117083245201,0.10146394186261418,15.000000000001679,0.20498850001604296,
3053,305,ok,2.102869653362211,-0.0728342254381629,-0.35414552500896657,0.08998907553637735,15.000000000001679,0.22621591700590216,
3054,305,ok,1.4994885560700415,0.5005663509509022,-0.012832064694568652,0.07500576728285395,15.000000000001679,0.23413466700003482,
3055,305,ok,1.7513716348256008,0.29546955657301016,-0.4023413609141949,0.07505399331832391,15.000000000001679,0.25213254199479707,
3056,305,ok,1.9010738563118266,0.16257385558274837,-0.48779808421545895,0.10084539502592467,15.000000000001679,0.2505360000068322,
3057,305,ok,1.5923330255636525,0.4201372457457932,-0.19889228748497925,0.0844308215910025,15.000000000001679,0.24568829199415632,
3058,305,ok,2.0212488198181613,-0.018012936196581494,-0.11432664151265284,0.07517656892385412,15.000000000001679,0.3089676669915207,
3059,305,ok,1.4275383550489302,0.6648631225488993,-0.5052477348845122,0.10071290090217173,15.000000000001679,0.24814912499277852,
3060,305,ok,2.277722379596566,-0.269829589983759,-0.1894541394353909,0.10741220574699503,15.000000000001679,0.26322720799362287,
3061,306,ok,1.4661734245983624,0.5339254315822332,-0.017025593591662242,0.08039401347013421,15.000000000001679,0.2713292920088861,
3062,306,ok,1.8936321776473384,0.11428243871743025,-0.17295115868914684,0.08418090227824901,15.000000000001679,0.2458749999932479,
3063,306,ok,1.6216259212933022,0.38639788542483594,-0.16111748647775628,0.07498049219474207,15.000000000001679,0.2745917080028448,
3064,306,ok,1.4632514948025372,0.548170768716059,-0.18247416318849416,0.07601069617626878,15.000000000001679,0.2668393749918323,
3065,306,ok,1.5910019239134074,0.5930913559415891,-0.7428964861741424,0.1071359337756446,15.000000000001679,0.25518325000302866,
3066,306,ok,1.292236517870986,0.7163135532299569,-0.14840594495583,0.09005468997740024,15.000000000001679,0.2456147090124432,
3067,306,ok,2.4096880964728986,-0.40426451576424316,-0.161582364508356,0.10902656568205836,15.000000000001679,0.22989899999811314,
3068,306,ok,1.3824883072976244,0.6245996053361297,-0.13981299715377055,0.0750599035116584,15.000000000001679,0.25205116701545194,
3069,306,ok,1.880051352504322,0.12083295612268506,-0.05765682317579079,0.07366173351990252,15.000000000001679,0.22467587498249486,
3070,306,ok,2.2932717114846395,-0.2927959702830173,-0.046709542383172126,0.10739789231858887,15.000000000001679,0.19628308399114758,
3071,307,ok,1.9050443415724359,0.10206058910492141,-0.1643774191560315,0.07479037328264615,15.000000000001679,0.2518620409828145,
3072,307,ok,2.2527649379288386,-0.2498435778304458,0.11468975916193652,0.10806213160757445,15.000000000001679,0.25917575001949444,
3073,307,ok,1.8608789763609836,0.13916709508026756,0.013094450362342986,0.08540153968117113,15.000000000001679,0.25528529201983474,
3074,307,ok,2.201336368133814,-0.20131456300557948,-0.009797977756916964,0.1033192987616972,15.000000000001679,0.22912820900091901,
3075,307,ok,1.7206856585280212,0.2852020404271812,-0.14222198602504058,0.07651528660751887,15.000000000001679,0.23205937497550622,
3076,307,ok,1.8060897285359019,0.2504261320585433,-0.44827601780516696,0.10329830261423248,15.000000000001679,0.20860195899149403,
3077,307,ok,2.061364717282862,-0.059022668598053094,-0.09823516609649799,0.08011473397296401,15.000000000001679,0.24321295801200904,
3078,307,ok,1.115550844893219,0.9292689362535315,-0.3130314308026128,0.08274758424743327,15.000000000001679,0.23825108300661668,
3079,307,ok,1.770880291146605,0.23070705999587401,0.07496331117981032,0.0792289524663578,15.000000000001679,0.26146908302325755,
3080,307,ok,1.5405787555804955,0.5737335848996631,-0.5823633018166425,0.10235319146294228,15.000000000001679,0.22214183400501497,
3081,308,ok,0.8661793684900241,1.1351057099491049,0.047165299056987284,0.09383400652540407,15.000000000001679,0.27662441701977514,
3082,308,ok,1.7127025516684464,0.3117710996784325,-0.28850166483165784,0.09639580825630621,15.000000000001679,0.25739683301071636,
3083,308,ok,1.4520010222824364,0.5517663155301071,0.10452829222750604,0.09161478966413315,15.000000000001679,0.23456650000298396,
3084,308,ok,1.6091634256030691,0.6196559409701685,-0.8270775108777008,0.10168189015574279,15.000000000001679,0.2317433329881169,
3085,308,ok,1.3276170717527582,0.6742135721392385,0.06969531483228031,0.08319847642427254,15.000000000001679,0.2325369580066763,
3086,308,ok,1.8243321218662096,0.18116263415336462,-0.14148613880143476,0.07505535515957289,15.000000000001679,0.35597725000116043,
3087,308,ok,1.9824445261672954,0.017835933207286513,-0.03334533920121596,0.07748655229998691,15.000000000001679,0.26898241601884365,
3088,308,ok,1.8776603939300507,0.12685989933974176,-0.13021028466304305,0.07499623961591265,15.000000000001679,0.27614508298574947,
3089,308,ok,1.8051640853220368,0.19632046101227993,0.07319491494353525,0.08199167481821536,15.000000000001679,0.2581711249949876,
3090,308,ok,1.6614190255013346,0.340657425701267,-0.08303854175897618,0.07502634240043538,15.000000000001679,0.28292391600552946,
3091,309,ok,2.021432557964913,-0.018763065220536407,-0.10385216849904931,0.07503252677626641,15.000000000001679,0.24753254200913943,
3092,309,ok,1.6872181950713334,0.328013835590016,-0.22620235144966525,0.09364384555481602,15.000000000001679,0.22450337500777096,
3093,309,ok,2.2261778613145973,-0.20067896368912982,-0.33597614347357074,0.0862218449759675,15.000000000001679,0.28608245798386633,
3094,309,ok,1.6501564281584826,0.3503546802754378,0.041067706334886565,0.07731776259960176,15.000000000001679,0.2313043329922948,
3095,309,ok,2.146603152511348,-0.13781255150609267,-0.19406851623760754,0.07495816779252426,15.000000000001679,0.26220412499969825,
3096,309,ok,1.4867200131975513,0.6829278288713475,-0.6896791237094134,0.0897599770583494,15.000000000001679,0.23622979197534733,
3097,309,ok,2.0522937958317655,-0.038127398991397866,-0.24072085470543414,0.08588822907168916,15.000000000001679,0.21549162501469254,
3098,309,ok,1.40705267820233,0.7527098701146784,-0.6512024041164217,0.10187587598873074,15.000000000001679,0.24010570798418485,
3099,309,ok,1.7149857626413425,0.30335533162802325,-0.25014602804652347,0.0750329297297983,15.000000000001679,0.23976691599818878,
3100,309,ok,1.812842641766187,0.30941877500805726,-0.6544719745799278,0.09734355956993593,15.000000000001679,0.23049991598236375,
3101,310,ok,1.5425530391719933,0.48922868716921747,-0.31151230952613546,0.09635920834348455,15.000000000001679,0.22440208398620598,
3102,310,ok,1.766276013023811,0.23377740989316637,-0.013737408037846278,0.11564684562438712,15.000000000001679,0.2500538749736734,
3103,310,ok,1.7775914385738407,0.41086426862388487,-0.7965418694297972,0.10667460090994715,15.000000000001679,0.2340253339789342,
3104,310,ok,1.6446565191616644,0.4830014149598753,-0.6353033598268013,0.10199644681502036,15.000000000001679,0.22884150000754744,
3105,310,ok,1.4402304431804744,0.5693918014324473,0.16620442730302756,0.07508821847326934,15.000000000001679,0.23758070799522102,
3106,310,ok,1.283568711632176,0.8792427633175912,-0.6256611334461294,0.10000447346287707,15.000000000001679,0.2318303750071209,
3107,310,ok,1.5849663377563477,0.42757936337377433,-0.1990267151232316,0.09784245242887676,15.000000000001679,0.21893929099314846,
3108,310,ok,1.607021390967786,0.7534330767374222,-1.014193599297347,0.10664559755848729,15.000000000001679,0.19244645899743773,
3109,310,ok,1.6191918218469015,0.42107952952587974,-0.358876446501677,0.09030585231065456,15.000000000001679,0.21633154098526575,
3110,310,ok,2.0292633750809936,-0.01472612776017735,-0.24246334891192742,0.10022726024266833,15.000000000001679,0.2517558329855092,
3111,311,ok,1.8355070798131723,0.1645666573841785,0.01645250310412791,0.07798254079459684,15.000000000001679,0.24538554099854082,
3112,311,ok,1.6498233404784735,0.3728387350615851,-0.27251288533125595,0.084861293241399,15.000000000001679,0.3056417499901727,
3113,311,ok,1.7667552495888958,0.24009308945576208,-0.15540842373744437,0.07497494545249062,15.000000000001679,0.2745080839958973,
3114,311,ok,2.0879517240220116,-0.08743242693143098,0.04656463080114364,0.08079784791445319,15.000000000001679,0.26729187500313856,
3115,311,ok,2.1219756695805523,-0.11314913937769218,-0.1933428484303257,0.10639358864489085,15.000000000001679,0.23812504101078957,
3116,311,ok,0.9146814029242956,1.1167613676145245,-0.23776372119689013,0.08909780109250119,15.000000000001679,0.35037545798695646,
3117,311,ok,1.9096923436232949,0.1346061660300236,-0.4089384935173306,0.09933651611731698,15.000000000001679,0.25094154200633056,
3118,311,ok,1.9351504593073094,0.06780630272584766,-0.10693370082126957,0.07496707308932576,15.000000000001679,0.29813754197675735,
3119,311,ok,1.5091551114890833,0.4912176780085348,-0.03354184520372732,0.0895365558036999,15.000000000001679,0.33841383300023153,
3120,311,ok,1.8750280597889653,0.1265883176578927,-0.07783889426300489,0.08245842577973221,15.000000000001679,0.2662003329896834,
3121,312,ok,2.4733829395862577,-0.4234897771678916,-0.49428783699285794,0.07785386614324553,15.000000000001679,0.3355643749819137,
3122,312,ok,1.4381252478666713,0.6171230010503543,-0.3947853015597167,0.09723412275221913,15.000000000001679,0.31754154100781307,
3123,312,ok,1.3888102463049818,0.6315651306025142,0.23702301250889238,0.08906949514734115,15.000000000001679,0.34951875000842847,
3124,312,ok,1.6917160495680035,0.36450355440848214,-0.4324980564389667,0.09657829241821128,15.000000000001679,0.2665181250195019,
3125,312,ok,1.2646868055387963,0.7408174439236673,-0.11786435668597636,0.07775740389200471,15.000000000001679,0.2698175420227926,
3126,312,ok,1.4677654329944942,0.7781172070496213,-0.8132267866870211,0.0845998360053003,15.000000000001679,0.241278625006089,
3127,312,ok,1.8525751238507029,0.16172094233988074,-0.2297056718469758,0.07537700006151692,15.000000000001679,0.22889483399922028,
3128,312,ok,1.1347008367477625,0.8725545660633848,-0.1281123819603293,0.09429182687690166,15.000000000001679,0.27746395801659673,
3129,312,ok,1.7289330453411775,0.2896324381951868,-0.2526900844880493,0.07500991931607039,15.000000000001679,0.2674397919909097,
3130,312,ok,1.7487602162199005,0.25700998637414374,0.14194402500285258,0.0834387063024925,15.000000000001679,0.2865127919940278,
