evaluation,generation,status,fitness,final_x,final_y,final_z,simulated_seconds,elapsed_seconds,error
1,0,ok,2.047344029430893,-0.046789103258539216,0.047664888843164145,0.13065709316207774,15.000000000001679,0.3062076659989543,
2,0,ok,1.8791583573241404,0.12084438454342182,-0.0032101089031896387,0.0752946081517885,15.000000000001679,0.2324473750195466,
3,0,ok,1.9893008695322965,0.011217741769435902,0.04542112800546041,0.07499890056417087,15.000000000001679,0.2598818340047728,
4,0,ok,2.0353930502426585,-0.03112200290078425,0.13178876396878086,0.07500877344460694,15.000000000001679,0.32476541699725203,
5,0,ok,2.019746375292658,-0.01928822523872249,-0.04301725142405892,0.08700419072852386,15.000000000001679,0.256713208014844,
6,0,ok,1.934403313008187,0.06648897083001869,-0.058747574035785136,0.10436563744917579,15.000000000001679,0.21241612499579787,
7,0,ok,2.037607880442729,-0.03748513848962533,-0.02236481335091897,0.07498240837146986,15.000000000001679,0.26199925001128577,
8,0,ok,2.1938266513514977,-0.19046772769081993,0.12135283319783381,0.09177070567900082,15.000000000001679,0.25051487499149516,
9,0,ok,2.0976562097758022,-0.09516302243332136,-0.10224228009515159,0.07782785538579007,15.000000000001679,0.2788149169937242,
10,0,ok,1.9252469074055407,0.08157319534714066,-0.1619081519381215,0.07114935205088507,15.000000000001679,0.19843183300690725,
11,1,ok,1.8680088364149883,0.13629256403380668,-0.1266949330036356,0.10402663550719225,15.000000000001679,0.26202237501274794,
12,1,ok,1.9560726918567974,0.043948431051999484,-0.009090403949381877,0.07666603008565782,15.000000000001679,0.2633374580182135,
13,1,ok,1.9962535274186826,0.004062979028395372,0.03554650540530759,0.07495685949177931,15.000000000001679,0.23674312501680106,
14,1,ok,2.0187798901014324,-0.0177279720447755,-0.06516191760551601,0.09255863905256878,15.000000000001679,0.2434361670166254,
15,1,ok,1.9461722576699483,0.053902956750708504,-0.017110078331478998,0.07495081740336021,15.000000000001679,0.29795412498060614,
16,1,ok,1.956057243661657,0.04394371726624878,0.0019388808775643034,0.10217023833178593,15.000000000001679,0.23250545898918062,
17,1,ok,2.0880847791248196,-0.08348870888968486,-0.13846604183676453,0.07501999164448862,15.000000000001679,0.27370150000206195,
18,1,ok,1.9831657859757772,0.02323123343684801,-0.15915959979001473,0.07485049170204829,15.000000000001679,0.275971249997383,
19,1,ok,1.935914920904395,0.09627202719779865,0.3515485550399702,0.07983476133181468,15.000000000001679,0.32189545800792985,
20,1,ok,1.9113946367703147,0.09859727225830424,0.19518484677546577,0.0749938898671888,15.000000000001679,0.32243979201302864,
21,2,ok,1.9773673493455026,0.02274259254254337,-0.0208513527684937,0.11513604373934277,15.000000000001679,0.23152179198223166,
22,2,ok,2.022181696462269,-0.02136389507243302,-0.057504932002586315,0.07504301994190134,15.000000000001679,0.25977108400547877,
23,2,ok,1.9931098646039542,0.009832214421394635,0.10825487345493078,0.07501465294987925,15.000000000001679,0.2865708750032354,
24,2,ok,2.1279656292769062,-0.12783548797016459,-0.0235341351791601,0.07604442788070652,15.000000000001679,0.2835309999936726,
25,2,ok,2.1135898657135237,-0.11008081560653513,0.12174182541826555,0.07638803297346014,15.000000000001679,0.29642054199939594,
26,2,ok,2.103243886428878,-0.09897138910861804,0.1339923636028909,0.14411596765998275,15.000000000001679,0.24806629100930877,
27,2,ok,1.9740735119939368,0.026204532032011042,-0.03313127502984289,0.08024819723892528,15.000000000001679,0.22402137497556396,
28,2,ok,1.8647362840313897,0.13613775120596466,-0.057087008186080056,0.07737617324490732,15.000000000001679,0.2658043749979697,
29,2,ok,2.0084298008147754,-0.008373852611379606,0.014991095617200611,0.0763979553323765,15.000000000001679,0.22687895799754187,
30,2,ok,1.9262970701344155,0.07458898843969893,0.058419508477659504,0.07495333745393838,15.000000000001679,0.2671017920074519,
31,3,ok,2.182354820202353,-0.18221514093677113,-0.02469088752457838,0.0751638236146335,15.000000000001679,0.2575440410000738,
32,3,ok,2.057583567331495,-0.05540801620709633,0.0945939927490547,0.07500819379332872,15.000000000001679,0.27964795799925923,
33,3,ok,1.989395192828359,0.01723388353756067,-0.16227064015724096,0.07591517867176598,15.000000000001679,0.22599104102118872,
34,3,ok,1.8611017720970096,0.1406608910773923,-0.08098076397214864,0.09902789853713206,15.000000000001679,0.2496065000013914,
35,3,ok,2.10398361830936,-0.10396686093817964,0.008397272657787475,0.07152484322995217,15.000000000001679,0.20275674998993054,
36,3,ok,2.0356138381870212,-0.026474896758509826,-0.19267379434184428,0.10957824007487788,15.000000000001679,0.2537718339881394,
37,3,ok,2.0659267261718908,-0.06344748600955527,-0.10118157140582533,0.07443827133158751,15.000000000001679,0.21285541699035093,
38,3,ok,1.962607080139806,0.0374299066891432,-0.012049060407740968,0.07521177479981986,15.000000000001679,0.2476367500203196,
39,3,ok,2.057912364139228,-0.05691099875896854,-0.06419066646708815,0.07487648799649181,15.000000000001679,0.2264721660176292,
40,3,ok,1.9324393885523525,0.07218244596483027,-0.13357196106385996,0.09630366322732319,15.000000000001679,0.22527204200741835,
41,4,ok,1.9933151194220398,0.0066944356791683556,0.006171917377215857,0.07565045220107908,15.000000000001679,0.20889325000462122,
42,4,ok,2.1037753899822107,-0.10034644554289718,-0.12006539963753196,0.0749895346422712,15.000000000001679,0.2903003749961499,
43,4,ok,1.8874377944404934,0.12700089103530204,0.23301451821687327,0.07498406911668226,15.000000000001679,0.29238316699047573,
44,4,ok,2.0427105007225372,-0.040084385752547,0.10354655364024537,0.10138188185442301,15.000000000001679,0.24292070799856447,
45,4,ok,1.947924210042863,0.05342528884756188,0.07249566864933678,0.0750115793266527,15.000000000001679,0.3133055839862209,
46,4,ok,2.002597789047201,-0.002596308983685563,-0.002434736465759635,0.0750182436434875,15.000000000001679,0.30068233399651945,
47,4,ok,2.0330651137912694,-0.03293123377883151,0.02333143033733285,0.07700882127793988,15.000000000001679,0.23290350000024773,
48,4,ok,1.8975449252545327,0.10283985910158634,0.038211819448200735,0.10191840125002767,15.000000000001679,0.23522983302245848,
49,4,ok,1.9110147270187883,0.09085402634169625,-0.08449223719952376,0.08695120987937836,15.000000000001679,0.2806557920121122,
50,4,ok,1.9346375359930816,0.07371929027703912,0.1796246726443456,0.07498366532293078,15.000000000001679,0.2707275410066359,
51,5,ok,1.9664367868087191,0.03490951522760141,0.07275316605880076,0.07511115980288884,15.000000000001679,0.26195979199837893,
52,5,ok,2.0091650299386994,-0.009129664561694197,0.011920927262099297,0.08723679306678583,15.000000000001679,0.23618033400271088,
53,5,ok,2.279116507464013,-0.2472957111967923,-0.37951816956697165,0.0759715517732262,15.000000000001679,0.24797870800830424,
54,5,ok,1.985872514621182,0.01814187064447746,-0.12620617827699798,0.10697438451669364,15.000000000001679,0.2813446660002228,
55,5,ok,1.7353453686051912,0.2676577685306348,0.10204872075252383,0.0945733809996672,15.000000000001679,0.2789650410122704,
56,5,ok,2.033289546971206,-0.013918254481753189,0.2799993680127509,0.07500330267541472,15.000000000001679,0.23170958302216604,
57,5,ok,1.9424200579385076,0.06007017472109152,0.09832575692654567,0.07499992362575311,15.000000000001679,0.2559955829929095,
58,5,ok,1.9608517928398415,0.039421235400451074,-0.032720960935273144,0.09064346005537195,15.000000000001679,0.2507263339939527,
59,5,ok,1.8005887155683042,0.2117916309924927,0.21078555843184962,0.0980370974787272,15.000000000001679,0.26868004200514406,
60,5,ok,1.9963497848049927,0.006222108376303989,0.1013024292083346,0.07494103864251962,15.000000000001679,0.263774207996903,
61,6,ok,2.180808720020946,-0.18080626197490407,-0.0032743015199291443,0.09900483162314623,15.000000000001679,0.23529587499797344,
62,6,ok,1.970052737938844,0.03015514989793819,0.028619168169621127,0.09374394623923003,15.000000000001679,0.2572100829856936,
63,6,ok,1.897986172129299,0.10245409541933528,0.04087847359156386,0.09262589252230506,15.000000000001679,0.21719900000607595,
64,6,ok,2.081380860014349,-0.0797428978458195,0.08255763619402201,0.09756780548867156,15.000000000001679,0.23664258301141672,
65,6,ok,1.8962089866475262,0.10583689007324167,-0.08806039992771716,0.09990023021983759,15.000000000001679,0.2801390420063399,
66,6,ok,1.8036718917299617,0.1966567630179793,0.03443054817958225,0.09889413797687435,15.000000000001679,0.2569962499837857,
67,6,ok,1.9976097473467995,0.002416291190396476,0.010199460447153795,0.08534376655604828,15.000000000001679,0.22291645797668025,
68,6,ok,1.8187464634989756,0.20081525359100091,0.2660318529409895,0.1019289893808291,15.000000000001679,0.25613245798740536,
69,6,ok,2.0479276344802066,-0.047735041190696374,-0.028085532706928647,0.08046179290139019,15.000000000001679,0.23443558299914002,
70,6,ok,1.9670563215142989,0.048962388129176894,0.25052506675931674,0.09857445367408843,15.000000000001679,0.2883429579960648,
71,7,ok,1.8014507864832985,0.20046371712175695,-0.0830307336234636,0.0999239890998572,15.000000000001679,0.24901987498742528,
72,7,ok,1.7420615706345555,0.2634435672531324,-0.13838450696233126,0.10213240018818913,15.000000000001679,0.21765104099176824,
73,7,ok,1.9959523801978778,0.0042180970813031965,-0.02608639491765372,0.07499890259836374,15.000000000001679,0.2632582919904962,
74,7,ok,2.0039251552883135,-0.003809809294524452,-0.021500608650305238,0.09011791483958646,15.000000000001679,0.2746719589922577,
75,7,ok,1.8975112571111947,0.10513922527763228,0.10025774425077982,0.10978887538993425,15.000000000001679,0.22616824999568053,
76,7,ok,1.8404804264770456,0.1595197166108961,-0.0007257417527435254,0.09849548420520211,15.000000000001679,0.25103824998950586,
77,7,ok,2.0052384817666202,0.005904962395592847,0.21110743653215625,0.09076074118931207,15.000000000001679,0.22391662502195686,
78,7,ok,1.987372866062521,0.01379004774315924,0.06797745447894774,0.07500621467041604,15.000000000001679,0.24671999999554828,
79,7,ok,1.8508200082103907,0.14936901962023985,-0.026451413016290396,0.09682774968771048,15.000000000001679,0.26517320799757726,
80,7,ok,1.9105086507812379,0.0907167626814756,-0.06841655066166778,0.07533237126292802,15.000000000001679,0.3001288340019528,
81,8,ok,1.9977953186352748,0.004529911089150502,-0.09636005097106438,0.08725381577988427,15.000000000001679,0.22360745799960569,
82,8,ok,1.6608136426879552,0.36120430049332464,0.2695377728943781,0.0944096724094706,15.000000000001679,0.2074703749967739,
83,8,ok,1.9568043359869902,0.04349495658824912,0.03422315651526389,0.09527278195094442,15.000000000001679,0.21275108301779255,
84,8,ok,1.995979747000108,0.004080703572511192,0.015534239054830704,0.07645920000037648,15.000000000001679,0.22348216699901968,
85,8,ok,1.9753335408256456,0.02597078483407578,-0.07177224520793553,0.08993248929932403,15.000000000001679,0.2250457079790067,
86,8,ok,2.156720564980826,-0.15126559855853045,0.1532968358115097,0.08955203412559837,15.000000000001679,0.23885324998991564,
87,8,ok,1.8706361096654602,0.13777661552809234,-0.1772103865757344,0.08181130217588928,15.000000000001679,0.26155191598809324,
88,8,ok,1.767361459011916,0.2326391312153308,0.0014443993313483523,0.09865780687961061,15.000000000001679,0.22823399998014793,
89,8,ok,1.7768271417101467,0.22320895738639593,0.011326182318486722,0.09400822529664901,15.000000000001679,0.2393637920031324,
90,8,ok,1.8258317465712754,0.17417701825806278,-0.005657396087981099,0.09748769249049781,15.000000000001679,0.26878362501156516,
91,9,ok,1.8496310979768869,0.1509670905968122,0.04703720386212109,0.09894758084433382,15.000000000001679,0.22717654099687934,
92,9,ok,1.8366957400024038,0.1633161294644459,-0.00660310968508093,0.09401822447108671,15.000000000001679,0.21496279200073332,
93,9,ok,1.9433841809591041,0.05782004774806384,-0.06840400480056455,0.09917831119248595,15.000000000001679,0.23242045802180655,
94,9,ok,1.8474902794494379,0.15304984823957618,-0.04467067911179885,0.1001654631766863,15.000000000001679,0.27818029100308195,
95,9,ok,2.0540570741282034,-0.04424236369750591,0.20055827641997198,0.08720014340625623,15.000000000001679,0.22653595899464563,
96,9,ok,1.8635655870559291,0.13661080867958927,0.025640181929444207,0.10206515634284169,15.000000000001679,0.2514889579906594,
97,9,ok,1.898472701804073,0.10259776002202219,0.06374432697745802,0.09539702622536064,15.000000000001679,0.28027645900147036,
98,9,ok,1.9038667240681177,0.0997037584131207,0.1165448292488651,0.07813218467542757,15.000000000001679,0.2737785420031287,
99,9,ok,1.6808322395340836,0.34677619298253526,-0.3033942342363206,0.09857152858610578,15.000000000001679,0.22647312498884276,
100,9,ok,2.038862080941676,-0.038035398151842606,0.058054293397496765,0.07497785126149693,15.000000000001679,0.2820986250007991,
101,10,ok,1.8310668761626325,0.16903894139979722,0.019685194172440756,0.08440179552724594,15.000000000001679,0.23413774999789894,
102,10,ok,1.9558302015712095,0.04452202566427057,-0.03711696735875385,0.09412843694391712,15.000000000001679,0.24044466600753367,
103,10,ok,1.9958250856626876,0.007360344762245307,0.112716356108757,0.09695741211616717,15.000000000001679,0.2196423749846872,
104,10,ok,1.915794430575534,0.08720489460529646,-0.1071596239369041,0.0947608750326769,15.000000000001679,0.26457233299151994,
105,10,ok,1.9624196903579112,0.03760315727876121,0.009469571381720108,0.07464220184455958,15.000000000001679,0.25786083401180804,
106,10,ok,2.0350246507184773,-0.03467977936852493,0.03746364185062048,0.08637916481456077,15.000000000001679,0.23747837499831803,
107,10,ok,1.8029708876638704,0.2008326190597634,-0.11705023333635028,0.10106285001076427,15.000000000001679,0.25073737499769777,
108,10,ok,1.9150605237688398,0.08496780330492176,0.010416108630692908,0.09285589510517867,15.000000000001679,0.22307141701458022,
109,10,ok,1.800506609923582,0.20048344179357633,-0.059700997641722944,0.09703929746760703,15.000000000001679,0.22795850000693463,
110,10,ok,1.8571597494283443,0.14904872758706042,0.1517291074569102,0.0898610158574342,15.000000000001679,0.24695054098265246,
111,11,ok,1.8454960226255834,0.1552458137882016,0.0523217161501177,0.10016853145038254,15.000000000001679,0.2208381670061499,
112,11,ok,1.9054526248482784,0.1142962948017117,0.27362609843112756,0.09616596957501962,15.000000000001679,0.2536361670063343,
113,11,ok,1.9419029426406975,0.058185273898456236,-0.018509676706707626,0.10532295701642216,15.000000000001679,0.24114025000017136,
114,11,ok,1.9620892408663744,0.04050939605662688,-0.10094930500612613,0.09892694223862525,15.000000000001679,0.22595479199662805,
115,11,ok,2.302082220474745,-0.28534783575977274,-0.27707006228399395,0.07881739340373843,15.000000000001679,0.24606779200257733,
116,11,ok,1.8076115287767096,0.193465442052798,0.062388539884983364,0.09807284031943542,15.000000000001679,0.23855837501469068,
117,11,ok,1.8491825846191092,0.1508263481770823,0.005747752822010146,0.07943628865162891,15.000000000001679,0.2489471250155475,
118,11,ok,1.9368750537968955,0.06333356648920038,-0.028427088019816943,0.09467305864839863,15.000000000001679,0.295115832996089,
119,11,ok,2.0211899561932367,-0.021142592365881688,0.013836919488874314,0.07499331122321923,15.000000000001679,0.3040161250100937,
120,11,ok,1.9002622543018375,0.10034280086278023,-0.047949566113101444,0.09679465428808502,15.000000000001679,0.2196482500003185,
121,12,ok,2.0437012893744835,-0.04351012811264622,-0.02795203913782933,0.10682208094190085,15.000000000001679,0.23234816698823124,
122,12,ok,1.982953760938705,0.021180655801469696,-0.1279828935704015,0.0960271981205178,15.000000000001679,0.22887816600268707,
123,12,ok,2.1314749932450976,-0.120538984942173,0.2156387260433685,0.07584592622022074,15.000000000001679,0.31315545801771805,
124,12,ok,2.0078167278639594,-0.007797396344118901,0.008810671036530578,0.10264275192771703,15.000000000001679,0.22861145899514668,
125,12,ok,1.947505107207473,0.05257844311961673,-0.018039467751994973,0.09525343543555988,15.000000000001679,0.21498033398529515,
126,12,ok,2.082617561581386,-0.0819324172949456,0.053416454614872315,0.08189036845170536,15.000000000001679,0.2570798749802634,
127,12,ok,2.0259909597522987,-0.024752843246830167,0.07081873171638688,0.12567331872661172,15.000000000001679,0.20539687501150183,
128,12,ok,2.014229898791789,-0.012487483909922131,0.08376283359993456,0.07743343661669971,15.000000000001679,0.2414518750156276,
129,12,ok,1.8944484468441918,0.10556545974900793,0.007258819076327506,0.1007783668838389,15.000000000001679,0.23432025001966394,
130,12,ok,1.7415799726533707,0.259152769818391,-0.050514575286111175,0.10036342028140273,15.000000000001679,0.20285329199396074,
131,13,ok,1.9724813722724313,0.029073462601554145,-0.07830292549008679,0.08693044299689014,15.000000000001679,0.21440945801441558,
132,13,ok,1.8280920262772384,0.1736733779360587,-0.08032139241156895,0.10120260101695401,15.000000000001679,0.21769283400499262,
133,13,ok,1.863420891166599,0.14274561366895946,0.15147132431662513,0.07826895862173129,15.000000000001679,0.3160994590143673,
134,13,ok,1.921303713757665,0.08757197460391994,0.18446411081466646,0.08703322149860553,15.000000000001679,0.23409654200077057,
135,13,ok,1.8338083528032103,0.16717400385046274,0.06001618656062987,0.08666708264074369,15.000000000001679,0.20269845801522024,
136,13,ok,1.9561251165518199,0.045127661832165315,-0.06999723616753596,0.07845010649421646,15.000000000001679,0.2271774589898996,
137,13,ok,1.8066550688995104,0.19397697563203115,0.047784656879266044,0.10186239663356846,15.000000000001679,0.2566305000218563,
138,13,ok,1.8131222631430612,0.19490747087162455,-0.17045029301805587,0.09906204983974597,15.000000000001679,0.20717612499720417,
139,13,ok,1.7607088294932691,0.29576530924481265,-0.4423569837609993,0.09258290055653177,15.000000000001679,0.22605124997789972,
140,13,ok,1.9702468022888928,0.03030220763760074,-0.04650880230986637,0.08617876454171391,15.000000000001679,0.24763958298717625,
141,14,ok,2.0095627706272907,-0.009398182617164302,0.02571911324424234,0.075038872472871,15.000000000001679,0.26131962501676753,
142,14,ok,1.7812770528495148,0.21912087794306082,-0.03764959003706477,0.07586589753054968,15.000000000001679,0.22764766600448638,
143,14,ok,2.042480272840707,-0.03164773130461966,0.21007893951617956,0.100257272962409,15.000000000001679,0.22120920798624866,
144,14,ok,1.8850895930549698,0.11492844714191384,-0.00824708732557768,0.07988292196285299,15.000000000001679,0.2688553750049323,
145,14,ok,1.9678749653512566,0.03219772347182326,-0.016913892122595097,0.0824867371783977,15.000000000001679,0.3312717920052819,
146,14,ok,1.9750559595363022,0.025994175186567523,0.06439756907293571,0.0923372713903275,15.000000000001679,0.24422337498981506,
147,14,ok,2.0101782823017627,-0.010119926392912296,0.015316923836646984,0.07553887354775994,15.000000000001679,0.2310769580071792,
148,14,ok,1.9514277660637869,0.05980770273464341,0.20910326586851527,0.12513377778562232,15.000000000001679,0.25467299998854287,
149,14,ok,1.9459358166964118,0.05508084936164793,-0.06289435731544145,0.09608607538868641,15.000000000001679,0.2873512079822831,
150,14,ok,1.984014908269205,0.016187761703773593,-0.028357704783313203,0.09727645928738717,15.000000000001679,0.2599329999939073,
151,15,ok,1.9641295328854993,0.036021612321741045,-0.024366261217424117,0.07892049588752492,15.000000000001679,0.3068504999973811,
152,15,ok,2.030471203661476,-0.029615157747928902,0.05895439201902373,0.0750126819300289,15.000000000001679,0.34780129199498333,
153,15,ok,2.040007503765213,-0.038415873365279,-0.08056886886907187,0.10010034270410456,15.000000000001679,0.3281245419930201,
154,15,ok,2.038528092349479,-0.038259272008176526,0.03310473335801961,0.07513371999839054,15.000000000001679,0.2762014170002658,
155,15,ok,1.83646170548001,0.16555969668802145,0.08614156533987319,0.08929266763595488,15.000000000001679,0.2880801249993965,
156,15,ok,1.8925030098972213,0.10777225083143269,-0.032276736924590654,0.10232215279399787,15.000000000001679,0.3524565419938881,
157,15,ok,1.7692048515455319,0.23205547903618215,0.06676808763372274,0.07503246294921298,15.000000000001679,0.2326513750012964,
158,15,ok,1.944797469030332,0.05525468725751525,0.014243037348835795,0.10537367915388109,15.000000000001679,0.2523816659813747,
159,15,ok,1.9720072072464734,0.02959791400570516,-0.0795490096818785,0.10194473029137738,15.000000000001679,0.26181604200974107,
160,15,ok,1.7759569867415261,0.22481616698413515,-0.052398260993496995,0.09750392421157562,15.000000000001679,0.2465096249943599,
161,16,ok,1.8308927783521065,0.18512535977912176,0.2416576216572404,0.10796456556984456,15.000000000001679,0.20788020800682716,
162,16,ok,1.9707332265828061,0.029712512990680454,-0.041912634037703386,0.09883047095069067,15.000000000001679,0.2672805839974899,
163,16,ok,1.9982443886919048,0.0019422624163356152,-0.027311430221301294,0.08594425873597496,15.000000000001679,0.23226854199310765,
164,16,ok,2.0369066653314873,-0.036567716645100064,0.03715775545971839,0.07507746519891824,15.000000000001679,0.27274766701157205,
165,16,ok,2.1662411167728424,-0.16584508254232308,-0.04142045900867617,0.11614638077022794,15.000000000001679,0.2868358329869807,
166,16,ok,1.9606413543000571,0.04557251140437358,-0.1559734336781598,0.07516702739873883,15.000000000001679,0.23722295797779225,
167,16,ok,2.031085564170475,-0.030718108093731957,-0.038633333300538045,0.0976636329601074,15.000000000001679,0.20995891600614414,
168,16,ok,1.9038888573644874,0.09611888238378298,0.005428736600569874,0.10229381681534556,15.000000000001679,0.22278899999218993,
169,16,ok,1.9815228719729443,0.01848525674881715,-0.0056757757271414695,0.07391448899193945,15.000000000001679,0.254059041995788,
170,16,ok,1.860830188049716,0.13946423533420046,-0.033100712327524054,0.09365992338865978,15.000000000001679,0.22795854197465815,
171,17,ok,2.0225758978722856,-0.022330483332550128,0.03150680621414555,0.12127622625773385,15.000000000001679,0.23403637498267926,
172,17,ok,1.9924865509473517,0.007731866093153676,-0.02950149700278309,0.09596288397438703,15.000000000001679,0.20767254100064747,
173,17,ok,2.080749609376091,-0.07722903002659767,0.12098964308367081,0.08440911152084482,15.000000000001679,0.23084195802221075,
174,17,ok,1.950001451166716,0.05574246364460199,-0.14956032855519405,0.10199044705161778,15.000000000001679,0.23663970801862888,
175,17,ok,2.071673804476251,-0.07159187446417412,-0.01842438077962561,0.09827390898785685,15.000000000001679,0.23217508298694156,
176,17,ok,1.7874530687268924,0.21268971320776286,-0.022592291336547627,0.09870078876080476,15.000000000001679,0.25194358397857286,
177,17,ok,1.945312198654034,0.05474312075395995,-0.014670513902012171,0.10401808183055516,15.000000000001679,0.23671183301485144,
178,17,ok,1.7255411733020578,0.27448837368240653,-0.010097930652196274,0.09969429759906995,15.000000000001679,0.21302954098791815,
179,17,ok,2.11105924098815,-0.10892208416263106,-0.09496716218044288,0.07766950569459166,15.000000000001679,0.25283629199839197,
180,17,ok,1.8981591161133562,0.10248291866249085,-0.04936553571691803,0.10256838077124457,15.000000000001679,0.2392745420220308,
181,18,ok,1.9870140143753388,0.013176139742360567,0.027488936591499466,0.08197968105422523,15.000000000001679,0.23843075000331737,
182,18,ok,2.0673706823448423,-0.06484465342180354,0.10216699787294606,0.08629209786452174,15.000000000001679,0.25899291699170135,
183,18,ok,1.9251210508044816,0.0799466418446816,0.13959284396786445,0.10535272171539448,15.000000000001679,0.23820737499045208,
184,18,ok,1.745476473647328,0.25602893709101965,-0.0724779400399366,0.092298214293034,15.000000000001679,0.2542115830001421,
185,18,ok,1.8970647637259705,0.11177251674171503,0.18289802961966373,0.09096957214460587,15.000000000001679,0.26257929200073704,
186,18,ok,1.987073987814185,0.017307914742677483,0.13189059142235418,0.08687356435657902,15.000000000001679,0.22554037501686253,
187,18,ok,1.8234051042060189,0.17893764936503026,-0.09240178106725636,0.09505506715167904,15.000000000001679,0.252091250004014,
188,18,ok,1.8441864651714974,0.16513465740078823,0.1851834032790732,0.10834051279469653,15.000000000001679,0.28554458398139104,
189,18,ok,1.8115262202865297,0.18956317532576575,-0.06281521033218289,0.10007243720176172,15.000000000001679,0.23038625001208857,
190,18,ok,1.83441867522198,0.1661818150541275,-0.04693336302663243,0.09626818587659,15.000000000001679,0.218920999992406,
191,19,ok,1.9169550847757721,0.08317060035593862,0.021951075323896067,0.09388133930095835,15.000000000001679,0.23543333398993127,
192,19,ok,2.2197567217225482,-0.20422578463907817,0.2621232419391191,0.09792938420818914,15.000000000001679,0.2244413330045063,
193,19,ok,2.0315843535574345,-0.030079798476367308,0.07817286893501123,0.0961759812002189,15.000000000001679,0.23101454199058935,
194,19,ok,1.9643714212018077,0.04179765852623605,-0.15555921792384728,0.09533805970795456,15.000000000001679,0.21592141699511558,
195,19,ok,1.8192617760095255,0.18427714946079501,-0.11341930911056065,0.09749358756633542,15.000000000001679,0.21387583299656399,
196,19,ok,1.9172936734380472,0.0834158696081939,-0.0521565080871575,0.08010148027291736,15.000000000001679,0.22759537500678562,
197,19,ok,1.996644663231804,0.004093816413397088,0.054299332710505285,0.10337463297595781,15.000000000001679,0.2331802079861518,
198,19,ok,1.9623967351167475,0.04654325058828605,-0.1871033783091331,0.09829489475815034,15.000000000001679,0.21224991700728424,
199,19,ok,1.9097367600582518,0.09162324026878531,-0.07205994473754347,0.10099251997804298,15.000000000001679,0.23989358398830518,
200,19,ok,2.0198285694898197,-0.019010788939154144,-0.057470725370271904,0.103013939049705,15.000000000001679,0.22749600000679493,
201,20,ok,1.8896141239646091,0.12157711292174794,-0.2053509064677877,0.09954865164064894,15.000000000001679,0.23397904200828634,
202,20,ok,1.8828736833077586,0.12868045027529756,0.2082701373482581,0.0994993385315625,15.000000000001679,0.24399879199336283,
203,20,ok,1.8480560408581093,0.15196776051074204,-0.009379336888501129,0.07539867249038198,15.000000000001679,0.23959545799880289,
204,20,ok,1.8546495232146631,0.14540944542243012,-0.014789483832751646,0.10243943471173084,15.000000000001679,0.26552654200349934,
205,20,ok,1.8891410121761745,0.11086679931482468,-0.00543267475615175,0.07834643497360623,15.000000000001679,0.22046079201390967,
206,20,ok,2.049871088764531,-0.04777155307769274,0.09275315066593386,0.09480430056115878,15.000000000001679,0.2572212500090245,
207,20,ok,2.043076942204633,-0.042279897113653646,-0.05706324222892575,0.0970589986009609,15.000000000001679,0.2630784999928437,
208,20,ok,2.0001482252459493,-9.84604138515635e-05,0.014109273711347185,0.07539894766699817,15.000000000001679,0.24900537499343045,
209,20,ok,1.7845673461105995,0.21626912747630905,0.05463320611221996,0.0917495231331327,15.000000000001679,0.2346526249893941,
210,20,ok,1.789614129809923,0.2182162416375966,0.16722850250862278,0.11505333928732797,15.000000000001679,0.21353499998804182,
211,21,ok,1.9522785313799056,0.049182464417929485,-0.07551428310179821,0.10440428448698551,15.000000000001679,0.2492300829908345,
212,21,ok,1.9209029459957998,0.08515301345541665,-0.15241110870429084,0.07495999949374481,15.000000000001679,0.24564133398234844,
213,21,ok,1.6479533030009224,0.41123375487963676,0.43768928161172926,0.10101428476264987,15.000000000001679,0.2241366249800194,
214,21,ok,1.873106135265057,0.1296895865120132,-0.10230127646316957,0.07516134744481058,15.000000000001679,0.22979841599590145,
215,21,ok,1.9096610656308468,0.09246075526589324,-0.08999675208347714,0.0957005777237846,15.000000000001679,0.24208700002054684,
216,21,ok,1.8082207463679463,0.20437206321343473,-0.21303187608213706,0.09758272600230333,15.000000000001679,0.21894950000569224,
217,21,ok,1.970197094695694,0.03804391500650699,-0.18001364532823308,0.09918422520432833,15.000000000001679,0.2434035420010332,
218,21,ok,2.0213258600681066,-0.015393215229387218,-0.1547527724708824,0.09526195126802954,15.000000000001679,0.2249907500226982,
219,21,ok,1.9867441057120205,0.014212344696351579,-0.06164032466733714,0.09407242198538271,15.000000000001679,0.2121767920034472,
220,21,ok,1.957205634615313,0.05186236040014735,0.18818510393823712,0.0751864486542866,15.000000000001679,0.2925204159982968,
221,22,ok,1.9309580527742634,0.06904419002114123,-0.0029430396979329165,0.09823055536354447,15.000000000001679,0.2720985420164652,
222,22,ok,1.9908546343023217,0.013516522398309768,0.13185434440520283,0.09134075785517251,15.000000000001679,0.2532603330037091,
223,22,ok,1.983938429937556,0.016148167781621904,0.018536493381420997,0.07812016950715711,15.000000000001679,0.25724133299081586,
224,22,ok,1.9331056259976083,0.06988618848913822,0.10750830609128895,0.0995445051074617,15.000000000001679,0.23862779201590456,
225,22,ok,1.8964960470594945,0.10803734067598306,0.13105171588301506,0.09651645322889137,15.000000000001679,0.2675182909879368,
226,22,ok,2.034343569109695,-0.034279350891899735,-0.016164148997213773,0.07774178250861627,15.000000000001679,0.20933583300211467,
227,22,ok,1.8029116201535422,0.2060625211555805,-0.1796625505830254,0.10933281578093679,15.000000000001679,0.2767731669882778,
228,22,ok,1.97582386582232,0.025004562619152938,-0.05720988619018185,0.07441075900742815,15.000000000001679,0.24241658402024768,
229,22,ok,2.0075505828034554,-0.006866586662893489,-0.05240081917794965,0.09338448067177173,15.000000000001679,0.24073629200574942,
230,22,ok,2.027392316709773,-0.022807887722272095,-0.13626391753645245,0.09677542468118232,15.000000000001679,0.22023254202213138,
231,23,ok,1.92416955705704,0.07681633875410768,-0.06158806233297614,0.10035068240452374,15.000000000001679,0.27064787500421517,
232,23,ok,1.890202705228785,0.11250429216376873,-0.10112477319638982,0.09945328655781134,15.000000000001679,0.24525404098676518,
233,23,ok,1.7276746557322142,0.2727046928704669,0.036202735086130096,0.0750109252051177,15.000000000001679,0.2215692500176374,
234,23,ok,1.9972235827113543,0.010455060312186053,0.17496563177090135,0.08120298631586279,15.000000000001679,0.26431620799121447,
235,23,ok,1.9800712584273112,0.019974924155299147,-0.013523589616016532,0.0763517059359049,15.000000000001679,0.2786524170078337,
236,23,ok,1.8822985658476254,0.12386098923251998,0.15215223714572457,0.10261795520344802,15.000000000001679,0.23752983400481753,
237,23,ok,1.7946912467337675,0.21415856049037585,-0.1780084942720348,0.1001079343911109,15.000000000001679,0.21674170801998116,
238,23,ok,1.973776747574392,0.027127107993274602,-0.05972605168906297,0.09613598830041521,15.000000000001679,0.21590837501571514,
239,23,ok,2.08328215492523,-0.08000322171652646,0.11683807033146751,0.07499057180458515,15.000000000001679,0.3068940420052968,
240,23,ok,1.8814563535819886,0.1240368307057307,-0.14366696866515036,0.09895560433333925,15.000000000001679,0.22457404201850295,
241,24,ok,1.8840342977896904,0.1260348166561355,-0.194524360589847,0.08414254055134494,15.000000000001679,0.2706039590120781,
242,24,ok,1.7867860949705112,0.21344841015898575,-0.02894764267626867,0.07716138981451476,15.000000000001679,0.2833323329978157,
243,24,ok,1.6085500893177427,0.4683090254003398,-0.49128011172248875,0.09932711843843776,15.000000000001679,0.23461662500631064,
244,24,ok,1.746364183876388,0.25471054420888645,-0.06125829111721402,0.09724982892287264,15.000000000001679,0.2412487499823328,
245,24,ok,1.83737206757254,0.17018367256776304,-0.16645817059607146,0.0950739346739793,15.000000000001679,0.2520384160161484,
246,24,ok,2.1269929580978753,-0.1269293402928932,0.016450689930465237,0.09802475040898342,15.000000000001679,0.20541699999012053,
247,24,ok,1.7453163336445385,0.25759362234660915,-0.10074283894750308,0.09778549581197926,15.000000000001679,0.2220840420050081,
248,24,ok,1.8302810137882861,0.17132876913327308,-0.07674710961492795,0.07504305048322368,15.000000000001679,0.36243787498096935,
249,24,ok,1.958702093733463,0.0435098970143623,0.09306110312638947,0.07499856111593929,15.000000000001679,0.26279854198219255,
250,24,ok,1.8796500623964238,0.12150948587090385,-0.06601322135666528,0.09298666892935394,15.000000000001679,0.23538349999580532,
251,25,ok,1.9864519387040103,0.01354839756067544,-0.0011558318043053035,0.09135197896560872,15.000000000001679,0.26384499997948296,
252,25,ok,1.8492837947882654,0.15223670195234723,-0.07497564974408809,0.09642294934162585,15.000000000001679,0.24398095801007003,
253,25,ok,1.951111190468156,0.062278185455071404,-0.2281864303738798,0.09404926418036745,15.000000000001679,0.2386537090060301,
254,25,ok,2.0763233655796403,-0.06278825677362242,0.23669247171975102,0.09736810547754118,15.000000000001679,0.22754770799656399,
255,25,ok,2.06814496485989,-0.06814240512513313,-0.003253889756319853,0.08606883780038413,15.000000000001679,0.23656716701225378,
256,25,ok,2.1262125675537287,-0.1261765896016586,0.012369003730281776,0.1026337390175212,15.000000000001679,0.2500456249981653,
257,25,ok,1.714703745127832,0.2856566722930049,-0.03515520305616044,0.09950879718297963,15.000000000001679,0.2382359999755863,
258,25,ok,1.922183650405577,0.08169682519461215,0.12207749759099491,0.0829350759723419,15.000000000001679,0.25310487500973977,
259,25,ok,2.0045444471050273,-0.0033134305374810723,0.07024058262677395,0.10568988535888525,15.000000000001679,0.20494016600423492,
260,25,ok,1.9647304202080622,0.03613796095001999,-0.058408181527965286,0.08065261447439427,15.000000000001679,0.2251265829836484,
261,26,ok,1.8966992251030637,0.10751499111272456,0.12636629947692019,0.0772012180444886,15.000000000001679,0.24438262500916608,
262,26,ok,1.9242966230819953,0.07611530986950502,0.039814478349723396,0.09041173118750162,15.000000000001679,0.24047695798799396,
263,26,ok,2.0720341418828023,-0.051002301202850514,0.29447418492732236,0.07534158014287005,15.000000000001679,0.3071298750001006,
264,26,ok,2.024128949604281,-0.02294655514052834,-0.06917542678725808,0.0812043231878791,15.000000000001679,0.2273775840003509,
265,26,ok,1.9595855142476013,0.04088697682111169,-0.04302964164286068,0.07498132838944267,15.000000000001679,0.2594303750083782,
266,26,ok,1.9445153954157022,0.05736060233212272,-0.08539492746803494,0.096566801022314,15.000000000001679,0.20827987499069422,
267,26,ok,2.0792463246910975,-0.06034689626010681,0.2797068926801414,0.08274860141660229,15.000000000001679,0.22667141698184423,
268,26,ok,2.1162812470410977,-0.1120767057218845,0.133335313120029,0.07501840359699476,15.000000000001679,0.2564855419914238,
269,26,ok,2.017679981084794,-0.017570606622717113,-0.021008411705224786,0.10478882750297738,15.000000000001679,0.21398729100474156,
270,26,ok,2.228435129546406,-0.2284005664106815,-0.012411374503332831,0.11129342234692816,15.000000000001679,0.20783912498154677,
271,27,ok,1.8302659292269086,0.18199301532891246,-0.21148043733636313,0.09995568633065875,15.000000000001679,0.23869537498103455,
272,27,ok,2.0924679650262923,-0.07573231929300361,-0.26411649570551515,0.09933048432468594,15.000000000001679,0.23290037500555627,
273,27,ok,1.979224298815947,0.020962950306305742,-0.02722463889852912,0.0979504157343974,15.000000000001679,0.2665837919921614,
274,27,ok,1.6026003415116317,0.40129317764280853,-0.1116438568026469,0.09647733840694674,15.000000000001679,0.24823237501550466,
275,27,ok,2.0804195827342187,-0.08039463332202593,0.010188712820280645,0.07497514818639009,15.000000000001679,0.28443491700454615,
276,27,ok,1.9442041176773277,0.05615940873382825,0.037595304752807125,0.09554511385109979,15.000000000001679,0.22819683302077465,
277,27,ok,1.8287717621964081,0.1747510325395519,-0.11345644535028966,0.09802411927928595,15.000000000001679,0.20154991699382663,
278,27,ok,2.017619924420472,6.385940759309354e-05,-0.26654379184445387,0.09624244643218564,15.000000000001679,0.2159433749911841,
279,27,ok,1.855896785660732,0.1447857702390424,0.05032932264887135,0.09433235581977005,15.000000000001679,0.2585137090063654,
280,27,ok,1.9978771791550167,0.0022610608247496714,-0.023502210350366037,0.07877974762651262,15.000000000001679,0.24408837498049252,
281,28,ok,1.9605322100253713,0.04084465948354881,-0.07346358467182337,0.0769072574866918,15.000000000001679,0.2260735830059275,
282,28,ok,1.3511418553462133,0.6496542726360485,0.046375962074420185,0.09680667472495082,15.000000000001679,0.23767625002074055,
283,28,ok,2.0810852538957865,-0.07641810279963326,0.13929715125752484,0.11953257731041915,15.000000000001679,0.20514050000929274,
284,28,ok,1.8998931992842718,0.10020214848711474,0.019033971567982432,0.07645889311918923,15.000000000001679,0.23788870900170878,
285,28,ok,2.0487054868310293,-0.048421023640876484,0.03413915168289752,0.07683115229599954,15.000000000001679,0.2143434579775203,
286,28,ok,1.8828720008401911,0.11838339094999689,-0.06874524052698483,0.09102193155552969,15.000000000001679,0.203334833990084,
287,28,ok,2.0447354813912177,-0.04317770516253902,0.07980008763727281,0.09099464457379532,15.000000000001679,0.24675266700796783,
288,28,ok,1.9567069264647947,0.05825699463412339,-0.24152866742479445,0.08368557979827315,15.000000000001679,0.21118650000425987,
289,28,ok,2.023676848462311,-0.023602856427684355,-0.01730509925047181,0.09777730843386705,15.000000000001679,0.2404721250059083,
290,28,ok,1.9552344204782663,0.04589608068466124,0.06647940688224192,0.11379045143240347,15.000000000001679,0.2077900840085931,
291,29,ok,1.8239417676529874,0.1792985027620083,-0.10867212036414706,0.09167850200039449,15.000000000001679,0.21520762500585988,
292,29,ok,1.9978516676189246,0.008510734202429997,0.1593166344760438,0.07588989569878478,15.000000000001679,0.2541160410037264,
293,29,ok,1.846383174002353,0.17048095611628503,-0.24897970460626137,0.07610646670601558,15.000000000001679,0.22969529102556407,
294,29,ok,2.0569599676933854,-0.04837736529240134,0.1877084922184714,0.07822653133411518,15.000000000001679,0.2435252919967752,
295,29,ok,2.0261756259883845,-0.018917013519159975,0.17135273523436165,0.07492907468751572,15.000000000001679,0.25879550000536256,
296,29,ok,1.9736322290948443,0.026549233753996468,-0.02676282729731406,0.07851290685825242,15.000000000001679,0.2398719170014374,
297,29,ok,2.0719975889312896,-0.06839842277672702,0.12207363839841026,0.07499974478879803,15.000000000001679,0.2519800839945674,
298,29,ok,1.9987564911950622,0.0013236623761272684,0.01789995857034087,0.0750601323342907,15.000000000001679,0.23145479199592955,
299,29,ok,1.8770053051985438,0.1230138505314375,0.008480002751065219,0.10355079815211908,15.000000000001679,0.2512666250113398,
300,29,ok,1.8005767663531071,0.20700444377519212,-0.16505643546588422,0.08516329228733831,15.000000000001679,0.2527492909866851,
301,30,ok,2.0118591368150947,-0.004371812694561109,-0.17340940822774248,0.09509836902775112,15.000000000001679,0.23668008300592192,
302,30,ok,2.013518597658565,-0.013419386053875491,-0.019987970866204376,0.07497682021395433,15.000000000001679,0.2967741249885876,
303,30,ok,2.025100893222534,-0.020349116773925393,0.13864730102502312,0.08345766720552815,15.000000000001679,0.22756212498643436,
304,30,ok,1.902580820230366,0.09742290227289734,0.003763603694218675,0.09801297541158391,15.000000000001679,0.23196495900629088,
305,30,ok,2.0046589490033937,0.0006156383116728188,0.14532610245772024,0.07507876943645315,15.000000000001679,0.28835716599132866,
306,30,ok,1.680556053694455,0.3395101615519275,-0.2589249814517213,0.09904200601687113,15.000000000001679,0.21029966700007208,
307,30,ok,1.656741139987245,0.3440395099754638,0.050853322447347596,0.11254675103375403,15.000000000001679,0.24422337498981506,
308,30,ok,1.3919281260319505,0.6223906400626995,0.19913904552336908,0.09812788826295643,15.000000000001679,0.2500997499737423,
309,30,ok,2.0037067884148327,-0.003706719816468798,0.0005243109861517656,0.09882546918194772,15.000000000001679,0.22802104201400653,
310,30,ok,2.0459986654596443,-0.03818586315695853,0.1786306980610225,0.07908741240687193,15.000000000001679,0.2332858750014566,
311,31,ok,2.1182654978989297,-0.1089401555812837,-0.1985450572686009,0.10129461474975987,15.000000000001679,0.22528441698523238,
312,31,ok,1.8363389948051463,0.16389241593012538,0.029152076479446638,0.0915440944307538,15.000000000001679,0.20417479099705815,
313,31,ok,1.9340629037385837,0.0672715772700032,-0.07183425080935077,0.13566376827975832,15.000000000001679,0.25690124998800457,
314,31,ok,1.6014046052762005,0.43214722128425276,-0.3260895184962775,0.09730388289206109,15.000000000001679,0.281026333977934,
315,31,ok,1.8386700321504383,0.1614679105371155,0.022522059038504655,0.09441509994056076,15.000000000001679,0.2601419580169022,
316,31,ok,1.6144292539399254,0.3856471580211372,-0.015707245837278925,0.0952347573546445,15.000000000001679,0.2695354580064304,
317,31,ok,1.9869153914861841,0.01345025083947659,0.03811649295196879,0.13909822740738248,15.000000000001679,0.22569983298308216,
318,31,ok,1.7065877352574574,0.2972867619487453,-0.11493183673895205,0.09617358462350499,15.000000000001679,0.21954233301221393,
319,31,ok,2.023183119101506,-0.0231433032972563,-0.01269282241132649,0.096466764098241,15.000000000001679,0.23948220800957642,
320,31,ok,1.7261033337763338,0.27433977171398755,0.039108763540173966,0.08340422041224332,15.000000000001679,0.26070258297841065,
321,32,ok,2.082005147675003,-0.08198782838009676,-0.008492197733188838,0.10322179676231794,15.000000000001679,0.21899983298499137,
322,32,ok,2.0077057163784,-0.007690146175818811,0.00790699228683636,0.07500047494085775,15.000000000001679,0.3531412080046721,
323,32,ok,1.7519926459496002,0.24861312072944955,0.046067673920483825,0.09786777100609809,15.000000000001679,0.22965958298300393,
324,32,ok,1.9629450080797324,0.042584904704216754,-0.1472387498362473,0.10605247396894668,15.000000000001679,0.24094120800145902,
325,32,ok,1.9651794825728799,0.03771458188379295,-0.10661302253437117,0.11351475611869279,15.000000000001679,0.24581379201845266,
326,32,ok,1.904333558761994,0.10042511086964614,0.13454197713920005,0.08410494421274661,15.000000000001679,0.32714687500265427,
327,32,ok,2.099105192352198,-0.09900169826871695,0.020844165250724824,0.07979288995955292,15.000000000001679,0.32205187500221655,
328,32,ok,2.003505279849993,0.01718513731759493,0.28719092379905364,0.08886925588437207,15.000000000001679,0.2386863749998156,
329,32,ok,1.8126486783030202,0.21015452639708473,0.28661544197206573,0.08412560918139893,15.000000000001679,0.24799645799794234,
330,32,ok,1.783662042681442,0.216824959189262,-0.04167800777577012,0.11050863691654006,15.000000000001679,0.20375650000642054,
331,33,ok,2.0784449339228006,-0.06371882515943819,0.24697763872849607,0.07634100350294441,15.000000000001679,0.268802875012625,
332,33,ok,1.395440511586404,0.6131164944640073,0.15429958991753914,0.09671897831396843,15.000000000001679,0.20797204098198563,
333,33,ok,2.0262387780632265,-0.024676782374958028,-0.07954566386009954,0.09417761856029952,15.000000000001679,0.24709629200515337,
334,33,ok,1.75329826704657,0.24675020152860525,0.013036770632300515,0.09147591074342393,15.000000000001679,0.3048354579950683,
335,33,ok,2.004411553657218,-0.004389785476766605,0.009341536861992737,0.09664081215131161,15.000000000001679,0.23701354098739102,
336,33,ok,2.1102219793872607,-0.10879151272983387,0.07768628017679842,0.08385523059790422,15.000000000001679,0.19439966601203196,
337,33,ok,1.951475355487541,0.04862390565508822,-0.019682517481821787,0.10216756231865033,15.000000000001679,0.27536887500900775,
338,33,ok,1.8983632599361124,0.10386281531661908,-0.09190671105118507,0.1022273777835827,15.000000000001679,0.2352992089872714,
339,33,ok,2.0209382795133957,-0.02090815541268789,-0.01103435494496484,0.09632074792966505,15.000000000001679,0.2226047090080101,
340,33,ok,1.7723386127021379,0.2768509022534276,0.41465810616713145,0.11762460614969505,15.000000000001679,0.22914337500697002,
341,34,ok,1.9590234074140274,0.04212218490820447,-0.0669863565768654,0.09857940676338157,15.000000000001679,0.24102916699484922,
342,34,ok,1.9008277089945569,0.09919161586709968,0.008571236291704715,0.0965965251644816,15.000000000001679,0.24085504200775176,
343,34,ok,1.8267230404563013,0.1863162356481626,0.21787214016588372,0.09250325436352183,15.000000000001679,0.22827445800066926,
344,34,ok,1.8399851236393907,0.16883078025601708,-0.17990148380843585,0.09734372887903237,15.000000000001679,0.2591529999917839,
345,34,ok,1.8129886850827825,0.20666007185576782,0.26619518095156564,0.0908714672229996,15.000000000001679,0.23860966600477695,
346,34,ok,2.140497012235048,-0.1391619250772586,0.07558913736062875,0.11790347979116737,15.000000000001679,0.23981391699635424,
347,34,ok,1.9931183747136842,0.007857415873773753,0.06236008444670089,0.07708144109584072,15.000000000001679,0.29299104199162684,
348,34,ok,1.914818404416691,0.0851830999197077,0.0024002207776648785,0.08094785238752636,15.000000000001679,0.24394466701778583,
349,34,ok,1.823698881151221,0.1763712992013799,0.015999085466128472,0.09903263451386728,15.000000000001679,0.24282295801094733,
350,34,ok,1.9669034376328354,0.03384916332148145,0.05440606951642879,0.09998884374575234,15.000000000001679,0.20130641700234264,
351,35,ok,2.208063713354145,-0.20530442828541742,-0.11035280157759861,0.07804419203516343,15.000000000001679,0.2796656669816002,
352,35,ok,1.6274999601591815,0.37515440276019985,0.09291342986121387,0.08008946643897939,15.000000000001679,0.23849791701650247,
353,35,ok,1.8373614942461525,0.16269393964917234,0.014272390709845153,0.09465528785100044,15.000000000001679,0.23029908299213275,
354,35,ok,1.8830137056468141,0.11721113957360953,-0.02909850009949651,0.08846282288121464,15.000000000001679,0.2672694170032628,
355,35,ok,1.7816358657061684,0.23090717527051208,-0.21103775837799546,0.09807940658402159,15.000000000001679,0.22458445801748894,
356,35,ok,1.274070452147917,0.7740735818992858,0.34692929314076365,0.09914332161754034,15.000000000001679,0.2425459999940358,
357,35,ok,2.0564190232645956,-0.05083669746761576,0.15142007649131906,0.0750016464811539,15.000000000001679,0.25797879201127216,
358,35,ok,1.8701952251557197,0.13860981574541825,-0.18126434331094393,0.10016792578363828,15.000000000001679,0.2153709170233924,
359,35,ok,1.7831134361413532,0.21801126704776744,-0.06332204812796356,0.08647608632041207,15.000000000001679,0.2727510000113398,
360,35,ok,1.9980454336380997,0.002060383052502903,0.020563120233818087,0.09818002399558533,15.000000000001679,0.2381403329782188,
361,36,ok,1.799887172448259,0.20182437530555006,-0.07847455828810856,0.07987450484478711,15.000000000001679,0.2594680839974899,
362,36,ok,1.9002370297285613,0.10499467044548526,-0.14090979423592084,0.09935858938250079,15.000000000001679,0.2345039999927394,
363,36,ok,1.8595976081775307,0.14117605264120447,-0.05363578157404179,0.0989685558688895,15.000000000001679,0.24672279099468142,
364,36,ok,2.0636434973913387,-0.063637509021293,0.004971487297525726,0.10278060997563208,15.000000000001679,0.22947841600398533,
365,36,ok,1.7894119050521216,0.2106224766865319,0.011092565204752975,0.1037234133281795,15.000000000001679,0.31748537500970997,
366,36,ok,1.9753474661621198,0.025152185359778916,-0.044426580825558164,0.07892492853842223,15.000000000001679,0.25635716601391323,
367,36,ok,2.069152384672303,-0.06785214050276102,-0.07334245709837238,0.07886464453393285,15.000000000001679,0.27738179100560956,
368,36,ok,1.8767909830842975,0.14792022647304376,0.3035537953623077,0.07762870762096244,15.000000000001679,0.25635870901169255,
369,36,ok,1.9542049682295668,0.0478433859207091,0.08945172977422333,0.08105924761482401,15.000000000001679,0.2737326250062324,
370,36,ok,1.8521037171565162,0.15057163601344978,-0.09951334376362198,0.08267107208053455,15.000000000001679,0.2524560420133639,
371,37,ok,1.9654739553518865,0.03675307499961721,0.09353812400904479,0.0749909069905206,15.000000000001679,0.3276745830080472,
372,37,ok,2.062033853990528,-0.060892309817734566,-0.06860395278081675,0.1129101560465422,15.000000000001679,0.22061870899051428,
373,37,ok,2.0009493330392756,-0.000948718672298986,0.0015680031906417017,0.07530240221486996,15.000000000001679,0.2705342920089606,
374,37,ok,1.6709182075326932,0.3333727005696917,-0.11967080286312955,0.09814677518884057,15.000000000001679,0.2232556660019327,
375,37,ok,2.0492071592725805,-0.04913509540500386,0.017185528607633574,0.1032256281408585,15.000000000001679,0.2264208749984391,
376,37,ok,2.02475686973244,-0.0012694488267849802,-0.30750768237760523,0.07453778319073993,15.000000000001679,0.22439083299832419,
377,37,ok,1.7296556464360058,0.2705389605591802,-0.02594548716513356,0.10195179895359147,15.000000000001679,0.21140370800276287,
378,37,ok,2.0333895459797957,-0.03185788121340709,0.07890878437084256,0.07723665939979424,15.000000000001679,0.23366995799005963,
379,37,ok,2.0066543091633133,-0.006413236484489172,0.031103712696918393,0.08011654510572873,15.000000000001679,0.26010283301002346,
380,37,ok,1.9930389406984743,0.010585570260793022,-0.12014343879681139,0.09682496319094944,15.000000000001679,0.2476165829866659,
381,38,ok,1.4834243762920891,0.5223212720856034,-0.13043564408114935,0.09836557702586435,15.000000000001679,0.23799012499512173,
382,38,ok,2.0385151458868673,-0.037632300659732755,-0.05998839319635094,-3.027283332042374e-05,15.000000000001679,0.26406724998378195,
383,38,ok,1.8669340397167535,0.1340364444257523,0.06018901828264345,0.08039960854805818,15.000000000001679,0.2893959170032758,
384,38,ok,1.8436207361319583,0.1569188398549479,-0.0446010741363144,0.09809748921438767,15.000000000001679,0.26701824998599477,
385,38,ok,1.9617468963638003,0.040797477769371024,-0.09988174146531648,0.09394388910265992,15.000000000001679,0.28666141600115225,
386,38,ok,2.030689135818182,-0.03068374167862718,-0.00468055681345173,0.08251507737144242,15.000000000001679,0.3638265419867821,
387,38,ok,2.0290401579711874,-0.02886624370378576,-0.026565538184485208,0.09521925617875496,15.000000000001679,0.2611937079927884,
388,38,ok,1.8988940010401099,0.10227678560459084,-0.06667104867085959,0.07701615311205587,15.000000000001679,0.2789026669925079,
389,38,ok,1.9337722030198168,0.0664544711031101,-0.029607783688778668,0.09584295788285245,15.000000000001679,0.25798399999621324,
390,38,ok,2.059796481986027,-0.05970406292405514,0.019512057199402667,0.08733130773592548,15.000000000001679,0.24521920797997154,
391,39,ok,1.8536977357356277,0.14985247256691164,-0.11467093007655763,0.09871687643796363,15.000000000001679,0.22496666698134504,
392,39,ok,1.9415225274707915,0.06501388971334182,0.15918064478534752,0.08094182549003014,15.000000000001679,0.279548958002124,
393,39,ok,1.9377392146484687,0.07202317267828216,-0.19426429753546356,0.07952020946304411,15.000000000001679,0.25038879198837094,
394,39,ok,1.8767910527872225,0.13618619263682946,0.22032418683515853,0.092732398141604,15.000000000001679,0.24986841701320373,
395,39,ok,1.919467637497181,0.08168504066064632,0.06651111316061309,0.07503504061133498,15.000000000001679,0.26428470900282264,
396,39,ok,2.046930170767385,-0.045897326590080556,0.06501732883898574,0.07507990310399598,15.000000000001679,0.24394883401691914,
397,39,ok,2.0153454356892953,-0.015020770948491767,-0.03617344053061135,0.09356496213686012,15.000000000001679,0.2401501249987632,
398,39,ok,1.87950679455365,0.12098983478498751,0.04320404832870248,0.10467943375776737,15.000000000001679,0.2256487080012448,
399,39,ok,1.652762580305683,0.3472518561181528,0.00690794859619063,0.09456223875971788,15.000000000001679,0.24821841597440653,
400,39,ok,2.11999104492419,-0.1134289868398789,-0.16667317763731718,0.09922792819025072,15.000000000001679,0.23271108398330398,
401,40,ok,1.9568891415603218,0.044431486307876716,0.07188115617234546,0.1051109827380843,15.000000000001679,0.23574608299531974,
402,40,ok,1.9973137282968674,0.002718748826655924,-0.011390037514159691,0.08669340467022417,15.000000000001679,0.2531967500108294,
403,40,ok,1.8983873608918684,0.10296833528959412,0.07173168811661135,0.13693105074056247,15.000000000001679,0.20844079199014232,
404,40,ok,1.9654516403645257,0.03457825458114555,-0.010840352683758154,0.07732245758753173,15.000000000001679,0.3032257919840049,
405,40,ok,1.8616869301088175,0.1698015940536331,-0.3409575055771177,0.09732195530704853,15.000000000001679,0.2512518340081442,
406,40,ok,1.9886601835704214,0.011442730472381665,0.020231448964549165,0.07501981770563151,15.000000000001679,0.30893199998536147,
407,40,ok,1.644172302057421,0.355830173310296,0.0028530432783007596,0.08878006911588933,15.000000000001679,0.23083945902180858,
408,40,ok,1.7966701981722057,0.21541813607285734,-0.2080657875348045,0.08279372804244521,15.000000000001679,0.2642500000074506,
409,40,ok,1.831038285211027,0.17398363173273398,0.13551909359408415,0.08273958551332924,15.000000000001679,0.25068212501355447,
410,40,ok,1.8604034550381492,0.14566273515541836,-0.1501143688212385,0.08101153320477253,15.000000000001679,0.2818479169800412,
411,41,ok,1.940121057148778,0.06440206407559015,0.13240221613423508,0.07511587824022804,15.000000000001679,0.3028673329972662,
412,41,ok,1.9915329037153406,0.00847535927497773,-0.005736895146951601,0.07503405193049971,15.000000000001679,0.2573985830240417,
413,41,ok,1.4664141819120649,0.5335917615404062,0.004175055767552639,0.09931939034539897,15.000000000001679,0.23096250000526197,
414,41,ok,1.9978286921439066,0.002230725243045474,0.015408049536050817,0.10350303901664118,15.000000000001679,0.23506220799754374,
415,41,ok,1.8873833454028037,0.11300774729539827,-0.03842044685700515,0.1551007200141788,15.000000000001679,0.2191766670148354,
416,41,ok,2.027445950384365,-0.025340473111322547,0.09237450788592068,0.14979890060806156,15.000000000001679,0.25810183299472556,
417,41,ok,1.9999679881121786,3.2863822576442176e-05,0.0018459912648752218,0.0749910697396253,15.000000000001679,0.32739474999834783,
418,41,ok,1.961264945977297,0.039397193003620684,-0.05095901801691477,0.09684016936220588,15.000000000001679,0.20141725000576116,
419,41,ok,1.8585914581842473,0.14164663735942715,0.029748747837885052,0.09957563875704939,15.000000000001679,0.22179941600188613,
420,41,ok,2.0061401196239563,-0.0053230220972128395,0.05725169527379272,0.12651124021475538,15.000000000001679,0.25645354198059067,
421,42,ok,1.9923937355607608,0.00803498606879909,-0.041330143670618824,0.09874586021983223,15.000000000001679,0.23068595898803324,
422,42,ok,1.9749529034954747,0.025052925195553303,-0.0047982024305859424,0.09127680289142476,15.000000000001679,0.23481020799954422,
423,42,ok,2.0918694043457644,-0.08981752414244658,-0.09263002010707799,0.10785309930742032,15.000000000001679,0.2653117919981014,
424,42,ok,1.7219269548194345,0.2799844883842481,-0.08111151296169036,0.09651637706166248,15.000000000001679,0.21459362498717383,
425,42,ok,1.9268830406062367,0.07338606739773536,0.032202591181028244,0.09122338068300863,15.000000000001679,0.22196745799737982,
426,42,ok,1.6273407873707348,0.4903232717458917,0.6075477054588997,0.10372833514148748,15.000000000001679,0.21838691699667834,
427,42,ok,1.7409935175001285,0.26094237784958946,0.08207932028245597,0.1015744490937647,15.000000000001679,0.2697816250147298,
428,42,ok,2.0298064515758565,-0.028616649597721405,0.06948899073871631,0.11025153274423469,15.000000000001679,0.2279629590047989,
429,42,ok,1.6566598896489462,0.3530181127986058,0.17880898523897576,0.10197727264141337,15.000000000001679,0.2678867079957854,
430,42,ok,1.9425319506864533,0.05758489668374104,0.021306004942379404,0.11457610018977224,15.000000000001679,0.2608253749785945,
431,43,ok,1.968556439301354,0.031590886919376726,-0.02408356817373908,0.09560894526926353,15.000000000001679,0.21936375001678243,
432,43,ok,1.7890101256578892,0.2110135467704224,0.009203253094024009,0.10047349532317186,15.000000000001679,0.2891427080030553,
433,43,ok,1.6771327195579115,0.33641756187931443,0.21276191056707372,0.0999082003611247,15.000000000001679,0.2445210840087384,
434,43,ok,2.0205956516040158,-0.020086729411743144,-0.04534746889986428,0.09643034594541776,15.000000000001679,0.22370541701093316,
435,43,ok,2.0334023692526877,-0.032996035401810064,-0.04064868168791149,0.09669057700091696,15.000000000001679,0.2148099589976482,
436,43,ok,1.938749818237036,0.06129185116593425,-0.01271107228085207,0.07824891103845438,15.000000000001679,0.2694691250217147,
437,43,ok,1.6466938851970396,0.3538474720084592,0.04222092055344507,0.10058867852006391,15.000000000001679,0.2383327090064995,
438,43,ok,2.028543459406891,-0.027903413213628804,-0.050954032018988106,0.09883859590101002,15.000000000001679,0.2540592919976916,
439,43,ok,1.9598629459876884,0.04119739488944777,0.06446023012412062,0.14165854729589114,15.000000000001679,0.24361075001070276,
440,43,ok,1.560231262602589,0.44637052365097246,0.14337727512376217,0.09904680624348483,15.000000000001679,0.2687833330128342,
441,44,ok,1.9620812369846747,0.0379714331108201,-0.01437648211844019,0.07505792601816609,15.000000000001679,0.32912979199318215,
442,44,ok,1.8563804174022907,0.150223257710705,0.15644250637312687,0.07538644434477372,15.000000000001679,0.27065129202674143,
443,44,ok,1.974814559862046,0.029983404099577747,0.13757600706532502,0.07935729321493215,15.000000000001679,0.3571339580230415,
444,44,ok,2.036239901629038,-0.03579040592781151,-0.042782708171775166,0.08161199307582859,15.000000000001679,0.30012520801392384,
445,44,ok,2.0206666584414714,-0.02015041157850263,0.045673396372827725,0.12790644949622734,15.000000000001679,0.2902455420116894,
446,44,ok,2.092056370377215,-0.09105138967231055,0.06483781755569867,0.11270802283001646,15.000000000001679,0.25185916700866073,
447,44,ok,1.9693836011385422,0.0367042025259988,0.1547300231187796,0.1158376998721972,15.000000000001679,0.2398917920072563,
448,44,ok,1.899903094848968,0.10340600955589034,-0.11208481265530837,0.10234977729556312,15.000000000001679,0.2308285830076784,
449,44,ok,1.7185727956280392,0.352795803627013,-0.4901130372924152,0.0969172102393379,15.000000000001679,0.30847895800252445,
450,44,ok,1.679296940147172,0.3299554730663765,-0.17603832323305169,0.0988332677161222,15.000000000001679,0.2765638749988284,
451,45,ok,2.024077542916012,-0.023962978101256877,0.021535157589662002,0.10249609831769144,15.000000000001679,0.24971812500734814,
452,45,ok,1.8087609616851752,0.19296315638540923,-0.07895607852278946,0.09923289397111947,15.000000000001679,0.24715879201539792,
453,45,ok,1.9996353232131983,0.000450722396912012,-0.018550263580885882,0.0749893169247054,15.000000000001679,0.3359970409946982,
454,45,ok,1.8790123984895768,0.1212234140093776,-0.029767996421882454,0.08327822548253916,15.000000000001679,0.22817462499369867,
455,45,ok,1.8939072551953613,0.10776077573314295,-0.07946955031702595,0.0852220650090352,15.000000000001679,0.26832520801690407,
456,45,ok,1.914991849937162,0.08581234624218903,-0.05549244567434897,0.09910333722102767,15.000000000001679,0.23260000001755543,
457,45,ok,2.105104715343098,-0.10403763144944768,-0.06701871383682374,0.07435032716965816,15.000000000001679,0.26418187501258217,
458,45,ok,1.702625480757964,0.3033556392126699,0.14258836114788623,0.09547551574520598,15.000000000001679,0.22004879199084826,
459,45,ok,2.2438165907395247,-0.2393607943792284,0.14133692183989027,0.07773091199384913,15.000000000001679,0.2686238330206834,
460,45,ok,1.9857304964594515,0.014697950553923731,0.041247751869759916,0.07705936782987952,15.000000000001679,0.26342525001382455,
461,46,ok,2.0143107174378834,-0.013895096947563674,-0.04091704871670003,0.09121193953583127,15.000000000001679,0.281631332996767,
462,46,ok,2.1131868237216453,-0.11003931780674572,-0.1152936653091479,0.10308846349868062,15.000000000001679,0.24690800000098534,
463,46,ok,1.454937880659132,0.5971910398020536,0.38596794914246885,0.10074687198250185,15.000000000001679,0.2591836249921471,
464,46,ok,1.588895816855113,0.4187200238273391,0.15538196090623435,0.09965601333823597,15.000000000001679,0.21067283302545547,
465,46,ok,2.063747418387591,-0.06329978230978907,-0.04298156839650463,0.0752907762652644,15.000000000001679,0.2944899160065688,
466,46,ok,1.6613791453750806,0.39646140595944335,0.43456258710301726,0.10210113592838384,15.000000000001679,0.22074687498388812,
467,46,ok,1.9144561633360917,0.0875818159035488,0.0883124593292487,0.1028132055356474,15.000000000001679,0.27460437500849366,
468,46,ok,1.9621509930085654,0.03785548386458307,0.005041543832031726,0.07521836243242919,15.000000000001679,0.28467845800332725,
469,46,ok,1.8841839399490514,0.13054809744165669,0.23515676384684456,0.07933251233779247,15.000000000001679,0.26719250000314787,
470,46,ok,1.7607937161761686,0.24728158453926583,0.16844188027416093,0.11225027969008253,15.000000000001679,0.2156030829937663,
471,47,ok,1.7110115973577487,0.2930003454636717,0.11710194578045953,0.10072564422839153,15.000000000001679,0.2496757500048261,
472,47,ok,1.9230330413186534,0.07700702350160109,-0.012413313058890235,0.10248261564821502,15.000000000001679,0.2840557500021532,
473,47,ok,1.5904208840514305,0.42299925322539383,-0.2061728233770598,0.09866418463672995,15.000000000001679,0.26121791600598954,
474,47,ok,2.003819089990047,-0.003773999330109641,0.013442656625736328,0.0789743526571943,15.000000000001679,0.27801016700686887,
475,47,ok,1.748694401786274,0.2529679759062406,0.07623134282902704,0.10001677795176606,15.000000000001679,0.24638445899472572,
476,47,ok,2.0159227403083806,-0.015870020958462877,0.014579214429304606,0.09704907882554324,15.000000000001679,0.2465665000199806,
477,47,ok,1.2543708254550494,0.8500030286824799,0.5009522269770974,0.09855296002540961,15.000000000001679,0.2282957089773845,
478,47,ok,1.7839217767788746,0.21673443182453578,0.0483820113858067,0.0754571741179754,15.000000000001679,0.25263950001681224,
479,47,ok,1.9869630462273116,0.013050588576062172,-0.007360945250727064,0.08141017051579318,15.000000000001679,0.27316704200347885,
480,47,ok,1.8044186923893326,0.1998489295722755,-0.12402798507573436,0.09785723982481666,15.000000000001679,0.1985651660070289,
481,48,ok,1.8111028775334939,0.18991091491922468,-0.06058990907357272,0.09152078083102072,15.000000000001679,0.22670191698125564,
482,48,ok,1.93115363020309,0.07438612638040597,0.14616960412587593,0.07953813413384543,15.000000000001679,0.2884006669919472,
483,48,ok,2.041759410163569,-0.041303155235235776,0.04316152706005411,0.11648275576650982,15.000000000001679,0.22049675000016578,
484,48,ok,1.8823823855554718,0.1330007896145234,0.24016118310317242,0.09268442352817674,15.000000000001679,0.24418004200560972,
485,48,ok,1.8588288183691377,0.14395354848795794,-0.10166683741103312,0.0778872714323176,15.000000000001679,0.2426863749860786,
486,48,ok,2.0015059415376744,-0.0012752234130284858,-0.030389375836705798,0.07499589367507108,15.000000000001679,0.27384675000212155,
487,48,ok,2.050042024303566,-0.04660839779375001,0.11860171790814551,0.0777637910144976,15.000000000001679,0.34755066700745374,
488,48,ok,1.8290007116814029,0.17293435158473547,-0.08411135305050865,0.09560908953950686,15.000000000001679,0.2344559589982964,
489,48,ok,1.7378353957198844,0.26686201260248577,0.12768938584150913,0.09846429209506198,15.000000000001679,0.23271595800179057,
490,48,ok,1.7849872599944656,0.21825412209912962,-0.1075227646864013,0.08626979417833268,15.000000000001679,0.29992329198285006,
491,49,ok,1.9565903851815127,0.04362403431017412,0.028965777323270932,0.07488545429333657,15.000000000001679,0.3012345000170171,
492,49,ok,1.9530890004554917,0.04842213869870223,0.07681467944920797,0.07926906294454159,15.000000000001679,0.25013749999925494,
493,49,ok,2.0356388328904713,-0.03395352932352745,0.0828160523331404,0.0912346671462714,15.000000000001679,0.20941333399969153,
494,49,ok,1.9910681694393868,0.009529519709524228,-0.04878239894586304,0.10195432490809431,15.000000000001679,0.2788443329918664,
495,49,ok,1.9454131500951932,0.05515824132876775,0.047147198134048635,0.07932088512335427,15.000000000001679,0.32222566701238975,
496,49,ok,1.5831635846767882,0.4322642436466076,0.22048023516341492,0.10164741306324016,15.000000000001679,0.21591812500264496,
497,49,ok,1.8941071067199644,0.10718540092936722,0.06996159855345208,0.0813502092110597,15.000000000001679,0.2947791659971699,
498,49,ok,1.5852181858126908,0.4162878428498368,0.0690832825367654,0.09637268796285232,15.000000000001679,0.23732399998698384,
499,49,ok,1.9061350419976757,0.10251721559142972,0.18141080784942248,0.07462980710400148,15.000000000001679,0.29024591701454483,
500,49,ok,2.0011902623435827,-0.0011896705400643622,0.001539032984065292,0.07548774873937031,15.000000000001679,0.30480991600779817,
501,50,ok,1.6757359140628063,0.32795716592381474,-0.11119179238769157,0.08922764240646541,15.000000000001679,0.2495742920145858,
502,50,ok,1.9419049311268048,0.05831114283741277,-0.028967973785665443,0.14973885430048212,15.000000000001679,0.2774351670232136,
503,50,ok,1.9688622307897212,0.03114695987506747,0.006015830872685881,0.09753962086000252,15.000000000001679,0.23861429101089016,
504,50,ok,1.8760355459262632,0.1365691856883791,-0.2171058954814024,0.09736417979848896,15.000000000001679,0.2375337919802405,
505,50,ok,1.9539453685674453,0.046090922981906535,-0.011908908114139574,0.07605449411191949,15.000000000001679,0.2271381669852417,
506,50,ok,2.0753354747695094,-0.07289997988957891,0.10051371155503115,0.12907826886564713,15.000000000001679,0.21990704099880531,
507,50,ok,2.01944716397469,-0.01925733439848891,-0.027688726285740452,0.09730797703131089,15.000000000001679,0.21896725002443418,
508,50,ok,1.2247975541787524,0.9406717874846277,0.6147786486949921,0.09708162083907969,15.000000000001679,0.25851225000224076,
509,50,ok,1.9598477559987908,0.04239732138626113,-0.09378155137237931,0.10015205734971973,15.000000000001679,0.25669154201750644,
510,50,ok,2.0634890097539804,-0.06292245003891288,-0.04835140640056412,0.09669694319627024,15.000000000001679,0.2923942080233246,
511,51,ok,2.1186597103103644,-0.11823304107226787,0.042517664589317765,0.09926515376739169,15.000000000001679,0.244471167010488,
512,51,ok,2.052497247355009,-0.052345756302538855,-0.024936860003840565,0.09122493514511062,15.000000000001679,0.2750527920143213,
513,51,ok,1.9660501970347626,0.034870736906192204,0.06016939913957022,0.11395571781479412,15.000000000001679,0.260134583018953,
514,51,ok,1.7928058319228615,0.20760359087564906,-0.03831270722300105,0.07617576023574833,15.000000000001679,0.30199533299310133,
515,51,ok,1.9962314502935667,0.004265286488082385,0.04453039888279023,0.07497454075291093,15.000000000001679,0.3052047910168767,
516,51,ok,2.0656900528545976,0.0036594154776163103,0.5307538648481601,0.08668103937732759,15.000000000001679,0.25643874998786487,
517,51,ok,1.3427806104776412,0.6577402801885801,-0.03739802730726961,0.0982724467560563,15.000000000001679,0.22524908298510127,
518,51,ok,1.9953879926913802,0.004976053802662385,-0.038114242431643276,0.08053724117221152,15.000000000001679,0.23619979099021293,
519,51,ok,2.0610072623581166,-0.06029988055894516,-0.05399386688962915,0.10540604160459277,15.000000000001679,0.2654471249843482,
520,51,ok,1.7472375324620457,0.25446902328238286,0.07720494908553702,0.07926924450809984,15.000000000001679,0.26883129199268296,
521,52,ok,1.8030077810948055,0.19787419856268001,0.05638842507386296,0.0899982562062383,15.000000000001679,0.24980499999946915,
522,52,ok,1.4474497008544256,0.5734869689058378,0.24529820346287015,0.09917038295655052,15.000000000001679,0.23768404198926874,
523,52,ok,1.8100919516938612,0.18997431497601938,-0.015488484120822987,0.09791234929777805,15.000000000001679,0.23362999997334555,
524,52,ok,1.2691466236183155,0.7539663014999182,0.24110822143588773,0.0989566368441139,15.000000000001679,0.26119866702356376,
525,52,ok,1.9813594874115366,0.019187476046605083,0.046552801259303916,0.07500899205381911,15.000000000001679,0.2547458339831792,
526,52,ok,1.9954819031157351,0.00464823176954913,0.022789179055180145,0.12103580455365531,15.000000000001679,0.2436214170011226,
527,52,ok,2.000768347497511,-0.0006551613982275754,-0.02128157697520359,0.0728992723553875,15.000000000001679,0.27106566698057577,
528,52,ok,2.087621673522214,-0.0873286673484318,-0.0349755089327903,0.09713901344705958,15.000000000001679,0.2257843330153264,
529,52,ok,1.7755477221746088,0.22577244874756477,-0.06845662930811684,0.08705093529844982,15.000000000001679,0.24916549999034032,
530,52,ok,1.992092719282121,0.015948381488969404,-0.17880877299672637,0.09989318429008223,15.000000000001679,0.2778655829897616,
531,53,ok,1.7212373165315697,0.27881227269629005,0.013065496542010925,0.07495400848040062,15.000000000001679,0.22512045898474753,
532,53,ok,2.0150088705648725,-0.014953531882910471,0.014933613350725376,0.0749845615815478,15.000000000001679,0.29088566699647345,
533,53,ok,1.935437013789143,0.0657057984435344,0.06650094864037838,0.09654382558268607,15.000000000001679,0.2145462910120841,
534,53,ok,1.976776996198937,0.02347123178609159,-0.031326045459052335,0.10104478533156526,15.000000000001679,0.24936654197517782,
535,53,ok,1.3314505980738316,0.7203208227845608,0.36767091061488694,0.09961898361390163,15.000000000001679,0.2422260839957744,
536,53,ok,1.3818519226936161,0.6271191621994162,0.15720350330705204,0.09856573771449968,15.000000000001679,0.23543283302569762,
537,53,ok,1.7645548538122569,0.23858079307435073,0.10514851204753897,0.09362155026737666,15.000000000001679,0.2328936250123661,
538,53,ok,1.9864249802737357,0.022224226160319934,-0.18516800660039912,0.0966377651072806,15.000000000001679,0.19702325001708232,
539,53,ok,1.9675590138678791,0.0333475220600381,-0.05972021488029574,0.07661137509215805,15.000000000001679,0.2516994579927996,
540,53,ok,1.8553859873274006,0.14568748254155112,0.0631050676870092,0.09600726339634998,15.000000000001679,0.2279841249983292,
541,54,ok,1.8352200027919392,0.16632707830924834,0.07533972992881945,0.08089123153351058,15.000000000001679,0.2746729589998722,
542,54,ok,2.0753089764514936,-0.0676844638069785,0.17773099299614378,0.10155285795360443,15.000000000001679,0.25087641601567157,
543,54,ok,1.8211336776089597,0.18380150171846815,-0.13398091864681125,0.07344583093110173,15.000000000001679,0.22652875000494532,
544,54,ok,1.8779558182836977,0.12210336708598182,0.014909443845650105,0.0995404183879766,15.000000000001679,0.2136789580108598,
545,54,ok,2.0333132043674405,-0.02837587049976843,0.14161184635932053,0.07735928322326842,15.000000000001679,0.26326725000399165,
546,54,ok,1.7864241072308609,0.21567093770378507,-0.08649212877879746,0.09508663989087936,15.000000000001679,0.23889920802321285,
547,54,ok,1.9813343869004376,0.019524393346884345,-0.05832944510370638,0.07544502802064386,15.000000000001679,0.2795834160060622,
548,54,ok,1.8496716701788325,0.15072596848144668,-0.03835158162668651,0.09298484572626313,15.000000000001679,0.21507533302064985,
549,54,ok,2.008937308466601,-0.008312645588743211,0.0500941804741405,0.09692518934920386,15.000000000001679,0.2619660420168657,
550,54,ok,1.9848628371132837,0.030972623775052714,0.25022324798086576,0.07544713133489885,15.000000000001679,0.284872375021223,
551,55,ok,1.9488583254829095,0.05342018565826215,-0.09421146003186381,0.07465167529547097,15.000000000001679,0.2624516249925364,
552,55,ok,1.684719788264194,0.38183405881302346,-0.46884939133096576,0.10155466517015466,15.000000000001679,0.2490890839835629,
553,55,ok,1.784700775389642,0.23745290310690187,-0.28032942926154014,0.09822070833419244,15.000000000001679,0.2378947499964852,
554,55,ok,1.9519987605243283,0.04808153309266592,0.01770479129038145,0.08127657904802713,15.000000000001679,0.2440643750014715,
555,55,ok,1.931057561991579,0.17092724821619115,0.6192545328109164,0.09067879667585277,15.000000000001679,0.2305436250171624,
556,55,ok,1.7434908699491898,0.25791364359773344,0.06996813870082158,0.08895560601595745,15.000000000001679,0.22636454200255685,
557,55,ok,1.249757144635202,0.9623624236121746,0.6965638381618249,0.09621640132459397,15.000000000001679,0.24196654200204648,
558,55,ok,1.9919200741263405,0.00809782201196937,-0.008443638672182594,0.09677312957069363,15.000000000001679,0.23616845899960026,
559,55,ok,2.0613671945892444,-0.060952521034740074,-0.041345096072944516,0.09504444951533471,15.000000000001679,0.22038412501569837,
560,55,ok,1.6169210997888803,0.40052519165791806,0.23688431864845422,0.0988261154735933,15.000000000001679,0.2485191670130007,
561,56,ok,2.0533608066676163,-0.05275665323857658,-0.04980687646742347,0.10985404512545524,15.000000000001679,0.19420975001412444,
562,56,ok,1.9765303392830922,0.023820156461688925,0.03722107063790351,0.0893913921179222,15.000000000001679,0.29835908400127664,
563,56,ok,1.9911640647431443,0.008856543547549816,-0.009059169444817999,0.08928644077012034,15.000000000001679,0.198590707994299,
564,56,ok,1.8709344026857488,0.12948389727489962,0.03956069513016391,0.1072403423711497,15.000000000001679,0.2438658330065664,
565,56,ok,1.9514360493266671,0.048570470764416805,-0.005044505829142457,0.09553916432124764,15.000000000001679,0.3025325830094516,
566,56,ok,1.8390422817376166,0.16158643493610306,-0.04808407020783573,0.07516654647006366,15.000000000001679,0.22043020799173974,
567,56,ok,1.9224365032850306,0.07765935135167953,-0.019197388289272747,0.07491771225260377,15.000000000001679,0.2732541669975035,
568,56,ok,1.9857412913648167,0.014385343525373167,-0.022425704545450172,0.08430244624210334,15.000000000001679,0.23805900002480485,
569,56,ok,1.9589096734149862,0.043424794844488614,-0.09560635527765267,0.1041539720564412,15.000000000001679,0.26028291700640693,
570,56,ok,1.2431898245147426,0.782134104430923,0.24964695108638243,0.09880974141087244,15.000000000001679,0.24575512498267926,
571,57,ok,2.078064769288909,-0.0773426579469421,0.0547783427432774,0.10327483091976132,15.000000000001679,0.2194895419816021,
572,57,ok,1.8340558433701066,0.1664082158830346,0.0412553732112228,0.0791675606355808,15.000000000001679,0.25546324998140335,
573,57,ok,1.9928687904348887,0.007391302235842311,0.0321961718849313,0.11964085808921339,15.000000000001679,0.2408590420091059,
574,57,ok,1.9098221699588245,0.09107051494968679,-0.05838614537524888,0.07918373066528563,15.000000000001679,0.27913675000309013,
575,57,ok,2.0844738728730943,-0.08276323929696965,-0.0844311300632085,0.0857075762381904,15.000000000001679,0.23067966601229273,
576,57,ok,1.6848013522101617,0.3209756259496308,0.1394013907891722,0.10157779288054196,15.000000000001679,0.21589870899333619,
577,57,ok,1.390990133360802,0.6094057868489191,-0.033185621251194085,0.09174794422082262,15.000000000001679,0.30198316698079,
578,57,ok,1.1578842044430413,0.8483363927626755,0.11986144777954415,0.10168382652083567,15.000000000001679,0.22711645800154656,
579,57,ok,2.0221107544473775,-0.021823442903840126,-0.03408619920441712,0.08287467284624139,15.000000000001679,0.25066020799567923,
580,57,ok,1.9766575283084922,0.023363468971730715,-0.009110895848825894,0.11588598031752563,15.000000000001679,0.20799820899264887,
581,58,ok,1.2526758626837977,0.9230128533733248,0.6397620674528377,0.09665962654510431,15.000000000001679,0.259482791996561,
582,58,ok,1.8746773531046623,0.12575903605562844,-0.04044734004079484,0.10334384932683885,15.000000000001679,0.2218370829941705,
583,58,ok,1.7296038983542665,0.27050840621801436,-0.01970969912817333,0.09817547723979776,15.000000000001679,0.2398425830178894,
584,58,ok,1.8687254452394864,0.13242045449435078,0.0654326439510819,0.09862564593425113,15.000000000001679,0.23764329199912027,
585,58,ok,1.988396058963212,0.0122072970946337,0.04898017534279748,0.07468344497248725,15.000000000001679,0.24310020802658983,
586,58,ok,2.1531089917469903,-0.151983435727929,0.06961050706869494,0.07631563228486488,15.000000000001679,0.22742591600399464,
587,58,ok,1.783297432646683,0.21787100242937185,0.06454432044850922,0.10376618253725739,15.000000000001679,0.19410950000747107,
588,58,ok,2.027927132662106,-0.027519083076077745,-0.040679517567074226,0.07413656069688776,15.000000000001679,0.2663692079950124,
589,58,ok,1.9572530591758537,0.04318161146997093,-0.04124720552933149,0.09717785122921027,15.000000000001679,0.2579168750089593,
590,58,ok,1.3930825115694219,0.6346574024166621,0.2766197304332284,0.10265376110386507,15.000000000001679,0.2221846249885857,
591,59,ok,1.9839012005830485,0.01665662853175003,0.04704300721485392,0.09870573856362609,15.000000000001679,0.2414603749930393,
592,59,ok,1.2194815706914588,0.7831668921625016,0.08032738590694022,0.10194707755366599,15.000000000001679,0.22170816699508578,
593,59,ok,1.950045885519935,0.05028768172150574,0.03606704293848341,0.10749067642291806,15.000000000001679,0.2772400829999242,
594,59,ok,1.742323674343356,0.2578700277579989,-0.025979722735573287,0.07791100392192166,15.000000000001679,0.24816124999779277,
595,59,ok,1.888583493506283,0.11246597621676069,0.06295173552055233,0.08978491850175124,15.000000000001679,0.23655145801603794,
596,59,ok,1.2737381180218097,0.7647023254763428,0.31056150537081434,0.09731068040420902,15.000000000001679,0.2180800840142183,
597,59,ok,1.8854855381097786,0.11452904845006905,-0.007416554625915043,0.07502785970508864,15.000000000001679,0.2764700000116136,
598,59,ok,1.690039103948582,0.3102691661314835,0.03227819619083588,0.08948373623887247,15.000000000001679,0.24399804099812172,
599,59,ok,1.6047454177366158,0.39550333636469087,0.02825441788158517,0.09196279880894585,15.000000000001679,0.22954787500202656,
600,59,ok,1.7735375874150723,0.235758669914097,-0.18135077389081966,0.09219396953999479,15.000000000001679,0.2343636659788899,
601,60,ok,2.1751219758769946,-0.17475637437216418,-0.039878842393922656,0.1536424163010697,15.000000000001679,0.22198712502722628,
602,60,ok,1.649388636354516,0.35081813766273406,0.026116253046652518,0.0984454831203097,15.000000000001679,0.22180158301489428,
603,60,ok,1.9893947198285225,0.010743909527245254,0.02348526769394424,0.08553867575913168,15.000000000001679,0.2672870829992462,
604,60,ok,1.4625326698573535,0.6044642624595626,0.43758635221810355,0.0997928724476029,15.000000000001679,0.21938370799762197,
605,60,ok,1.5585856069728086,0.44375626176487915,-0.08540797074497493,0.10255054680783544,15.000000000001679,0.2270351669867523,
606,60,ok,1.4625372193772015,0.5461201653689668,0.15889790595484757,0.09611171970113165,15.000000000001679,0.22445487501681782,
607,60,ok,1.917567563932299,0.08246060291951858,-0.010393406057474621,0.09047701527904921,15.000000000001679,0.2610327090078499,
608,60,ok,2.0163568749446346,-0.012513988148989278,-0.12442867290597795,0.10440656425950667,15.000000000001679,0.23379575001308694,
609,60,ok,1.9593890248196093,0.04119576895548232,-0.04786789138488627,0.09892240335380689,15.000000000001679,0.2389101249864325,
610,60,ok,1.9406285375372874,0.05955373311666915,0.026597105907509317,0.07974582104075838,15.000000000001679,0.2546814999950584,
611,61,ok,1.7768285185728665,0.2232940910128843,-0.020873365423770215,0.09484979818056061,15.000000000001679,0.245680583990179,
612,61,ok,2.0051691403136656,0.016416761086036062,0.29342940473959317,0.09952858780912036,15.000000000001679,0.1956357909948565,
613,61,ok,1.9401607336756144,0.05983962892520807,0.0011861735221604442,0.09724414396818885,15.000000000001679,0.2518055000109598,
614,61,ok,1.388854096188511,0.6128711327543568,0.06920409058303058,0.09900333900610615,15.000000000001679,0.21523154200986028,
615,61,ok,1.9221388893587679,0.07790964226409058,0.013658941540307177,0.10486882201827566,15.000000000001679,0.2536671250127256,
616,61,ok,1.9685174561266499,0.037086063072883,0.14842456431677112,0.11204127654809831,15.000000000001679,0.23373595799785107,
617,61,ok,2.3900059877437654,-0.38631284834659146,-0.1328141982885466,0.09622867265981898,15.000000000001679,0.22208924998994917,
618,61,ok,1.9582247035008467,0.04990312593091458,-0.1782306683681583,0.09667969392330662,15.000000000001679,0.24406687502050772,
619,61,ok,1.9894755493384533,0.015311423635608952,0.13792830117211746,0.09739495845423052,15.000000000001679,0.20450379201793112,
620,61,ok,1.9534804283473628,0.04683984514352612,-0.035372212501214445,0.08818650137057019,15.000000000001679,0.2532362079946324,
621,62,ok,2.2779773744891196,-0.27716192739377943,0.06094649384985984,0.10290195072214452,15.000000000001679,0.2223085000005085,
622,62,ok,1.5221293049621631,0.4965522712020669,0.23774471139635198,0.099587075770799,15.000000000001679,0.2312368749990128,
623,62,ok,1.771890314249454,0.29528416331810103,0.48325893876571124,0.10219201615799454,15.000000000001679,0.2736516250006389,
624,62,ok,1.8628451903569516,0.13862545017358757,-0.07400667871582543,0.0935274987174916,15.000000000001679,0.24369658398791216,
625,62,ok,1.7965882685961228,0.2057971189522208,-0.09254960019936752,0.10073708907675173,15.000000000001679,0.23763783302274533,
626,62,ok,1.63417879209647,0.37513031426933996,0.17418044933752885,0.09302894750498225,15.000000000001679,0.25202766599250026,
627,62,ok,2.0739164224805204,-0.0738749862870914,0.013109869835984576,0.15366049137838586,15.000000000001679,0.25709537498187274,
628,62,ok,2.048682254410442,-0.04458142446826805,-0.12955994078247315,0.08704558159533869,15.000000000001679,0.2569676669954788,
629,62,ok,2.049611360982584,-0.049362996306423594,-0.03190674597694438,0.0749055994435249,15.000000000001679,0.27923524999641813,
630,62,ok,1.9895995916965534,0.012143235707509964,-0.083258752907329,0.09745019695667383,15.000000000001679,0.21006095802295022,
631,63,ok,1.8693319413692417,0.1316777192215161,-0.06143095449350079,0.10017411279468949,15.000000000001679,0.25929774998803623,
632,63,ok,1.6023163945939878,0.41005841986611363,0.19875512608744705,0.10249197701476112,15.000000000001679,0.23953566700220108,
633,63,ok,1.5373376215076988,0.4720981098981842,0.1700669771773677,0.09797110249349272,15.000000000001679,0.22735204198397696,
634,63,ok,1.8778088657292573,0.12231572891012558,0.02163132712264856,0.07610216215063592,15.000000000001679,0.2343292500008829,
635,63,ok,1.918209285469162,0.08215190717935891,-0.03722305366761003,0.09793544673652853,15.000000000001679,0.21431954199215397,
636,63,ok,1.628009854758587,0.3806157923397073,0.16736449794243008,0.10255328279487486,15.000000000001679,0.25963229199987836,
637,63,ok,2.008068531446893,-0.007988719326958292,-0.017903352841398747,0.07602912304516589,15.000000000001679,0.2931139579741284,
638,63,ok,1.9640616010629304,0.03651921623409316,0.04776174778943914,0.08692740607292553,15.000000000001679,0.23593554098624736,
639,63,ok,1.8608967262946126,0.1999696418113986,0.4720459040532197,0.10456446059214225,15.000000000001679,0.25716004200512543,
640,63,ok,1.765174885396102,0.2370796981361704,0.0891873607047907,0.09992565104385778,15.000000000001679,0.21610762499039993,
641,64,ok,1.9550583681110836,0.04594148654592815,-0.06251838704602308,0.08658550185879686,15.000000000001679,0.2671266669931356,
642,64,ok,1.9064730690448468,0.09393288504262555,0.03934102529610059,0.08270296686997357,15.000000000001679,0.3031757499848027,
643,64,ok,1.9679932499012331,0.03219634472251717,-0.027316770185995362,0.08488095004911363,15.000000000001679,0.2972459579759743,
644,64,ok,1.973133401070819,0.028481861077281605,-0.0798225927917584,0.09691804351792063,15.000000000001679,0.25186379201477394,
645,64,ok,2.044375017771525,-0.04414919736384424,0.030385394601264163,0.09441031150533777,15.000000000001679,0.25497254202491604,
646,64,ok,2.0277798242137957,-0.026153555182275082,0.08119597472017392,0.07467376105014865,15.000000000001679,0.271079792000819,
647,64,ok,1.9553874249275425,0.04469250048475539,-0.017679476921204976,0.07493180348053341,15.000000000001679,0.24988879199372604,
648,64,ok,1.9559927643439579,0.04423093775418384,-0.029581570750028777,0.09720320269426398,15.000000000001679,0.23439408300328068,
649,64,ok,1.3524767131098818,0.6514496859228212,0.10298208536853379,0.09854200679044227,15.000000000001679,0.24684337500366382,
650,64,ok,2.46928060977619,-0.44686701475817125,-0.3319465949593517,0.09447675295841557,15.000000000001679,0.249353749997681,
651,65,ok,2.032501898721587,-0.03247880485646631,-0.009688968783450448,0.08484545167151275,15.000000000001679,0.26627625001128763,
652,65,ok,1.9047497602130226,0.10790737034915449,-0.219219364684132,0.07370109737329035,15.000000000001679,0.2361624579934869,
653,65,ok,1.9644896014424598,0.0401803722068054,0.1353751110511065,0.07498927027750842,15.000000000001679,0.27368962499895133,
654,65,ok,1.9045067087100032,0.09882553856532307,-0.11261203625712166,0.10192532947113739,15.000000000001679,0.25722058399696834,
655,65,ok,2.0186987935893415,-0.01843550931028872,-0.03260236179140172,0.08006331549869543,15.000000000001679,0.2323706670140382,
656,65,ok,1.7597158992254807,0.25890522962132795,0.25532145727882044,0.09630970703757206,15.000000000001679,0.2630414580053184,
657,65,ok,2.3700918804820454,-0.3540532492522096,-0.27526136963263353,0.08328632128431358,15.000000000001679,0.22543129199766554,
658,65,ok,2.1612780941881278,-0.1611213395008023,-0.026029913017984973,0.15276856875078176,15.000000000001679,0.28133500000694767,
659,65,ok,1.9112736910120351,0.09002379635558287,-0.07041323360582281,0.09187697674660018,15.000000000001679,0.25727433399879374,
660,65,ok,1.3205890926067165,0.6985755102711164,0.22416478101108103,0.10015516514012648,15.000000000001679,0.22212995801237412,
661,66,ok,2.0387165540799255,-0.035914826065723666,0.10684572469359889,0.07670994781440836,15.000000000001679,0.26044091599760577,
662,66,ok,1.5980713922179939,0.4822306865516208,0.5002084423317879,0.10283474169761873,15.000000000001679,0.25120466700172983,
663,66,ok,2.0061310927261133,-0.005453033514179022,-0.05215449713347301,0.10404114371262907,15.000000000001679,0.23231654200935736,
664,66,ok,1.5129429698926535,0.4872150006125399,0.021862657109455813,0.09872236284933049,15.000000000001679,0.22698729200055823,
665,66,ok,1.6113135784525172,0.3984903137542469,0.17747724633452389,0.09871912611959023,15.000000000001679,0.2630965829885099,
666,66,ok,1.9792856909719656,0.021241532403577155,0.045681214977571404,0.11196579129761428,15.000000000001679,0.25100512499921024,
667,66,ok,1.8708994255124467,0.12915480542920488,-0.014244940651572372,0.09545930321460157,15.000000000001679,0.2574642079998739,
668,66,ok,1.9964216141807911,0.0037500760594542416,-0.026182107165031217,0.13393548106099423,15.000000000001679,0.27455291702062823,
669,66,ok,1.4250284972813383,0.5753828034081114,0.0342353799245348,0.09741954130205412,15.000000000001679,0.22750087498570792,
670,66,ok,2.0333289444051235,-0.027167107609941482,-0.15817747620947145,0.09111357507626991,15.000000000001679,0.2527585000207182,
671,67,ok,1.8926473398712498,0.10864319583135133,0.06988127393425525,0.09289325546671125,15.000000000001679,0.21481108400621451,
672,67,ok,1.5507960057795307,0.4492505652767803,-0.012018412846967792,0.081305086102108,15.000000000001679,0.22547987499274313,
673,67,ok,1.670041154422412,0.4146905538763205,0.5251965512982508,0.09010411490789087,15.000000000001679,0.28868295799475163,
674,67,ok,2.032988321590827,-0.03257886480232221,-0.040800417688919406,0.07992634691967515,15.000000000001679,0.2585026670130901,
675,67,ok,2.08370054535358,-0.08235842168588914,-0.07477543942137208,0.08712786637657287,15.000000000001679,0.20790750000742264,
676,67,ok,1.7303106439058815,0.2845047128872882,-0.2259443389599756,0.09554387233399339,15.000000000001679,0.27546879200963303,
677,67,ok,1.9897104362729685,0.011203011062888337,-0.060283969745231536,0.11927992148449959,15.000000000001679,0.23184954101452604,
678,67,ok,1.9043267389379508,0.09592776943454728,0.03113309209751009,0.0761908939758505,15.000000000001679,0.32119416698697023,
679,67,ok,1.952953726427605,0.04779173785028007,0.05395515509975607,0.14312458080715118,15.000000000001679,0.2278632500092499,
680,67,ok,1.5965076344342468,0.4265292193506209,0.27023384179163906,0.09851838713656394,15.000000000001679,0.2108048329828307,
681,68,ok,1.8104707082338014,0.1905993134275832,0.06223616957902634,0.09929001089011606,15.000000000001679,0.2806370420148596,
682,68,ok,1.9467389991643735,0.05362971738449526,-0.03788738337160848,0.08015199990292855,15.000000000001679,0.27082212502136827,
683,68,ok,1.9155788090687884,0.08785555168763286,-0.11465505894460394,0.09509158696597393,15.000000000001679,0.25674491698737256,
684,68,ok,1.4854847549733021,0.5153680028437054,-0.05032683456967069,0.10076464275850097,15.000000000001679,0.22471662500174716,
685,68,ok,1.9796677490687844,0.035141895928907145,-0.2416961471956434,0.07557908664400977,15.000000000001679,0.2882875830109697,
686,68,ok,2.0304297218684666,-0.03025541904265566,0.02660430218573697,0.08029332490710084,15.000000000001679,0.23742816600133665,
687,68,ok,1.907058979573696,0.09346404282459153,-0.044660895310274104,0.10188045641399845,15.000000000001679,0.2773821669979952,
688,68,ok,1.6011771882844075,0.4390042330715548,-0.35645561282414273,0.08546810312716967,15.000000000001679,0.2716399159980938,
689,68,ok,1.9803252717193542,0.020309854289562737,0.05015086028496582,0.13977916571417068,15.000000000001679,0.2345668329799082,
690,68,ok,1.9403996186287702,0.06206838812177201,0.09783530884977452,0.15512703947671874,15.000000000001679,0.27327091700863093,
691,69,ok,2.0421782183892327,-0.042038498105432726,0.023888238083413383,0.11241375221231625,15.000000000001679,0.20714650000445545,
692,69,ok,1.9157639534857984,0.08570289552248987,0.07495412773527954,0.08653829542609283,15.000000000001679,0.2969992089783773,
693,69,ok,1.7899104407733832,0.22386680899086062,0.22165349937517076,0.09913143672316502,15.000000000001679,0.2767363330058288,
694,69,ok,1.9686604995347943,0.03134879302091024,0.006048775773526699,0.08346575798269752,15.000000000001679,0.25385195799754,
695,69,ok,1.8598973764824624,0.14010645729604512,0.003776354654767364,0.0992820818898581,15.000000000001679,0.21842624997952953,
696,69,ok,1.5005999330301447,0.5024956061666974,0.09633664650603119,0.09886203363809412,15.000000000001679,0.25374037501751445,
697,69,ok,1.9391205923216441,0.0617881408749208,0.05935874588254318,0.07497827199134897,15.000000000001679,0.29591591699863784,
698,69,ok,1.5742520819626973,0.4465671103781624,0.2551781240722537,0.0941957829808654,15.000000000001679,0.2746013749856502,
699,69,ok,1.9540541551299422,0.045950092529573265,-0.004074346009949341,0.08266082985253094,15.000000000001679,0.2722085830173455,
700,69,ok,1.9549356292816578,0.047956871982721534,0.10630588410520754,0.07291129468552934,15.000000000001679,0.25892337498953566,
701,70,ok,2.111418937448539,-0.10987420068804511,0.08075138814471805,0.15436843711262532,15.000000000001679,0.2364833329920657,
702,70,ok,1.795097136057738,0.20547667300881203,0.04538454326277719,0.09381524340873622,15.000000000001679,0.26938449998851866,
703,70,ok,1.953547364037164,0.04655774505738334,-0.020264751201435425,0.09181168188701883,15.000000000001679,0.2596121660026256,
704,70,ok,1.6190261665037264,0.38393748596341704,0.09791669188402506,0.08023240842089456,15.000000000001679,0.2974377920036204,
705,70,ok,2.025057361357244,-0.0147630781337952,0.20392904593509548,0.07708939771614942,15.000000000001679,0.2795662090065889,
706,70,ok,1.9184958584746796,0.08588720058835177,-0.12960922078695236,0.08021469653330107,15.000000000001679,0.24834383398410864,
707,70,ok,1.970825035494181,0.029188550101803067,-0.007317751075751685,0.11183482336342215,15.000000000001679,0.26782529198681004,
708,70,ok,1.4870315006614179,0.5498669813265641,0.32920648856366286,0.09384571609534696,15.000000000001679,0.253628459002357,
709,70,ok,1.3327756105105824,0.6723185190724814,-0.11641612076497969,0.09984588377180406,15.000000000001679,0.2354899580241181,
710,70,ok,1.9002601667040162,0.10401872840765626,-0.12745084908722634,0.08200866515962124,15.000000000001679,0.27259545802371576,
711,71,ok,2.0724934669873183,-0.058913707352463776,0.23686180861685355,0.0917620287017899,15.000000000001679,0.2647902920143679,
712,71,ok,2.061157419512437,-0.05719498763305328,0.12774463146689055,0.07488838302916813,15.000000000001679,0.22173458299948834,
713,71,ok,1.7259710043230991,0.2745442921521075,-0.04217236084469709,0.093562802868524,15.000000000001679,0.25101404200540856,
714,71,ok,1.5030991388525043,0.5051077468516747,0.1568571729193907,0.09872418953645937,15.000000000001679,0.23084741699858569,
715,71,ok,1.9759443471641136,0.024056617989640573,0.0019529923906871033,0.09117155503126767,15.000000000001679,0.2439098750182893,
716,71,ok,2.0010996535722483,-0.0010151515732621666,0.018389853213306693,0.11655823549526399,15.000000000001679,0.27376520898542367,
717,71,ok,1.232243513970628,0.7746472714841575,0.13013365606737326,0.10223158702028905,15.000000000001679,0.2455477079784032,
718,71,ok,1.9616137406790983,0.03865269568317124,-0.03232985416226869,0.10057747821794316,15.000000000001679,0.2093928750255145,
719,71,ok,1.8024678879372218,0.20239142034577573,0.1322644373911285,0.09868822913416528,15.000000000001679,0.23184491699794307,
720,71,ok,1.5645639634299573,0.4432624544053353,-0.1562965444261522,0.10336378985125988,15.000000000001679,0.22229258398874663,
721,72,ok,1.9236621380573447,0.08069798236798154,0.1294441443597114,0.09976085215215649,15.000000000001679,0.21042670900351368,
722,72,ok,1.7723851784151765,0.23706504578141668,-0.1827828434512353,0.09844389016869445,15.000000000001679,0.22766962501918897,
723,72,ok,1.8318856522496527,0.17235128602569663,-0.12451996316338385,0.09345525940559471,15.000000000001679,0.31838608399266377,
724,72,ok,1.6659197162774046,0.3404792363164692,0.14587438426611993,0.0947667262337522,15.000000000001679,0.23170112501247786,
725,72,ok,1.9682810303155873,0.038580426613351704,-0.16420557675039302,0.10625137254334448,15.000000000001679,0.2246158329944592,
726,72,ok,1.9799107272798269,0.020335828614844155,0.03124510412299811,0.111695527327926,15.000000000001679,0.2558550829999149,
727,72,ok,1.869020847560643,0.13381395222851813,0.1029007469329556,0.09329560740305907,15.000000000001679,0.22077891600201838,
728,72,ok,1.526611662558812,0.47362500819590897,-0.02688033957450578,0.09902362571293831,15.000000000001679,0.23188358399784192,
729,72,ok,1.9852202604051532,0.015537299177877748,-0.054838593790070306,0.08421414642528893,15.000000000001679,0.23625845898641273,
730,72,ok,1.8205726387978975,0.19308483671720594,0.22258105453576676,0.07498373553985697,15.000000000001679,0.3040388750087004,
731,73,ok,2.0406509292168757,-0.03874385647365023,-0.08820262243632776,0.08936853923247184,15.000000000001679,0.2336999170074705,
732,73,ok,1.7046570689028315,0.29647358815248503,0.06207645848728495,0.10430447187531945,15.000000000001679,0.24650174999260344,
733,73,ok,1.546867806027973,0.46185647904255267,0.1640564484024376,0.09673180718605259,15.000000000001679,0.23310066701378673,
734,73,ok,1.9488296334168527,0.05281833894631433,-0.08012814074889463,0.07914974878324371,15.000000000001679,0.2357579999952577,
735,73,ok,1.9295922381655461,0.07040999696546811,0.0029369674695104387,0.0786893877755241,15.000000000001679,0.22446041699731722,
736,73,ok,1.4776623596645422,0.5361984379466056,-0.20191838970095208,0.09898709330824468,15.000000000001679,0.20543733300291933,
737,73,ok,1.6519596539808226,0.34866040231197354,0.0452573915287363,0.09719121371000852,15.000000000001679,0.2439461250032764,
738,73,ok,1.9453292070285908,0.054681293918470514,0.006391829766934939,0.09302153955085028,15.000000000001679,0.253873207984725,
739,73,ok,1.9786667231231059,0.021523873245076312,-0.027463012499807007,0.08365420123790575,15.000000000001679,0.23534116699011065,
740,73,ok,1.9697890783170364,0.032052411653803195,0.08515458049610586,0.07496470040078226,15.000000000001679,0.30727958300849423,
741,74,ok,1.7709579368284163,0.23053428982252058,0.07268503643577377,0.07505298147987015,15.000000000001679,0.2763250840071123,
742,74,ok,2.0391474887003094,-0.03069910655184608,0.18542820530412987,0.07516171327979476,15.000000000001679,0.23467187499045394,
743,74,ok,2.0980630315780364,-0.09700000514390981,0.06677921009463617,0.15328457184452624,15.000000000001679,0.22584441700018942,
744,74,ok,2.0091597461926867,-0.00894105242766744,0.029643440958766844,0.11024091440008259,15.000000000001679,0.2317470419802703,
745,74,ok,2.1235574624161546,-0.12256886809060144,-0.06478963185511276,0.12805519342569616,15.000000000001679,0.26617325001279823,
746,74,ok,1.9833683872942642,0.022034117602589928,0.1462912430396508,0.07929559035973716,15.000000000001679,0.2727732910134364,
747,74,ok,1.76014792827576,0.28548686514897226,0.3982027622163745,0.10674823389771057,15.000000000001679,0.23159050001413561,
748,74,ok,1.5633125094072027,0.5286922497838246,0.5283933253012016,0.10584996874257598,15.000000000001679,0.2710403329983819,
749,74,ok,1.6861294327971308,0.31815174887763153,0.12007882553308455,0.10486432086690986,15.000000000001679,0.21203254201100208,
750,74,ok,1.9580315953466652,0.0419890521560295,-0.008992024186096076,0.06103745415973828,15.000000000001679,0.2676777909800876,
751,75,ok,1.2093346292623064,0.8101072994791191,0.215975940280684,0.09794110303384997,15.000000000001679,0.2041430830140598,
752,75,ok,1.9400022080595476,0.0618766493787225,-0.0853606762653165,0.07287856327477366,15.000000000001679,0.24544158397475258,
753,75,ok,1.547224983367441,0.506685006579077,0.4048647670280116,0.10371668801072173,15.000000000001679,0.23766966600669548,
754,75,ok,2.0296363503351604,-0.029635199361619322,-0.0021615073788802328,0.11232855562876658,15.000000000001679,0.2269268749805633,
755,75,ok,1.765721408400743,0.26066328385000226,0.304105047536614,0.10845557838233826,15.000000000001679,0.21675858300295658,
756,75,ok,2.079859936231583,-0.07799742819200164,-0.08800024300347652,0.10627812627197677,15.000000000001679,0.2514390000142157,
757,75,ok,2.014145800578852,-0.013947385923322243,0.028270704307502604,0.15394925381426214,15.000000000001679,0.21336308401077986,
758,75,ok,1.9320311450264676,0.06862512001601005,0.050352937542030324,0.06222825380006673,15.000000000001679,0.2441732500155922,
759,75,ok,1.8793967038337935,0.12497261354334604,0.12807915684785404,0.07520057625597999,15.000000000001679,0.2972230830055196,
760,75,ok,1.959529215276047,0.040472686532939985,0.0027300726963325325,0.11811168717327096,15.000000000001679,0.2536895000084769,
761,76,ok,1.9196600222264522,0.08178042296448201,-0.07435223743870145,0.08316158477340603,15.000000000001679,0.2752583339752164,
762,76,ok,2.0031453000875423,0.001590289052797323,-0.13765798362146403,0.09737396193389218,15.000000000001679,0.2142039169848431,
763,76,ok,1.9952725304919683,0.009651726547708185,0.1400936162046776,0.12863276115594577,15.000000000001679,0.23649374998058192,
764,76,ok,1.9582996104175547,0.04192505039678501,0.0296623650087637,0.07626299492408603,15.000000000001679,0.22876875000656582,
765,76,ok,2.010600302015897,-0.010554250535533197,-0.013608090237639203,0.10836877349775621,15.000000000001679,0.2412179590028245,
766,76,ok,1.2396632920392574,0.8203185118469638,0.38094181201155525,0.09878734531540007,15.000000000001679,0.21831937500974163,
767,76,ok,1.7463500670728924,0.2566292151976184,0.10196501097446933,0.09714724465578106,15.000000000001679,0.2337322499952279,
768,76,ok,1.7082697697393905,0.3056932954916338,-0.21796879883017697,0.08674140954909712,15.000000000001679,0.2468498750240542,
769,76,ok,1.4406002794262949,0.566173299232641,0.13953550533720366,0.10308855727301598,15.000000000001679,0.259168624994345,
770,76,ok,1.9849446658238787,0.01873773138009307,0.12085176591912006,0.07503587982475302,15.000000000001679,0.37306016698130406,
771,77,ok,2.211265270273126,-0.20869726643070613,0.10653863514052642,0.13662958254576005,15.000000000001679,0.27577845798805356,
772,77,ok,1.793582133466146,0.20670804452672514,0.03226192684589213,0.07500184122425425,15.000000000001679,0.23334850001265295,
773,77,ok,2.062174828091598,-0.060500307996658564,-0.08308731768619822,0.08442414987980801,15.000000000001679,0.2448336250090506,
774,77,ok,1.9555155489848217,0.044572878136465856,-0.01859659651397742,0.07610537973071894,15.000000000001679,0.25970141700236127,
775,77,ok,1.2749460750037924,0.7476940836157049,0.23920155926846906,0.09848009286999147,15.000000000001679,0.29685145799885504,
776,77,ok,1.7216669148703603,0.27920164467424974,0.054680765058812114,0.09561472957274174,15.000000000001679,0.23033420799765736,
777,77,ok,1.9764052573056279,0.0236719555558421,-0.017470027156681917,0.0790400550152791,15.000000000001679,0.26489033302641474,
778,77,ok,1.5202171335033148,0.4827680104249335,0.09522196599062842,0.10225356930828919,15.000000000001679,0.247831667016726,
779,77,ok,1.948774544915883,0.05127496580706323,0.013891293022785908,0.09655635247867231,15.000000000001679,0.20451024998328649,
780,77,ok,1.703618930031141,0.2999373048616283,0.11001950444946348,0.10457691396485884,15.000000000001679,0.24576633298420347,
781,78,ok,2.026066560024762,-0.021559906329815023,-0.135060174627319,0.09385485762488102,15.000000000001679,0.23495579202426597,
782,78,ok,1.9504059793263797,0.05399817032851399,0.13099756908936555,0.07501093929754658,15.000000000001679,0.29204087500693277,
783,78,ok,1.8547506395690851,0.1452670164556178,-0.008092881716990288,0.07503815285469792,15.000000000001679,0.26524320800672285,
784,78,ok,1.6636970303907082,0.39785852905258334,0.4483642670879439,0.10317953575597494,15.000000000001679,0.2505692499980796,
785,78,ok,1.8973987647661477,0.10481961490001551,-0.09172448129249466,0.08888412498976923,15.000000000001679,0.25796425002045,
786,78,ok,1.4692610732201632,0.5916706183434187,0.4187319596625717,0.09892581526039786,15.000000000001679,0.20677595798042603,
787,78,ok,1.3293012180514876,0.6736260395606742,0.08816941295974735,0.10059428867821946,15.000000000001679,0.2396796670218464,
788,78,ok,1.9721500892704265,0.028210504880939853,-0.03771155721357335,0.09026638490667045,15.000000000001679,0.23776495800120756,
789,78,ok,1.998036352966,0.0020060252562964847,0.013013249460876184,0.09764871845379659,15.000000000001679,0.23811112498515286,
790,78,ok,1.6271870447843462,0.3733235674678699,0.040761042167194526,0.10363258061126433,15.000000000001679,0.21061599999666214,
791,79,ok,1.7342265528973335,0.27561752278394924,-0.18451777433191685,0.09949191929952082,15.000000000001679,0.21136766599374823,
792,79,ok,1.9908244399109492,0.010507659115902438,0.07281604294561686,0.08228960701233141,15.000000000001679,0.2582012499915436,
793,79,ok,1.4857147633444505,0.5162143865901491,0.07568759117325018,0.09820324543405201,15.000000000001679,0.21583849997841753,
794,79,ok,1.8279321217579008,0.18352907540268384,0.20437519870794538,0.07837292798682265,15.000000000001679,0.25774025000282563,
795,79,ok,1.660175767280629,0.3519613734260921,0.2003802974002484,0.107186655669489,15.000000000001679,0.24256049998803064,
796,79,ok,2.024305561057083,-0.02366425816555107,-0.05095070902253977,0.09695967585068721,15.000000000001679,0.25010804101475514,
797,79,ok,2.0172700324090895,-0.015431162556496267,0.08611395155222364,0.08101159586821398,15.000000000001679,0.2266155420220457,
798,79,ok,1.496666686905252,0.6146316363627016,0.5663617825426234,0.10306351406511315,15.000000000001679,0.2652794999885373,
799,79,ok,2.0060108175966853,-0.006010463534275803,0.0011918497897681836,0.08926571222760066,15.000000000001679,0.24428270899807103,
800,79,ok,1.957767956251399,0.04384544872203536,0.07946535118707616,0.1512038984947772,15.000000000001679,0.21666662499774247,
801,80,ok,1.935155706211047,0.06548910231343821,-0.04995191701134978,0.10805121826675952,15.000000000001679,0.2390048750094138,
802,80,ok,1.8901588206779956,0.10995679406077369,-0.020905670757071653,0.077686217995724,15.000000000001679,0.2143158339895308,
803,80,ok,1.7164092233952983,0.3057582677895685,0.27496467953729553,0.09079655968605796,15.000000000001679,0.20863995898980647,
804,80,ok,1.832670347489863,0.1795239896111829,-0.21106325631769865,0.07700493108294958,15.000000000001679,0.2951604160189163,
805,80,ok,1.9859371080413695,0.01451567342571227,0.042405023565208276,0.11118404086946483,15.000000000001679,0.21804450001218356,
806,80,ok,1.9495677427984759,0.05086053884892168,0.04086251025118139,0.07503522108232362,15.000000000001679,0.2926477910077665,
807,80,ok,1.5918366985797139,0.5226808848901086,0.592850999051271,0.09766727143944172,15.000000000001679,0.23979125000187196,
808,80,ok,1.814033104816145,0.1867138702881901,0.05205302261799197,0.09839046089584266,15.000000000001679,0.2328211250132881,
809,80,ok,2.037486461414292,-0.033002070828393744,0.13510610812985474,0.09726410202660857,15.000000000001679,0.2860000000218861,
810,80,ok,2.2043337490810186,-0.19750112920996218,-0.1734245209263084,0.09861424928139383,15.000000000001679,0.20155654201516882,
811,81,ok,2.1715628134018106,-0.17064497259189573,0.0631304642079823,0.07596606231743969,15.000000000001679,0.25054125001770444,
812,81,ok,1.97589398601462,0.02521407548370512,-0.06616340605702352,0.08326037901071665,15.000000000001679,0.2677065000170842,
813,81,ok,1.8912043126200269,0.11959785381768981,-0.20184528903482063,0.08405869682826025,15.000000000001679,0.2036003340035677,
814,81,ok,1.9603283769455047,0.04650053915692359,-0.16348456178981038,0.09716096114078845,15.000000000001679,0.2589463330223225,
815,81,ok,2.229453237850951,-0.22488087833362239,0.14271235752204,0.1540743448643052,15.000000000001679,0.21363837498938665,
816,81,ok,1.9985598368008124,0.0025504039174879195,-0.06660729977336706,0.09497746185116017,15.000000000001679,0.26624179200734943,
817,81,ok,1.9130283797053254,0.08701825894974002,-0.013358142322114502,0.08693591094945768,15.000000000001679,0.25348041698453017,
818,81,ok,1.9893222636209018,0.014517377184528646,-0.12353875114952975,0.07850931865177511,15.000000000001679,0.2581260000006296,
819,81,ok,1.6935955909130607,0.3067765614255101,0.03550229037878082,0.10079150189618696,15.000000000001679,0.20774720900226384,
820,81,ok,1.8417865038895098,0.1582718987623799,-0.01466720904650571,0.10007916278711568,15.000000000001679,0.27333429199643433,
821,82,ok,1.5434509459512533,0.47435177353326236,0.23374839386981175,0.0983194118045277,15.000000000001679,0.2248440420080442,
822,82,ok,1.2524945774398148,0.7476750878106307,0.020615063085738374,0.10142099598530924,15.000000000001679,0.22482570799184032,
823,82,ok,1.8542975241121151,0.14677539796600644,0.06307045539923294,0.08646219784760614,15.000000000001679,0.2664469160081353,
824,82,ok,2.0027947385850733,-0.0024987194901709368,0.03443317214949928,0.07869578340709742,15.000000000001679,0.19901091701467521,
825,82,ok,2.0204985476089923,-0.018440237696485662,-0.09117778094361643,0.08445635620365888,15.000000000001679,0.24168237499543466,
826,82,ok,1.9556721519507676,0.04946687201243223,0.14168303546572172,0.11640701747478358,15.000000000001679,0.265337292017648,
827,82,ok,1.7532004396460643,0.260719543286124,-0.22048871732658729,0.08915080235559385,15.000000000001679,0.2730968749965541,
828,82,ok,1.347082815902023,0.6543239247192194,-0.06154683838702199,0.09876297721305252,15.000000000001679,0.2278689169907011,
829,82,ok,2.0277472762729265,-0.026932703604795587,0.0574702661349883,0.15690328868406134,15.000000000001679,0.23586458299541846,
830,82,ok,1.4523842973902938,0.5945686723503928,0.3663098832504526,0.11073165733905566,15.000000000001679,0.21232312498614192,
831,83,ok,1.9365460073506024,0.06349567870527023,-0.012706383922966292,0.0759311935667075,15.000000000001679,0.28567687500617467,
832,83,ok,2.01680598273491,-0.016747902547111893,-0.015305867082662258,0.09165901894496621,15.000000000001679,0.2201282499881927,
833,83,ok,1.9126007165774142,0.087408628758687,-0.0059789385105287664,0.07980288347734515,15.000000000001679,0.25199566601077095,
834,83,ok,1.6086110335830461,0.39191954994876865,-0.0413125105524354,0.10706492960323355,15.000000000001679,0.2373880409868434,
835,83,ok,2.0078751424184667,-0.0075916042422374186,-0.03374223048431532,0.07630857825568431,15.000000000001679,0.25157720799325034,
836,83,ok,1.4916456541581222,0.5346631401108344,-0.2789169134688184,0.09959695657936203,15.000000000001679,0.24753741701715626,
837,83,ok,1.9363884965680167,0.06372340065473331,0.020816831384090875,0.07459168201554772,15.000000000001679,0.2588571249798406,
838,83,ok,1.8276044231526667,0.19088441417876134,0.2593043089998086,0.08960182831541921,15.000000000001679,0.2527883749862667,
839,83,ok,1.7669055372285936,0.2470318528814931,0.22149007354049477,0.10427811371711658,15.000000000001679,0.25284949998604134,
840,83,ok,1.9318648068760313,0.06926514014381574,-0.06606461217843632,-5.8481114673556103e-05,15.000000000001679,0.23141616600332782,
841,84,ok,1.5233259021778605,0.4870048606503886,0.17710875910141274,0.10366412162040929,15.000000000001679,0.2800804580037948,
842,84,ok,1.9890278005006288,0.011290962562321538,-0.03560836387805753,0.07646416166356262,15.000000000001679,0.313057082996238,
843,84,ok,1.8713436997911181,0.12866769727759578,-0.006531120545089047,0.0751888179940108,15.000000000001679,0.22685608299798332,
844,84,ok,1.9843080092921677,0.029735201755964256,-0.23565844042052578,0.09289326426692114,15.000000000001679,0.2275130419875495,
845,84,ok,2.2315471550652366,-0.22824995593962316,0.12126351114336938,0.07986997671923117,15.000000000001679,0.22627220800495706,
846,84,ok,1.8256766525629589,0.17434695449016352,0.009284241172502082,0.09849993493161871,15.000000000001679,0.2657819160085637,
847,84,ok,1.777297210584159,0.22272832963185726,-0.009528087796780391,0.10298941446983442,15.000000000001679,0.2402915410057176,
848,84,ok,1.9439017491945798,0.05642119674578006,-0.03543227430806179,0.11433390810165035,15.000000000001679,0.25920583299011923,
849,84,ok,1.5478397310249141,0.4579261619506458,0.13347700529684,0.0970876117773943,15.000000000001679,0.22609204199397936,
850,84,ok,1.6021955329357116,0.4538547317210423,0.42007777272516844,0.10645105167552432,15.000000000001679,0.23326912499032915,
851,85,ok,1.9201420909716473,0.07993362200497998,0.017051498880007,0.10447790555578906,15.000000000001679,0.2389420830004383,
852,85,ok,1.9134225046207631,0.08670239046760851,-0.02186180566263356,0.12774157054126994,15.000000000001679,0.22602241599815898,
853,85,ok,2.045637066851459,-0.04563211211384046,-0.004502351086991409,0.07591811514118754,15.000000000001679,0.26581958300084807,
854,85,ok,1.838476228777188,0.16826077632191774,0.15724585914423414,0.1041763189455992,15.000000000001679,0.2437432919978164,
855,85,ok,1.7531017287836017,0.26129777300543006,0.22423255184779994,0.09850872762947487,15.000000000001679,0.25765387498540804,
856,85,ok,1.9196464061855483,0.0869968132666274,-0.15956544841867332,0.09676771283053417,15.000000000001679,0.2404754160088487,
857,85,ok,2.126678136595327,-0.10937423935554222,-0.27074012450281604,0.07386105900058057,15.000000000001679,0.2506371249910444,
858,85,ok,1.7128343701040356,0.29274035507811796,0.138079992145486,0.09902665430409445,15.000000000001679,0.20138866599882022,
859,85,ok,1.9399585350025488,0.060202777978500197,0.02501709349439995,0.10718954109773614,15.000000000001679,0.2831427920027636,
860,85,ok,1.697932147630244,0.30641940021701114,-0.1214838672208941,0.09782852821217045,15.000000000001679,0.23395300001720898,
861,86,ok,1.9241961047331193,0.07937544435575163,0.11718347036354139,0.07704189410439446,15.000000000001679,0.263014291995205,
862,86,ok,1.8079803617748216,0.20040282962519063,0.17390518377091108,0.0981819610741819,15.000000000001679,0.19395479201921262,
863,86,ok,1.5594778892777275,0.45496395263313827,0.21174253111526992,0.09504147339113639,15.000000000001679,0.23194566598976962,
864,86,ok,1.9424759235149025,0.05763855469409114,0.02108860413148175,0.08395361418919312,15.000000000001679,0.2825840000004973,
865,86,ok,2.016482800375887,-0.0164517668548609,-0.011187321381243166,0.1137556294960153,15.000000000001679,0.23840320901945233,
866,86,ok,2.0049984153052223,0.008239610689758852,-0.23001999250319363,0.09659870601405751,15.000000000001679,0.25987837501452304,
867,86,ok,1.4656167300297225,0.5409212858783824,0.1382812544787716,0.10310742996186449,15.000000000001679,0.3312008749926463,
868,86,ok,1.8392935704739675,0.16350437103354856,0.10141322977794473,0.07738004702974963,15.000000000001679,0.2639388340176083,
869,86,ok,1.9958322807035058,0.004230142402186709,-0.015785062627726013,0.08267366387446189,15.000000000001679,0.2516498750192113,
870,86,ok,2.000467495185666,0.0002316615495990037,0.052884703135548126,0.10347697821458715,15.000000000001679,0.24885079098748975,
871,87,ok,1.7019162310033755,0.3082023617230603,0.18530949374844224,0.09647587546110539,15.000000000001679,0.299320791993523,
872,87,ok,1.2778345137090028,0.7566029376623414,0.2946604652748732,0.10289007484094163,15.000000000001679,0.26213975000428036,
873,87,ok,1.6796702895005633,0.3207580272809027,0.037929915493985174,0.09401940858833427,15.000000000001679,0.24608195800101385,
874,87,ok,1.7589091703803295,0.24247813531667517,-0.06984529195348627,0.08092947221792635,15.000000000001679,0.2586843330063857,
875,87,ok,1.9265763643598233,0.07343971744724966,-0.007871810476681016,0.07499361952294438,15.000000000001679,0.2287803340004757,
876,87,ok,2.0507089837243617,-0.049996940327089186,0.05403591932573518,0.11283993693667611,15.000000000001679,0.24724933298421092,
877,87,ok,1.6478153145364847,0.3537249585008863,0.07123060127547663,0.09848812827650542,15.000000000001679,0.22805416700430214,
878,87,ok,1.4928067284593693,0.7670044025751493,0.8415425035400772,0.09752514721328677,15.000000000001679,0.2267838749976363,
879,87,ok,1.8303314666454136,0.1704773491302806,0.054407239839800114,0.09717308354420465,15.000000000001679,0.25781670899596065,
880,87,ok,1.791293314215503,0.21240272655829256,-0.11501184955009901,0.08972170424633333,15.000000000001679,0.24004308399162255,
881,88,ok,2.047009444375791,-0.04485830802690076,0.09381985641134041,0.07448323557337143,15.000000000001679,0.25244091701461,
882,88,ok,1.9413895027565264,0.06258798866407682,-0.12420909686704015,0.10252181750232453,15.000000000001679,0.2354691670043394,
883,88,ok,1.796062794709208,0.20460421510448476,0.048944234778653097,0.07297479934680616,15.000000000001679,0.26979354201466776,
884,88,ok,1.8991537358988357,0.10774063275904987,-0.16167683713934797,0.10827505088614534,15.000000000001679,0.2528112500149291,
885,88,ok,1.3728434845040545,0.6284403759703266,-0.0593584928785733,0.09949306398960925,15.000000000001679,0.23665312500088476,
886,88,ok,1.8970579892213193,0.10316952284721229,-0.029379506680051473,0.09059037287481028,15.000000000001679,0.210909499990521,
887,88,ok,1.9280399712433167,0.07484434650609385,0.10542220132581787,0.07535446512578411,15.000000000001679,0.2970480419753585,
888,88,ok,1.9986493574619575,0.001511682553877105,-0.02537122611266739,0.10673476696382224,15.000000000001679,0.22468391701113433,
889,88,ok,1.9118231766402674,0.08975107778404408,0.07756876891933424,0.11775935596028671,15.000000000001679,0.22539779200451449,
890,88,ok,1.9339703594428181,0.06769518094022034,-0.08024610546148622,0.1004842135146839,15.000000000001679,0.23222849998273887,
891,89,ok,2.0234335742737186,-0.01935195347127132,0.12845667561430207,0.14445106398423052,15.000000000001679,0.26811641702079214,
892,89,ok,1.9783225566648603,0.021932497657684687,0.03176624602033164,0.10481143025954229,15.000000000001679,0.22299508299329318,
893,89,ok,1.3154695485374475,0.701339072374803,0.2096185301660585,0.09793125793065315,15.000000000001679,0.24311800001305528,
894,89,ok,2.060387321779923,-0.06025727423427295,0.02314907592557868,0.15298771190039195,15.000000000001679,0.20101874999818392,
895,89,ok,1.899764186546921,0.10088194797832961,-0.049543808611174446,0.10286674369139505,15.000000000001679,0.23695845800102688,
896,89,ok,1.9290969395991193,0.07282360872924847,-0.08605904542424184,0.0847188729075914,15.000000000001679,0.2818722909723874,
897,89,ok,1.5479701123555754,0.4520778545393446,0.012186071500465084,0.09658131386462071,15.000000000001679,0.24532329197973013,
898,89,ok,1.7274898455488341,0.3628841464962914,0.5514280086114214,0.09476979699779181,15.000000000001679,0.25078937501530163,
899,89,ok,1.9381203740562778,0.061912826035498275,0.011344181166450387,0.08922841126158973,15.000000000001679,0.24716033300501294,
900,89,ok,1.9860170164730895,0.014091619858354483,-0.020772467447506642,0.10917065339114426,15.000000000001679,0.27116987502085976,
901,90,ok,2.0543437759402177,-0.0529846198573331,0.07471613194989928,0.07532304640256068,15.000000000001679,0.26916875000461005,
902,90,ok,1.931180583990196,0.0824113000228672,0.22871822336824113,0.07464314084233811,15.000000000001679,0.26834270800463855,
903,90,ok,1.1808534165612712,0.8504340715880442,0.2700240130780695,0.10041358932784224,15.000000000001679,0.2680977499985602,
904,90,ok,1.8419563299011439,0.1665795570195681,-0.17712312250050247,0.09890946593492386,15.000000000001679,0.26168358299764805,
905,90,ok,1.1784587960016126,0.8567772451112343,0.2860189968832697,0.09773436663863791,15.000000000001679,0.2215616249886807,
906,90,ok,1.895303613269916,0.104848307420185,-0.023996845331444052,0.075134160497036,15.000000000001679,0.2662435839883983,
907,90,ok,1.8231665932634256,0.17712595487983243,-0.03265949201997459,0.07504744483277773,15.000000000001679,0.26476670798729174,
908,90,ok,1.9842734983944668,0.016901041392737858,0.06826299730753346,0.13552411547400625,15.000000000001679,0.2780406250094529,
909,90,ok,1.3245211284313005,0.7555803428358678,0.45362532614970813,0.10304312354137178,15.000000000001679,0.24483404200873338,
910,90,ok,1.7800510360710484,0.22059975908126964,0.04812975832036979,0.0834039917648471,15.000000000001679,0.2576260829810053,
911,91,ok,1.8660194664093028,0.13398272684249246,-0.0028609956797245265,0.0888884137293085,15.000000000001679,0.22556504100793973,
912,91,ok,1.818164425333058,0.18202974326602395,-0.026571096652003662,0.0813272790900432,15.000000000001679,0.2719572499918286,
913,91,ok,1.8272748333468083,0.17770300249517415,-0.13478490074004282,0.09612139161049583,15.000000000001679,0.25789283399353735,
914,91,ok,1.7824750830303884,0.24892800248983338,0.3331130155967267,0.10484069772882051,15.000000000001679,0.2113175829872489,
915,91,ok,1.7459797649844464,0.2660634928381454,0.20471816936092768,0.09376202578678972,15.000000000001679,0.2190133749973029,
916,91,ok,2.010155854715137,-0.010101194360330495,0.014823922447003465,0.12379924088262856,15.000000000001679,0.23171237501082942,
917,91,ok,1.9918140647080325,0.008283348653075747,-0.019698962310971395,0.09760350797767098,15.000000000001679,0.21789779199752957,
918,91,ok,1.868582958089338,0.13362229621980112,-0.09075537501466659,0.10723542012842215,15.000000000001679,0.24386679200688377,
919,91,ok,1.8863166995269594,0.11380412684559209,0.021349918256558437,0.09930071762520426,15.000000000001679,0.21675483300350606,
920,91,ok,1.2380739089487824,0.8734461530539442,0.5135206266069172,0.10043299097905387,15.000000000001679,0.26781287498306483,
921,92,ok,1.866562988728092,0.13374478618699734,0.033894952505218554,0.07675780046857165,15.000000000001679,0.27673729200614616,
922,92,ok,2.232033208301082,-0.23110007034770141,0.06453463452521091,0.10208228057701252,15.000000000001679,0.22302050000871532,
923,92,ok,1.8892344531628475,0.1760218571243052,0.4922504985566347,0.1009387254852325,15.000000000001679,0.24968454099143855,
924,92,ok,1.4787625185723154,0.5336337906105273,0.19107256813861756,0.09848663330720223,15.000000000001679,0.23635683301836252,
925,92,ok,1.5122554838435973,0.5311680225186552,-0.3597905923495993,0.09882735406498605,15.000000000001679,0.24321058398345485,
926,92,ok,1.18923903852622,0.84454583975035,0.2814519040911687,0.09838565034591165,15.000000000001679,0.2538817080203444,
927,92,ok,2.0511135142279637,-0.05068661595630981,0.04184556590901579,0.15183013238346701,15.000000000001679,0.2422437499917578,
928,92,ok,1.989662308084856,0.010341612446002164,0.003949816398351463,0.07702829335332506,15.000000000001679,0.2675392079981975,
929,92,ok,1.8843272746811295,0.11833738546713195,0.10017526229835344,0.07926384468302403,15.000000000001679,0.23578287501004525,
930,92,ok,1.9707440334552817,0.03164647580462284,-0.09703839027535234,0.08388685847362394,15.000000000001679,0.27520341699710116,
931,93,ok,1.7669651516660974,0.23555476268372091,0.09433372522217874,0.07963311003654684,15.000000000001679,0.2500172919826582,
932,93,ok,2.0447942790963176,-0.044201500828590874,0.049232792274720875,0.09949076770906576,15.000000000001679,0.25262433401076123,
933,93,ok,1.9110313852147045,0.08996159845390737,0.06159756403364786,0.08011929105525847,15.000000000001679,0.2576855829975102,
934,93,ok,1.5658472204403804,0.4486819085674866,-0.21281376119755385,0.09884904520566695,15.000000000001679,0.22309737498289905,
935,93,ok,1.930029998822571,0.07065897425699602,-0.05156551890544226,0.07305996800062074,15.000000000001679,0.24936849999357946,
936,93,ok,2.0007698004632255,-0.0007314590840729144,-0.012386406943587398,0.1092196296172285,15.000000000001679,0.2923345419985708,
937,93,ok,1.8975729210246466,0.11290248514839683,-0.19911293289716991,0.09082967695991015,15.000000000001679,0.220939749997342,
938,93,ok,1.7410225620229771,0.2694556602989422,0.19072453906532583,0.09245931406779252,15.000000000001679,0.23903816600795835,
939,93,ok,1.613805252294657,0.4381308011156746,0.4061182068194652,0.09988421888566376,15.000000000001679,0.2400978330115322,
940,93,ok,2.0815617585681334,-0.07070351548576065,0.21233536137010195,0.07523970415689846,15.000000000001679,0.2874860840092879,
941,94,ok,2.0886043165328867,-0.07623050216812753,-0.22701297959916691,0.09525120800064706,15.000000000001679,0.25010191698675044,
942,94,ok,2.0099929771171023,-0.00998303501220074,-0.00632194773902089,0.07476536238208793,15.000000000001679,0.23137674998724833,
943,94,ok,2.0123053714434396,-0.010546264797365566,0.08412267856815044,0.088123527192899,15.000000000001679,0.24061783400247805,
944,94,ok,1.9818866282151273,0.027918023673510654,-0.19689409779405231,0.07338103759457851,15.000000000001679,0.26027329100179486,
945,94,ok,2.1095244030582876,-0.09473613245535031,0.2493466311872423,0.14937534336223238,15.000000000001679,0.2245929159980733,
946,94,ok,1.8826717702165494,0.11740889774134654,-0.01742802532886751,0.07816226426597746,15.000000000001679,0.27440995900542475,
947,94,ok,1.917033357963518,0.08642071294260581,-0.11502698678917112,0.08056019022899927,15.000000000001679,0.24780708400066942,
948,94,ok,2.0663504452645594,-0.05663676483945367,0.20012341231287278,0.1023863068654904,15.000000000001679,0.21441570797469467,
949,94,ok,1.8567759246187536,0.14949850245760155,0.1525157101323283,0.0797210038620919,15.000000000001679,0.29363450000528246,
950,94,ok,1.891298888981018,0.1130573986148813,0.12829304945628975,0.0791145745134345,15.000000000001679,0.21693966700695455,
951,95,ok,1.9544052848383866,0.04952405171317228,0.12386925590644177,0.07504260701830742,15.000000000001679,0.29770979200839065,
952,95,ok,1.9699688441561674,0.03003155983554856,-0.0012616267371816006,0.08480195469044645,15.000000000001679,0.23704212499433197,
953,95,ok,1.730702439861039,0.29522236553164877,0.29843617803049066,0.10507585391541885,15.000000000001679,0.22859512499417178,
954,95,ok,1.9477149500563453,0.059330345830935015,-0.16551380625287251,0.11413936685936094,15.000000000001679,0.233100999990711,
955,95,ok,2.0905160770698776,-0.09042104585648011,-0.019932875555984837,0.1522189234271411,15.000000000001679,0.24264341598609462,
956,95,ok,1.9122737426177947,0.10413268225374397,-0.24995595653451586,0.09882620700384763,15.000000000001679,0.2844654590007849,
957,95,ok,1.99297917309197,0.009806840486832903,-0.10534311655419058,0.10726136665621287,15.000000000001679,0.21238154199090786,
958,95,ok,1.627694420351295,0.37977264271914496,0.15573193879687897,0.09105212295503162,15.000000000001679,0.30881416698684916,
959,95,ok,1.8930756160460975,0.10747193234911334,-0.045528026773766786,0.11391560290620341,15.000000000001679,0.2860049590235576,
960,95,ok,2.017579396963265,-0.015974659364151832,-0.08045368762364825,0.06968778572606832,15.000000000001679,0.24089329200796783,
961,96,ok,1.9774454794947922,0.023909213632371612,0.07318352551876878,0.15378271481322106,15.000000000001679,0.2655444999982137,
962,96,ok,2.0024099246333296,-0.0022570105110493936,-0.02474611342031247,0.08721612833523079,15.000000000001679,0.27171041700057685,
963,96,ok,1.852514120558951,0.15088963094842886,0.11224709321967292,0.08919964708192933,15.000000000001679,0.2731218330154661,
964,96,ok,1.583363892448793,0.46251139641514816,0.3783781306541049,0.09192234254815532,15.000000000001679,0.2691515829937998,
965,96,ok,1.9221573659574567,0.07786604371463668,0.009486495627176593,0.08986796850689147,15.000000000001679,0.24459133300115354,
966,96,ok,1.7657782247506275,0.23478058829185008,-0.04442035042873031,0.09895547747983348,15.000000000001679,0.21745179101708345,
967,96,ok,1.979523487228834,0.07904553427094249,-0.4779614807557142,0.09683694178321,15.000000000001679,0.23811037500854582,
968,96,ok,1.9505529940733168,0.04993536236859974,-0.04364506556182566,0.08385551589845736,15.000000000001679,0.2528221659886185,
969,96,ok,1.9841829707009038,0.02035843347597296,-0.1341690326035036,0.09718274053533739,15.000000000001679,0.22210441701463424,
970,96,ok,1.4255768780346705,0.5745941206433036,-0.022079725597047954,0.09718895719148575,15.000000000001679,0.26382724998984486,
971,97,ok,1.9177635775282191,0.08388434012320838,0.07948532738034449,0.09778004596090002,15.000000000001679,0.2547414999862667,
972,97,ok,1.830203307196102,0.1698018516473911,0.004345507821909161,0.084550331615461,15.000000000001679,0.23287812498165295,
973,97,ok,1.974305877571702,0.025937831370018097,0.03102019661544848,0.07631296516337077,15.000000000001679,0.2811980829865206,
974,97,ok,1.9159437093063543,0.08409383297472382,0.011994014553340154,0.09654860825648913,15.000000000001679,0.28116854099789634,
975,97,ok,1.8708786089017144,0.12964831973994134,0.04440001570258292,0.08203374057341672,15.000000000001679,0.29246170801343396,
976,97,ok,1.992709212092211,0.008814863760580523,0.07792148084042508,0.13912760722311207,15.000000000001679,0.2583176670013927,
977,97,ok,1.8951384372063385,0.10787296578879864,0.10679411305875501,0.09493227054872228,15.000000000001679,0.24267008301103488,
978,97,ok,2.0155053237001823,-0.015496461878112149,0.005976790157644074,0.07504814336493354,15.000000000001679,0.30618641700129956,
979,97,ok,2.033089288537085,-0.024796360532785548,0.1834441428266799,0.0749830871517575,15.000000000001679,0.25890658298158087,
980,97,ok,1.6854360777455173,0.3824373098898697,0.47348254004754203,0.09499892221443129,15.000000000001679,0.22275987500324845,
981,98,ok,2.1366056530133255,-0.13641367239751112,-0.02864152372828523,0.0875364811999291,15.000000000001679,0.2566082919947803,
982,98,ok,2.0137102767646287,-0.01111847591601046,0.10213498214001701,0.14412182172364055,15.000000000001679,0.27590062498347834,
983,98,ok,1.9585766929036297,0.04215623307580125,-0.05357654618751091,0.07471996080293065,15.000000000001679,0.2661965840088669,
984,98,ok,1.789479619882591,0.24496614336448883,0.3494187631456364,0.10548933241196545,15.000000000001679,0.23148066599969752,
985,98,ok,2.107645540519836,-0.10725430510037587,0.04060810398288856,0.07322225428574065,15.000000000001679,0.2344210830051452,
986,98,ok,1.8573078517704842,0.14419872672602815,0.0747936518896827,0.09675594312132202,15.000000000001679,0.256322083005216,
987,98,ok,2.1595121581970984,-0.15905327595449825,-0.044516435068830774,0.08536382433239284,15.000000000001679,0.22971466701710597,
988,98,ok,1.9958017072163714,0.0042613021274961384,-0.01585888842086818,0.09033408217146247,15.000000000001679,0.2628964169998653,
989,98,ok,1.7446457957136938,0.262946343335021,-0.16258396713173498,0.10134856478314364,15.000000000001679,0.21677724999608472,
990,98,ok,1.6704977872400533,0.3373157988228639,-0.16138185873840577,0.08500760883711599,15.000000000001679,0.25119720899965614,
991,99,ok,1.9578084807521807,0.04433585443047195,0.09160675214726174,0.07508898686029554,15.000000000001679,0.31019749998813495,
992,99,ok,1.9096961344825854,0.0903974446581528,0.01890520271291749,0.07507290678667201,15.000000000001679,0.23964420799165964,
993,99,ok,1.6074059740502176,0.4651582155043223,0.477508808273159,0.09825417772123386,15.000000000001679,0.24937279100413434,
994,99,ok,1.7235179691587055,0.2833590153023432,0.15381131190263114,0.09157895848279535,15.000000000001679,0.24757883299025707,
995,99,ok,1.812612331984279,0.18745095674800372,-0.015147008541585339,0.07768287078472495,15.000000000001679,0.2850487499963492,
996,99,ok,2.0021318981655303,-0.002131796864279723,0.0006368963178097594,0.07530105786795387,15.000000000001679,0.251887499995064,
997,99,ok,1.9557066436996289,0.0448190832505174,0.04534378666939348,0.10191207317801124,15.000000000001679,0.22422291699331254,
998,99,ok,1.8390549551874145,0.1619137519479956,0.059683104154256525,0.09060109665700435,15.000000000001679,0.2438040419947356,
999,99,ok,1.7786084414545034,0.23263459327318942,0.19966849305434425,0.10217144868902174,15.000000000001679,0.26133637499879114,
1000,99,ok,2.2084334074314147,-0.1841308646527858,-0.32672692134289033,0.09448844891094585,15.000000000001679,0.2507623749843333,
1001,100,ok,2.009486299075945,-0.009470545489646796,-0.007956945612376011,0.08702959922197569,15.000000000001679,0.2436349999916274,
1002,100,ok,1.99807631188137,0.002941427229704682,-0.06376523367893012,0.08343520150207709,15.000000000001679,0.2589710409811232,
1003,100,ok,2.122860159209162,-0.12023487416124189,0.10554304310569639,0.09226768650066386,15.000000000001679,0.2361221670289524,
1004,100,ok,1.5304317549095665,0.48280059827627597,0.20081666226872066,0.09922464851947005,15.000000000001679,0.2710991249768995,
1005,100,ok,1.9831609321681818,0.01684360778772129,0.004243454459488179,0.11051785124625305,15.000000000001679,0.22893162499531172,
1006,100,ok,1.9223590628103688,0.14647393807253922,0.5098092821093374,0.08700160394187302,15.000000000001679,0.2309662500047125,
1007,100,ok,2.002785992648241,-0.002346715656976171,0.04194475707073968,0.1535340598295182,15.000000000001679,0.19138504198053852,
1008,100,ok,2.0373205456196,-0.034858811977199436,0.10012302893182792,0.13406065763175046,15.000000000001679,0.26723033300368115,
1009,100,ok,1.4788516520817085,0.5540632019775825,0.31027243672211213,0.09819574305623735,15.000000000001679,0.271611666015815,
1010,100,ok,1.854916581850253,0.14509327546706285,-0.006047222959059617,0.08738737976509489,15.000000000001679,0.20406083299894817,
1011,101,ok,1.553051362079344,0.5007212877462975,0.4051319244880424,0.10307428095295242,15.000000000001679,0.2650844579911791,
1012,101,ok,1.662208363342333,0.3381035229543349,-0.03219848984664217,0.09220227071738474,15.000000000001679,0.24358899999060668,
1013,101,ok,1.8586701937785495,0.14162134416648145,0.03291900337488673,0.08889435135960633,15.000000000001679,0.259143666975433,
1014,101,ok,1.9411549590959114,0.05894290367072226,-0.019491639551415856,0.0827877780451518,15.000000000001679,0.211606708006002,
1015,101,ok,2.1102700295174732,-0.10454345064317543,0.1553591382397369,0.14294376854531776,15.000000000001679,0.235661834012717,
1016,101,ok,1.9084582865031174,0.0923189050206039,0.05445981252839059,0.07737620285610193,15.000000000001679,0.2731149169849232,
1017,101,ok,1.8424153038761057,0.25502284982634565,0.5912266040434196,0.0984818846750005,15.000000000001679,0.19965770799899474,
1018,101,ok,2.134607155581857,-0.12118528978905117,-0.23899932017435682,0.08783061306839066,15.000000000001679,0.2777485410042573,
1019,101,ok,1.9051266997002199,0.0956723669024783,0.05517252696625968,0.07499234802152091,15.000000000001679,0.2719036250200588,
1020,101,ok,1.7644343458361278,0.23566694946840827,0.018906283824491554,0.09360839984988371,15.000000000001679,0.24422179200337268,
1021,102,ok,1.9982384095302275,0.0020475207522582064,0.033802839964922136,0.0775078581377859,15.000000000001679,0.2546169579727575,
1022,102,ok,1.7132412656331708,0.30352015736307875,-0.23906438002127364,0.08475027351443543,15.000000000001679,0.2489332090190146,
1023,102,ok,1.8044145863109438,0.19587736904691008,-0.03245815420806833,0.09071762198515793,15.000000000001679,0.25629654197837226,
1024,102,ok,1.8604122071887004,0.14448189365992908,0.13485598874684404,0.10456611010178711,15.000000000001679,0.23815325001487508,
1025,102,ok,1.4333838777742067,0.5671203580948126,-0.038016744688149334,0.10054200447354285,15.000000000001679,0.20720462501049042,
1026,102,ok,1.9968186129115497,0.003200369701977314,-0.00870685429334902,0.09555354424324299,15.000000000001679,0.2549546249792911,
1027,102,ok,1.697266929933065,0.30464585060435284,0.08055643718147408,0.101687461804067,15.000000000001679,0.21783679199870676,
1028,102,ok,1.7642337034106637,0.23576772677040755,-0.0022464071869556226,0.10656511162556961,15.000000000001679,0.24621262500295416,
1029,102,ok,1.8056594025681985,0.19471811648691176,-0.036921526815403706,0.08276939426846586,15.000000000001679,0.27457058400614187,
1030,102,ok,1.96365622635922,0.04174493299647978,-0.145543353934049,0.07704612926407835,15.000000000001679,0.24746704200515524,
1031,103,ok,1.8054848692850203,0.20127956175773562,-0.15614223729248797,0.07389300221152001,15.000000000001679,0.24883870899793692,
1032,103,ok,1.5377387366121427,0.4827223416603349,0.2500178585237683,0.0972757572862651,15.000000000001679,0.2501981249952223,
1033,103,ok,1.964225465882263,0.03617620764044238,0.03972144739204688,0.09698983481419485,15.000000000001679,0.21776770800352097,
1034,103,ok,1.6781909907531933,0.33068294117710273,0.17235300568326975,0.09559863657119892,15.000000000001679,0.25117025000508875,
1035,103,ok,1.9114243756653881,0.08867469924767936,-0.019461207359002048,0.08308971374507483,15.000000000001679,0.27733308300958015,
1036,103,ok,1.3942887590606825,0.6567032091302568,0.3736239757858525,0.09835159041171987,15.000000000001679,0.2335160420043394,
1037,103,ok,1.7141349738798075,0.2870273781915405,0.06311501891452197,0.08769363057114829,15.000000000001679,0.2506720410019625,
1038,103,ok,1.9250917106307988,0.07713532075120293,0.09257169997810374,0.07594559644041647,15.000000000001679,0.25048541597789153,
1039,103,ok,1.8922458468570207,0.10975522550591044,-0.08700021520336519,0.08183199092222689,15.000000000001679,0.24675820898846723,
1040,103,ok,1.9733142659811231,0.02673584725074437,-0.014063278400894627,0.07503730925360887,15.000000000001679,0.23824320797575638,
1041,104,ok,1.9784853134947136,0.08486922639468646,0.49666714780040405,0.09661651451617956,15.000000000001679,0.2161683749873191,
1042,104,ok,1.8320419137042383,0.17519461361528862,-0.1626741386651002,0.09825340636013158,15.000000000001679,0.24695420800708234,
1043,104,ok,1.3022978468226059,0.7108498283725787,0.18458471451283562,0.0982888060841434,15.000000000001679,0.22252337500685826,
1044,104,ok,1.7361778890419968,0.263823622864046,0.002291260220466399,0.08693978219702132,15.000000000001679,0.23536062499624677,
1045,104,ok,1.9793499969035306,0.020664268037278957,0.007514680140011956,0.09666538818244069,15.000000000001679,0.22940141698927619,
1046,104,ok,1.6375017908632536,0.37076182710770733,0.16430182917711744,0.09974827710351243,15.000000000001679,0.22267658400232904,
1047,104,ok,1.6377949306988568,0.37087290918360843,0.1682770245487898,0.09935438278390656,15.000000000001679,0.2566216660197824,
1048,104,ok,1.2542140658323422,0.754600825223984,0.14843792776414247,0.09839342551053484,15.000000000001679,0.21408854197943583,
1049,104,ok,1.8658203809813059,0.13680522907192877,0.09894917721495847,0.0805009503723719,15.000000000001679,0.29464933299459517,
1050,104,ok,1.4710638020236686,0.533604137441023,0.11709775358325408,0.09940956378836494,15.000000000001679,0.20480691699776798,
1051,105,ok,2.021313119791307,-0.021251924928395192,-0.01572845236262734,0.09244109798650796,15.000000000001679,0.2559525420074351,
1052,105,ok,1.6087008797122877,0.40681185682529103,-0.22286781022527927,0.09787860217555892,15.000000000001679,0.20998137499555014,
1053,105,ok,1.9065815679650873,0.0934347024403288,0.007876639220740667,0.07953392352650042,15.000000000001679,0.2277663749991916,
1054,105,ok,1.9752184114503402,0.02485630624665339,0.017180278193076465,0.11361108398461028,15.000000000001679,0.2876824580016546,
1055,105,ok,2.1503106690681952,-0.15020457428596198,-0.021360295602688893,0.13873439347887928,15.000000000001679,0.23854950000531971,
1056,105,ok,2.0326570853859205,-0.0326106058454191,0.013745973021355423,0.10192515126978709,15.000000000001679,0.2599745420156978,
1057,105,ok,1.8288645748153745,0.17115728399863697,-0.008941652161559725,0.07583705580221171,15.000000000001679,0.4156652500096243,
1058,105,ok,2.1239092863617017,-0.1207884949193217,-0.11509481531029743,0.1063114558912682,15.000000000001679,0.4370636669918895,
1059,105,ok,1.491298845622244,0.5087707301440655,-0.014405265675206266,0.0991550010551189,15.000000000001679,0.24131233399384655,
1060,105,ok,1.6598439688414859,0.34024812433624413,0.017484625535014432,0.09720263700072272,15.000000000001679,0.29533237501163967,
1061,106,ok,1.7300036109387507,0.29317861429392217,0.2822645056635723,0.10151026307202454,15.000000000001679,0.2851007920107804,
1062,106,ok,1.8974425705930738,0.10259411683833713,-0.011799289909198709,0.09821360106732262,15.000000000001679,0.26091949999681674,
1063,106,ok,1.9954834626727138,0.00601879174916718,-0.07741570217231786,0.102763088983507,15.000000000001679,0.2455504160025157,
1064,106,ok,2.1332257982460954,-0.1264558972326998,-0.16981644039069024,0.08790875100378363,15.000000000001679,0.25056066701654345,
1065,106,ok,1.9819195863472951,0.01824067676201822,-0.02520379944314222,0.0904678572952516,15.000000000001679,0.2540875000122469,
1066,106,ok,1.6763274376168351,0.32427191597455574,-0.044822611653468264,0.1025572865437547,15.000000000001679,0.23419154199655168,
1067,106,ok,1.600012208785447,0.4034092816030561,0.10458081177355062,0.09522739631355134,15.000000000001679,0.22366170899476856,
1068,106,ok,1.9506979735782484,0.05254903694805108,-0.11250480269891103,0.08188276602566721,15.000000000001679,0.2879179580195341,
1069,106,ok,1.8000589647044865,0.2007986028753493,0.05555725873089999,0.0878751163791558,15.000000000001679,0.28202183300163597,
1070,106,ok,1.9999154130416104,0.0022828725923547052,-0.09374400345377366,0.09540289051084987,15.000000000001679,0.19815337500767782,
1071,107,ok,1.7928728628776909,0.20735882352441792,0.02882212427091944,0.08904373498567307,15.000000000001679,0.25551374998758547,
1072,107,ok,2.0774915581429476,-0.07659806023214001,0.060923479835983396,0.07499554514225988,15.000000000001679,0.2630260419973638,
1073,107,ok,1.4343362481094424,0.5676715438554332,0.0758661081062784,0.10243686199592428,15.000000000001679,0.24087783301365562,
1074,107,ok,1.1605876545474028,0.8631650828531136,0.2336023866390785,0.09877657159748779,15.000000000001679,0.22492670797510073,
1075,107,ok,2.0469125344797106,-0.04592196274055896,0.06367296275477313,0.10535434997775452,15.000000000001679,0.21486991600249894,
1076,107,ok,1.2353312861130503,0.7698712319089697,0.11325458209082334,0.0984275414296894,15.000000000001679,0.21625837497413158,
1077,107,ok,1.9060179194568758,0.09515459756636195,0.06684535973535556,0.07998709044886136,15.000000000001679,0.2467541249934584,
1078,107,ok,1.3065139748159766,0.7631804819514026,0.4210181066931413,0.1040988663159273,15.000000000001679,0.24260266701458022,
1079,107,ok,1.3754163961674297,0.6613898036887935,0.3160585470729642,0.09828152008745426,15.000000000001679,0.23907958299969323,
1080,107,ok,1.8109575627830836,0.22193722096571775,-0.3435986728934375,0.09542329369412285,15.000000000001679,0.22149075000197627,
1081,108,ok,1.868365006166456,0.132047845488089,-0.03927524311434296,0.09860544617210325,15.000000000001679,0.22352583301835693,
1082,108,ok,1.7974258934624403,0.21102869725235082,-0.17413075671641307,0.0981744858898146,15.000000000001679,0.20985066599678248,
1083,108,ok,1.8493363729262333,0.15069657123891336,-0.011038505353783675,0.08601636580335945,15.000000000001679,0.2814625829923898,
1084,108,ok,1.788765491226117,0.2122225052941921,-0.05944419252405593,0.08014792794139008,15.000000000001679,0.25292887500836514,
1085,108,ok,1.4297603165578443,0.6843609789794564,0.5597396976914296,0.09715597982107539,15.000000000001679,0.22578162502031773,
1086,108,ok,2.01398540552973,-0.010986590020221362,0.1098642273244265,0.09166628630922344,15.000000000001679,0.2276185840019025,
1087,108,ok,1.5159117731910687,0.4843479257193325,0.028058756708021687,0.09679610876119521,15.000000000001679,0.24560829100664705,
1088,108,ok,1.936174719539193,0.06568813398465531,-0.08491259962401236,0.08695019375265675,15.000000000001679,0.22572183300508186,
1089,108,ok,1.8409333147078055,0.16092713989828653,0.08274348577605489,0.07853876046707396,15.000000000001679,0.24297620900324546,
1090,108,ok,1.9380582275980622,0.06194891249933122,-0.005260779221509297,0.09061254388830248,15.000000000001679,0.25419249999686144,
1091,109,ok,1.6203430609497083,0.38741269078964224,0.15834710398857427,0.09795910759956704,15.000000000001679,0.20656895800493658,
1092,109,ok,1.8888736822810448,0.11462996285697678,0.1149939592207709,0.08425719383467821,15.000000000001679,0.28521120801451616,
1093,109,ok,1.2597302921194795,0.7834925996084086,0.32715463266767564,0.09785390796230675,15.000000000001679,0.23098195900092833,
1094,109,ok,1.9475562202185948,0.05257586869652913,-0.02268223377583176,0.07533984901621886,15.000000000001679,0.24660712500917725,
1095,109,ok,1.4643812671243865,0.5401549050320462,0.11517288831504364,0.08781961116005656,15.000000000001679,0.2817874999891501,
1096,109,ok,1.699581216446305,0.30077566101844877,0.03482753378883167,0.09409473288435136,15.000000000001679,0.22034808399621397,
1097,109,ok,1.1272237056728582,0.8835601602589778,-0.15554859970405102,0.09527551292592569,15.000000000001679,0.23632204098976217,
1098,109,ok,1.7448777325966913,0.2576841172228883,0.09451807411487417,0.10689894170142497,15.000000000001679,0.2276733329927083,
1099,109,ok,2.077454407067737,-0.07740577148459109,-0.014215275152989119,0.08361167391564926,15.000000000001679,0.2799572499934584,
1100,109,ok,2.0800808048297856,-0.07761137443927861,-0.10132685439635725,0.0842555677804439,15.000000000001679,0.2896291660144925,
1101,110,ok,1.9983583925881914,0.003205023445938769,0.07903218860772034,0.12588277802508743,15.000000000001679,0.2147234580188524,
1102,110,ok,1.7819931685800092,0.218656890484485,-0.04812877566920883,0.10235207924140938,15.000000000001679,0.23174974997527897,
1103,110,ok,1.8699090406284506,0.1360582625140495,-0.14926828022680497,0.08366276220810874,15.000000000001679,0.2744819590006955,
1104,110,ok,2.1040344687079426,-0.10010428630389474,0.12854194708001976,0.07575429056294167,15.000000000001679,0.3159826250048354,
1105,110,ok,2.1707019037618576,-0.16898318267992316,0.08636381329599153,0.07803923909588602,15.000000000001679,0.23956891702255234,
1106,110,ok,1.9487212526601165,0.051424172000833504,0.02380678698556842,0.07430367980296773,15.000000000001679,0.27468750000116415,
1107,110,ok,1.2927461987572821,0.7128311029959932,-0.11995401196663122,0.09932074711420691,15.000000000001679,0.23701474998961203,
1108,110,ok,1.833146667399607,0.17639603045306057,0.18680274743946015,0.09380593305978328,15.000000000001679,0.2551267920061946,
1109,110,ok,1.8452522555060367,0.15756426123379877,0.10191386052524068,0.0808497812576862,15.000000000001679,0.30323254098766483,
1110,110,ok,1.9477323347013553,0.05279840894309166,-0.04546659682269668,0.08239479489978078,15.000000000001679,0.283099874999607,
1111,111,ok,1.2243346748112358,0.8179775663777986,0.3190898969867001,0.10093729679862519,15.000000000001679,0.22310254100011662,
1112,111,ok,1.3256670509310486,0.6743568240256989,-0.007956124495714152,0.09766839769445396,15.000000000001679,0.21621420799056068,
1113,111,ok,2.094320921157425,-0.092299358105073,-0.09199737426027768,0.0702846938606131,15.000000000001679,0.26543633299297653,
1114,111,ok,1.8918063850743847,0.11120402250454671,-0.10668249155885984,0.09535460184075734,15.000000000001679,0.2517560840060469,
1115,111,ok,1.946033882714511,0.07431987906752899,0.2807204027469658,0.10361203536479212,15.000000000001679,0.2530894580122549,
1116,111,ok,1.8682443077894213,0.1327512748942801,-0.060983540227159364,0.08667181998237156,15.000000000001679,0.2779312919883523,
1117,111,ok,1.9394940432935943,0.06251729860484612,-0.08830586484414053,0.09279348139115363,15.000000000001679,0.2848074590147007,
1118,111,ok,1.9845835544751853,0.02638893388649379,0.2084016420464817,0.09883591993402609,15.000000000001679,0.33184408300439827,
1119,111,ok,2.092257114730197,-0.07422989344974763,0.27406237111025594,0.07436002028106015,15.000000000001679,0.36546954201185144,
1120,111,ok,1.6841310864971877,0.3268511549040341,0.19201681869105494,0.10031695178450131,15.000000000001679,0.30012829101178795,
1121,112,ok,1.990962971528295,0.009083834203698498,-0.01365191443467822,0.08802319465645987,15.000000000001679,0.2425643750175368,
1122,112,ok,1.808506481498181,0.1926699398594103,0.06522075845268215,0.10646757009944882,15.000000000001679,0.2770430830132682,
1123,112,ok,1.8372445606387877,0.17195893905688855,-0.18366669568213873,0.08474592841735316,15.000000000001679,0.2147571250097826,
1124,112,ok,2.1183187440042,-0.11803094635798782,-0.0349172087861936,0.10406823423605237,15.000000000001679,0.24230087499017827,
1125,112,ok,1.951341612122876,0.049814599633698456,0.06716391442160233,0.07619114858771196,15.000000000001679,0.26135558300302364,
1126,112,ok,1.7870539685109375,0.21593545289420568,-0.1033226893324385,0.08679749740043428,15.000000000001679,0.20176999998511747,
1127,112,ok,1.781379626260004,0.21907800002516634,-0.04037577070310558,0.08907462711589756,15.000000000001679,0.2152906669944059,
1128,112,ok,1.6128698908599477,0.3885565010386892,0.06781691896501559,0.09896008391994503,15.000000000001679,0.2230864170123823,
1129,112,ok,1.9723924249826752,0.02842679174224384,-0.05684155706220554,0.08177345768844128,15.000000000001679,0.24486766700283624,
1130,112,ok,1.352423248312836,0.6528809328239409,0.11966144503451172,0.100515198535576,15.000000000001679,0.235266458010301,
1131,113,ok,2.109569206314254,-0.1086846918603984,0.06108278434197776,0.11806300877463843,15.000000000001679,0.26264858298236504,
1132,113,ok,1.934824972082659,0.06532107674833718,-0.02377260020376591,0.05976176397024588,15.000000000001679,0.27479287501773797,
1133,113,ok,1.3088195079297307,0.7153077465273857,0.25014859225044345,0.09785338715359031,15.000000000001679,0.2397322499891743,
1134,113,ok,2.006516697722505,-0.006478592869596817,0.012365864113331135,0.08631846094515787,15.000000000001679,0.2225446669908706,
1135,113,ok,1.9990697341992227,0.0009817716531062826,0.014350084605916177,0.09793983651264332,15.000000000001679,0.23059799999464303,
1136,113,ok,1.5466351680820856,0.4754678311664254,0.26054176122053513,0.10268620922987276,15.000000000001679,0.21255616698181257,
1137,113,ok,2.006665990119487,-0.006336595660353579,0.03635740387106374,0.11278016770898434,15.000000000001679,0.23800841698539443,
1138,113,ok,1.6111972455240022,0.39142485600563576,-0.09188345938003287,0.08306140867087948,15.000000000001679,0.30818249998264946,
1139,113,ok,2.0537409913163236,-0.053173571318205076,0.04827365175127839,0.11167716708810389,15.000000000001679,0.20950858399737626,
1140,113,ok,2.107344386096432,-0.10653708782480523,-0.05832545954159048,0.1040883429895638,15.000000000001679,0.2515109159867279,
1141,114,ok,1.8531695910180936,0.14689599705988537,0.015591259137465835,0.0858803026305731,15.000000000001679,0.2333276669960469,
1142,114,ok,1.5048377332462881,0.5285615995512738,-0.31528659515862806,0.10099713686424926,15.000000000001679,0.23303037500591017,
1143,114,ok,1.2105208334709585,0.7931340599244592,0.0939962283967038,0.09834010020405402,15.000000000001679,0.22949695799616165,
1144,114,ok,2.06340259347608,-0.055790689317998916,0.1770731613690726,0.0758866741661217,15.000000000001679,0.2767521250061691,
1145,114,ok,2.1365473595491657,-0.1324655614592621,-0.1320047301680771,0.08830659186052009,15.000000000001679,0.2631793330074288,
1146,114,ok,2.006940119614529,-0.00039142780947017716,0.16199623225485893,0.07497990840792408,15.000000000001679,0.2773108749825042,
1147,114,ok,1.4609225877055607,0.5588168579892375,0.23934485257113458,0.1016876585789352,15.000000000001679,0.20315320798545144,
1148,114,ok,1.9725099268377022,0.027628550726343203,-0.023372581445183366,0.08938968349513986,15.000000000001679,0.261628334003035,
1149,114,ok,1.9480452653029234,0.05231265673158385,-0.03734124450466447,0.09300373844122277,15.000000000001679,0.2345236249966547,
1150,114,ok,1.8132832737961273,0.1872025902720696,0.04197359065540283,0.1060603995469178,15.000000000001679,0.23454708300414495,
1151,115,ok,1.7305399989967767,0.29004003948854024,0.2660932572903926,0.08752319045210318,15.000000000001679,0.22982033298467286,
1152,115,ok,1.8697067498145354,0.1407409989027837,-0.1973810962098837,0.0807190560824952,15.000000000001679,0.2631742910016328,
1153,115,ok,1.449359334189565,0.5683514832558412,0.22588714905162055,0.09698095242502539,15.000000000001679,0.2262657919782214,
1154,115,ok,1.7086137629537381,0.3091920539620709,-0.24602739800667034,0.08290043000942048,15.000000000001679,0.22489579100511037,
1155,115,ok,1.5950146027937542,0.4088630047682088,-0.11115145311719504,0.08929853952721872,15.000000000001679,0.23830595801700838,
1156,115,ok,1.948731182304938,0.05136373292917852,-0.019233292591119295,0.07359356880151154,15.000000000001679,0.2578263340110425,
1157,115,ok,1.937118608713889,0.07001695401306764,0.16611425715041972,0.07491300097528668,15.000000000001679,0.28508358300314285,
1158,115,ok,1.9195287325381687,0.08198838598046707,-0.07630205453180385,0.08904452931379295,15.000000000001679,0.2138029159978032,
1159,115,ok,1.894478492956092,0.10897135155626556,-0.11427778015978902,0.08117633569970222,15.000000000001679,0.2513254999939818,
1160,115,ok,1.9525944073395478,0.0483856984166554,0.06185901251259437,0.12242268003060994,15.000000000001679,0.2372202500118874,
1161,116,ok,1.9517389514061738,0.04830222221204891,0.012677484515646424,0.0739740690365036,15.000000000001679,0.2437510830059182,
1162,116,ok,1.724861248966379,0.276271133653339,0.06249098742308507,0.09815786443263579,15.000000000001679,0.21572833298705518,
1163,116,ok,2.0253544753325468,-0.02409442652618016,0.07143180842755334,0.09370948118981808,15.000000000001679,0.2831826670153532,
1164,116,ok,2.1761817607290275,-0.17278298579189752,-0.12157776269917361,0.15588553357745258,15.000000000001679,0.27485091699054465,
1165,116,ok,1.895135210866655,0.10499907158352538,0.022559892892051715,0.06888331177047124,15.000000000001679,0.23831387498648837,
1166,116,ok,1.8034710169944899,0.1966280110094253,-0.01889916567784843,0.07978113383626506,15.000000000001679,0.22807229097816162,
1167,116,ok,2.075987809620064,-0.07560753976188467,-0.03973319235509851,0.10212823276098587,15.000000000001679,0.2220414589974098,
1168,116,ok,1.9956256854526,0.007122616897547185,-0.10469771896693196,0.0961356514859002,15.000000000001679,0.24079041599179618,
1169,116,ok,1.8640391373677672,0.1363045564237686,0.035793843492472985,0.08750692394500932,15.000000000001679,0.25905254200915806,
1170,116,ok,1.9057331413781995,0.0944730883667679,0.028035605731579757,0.07505605500719775,15.000000000001679,0.25388249999377877,
1171,117,ok,2.0847511783838724,-0.08445459062104099,-0.035164405466506135,0.07169274802120529,15.000000000001679,0.22905937500763685,
1172,117,ok,1.9209059251289897,0.08147108822692907,0.09553213012644915,0.07570222707867948,15.000000000001679,0.286161042022286,
1173,117,ok,1.6647412886309998,0.3402641581874967,-0.12899803671274693,0.08220536205246606,15.000000000001679,0.234387834003428,
1174,117,ok,1.8924465865324966,0.107554746072712,-0.002245833159664936,0.08502110413484172,15.000000000001679,0.2559743330057245,
1175,117,ok,1.823190782717636,0.17753942986680343,-0.05159554725293458,0.08883062162603116,15.000000000001679,0.25837245798902586,
1176,117,ok,1.7337706630071288,0.2758914538558439,0.18278521006050644,0.10383066614600056,15.000000000001679,0.2258717909862753,
1177,117,ok,1.8089526551029949,0.19727427790964852,0.14996559378069169,0.07861925994262685,15.000000000001679,0.26960020800470375,
1178,117,ok,1.827655919650917,0.1725969043944121,0.03039879613001122,0.07644072890085296,15.000000000001679,0.2584358330059331,
1179,117,ok,1.925107555565224,0.07491348987781841,-0.0090016131837979,0.098369137067011,15.000000000001679,0.22481037498801015,
1180,117,ok,1.9674337901532972,0.03374259051939348,0.06802586493079597,0.07594270752542513,15.000000000001679,0.2278498329978902,
1181,118,ok,1.9474773431721355,0.05268875945758823,-0.025434909592383273,0.07973377389933418,15.000000000001679,0.2604311670002062,
1182,118,ok,1.738853721610537,0.26685989039416147,-0.14084610620914134,0.08438649654606449,15.000000000001679,0.24729562498396263,
1183,118,ok,2.1959131266557916,-0.1948714804807832,0.06762872164479625,0.16548536285116794,15.000000000001679,0.22391170798800886,
1184,118,ok,1.9092803185158365,0.09105232234024827,-0.0356384431390331,0.0827271974741785,15.000000000001679,0.22933320800075307,
1185,118,ok,1.8202001877485718,0.1915639722064882,0.20661039871787798,0.11095542594706356,15.000000000001679,0.245454374991823,
1186,118,ok,1.9622713833890733,0.040537496243617306,0.10495560223463998,0.07339561143062442,15.000000000001679,0.28909474998363294,
1187,118,ok,1.28060793906455,0.7899953635385328,0.4193393295851304,0.09811687647032832,15.000000000001679,0.2352084160083905,
1188,118,ok,1.7601142429072907,0.23988645844918854,-0.0015712843679948224,0.08314027264038601,15.000000000001679,0.24421158301993273,
1189,118,ok,1.884653412272054,0.11672885074677569,0.07216829483322812,0.09361208230305094,15.000000000001679,0.27304104101494886,
1190,118,ok,1.8851690400404033,0.11548864217977212,0.04979208544956203,0.07659168470555884,15.000000000001679,0.26989225001307204,
1191,119,ok,1.9172305008693793,0.08370383399517714,0.05984812126598401,0.0948503837520267,15.000000000001679,0.2623247920128051,
1192,119,ok,2.0685623647049667,-0.06577431902746571,0.10736256107421645,0.10618990031513378,15.000000000001679,0.2631416670046747,
1193,119,ok,1.8928730024410498,0.11136284052475667,0.12656177629710613,0.07663427866545786,15.000000000001679,0.2576285000250209,
1194,119,ok,2.046318815982429,-0.04607359682037601,-0.031678589587583156,0.10927179332856388,15.000000000001679,0.22287979099201038,
1195,119,ok,1.4699397321822987,0.5306563447198369,-0.04185736418000102,0.09086938791989804,15.000000000001679,0.25383845798205584,
1196,119,ok,1.8923536000472976,0.10820757099748067,-0.046082026655896606,0.10142533184370169,15.000000000001679,0.245866917015519,
1197,119,ok,1.6667138430598825,0.42326941886068664,0.540236715845495,0.09988716763567546,15.000000000001679,0.2608007499948144,
1198,119,ok,1.8751831174295985,0.13741399992535294,-0.2169910510111287,0.07916076736039955,15.000000000001679,0.2216510419966653,
1199,119,ok,1.6211359684837503,0.3790153401473111,-0.02214860794744168,0.0859827931193328,15.000000000001679,0.22813804197357967,
1200,119,ok,1.9117063094140063,0.08829420144007223,0.0013975713467655534,0.07399977839540148,15.000000000001679,0.2630795000004582,
1201,120,ok,1.3562928560690755,0.66246647185447,0.22479851536560452,0.09645804840958525,15.000000000001679,0.21646433300338686,
1202,120,ok,1.6756319712379522,0.3311805964975393,-0.15094469692068166,0.10452872227331136,15.000000000001679,0.23597183299716562,
1203,120,ok,1.696972706935172,0.30432936109643116,0.06646391835611157,0.09889089598019152,15.000000000001679,0.23643608301063068,
1204,120,ok,1.9623157141069187,0.03886611052222598,0.06809426828099349,0.07682221072624047,15.000000000001679,0.26211308300844394,
1205,120,ok,1.5337324707783135,0.4875117605504599,0.2543906787729869,0.10402967493467703,15.000000000001679,0.25055641698418185,
1206,120,ok,1.9576733788623326,0.04234411470451084,-0.008276054264961967,0.08853797632181303,15.000000000001679,0.25015804101713,
1207,120,ok,1.9696291892505535,0.031204688347735886,0.05730762570423238,0.1524687053046369,15.000000000001679,0.23322933301096782,
1208,120,ok,1.848228745147777,0.15547221463491295,-0.11690484766122469,0.09026794526098372,15.000000000001679,0.23268225000356324,
1209,120,ok,1.387846601240738,0.6935193102243068,0.4682161849174984,0.09893969978218829,15.000000000001679,0.23800170799950138,
1210,120,ok,1.2735935654994095,0.7921602060398139,0.4039351460416805,0.09789158674679302,15.000000000001679,0.2156879999965895,
1211,121,ok,2.091832642588829,-0.09044368560345464,0.07621680865011142,0.12432549739642698,15.000000000001679,0.2528849590162281,
1212,121,ok,1.9880102544615441,0.025030653405223088,0.22733422939639827,0.09158927199373773,15.000000000001679,0.230813667003531,
1213,121,ok,1.890039374761677,0.11791317581206741,0.17319937750376954,0.09883731718778664,15.000000000001679,0.203670917020645,
1214,121,ok,1.8748676387818288,0.1271815898209448,0.08763484150580027,0.0909407473166246,15.000000000001679,0.23821358301211149,
1215,121,ok,1.9899791458693568,0.01005179054096625,0.011096155447728063,0.07434233836551016,15.000000000001679,0.29116441699443385,
1216,121,ok,1.5060674187394663,0.5146331872517903,0.2488463408908884,0.10706532275061406,15.000000000001679,0.2353127500100527,
1217,121,ok,1.994256493160301,0.007805385376029087,0.09066188821809404,0.11250347030049203,15.000000000001679,0.23447320799459703,
1218,121,ok,1.6412131214593229,0.3699600195549543,0.1911809933046927,0.10288776972749905,15.000000000001679,0.22706945898244157,
1219,121,ok,1.8791580497365807,0.12232199497147139,0.0745673207368665,0.07750789412788996,15.000000000001679,0.25980812500347383,
1220,121,ok,1.7840169267749486,0.2184435111565131,-0.09366361128634539,0.09718869372346746,15.000000000001679,0.221352416992886,
1221,122,ok,2.0192176031350257,-0.018708572784827432,-0.045336816996831925,0.0920493738557197,15.000000000001679,0.20687479199841619,
1222,122,ok,1.9323358895644909,0.06834277521993844,-0.05120894505828985,0.15314814966949225,15.000000000001679,0.2843156250019092,
1223,122,ok,1.190699484776758,0.8093657841043964,-0.012467035986879703,0.09842337926007895,15.000000000001679,0.23202387499623,
1224,122,ok,1.8813594120803734,0.11885793988675608,0.02859697704844926,0.07822178808991473,15.000000000001679,0.3050205420004204,
1225,122,ok,1.9451019145468569,0.05660752452759776,0.08153002055131096,0.07451854116343776,15.000000000001679,0.25531966699054465,
1226,122,ok,1.2358103781095735,0.7761624328030318,0.17160681734923552,0.09692280820095822,15.000000000001679,0.2256348329829052,
1227,122,ok,2.001870391616304,-0.001673664798525621,-0.02806429193928801,0.09678212747288821,15.000000000001679,0.20124608400510624,
1228,122,ok,1.8895383510756116,0.1454348803091955,0.3618610189171719,0.10317872045005587,15.000000000001679,0.23477104198536836,
1229,122,ok,1.8501232533176062,0.15358499163546044,0.11707975637444865,0.0771675749879613,15.000000000001679,0.2617275830125436,
1230,122,ok,2.0188833943806244,-0.01714117634272862,-0.08385484367945074,0.08524492127456923,15.000000000001679,0.2421397499856539,
1231,123,ok,1.5793008825945183,0.42442514351413585,0.10842116662982938,0.09829394812877958,15.000000000001679,0.22376058300142176,
1232,123,ok,2.0904887252535493,-0.08968767697225677,0.05786642482910682,0.13206194637491483,15.000000000001679,0.22431937500368804,
1233,123,ok,2.045465021333176,-0.04517079132499299,-0.03469276305850648,0.07919572266409207,15.000000000001679,0.25839745899429545,
1234,123,ok,1.9309813044773898,0.06990976841419043,0.058655742926319976,0.09848354914985298,15.000000000001679,0.2898305410053581,
1235,123,ok,1.8190200987199203,0.18538531576414333,-0.1265214104514756,0.08280450882518,15.000000000001679,0.2682231249928009,
1236,123,ok,1.852785576859335,0.14734439508357766,0.02194546399018221,0.08787264096042789,15.000000000001679,0.23698491699178703,
1237,123,ok,1.754011167230463,0.252685042057125,0.1531196020052957,0.10161716439291957,15.000000000001679,0.22489008400589228,
1238,123,ok,2.04148851018156,-0.04145871198372291,0.011030161788647228,0.13214163620195354,15.000000000001679,0.23220833300729282,
1239,123,ok,1.582670542351446,0.42071792068699776,-0.10350922465085202,0.0972823779080009,15.000000000001679,0.22570379200624302,
1240,123,ok,1.5468483493552871,0.45948462232754067,0.1398291352253037,0.09833850243392545,15.000000000001679,0.24067012500017881,
1241,124,ok,1.9296228809782934,0.07078654465389093,0.03974803776911869,0.07567407354834196,15.000000000001679,0.2551855829951819,
1242,124,ok,1.8606547033993261,0.153805961332452,0.23152429002254443,0.09525354178887822,15.000000000001679,0.24754795801709406,
1243,124,ok,1.643569873523296,0.35643028769059776,0.0007279646776633042,0.08187099361412192,15.000000000001679,0.2743635419756174,
1244,124,ok,1.9354581481042137,0.06458775811577185,-0.013330304859909499,0.09068049527125148,15.000000000001679,0.2628439590043854,
1245,124,ok,1.5484427854446534,0.45963118346925774,0.15792076765035465,0.09914094891724515,15.000000000001679,0.22520720897591673,
1246,124,ok,1.8894154386953392,0.13328965966248513,0.2920328838629305,0.10173319360210298,15.000000000001679,0.28893899999093264,
1247,124,ok,1.4571343346059484,0.5435628780465155,-0.04507082075324116,0.09689563557317438,15.000000000001679,0.24453012499725446,
1248,124,ok,1.9952180149161496,0.01745441840597865,0.22451713508764462,0.07783904051766044,15.000000000001679,0.22382558399112895,
1249,124,ok,1.9378805446420033,0.06692253145656694,-0.13635433954113663,0.0777648629689327,15.000000000001679,0.26470154101843946,
1250,124,ok,1.654999782750937,0.34509393536405336,-0.017612442670254993,0.09798089033596595,15.000000000001679,0.26847912499215454,
1251,125,ok,1.488392588871087,0.52344629031759,0.18735431948447218,0.09631158887763605,15.000000000001679,0.2157554579898715,
1252,125,ok,2.0164100374349876,-0.01575542172504919,0.05137624796185108,0.1274937034242742,15.000000000001679,0.2530704170058016,
1253,125,ok,1.6880152750365827,0.3124428120661809,0.03932310020497862,0.07629762393339058,15.000000000001679,0.25280458299675956,
1254,125,ok,1.6036137903042362,0.4617800313924352,0.4532731148334974,0.09591360337701205,15.000000000001679,0.22820983300334774,
1255,125,ok,1.776221443036299,0.26296329665059587,0.3710338339275642,0.09013978373940253,15.000000000001679,0.23417145901476033,
1256,125,ok,1.4655075941225897,0.5889860208637778,0.3959192583256669,0.09466634516518166,15.000000000001679,0.2324717919982504,
1257,125,ok,2.0198750741440343,-0.01944713632502083,0.04157617992361039,0.11178093061120058,15.000000000001679,0.26919925000402145,
1258,125,ok,1.7799442254878615,0.2211135985389488,-0.06135647108931705,0.08370522179446611,15.000000000001679,0.24145354199572466,
1259,125,ok,1.0746494822587074,0.9895187813771946,0.3657857522231807,0.09804013544416354,15.000000000001679,0.24267624999629334,
1260,125,ok,2.201035716436503,-0.1996242114091661,0.07881341010104084,0.08864761714724087,15.000000000001679,0.23392804199829698,
1261,126,ok,1.9486819771892847,0.051802730197875194,-0.0434608577674941,0.08414633145482368,15.000000000001679,0.24681337500805967,
1262,126,ok,1.9432354970047123,0.056891982799425485,0.02225826385868773,0.07403903031331655,15.000000000001679,0.23787404198083095,
1263,126,ok,1.8478199804145172,0.15355572757816432,-0.07128975283800874,0.09363722499422039,15.000000000001679,0.2165274590079207,
1264,126,ok,1.8333426965245008,0.17339170732623024,-0.15699550323224065,0.07847803241501397,15.000000000001679,0.26144929201109335,
1265,126,ok,1.7930240763910992,0.20848237133542072,0.07348417994505564,0.09370480837214741,15.000000000001679,0.21085375000257045,
1266,126,ok,1.5665070165000603,0.4428299533465613,0.17077961982990916,0.1009116704787407,15.000000000001679,0.21254175002104603,
1267,126,ok,1.8882153485265214,0.11337182759869223,-0.07740375645169804,0.07873081056450727,15.000000000001679,0.25489937502425164,
1268,126,ok,1.6702936490908473,0.3321546930134612,0.0904041268759158,0.1028838958845873,15.000000000001679,0.2352336670155637,
1269,126,ok,1.9461876849336939,0.05980508182132928,0.15261121997163843,0.07596556441613724,15.000000000001679,0.2674812920158729,
1270,126,ok,1.858497698766434,0.14338051660595044,-0.0835331682731074,0.09654384563037698,15.000000000001679,0.20495558399125002,
1271,127,ok,1.9513087943634808,0.04885575984524994,-0.025340976129654164,0.07785945470450181,15.000000000001679,0.26877920801052824,
1272,127,ok,1.730768673353486,0.36070170378678973,0.555212839093488,0.10319932057688341,15.000000000001679,0.22832549997838214,
1273,127,ok,1.9694658155671512,0.03646979128343091,-0.15278978416455347,0.08401525851163663,15.000000000001679,0.35458379102055915,
1274,127,ok,1.995463694510231,0.00457726438362514,0.01278523733385311,0.07398690526684648,15.000000000001679,0.2693101659824606,
1275,127,ok,1.7371642854174576,0.26828346061328834,-0.13746847545694577,0.08045643599916501,15.000000000001679,0.25324525000178255,
1276,127,ok,1.8439518243234785,0.15882047333774918,0.1010756203327716,0.07950498560835363,15.000000000001679,0.26691550001851283,
1277,127,ok,2.0272560215956514,-0.027161146401772192,-0.019612843110610706,0.0936458243695889,15.000000000001679,0.26766466701519676,
1278,127,ok,1.9906190882229453,0.01224158304069378,0.10668097395966634,0.10213723505417549,15.000000000001679,0.2880928750091698,
1279,127,ok,1.9348309698201367,0.07118128587412945,0.1524114490875082,0.07682531483552242,15.000000000001679,0.22706995799671859,
1280,127,ok,1.7024831411822876,0.35317214417731474,0.43174860659458547,0.0998479238310672,15.000000000001679,0.23959583300165832,
1281,128,ok,1.8350180301935317,0.17137260342401495,-0.15301312240159176,0.08741306995023522,15.000000000001679,0.25043766701128334,
1282,128,ok,1.9006928452655405,0.09948256332604853,0.025821791996080607,0.08168641191609607,15.000000000001679,0.2268356670101639,
1283,128,ok,1.2801702419760927,0.7282148206389331,0.14628159829133283,0.09730484924655061,15.000000000001679,0.26057095898431726,
1284,128,ok,1.8623932134492889,0.13978204480764633,0.08998689172289094,0.09263300438159344,15.000000000001679,0.24832054099533707,
1285,128,ok,2.1178145793998686,-0.0906512275884568,-0.33810654726213374,0.0831518549876221,15.000000000001679,0.22406191698973998,
1286,128,ok,1.7403563839011353,0.25986138512509194,0.027530782892466486,0.07639659192309448,15.000000000001679,0.2475883330043871,
1287,128,ok,1.7392300803976128,0.26166820722044776,-0.05589141948201492,0.07797895995028864,15.000000000001679,0.29165920801460743,
1288,128,ok,1.6786836282194444,0.3213373512942844,0.00839258555566896,0.10004744971879362,15.000000000001679,0.21691591700073332,
1289,128,ok,1.4325080728540422,0.589950097346566,0.25266311725109986,0.09885338376425337,15.000000000001679,0.22085545799927786,
1290,128,ok,1.8104687911045485,0.19771140247330024,0.1719100194543845,0.09211105842506252,15.000000000001679,0.27748837499530055,
1291,129,ok,1.6044454991620822,0.40573945271437983,0.18049561532075425,0.0979664590447049,15.000000000001679,0.21063712501199916,
1292,129,ok,2.0342120342893097,-0.033366302655380035,-0.05865219239757575,0.07367628045009168,15.000000000001679,0.2509878750133794,
1293,129,ok,1.6778052887607742,0.3548086818942273,0.3292052761166124,0.08373326550556318,15.000000000001679,0.28574325001682155,
1294,129,ok,2.0531123609791786,-0.05266561533749873,0.04282800972055025,0.15250591675206743,15.000000000001679,0.23009558400372043,
1295,129,ok,1.7645769761906658,0.24455155274056534,-0.17925583370320972,0.09139626675550865,15.000000000001679,0.22724212499451824,
1296,129,ok,1.3218384108654104,0.735543901339277,0.3852370166519533,0.09922266316409575,15.000000000001679,0.21395308399223723,
1297,129,ok,1.8440160694451964,0.15620481730083324,0.028540999062007,0.09406888524784078,15.000000000001679,0.25820191600359976,
1298,129,ok,1.9773533220500563,0.02341133613483914,-0.05498558085655011,0.09391415247503923,15.000000000001679,0.24721337499795482,
1299,129,ok,1.8843224399228216,0.11572592354117392,-0.013500458582337706,0.10371155714320354,15.000000000001679,0.22592974998406135,
1300,129,ok,2.112547882997015,-0.11159753316104988,0.06335941842644995,0.07284654968347425,15.000000000001679,0.25304708298062906,
1301,130,ok,1.8964818523541023,0.10518047948816228,-0.07938766274262235,0.09471286483395168,15.000000000001679,0.21291879200725816,
1302,130,ok,1.7615469147139087,0.23856302708343408,0.019680527955705743,0.10062941206438883,15.000000000001679,0.2390061249898281,
1303,130,ok,1.6253716709783135,0.4494479699585026,0.48746432787746186,0.09579614714139038,15.000000000001679,0.23605554198729806,
1304,130,ok,1.970272393170002,0.030415875018188543,-0.052073773701152834,0.09070064504932651,15.000000000001679,0.23612579199834727,
1305,130,ok,2.01703860154453,-0.011455295696693898,0.1499743762595399,0.08180374145943606,15.000000000001679,0.2247047080018092,
1306,130,ok,1.8517101620390177,0.15236140446564964,0.12272792873025465,0.08735687099881008,15.000000000001679,0.26975687500089407,
1307,130,ok,1.9998313629083073,0.000616257738005263,0.04230994268631476,0.17165639897813412,15.000000000001679,0.24911366699961945,
1308,130,ok,1.7915735698764952,0.20918272815174058,0.052051466165388284,0.09920570963537977,15.000000000001679,0.21256504202028736,
1309,130,ok,1.9448665655292592,0.05607724896412847,0.060582965581969975,0.08855859581962915,15.000000000001679,0.2369908750115428,
1310,130,ok,1.790855111165662,0.23100425731861418,0.27895535765299045,0.09851180948129844,15.000000000001679,0.22443570801988244,
1311,131,ok,1.9616896407672382,0.046549545645791425,0.1796039227768495,0.07789668603498924,15.000000000001679,0.2891894999775104,
1312,131,ok,1.3878644381905265,0.6374793924967199,0.2640175996459302,0.0957209899389004,15.000000000001679,0.2285134999838192,
1313,131,ok,1.736595566428431,0.26341926135567634,0.007176315796988678,0.09894693427915567,15.000000000001679,0.24450441598310135,
1314,131,ok,2.0101798828387927,-0.01013506248655611,-0.013423558840771172,0.07447804680818775,15.000000000001679,0.2612451669992879,
1315,131,ok,1.602831447352612,0.3977460594546437,-0.04302276873175892,0.09734170860841093,15.000000000001679,0.22922245800145902,
1316,131,ok,2.077789369520987,-0.0767959005436161,-0.06424524558011208,0.07754288505189781,15.000000000001679,0.23122300000977702,
1317,131,ok,1.6919157764174106,0.32059498792640967,0.20537234456526307,0.08919682779025588,15.000000000001679,0.26110020800842904,
1318,131,ok,1.7464491954929047,0.25411184574476875,0.04426449219268066,0.0945957135723244,15.000000000001679,0.21753720799461007,
1319,131,ok,1.2257723544143353,0.8264645101188198,0.35402304845278226,0.09681834597034683,15.000000000001679,0.25656412498210557,
1320,131,ok,1.5882144138015262,0.41190673719331744,0.019616646883463634,0.09537825685889126,15.000000000001679,0.2393420409935061,
1321,132,ok,1.9547672217443568,0.045242570123049955,-0.006187208337539327,0.0736958217447601,15.000000000001679,0.27791658299975097,
1322,132,ok,2.0836617344127943,-0.08352940057845033,0.023483193593240737,0.0970257337782263,15.000000000001679,0.23305666699889116,
1323,132,ok,1.7916129214421324,0.2208339376657757,0.21081978777274168,0.09853087721817878,15.000000000001679,0.21488262500497513,
1324,132,ok,2.1155902041747816,-0.11096700182075689,0.13978636995135865,0.07503710471315723,15.000000000001679,0.26220341701991856,
1325,132,ok,2.0628445512709095,-0.06278737141025865,-0.015359135992470975,0.09539390525891421,15.000000000001679,0.22361158300191164,
1326,132,ok,2.0069684744840677,-0.006967497923715985,0.00197986128936047,0.10192499225565586,15.000000000001679,0.2330856659973506,
1327,132,ok,2.019299665141685,-0.01920096810007495,0.01996467042155742,0.09843842832856406,15.000000000001679,0.22336262499447912,
1328,132,ok,1.9998270604959614,0.00028184100297452976,0.020869989685305644,0.10950468174923936,15.000000000001679,0.21813100000144914,
1329,132,ok,1.9889726712133708,0.011325221456222652,0.03442255100236539,0.11242933076584452,15.000000000001679,0.24360183300450444,
1330,132,ok,1.3938309766878028,0.6808700404988326,-0.4501787883951471,0.09679625715825263,15.000000000001679,0.22126887500053272,
1331,133,ok,1.715716989021177,0.28750127575148876,-0.10503764022061285,0.08307865584269551,15.000000000001679,0.22975666698766872,
1332,133,ok,1.7919702391314187,0.21541117456496053,-0.16248095908475055,0.0738330668455068,15.000000000001679,0.24246741700335406,
1333,133,ok,1.6684310275710572,0.33637898183537374,0.12659858483690284,0.096172526377438,15.000000000001679,0.24538195799686946,
1334,133,ok,1.9462928240156823,0.05390517799615347,0.027761494641979002,0.08577798651644417,15.000000000001679,0.2314980000082869,
1335,133,ok,1.6974454591156416,0.3047397611669908,-0.08610348020934072,0.09894784689301322,15.000000000001679,0.21854983299272135,
1336,133,ok,2.1408596196358194,-0.13891049721691084,0.09133343244689976,0.08781701384288808,15.000000000001679,0.24307383300038055,
1337,133,ok,1.3985242168180791,0.6458103646316217,0.34934283517410325,0.0986893773065982,15.000000000001679,0.22902412500116043,
1338,133,ok,2.000378083626802,0.0003390780565761843,-0.05356001033245273,0.10421043503377145,15.000000000001679,0.24895558299613185,
1339,133,ok,1.329635926714195,0.6722961781587607,0.0716537443354037,0.09604940414298303,15.000000000001679,0.23931266597355716,
1340,133,ok,1.4632623167600252,0.5972752048204245,0.41653301986557356,0.0973195809359977,15.000000000001679,0.2160133340221364,
1341,134,ok,1.707936741005791,0.30154337523993974,-0.17970254613150743,0.08302837558664608,15.000000000001679,0.240144290990429,
1342,134,ok,1.9394810215137033,0.06095724422283023,0.0412289228566286,0.08758404188642423,15.000000000001679,0.22936779100564308,
1343,134,ok,1.4530008823960385,0.5567504524993774,-0.16805447891357933,0.09086323387722363,15.000000000001679,0.22788420799770392,
1344,134,ok,2.015724796605658,-0.01560516187871107,0.021961035012379358,0.125158032056721,15.000000000001679,0.20867991697741672,
1345,134,ok,1.2656511970251807,0.7787353500476947,0.3322432953546923,0.10336070034561139,15.000000000001679,0.2196796250063926,
1346,134,ok,1.9667216834915842,0.03972378173135718,0.1590953437607737,0.09282521415279621,15.000000000001679,0.21287325001321733,
1347,134,ok,1.8110713938652345,0.18961564888514593,0.04988080708460883,0.10019270253962555,15.000000000001679,0.23595191599451937,
1348,134,ok,1.8506672532337438,0.14951713772915523,-0.026123909233341656,0.09567218075994077,15.000000000001679,0.20768054100335576,
1349,134,ok,2.0742218056923742,-0.07120601701476605,0.11181115459363324,0.10143942480151659,15.000000000001679,0.23130545899039134,
1350,134,ok,1.224428996795791,0.7911042086195458,0.19441536404557452,0.09544417419707264,15.000000000001679,0.24640425000688992,
1351,135,ok,1.1739263939736129,0.8262653104418772,0.021214546796649195,0.09443294464764254,15.000000000001679,0.21643491700524464,
1352,135,ok,1.9612606324782536,0.06802501308468274,0.337662432678791,0.07932320106849122,15.000000000001679,0.20831841698964126,
1353,135,ok,1.3525840914867167,0.6539979681905551,0.1332751098584922,0.09707836830742805,15.000000000001679,0.24173416700796224,
1354,135,ok,2.0480644022164287,-0.04806439241491802,0.0002003702801564551,0.09653367414974715,15.000000000001679,0.22738945900346152,
1355,135,ok,2.015358983075276,-0.015065376752573982,0.034399972023493486,0.11721440705018325,15.000000000001679,0.2661246659990866,
1356,135,ok,1.9951644553898416,0.004908004781638248,0.01700396032282086,0.08500879981567304,15.000000000001679,0.20105479101766832,
1357,135,ok,1.9077166188382735,0.09249866172334613,0.028659069498304286,0.10257726420228906,15.000000000001679,0.21639720897655934,
1358,135,ok,1.8921516913407042,0.11043923208714108,-0.09898549089666563,0.0741114045855153,15.000000000001679,0.26025187500636093,
1359,135,ok,2.188453822666458,-0.16381352484475795,0.3274769665828993,0.15413287526224626,15.000000000001679,0.23307966699940152,
1360,135,ok,1.832636844620859,0.1686555744356498,0.06881423701733434,0.09784624721932794,15.000000000001679,0.2638054589915555,
1361,136,ok,2.003868202814986,-0.003660106782927191,0.02887820526952985,0.07936029053598408,15.000000000001679,0.24242608301574364,
1362,136,ok,1.557717924155308,0.44788850929092094,0.1320418556502535,0.09173213094040744,15.000000000001679,0.2569991670025047,
1363,136,ok,1.9911068586290748,0.008893695288070146,-0.001485199025443029,0.10815325250835489,15.000000000001679,0.21058404198265634,
1364,136,ok,1.7781419256926159,0.22719426843776025,-0.13765371787901856,0.09870601063649541,15.000000000001679,0.22091991599882022,
1365,136,ok,1.676185431241484,0.32388194744388077,-0.015029098498646296,0.09877800153792725,15.000000000001679,0.23977554199518636,
1366,136,ok,1.7904768490900298,0.2095380355369581,-0.0073007491743066815,0.07963316508935164,15.000000000001679,0.20844049999141134,
1367,136,ok,1.3634533528539203,0.6606190798029256,0.25507605928552957,0.09685864463665207,15.000000000001679,0.23048191700945608,
1368,136,ok,1.9450926724715352,0.05514435443081473,-0.030364821753576805,0.0968447089582487,15.000000000001679,0.23678983398713171,
1369,136,ok,2.009137525858943,-0.00890817377950526,0.030356994852715292,0.11279790612007115,15.000000000001679,0.2010162909864448,
1370,136,ok,1.8027533064382057,0.197545874219402,0.03284217304600286,0.08888774933376781,15.000000000001679,0.2504428749962244,
1371,137,ok,1.7329101597745438,0.26734860411234224,-0.029945987684276733,0.09118576517573401,15.000000000001679,0.22178791699116118,
1372,137,ok,1.9333500924841793,0.06777895885174022,0.06606381954231601,0.07539508167122833,15.000000000001679,0.23768083300092258,
1373,137,ok,1.761649899191361,0.2409181299449269,0.09508597038722302,0.09605789639740657,15.000000000001679,0.2309551670041401,
1374,137,ok,1.9677475196771377,0.03341242082481702,0.0675543827550869,0.14237433702517777,15.000000000001679,0.25961987499613315,
1375,137,ok,1.8648154407115864,0.1352057724627249,0.008894765876958624,0.0929126901011939,15.000000000001679,0.22863912500906736,
1376,137,ok,1.8979364021365577,0.10382485222995644,0.08174592059738926,0.07598151805475126,15.000000000001679,0.22636975001660176,
1377,137,ok,1.8058586742818032,0.1977688071861204,0.11440401709508552,0.09034058813461793,15.000000000001679,0.26707820800947957,
1378,137,ok,1.8883056118226875,0.11586647250967691,0.12545490914239266,0.10755282665732854,15.000000000001679,0.23242733301594853,
1379,137,ok,1.8096919858041538,0.20998456901762838,-0.2661387614173769,0.08697547449648309,15.000000000001679,0.21937308300402947,
1380,137,ok,1.9624579144903986,0.03870932802275058,-0.06767544725404076,0.0750349170967054,15.000000000001679,0.2869593749928754,
1381,138,ok,1.9655594415277269,0.035889153659497394,0.0754486677575176,0.07767991941603788,15.000000000001679,0.24381770900799893,
1382,138,ok,1.8804246940329905,0.1204440131310995,-0.05715174673043349,0.0794794313662146,15.000000000001679,0.2691050840076059,
1383,138,ok,1.5428554248614488,0.4760338738456092,0.2406867432127933,0.09833164888697202,15.000000000001679,0.2244317080185283,
1384,138,ok,2.0200462679356384,-0.019430496759231114,-0.04987377426530667,0.0753486574518448,15.000000000001679,0.2591475840017665,
1385,138,ok,1.6032760901429137,0.5464117114720666,0.6764431304096314,0.09425884422506436,15.000000000001679,0.2353279160161037,
1386,138,ok,1.8535075452265268,0.15458859311579273,-0.17305189843892593,0.07959872457923606,15.000000000001679,0.27125054199132137,
1387,138,ok,1.9848678651738847,0.016266719095580848,0.06710225355472954,0.13765170107956232,15.000000000001679,0.19166708301054314,
1388,138,ok,1.8907100731433317,0.10937015072686891,0.017417052653086393,0.09779554256979388,15.000000000001679,0.24931549999746494,
1389,138,ok,2.0147466295776533,-0.013868372453274203,0.05948243292699573,0.12801335243407944,15.000000000001679,0.22367658399161883,
1390,138,ok,1.8949294486732102,0.1055400925095698,0.04218144568773723,0.09745922894491657,15.000000000001679,0.2592167920083739,
1391,139,ok,1.7682282146076336,0.23235285454792362,0.045327564567551694,0.09659559382930397,15.000000000001679,0.23838304198579863,
1392,139,ok,2.0071605916866906,-0.0022508871268713732,-0.14030333502708847,0.07501033986958207,15.000000000001679,0.2274775829864666,
1393,139,ok,1.6621158666750242,0.341664147857069,0.11203283335810908,0.09836874158167834,15.000000000001679,0.19749345802119933,
1394,139,ok,1.9250665577544972,0.07510751178519905,0.025887460265196467,0.10545288754561886,15.000000000001679,0.2631985000043642,
1395,139,ok,1.917532216631772,0.08285486647309503,0.03852711791535114,0.07813706199542177,15.000000000001679,0.2698435829952359,
1396,139,ok,1.921038453688056,0.080787360243882,0.08373520137045418,0.07499014165557859,15.000000000001679,0.27303395900526084,
1397,139,ok,1.9837913784193941,0.016332293758126774,0.022150943641867916,0.09254975338214022,15.000000000001679,0.2177008749858942,
1398,139,ok,1.961207153917968,0.03879320450378289,0.0011856974637926559,0.07890662151039732,15.000000000001679,0.2704043329868,
1399,139,ok,1.9906844825674082,0.009345224515723562,0.010875383961672792,0.10799523317716703,15.000000000001679,0.2515283329994418,
1400,139,ok,2.0508625590472693,-0.05058607733646746,0.03367455323760538,0.07670764101076127,15.000000000001679,0.22973679201095365,
1401,140,ok,1.9035084996157063,0.10425548377749684,0.17174788884159536,0.10877940822386448,15.000000000001679,0.22371566700167023,
1402,140,ok,1.917525351914296,0.08710336751682284,0.13315385337482874,0.07615898452948297,15.000000000001679,0.294695166987367,
1403,140,ok,1.3369929856349398,0.6890181801336599,0.26244411141606766,0.09887013977022456,15.000000000001679,0.22851058299420401,
1404,140,ok,1.2983901984438617,0.7866354153467262,0.4621293023865496,0.09553544013420401,15.000000000001679,0.21656662499299273,
1405,140,ok,1.3932825109105191,0.6511059352637658,0.3488853068394844,0.09751000692166738,15.000000000001679,0.24544674999197014,
1406,140,ok,1.9090015960333016,0.09126855506859621,-0.032114868640075,0.082572324102691,15.000000000001679,0.24352729099337012,
1407,140,ok,1.8442875538664905,0.1654195360797802,-0.18897381498269633,0.08623109006074706,15.000000000001679,0.21837416698690504,
1408,140,ok,1.91515881798268,0.08570065242713595,-0.0573699048188404,0.09618902506519887,15.000000000001679,0.22664295899448916,
1409,140,ok,2.054742773268381,-0.05418405141229634,0.047913956442776316,0.08431480517060443,15.000000000001679,0.2265928749984596,
1410,140,ok,1.6511674183474447,0.3507417993343925,-0.07938029320560885,0.09769061665710463,15.000000000001679,0.2040662500075996,
1411,141,ok,1.902356358005409,0.10967011803366895,0.2135711829549133,0.07753978839555763,15.000000000001679,0.2588513749942649,
1412,141,ok,1.957456360127891,0.04263760221955836,-0.019179300308685802,0.07588766832895978,15.000000000001679,0.2651248750044033,
1413,141,ok,1.8469032373374425,0.15376116086268113,-0.0495350073020223,0.10345895357796765,15.000000000001679,0.2622474170057103,
1414,141,ok,1.9737054396831153,0.026301000183653722,-0.0050419003037832375,0.10025319560931818,15.000000000001679,0.21335591698880307,
1415,141,ok,1.9471639127975522,0.053229780408238135,-0.03915374071167575,0.08878576566677451,15.000000000001679,0.24750941700767726,
1416,141,ok,2.008873492186048,-0.008658074489417852,0.029418487320565907,0.1509048545747704,15.000000000001679,0.2588527080079075,
1417,141,ok,1.4014831241739283,0.6068657495814882,0.15274785646668013,0.09526438675852938,15.000000000001679,0.22119179199216887,
1418,141,ok,1.9646188568127954,0.036106482459444776,0.05338074846421163,0.07496826104078279,15.000000000001679,0.2613775000208989,
1419,141,ok,2.081827514067846,-0.08045140735256767,0.07568183384821273,0.0910422612808912,15.000000000001679,0.26314129200181924,
1420,141,ok,1.1793182463176943,0.9028407783845146,0.4324733153871389,0.09857596236626749,15.000000000001679,0.2707052920013666,
1421,142,ok,1.9341725535798908,0.0658604137916495,0.011292833282495746,0.08945952624761982,15.000000000001679,0.24928887499845587,
1422,142,ok,1.8591170388237817,0.1411710227140158,-0.03272609428037619,0.08943918157615241,15.000000000001679,0.2786502079979982,
1423,142,ok,1.9248229052494978,0.0751848624518062,-0.0054683487860133625,0.0779972010145334,15.000000000001679,0.2516576660273131,
1424,142,ok,1.9539289920049123,0.04809848574880698,0.08898867602808809,0.0807792202994383,15.000000000001679,0.27211704102228396,
1425,142,ok,2.0185659087648458,-0.007545679498334224,0.21063872567792244,0.09863663051428628,15.000000000001679,0.1919369589886628,
1426,142,ok,1.9513990038176616,0.05340801124201165,0.13688572388595524,0.08728619364368657,15.000000000001679,0.26057433398091234,
1427,142,ok,1.119910892906971,1.0365709057683934,0.5709682902226315,0.09867305524390962,15.000000000001679,0.23592741700122133,
1428,142,ok,1.9586345574043,0.07078609695820863,-0.3382056264591043,0.09106414593332834,15.000000000001679,0.22337183300987817,
1429,142,ok,1.7553132317656326,0.24496133446153207,0.031045516205443484,0.07854955237929198,15.000000000001679,0.2443609999900218,
1430,142,ok,1.8407782872353782,0.15964277256895357,0.039369762502769565,0.08219983040273046,15.000000000001679,0.22961925002164207,
1431,143,ok,1.9740195261254692,0.02851720766130126,0.10004343575182077,0.10832456295355528,15.000000000001679,0.24791516698314808,
1432,143,ok,1.8294887608449792,0.17151880875857017,-0.06070963131513014,0.0776710678013626,15.000000000001679,0.27218933298718184,
1433,143,ok,1.9594592893596612,0.04278696633367248,0.09379684165535312,0.0980327228037649,15.000000000001679,0.26476975000696257,
1434,143,ok,1.738147119258944,0.26190549257824797,-0.013523736854238093,0.07747504713104922,15.000000000001679,0.2454302920086775,
1435,143,ok,1.234313978347301,0.7754895516997392,0.15525836256715925,0.10014346992827383,15.000000000001679,0.20211404099245556,
1436,143,ok,1.770004368553071,0.23332880592805447,0.10857419920663575,0.09620672089541063,15.000000000001679,0.26507245798711665,
1437,143,ok,1.8171549037037595,0.18406060405129754,-0.0664533994320913,0.08028216441577542,15.000000000001679,0.23941441599163227,
1438,143,ok,1.9188739604965133,0.0820595884123711,0.05984859121693107,0.07669606949714013,15.000000000001679,0.2610517499851994,
1439,143,ok,1.4006687418805301,0.6034111012015282,0.1068287051033526,0.10060454989099725,15.000000000001679,0.2501030839921441,
1440,143,ok,1.9287877315162372,0.3018819148137123,-0.9146677440528925,0.09745531273533498,15.000000000001679,0.24958583401166834,
1441,144,ok,1.2768156075480088,0.7286559379290347,-0.11807781974227088,0.0969447389843291,15.000000000001679,0.2224274579784833,
1442,144,ok,1.84757654794806,0.15374334376299956,0.0698244930396225,0.08698234069227725,15.000000000001679,0.2181920830043964,
1443,144,ok,1.9756070461062947,0.02440522096832003,0.006962017495476344,0.11212793276371756,15.000000000001679,0.23997850000159815,
1444,144,ok,1.8626243611150153,0.13758279167847073,0.027778638680825203,0.09804962889337286,15.000000000001679,0.21032958300202154,
1445,144,ok,1.2390222445434251,0.7610896636902867,0.016652358943420306,0.09436012289475983,15.000000000001679,0.26023645800887607,
1446,144,ok,2.0213545587374946,-0.02129723924112179,-0.015222442808902063,0.09937927695346141,15.000000000001679,0.2566289580136072,
1447,144,ok,1.2115849653679935,0.7885315277168775,0.016800862173104076,0.09380322654576397,15.000000000001679,0.23924087500199676,
1448,144,ok,1.2168767535648901,0.9675498110209839,0.6440773561023709,0.09882236992446874,15.000000000001679,0.32289804198080674,
1449,144,ok,1.9265899142535898,0.07824065696835797,-0.13634414242733958,0.08656513979878315,15.000000000001679,0.23779729200759903,
1450,144,ok,1.8730434319695617,0.1271199922694677,0.024742164165546508,0.08318506080777048,15.000000000001679,0.2524016250099521,
1451,145,ok,1.4079526953094106,0.6105971130540135,0.22779466625711928,0.0939925326547368,15.000000000001679,0.22176412501721643,
1452,145,ok,2.0635285820294884,-0.060143743343105044,0.11814383444297716,0.10689199979725121,15.000000000001679,0.2462055420037359,
1453,145,ok,1.9485326799326397,0.05147187899964295,0.004215025064313414,0.07511655246500258,15.000000000001679,0.29382375002023764,
1454,145,ok,2.0538671572690697,-0.04682386810623673,0.16994808813032472,0.07523034654165085,15.000000000001679,0.29069841699674726,
1455,145,ok,2.0524805552334686,-0.052153734091381077,-0.03662623740284441,0.08208988823846187,15.000000000001679,0.2782999580085743,
1456,145,ok,1.9103451418206008,0.10995424122004728,0.27775095066531075,0.09215271545676422,15.000000000001679,0.22685841700877063,
1457,145,ok,2.0002398557574907,-0.00023985532448360974,4.162013091459161e-05,0.10695219160546239,15.000000000001679,0.2504571670142468,
1458,145,ok,1.842519816882533,0.18107633191392336,0.29393190585769235,0.112922517304647,15.000000000001679,0.24294395800097845,
1459,145,ok,1.9286050781181028,0.0714929846277965,-0.019448367621194673,0.09655143947801373,15.000000000001679,0.23209574999054894,
1460,145,ok,1.1831227045735393,0.9056271080555427,0.4495857064615507,0.10148405404133762,15.000000000001679,0.24402174999704584,
1461,146,ok,1.8964500809552247,0.10793717642996843,-0.12892316013532007,0.08574409642963285,15.000000000001679,0.25280529097653925,
1462,146,ok,1.809389320771598,0.20433731835290025,0.2224527991782782,0.09300337959699126,15.000000000001679,0.23901991700404324,
1463,146,ok,2.0341347195687502,-0.030875737602401754,0.11509906938346064,0.09885510747772872,15.000000000001679,0.23373350000474602,
1464,146,ok,1.6750691848981039,0.32493086365674717,-0.00040331807196466454,0.09519233180612396,15.000000000001679,0.21848337500705384,
1465,146,ok,2.0524870604432066,-0.049104056714864515,-0.11779515287770095,0.10693608104722857,15.000000000001679,0.2502057919919025,
1466,146,ok,2.022480700972282,-0.022443635647069252,0.012244445107771135,0.10719199943732398,15.000000000001679,0.2170674999943003,
1467,146,ok,2.241787708471798,-0.24129769133487347,-0.04686991222737877,0.11961156920810553,15.000000000001679,0.22524737499770708,
1468,146,ok,1.963408521151951,0.038159781301748616,-0.07846003587871075,0.10027707488657431,15.000000000001679,0.22926283298875205,
1469,146,ok,2.0518665601522037,-0.05174266423677066,-0.022548180002716696,0.10073552838909867,15.000000000001679,0.26758479099953547,
1470,146,ok,1.5227932726961932,0.48586190071401875,0.16212701088781906,0.08142050053902589,15.000000000001679,0.22761054200236686,
1471,147,ok,1.4375780660985997,0.5807651897991642,0.22891756079861567,0.09931985283524392,15.000000000001679,0.2247524580161553,
1472,147,ok,1.4591417655388255,0.5778953317523525,0.3266695646796765,0.09641056964049512,15.000000000001679,0.2528527090034913,
1473,147,ok,1.8271801756385393,0.19981831787744214,-0.3129429749920613,0.08299162663312513,15.000000000001679,0.22558633299195208,
1474,147,ok,1.9721529811086709,0.03807660815000943,0.20060903620636336,0.10088550221046591,15.000000000001679,0.2276952080137562,
1475,147,ok,1.849954986834718,0.15142747574663468,0.07150577522258582,0.08998916638795368,15.000000000001679,0.2742056660063099,
1476,147,ok,1.4511295586217479,0.5497897394594532,-0.051644904188785236,0.09958143613795803,15.000000000001679,0.20993479099706747,
1477,147,ok,1.703406901748888,0.2976914439284608,0.06116087680353295,0.09602154806238816,15.000000000001679,0.25868908400298096,
1478,147,ok,1.8069213520072378,0.21169906388302798,0.25873641843162704,0.1036279570473684,15.000000000001679,0.21463879200746305,
1479,147,ok,2.016191234194418,-0.013934008709620638,0.09537767770924864,0.14950084165316152,15.000000000001679,0.23020904199802317,
1480,147,ok,2.0505913226666466,-0.041992154213716756,-0.18759748059441309,0.10666945655824232,15.000000000001679,0.24126029197941534,
1481,148,ok,1.6571683631573872,0.34297645717807285,0.021908043810511073,0.0980675071655614,15.000000000001679,0.2424891669943463,
1482,148,ok,2.1929684985883258,-0.1929360662435707,-0.011926657910295381,0.07549567466056982,15.000000000001679,0.24686954100616276,
1483,148,ok,2.061877742595835,-0.059847152355432254,-0.09148515915334059,0.08597972344551867,15.000000000001679,0.23051624998333864,
1484,148,ok,1.8948590328741333,0.10951268232046507,-0.12864080284860308,0.09214397789876108,15.000000000001679,0.22009483398869634,
1485,148,ok,1.2611248670431157,0.7883987756019751,0.3499405711141862,0.09845199672299088,15.000000000001679,0.24400116701144725,
1486,148,ok,2.0122173434483965,-0.012212241634764894,0.004531212830656107,0.11337404974615316,15.000000000001679,0.23719475002144463,
1487,148,ok,1.3162891004899955,0.688905230105222,0.11682251676505022,0.09940718972951065,15.000000000001679,0.22688641599961556,
1488,148,ok,1.9484843346894842,0.056831845710610195,0.14383576288909583,0.11107852398796346,15.000000000001679,0.26614358302322216,
1489,148,ok,1.7814888369117612,0.21898839527868702,0.04123275262741709,0.08144709391139389,15.000000000001679,0.2720272910082713,
1490,148,ok,1.8335337792692337,0.16689801756715916,-0.039789970119454586,0.0768025621018036,15.000000000001679,0.2609601670119446,
1491,149,ok,1.8146538956124398,0.18534794699057433,-0.0025859949884362936,0.10997789071062436,15.000000000001679,0.24405087501509115,
1492,149,ok,1.9251695738105332,0.0770106136869732,0.09159534951774699,0.10403242052947169,15.000000000001679,0.20589516701875255,
1493,149,ok,1.95094141286616,0.05043556336311453,-0.07328645056838383,0.07595841444747939,15.000000000001679,0.2831902499892749,
1494,149,ok,1.9945764283691862,0.007717989530432092,0.09564266498438445,0.10761821501429156,15.000000000001679,0.23997691698605195,
1495,149,ok,2.010991817447943,-0.0014396660846820255,0.19577372874167198,0.07590583912300139,15.000000000001679,0.28944925000541843,
1496,149,ok,1.8720220303253408,0.1281884858573385,0.028073787531573934,0.07550986117553625,15.000000000001679,0.25642470800084993,
1497,149,ok,2.025966040188031,-0.009842216554751714,0.2550934349399301,0.07581000245910029,15.000000000001679,0.24667841600603424,
1498,149,ok,2.003503007419613,-0.0034967475825620252,0.005008309648010242,0.09093215556526636,15.000000000001679,0.24345304098096676,
1499,149,ok,2.016246243670164,-0.01593489059624072,0.03543207573327547,0.10238632916769394,15.000000000001679,0.2478231250133831,
1500,149,ok,2.010954759999285,-0.010558623202042197,0.03991327387838638,0.11238681217651206,15.000000000001679,0.23187058299663477,
1501,150,ok,1.203165848701492,0.8013318842062154,0.10393655594139896,0.0979073699943619,15.000000000001679,0.21901387500111014,
1502,150,ok,1.8358538006879617,0.1652803574534632,0.06452139764715338,0.07624260652077684,15.000000000001679,0.2564898330019787,
1503,150,ok,1.7350286867164464,0.26639216352565925,0.07020265695650163,0.0916466967442954,15.000000000001679,0.30484341699047945,
1504,150,ok,1.9167069987085656,0.08728515292727582,0.12364316675806573,0.09891562887744688,15.000000000001679,0.2409461250063032,
1505,150,ok,1.6651451371003743,0.336639563510734,0.07707389915699427,0.08099434223405229,15.000000000001679,0.2609366250107996,
1506,150,ok,1.7648963562307591,0.23550980103056673,0.03786140485271495,0.08739318987179394,15.000000000001679,0.20606870797928423,
1507,150,ok,2.0360405169865694,-0.03419882488750164,0.08658018039506758,0.08143643589278961,15.000000000001679,0.26573116701911204,
1508,150,ok,2.0113119662053767,-0.011310671152313184,-0.002282435052808233,0.07504356249495749,15.000000000001679,0.27459416701458395,
1509,150,ok,1.682333241370622,0.319683856236849,0.08235770777235708,0.09483064698929819,15.000000000001679,0.2270324580022134,
1510,150,ok,1.0733603369673541,1.0387500538786534,0.477599156255934,0.09652901736432477,15.000000000001679,0.2389317080087494,
1511,151,ok,1.3627527152737005,0.7120767635740387,0.4453635594207513,0.09875119551960682,15.000000000001679,0.22116366602131166,
1512,151,ok,1.8253804790356456,0.18809060266960698,-0.22135543614335645,0.09942572944928574,15.000000000001679,0.22401895801885985,
1513,151,ok,1.9992151697926306,0.0011696190742184298,-0.039222486115389754,0.0872454395858998,15.000000000001679,0.20973129197955132,
1514,151,ok,1.8351536708126501,0.1665267070064607,-0.0785154722113513,0.10656031053414954,15.000000000001679,0.2505907920130994,
1515,151,ok,1.9385286213937263,0.06175252013827467,-0.03301397843841729,0.08645538495104718,15.000000000001679,0.24261216699960642,
1516,151,ok,1.9600466658435638,0.04092108945914978,-0.06158534369918841,0.15407430655985282,15.000000000001679,0.25719529201160185,
1517,151,ok,1.2037062104632534,0.8170786786383797,0.22272356987055544,0.09703829438841707,15.000000000001679,0.24897787501686253,
1518,151,ok,1.940656189993819,0.05965995133679003,0.035027750641148735,0.07624067472829678,15.000000000001679,0.21899049999774434,
1519,151,ok,1.8819310290104836,0.11922122988366189,-0.06584539340100028,0.07625378395150258,15.000000000001679,0.2534133750014007,
1520,151,ok,1.864675040546159,0.13532586620129444,-0.0018389067040749801,0.1006366112263089,15.000000000001679,0.21781695800018497,
1521,152,ok,1.9648048420087332,0.03721008345694343,0.08895960149339774,0.08803034516716696,15.000000000001679,0.2528393749962561,
1522,152,ok,1.8754817245567381,0.12991614243365712,-0.14219024163458607,0.08222729261674744,15.000000000001679,0.2502188329817727,
1523,152,ok,1.68427844710819,0.3459438498741742,0.31763523045170433,0.10641266222766314,15.000000000001679,0.24005829100497067,
1524,152,ok,1.884121558888515,0.1289233901026628,-0.22132864379373904,0.08041327663858826,15.000000000001679,0.25900525000179186,
1525,152,ok,1.9955854228650372,0.005259922112767508,0.05807927015611737,0.15255947038815773,15.000000000001679,0.2644487499783281,
1526,152,ok,1.899500716689177,0.10688471881836338,0.15561974443903528,0.09463763691792765,15.000000000001679,0.22286470799008384,
1527,152,ok,1.794438514736698,0.208291268340761,0.0989414173462615,0.10696492861738136,15.000000000001679,0.24618183399434201,
1528,152,ok,1.902490464403167,0.09815888646389405,-0.04970257547374036,-5.4807839118726014e-05,15.000000000001679,0.24845666700275615,
1529,152,ok,1.2993686033377143,0.7241307103894885,0.24600065684581324,0.09995120015099843,15.000000000001679,0.23009270802140236,
1530,152,ok,1.7286968146071695,0.27567463294034533,-0.1228605117503651,0.10453318362057493,15.000000000001679,0.22506212498410605,
1531,153,ok,1.8565801551762058,0.15114882461084803,-0.16923121419009937,0.10070667756668719,15.000000000001679,0.2096891250112094,
1532,153,ok,1.8321292005418304,0.18879836626682175,0.2761268719996527,0.07950947204936627,15.000000000001679,0.24790849999408238,
1533,153,ok,1.9730732026988769,0.02692727034778286,-0.0013662763823517382,0.06876792829388854,15.000000000001679,0.21976854201056994,
1534,153,ok,1.6274675507552385,0.3834202365142976,0.18793748175860364,0.10534312155375782,15.000000000001679,0.2521970829984639,
1535,153,ok,1.852684220593853,0.14930454532098944,-0.08582048279928282,0.07651808834270205,15.000000000001679,0.4018058750079945,
1536,153,ok,1.9047426765889057,0.09762510773636769,0.09494436952238122,0.1020183490437368,15.000000000001679,0.2490542920131702,
1537,153,ok,1.9607426299524344,0.03940800742574904,0.024304311685750837,0.07051427723223613,15.000000000001679,0.24499279100564308,
1538,153,ok,2.0068415952903216,-0.0016043576958299666,0.14489024756852106,0.07520679488243853,15.000000000001679,0.2690571249986533,
1539,153,ok,1.9677063445155898,0.03322275723893879,0.06046102549662081,0.07334621290189154,15.000000000001679,0.24161087500397116,
1540,153,ok,2.0900722369780578,-0.08989609935420399,0.027133921400081286,0.09099952711797132,15.000000000001679,0.26356575000681914,
1541,154,ok,1.7093477404025712,0.29081073067381247,0.02327529247053687,0.08312877806500871,15.000000000001679,0.28420220798579976,
1542,154,ok,1.518499702483776,0.486958630281757,0.12863576471751606,0.1021795509867067,15.000000000001679,0.22541233399533667,
1543,154,ok,1.6444785131305255,0.4259579541007284,0.47613151322845576,0.10304016036130058,15.000000000001679,0.22883891602396034,
1544,154,ok,1.9398316225158887,0.06279646551306167,-0.10094151615633289,0.09294249802918197,15.000000000001679,0.2461709589988459,
1545,154,ok,2.028524944631733,-0.028460687291331572,0.016145931585164724,0.10726309756189553,15.000000000001679,0.25652804199489765,
1546,154,ok,1.5872885119756692,0.42827384362383625,0.22172440012985775,0.1082068648903818,15.000000000001679,0.2374471250222996,
1547,154,ok,1.8416561534412217,0.1615353533484516,0.1083749533809094,0.08083256871968442,15.000000000001679,0.20330762502271682,
1548,154,ok,2.0475021034225476,-0.047461731346626984,0.012857767723380762,0.12083635258350882,15.000000000001679,0.25664533401140943,
1549,154,ok,1.9657464302681464,0.08384118399541846,0.43874186027763706,0.07488982699394961,15.000000000001679,0.2864722500089556,
1550,154,ok,2.139388966388134,-0.12391685771063267,-0.2568313279876101,0.11226039097612318,15.000000000001679,0.2442537079914473,
1551,155,ok,2.122889644825493,-0.12283752416644972,0.014875822604633722,0.09268538911644711,15.000000000001679,0.2229016670025885,
1552,155,ok,1.5898783695244774,0.41176248547484545,0.0722137614085456,0.10001571069357139,15.000000000001679,0.2517901250103023,
1553,155,ok,2.0382432256329137,-0.023096965132933148,-0.24802039534760031,0.09883785459684653,15.000000000001679,0.2464179160015192,
1554,155,ok,1.983197947520913,0.018519195828050224,-0.08251013119153584,0.09652897440999715,15.000000000001679,0.23280304099898785,
1555,155,ok,1.3660045178346643,0.6465676459045829,0.184903233158457,0.0944112574913673,15.000000000001679,0.264466042019194,
1556,155,ok,1.949976101401524,0.059710594197860005,0.19412320255205226,0.07742799920266606,15.000000000001679,0.25414766700123437,
1557,155,ok,2.0105930871617543,-0.010173351909680616,0.04108110776055137,0.10737784545447726,15.000000000001679,0.28852324999752454,
1558,155,ok,1.9149425618801963,0.08521279447218774,-0.024392065252460987,0.09894114498755394,15.000000000001679,0.21156716599944048,
1559,155,ok,1.885491974318491,0.11792626792876532,0.11348326866501325,0.1130588353941395,15.000000000001679,0.22190854197833687,
1560,155,ok,2.074000967828793,-0.07368107898477515,-0.03642522773172569,0.09611077700743804,15.000000000001679,0.24004612502176315,
1561,156,ok,2.149369638428158,-0.14464051001622327,-0.14250236978430836,0.07349431739712958,15.000000000001679,0.278805249981815,
1562,156,ok,1.7915648789286478,0.23649389809980398,0.31583372836256013,0.10446549340342322,15.000000000001679,0.2029481249919627,
1563,156,ok,1.662549276391138,0.34347853308303605,0.14144513449379142,0.10994496304901881,15.000000000001679,0.2091123330174014,
1564,156,ok,1.7525076486900908,0.28104858761266593,-0.3413049964018396,0.09865086120337255,15.000000000001679,0.2341602079977747,
1565,156,ok,1.9786911336238135,0.0216567076831625,0.03710013512735556,0.07796715893760928,15.000000000001679,0.25013016600860283,
1566,156,ok,1.2857863670298408,0.7705161597216591,0.3763191041313474,0.09271823745579964,15.000000000001679,0.23313462498481385,
1567,156,ok,1.731398754383623,0.26865924173320854,-0.014171289473157194,0.08140152500902953,15.000000000001679,0.2573952919919975,
1568,156,ok,1.545348537485951,0.4629983090515042,-0.16039920302617672,0.09117012477433717,15.000000000001679,0.20204366600955836,
1569,156,ok,1.7602948263862699,0.23989606426804272,-0.025923179263776405,0.07509428150613053,15.000000000001679,0.28361633300664835,
1570,156,ok,1.4679922189638615,0.532100081956357,-0.016461638615535425,0.10038705841938901,15.000000000001679,0.23909433302469552,
1571,157,ok,1.9638178084668405,0.03708064591840455,0.059396920992562066,0.07597477448768074,15.000000000001679,0.281375291000586,
1572,157,ok,1.8233105822334432,0.1809858538571762,-0.12509602478397105,0.09243373462304959,15.000000000001679,0.2519039169710595,
1573,157,ok,1.8512521788065237,0.14983817548232378,-0.0635283608581564,0.10269766058937746,15.000000000001679,0.2247374170110561,
1574,157,ok,1.9880304475464596,0.012038887679555157,0.016603501842577466,0.12057037167705324,15.000000000001679,0.25423262498225085,
1575,157,ok,1.5281374150674516,0.4840097050169725,0.19229504633844802,0.09363175215818323,15.000000000001679,0.24380554200615734,
1576,157,ok,2.0626526519274426,-0.062399833691299623,0.0322937841296279,0.07356751106219597,15.000000000001679,0.2342449999996461,
1577,157,ok,2.042324325457503,-0.04222917527784259,0.019714106609905142,0.09227713077366305,15.000000000001679,0.23550887501914985,
1578,157,ok,1.7146911954706352,0.28720155652510065,0.08054432229821476,0.09539613016461372,15.000000000001679,0.2569006249832455,
1579,157,ok,1.79622970719336,0.20547908995744957,0.07833175871892237,0.09202844912967839,15.000000000001679,0.23741608401178382,
1580,157,ok,1.867922634704237,0.13211354009610074,0.011625065509361921,0.07547577298104156,15.000000000001679,0.2767035409924574,
1581,158,ok,1.7216411117131094,0.2831279312122438,0.1280563038557669,0.07541102806712953,15.000000000001679,0.2697848329844419,
1582,158,ok,1.1198869994586613,0.9735479148979022,0.4478202859921375,0.09836064129623343,15.000000000001679,0.21362354198936373,
1583,158,ok,1.9105728622636602,0.09075154669100141,0.07112668666226263,0.11128599481470099,15.000000000001679,0.23824312500073574,
1584,158,ok,2.0006789363952473,-0.0006641841677930867,-0.0076830152829543774,0.10305407798195274,15.000000000001679,0.2509337089722976,
1585,158,ok,1.917359306756783,0.09211617883100572,-0.19038391772533683,0.07549334760594886,15.000000000001679,0.24159162500291131,
1586,158,ok,1.1750196252749268,0.825084703160665,-0.01565774677807855,0.09705239808591881,15.000000000001679,0.26620641601039097,
1587,158,ok,1.656427800680827,0.3499588412750573,-0.14531769810305176,0.0998320927324282,15.000000000001679,0.19952824999927543,
1588,158,ok,1.4833517972406396,0.5680946587210586,0.38727205940252574,0.10001250842327132,15.000000000001679,0.25817937499959953,
1589,158,ok,1.986408621896885,0.018107784506228165,-0.13387478967852987,0.07833234156995147,15.000000000001679,0.26608245802344754,
1590,158,ok,1.930518098813247,0.06974373329219598,0.03179425546801573,0.08873509538384358,15.000000000001679,0.21134258297388442,
1591,159,ok,1.2372228942246228,0.7751519424232174,0.1745500668688927,0.09890605889344038,15.000000000001679,0.23703075002413243,
1592,159,ok,1.938819548853246,0.06496615959575108,-0.12110028697690473,0.08127688795809229,15.000000000001679,0.2414170000120066,
1593,159,ok,1.6805090638491134,0.3199352810001394,-0.038642640320544375,0.07650457332941799,15.000000000001679,0.23527487501269206,
1594,159,ok,1.8701442715473227,0.13348691433301826,-0.11648389345823047,0.09855498858247787,15.000000000001679,0.20911545801209286,
1595,159,ok,1.7314279293553974,0.27080973023859617,-0.08799821313187198,0.09762971994085753,15.000000000001679,0.22429545898921788,
1596,159,ok,2.010800874319795,-0.010306102378673984,0.04460415792632325,0.11297405241847788,15.000000000001679,0.2251129159994889,
1597,159,ok,2.01896337129795,-0.018276700898874915,-0.052652191327021744,0.08893523097058065,15.000000000001679,0.21846800000639632,
1598,159,ok,1.8367455691173142,0.1641143341756146,0.05619704345105742,0.09606881568527965,15.000000000001679,0.2743864999793004,
1599,159,ok,2.0348162962577634,-0.028537934042115406,0.15972228920319229,0.07694917696534309,15.000000000001679,0.21547649998683482,
1600,159,ok,1.8659270717069905,0.13609551929648672,-0.08685576401362657,0.09990155869142045,15.000000000001679,0.2577321669959929,
1601,160,ok,1.8538452430181813,0.15414574181750237,0.17194255613628873,0.07504296438806102,15.000000000001679,0.249882083007833,
1602,160,ok,1.7173960252608678,0.2870857603032745,0.12399159256181462,0.0967751679920357,15.000000000001679,0.25167974998475984,
1603,160,ok,1.976582552711088,0.02730102860333311,0.12384407911730573,0.10617521867097551,15.000000000001679,0.21206224997877143,
1604,160,ok,1.555940903714447,0.44435036148102236,0.03010478412984214,0.08599923222799301,15.000000000001679,0.2520456250058487,
1605,160,ok,1.7729173461273813,0.2277951347419252,0.050257653695384305,0.10088353854361189,15.000000000001679,0.2331905419996474,
1606,160,ok,1.9252820947496267,0.07546224459500138,-0.05353104131435642,0.08444008639829222,15.000000000001679,0.3070241670066025,
1607,160,ok,1.8049853168227747,0.1950983735700669,0.017381393971561476,0.09584169236088477,15.000000000001679,0.2504599579842761,
1608,160,ok,1.4136968064743316,0.5865710610300325,0.02751899558405917,0.09845466517476634,15.000000000001679,0.24741941699176095,
1609,160,ok,1.9782326030217152,0.02329475150378972,0.07772124693805907,0.13886743839743218,15.000000000001679,0.23298883298411965,
1610,160,ok,1.9434565225737577,0.07204588237924596,0.2449819901210344,0.0887009587063562,15.000000000001679,0.23822224998730235,
1611,161,ok,2.012606520971591,-0.012604672903108932,0.0027274284484926138,0.086269026971116,15.000000000001679,0.24370670798816718,
1612,161,ok,1.638851482158613,0.36133003159675614,-0.024390884092102053,0.09459917959354845,15.000000000001679,0.24544787500053644,
1613,161,ok,1.9440646942804012,0.08138793266833196,0.31355266006980825,0.07693038016678806,15.000000000001679,0.2876027080055792,
1614,161,ok,2.0034649861462746,-0.0032301760177137987,-0.030672668715526093,0.07608574726982087,15.000000000001679,0.25193441699957475,
1615,161,ok,1.2481156855770883,0.7615375876739583,0.15493100993386225,0.0936747081232731,15.000000000001679,0.2514759170007892,
1616,161,ok,1.526006503171283,0.48169816845991936,0.15315154606821135,0.09458729456478915,15.000000000001679,0.25272295900504105,
1617,161,ok,2.037204712846786,-0.032213004084277935,-0.14252490335345036,0.07627819952962077,15.000000000001679,0.2561435420066118,
1618,161,ok,2.0001240089297183,0.006037674193310665,0.15687668520422532,0.10231503526267476,15.000000000001679,0.269751667015953,
1619,161,ok,1.7743885877644145,0.22909187085332275,-0.11108221509678742,0.08038029759217451,15.000000000001679,0.22894020800595172,
1620,161,ok,1.7090897811307704,0.30205652470561034,0.19487389427738847,0.09879833299564411,15.000000000001679,0.22669458398013376,
1621,162,ok,1.8335421979978563,0.16742953808728867,0.05968663136617796,0.10205929413137912,15.000000000001679,0.22633820798364468,
1622,162,ok,2.001600901673168,-0.0012539289102126581,0.037267701837868754,0.13367233788716135,15.000000000001679,0.22627124999416992,
1623,162,ok,1.7954535309189825,0.2045495474288451,-0.003324763371523006,0.08122092231094633,15.000000000001679,0.3068425419915002,
1624,162,ok,1.80800520950478,0.1925730981422398,0.045725616860598374,0.10065093767345996,15.000000000001679,0.22759466597926803,
1625,162,ok,2.0482705405942103,-0.036828921085681726,0.21619471245854985,0.07555192561048095,15.000000000001679,0.31172583397710696,
1626,162,ok,1.9484397347921623,0.05158125191782236,-0.00904335329570665,0.0765799181462463,15.000000000001679,0.25098275000345893,
1627,162,ok,2.0300941455957116,-0.030093374931923128,-0.0017689091259986726,0.0775527719703142,15.000000000001679,0.2567160420003347,
1628,162,ok,2.0129965570246187,0.006996789367555272,0.2830076695104496,0.07534741158939265,15.000000000001679,0.25701075000688434,
1629,162,ok,1.302248738279586,0.7786087804108385,0.45172476693366526,0.09023631734892092,15.000000000001679,0.21809870799188502,
1630,162,ok,1.3468114118887045,0.6578298520511153,0.11171514287917686,0.09669721083560343,15.000000000001679,0.2813899170141667,
1631,163,ok,1.7993561571473002,0.2012963666555326,0.04845430483776795,0.10171260368589022,15.000000000001679,0.23871991600026377,
1632,163,ok,1.8652868213952343,0.13472468835470552,-0.006552696947570656,0.0770967821557185,15.000000000001679,0.2249046249780804,
1633,163,ok,1.9352198101618003,0.06596686192971261,-0.06776086251422418,0.09608238014704186,15.000000000001679,0.24872079098713584,
1634,163,ok,1.846676901404814,0.1703059368832715,0.2498703935593068,0.11347204268290337,15.000000000001679,0.22662566698272713,
1635,163,ok,2.099736481235219,-0.09673123073660668,-0.1123006530871981,0.07792427427077037,15.000000000001679,0.2567127500078641,
1636,163,ok,1.8604106085839132,0.13984539572487759,0.03086228646145742,0.09903889294788516,15.000000000001679,0.1908547499915585,
1637,163,ok,2.0280734569026952,-0.027765629615471996,-0.035334090386159464,0.11135217508009382,15.000000000001679,0.23623512499034405,
1638,163,ok,1.4122069698578792,0.588231518977201,0.03518922712638464,0.0997807525012465,15.000000000001679,0.2271140000084415,
1639,163,ok,1.958282398439273,0.04778549514561059,0.15404051114301937,0.075013933411566,15.000000000001679,0.23869770800229162,
1640,163,ok,2.0502983184555723,-0.05028293933824794,-0.007941241733074431,0.1274278911561341,15.000000000001679,0.22857166599715129,
1641,164,ok,1.9412166695375312,0.06281335451496774,-0.12502023294184564,0.07493536875600383,15.000000000001679,0.23210662498604506,
1642,164,ok,1.5706183092749284,0.431496754008751,-0.08148276348130623,0.08957771704785376,15.000000000001679,0.24361266600317322,
1643,164,ok,1.9170428287027856,0.08324219939605765,-0.033056631781170326,0.12555260812715593,15.000000000001679,0.23609870800282806,
1644,164,ok,1.6627714190611296,0.3527767840849212,0.22685781669792332,0.08984320888423476,15.000000000001679,0.25219270898378454,
1645,164,ok,2.0269878261985284,-0.0256005148498433,-0.07498134299333736,0.0745519886938875,15.000000000001679,0.2550311250088271,
1646,164,ok,2.0103398581938325,-0.010267465785202467,-0.01706052309684143,0.09291827481357774,15.000000000001679,0.22798204101854935,
1647,164,ok,1.5941234571461687,0.4167107143940208,-0.1855387687491769,0.09854704896229362,15.000000000001679,0.24082120900857262,
1648,164,ok,1.8779805446768096,0.12275732884878235,-0.05263914696922701,0.07789813647637411,15.000000000001679,0.2544194590009283,
1649,164,ok,2.0436019530569314,-0.04359202171606452,0.006371131497158795,0.1200118594496944,15.000000000001679,0.2125538330001291,
1650,164,ok,1.8431335483058087,0.1591280746012033,0.0912788648531959,0.08397093483948116,15.000000000001679,0.26068395798210986,
1651,165,ok,1.8883846956925419,0.11236781471882122,0.0533056471343841,0.08894299645198786,15.000000000001679,0.25500329199712723,
1652,165,ok,1.995526257942862,0.0044957397520076475,-0.00936981705020725,0.09854485236101213,15.000000000001679,0.1988062910095323,
1653,165,ok,1.979830575253353,0.020196177698064012,-0.010292322705123504,0.07478581891822682,15.000000000001679,0.25953491701511666,
1654,165,ok,1.9943745792096206,0.005644646992385912,0.008757175767716554,0.07499803395743435,15.000000000001679,0.30437574998359196,
1655,165,ok,1.9347319895913366,0.0653388748593766,0.016559058477747652,0.09554106673254581,15.000000000001679,0.23544775001937523,
1656,165,ok,1.2960845120231126,0.712211259266881,-0.14640772365964025,0.09926526506679871,15.000000000001679,0.24571066698990762,
1657,165,ok,1.9156953959807275,0.08692155536151727,0.10009852567026224,0.07736480763246524,15.000000000001679,0.23353274998953566,
1658,165,ok,1.9777906488395132,0.04732708836528048,0.3142043137912176,0.07678774206612383,15.000000000001679,0.2313420410209801,
1659,165,ok,1.9996426443006639,0.0003991321974414672,0.012925725859920505,0.10403442416784771,15.000000000001679,0.20267029100796208,
1660,165,ok,1.9785731383727203,0.022450891090385252,0.06364892568507621,0.07504035429542931,15.000000000001679,0.3058377919951454,
1661,166,ok,1.4742786041263685,0.5263769554078856,0.04396049399018709,0.09846455692595253,15.000000000001679,0.2279803749988787,
1662,166,ok,1.5764176016852094,0.5610090881159063,0.6437372215570044,0.09709041504751727,15.000000000001679,0.22140645800391212,
1663,166,ok,1.7925900997797009,0.20741684577824496,-0.004990093043402287,0.07722800331228427,15.000000000001679,0.27307866601040587,
1664,166,ok,2.039033299827765,-0.03903320200411353,-0.0006316101299421806,0.11613685423274091,15.000000000001679,0.23976304198731668,
1665,166,ok,2.009783632882493,-0.008333014192621157,-0.07634628416847344,0.08628001703443605,15.000000000001679,0.28528508299496025,
1666,166,ok,1.8843210196191504,0.11573356404816405,-0.014342361169646288,0.09854785616464518,15.000000000001679,0.22089941700687632,
1667,166,ok,1.665861741199189,0.3400314021897799,0.13999855383240709,0.10178059670803427,15.000000000001679,0.20566987502388656,
1668,166,ok,1.9844556569614196,0.019546877770448567,0.1259749383703004,0.07481962439124486,15.000000000001679,0.280094415997155,
1669,166,ok,1.9824065378244222,0.01807879123441196,0.04386346377298052,0.0907618500865126,15.000000000001679,0.24743062499328516,
1670,166,ok,1.1715690785708783,0.873501680241676,0.32183169739025064,0.09907252014829397,15.000000000001679,0.2319335000065621,
1671,167,ok,1.3033806259257048,0.7110849255492404,0.19364655145928877,0.09886862734960318,15.000000000001679,0.27100404200609773,
1672,167,ok,1.66948222583927,0.3369643315111628,-0.14657171530390753,0.08291191582889242,15.000000000001679,0.24078187500708736,
1673,167,ok,1.7924119411684472,0.21072577476681087,-0.10601091339768431,0.09579278348699377,15.000000000001679,0.21575574998860247,
1674,167,ok,2.008365306077079,-0.00828968101473969,-0.017428705740698776,0.07500827692015356,15.000000000001679,0.2721634169865865,
1675,167,ok,1.5459719462461627,0.4770415522722055,0.2657570790678879,0.09316723944334095,15.000000000001679,0.2799087919993326,
1676,167,ok,1.9322682168098435,0.06829692693880364,0.04673006761628601,0.09733999668176115,15.000000000001679,0.22880449998774566,
1677,167,ok,1.663722465165036,0.3486441820249058,0.20247568628018606,0.0918203453695331,15.000000000001679,0.21171504200901836,
1678,167,ok,2.0043253309870828,-0.0016361776760922225,-0.10379135154107234,0.07509340441673591,15.000000000001679,0.23929283398319967,
1679,167,ok,1.5677115883866193,0.43667677958050977,0.11721831281387105,0.09115447504410396,15.000000000001679,0.23422616699826904,
1680,167,ok,1.545561582797829,0.48510193360101894,0.30634042279979806,0.09082659067637751,15.000000000001679,0.24630966599215753,
1681,168,ok,1.4775933395448777,0.528065800348732,0.12919670647646164,0.10244789466373974,15.000000000001679,0.2299564169952646,
1682,168,ok,1.8719025007631231,0.12828471424945448,0.026473787998470475,0.10463135550624268,15.000000000001679,0.2355258750030771,
1683,168,ok,1.6268881875271737,0.37503778358933865,-0.07913892817825813,0.10115022112153682,15.000000000001679,0.20630558399716392,
1684,168,ok,1.6804871950222873,0.3195204285906885,-0.0050618879730688245,0.09951630320434651,15.000000000001679,0.2490768329880666,
1685,168,ok,1.887505757664568,0.12386138534527823,-0.20683782008703308,0.09722953605261905,15.000000000001679,0.24940408300608397,
1686,168,ok,1.9716931124508352,0.03904997858503481,0.20554499069232948,0.0804147337395008,15.000000000001679,0.26424654200673103,
1687,168,ok,1.5566116276662139,0.45154113590892253,-0.15910658566957564,0.09121791784270195,15.000000000001679,0.22099137501209043,
1688,168,ok,1.1453033660062222,0.9598047153667773,0.47928443539509114,0.09841141793252056,15.000000000001679,0.24365608298103325,
1689,168,ok,1.9859469128116196,0.018874224134448024,0.13829606179178344,0.07573177167593226,15.000000000001679,0.2792535000189673,
1690,168,ok,1.8985688705774573,0.11034812056710158,-0.18379208601426744,0.09814395892425815,15.000000000001679,0.22125579201383516,
1691,169,ok,1.258577046925106,0.8632378512802898,0.54017404628959,0.09807470158862934,15.000000000001679,0.2232369590201415,
1692,169,ok,2.012220696106966,-0.011876345231411753,-0.037225009597029166,0.10632422881999735,15.000000000001679,0.1938851249869913,
1693,169,ok,1.475573619981963,0.5514860393337121,0.2812913325033995,0.08457443475814966,15.000000000001679,0.286676499992609,
1694,169,ok,2.114396313123153,-0.11177218817668201,0.10530904136042092,0.0741968264139126,15.000000000001679,0.21328312502009794,
1695,169,ok,1.5354471440399675,0.4802629863938841,-0.2190829560145129,0.09863244831771116,15.000000000001679,0.24722187500447035,
1696,169,ok,1.9633618578566239,0.04155885044542825,0.13891741653796025,0.11711239980175629,15.000000000001679,0.20283445800305344,
1697,169,ok,1.5208677023114534,0.4850971084114708,0.13456521463897267,0.09979632864719273,15.000000000001679,0.2708114580018446,
1698,169,ok,2.018830345617752,-0.018747896940791167,-0.018245355141083944,0.09053338497068496,15.000000000001679,0.22773287500604056,
1699,169,ok,1.9981172930605897,0.004603447981289642,0.10423683139668051,0.07502724396540662,15.000000000001679,0.27297841699328274,
1700,169,ok,1.9642988560658636,0.042247175076213526,0.1602306850905727,0.07583790829827172,15.000000000001679,0.24504150002030656,
1701,170,ok,1.772639121597522,0.2277492982791339,0.03710667955950028,0.10117234239840613,15.000000000001679,0.2599563749972731,
1702,170,ok,2.009645539278439,-0.008303844182329061,0.07342249644494311,0.08606724807837728,15.000000000001679,0.24413787500816397,
1703,170,ok,1.9119230478563474,0.08818804148495459,0.020610099542953488,0.0769771762733856,15.000000000001679,0.27216620900435373,
1704,170,ok,1.793687334383618,0.20638408713200126,-0.016006580987354968,0.10100742883888916,15.000000000001679,0.22509270801674575,
1705,170,ok,1.9542668789370954,0.07425682062214033,0.33267437711700687,0.10118270542839214,15.000000000001679,0.24181129099451937,
1706,170,ok,2.130093137435635,-0.12401755455927518,-0.1607675404875718,0.08387911161294061,15.000000000001679,0.22987087498768233,
1707,170,ok,2.104719998410748,-0.10418638734489077,0.04739112810006469,0.08270414763353139,15.000000000001679,0.24529308298951946,
1708,170,ok,1.9995683600558392,0.0006080935439980686,-0.026563714624127065,0.07621436667207904,15.000000000001679,0.3324995410221163,
1709,170,ok,2.028783537665101,-0.02875426797862355,0.010897837374592951,0.09989717867325099,15.000000000001679,0.23559070800547488,
1710,170,ok,1.2580459900745635,0.7420404954774521,0.014751207546317441,0.09480876948970417,15.000000000001679,0.23782583401771262,
1711,171,ok,2.114284433319731,-0.11376132233361189,0.04702910997024919,0.10773647392011597,15.000000000001679,0.2141701250220649,
1712,171,ok,1.82040930684832,0.18271990670784272,0.10669164439649975,0.09232430079949142,15.000000000001679,0.22154620799119584,
1713,171,ok,1.9969317842640595,0.0030888356324793517,0.009074834896211036,0.1134110294385101,15.000000000001679,0.2276317499927245,
1714,171,ok,1.3549950554536123,0.7594203280879974,0.5449529135094574,0.09730543977308964,15.000000000001679,0.18156024999916553,
1715,171,ok,1.6365737595974952,0.42976004591707745,0.4612159550630712,0.09809924315309805,15.000000000001679,0.2451338339888025,
1716,171,ok,1.872938049350056,0.13131835963156197,-0.12619771651308245,0.07520543640919783,15.000000000001679,0.2911125410173554,
1717,171,ok,1.779094321849996,0.22679329080153135,0.14461871418469446,0.09576790583938959,15.000000000001679,0.20089708399609663,
1718,171,ok,2.065668269214164,-0.0641205477298194,0.07994850141053572,0.0779178020328291,15.000000000001679,0.26631729200016707,
1719,171,ok,2.000700773544434,-0.00018556563862184134,0.04540141266748441,0.08410674813644205,15.000000000001679,0.2444816249771975,
1720,171,ok,2.01901817006715,-0.01888927040617086,-0.022814138163468636,0.09399486892450228,15.000000000001679,0.25198229201487266,
1721,172,ok,1.655617831130694,0.34458855355187423,0.026140882280960964,0.09557906838790223,15.000000000001679,0.2734822080237791,
1722,172,ok,1.170530766993011,0.8893105831290065,0.3694743505685055,0.09682328469008629,15.000000000001679,0.23948883300181478,
1723,172,ok,1.9652391763427661,0.034814624149977394,-0.014541622247856502,0.07504365759839692,15.000000000001679,0.26061058399500325,
1724,172,ok,1.8946815856266292,0.10557608595382051,0.0312465166473284,0.10337783071484093,15.000000000001679,0.22741833300096914,
1725,172,ok,1.8404912847313477,0.15962566393404357,0.020747826918443794,0.09902414870897273,15.000000000001679,0.2694493330200203,
1726,172,ok,1.9643815167509557,0.03562795603849939,-0.006100512708092878,0.10272411634488493,15.000000000001679,0.22735545798786916,
1727,172,ok,1.9699146615711205,0.03010568629710298,-0.00895358664748238,0.09823764998611008,15.000000000001679,0.24349220798467286,
1728,172,ok,2.1942223681762987,-0.1819635686577756,0.23161775850618346,0.14296159616548157,15.000000000001679,0.21374154099612497,
1729,172,ok,1.764187340260961,0.23614540018651412,0.034262548852230554,0.09911122490082867,15.000000000001679,0.2234243749990128,
1730,172,ok,1.674024992081871,0.3271044928787077,0.06148411476229111,0.08177009593926271,15.000000000001679,0.21936733298934996,
1731,173,ok,1.2818751520443503,0.7977818773609432,0.44483198067017177,0.09831942866896916,15.000000000001679,0.2144151249958668,
1732,173,ok,1.8569587915778158,0.14864600580590684,-0.14416775575599355,0.09815276372207027,15.000000000001679,0.24944824998965487,
1733,173,ok,1.5601767419429675,0.4432931112301625,0.10399581028246604,0.09079543068621893,15.000000000001679,0.2159035000076983,
1734,173,ok,1.7313830769521177,0.2701629900144942,0.07315243017554411,0.09720460220071042,15.000000000001679,0.23341924999840558,
1735,173,ok,1.6016549083533496,0.5032364940212936,0.5700854783475082,0.10208524881797551,15.000000000001679,0.23875041599967517,
1736,173,ok,1.8658305308881653,0.13417442785072276,-0.004301663426502993,0.07903637841967022,15.000000000001679,0.2559410829853732,
1737,173,ok,2.0112889365466713,-0.011116496975286817,-0.026336701936503285,0.10465027057834178,15.000000000001679,0.22963549999985844,
1738,173,ok,2.117083346092651,-0.11686974423558742,-0.030072915435908447,0.09464228418747653,15.000000000001679,0.217843874997925,
1739,173,ok,1.900902424356333,0.09944574524271171,-0.036380649358602996,0.09534162989065749,15.000000000001679,0.23936537498957478,
1740,173,ok,2.048014695247085,-0.04271061252335912,0.1473008670458298,0.07577417130702169,15.000000000001679,0.26984129199991,
1741,174,ok,2.1666779665814313,-0.158746627588015,-0.18521989295650032,0.07788207520099144,15.000000000001679,0.2374324999982491,
1742,174,ok,1.3455424819687833,0.6652730024993353,0.1702598394383554,0.0757703015631791,15.000000000001679,0.23315412498777732,
1743,174,ok,1.5120999140381208,0.4935829622842667,-0.13097273958288994,0.09358359295552221,15.000000000001679,0.248729708022438,
1744,174,ok,1.934501417688915,0.06576469218186627,0.032085963132053794,0.0996672250967353,15.000000000001679,0.2465547079918906,
1745,174,ok,1.9996327795717561,0.01444613873903509,-0.23686940952672603,0.09836483654472433,15.000000000001679,0.222199375013588,
1746,174,ok,1.4814017890542692,0.5284075498483957,0.17019671345236742,0.10074071107770242,15.000000000001679,0.22761583302053623,
1747,174,ok,1.8932382705077473,0.10686809727483061,-0.020068577412095143,0.09826965327538281,15.000000000001679,0.23433854200993665,
1748,174,ok,1.3751020770413975,0.7260131511460609,0.5175550514010818,0.09385604248680526,15.000000000001679,0.23709662500186823,
1749,174,ok,2.0420491140448456,-0.04141497537306163,-0.05088695799457338,0.07372796789353579,15.000000000001679,0.22668833399075083,
1750,174,ok,1.7921528438443166,0.20848124749811436,0.047669436050356305,0.0912232088763847,15.000000000001679,0.2834532080159988,
1751,175,ok,2.0233583247122233,-0.0217742525922493,-0.08004862108310662,0.08524696448261476,15.000000000001679,0.2265715829853434,
1752,175,ok,1.5883377897386,0.41422729457519125,0.09023226164395642,0.08589376672555735,15.000000000001679,0.2410363749950193,
1753,175,ok,1.7978371611270683,0.20219999071518951,0.011557878047957748,0.09867646634199842,15.000000000001679,0.23153245900175534,
1754,175,ok,1.9900044633174818,0.010128043937468165,0.022964374569592477,0.07500101067540083,15.000000000001679,0.2956842499843333,
1755,175,ok,2.141336431774564,-0.1368654242814235,0.13830355221610555,0.08230861277831525,15.000000000001679,0.26477662500110455,
1756,175,ok,1.1807936775306824,0.9161387460752325,0.46852800464546773,0.09594977526087353,15.000000000001679,0.21114016699721105,
1757,175,ok,1.733109364320525,0.2668906999250152,0.0004718994496026873,0.08562306137523666,15.000000000001679,0.2484040000126697,
1758,175,ok,1.670136287450018,0.33401319270517843,0.11765702944123706,0.09513526332223787,15.000000000001679,0.22849145898362622,
1759,175,ok,1.4075750441499464,0.6096388749960227,0.21946172101621256,0.09691530844882977,15.000000000001679,0.27428949999739416,
1760,175,ok,1.7287879384738754,0.2731108385103779,-0.08100345759547734,0.09550295700057564,15.000000000001679,0.24076729101943783,
1761,176,ok,1.977590969805854,0.02401541274887555,0.07969287799836128,0.07670480604350138,15.000000000001679,0.2554919160029385,
1762,176,ok,2.0080424766660587,-0.007563107599032157,-0.04387433307158217,0.07384551841248103,15.000000000001679,0.22857858400675468,
1763,176,ok,1.2975204162171363,0.7581875664487387,0.37611316166518943,0.09779300398654402,15.000000000001679,0.23119670801679604,
1764,176,ok,2.0242224423680755,-0.024173090866586158,0.014134864632791582,0.07666859247942559,15.000000000001679,0.26880891699693166,
1765,176,ok,1.8714784894343173,0.12852420242543722,0.0031741940721497813,0.09449953900194825,15.000000000001679,0.2509846250177361,
1766,176,ok,2.058425172850327,-0.04836180538444742,0.20329315400688008,0.07569621600275686,15.000000000001679,0.25716312500298955,
1767,176,ok,1.3080309582574756,0.7196749768355936,0.26779249955708706,0.09845934579661304,15.000000000001679,0.24071841599652544,
1768,176,ok,1.4659704386545958,0.5340621460001558,-0.009774211962041252,0.09899512276571813,15.000000000001679,0.25322383298771456,
1769,176,ok,1.782203283662609,0.22116706587573504,0.10955335126158504,0.09846931941645884,15.000000000001679,0.23443854198558256,
1770,176,ok,1.9799920882712694,0.020190945817363547,-0.026921712302083935,0.08664810056208734,15.000000000001679,0.2043735420156736,
1771,177,ok,1.5866400539058525,0.4900623406143142,0.4873550301651178,0.10291808952744695,15.000000000001679,0.2668599169992376,
1772,177,ok,1.3467094977997836,0.6752995700320836,0.24247730266349254,0.09917991905642792,15.000000000001679,0.26106824999442324,
1773,177,ok,2.028086460314653,-6.443508026471132e-05,0.3359716446944285,0.07505608488275257,15.000000000001679,0.29724254200118594,
1774,177,ok,1.946284801554315,0.05372196582438272,-0.005132489339018221,0.0949394243188837,15.000000000001679,0.2589266670111101,
1775,177,ok,1.697164446777964,0.3627755107322654,0.4470605452834754,0.10273944885018871,15.000000000001679,0.28206349999527447,
1776,177,ok,1.9823418786789646,0.020509850180223135,0.10629238322158784,0.08376249721406091,15.000000000001679,0.23765908399946056,
1777,177,ok,1.5783853759296014,0.44629883191092756,0.2780522886564338,0.09210446232840382,15.000000000001679,0.20669529199949466,
1778,177,ok,1.9742672842998503,0.026439273792733486,0.05281448502970842,0.10047511931914296,15.000000000001679,0.24995812500128523,
1779,177,ok,1.6148785763116587,0.4060570137366294,0.2591882959783823,0.10432287611905544,15.000000000001679,0.2641329169855453,
1780,177,ok,1.3068168982825241,0.6955516450964689,-0.07864410356936288,0.09605590841613915,15.000000000001679,0.24770266699488275,
1781,178,ok,1.6318057558061005,0.38205312889602283,0.21222145736651937,0.097189338415377,15.000000000001679,0.23839016701094806,
1782,178,ok,1.2976954567689731,0.7520446351390757,0.3558383141732644,0.10194167708880213,15.000000000001679,0.26934295799583197,
1783,178,ok,2.0236385328983872,-0.023564903104675693,0.01726252455758168,0.09757042191986928,15.000000000001679,0.2559425000217743,
1784,178,ok,2.1295537848573445,-0.12209283450371378,0.1781048128160389,0.0802446768955886,15.000000000001679,0.2924325409985613,
1785,178,ok,2.055362130188631,-0.05499047153267634,0.039085139419671816,0.07320806692562631,15.000000000001679,0.2521054999961052,
1786,178,ok,1.9370273138514236,0.06299846560590347,0.009993515966744616,0.09513071333297467,15.000000000001679,0.22589887501089834,
1787,178,ok,1.226521407447261,0.7892601166717804,0.19612164042955374,0.09546597345909195,15.000000000001679,0.23889233398949727,
1788,178,ok,2.0610198346889046,-0.060751388131568836,0.03326372340691713,0.07450147157977369,15.000000000001679,0.2757580000034068,
1789,178,ok,1.6743974041863199,0.3545161958136506,0.30982207362663233,0.09694340642900685,15.000000000001679,0.21751520899124444,
1790,178,ok,2.180063650109763,-0.1741486202372396,-0.16048456514696444,0.08239731001173303,15.000000000001679,0.2309977500117384,
1791,179,ok,1.6849228659362863,0.31749156143445373,0.09016883225746995,0.0994258119736274,15.000000000001679,0.25722454200149514,
1792,179,ok,1.8292683323069157,0.17985549675369378,-0.18247361147076044,0.08549968927443782,15.000000000001679,0.2508145829779096,
1793,179,ok,1.8791332438525856,0.12086978942568073,-0.00337636770144652,0.10506340775854997,15.000000000001679,0.2690919169981498,
1794,179,ok,1.9767855549533593,0.02486587583644992,-0.08078565365797545,0.1512461439123563,15.000000000001679,0.18909891598741524,
1795,179,ok,2.107928040683169,-0.10782370238006336,-0.020972944075308163,0.1211484588258224,15.000000000001679,0.2597448749875184,
1796,179,ok,1.1859975387483772,0.8650899116526936,0.34433886403471453,0.09759375288116867,15.000000000001679,0.2526189160125796,
1797,179,ok,1.4424275932609747,0.6076953820106745,0.3769419219538293,0.09613347888212734,15.000000000001679,0.2159108330088202,
1798,179,ok,2.0083668993142925,-0.008358803934794793,0.005702360818708978,0.07500609208551283,15.000000000001679,0.29632287498679943,
1799,179,ok,1.8480008816143119,0.1691504145667667,0.25119126968553535,0.10378686766444481,15.000000000001679,0.24478820801596157,
1800,179,ok,2.0001228222896272,-5.987374921680653e-06,0.021618388198223,0.1037758583505589,15.000000000001679,0.2077914170222357,
1801,180,ok,1.7149070745720243,0.29387162830376173,0.1732981641862393,0.0916447309313298,15.000000000001679,0.24583645799430087,
1802,180,ok,2.0079578517615255,-0.007703148814411845,0.0319812553139641,0.1103537079747541,15.000000000001679,0.2570875840028748,
1803,180,ok,1.7121732875086153,0.28832587626109624,0.041340785922806204,0.07662480653109527,15.000000000001679,0.2459592080267612,
1804,180,ok,1.2213581191720044,0.7794623497341907,0.044760468619005414,0.09879309860768518,15.000000000001679,0.23035395800252445,
1805,180,ok,1.3616962307998293,0.6455185136730449,0.13998760006509411,0.09700955604827813,15.000000000001679,0.2676292910182383,
1806,180,ok,1.3300151233613706,0.8758155079160209,0.7107386693629719,0.09920205603852351,15.000000000001679,0.23987787499208935,
1807,180,ok,1.9358771072358965,0.06508722407231099,0.06109602173486889,0.08307869244333833,15.000000000001679,0.2824198750022333,
1808,180,ok,1.5364128271433464,0.48492384487885254,0.2551639073104401,0.09687761145063355,15.000000000001679,0.2562417079752777,
1809,180,ok,1.7607596209260816,0.2450997075465365,-0.14352493243512385,0.09289863389735081,15.000000000001679,0.22250945901032537,
1810,180,ok,1.9230613873496,0.07725571044588284,-0.03492129009647469,0.08271806285107468,15.000000000001679,0.28175062499940395,
1811,181,ok,2.0417330319458458,-0.0008262478129345306,0.40665476734152417,0.09881000480773763,15.000000000001679,0.2172538339800667,
1812,181,ok,1.9563634481518042,0.04441212745801631,-0.05508188478198062,0.10101694451646635,15.000000000001679,0.25457004201598465,
1813,181,ok,1.243762128574008,0.7712395608864137,-0.1925928756323401,0.09651614029428725,15.000000000001679,0.22250183302094229,
1814,181,ok,2.065398876021764,-0.058913065088380845,0.1635527666544776,0.10238152661531122,15.000000000001679,0.23874579201219603,
1815,181,ok,1.9832232075574712,0.018965412995733066,0.0931464228372627,0.07492172105750548,15.000000000001679,0.28584116700221784,
1816,181,ok,1.3751203031857329,0.6365346109033339,0.17865604095327628,0.09470905439125554,15.000000000001679,0.24581112500163727,
1817,181,ok,1.299132423700331,0.752043959676983,0.3610412382689719,0.0972619764201403,15.000000000001679,0.24855954200029373,
1818,181,ok,1.975016371554073,0.027170250910523167,-0.09291097359390663,0.0825195488721709,15.000000000001679,0.2536956670228392,
1819,181,ok,1.9078772003959907,0.12764624711912678,-0.3664516828502138,0.09410495205435408,15.000000000001679,0.2537649589939974,
1820,181,ok,2.2363916297830344,-0.22288442217396376,0.24542283394162803,0.15967658015683084,15.000000000001679,0.24675154199940152,
1821,182,ok,2.003152736611888,-0.0028349781439948726,0.03567823592387211,0.09742317818739,15.000000000001679,0.23203395900782198,
1822,182,ok,1.9690431395872818,0.031210107244819704,0.031579166245882015,0.12065426180442332,15.000000000001679,0.2257065000012517,
1823,182,ok,2.02652738029874,-0.026005468230433756,0.045989844540446155,0.09820331496000058,15.000000000001679,0.2579820000100881,
1824,182,ok,1.7702663403781245,0.26466058671877224,0.3499143274982074,0.10336840001606543,15.000000000001679,0.23613999999361113,
1825,182,ok,1.6088577205845647,0.40700114996674747,0.22533936379890668,0.09413414481570732,15.000000000001679,0.22356333400239237,
1826,182,ok,2.0465329906117242,-0.03979167915875163,0.1659734535908926,0.07662548419016944,15.000000000001679,0.2746568330039736,
1827,182,ok,1.8344102974987333,0.1656040030737608,0.007243343867344958,0.0836163529845475,15.000000000001679,0.2278027499851305,
1828,182,ok,1.9439481676340216,0.056294851709551216,0.030737191753231724,0.1263542528725877,15.000000000001679,0.2453865839925129,
1829,182,ok,1.7041306479755245,0.3003294552581679,0.12321243730437527,0.09852691150724435,15.000000000001679,0.23507495800731704,
1830,182,ok,1.9634347824112326,0.03769117304176091,-0.066484678114762,0.09835471472847579,15.000000000001679,0.23794695900869556,
1831,183,ok,1.833108272439855,0.1720252920836179,-0.1370926901969887,0.09678090695807275,15.000000000001679,0.21424612501868978,
1832,183,ok,1.732894310045222,0.27312263723867036,-0.1442818899570605,0.07991542069410068,15.000000000001679,0.2395716249884572,
1833,183,ok,2.012333685018725,-0.011189218697793544,-0.06785857686983955,0.0961951302669504,15.000000000001679,0.22796399999060668,
1834,183,ok,1.7270803366148306,0.27701233905025036,-0.11882764550603223,0.08351658818064482,15.000000000001679,0.24334383301902562,
1835,183,ok,1.9183284897874682,0.08167761350731953,-0.004839029995324635,0.0612320142535594,15.000000000001679,0.26970791700296104,
1836,183,ok,2.01742589188128,-0.012599569245834283,-0.139463984972686,0.09674586871586446,15.000000000001679,0.2359041660092771,
1837,183,ok,2.04320893298548,-0.037003036445103,0.1591269095567872,0.07618324251808238,15.000000000001679,0.29320870898664,
1838,183,ok,1.7316516946397351,0.2722885582728077,0.11675087011929602,0.09641996937277167,15.000000000001679,0.23149045801255852,
1839,183,ok,2.0412790988779124,-0.04094412355301486,-0.03697896767403136,0.12579801126763623,15.000000000001679,0.22679887499543838,
1840,183,ok,1.9885617389474513,0.011446385651462734,0.005684405604888535,0.08092541456647091,15.000000000001679,0.26140016701538116,
1841,184,ok,1.9002371997606793,0.10050465908337552,0.05309298626320308,0.07862349707755091,15.000000000001679,0.28787533298600465,
1842,184,ok,1.8572835176844977,0.14334049992020556,0.04814110328969564,0.0975787905149672,15.000000000001679,0.26797687500948086,
1843,184,ok,1.938591399325772,0.061628133180070155,-0.02917395175279285,0.08684498365019531,15.000000000001679,0.23956008299137466,
1844,184,ok,1.9450114118541608,0.058304780895844635,0.11353003281503041,0.07579316804212342,15.000000000001679,0.2663008749950677,
1845,184,ok,2.1787467170802652,-0.1786604504877367,0.01938810636975462,0.09347280185638629,15.000000000001679,0.2927773330011405,
1846,184,ok,2.023834982842373,-0.022781256962761145,0.06529949660405372,0.0924107846073081,15.000000000001679,0.22886775000370108,
1847,184,ok,1.9328030499990618,0.07097478163556953,0.12078632786759042,0.08999383001831333,15.000000000001679,0.2787714999867603,
1848,184,ok,1.9255406974295033,0.07522646715407674,0.05434910038925975,0.07100542723889741,15.000000000001679,0.22357383300550282,
1849,184,ok,1.8901108479611892,0.11097848583699536,-0.06416180023872818,0.07560718684243897,15.000000000001679,0.2723037500109058,
1850,184,ok,2.0438365393211697,-0.04333613235370102,-0.045224436780954426,0.08702113266252283,15.000000000001679,0.2036192499799654,
1851,185,ok,2.0558618081536992,-0.055191590843224565,-0.052490943526401525,0.07467243454017777,15.000000000001679,0.23893037499510683,
1852,185,ok,1.9165288869140131,0.08510650054766394,-0.07915718622495427,0.09213297083431392,15.000000000001679,0.2671754590119235,
1853,185,ok,1.1416143911461991,0.932738841232583,0.40526168960134556,0.09786999180578794,15.000000000001679,0.2067443749983795,
1854,185,ok,1.8209947164834286,0.17939679646669573,0.037758876371427205,0.08577414123929775,15.000000000001679,0.25120620799134485,
1855,185,ok,1.7906835247319457,0.20963998246850332,-0.03403664747068854,0.0989624071986861,15.000000000001679,0.2204302090103738,
1856,185,ok,1.186578912683508,0.8172785497118247,0.09560066450298034,0.0983522587838081,15.000000000001679,0.23489445800078101,
1857,185,ok,2.0200504011914098,-0.019800116973244936,-0.031797968935778825,0.08357453380895712,15.000000000001679,0.3020207080116961,
1858,185,ok,2.050047055734694,-0.04863623726518913,0.07604273857782172,0.10465401544227043,15.000000000001679,0.2363902909855824,
1859,185,ok,1.9967090657741722,0.010857434342672617,0.17366331459163095,0.08480464030746464,15.000000000001679,0.3174382919969503,
1860,185,ok,1.8566391050950333,0.14347132563468748,-0.020249637711858767,0.09577412792292479,15.000000000001679,0.2952037079958245,
1861,186,ok,1.865764047666091,0.14781272020613587,0.22467256648990785,0.09882085677314713,15.000000000001679,0.3085952090041246,
1862,186,ok,1.9364042668632486,0.06363624516293533,-0.012525720717767516,0.09748254211112536,15.000000000001679,0.296222291974118,
1863,186,ok,1.851170443031015,0.14884815907477333,0.008298854787797008,0.07696408610555075,15.000000000001679,0.3454642909928225,
1864,186,ok,1.7659115793548552,0.23441609910394895,0.034017568934924004,0.09769021087046109,15.000000000001679,0.2984542500053067,
1865,186,ok,1.8706673735295882,0.12933524669513435,-0.003130995198665244,0.07577120435651573,15.000000000001679,0.2679299580049701,
1866,186,ok,2.0645523412136844,-0.05718865637434065,0.17421596280375928,0.07583879964359853,15.000000000001679,0.26564687499194406,
1867,186,ok,1.553603048682988,0.4475206031071268,0.05907753464910015,0.08500884700362818,15.000000000001679,0.27983641700120643,
1868,186,ok,1.2253497153341097,0.7917848722066112,0.2042011994102605,0.09993646843605113,15.000000000001679,0.2842838340147864,
1869,186,ok,1.9232785558974155,0.10271703114257018,0.315147171426914,0.08209463412322873,15.000000000001679,0.2632528330141213,
1870,186,ok,1.815122014205873,0.18836382924830153,0.11243803306225165,0.10841172512638843,15.000000000001679,0.24593916701269336,
1871,187,ok,2.1736463307025113,-0.16682949074581163,0.17201258387321272,0.0956194593160139,15.000000000001679,0.2988961249939166,
1872,187,ok,2.1967824439818058,-0.18742209929607817,0.20257755477301373,0.07508392025679915,15.000000000001679,0.2490552920207847,
1873,187,ok,1.7873156059078616,0.21305419880970722,0.036356274976530725,0.09613842227454229,15.000000000001679,0.30382116700639017,
1874,187,ok,1.978758664584039,0.023335709652451,0.09101722876043615,0.10563345771847407,15.000000000001679,0.2508057499944698,
1875,187,ok,2.00591713871145,-0.004826081831361378,0.066150956040283,0.0733774545809187,15.000000000001679,0.2682345000212081,
1876,187,ok,2.044884658281786,-0.04463881483053205,0.03170776820614749,0.09522496015692065,15.000000000001679,0.2514541250129696,
1877,187,ok,1.826490092559566,0.177521663814092,-0.12099079448989604,0.07662953590873861,15.000000000001679,0.257136916014133,
1878,187,ok,2.1338684835784965,-0.1337299405997421,-0.02431554642227138,0.1533500089495886,15.000000000001679,0.2627054170006886,
1879,187,ok,1.9476577399532258,0.05292170786378581,0.04750575009017652,0.08123151808265729,15.000000000001679,0.24852062499849126,
1880,187,ok,2.0898447592739835,-0.0852563117753052,0.13840965308165767,0.07626092332927781,15.000000000001679,0.2865867920045275,
1881,188,ok,1.4919259358898993,0.5105522451434371,-0.0859557079762356,0.10034725650293583,15.000000000001679,0.23473416699562222,
1882,188,ok,2.07054663427697,-0.06437181021623481,0.15978859127056752,0.07629316495128972,15.000000000001679,0.27291154200793244,
1883,188,ok,1.853034444438118,0.15449960391597142,0.16692794951049328,0.08652936497534978,15.000000000001679,0.3382150420220569,
1884,188,ok,1.6022438740504361,0.4049173043337611,0.1513163108137185,0.10148715351307996,15.000000000001679,0.28575687497504987,
1885,188,ok,1.899708197922584,0.12083031111819062,0.27859023249589293,0.1227334438104028,15.000000000001679,0.25023141599376686,
1886,188,ok,1.860949673892058,0.14191054656895796,0.10313715047105036,0.10560544531453991,15.000000000001679,0.24364220799179748,
1887,188,ok,1.469614081464061,0.5403971686041388,0.17124579708314225,0.09512734533355349,15.000000000001679,0.2523287919757422,
1888,188,ok,1.5776120077610647,0.4501520629973264,0.29467103556415974,0.0978721553525706,15.000000000001679,0.23020133300451562,
1889,188,ok,1.914138882920871,0.08658980755989804,0.05281191698747382,0.07634212277789217,15.000000000001679,0.39835458298330195,
1890,188,ok,1.6247977918785899,0.37963903896222084,0.1199925849303454,0.09827159928291311,15.000000000001679,0.2456489999894984,
1891,189,ok,1.7683464854863784,0.23168038501740043,-0.009748435762612207,0.07750705987710166,15.000000000001679,0.31330600002547726,
1892,189,ok,1.1809571152956486,0.8396905250882395,0.21986730224709364,0.09867518812899898,15.000000000001679,0.2630055409972556,
1893,189,ok,1.905172640195363,0.09483294721839038,-0.004614102773629805,0.10295577183034206,15.000000000001679,0.22542420899844728,
1894,189,ok,1.470333425816642,0.5438985912607944,0.20408103915210712,0.0933153959610673,15.000000000001679,0.24897058299393393,
1895,189,ok,1.858656163643757,0.14531494685214907,0.12143347265429708,0.09880801611181653,15.000000000001679,0.24217704200418666,
1896,189,ok,1.7869887391082635,0.21414934406695194,-0.06376667157099929,0.10075861442544616,15.000000000001679,0.22549945799983107,
1897,189,ok,1.8265549496311562,0.1736257050911451,0.025688887057606663,0.0973066762738715,15.000000000001679,0.20798512498731725,
1898,189,ok,2.0447836363624483,-0.043859781504966916,-0.06145984934984357,0.08357232212827097,15.000000000001679,0.2793699999747332,
1899,189,ok,2.2076395084677194,-0.20514295521324286,0.10496068988436187,0.1022826888804266,15.000000000001679,0.23289625000325032,
1900,189,ok,1.4423706403381982,0.5737720340041513,0.21519027190132897,0.09504334340864211,15.000000000001679,0.21868254197761416,
1901,190,ok,1.9801389737746093,0.023091158292324183,-0.11305656566152225,0.1016669786062326,15.000000000001679,0.2336871669976972,
1902,190,ok,1.1850218115864029,0.8346816091479027,0.2151969838947526,0.09707378323821106,15.000000000001679,0.21680224998272024,
1903,190,ok,1.3836415780276998,0.6203454510606303,0.10496352717914675,0.09384595222369291,15.000000000001679,0.23983970802510157,
1904,190,ok,1.3471778374063217,0.6709091350215078,0.220012722880967,0.09997824519382434,15.000000000001679,0.26021629199385643,
1905,190,ok,1.8932815135001757,0.12555841632317247,-0.2664275487719364,0.09279516413845011,15.000000000001679,0.2690073330013547,
1906,190,ok,1.5797589705155086,0.4419938368886316,0.2612569628377621,0.0830369262974153,15.000000000001679,0.23468733299523592,
1907,190,ok,2.0500108655785674,-0.046681974465279115,0.1167794690392711,0.1312057169072852,15.000000000001679,0.22958012501476333,
1908,190,ok,1.2659973462880874,0.831037893215173,0.4860831962839879,0.09807788496003919,15.000000000001679,0.24372470899834298,
1909,190,ok,1.916253848759062,0.08412277561519263,0.03799044573947107,0.0761041523664539,15.000000000001679,0.26313037500949576,
1910,190,ok,1.9891347323785917,0.012214800827647462,0.07325971270884533,0.1143153789928089,15.000000000001679,0.19097799999872223,
1911,191,ok,1.3676275242961498,0.6697662328363575,0.31762111061772935,0.10003492818449655,15.000000000001679,0.2845281250192784,
1912,191,ok,1.2858084489938384,0.7230744467189417,0.1508790869597359,0.09454252246418338,15.000000000001679,0.20020545899751596,
1913,191,ok,2.061752343962631,-0.06078206939784357,-0.06324547638958239,0.08374900937856052,15.000000000001679,0.2676744170021266,
1914,191,ok,1.8819524485471715,0.12107649460023762,-0.10673087392578996,0.09826683745473978,15.000000000001679,0.2529199169948697,
1915,191,ok,2.0384648970562282,-0.03817922886801324,-0.03412576067209523,0.09382390129221574,15.000000000001679,0.2566308749956079,
1916,191,ok,1.5888816146404952,0.4175867715347665,0.14322415899848553,0.09946079358281258,15.000000000001679,0.24025825000717305,
1917,191,ok,1.88633571991497,0.11391738064709621,0.030899857637482132,0.07597934237458931,15.000000000001679,0.27085195897961967,
1918,191,ok,1.889225815288965,0.11535145620454602,-0.13143077084126628,0.096412456696155,15.000000000001679,0.19677920898539014,
1919,191,ok,2.040549384168977,-0.03940061420604046,-0.06846111311114408,0.09942001152098982,15.000000000001679,0.25463874998968095,
1920,191,ok,1.5495433075686063,0.46760953430981295,0.22992155769407094,0.0958473966859777,15.000000000001679,0.31231899998965673,
1921,192,ok,2.1268291082307464,-0.12615482845102344,0.053550920365484624,0.10378569628471938,15.000000000001679,0.2601388329931069,
1922,192,ok,1.8145011444078207,0.18730942836043057,0.08103884590924579,0.07508240659359565,15.000000000001679,0.35985108400927857,
1923,192,ok,2.116345005157054,-0.10032386765313091,0.2599150473131636,0.07764681671385425,15.000000000001679,0.270511084003374,
1924,192,ok,2.09571633802505,-0.09449175675815973,0.07163274626344258,0.07306358316812932,15.000000000001679,0.23540566701558419,
1925,192,ok,1.9094451175104212,0.09056548820233326,0.00636411348046412,0.08139305319328621,15.000000000001679,0.2498965419945307,
1926,192,ok,1.840566370239313,0.16005239117220935,0.04772169344035905,0.07541730537008573,15.000000000001679,0.24616858299123123,
1927,192,ok,1.1061025843272771,0.9049044225887144,0.15565539948785587,0.09593125027257488,15.000000000001679,0.2184954579861369,
1928,192,ok,1.749436624118571,0.25333224983298336,-0.09838837499356468,0.10271029331000923,15.000000000001679,0.25926229200558737,
1929,192,ok,1.9201150950776316,0.07992569583792222,-0.012515783694795902,0.09854751889576532,15.000000000001679,0.20537091698497534,
1930,192,ok,1.816355719303611,0.22478255982454395,0.3843841036565362,0.11662974954914206,15.000000000001679,0.24512262499774806,
1931,193,ok,1.809548864148666,0.20536491487409628,-0.23184478207815618,0.08334512576037358,15.000000000001679,0.26225237498874776,
1932,193,ok,1.5245380771770098,0.4766927427252292,0.06124825464117473,0.09925339270259112,15.000000000001679,0.22452504199463874,
1933,193,ok,1.6149088641252707,0.40172180317390177,0.23116540610716024,0.10411873130058527,15.000000000001679,0.2223007919965312,
1934,193,ok,1.3586129139604846,0.6534734952998981,0.1808187548909821,0.09799410848372517,15.000000000001679,0.22256604101858102,
1935,193,ok,2.0139333486029223,-0.013930228274286896,0.003545173910863658,0.0975145001260161,15.000000000001679,0.21674800000619143,
1936,193,ok,2.0700289651004113,0.013011988839143807,0.5804296338555647,0.09844818401919313,15.000000000001679,0.22545275001903065,
1937,193,ok,2.0690226362388975,-0.06853202984105015,0.045054531299540374,0.0789610055261048,15.000000000001679,0.25489454201306216,
1938,193,ok,2.1656192843975828,-0.15439352602089965,-0.22021675684183117,0.07354224492905496,15.000000000001679,0.2492617079988122,
1939,193,ok,1.4297338190714213,0.5740062613792252,0.10334723417148889,0.08750879725064854,15.000000000001679,0.2585085419996176,
1940,193,ok,1.8843764616831022,0.11896691700138011,-0.11220155974867438,0.07518327365569583,15.000000000001679,0.2617888329841662,
1941,194,ok,1.7255256076209642,0.27515017762652766,-0.04828781227078366,0.09859510701511524,15.000000000001679,0.27774724998744205,
1942,194,ok,1.7515401132444328,0.24936717343416956,-0.05636909485215795,0.09310717325468784,15.000000000001679,0.2778144160110969,
1943,194,ok,2.1164974950687596,-0.11596745861536595,0.04736412897082206,0.09634265087798843,15.000000000001679,0.23833491699770093,
1944,194,ok,2.065283401213756,-0.0639405861460476,-0.07446330766335826,0.15403269834600386,15.000000000001679,0.2787393750040792,
1945,194,ok,2.025758236550603,-0.02341272631699959,0.09745446080614054,0.08239061368453739,15.000000000001679,0.21225816599326208,
1946,194,ok,1.9874327860374659,0.012580499206364091,-0.007266834373931848,0.10889795494786318,15.000000000001679,0.21980450002592988,
1947,194,ok,1.970697295131782,0.02932472771193602,0.009316664214587805,0.09689756480704273,15.000000000001679,0.25565987499430776,
1948,194,ok,1.70335317670875,0.30295452697732905,0.14645377119435646,0.09558616799314577,15.000000000001679,0.24763816597987898,
1949,194,ok,1.91387678390998,0.08617452536048188,0.014014157499896181,0.08124817649587406,15.000000000001679,0.2194913749990519,
1950,194,ok,1.8601686219678346,0.13985064494814778,0.00846634832092291,0.08477194531831514,15.000000000001679,0.2489728750078939,
1951,195,ok,1.9823746637002493,0.03661679421278571,-0.2737438483571774,0.07872553045196735,15.000000000001679,0.2534152500156779,
1952,195,ok,1.8114156860046746,0.30341116685486763,0.6346756011940459,0.09931983248053036,15.000000000001679,0.2367232920078095,
1953,195,ok,1.9323487339836376,0.06952656700794026,-0.0851114225002704,0.07548696194094681,15.000000000001679,0.23937012502574362,
1954,195,ok,2.0317927969477063,-0.03111055824875964,0.052648550777745544,0.08002117068628593,15.000000000001679,0.2500027089845389,
1955,195,ok,2.03195715368097,-0.031930800913638174,0.010348656614740187,0.07680379115296315,15.000000000001679,0.2402887080097571,
1956,195,ok,1.8766462357033098,0.12342739379229273,-0.01662370627194078,0.09469679600991436,15.000000000001679,0.235744582983898,
1957,195,ok,1.768741314895384,0.23168946368926358,0.039034423145326985,0.08307865136683949,15.000000000001679,0.22704287499072962,
1958,195,ok,1.8228563289189035,0.1783902666906997,-0.06740308147645964,0.0880791486533368,15.000000000001679,0.23816987499594688,
1959,195,ok,1.70965469836955,0.6111914982984417,0.9970607470252498,0.10619748976774367,15.000000000001679,0.2577377909910865,
1960,195,ok,1.9908568783363956,0.010385105718076148,0.07031132533857838,0.11339991221676442,15.000000000001679,0.20287454198114574,
1961,196,ok,1.9997765741482927,0.0011810041305284399,0.06187865757787209,0.10154273969752235,15.000000000001679,0.2432773329783231,
1962,196,ok,2.051792313896303,-0.03449258024732861,0.26587899556473454,0.11069164024283727,15.000000000001679,0.22829649999039248,
1963,196,ok,1.9210324654811755,0.08005559156697827,-0.06464674747779629,-7.947363389909516e-05,15.000000000001679,0.22394654201343656,
1964,196,ok,1.5330096708129695,0.4706559143498315,0.10594960355253248,0.09850002635244086,15.000000000001679,0.2172336659859866,
1965,196,ok,1.6468200503876016,0.36995081982769384,0.23442685123128693,0.0990098644854286,15.000000000001679,0.23690024999086745,
1966,196,ok,1.373628386106851,0.697868713731382,0.4373889075399,0.09730294776912854,15.000000000001679,0.22119975002715364,
1967,196,ok,1.547418439792978,0.4543471587668138,-0.07389940594560164,0.08254231949732141,15.000000000001679,0.25148637499660254,
1968,196,ok,1.1633989765334214,0.8503053043141168,0.1780429310889828,0.09727501953679868,15.000000000001679,0.21716062497580424,
1969,196,ok,1.5265048010921736,0.47442363913068475,-0.05323227323901324,0.09903136733468088,15.000000000001679,0.24025020797853358,
1970,196,ok,1.8641899933501347,0.1414622213852404,0.14505742576128136,0.10086042731946969,15.000000000001679,0.20037825001054443,
1971,197,ok,1.8532723178310038,0.14699875623236303,0.031696602882511776,0.09031894369053044,15.000000000001679,0.24529708301997744,
1972,197,ok,2.0303598109872754,-0.02837780497764526,-0.08969081528426022,0.07577435824126502,15.000000000001679,0.22167995900963433,
1973,197,ok,1.9891224996130596,0.010928142250518436,-0.014193772434888058,0.07498118848283435,15.000000000001679,0.2569399169879034,
1974,197,ok,1.8677320513290552,0.13235826619570082,-0.01836762680130948,0.08111905452011867,15.000000000001679,0.24028195900609717,
1975,197,ok,1.5545573603766805,0.44840703982249486,0.09595766060570216,0.0985892400679994,15.000000000001679,0.21347145800245926,
1976,197,ok,2.0022106627124194,-0.002156054330997681,-0.014787561835395617,0.07499758289393768,15.000000000001679,0.2578482080134563,
1977,197,ok,1.959082749929647,0.04146987303849915,-0.046529161351517585,0.07276544946793466,15.000000000001679,0.2069134170014877,
1978,197,ok,1.9322331577279794,0.06920334194488335,0.07449322832735661,0.10641309066309358,15.000000000001679,0.21924666699487716,
1979,197,ok,2.008429622085295,-0.008219517502017078,0.029050239132333955,0.07286092106561884,15.000000000001679,0.2114481249882374,
1980,197,ok,1.9550873460046323,0.045402710750533246,-0.04377176448435541,0.09649706324495358,15.000000000001679,0.2510347079951316,
1981,198,ok,2.0200882983015087,-0.0198348171687708,0.03200069198443844,0.09627966041965091,15.000000000001679,0.23565916699590161,
1982,198,ok,1.3862820442662873,0.657945353414908,0.34737189269496216,0.0969085959964331,15.000000000001679,0.21427045899326913,
1983,198,ok,1.959424108413737,0.041327570629251624,0.05426924594886679,0.09844265133530078,15.000000000001679,0.2251554579997901,
1984,198,ok,2.092058437160357,-0.08872055922875002,-0.11813098640480689,0.07997884688757964,15.000000000001679,0.269753208005568,
1985,198,ok,2.0071450475085535,-0.006231350520004816,0.06055584140932981,0.07676850760985454,15.000000000001679,0.30666912501328625,
1986,198,ok,1.0287920591295054,1.0574177567682599,0.41225212634036024,0.098043090382075,15.000000000001679,0.24722337498678826,
1987,198,ok,1.6732302577341396,0.3283324863099881,0.07229950947626865,0.08542010702814354,15.000000000001679,0.1910207079781685,
1988,198,ok,1.5020387629065528,0.5126831658820401,0.20978341265022812,0.09342620391534776,15.000000000001679,0.27373441599775106,
1989,198,ok,1.82776350496749,0.17225115972480393,-0.007321677657489043,0.07890055446317311,15.000000000001679,0.24929224999505095,
1990,198,ok,1.358470441802752,0.6435934161018102,0.07485399394426005,0.09111368309031645,15.000000000001679,0.24837904100422747,
1991,199,ok,1.537456971691597,0.4682346787434918,0.13217011916103538,0.1067859308528214,15.000000000001679,0.2399114580184687,
1992,199,ok,1.7260139204343736,0.27422881348344413,0.028945903379846257,0.086171575220542,15.000000000001679,0.22905233400524594,
1993,199,ok,1.7647913486524673,0.25593054328312737,0.2696483532786865,0.10461186639018885,15.000000000001679,0.2793774169986136,
1994,199,ok,1.0363479745933641,0.9645429294594948,0.04296253613840383,0.09602684226738553,15.000000000001679,0.2395795000193175,
1995,199,ok,1.1500642607134337,0.8881959405962513,0.2941760310828912,0.09405215006443596,15.000000000001679,0.23150795898982324,
1996,199,ok,1.4170991648457347,0.5913698355764998,0.15469680954273587,0.09910811939472827,15.000000000001679,0.22527133399853483,
1997,199,ok,1.7098352354184354,0.2911507310285657,0.05805780063187958,0.09939129662750538,15.000000000001679,0.2254932910145726,
1998,199,ok,1.8779614127751811,0.12942252669354493,-0.16637002203219356,0.11895559298551245,15.000000000001679,0.2696084160124883,
1999,199,ok,1.6490380743733046,0.3623838678165309,-0.19375235313479847,0.08367323897526215,15.000000000001679,0.2572224590112455,
2000,199,ok,1.3539789129814377,0.6789229853390757,0.2966722402466657,0.1002365013804328,15.000000000001679,0.21951608298695646,
2001,200,ok,1.3838634029152752,0.6176326609257942,-0.06433084632697308,0.09858038784284452,15.000000000001679,0.22462258298764937,
2002,200,ok,1.4741010912019186,0.5265654026624872,-0.04432284345039263,0.09391129908040678,15.000000000001679,0.27485762498690747,
2003,200,ok,1.603869190944143,0.4015031263368962,0.1311645018635102,0.09537408411506189,15.000000000001679,0.23898112500319257,
2004,200,ok,1.990113903838825,0.009930440766159824,0.013285317588828154,0.07540784127248959,15.000000000001679,0.24198058398906142,
2005,200,ok,1.971564848738548,0.028441091511001538,-0.004839745770503078,0.07667950821138507,15.000000000001679,0.2786656250245869,
2006,200,ok,1.2465069570067926,0.8013036398190626,0.341916115378182,0.09885160580937978,15.000000000001679,0.25634837499819696,
2007,200,ok,1.759345228360216,0.24758131267718483,0.15596274194704968,0.10078352342094272,15.000000000001679,0.2309173340036068,
2008,200,ok,1.8038717854603732,0.19878586132724094,0.09788281271676104,0.09934444401250915,15.000000000001679,0.2252232920145616,
2009,200,ok,1.1119590891742681,0.900863076689693,0.16837767017398828,0.09762633985785557,15.000000000001679,0.25129675000789575,
2010,200,ok,1.9508205362629472,0.04959836389007222,0.040425518734708295,0.09993145579050357,15.000000000001679,0.2477745829964988,
2011,201,ok,2.0492469977416943,-0.04920630755357486,0.012913823445871801,0.10138358978755523,15.000000000001679,0.23704620799981058,
2012,201,ok,2.0128544539385764,-0.012491851106205295,0.03820473755287692,0.1041047882402159,15.000000000001679,0.2320676670060493,
2013,201,ok,2.101458192584192,-0.10105142167031674,0.04134560044745456,0.07613772181353609,15.000000000001679,0.24231212498852983,
2014,201,ok,1.4831829924134174,0.5311622529359938,-0.20578498921047228,0.08308464212926209,15.000000000001679,0.22887187500600703,
2015,201,ok,2.035244656183373,-0.03481374828892204,0.041878637720959525,0.09933576576462524,15.000000000001679,0.2244777919840999,
2016,201,ok,1.4691573098619988,0.5923743254419701,0.4207293208774455,0.10015258559288916,15.000000000001679,0.24091962500824593,
2017,201,ok,1.7539144470803165,0.26057303972059714,-0.22496608084377703,0.08254139480896346,15.000000000001679,0.25031391700031236,
2018,201,ok,2.0020524197572636,-0.0012937918754956906,0.055109437091240034,0.07525587698247195,15.000000000001679,0.24340958299580961,
2019,201,ok,1.920458995343406,0.07999272084455443,-0.04165093979140417,0.09065768138042728,15.000000000001679,0.22793483402347192,
2020,201,ok,1.9261636978198786,0.07908138876846092,0.1420502721695524,0.100891415379302,15.000000000001679,0.279525416000979,
2021,202,ok,1.1524566734344566,0.8484278596131314,-0.04514409848939311,0.09453366921462335,15.000000000001679,0.24683679197914898,
2022,202,ok,1.6544589288331655,0.3455508353458124,-0.005684080474919229,0.08252805932562714,15.000000000001679,0.24991191699518822,
2023,202,ok,1.8560569357652383,0.1439952847088574,-0.013922845229746832,0.09408534196168673,15.000000000001679,0.20861195898032747,
2024,202,ok,2.160037184498106,-0.1519189519585226,0.18709746822509318,0.11784640568769869,15.000000000001679,0.22545566700864583,
2025,202,ok,1.4820870304614144,0.5422587713731553,0.2675303276703982,0.09042597171775699,15.000000000001679,0.27787787502165884,
2026,202,ok,2.042512348145961,-0.041960359063253704,-0.04748246353121334,0.10313344628685903,15.000000000001679,0.2505667500081472,
2027,202,ok,1.7309233432297089,0.2713891558463597,-0.08944366725459965,0.09819364806885258,15.000000000001679,0.2717520830046851,
2028,202,ok,1.1168859774487268,0.9041358555298261,0.21567582962921883,0.09874981965184614,15.000000000001679,0.24476425000466406,
2029,202,ok,1.8889181797638452,0.11234024394812892,0.06893863375894152,0.08575473447185124,15.000000000001679,0.24226129200542346,
2030,202,ok,1.7957439830665582,0.21414098184726355,-0.18815955995455377,0.0915985322567499,15.000000000001679,0.24175108401686884,
2031,203,ok,1.2499680462437965,0.7606800900762518,-0.16280748599842335,0.09320198829197546,15.000000000001679,0.22260245800134726,
2032,203,ok,1.5545778643091017,0.4588367763107627,-0.2037848231533586,0.09406608204589989,15.000000000001679,0.24245591601356864,
2033,203,ok,2.0422943670707276,-0.04224345687927868,-0.014420284414544618,0.07962864506572558,15.000000000001679,0.2260092080105096,
2034,203,ok,1.4026741031362595,0.6759871135633831,0.4631247306707865,0.09919510765514714,15.000000000001679,0.21563212500768714,
2035,203,ok,1.9666311168550943,0.06791130813211524,-0.36697579830141647,0.09649208562410418,15.000000000001679,0.23371837500599213,
2036,203,ok,1.941395299618194,0.0587328307126697,0.022304412719763585,0.07789392799310665,15.000000000001679,0.2720789579907432,
2037,203,ok,2.0931291482472063,-0.09295925008512229,0.026668496867971403,0.10137329071934742,15.000000000001679,0.23117629101034254,
2038,203,ok,2.209559468517329,-0.20624741487962905,-0.12093547557079803,0.11330685062180089,15.000000000001679,0.25467695901170373,
2039,203,ok,1.2584823267098295,0.7776886637290706,0.29955427532345685,0.09551967592365652,15.000000000001679,0.21157645899802446,
2040,203,ok,2.0696056982996094,-0.06866564629074995,-0.06237139000125107,0.10393680666210629,15.000000000001679,0.2167180419783108,
2041,204,ok,1.8318285281382232,0.1729115117890513,0.13169439148300405,0.1030253585739165,15.000000000001679,0.22160920800524764,
2042,204,ok,1.5170243369147562,0.48761928181075637,0.11860607927523471,0.0990183216676766,15.000000000001679,0.2346761249937117,
2043,204,ok,1.9578978538095417,0.042849490868283206,-0.05409150171211724,0.0956459196111798,15.000000000001679,0.21363608402316459,
2044,204,ok,1.8980205946739335,0.10253332584546224,-0.04585191685534322,0.08610320278507844,15.000000000001679,0.2599713329982478,
2045,204,ok,1.6979368771824634,0.30206414269713444,-0.001861016206044256,0.09678377724390581,15.000000000001679,0.23281379201216623,
2046,204,ok,1.9883056942568844,0.012798123502187743,0.06624376089810197,0.09640300556853874,15.000000000001679,0.25021620900952257,
2047,204,ok,1.599768686240655,0.40455187323555003,0.1174952096043023,0.09418449048839438,15.000000000001679,0.2858400409750175,
2048,204,ok,1.7113497045052342,0.29794993917820295,0.17816678019953447,0.09637619413659287,15.000000000001679,0.2751133340061642,
2049,204,ok,1.52009454952176,0.4841427278275183,0.11342032396164613,0.09128431031713487,15.000000000001679,0.26084612499107607,
2050,204,ok,1.63745872537367,0.38715937638657877,0.28287134906991673,0.09016807537619216,15.000000000001679,0.2316606660024263,
2051,205,ok,1.9732270661634856,0.027125302472453084,-0.03728917397513367,0.08599273935525144,15.000000000001679,0.21118804198340513,
2052,205,ok,2.0161069482765974,-0.016011066035046446,-0.019662362864377184,0.11173295363269693,15.000000000001679,0.5437036250077654,
2053,205,ok,1.4599547296176687,0.5627575269175823,0.2565187831347567,0.10285028367675624,15.000000000001679,0.2821016669913661,
2054,205,ok,1.589598286042205,0.4214237334495924,0.18686808628573645,0.09886592001875581,15.000000000001679,0.2507883749785833,
2055,205,ok,1.9252425961088595,0.07489626229479181,-0.023122563556370664,0.07811126220613428,15.000000000001679,0.28477287499117665,
2056,205,ok,2.000814856126705,7.436638749733729e-05,0.05964518854826469,0.10227761081785017,15.000000000001679,0.2705439999990631,
2057,205,ok,1.9525013220132685,0.04761367815869138,-0.021191100738907367,0.10611423291849598,15.000000000001679,0.2649261250044219,
2058,205,ok,2.0568274731166603,-0.05591137243072932,0.061381453855870044,0.09805880509243209,15.000000000001679,0.20650591698358767,
2059,205,ok,1.8723874356665813,0.13074470657164888,-0.10825598012195556,0.09746304138068144,15.000000000001679,0.2192536249931436,
2060,205,ok,1.5552369962191905,0.45634048368004826,0.1894133366047464,0.09597885798790576,15.000000000001679,0.2472353340126574,
2061,206,ok,2.0278372684861576,-0.02501199370466409,0.1070066017293486,0.08458402091685542,15.000000000001679,0.2729342920065392,
2062,206,ok,1.3762181549186034,0.6441120599086174,0.23567839069866453,0.09708206534553901,15.000000000001679,0.23917674997937866,
2063,206,ok,2.0242908443164818,-0.024085943930415306,-0.02880128411814973,0.09531714393130478,15.000000000001679,0.2302538329968229,
2064,206,ok,2.030431272057619,-0.02994796058513596,0.044299298705158925,0.10229073834700896,15.000000000001679,0.2398549999925308,
2065,206,ok,1.428835070401662,0.5878751415406395,0.21788309372425788,0.0940496372746354,15.000000000001679,0.24151812499621883,
2066,206,ok,1.7683657339122905,0.23515536730925815,-0.11153829538698472,0.09658451081938922,15.000000000001679,0.250067749992013,
2067,206,ok,2.036595041737885,-0.03640079668832451,-0.028127553723942742,0.09691169395610191,15.000000000001679,0.20330233298591338,
2068,206,ok,1.8278814399789842,0.1768178203041329,0.130985870455829,0.09104093703697934,15.000000000001679,0.2498952919850126,
2069,206,ok,2.3381719773096226,-0.3228194610088423,-0.2675031720084465,0.09869403636657903,15.000000000001679,0.24278379100724123,
2070,206,ok,2.068848780737693,-0.06884811827169804,-0.0016556217844342334,0.07584119289745009,15.000000000001679,0.25795441700029187,
2071,207,ok,1.9896636848920703,0.016966150089375864,0.16229087801518513,0.08863644932073322,15.000000000001679,0.26072841600398533,
2072,207,ok,1.9681608024630002,0.031845506430516986,0.00498335168862679,0.10751523228645594,15.000000000001679,0.2122914580104407,
2073,207,ok,1.9374417072969248,0.06255949576686258,-0.00215910408935824,0.07545889589156073,15.000000000001679,0.25657133301137947,
2074,207,ok,2.024394386355013,-0.024369816812987312,0.009973779737019392,0.10655149563032772,15.000000000001679,0.24727737499051727,
2075,207,ok,1.402452238027717,0.6341543708416021,0.31833629585369644,0.09860259102897452,15.000000000001679,0.22893779099103995,
2076,207,ok,1.9380447446801443,0.0641203264181357,-0.0915823225022149,0.0769818162996738,15.000000000001679,0.2670118339883629,
2077,207,ok,1.8314875888607416,0.1897160447988064,0.2778826905225579,0.09453605949275809,15.000000000001679,0.22709408300579526,
2078,207,ok,2.1119446964655446,-0.10931111281195124,0.10543732876429829,0.07724787854668284,15.000000000001679,0.24149879199103452,
2079,207,ok,1.3631307431915785,0.6513305477105183,0.19803063271932117,0.09917556049888233,15.000000000001679,0.21306825001374818,
2080,207,ok,1.9919217031293117,0.008144045779309493,-0.016184221734776055,0.07518517735674413,15.000000000001679,0.2473595000046771,
2081,208,ok,1.9259772327362323,0.07444945081117332,0.04053866718236849,0.09270230101238916,15.000000000001679,0.21966599998995662,
2082,208,ok,1.3207256469446795,0.7667069575805124,0.472551061809331,0.09640647474771133,15.000000000001679,0.25044679100392386,
2083,208,ok,1.850128887076638,0.15313833681898067,0.10990403026130541,0.08005532362368406,15.000000000001679,0.25483741698553786,
2084,208,ok,1.243846630239473,0.7799537863580569,0.24216043470404103,0.10049105966915059,15.000000000001679,0.2255160830100067,
2085,208,ok,1.7336913015095843,0.2669090062605209,0.045619473354052344,0.0910869013115905,15.000000000001679,0.23153291700873524,
2086,208,ok,1.5296225762837379,0.4802494919596434,0.17350394574181227,0.09668543804293948,15.000000000001679,0.2666133749880828,
2087,208,ok,1.9739346795673274,0.02627423221689833,0.02871781307086486,0.10604526240084851,15.000000000001679,0.22893874999135733,
2088,208,ok,2.0515899620050235,-0.0504625389659729,0.06800550343163918,0.09792213329727356,15.000000000001679,0.24047674998291768,
2089,208,ok,1.9774856949716109,0.022795930705934785,-0.03337277609586397,0.07681537794315829,15.000000000001679,0.23717312500230037,
2090,208,ok,1.7957367067934067,0.2095717226765286,0.137974287045578,0.08059111250501765,15.000000000001679,0.2626049160026014,
2091,209,ok,1.8062983813533666,0.193729181056661,-0.009978532635202578,0.09586242444077589,15.000000000001679,0.2333528749877587,
2092,209,ok,2.0744260267528483,-0.07414993512191782,0.03384356812384566,0.09336569971530759,15.000000000001679,0.25254908300121315,
2093,209,ok,2.0624466240284525,-0.06232447548659411,-0.022446264172589492,0.09227384219665934,15.000000000001679,0.21763854200253263,
2094,209,ok,2.0405710470707175,-0.04042224938599728,-0.02464228791877165,0.0750313184762171,15.000000000001679,0.3875367080036085,
2095,209,ok,1.7126869244060148,0.28920094294853027,0.08039332946915406,0.09222949025328649,15.000000000001679,0.30394820802030154,
2096,209,ok,2.0458462736025385,-0.04281816326617735,0.11126961419539962,0.12348837546265672,15.000000000001679,0.24130020901793614,
2097,209,ok,1.3886844529814788,0.6134967318125873,0.07780229596928895,0.09926074201755482,15.000000000001679,0.30905812498531304,
2098,209,ok,1.7137005612706677,0.28804399089094185,0.07730612249225872,0.08819777909100167,15.000000000001679,0.25447700000950135,
2099,209,ok,1.8730099568859964,0.1276392438812309,-0.04931021740403088,0.10426795719466805,15.000000000001679,0.2495240420103073,
2100,209,ok,1.7601580837422917,0.2422109244097523,0.09129099352575087,0.07669583386573497,15.000000000001679,0.282970458996715,
2101,210,ok,1.9564794956662288,0.04361263324223166,-0.018986525563847417,0.08667986407404625,15.000000000001679,0.2564699169888627,
2102,210,ok,2.0137013364190777,-0.013701335674865998,-5.474705313703624e-05,0.09694514542878659,15.000000000001679,0.24446191699826159,
2103,210,ok,1.9187528664439693,0.08128202118087291,0.011570663040289546,0.09254888946189836,15.000000000001679,0.2471158340049442,
2104,210,ok,1.156549299668198,0.8627843600465838,0.21058696732785018,0.09583227416814327,15.000000000001679,0.22340470799827017,
2105,210,ok,2.068224807031801,-0.06820102492477205,-0.009918312449811676,0.07346482845901649,15.000000000001679,0.2802939170214813,
2106,210,ok,2.0749539761539544,-0.07460529873305145,0.03803758175609031,0.07729789503568835,15.000000000001679,0.24461158300982788,
2107,210,ok,2.027556980315895,-0.027258504682637234,-0.03478884332122543,0.09941782756709024,15.000000000001679,0.2373985409794841,
2108,210,ok,1.9050110413347554,0.09682759094257327,-0.08367705187134522,0.10035596273814901,15.000000000001679,0.2190440409758594,
2109,210,ok,1.7731800004617704,0.22694217695037497,-0.02081514256806168,0.0950628493994116,15.000000000001679,0.22159174998523667,
2110,210,ok,1.6454522634633113,0.3548469720369222,-0.031379386871817835,0.08865532095430594,15.000000000001679,0.22993474997929297,
2111,211,ok,1.961450599720122,0.038643259553447364,0.01918832580763694,0.09507133425068812,15.000000000001679,0.2366570000012871,
2112,211,ok,1.7410874279270863,0.26513142531532613,0.1470253728351847,0.08150289872874064,15.000000000001679,0.2262303330062423,
2113,211,ok,2.0341037356025984,-0.034103470949956985,-0.0010376231416191115,0.10421378719731589,15.000000000001679,0.20279841701267287,
2114,211,ok,1.7288295277243138,0.27404649140203735,0.09967959715937917,0.09205516152076375,15.000000000001679,0.23874320802860893,
2115,211,ok,1.8217372943195023,0.1783070657560169,-0.012713097187060157,0.08676815034630306,15.000000000001679,0.2472944170003757,
2116,211,ok,1.9879795559430937,0.01236485044545831,0.037003068832127256,0.12442605914067865,15.000000000001679,0.2191385410260409,
2117,211,ok,2.0432678361788943,-0.04322771671426591,0.012804218593393087,0.08467503387763615,15.000000000001679,0.22334466699976474,
2118,211,ok,1.8088351546929389,0.1912012620824103,-0.011477916220413355,0.09739679164929398,15.000000000001679,0.239812207990326,
2119,211,ok,1.772225058567015,0.22789391916648435,-0.02053524983380183,0.09437920031841524,15.000000000001679,0.23208637500647455,
2120,211,ok,1.938493116471818,0.06337176271816818,-0.08500960634708683,0.07771326996198914,15.000000000001679,0.2512371250195429,
2121,212,ok,1.5186530317708913,0.4882628749797257,-0.14476842108124072,0.09522376510450396,15.000000000001679,0.22020066599361598,
2122,212,ok,1.9241648846620096,0.07925121652457252,0.11460634425732998,0.15569234935340623,15.000000000001679,0.23869220798951574,
2123,212,ok,1.8224312856325706,0.1811562034749025,0.11429363365714501,0.09287439360587159,15.000000000001679,0.24874287500279024,
2124,212,ok,1.9172409582586858,0.11529949693456253,0.35173414075061077,0.09808938261163155,15.000000000001679,0.19240716600324959,
2125,212,ok,1.7577123591426032,0.24379660982520865,0.07281751040255,0.09561572498476864,15.000000000001679,0.2690575830056332,
2126,212,ok,2.000599101369352,-0.0005977225340995151,-0.002348827629001325,0.09428420416894225,15.000000000001679,0.23860891698859632,
2127,212,ok,1.5965327250272683,0.4313998340140553,0.29733863077619377,0.10344580405211373,15.000000000001679,0.2234130830038339,
2128,212,ok,1.9127428501014847,0.09021021730778683,-0.10624592481022428,0.09002054330933446,15.000000000001679,0.23837854200974107,
2129,212,ok,1.995050175771044,0.006160350202119764,0.0694885223467852,0.07502048192416476,15.000000000001679,0.26446199999190867,
2130,212,ok,1.8949734839750474,0.10655819680555784,-0.0761750804680143,0.10361232548357027,15.000000000001679,0.22690283300471492,
2131,213,ok,1.41751848647158,0.6355983801309905,0.38440457747990214,0.09900018768049738,15.000000000001679,0.2349385830166284,
2132,213,ok,1.8713930363020246,0.1287434839286706,0.022604145201746126,0.09183809227381941,15.000000000001679,0.29972800001269206,
2133,213,ok,1.2733806074428133,0.8747286198596423,0.596039002455748,0.09557746144897604,15.000000000001679,0.2993358329986222,
2134,213,ok,2.0056199987989713,-0.005406584475759996,0.029257657521606466,0.08080324952622325,15.000000000001679,0.3107607919955626,
2135,213,ok,1.7310732440630914,0.281730674380788,0.21015494509340857,0.08649758460416347,15.000000000001679,0.2802429159928579,
2136,213,ok,1.7960138751308738,0.23255712256761704,-0.3190791667849164,0.09575445468619163,15.000000000001679,0.28788858398911543,
2137,213,ok,1.6388515295285917,0.3649963272529294,0.11223780976923102,0.09967270502777774,15.000000000001679,0.2606750410050154,
2138,213,ok,1.8481668803618745,0.15475068345867737,-0.10380644233536197,0.09506262056770526,15.000000000001679,0.231425665988354,
2139,213,ok,1.8924752741154904,0.10793056581005436,0.03919080686385252,0.0893378533673381,15.000000000001679,0.23095187498256564,
2140,213,ok,1.4589354532596523,0.5824494889151046,0.345026383485233,0.09498639977043909,15.000000000001679,0.26035145900095813,
2141,214,ok,2.0386482013852514,-0.03749699196518254,0.06850180102853264,0.09143098582487,15.000000000001679,0.228241207980318,
2142,214,ok,1.9727462294557063,0.027256923602031902,-0.003527088826000756,0.0761002361290673,15.000000000001679,0.41962583299027756,
2143,214,ok,1.6496262775272907,0.3543893972525072,0.1150330371396806,0.09960741098213301,15.000000000001679,0.2828730000182986,
2144,214,ok,1.9809098718815943,0.0193956643985725,-0.03479060670327183,0.07840701636377363,15.000000000001679,0.33198079199064523,
2145,214,ok,2.0146589133132453,-0.014620345185843594,0.012466024056493412,0.09897325111168881,15.000000000001679,0.262190167006338,
2146,214,ok,1.7791208906613225,0.22101741381818946,-0.022183364249240153,0.08400325611172886,15.000000000001679,0.25635424998472445,
2147,214,ok,2.058269458172027,-0.057965034075272856,-0.03539888370178062,0.09180477637827636,15.000000000001679,0.2464020420156885,
2148,214,ok,2.0069979844863854,-0.00697475930736286,-0.00965532161896989,0.11103842711579365,15.000000000001679,0.21898054200573824,
2149,214,ok,1.1243978752804393,0.8839526365751622,-0.13678035139461547,0.09615985789508939,15.000000000001679,0.20648754099966027,
2150,214,ok,1.9612863934659097,0.03947445638511787,-0.0546251776023349,0.08939286374096024,15.000000000001679,0.2595092089904938,
2151,215,ok,1.5357993131079768,0.5031779298171969,0.3438069521644398,0.10145433771299421,15.000000000001679,0.23122412501834333,
2152,215,ok,2.0263644307096613,-0.026302635707342942,-0.015825124668194315,0.07727226263487848,15.000000000001679,0.211057249980513,
2153,215,ok,1.5992837324079587,0.4015828059250504,0.05263962794602968,0.0948007316454911,15.000000000001679,0.23731037499965169,
2154,215,ok,1.8546424438796356,0.145513246723087,0.02403074198358142,0.09309899106232036,15.000000000001679,0.2535659580025822,
2155,215,ok,2.051443868297148,-0.04942532651685792,0.09098228291945852,0.10658679738715063,15.000000000001679,0.23531312501290813,
2156,215,ok,1.6122628836222628,0.38828106359276904,-0.04187691407348281,0.09633766118151289,15.000000000001679,0.221736959007103,
2157,215,ok,2.37997353339164,-0.3766998254349254,0.12478765733149823,0.11322055474222788,15.000000000001679,0.223825791006675,
2158,215,ok,1.9742996812117684,0.025801001152117656,-0.019938509997234455,0.08199821676044898,15.000000000001679,0.2629127910186071,
2159,215,ok,1.175741854698675,0.8684836940320604,0.3194366262953397,0.09726943448776038,15.000000000001679,0.20412991600460373,
2160,215,ok,2.014176222253196,-0.013143466769160896,0.06449214289198153,0.11182162555988397,15.000000000001679,0.3094944159965962,
2161,216,ok,1.4387453601589315,0.567185901542358,0.13050659232340706,0.09242837227187835,15.000000000001679,0.23444604099495336,
2162,216,ok,1.545182521069838,0.48208049901020356,0.2889799507485396,0.09867449835601302,15.000000000001679,0.280858750018524,
2163,216,ok,1.6371995748324994,0.3638161237589226,0.057660826914283494,0.09935936517927993,15.000000000001679,0.2119953329965938,
2164,216,ok,1.2157535195169042,0.8539727687068205,0.4058056250869733,0.09838935680394721,15.000000000001679,0.23708070800057612,
2165,216,ok,1.6055501539397965,0.4176387988496972,0.27189028285371836,0.08989009780852272,15.000000000001679,0.24500495800748467,
2166,216,ok,1.5790691257632492,0.4283031058761536,0.15240792938744124,0.09821096886892605,15.000000000001679,0.26873075001640245,
2167,216,ok,1.5033748122381987,0.5140829514653782,0.22844332108073845,0.09631679670882322,15.000000000001679,0.24447700000018813,
2168,216,ok,1.9598695318525878,0.042397539167079314,0.09424005106627903,0.09681525615475801,15.000000000001679,0.24207720800768584,
2169,216,ok,1.938952216576043,0.10838920984903089,0.4258454141464687,0.0982736305366591,15.000000000001679,0.24905474999104626,
2170,216,ok,2.0630369533270443,-0.06289720626215721,-0.0240122299822665,0.09524979079147156,15.000000000001679,0.22193479200359434,
2171,217,ok,2.007631256159677,-0.007595291101965895,-0.01201698192124525,0.10082584741380482,15.000000000001679,0.22158145799767226,
2172,217,ok,2.0706572619341173,-0.06785216707904478,0.10774465883278637,0.12166248581338934,15.000000000001679,0.25888541698805057,
2173,217,ok,1.244499416825245,0.8141026835157462,0.37739416163186873,0.09633923115100267,15.000000000001679,0.26746783300768584,
2174,217,ok,1.5518305460040538,0.46854536504690814,0.2506486476961956,0.09213748121421961,15.000000000001679,0.21865870902547613,
2175,217,ok,1.9058578984916068,0.09414376931827821,-0.0025213517216635616,0.09844478992103627,15.000000000001679,0.2516199579986278,
2176,217,ok,1.9764229325313254,0.023922857991699936,-0.03696940719070989,0.08800043428704454,15.000000000001679,0.2908525420061778,
2177,217,ok,1.9889621511263111,0.014129505284803745,0.11085493598674258,0.08840115475685831,15.000000000001679,0.23268733301665634,
2178,217,ok,1.9792474012902395,0.021559364163517853,-0.056505981852390856,0.09224229163243262,15.000000000001679,0.22405516600701958,
2179,217,ok,1.9748487883814632,0.03509449295623154,0.19792444356573136,0.0752647394881253,15.000000000001679,0.28992570901755244,
2180,217,ok,1.2952777267850066,0.7290196810403305,0.24970666455365367,0.09716133851632641,15.000000000001679,0.23036549999960698,
2181,218,ok,1.648104275528366,0.35356522619281894,0.07416359358456269,0.09798349185177682,15.000000000001679,0.21127066697226837,
2182,218,ok,1.84086675936623,0.16033446323967182,0.06649164305278422,0.07996565088557803,15.000000000001679,0.24986099998932332,
2183,218,ok,2.0298305572713824,-0.027744799085033148,0.09199522279037042,0.08043397172547344,15.000000000001679,0.22289987502153963,
2184,218,ok,1.6922608575228453,0.3101057007666455,0.0894654532351179,0.1008886466178942,15.000000000001679,0.21738920800271444,
2185,218,ok,2.0857398654997445,-0.08149022566996192,0.13307601953508819,0.07895318986447081,15.000000000001679,0.26018554202164523,
2186,218,ok,2.0569609248999146,-0.05638010177150786,-0.04887866204504715,0.08628453303758964,15.000000000001679,0.2284768749959767,
2187,218,ok,1.71398105711608,0.6448151404300299,1.049383180990183,0.1077883292132289,15.000000000001679,0.23275999998440966,
2188,218,ok,1.9699691643228383,0.03005535682355508,-0.009829099818998129,0.07919313330932558,15.000000000001679,0.3218346250068862,
2189,218,ok,1.6831543245659926,0.3177817244637606,0.05612623056186695,0.08066081991323831,15.000000000001679,0.25257333400077187,
2190,218,ok,2.0004915758214357,-0.00023839429825053783,0.031826261289803884,0.11370712112842722,15.000000000001679,0.2647192919976078,
2191,219,ok,1.6347143821790642,0.3666531143721428,0.06685104720839723,0.09331188177984631,15.000000000001679,0.2228869999817107,
2192,219,ok,1.905747640028377,0.09606449476627682,-0.08308826261353519,0.09730504219576012,15.000000000001679,0.2390797910047695,
2193,219,ok,2.052601664734348,-0.05151846881604737,-0.0666750791291439,0.09973649200844627,15.000000000001679,0.24984649999532849,
2194,219,ok,2.0243212479643846,-0.0230644661687273,0.0713209694656906,0.15567738038903087,15.000000000001679,0.22193191698170267,
2195,219,ok,1.722910533770107,0.2848316890831032,0.16315137940720403,0.08138964945917078,15.000000000001679,0.26151791602023877,
2196,219,ok,1.6859713753811518,0.32415814051667374,0.18453601439307327,0.09033802239117443,15.000000000001679,0.27878870800486766,
2197,219,ok,1.3290004175774632,0.6727900846004761,0.0689633988885388,0.09686842760825248,15.000000000001679,0.23311008300515823,
2198,219,ok,1.7649516631905224,0.23592551958866226,0.05563812506240644,0.08046047484825566,15.000000000001679,0.2670560000115074,
2199,219,ok,1.726346228370598,0.27477790377409145,0.06228979774626417,0.10049909564726531,15.000000000001679,0.2487265829986427,
2200,219,ok,1.5263116930268916,0.48248005421767515,0.1635866694551418,0.09138881439697415,15.000000000001679,0.22671462499420159,
2201,220,ok,1.9757694749081378,0.024769013475572078,-0.046125566148434265,0.07885565054223088,15.000000000001679,0.26973383300355636,
2202,220,ok,1.7272803781087813,0.2727425989263213,-0.008909266850622006,0.09896037734190295,15.000000000001679,0.23988974999519996,
2203,220,ok,1.9475120861358042,0.0541262039688084,0.0798654841855522,0.0993442925509851,15.000000000001679,0.25686033300007693,
2204,220,ok,2.000989007256559,0.0038387677560814486,0.13891487338665573,0.11298803882362625,15.000000000001679,0.22244533302728087,
2205,220,ok,1.394168138218915,0.6071870211306418,0.061455703704871266,0.09818432298995611,15.000000000001679,0.2264500409946777,
2206,220,ok,1.6538157247012004,0.3461882816270539,0.0036402529142554457,0.08946201773820801,15.000000000001679,0.22111116701853462,
2207,220,ok,1.9417713014910774,0.06115047404785494,0.10648146791575785,0.10039707231482402,15.000000000001679,0.23053362499922514,
2208,220,ok,1.9241809937073513,0.0758435817059685,-0.009724941259192807,0.08904992262191636,15.000000000001679,0.23578066698973998,
2209,220,ok,2.1369597661867155,-0.11548799073697447,0.3021714800381078,0.07552179644934245,15.000000000001679,0.2812927080085501,
2210,220,ok,1.5485170688729675,0.46994026532882816,0.23837432942519163,0.10433602814769137,15.000000000001679,0.517887875001179,
2211,221,ok,1.9275648642864582,0.07262872908472658,0.027318310381792603,0.13875436703519742,15.000000000001679,0.32613945798948407,
2212,221,ok,1.9799273521625913,0.021421803529113125,0.07307968453395804,0.11191714776291467,15.000000000001679,0.3166930000006687,
2213,221,ok,1.8551569297221413,0.1466888115870912,0.08273374643767631,0.10050555476772868,15.000000000001679,0.2445314579817932,
2214,221,ok,1.9395318566769189,0.06053145630273893,-0.015671345616805422,0.07358884763629285,15.000000000001679,0.24653824997949414,
2215,221,ok,1.9699403422123543,0.03012462950155775,0.01599926808801686,0.1076529679127524,15.000000000001679,0.2288532920065336,
2216,221,ok,1.8684121217700749,0.13307149710311256,0.07444341373512718,0.0969810574567856,15.000000000001679,0.25751562500954606,
2217,221,ok,1.9257271853010078,0.07548795763431787,0.06840022658452052,0.0755255203876598,15.000000000001679,0.26798333300394006,
2218,221,ok,1.6650975010249403,0.33843354114249574,0.10838168996299204,0.09831735462793054,15.000000000001679,0.24572445900412276,
2219,221,ok,1.8981596848293154,0.10206547390760179,0.02923565935205334,0.09252738729209044,15.000000000001679,0.22804975000326522,
2220,221,ok,1.6133046655353631,0.39299230279010644,-0.14240156230296214,0.08832913841395097,15.000000000001679,0.23675958398962393,
2221,222,ok,1.6882384626354043,0.3500266625049158,0.3574032628235035,0.09172320110250737,15.000000000001679,0.25009358298848383,
2222,222,ok,1.1070046746154247,1.0096165208958214,0.49457043374822307,0.09532680897720815,15.000000000001679,0.22361270900000818,
2223,222,ok,1.9843944318648061,0.016478576035813045,-0.05885594185068182,0.09594963454642254,15.000000000001679,0.23073695800849237,
2224,222,ok,1.7645422131335524,0.241995049981635,0.15174919321426686,0.09058674713434217,15.000000000001679,0.2337486250034999,
2225,222,ok,1.8843211424690678,0.11568862313708207,-0.006066546044296403,0.07856392563268957,15.000000000001679,0.26016199999139644,
2226,222,ok,2.056811661291246,-0.053882944833806394,0.10972264554077539,0.0831757514763639,15.000000000001679,0.24745824999990873,
2227,222,ok,1.5241804213218837,0.48628415262769126,0.17829831786892616,0.09956985602771942,15.000000000001679,0.2462242920009885,
2228,222,ok,1.873600977867067,0.12640440476046297,-0.004491075977332616,0.11238365604268666,15.000000000001679,0.21735108300345019,
2229,222,ok,1.859908256032091,0.14318692845854655,-0.10725641337060894,0.07975431857219405,15.000000000001679,0.257305584003916,
2230,222,ok,1.890328318815963,0.10998223853310862,-0.0342638914495397,0.09515574793084401,15.000000000001679,0.22645787501824088,
2231,223,ok,1.753132501227357,0.24708419967906456,0.027563814048550576,0.09918805077068561,15.000000000001679,0.22628400000394322,
2232,223,ok,1.9738237309725553,0.026498826978159317,-0.035682503161030485,0.09402004892632516,15.000000000001679,0.2422906249994412,
2233,223,ok,1.079623464285042,0.9540632647131382,0.26758768733313604,0.1028013484031428,15.000000000001679,0.21544391600764357,
2234,223,ok,1.6862004205775583,0.31379995538677874,-0.0011260116804401898,0.092234018958928,15.000000000001679,0.22243925000657327,
2235,223,ok,1.644636474865866,0.36924205792587816,0.2132080411743356,0.10281303178335821,15.000000000001679,0.25312962499447167,
2236,223,ok,1.4326438181724255,0.5802554253544607,0.19181671593534966,0.10201453992633075,15.000000000001679,0.23092520798672922,
2237,223,ok,2.0527631776133233,-0.05264021903555891,-0.02246763367161338,0.09936914810234823,15.000000000001679,0.24395720899337903,
2238,223,ok,1.4332631044440984,0.572994422410675,0.13378418475175263,0.09824512592544221,15.000000000001679,0.22644429199863225,
2239,223,ok,1.6949041984706705,0.30511124919981575,0.007236325344917193,0.08065803813666285,15.000000000001679,0.22817966699949466,
2240,223,ok,1.3239258641718414,0.7346577066325877,0.3894721741522165,0.09821216975012162,15.000000000001679,0.274150166020263,
2241,224,ok,1.950541979894777,0.050057395199133874,0.048351352765453305,0.07713689460637761,15.000000000001679,0.25474266600213014,
2242,224,ok,1.8470903331178727,0.15322063978008338,0.033892379131730786,0.09837352090371128,15.000000000001679,0.23799995801527984,
2243,224,ok,1.7819554567494735,0.21837082390575457,0.034098808321768266,0.09802745097953247,15.000000000001679,0.23850562499137595,
2244,224,ok,1.8960721703638335,0.10675001686347979,0.10341265194251548,0.09568194468329415,15.000000000001679,0.2354999169765506,
2245,224,ok,2.043930496976702,-0.043108353739990724,-0.057966639968977565,0.08623431216238192,15.000000000001679,0.23069487500470132,
2246,224,ok,1.7271670496924016,0.27286949398034915,-0.011235333526877339,0.07771124764369815,15.000000000001679,0.23814187498646788,
2247,224,ok,2.118447024592628,-0.11496855850740001,0.12134987651616619,0.07683697207421578,15.000000000001679,0.2404675420257263,
2248,224,ok,1.9567834940566224,0.04459079198393661,-0.0733244285244367,0.08228595485830108,15.000000000001679,0.22997233300702646,
2249,224,ok,1.2555644459484594,0.774474430998031,0.2730002887402545,0.10380773621695656,15.000000000001679,0.21914429200114682,
2250,224,ok,2.018866027578527,-0.018865452663128404,-0.0015235990303186099,0.07616362332174817,15.000000000001679,0.3253242499777116,
2251,225,ok,1.4173469492204283,0.5900469736246748,0.1445850541360222,0.09884831622866,15.000000000001679,0.22343437501695007,
2252,225,ok,1.0007730716822538,1.0181827940869046,0.193860040176763,0.09912239218056024,15.000000000001679,0.23391070897923782,
2253,225,ok,1.924471591122618,0.0756576844928599,-0.02230600337665309,0.09617927231611656,15.000000000001679,0.24214049999136478,
2254,225,ok,1.340595235292971,0.6599999109381507,0.039941785193607186,0.09969710056696722,15.000000000001679,0.20231191697530448,
2255,225,ok,1.8534144692515675,0.14664102494441883,-0.014342399101784966,0.0924457539394178,15.000000000001679,0.219935249973787,
2256,225,ok,1.9770745738471935,0.023164693288545472,-0.03075777449834958,0.07976358401302759,15.000000000001679,0.24698916700435802,
2257,225,ok,1.1131031382688474,0.9149178561178619,0.24818407977164827,0.09770742900707621,15.000000000001679,0.2436745410086587,
2258,225,ok,1.88454401277883,0.12965870511138064,0.23093197425843398,0.07888746930097652,15.000000000001679,0.30405962499207817,
2259,225,ok,1.8349562219419937,0.16938160273307454,0.12609766069007156,0.1042051762328544,15.000000000001679,0.2961981660046149,
2260,225,ok,1.8803113470287778,0.11986537138852066,-0.0257786745421806,0.09108922540640214,15.000000000001679,0.27885191701352596,
2261,226,ok,1.7672008595677478,0.23505022869846506,0.08916940528929211,0.10257141835624899,15.000000000001679,0.22149662501760758,
2262,226,ok,1.7555606756900464,0.25013237423217466,-0.1412677539956151,0.09950610793260309,15.000000000001679,0.2595060830062721,
2263,226,ok,1.911859472204903,0.08814459630629648,-0.003944214344566325,0.14099009951478023,15.000000000001679,0.25481329098693095,
2264,226,ok,1.2184412031257439,0.8039640279250104,0.23258744372202259,0.09611334387585554,15.000000000001679,0.22520824999082834,
2265,226,ok,1.8251851523946567,0.17657606605697831,-0.0801623206105055,0.10066771365172447,15.000000000001679,0.23659679101547226,
2266,226,ok,1.7128155096657758,0.289471261331176,-0.08847827043785216,0.09508011085744134,15.000000000001679,0.24122316698776558,
2267,226,ok,1.946666901951184,0.05340869534708075,-0.017155751276648958,0.09300334739676869,15.000000000001679,0.26774633399327286,
2268,226,ok,1.9331730804576521,0.06900497364226338,0.09174076077628862,0.07457814931663251,15.000000000001679,0.22933679199195467,
2269,226,ok,2.016807087193941,-0.016792799689691707,-0.0075914475250297795,0.07919438610379903,15.000000000001679,0.25611874999594875,
2270,226,ok,1.586194256780808,0.4167674351472626,0.09688583918324961,0.07837023700160256,15.000000000001679,0.23564108400023542,
2271,227,ok,1.9507836400973344,0.05263212865488124,-0.11539143869536994,0.07663813315960795,15.000000000001679,0.22298099999898113,
2272,227,ok,1.3526757701790826,0.6578247550229452,0.16821816489415473,0.09972738099742103,15.000000000001679,0.2545890420151409,
2273,227,ok,2.0155435902085115,-0.01388747339516696,0.08168970885396931,0.08081231769542745,15.000000000001679,0.2407032920164056,
2274,227,ok,2.062207786626239,-0.061906402653960114,0.03525538138353128,0.10100435043031507,15.000000000001679,0.2014717090060003,
2275,227,ok,1.697128755492615,0.30471084119896846,0.07899797954127268,0.09134778226936012,15.000000000001679,0.25904591698781587,
2276,227,ok,1.801536422110109,0.20214350324707284,-0.11508908407222838,0.09989809285899444,15.000000000001679,0.24764191699796356,
2277,227,ok,1.656587415402779,0.3448307025895763,0.068530736029491,0.0896683375209788,15.000000000001679,0.23221162499976344,
2278,227,ok,1.2097036947137414,0.8209975431382949,-0.27080663898460855,0.09990782145005148,15.000000000001679,0.27318454202031717,
2279,227,ok,1.857018896902349,0.14342691883950145,-0.04068879160935319,0.10293358538401727,15.000000000001679,0.26102479198016226,
2280,227,ok,1.9065384006367057,0.09346381686297586,-0.0029078328141271446,0.09704484151759883,15.000000000001679,0.31144191601197235,
2281,228,ok,1.901972466081417,0.1244382442435743,0.31585971898249543,0.08742636821023722,15.000000000001679,0.1943880420003552,
2282,228,ok,1.3885151261330202,0.6306696014211074,-0.23001851018552305,0.09723837354985945,15.000000000001679,0.23893374999170192,
2283,228,ok,1.6389531955466161,0.36119966734037684,-0.02238407619655499,0.09143611278152543,15.000000000001679,0.2527000840054825,
2284,228,ok,1.6328078414612137,0.3672031476320664,-0.005990495354877838,0.09883378082551618,15.000000000001679,0.21042929199757054,
2285,228,ok,2.0858316176933362,-0.08438352963068169,-0.07770996572859754,0.09709452756423394,15.000000000001679,0.24097362501197495,
2286,228,ok,1.9785983155386224,0.02140547071310051,0.0038707787623351304,0.09730418553205364,15.000000000001679,0.27125054199132137,
2287,228,ok,1.2764483635848591,0.732103097964386,0.14750549381957645,0.09845166726769461,15.000000000001679,0.27401512500364333,
2288,228,ok,2.0032088617252524,-0.0006479728867950316,0.10125923305328172,0.0764955083903847,15.000000000001679,0.31557808301295154,
2289,228,ok,2.0615793041987565,-0.05489272622858546,0.16590693533870376,0.09322650325296011,15.000000000001679,0.26333483401685953,
2290,228,ok,2.015632206460702,-0.01531782993231701,-0.035598259487418946,0.11846779200728663,15.000000000001679,0.230157792015234,
2291,229,ok,1.9689327384147721,0.03159101708566206,-0.04541150056577249,0.11504915057288939,15.000000000001679,0.2566494579950813,
2292,229,ok,1.434602438310668,0.5896086517590402,0.262450758836703,0.09813292009008628,15.000000000001679,0.40571562500554137,
2293,229,ok,1.5567047764048465,0.47287383745632333,-0.30201894734649837,0.09242044589821866,15.000000000001679,0.23701066701323725,
2294,229,ok,1.4879979486147434,0.5307764874168107,0.23562717405766198,0.0844896285156977,15.000000000001679,0.25569283301592804,
2295,229,ok,1.5011314186951419,0.5028662376371196,-0.10948074619244809,0.0897277363970997,15.000000000001679,0.23932299998705275,
2296,229,ok,1.9211081141816353,0.09602276017615081,-0.25598253184011566,0.08075850919206773,15.000000000001679,0.2645095830084756,
2297,229,ok,1.7152503782991348,0.29092784159860924,-0.14545177081265417,0.08070433020844922,15.000000000001679,0.22976966699934565,
2298,229,ok,1.9888535358572275,0.011802624140495098,0.05108406519821164,0.07873764181181564,15.000000000001679,0.24398529197787866,
2299,229,ok,1.3230224367976844,0.6868292851330461,0.16115533464920054,0.09457612095646475,15.000000000001679,0.34248287498485297,
2300,229,ok,2.0101832823871617,-0.007717987126573282,-0.09952543874429269,0.12206398172084912,15.000000000001679,0.24086941700079478,
2301,230,ok,1.9769398394631454,0.023108043435344852,-0.013759394119514596,0.0734746021058033,15.000000000001679,0.25344941701041535,
2302,230,ok,1.537399660199613,0.462600580206914,0.0008597684385972052,0.0958366112016655,15.000000000001679,0.21076962497318164,
2303,230,ok,1.9774506298331336,0.02265331188317205,0.020274822338744142,0.08513596717177727,15.000000000001679,0.269062874984229,
2304,230,ok,1.8801084783419693,0.12057816744171136,-0.050808125694611184,0.07946361575299732,15.000000000001679,0.2263522080029361,
2305,230,ok,1.7406647253890188,0.2626776208932366,-0.10781761112380728,0.09968880454740202,15.000000000001679,0.21870308302459307,
2306,230,ok,1.6425362163155715,0.3644724735314093,0.15157483983764283,0.09888490911993694,15.000000000001679,0.23107974999584258,
2307,230,ok,2.008874998778614,-0.008869736384558975,-0.004598147019162279,0.07508158591244429,15.000000000001679,0.2819785839819815,
2308,230,ok,2.0642371532878645,-0.06269470831900291,0.07978449277126959,0.10764322552948452,15.000000000001679,0.20898279201355763,
2309,230,ok,1.9578471234823465,0.04269716525717659,-0.04616245266237851,0.07310008102302189,15.000000000001679,0.28517583300708793,
2310,230,ok,1.3283428426943629,0.7106545369977434,0.319504279741035,0.09845966447895471,15.000000000001679,0.22881133400369436,
2311,231,ok,1.6688827840974207,0.34011980114873197,0.1731111565388933,0.09047284166831245,15.000000000001679,0.265726417012047,
2312,231,ok,2.0096845688896896,-0.0094889354791868,-0.028040767109040306,0.11126722060756164,15.000000000001679,0.2192026669799816,
2313,231,ok,2.0179029134356825,-0.01540839612447054,0.1003053581978809,0.10434828766008164,15.000000000001679,0.23535816700314172,
2314,231,ok,1.8383616642067642,0.18542108625551193,0.29474900206605825,0.10798593349677028,15.000000000001679,0.24241404098575003,
2315,231,ok,2.02803182944847,-0.027918135840182642,-0.021474067769881408,0.0972672881363668,15.000000000001679,0.2339251250086818,
2316,231,ok,1.999688128123346,0.0003279830404997942,0.008027100757822375,0.07379291710216843,15.000000000001679,0.2953050840005744,
2317,231,ok,1.8083399134727942,0.19551234876469054,0.11797270530961379,0.09185840517281307,15.000000000001679,0.23452687499229796,
2318,231,ok,1.6305000533620049,0.44421526819401963,0.487918325432541,0.10033646998761836,15.000000000001679,0.2556897499889601,
2319,231,ok,1.7337731517993191,0.2682620370752985,0.08398196035786237,0.09694892057511215,15.000000000001679,0.23715370902209543,
2320,231,ok,1.9844758531959092,0.015943947812812168,0.04081658605301659,0.11210599482623526,15.000000000001679,0.296146625012625,
2321,232,ok,1.8235768433553672,0.19396811515553475,-0.2523516089647008,0.0997085862163234,15.000000000001679,0.2529552500054706,
2322,232,ok,1.9085869609478467,0.09195172880653227,-0.045342940969424816,0.09392774843051965,15.000000000001679,0.2533170840179082,
2323,232,ok,1.9090162094802934,0.09686640314731922,-0.14975112884077052,0.0767450363238672,15.000000000001679,0.2750374589813873,
2324,232,ok,1.6515869658368005,0.348473033348734,-0.014077789090538338,0.09850052473314626,15.000000000001679,0.23458916699746624,
2325,232,ok,1.767912606288672,0.2322059397683582,0.02047300867317981,0.0982924168244104,15.000000000001679,0.24727679198258556,
2326,232,ok,1.978214195549479,0.02204464372868843,-0.0320001886104008,0.11196280737753961,15.000000000001679,0.25580154202179983,
2327,232,ok,1.8759660892416896,0.12421160783825387,-0.025820066150385134,0.09848714552525603,15.000000000001679,0.24817245799931698,
2328,232,ok,1.963319135429609,0.041371970512547485,-0.13564022135843548,0.09913202888244951,15.000000000001679,0.2561252500163391,
2329,232,ok,1.617196824128843,0.3842852758176011,-0.06922064744431469,0.09428286879932103,15.000000000001679,0.2058272910071537,
2330,232,ok,2.1140695574456374,-0.09221857177749582,0.30316916338527566,0.09536945393685119,15.000000000001679,0.3072681659832597,
2331,233,ok,1.1211246465168148,0.8955375563589194,0.1925699447313252,0.09952576054480326,15.000000000001679,0.37106683300225995,
2332,233,ok,1.8399769116045717,0.16612700425521368,0.1497493596511873,0.10386421077997525,15.000000000001679,0.2560157919942867,
2333,233,ok,1.2796291992265143,0.7692121150800714,0.35016006318170934,0.09462962882096959,15.000000000001679,0.26451574999373406,
2334,233,ok,1.1370000644888167,0.9673037381055329,0.47571795984256027,0.09912485438656232,15.000000000001679,0.24785133398836479,
2335,233,ok,1.7167847599141361,0.3233198700314732,-0.3689087334858885,0.08883784694776665,15.000000000001679,0.2818036249955185,
2336,233,ok,1.9071145660496136,0.09332173120534878,0.04079151069569636,0.07897380636396534,15.000000000001679,0.2741889169847127,
2337,233,ok,1.8771066956682354,0.12673434433991226,-0.12002220730724314,0.10294860541670457,15.000000000001679,0.2919253750005737,
2338,233,ok,1.3583701501633223,0.6419253608950038,-0.0283326573861465,0.09833787389433482,15.000000000001679,0.2776218330254778,
2339,233,ok,1.8866931415982786,0.116321059234874,-0.10660515312101504,0.07258212116036372,15.000000000001679,0.26215274998685345,
2340,233,ok,1.943119968350916,0.05692317875052296,-0.012949058926902434,0.07883962417857812,15.000000000001679,0.23352074998547323,
2341,234,ok,1.9556192740529947,0.04438087956409313,0.0007751342156523392,0.07449885004805075,15.000000000001679,0.2510200420219917,
2342,234,ok,1.9154540646630243,0.08801504290158034,-0.11522932640371925,0.09699077007259568,15.000000000001679,0.2343627079972066,
2343,234,ok,1.7922038061242818,0.2088222367009448,0.06063582232769409,0.08311532398109114,15.000000000001679,0.2322207499819342,
2344,234,ok,1.2628044270176302,0.7405310151087402,0.09172184577463255,0.09862536941480017,15.000000000001679,0.2263042920094449,
2345,234,ok,2.0137586342667606,-0.010047060156543311,0.12220741810530918,0.11978503555637204,15.000000000001679,0.2282408330065664,
2346,234,ok,1.9063871525953524,0.11490711501956993,-0.2841422013302054,0.08481854676303265,15.000000000001679,0.2728225000028033,
2347,234,ok,1.5406014700983304,0.4599625218343614,-0.04168279638360598,0.09817891198484274,15.000000000001679,0.23841608298243955,
2348,234,ok,1.1396003273155653,0.9629817168590653,0.47252723355291537,0.09511759893385918,15.000000000001679,0.25208016598480754,
2349,234,ok,1.833175799362114,0.1690464026615935,-0.09023544625297895,0.1011007381045885,15.000000000001679,0.23128804200678132,
2350,234,ok,1.9877353684646024,0.01248739064212047,0.029757733256111803,0.09531513505921967,15.000000000001679,0.21678383299149573,
2351,235,ok,1.8647112950940872,0.13530274644113166,-0.007236478527666772,0.09066724421103053,15.000000000001679,0.23706683400087059,
2352,235,ok,1.8074278602062233,0.19978466409661738,0.16130782444729214,0.10177297265397714,15.000000000001679,0.2164208750182297,
2353,235,ok,2.1900726260531145,-0.1856217389619427,-0.13955544261747385,0.10945027869768845,15.000000000001679,0.2305789999954868,
2354,235,ok,1.8264467017729378,0.1865654220357963,-0.2176294691925548,0.0805481205986676,15.000000000001679,0.2814125409931876,
2355,235,ok,1.816010077638737,0.18531084533038727,-0.06925224913270316,0.09743465828229131,15.000000000001679,0.24433774998760782,
2356,235,ok,1.9869120148220445,0.013479512625789366,0.03944246299009434,0.07306979498655672,15.000000000001679,0.2652729159744922,
2357,235,ok,1.8081834428711088,0.19976111567805288,0.169314271248727,0.08032019031942862,15.000000000001679,0.29473625001264736,
2358,235,ok,2.1192402874715737,-0.11763629165403267,-0.08243744484367746,0.10280038831941941,15.000000000001679,0.27754395798547193,
2359,235,ok,1.6701626551141207,0.34200019339077914,0.20119626194746948,0.09690223877050283,15.000000000001679,0.2247209999768529,
2360,235,ok,1.526220348450614,0.49986621727935043,0.2809754187913028,0.09603341469665252,15.000000000001679,0.22141729202121496,
2361,236,ok,1.8338456621712493,0.1664427588766633,0.032523163875705155,0.0782383879225868,15.000000000001679,0.2732159169972874,
2362,236,ok,2.171814660224146,-0.16954862463911793,-0.09918509812988303,0.10718551012325783,15.000000000001679,0.22402937497827224,
2363,236,ok,1.278174395286573,0.7636154848653293,0.3241652595535213,0.09592734303288789,15.000000000001679,0.25717149997944944,
2364,236,ok,1.526439266880256,0.473583704480244,-0.008374260903406629,0.09783173328680479,15.000000000001679,0.3042740839882754,
2365,236,ok,1.861049337781699,0.13939068936671567,-0.0404676518028188,0.07684686402948299,15.000000000001679,0.3534711249812972,
2366,236,ok,1.8726451473672132,0.1314893891193759,0.1243701933121017,0.09818013971596662,15.000000000001679,0.2897712499834597,
2367,236,ok,1.5946432660967902,0.41634334337553314,-0.18686556675014795,0.10035999902531571,15.000000000001679,0.2946096670057159,
2368,236,ok,2.077836253047519,-0.07666405962250578,0.06978451082244387,0.07794823436280605,15.000000000001679,0.3103977919963654,
2369,236,ok,1.8771810882021378,0.12450653648949583,0.07958081573554547,0.09639424768864904,15.000000000001679,0.2585512090008706,
2370,236,ok,1.4228795454439132,0.5783688334227567,-0.05959049470262493,0.09802294895680852,15.000000000001679,0.2601267919817474,
2371,237,ok,1.9901783075165211,0.009837427123917141,-0.007913863315411754,0.07494280782279367,15.000000000001679,0.26308825000887737,
2372,237,ok,1.8505568892303097,0.14966877823043012,-0.02889930833931808,0.08846828888233102,15.000000000001679,0.25761091700405814,
2373,237,ok,1.9504102552084668,0.04975530704968192,-0.025412619728709646,0.09507424402474972,15.000000000001679,0.2267814590013586,
2374,237,ok,2.282279221746407,-0.2765121678706438,0.16214436639083687,0.09925946911608645,15.000000000001679,0.2539906250021886,
2375,237,ok,1.9387943745545428,0.06122089337399979,-0.007694317047592614,0.11114420652203981,15.000000000001679,0.20374312499188818,
2376,237,ok,1.4585852471785297,0.5443606310176557,0.09265500933859303,0.09782926960550505,15.000000000001679,0.30119666698738,
2377,237,ok,1.0387369095053618,0.9718140570389121,0.14767543419935603,0.09523918080246366,15.000000000001679,0.2720069999922998,
2378,237,ok,1.540956728408091,0.45986755596420825,-0.05039537334424205,0.08769195083511482,15.000000000001679,0.22754620801424608,
2379,237,ok,2.2003201903416123,-0.19310019975744822,0.17810236901509366,0.08449727502715719,15.000000000001679,0.25104037500568666,
2380,237,ok,1.2731605137702788,0.7700005342994354,0.3286928782315282,0.09690441979087065,15.000000000001679,0.28272908300277777,
2381,238,ok,1.6829380461277264,0.3173501596168734,0.031144530223576748,0.09426726512571426,15.000000000001679,0.2285332499886863,
2382,238,ok,1.9897383311211745,0.025599579299863864,0.2465798148105429,0.08059047126659044,15.000000000001679,0.24721466700430028,
2383,238,ok,2.0046650115519085,-0.004657297454883829,-0.005561321901779557,0.07360347685781651,15.000000000001679,0.22641249999287538,
2384,238,ok,1.6961625536373248,0.3275904747933108,0.28286708603057187,0.10146853629029116,15.000000000001679,0.23901070898864418,
2385,238,ok,1.7419664988781924,0.25873151891748636,-0.049308822765740674,0.07803235635437694,15.000000000001679,0.20629095801268704,
2386,238,ok,2.154738266340727,-0.15437353608171678,0.03964421097462795,0.07742700741201934,15.000000000001679,0.29604754198226146,
2387,238,ok,1.8871346302683443,0.11745813249361714,0.1315797470875366,0.08881751484689529,15.000000000001679,0.26598491601180285,
2388,238,ok,1.8711889657829202,0.12980717833502758,0.06104879573392883,0.11131629256609037,15.000000000001679,0.28908887499710545,
2389,238,ok,1.4379819488787988,0.684355479913089,0.5804063938884113,0.09656686117750383,15.000000000001679,0.26127424999140203,
2390,238,ok,1.628112289799007,0.37653466804533403,0.1229225127301448,0.0997214424665895,15.000000000001679,0.2292686250002589,
2391,239,ok,1.7281123798492728,0.2729207098450447,0.059745484399849384,0.09498412906551154,15.000000000001679,0.2424145840050187,
2392,239,ok,1.9314835759327489,0.06851650608913905,0.000562892398496574,0.08811279882423266,15.000000000001679,0.24093649999122135,
2393,239,ok,1.7576580776960602,0.2468554513843258,0.12588133201294563,0.09859426616635271,15.000000000001679,0.29073999999673106,
2394,239,ok,1.8952358898475323,0.10479780288570165,-0.011300894624094091,0.08863778479570308,15.000000000001679,0.30351416699704714,
2395,239,ok,2.0153217683334783,-0.010556005001425969,0.13851491136871127,0.07580054921597634,15.000000000001679,0.3701606660033576,
2396,239,ok,1.9028029446229193,0.10145244543266847,-0.12718580546608907,0.08569407781578436,15.000000000001679,0.23631420798483305,
2397,239,ok,1.7368821058169792,0.26706055543049784,0.11696294696342754,0.08933396843048094,15.000000000001679,0.25213208299828693,
2398,239,ok,1.7196103303075407,0.282796297590206,-0.09094576697408922,0.09702888402723416,15.000000000001679,0.256084374996135,
2399,239,ok,1.5262584124273963,0.47380390009612877,-0.01379152433955693,0.08310745548535275,15.000000000001679,0.21862120801233687,
2400,239,ok,1.8979948722826214,0.10260092485875481,-0.04755296903739065,0.09706205749837386,15.000000000001679,0.24566779201268218,
2401,240,ok,1.2475372043231827,0.8176277370796761,0.39792575695369936,0.09888946248416498,15.000000000001679,0.24455583401140757,
2402,240,ok,1.6441677186232668,0.35940953392011227,0.10839930613529837,0.10293522244197115,15.000000000001679,0.2018549170170445,
2403,240,ok,1.87180060769012,0.12819939338107308,-6.332550422516621e-05,0.09796207562450751,15.000000000001679,0.2333992500207387,
2404,240,ok,1.705801718371841,0.2942182859508547,-0.008261138897578447,0.08752056419676893,15.000000000001679,0.24615358302253298,
2405,240,ok,1.9581106734243086,0.042406320669003024,-0.04499328862762601,0.07817592033303124,15.000000000001679,0.23663987501640804,
2406,240,ok,1.5612987344641165,0.46392142312169543,0.27949301224677336,0.09913793600788683,15.000000000001679,0.24073637498077005,
2407,240,ok,1.6988142476497756,0.30463731870213634,0.10823690165738906,0.09774810431921083,15.000000000001679,0.23172720801085234,
2408,240,ok,1.7741019867510077,0.22604838923720919,0.02309852951971298,0.10180048226991484,15.000000000001679,0.2491470829991158,
2409,240,ok,1.9694724054849866,0.03624690745818969,0.14998449086253987,0.07734809316398171,15.000000000001679,0.3126097919885069,
2410,240,ok,1.9334514777610265,0.0703344423578874,0.12093573709227508,0.15252532214747247,15.000000000001679,0.24146345802000724,
2411,241,ok,2.0911249718040072,-0.08891165993064956,0.09618588622084168,0.10789583348159444,15.000000000001679,0.27859341699513607,
2412,241,ok,1.9023530256376848,0.09764724694275817,-0.0010183753661111678,0.07354125953010607,15.000000000001679,0.25284654198912904,
2413,241,ok,1.6280756688581803,0.37222345816714875,0.031207585403148212,0.09880764724949258,15.000000000001679,0.20801204099552706,
2414,241,ok,1.7360106224587468,0.29401861100250276,0.32149709436288143,0.10207386296652037,15.000000000001679,0.2331601670011878,
2415,241,ok,2.0977243856310177,-0.09677744982477154,-0.06302320189707063,0.10219723229438558,15.000000000001679,0.22240183397661895,
2416,241,ok,2.1295295257508284,-0.0744036745113131,-0.4813994144351549,0.09707353881569764,15.000000000001679,0.20672379198367707,
2417,241,ok,1.9167506234348548,0.08325141232577918,0.0027935795647731866,0.0888619674362329,15.000000000001679,0.2347567499964498,
2418,241,ok,2.1051652631650746,-0.10429860460146605,-0.06040006547347819,0.10562624601933375,15.000000000001679,0.257731584017165,
2419,241,ok,1.7198467439045741,0.428065604803458,0.6977786753099068,0.09163647139735988,15.000000000001679,0.2905555840115994,
2420,241,ok,2.1399702186157414,-0.139492994296444,0.045191414214873486,0.08514558363498731,15.000000000001679,0.3248210829915479,
2421,242,ok,1.187109798104381,0.8131452582191512,-0.024606801249634363,0.09891863522648608,15.000000000001679,0.3005472499935422,
2422,242,ok,1.8918145771893644,0.1082744955591933,0.018357840677735382,0.09021693035255628,15.000000000001679,0.249641625006916,
2423,242,ok,1.8821325784911664,0.11817555907074297,0.034056079326551074,0.09717238037274589,15.000000000001679,0.24289749999297783,
2424,242,ok,1.1940195258629929,0.8064303958269258,0.032775419695513536,0.10180068784992032,15.000000000001679,0.24975012501818128,
2425,242,ok,1.4752184016141254,0.5437932335637833,0.23607453451465965,0.09871490694801528,15.000000000001679,0.2644259169755969,
2426,242,ok,1.9014954819453103,0.09969701085608701,0.06733214172397256,0.08310786613137017,15.000000000001679,0.22113712501595728,
2427,242,ok,2.2999970914939185,-0.2716271181763031,-0.3601344982732266,0.08489965315118347,15.000000000001679,0.23747695799102075,
2428,242,ok,1.6978278440468848,0.31013857928559246,0.164279538598015,0.09836388801145966,15.000000000001679,0.22066616697702557,
2429,242,ok,2.037505258365886,-0.037083860721009,0.04143696729521464,0.07500453855720836,15.000000000001679,0.3370606249955017,
2430,242,ok,2.016400540657884,-0.016400418986430684,-0.0007004832283939454,0.101765351805001,15.000000000001679,0.264048625016585,
2431,243,ok,1.9055558096176926,0.09483238327112338,0.03846161379027279,0.09862170511867589,15.000000000001679,0.3074862499779556,
2432,243,ok,1.0322506968020586,0.9677507557806547,-0.0017317207989836986,0.09833585228366178,15.000000000001679,0.2556772499810904,
2433,243,ok,1.699995373207521,0.3153063905224829,0.2275779231660964,0.0967260770475553,15.000000000001679,0.27510774999973364,
2434,243,ok,2.1112539394803056,-0.11028954155710101,-0.06380633013918996,0.07379803239384888,15.000000000001679,0.29348416699212976,
2435,243,ok,1.1235976910793504,0.8936996400748933,0.1963957357694578,0.09830101937868788,15.000000000001679,0.23096095898654312,
2436,243,ok,1.75873463549611,0.24260710223485923,-0.06868566792480886,0.09568782425777028,15.000000000001679,0.27062450000084937,
2437,243,ok,2.1132584610321494,-0.08921930564745569,-0.31784275362816033,0.08863434348496209,15.000000000001679,0.2668433330254629,
2438,243,ok,1.9899794212486186,0.010070818267955275,-0.014140321220590743,0.07502073991754198,15.000000000001679,0.29454758297652006,
2439,243,ok,1.901448913001267,0.10061944799591233,0.08866502930889536,0.08984470947156822,15.000000000001679,0.3113030419917777,
2440,243,ok,1.4074322343960868,0.6075207161571241,0.20461412093399783,0.0995499967702469,15.000000000001679,0.28335391700966284,
2441,244,ok,1.5978744260939566,0.4303804326106144,0.2991606512117684,0.0905264464360862,15.000000000001679,0.23095283299335279,
2442,244,ok,1.8857817580107454,0.11457480020489251,-0.03666953536216656,0.09757891774763551,15.000000000001679,0.2089839169930201,
2443,244,ok,1.6111464655108632,0.43337482905288843,0.3761362879104871,0.08893022863396655,15.000000000001679,0.26174491600249894,
2444,244,ok,1.534771288189191,0.4740824507781567,0.16461634191875446,0.09385837395964966,15.000000000001679,0.257933040993521,
2445,244,ok,1.8843908358757016,0.11579892884049785,0.026742209589153822,0.08077361968558687,15.000000000001679,0.26950991599005647,
2446,244,ok,1.4729812250827121,0.5274873638938781,-0.03715139235569756,0.0929930705665629,15.000000000001679,0.23970954198739491,
2447,244,ok,1.655218811001171,0.3459885768898056,-0.06321016147044718,0.09129945717296754,15.000000000001679,0.21875649999128655,
2448,244,ok,1.7063390228226059,0.30829461723388446,0.22299273245412352,0.09501068272318361,15.000000000001679,0.26884933401015587,
2449,244,ok,1.3640500177657204,0.6373779367438411,0.06239842701695893,0.09822303595462452,15.000000000001679,0.25132358400151134,
2450,244,ok,1.6279077007121423,0.3802182135665245,0.1624513661877721,0.10114247044513656,15.000000000001679,0.21232858402072452,
2451,245,ok,2.019993372425697,-0.019973845966293098,-0.00888179350592684,0.07702703467428611,15.000000000001679,0.22505341601208784,
2452,245,ok,1.9693389624125932,0.03107926629564946,0.04058439682230723,0.14309592966058088,15.000000000001679,0.24175533399102278,
2453,245,ok,2.005204066835684,0.0004682137034202282,0.1507182312926203,0.08916140347476262,15.000000000001679,0.2100178329856135,
2454,245,ok,1.9790544512667985,0.020978109463390387,0.011352438321011316,0.07894177379911409,15.000000000001679,0.25135137498728,
2455,245,ok,1.9277577267956933,0.07629733534169655,-0.12497164161137454,0.07381211677128564,15.000000000001679,0.26737708400469273,
2456,245,ok,1.8857083986447913,0.11436627683781617,0.01678173986880647,0.08734415567907278,15.000000000001679,0.2486114159983117,
2457,245,ok,1.8504130452797825,0.15435237804015015,0.1327150846571301,0.09875470184665525,15.000000000001679,0.226337500003865,
2458,245,ok,1.4044817947604515,0.6184260823748942,0.2526313954194065,0.10205038013023497,15.000000000001679,0.22020612499909475,
2459,245,ok,1.2076581351041524,0.7984428770202013,0.12123799528097028,0.09789189932649622,15.000000000001679,0.21189854200929403,
2460,245,ok,1.7832082206204867,0.21752585168135183,-0.051161202724253715,0.10041637869700776,15.000000000001679,0.22754100000020117,
2461,246,ok,1.9066468392361324,0.09387178802155306,0.04446806796999194,0.0974213217196592,15.000000000001679,0.2563475419883616,
2462,246,ok,1.8919287796324387,0.10961902433230783,-0.07651322784429673,0.08360003094977794,15.000000000001679,0.2647774999786634,
2463,246,ok,1.9056184045792937,0.09439991040090824,0.008354782538524699,0.08359640115689228,15.000000000001679,0.2049943330057431,
2464,246,ok,1.9640529396603503,0.036442766675726504,0.044124157197482756,0.08237922623730655,15.000000000001679,0.23825191598734818,
2465,246,ok,1.9657587433542902,0.034455179430923515,-0.02899992082600852,0.07478446907236798,15.000000000001679,0.2784530409844592,
2466,246,ok,1.8669711652572758,0.13318609270820392,0.02423153821051515,0.0885564977538313,15.000000000001679,0.2332581249938812,
2467,246,ok,1.777797582969539,0.2233254255982188,-0.0631799231289908,0.07785942551382877,15.000000000001679,0.22838070898433216,
2468,246,ok,1.8959875364706862,0.10837309828353214,0.1285161591191502,0.09157693274296788,15.000000000001679,0.23108954200870357,
2469,246,ok,1.9327647457712431,0.06735859443531031,0.021834834396405364,0.07897650275583401,15.000000000001679,0.2350589999987278,
2470,246,ok,1.2421568513149563,0.7889089706171465,0.2760655027653162,0.1023178241571591,15.000000000001679,0.23976633299025707,
2471,247,ok,1.7837530080690642,0.21631996863547623,-0.016135039723728983,0.0928811529091836,15.000000000001679,0.23470241701579653,
2472,247,ok,1.5987708640806972,0.4054835125279463,0.1165566257795906,0.0916661823306246,15.000000000001679,0.2815677920007147,
2473,247,ok,1.823762776600035,0.18098266612744038,0.13147853202342258,0.09235192995818403,15.000000000001679,0.2507959170034155,
2474,247,ok,2.2693455431571987,-0.22677621324254604,0.4374893031659511,0.07892451119129572,15.000000000001679,0.24730416701640934,
2475,247,ok,1.8855470172572117,0.11536609194792911,0.05867356225717473,0.09785563843197577,15.000000000001679,0.2335477919841651,
2476,247,ok,1.9624258825063798,0.03767248963562718,-0.019649081355266596,0.0760972761082114,15.000000000001679,0.2294406660075765,
2477,247,ok,1.3387672666000707,0.707877500218688,0.35031020493088494,0.09927094052562904,15.000000000001679,0.27503887499915436,
2478,247,ok,1.2808551006058386,0.7193299777392632,-0.021773443243469824,0.09646551343103926,15.000000000001679,0.25591645800159313,
2479,247,ok,1.7317556853361407,0.27653592306380004,-0.1692611272693719,0.09846867757306359,15.000000000001679,0.23281362498528324,
2480,247,ok,1.748116704052445,0.25704847198384745,-0.13428321553098957,0.09625509010375942,15.000000000001679,0.21043891599401832,
2481,248,ok,1.8555591050238307,0.14812898278765407,0.11693300580140163,0.08701528802375873,15.000000000001679,0.25542404199950397,
2482,248,ok,2.0125564918806584,-0.011285938920496936,0.0715017825769185,0.0730792527621369,15.000000000001679,0.23936179099837318,
2483,248,ok,1.2067631293917556,0.7940889216105622,-0.045340064810345276,0.09737695973087306,15.000000000001679,0.2765822919900529,
2484,248,ok,1.8803164691893215,0.11974619767851437,-0.015351324379090947,0.07776596241854404,15.000000000001679,0.3051697910123039,
2485,248,ok,1.172729930852536,0.8519685958014721,0.23941467309116643,0.10228267592257409,15.000000000001679,0.21979533400735818,
2486,248,ok,1.424352638300574,0.5970667932049851,0.24608708927057135,0.0993456639384553,15.000000000001679,0.2106262499873992,
2487,248,ok,1.4507764295479861,0.5492370373756856,-0.006250984684415543,0.09096894372369727,15.000000000001679,0.24755283299600706,
2488,248,ok,1.286773265568155,0.7196393243941771,0.1283042374324967,0.09585814481774853,15.000000000001679,0.26383025001268834,
2489,248,ok,1.6368811224773796,0.37541414826116803,0.20025139063891603,0.10073419555886601,15.000000000001679,0.24176354199880734,
2490,248,ok,2.007467716118565,-0.0070501189837510235,0.04094448858636173,0.10548363504197565,15.000000000001679,0.2274087079858873,
2491,249,ok,1.2669095161298491,0.7331020622895961,-0.005416408911277139,0.09833000842624597,15.000000000001679,0.25664116599364206,
2492,249,ok,1.3360956127572123,0.7094652280620795,0.34593567154633026,0.09818251577337907,15.000000000001679,0.22431379201589152,
2493,249,ok,1.9948215088460028,0.005375924439883108,-0.02806509131630803,0.07653022364446967,15.000000000001679,0.2710793750011362,
2494,249,ok,2.02235165242759,-0.021232391558637837,0.06727425503678161,0.11281636170148969,15.000000000001679,0.24135399999795482,
2495,249,ok,1.5102377212755422,0.508212593101517,0.2353472060225975,0.10369293167558691,15.000000000001679,0.24289516697172076,
2496,249,ok,1.9960299065864364,0.008547101285732344,0.1350953003993803,0.11435403082184468,15.000000000001679,0.2548288750112988,
2497,249,ok,1.0310185951264499,0.9731673631457998,0.09281206488150341,0.09962027747714909,15.000000000001679,0.2730217500065919,
2498,249,ok,1.2036102038832155,0.8075628376900191,0.16361887676523038,0.09575409125558138,15.000000000001679,0.22719395899912342,
2499,249,ok,1.9080093834034269,0.09200876465038914,0.008321837813296715,0.08053476454416243,15.000000000001679,0.28229195898165926,
2500,249,ok,1.8632709131525038,0.1367453335471314,0.0077809859127745,0.1065576866848942,15.000000000001679,0.24799733300460503,
2501,250,ok,1.6662671991914098,0.33499827642045177,-0.06492795683154623,0.0966135447610526,15.000000000001679,0.21470400001271628,
2502,250,ok,1.2635059482559452,0.8751245177609766,0.5754150073952538,0.09846671399277865,15.000000000001679,0.3019847499963362,
2503,250,ok,1.6538349947728268,0.3641047213820918,-0.2429337920728054,0.0946928157734702,15.000000000001679,0.22685070801526308,
2504,250,ok,1.835994390317643,0.16510122402158336,0.06341831904712249,0.0799682992420275,15.000000000001679,0.28249437498743646,
2505,250,ok,1.5937488111904654,0.4076580121298697,-0.06694973365760111,0.09891001468870984,15.000000000001679,0.22301833401434124,
2506,250,ok,1.1306064265842155,0.8791876416111358,0.14849427300849402,0.09920683635018282,15.000000000001679,0.2521462500153575,
2507,250,ok,1.958069593980132,0.04271655383423598,0.055480142708807724,0.0986816080800073,15.000000000001679,0.26899770798627287,
2508,250,ok,1.5488797378155654,0.4515298095345658,0.03561616845699748,0.09891673768208527,15.000000000001679,0.2308944170072209,
2509,250,ok,1.6717007758619233,0.40052673017272256,-0.4860748328451015,0.09166145524976321,15.000000000001679,0.24355300000752322,
2510,250,ok,2.1303786804421434,-0.1280480760719038,-0.09962282875465137,0.0766691707637457,15.000000000001679,0.2136617079959251,
2511,251,ok,1.5065148479407104,0.494530783879061,-0.05611975033824555,0.09393672529459055,15.000000000001679,0.2509761670080479,
2512,251,ok,1.2695897893615558,0.7811144132236864,0.35521283704292217,0.09711718227011747,15.000000000001679,0.25887062499532476,
2513,251,ok,1.534799747927631,0.473974410064788,0.16387850713747668,0.09892500699784963,15.000000000001679,0.27460270799929276,
2514,251,ok,1.19203007942439,0.8338343751096259,0.2469685113057148,0.09660400851057416,15.000000000001679,0.2424886670196429,
2515,251,ok,1.2669763968016048,0.7505818062633147,0.2101983996421858,0.09912912885602085,15.000000000001679,0.21738470901618712,
2516,251,ok,1.7581899897508781,0.24472481893124284,0.10119821532139091,0.09569631241749456,15.000000000001679,0.3074161670228932,
2517,251,ok,2.0089575409118283,-0.008820125944463629,0.023496867599099126,0.07656893190690904,15.000000000001679,0.25623249998898245,
2518,251,ok,2.051171006580428,-0.050064106639839095,0.06737697606129019,0.07656687830966054,15.000000000001679,0.2654163329862058,
2519,251,ok,1.5237972706140939,0.47889293284345724,-0.09050642064175617,0.09736834861157267,15.000000000001679,0.22445670902379788,
2520,251,ok,2.0193220971661905,-0.01929690595379664,-0.010086511244483364,0.07499483384864981,15.000000000001679,0.2370754999865312,
2521,252,ok,1.5605844514111336,0.4637250360516484,-0.2743775958996646,0.09762841797474471,15.000000000001679,0.23673600002075545,
2522,252,ok,1.875919718379618,0.12706063982010227,0.10570214233581075,0.08982443258581992,15.000000000001679,0.2479067920066882,
2523,252,ok,2.0813126723318662,-0.07638147108231008,-0.14318668428061257,0.09108692236983433,15.000000000001679,0.22310050000669435,
2524,252,ok,1.5826569962329595,0.4176074261582486,0.028929396392102808,0.09940273384233889,15.000000000001679,0.23904791599488817,
2525,252,ok,2.0470686188295875,-0.04678025570698785,0.034358624025299815,0.10853718285792717,15.000000000001679,0.22542608398362063,
2526,252,ok,1.6255604499777345,0.3890578596699128,-0.21751367092790405,0.09879993973457513,15.000000000001679,0.24969087500358,
2527,252,ok,1.7788631482154096,0.22114173277435195,-0.004167157520765214,0.09952040297276006,15.000000000001679,0.23690099999657832,
2528,252,ok,2.0086195859942118,-0.005397990843014356,0.11371692733432397,0.07675413746880495,15.000000000001679,0.26054895800189115,
2529,252,ok,1.6418394010801576,0.3581630975651795,-0.002864392166625468,0.10627173075260365,15.000000000001679,0.27547333302209154,
2530,252,ok,1.3992207437457784,0.6374813858457447,0.31837354760038794,0.09575126022531938,15.000000000001679,0.1872346670133993,
2531,253,ok,1.9824023079353157,0.01762713506521221,0.01080439158434027,0.10312693909719077,15.000000000001679,0.2763822500128299,
2532,253,ok,1.7156968545595592,0.28733750764254146,0.1019945293508625,0.08764332610743741,15.000000000001679,0.22338870802195743,
2533,253,ok,1.9555769450130227,0.045014502023322446,-0.048092520908643806,0.09537101628037466,15.000000000001679,0.24892033397918567,
2534,253,ok,1.9885343474518726,0.011897812571290363,0.041455317355257607,0.09081297614488472,15.000000000001679,0.2697290000214707,
2535,253,ok,1.7944825989277886,0.20568095696409291,0.02422745660066374,0.10161088390429245,15.000000000001679,0.22564433398656547,
2536,253,ok,1.6604393787744345,0.3737716107836981,0.33532097562154095,0.09607235511571552,15.000000000001679,0.21559562502079643,
2537,253,ok,2.0085023078409776,-0.008483040339844221,-0.008797571809817996,0.08346147738958225,15.000000000001679,0.2864239169866778,
2538,253,ok,2.0147283487885876,-0.014057885036816455,-0.05197263831493863,0.07799624353568925,15.000000000001679,0.25423645801492967,
2539,253,ok,1.2408362480444448,0.7635310266078592,-0.10401476962239657,0.0973513586906361,15.000000000001679,0.25603312501334585,
2540,253,ok,2.0505103857813567,-0.05050863456105347,0.0026798857759366673,0.0938178950323115,15.000000000001679,0.26270066702272743,
2541,254,ok,1.9855435479264119,0.015789762303762472,0.07275241118783532,0.07710262768665979,15.000000000001679,0.2548804160032887,
2542,254,ok,1.9868770000192093,0.013453642480100912,0.03624613951518581,0.07354652788730284,15.000000000001679,0.24585745800868608,
2543,254,ok,1.5399350689806388,0.46589368318378993,0.13385748160265928,0.0990322681330067,15.000000000001679,0.23439995900844224,
2544,254,ok,1.6874730379694942,0.31343999629709296,-0.05550322318248112,0.08239444081094376,15.000000000001679,0.25688195799011737,
2545,254,ok,1.9001035723979132,0.10000384194741135,0.020203594351377717,0.08593371729468695,15.000000000001679,0.2537695840001106,
2546,254,ok,1.9199042549292216,0.0806200589815728,0.04486635834818825,0.0821578498710851,15.000000000001679,0.2552635000029113,
2547,254,ok,1.5548429265844375,0.4505071099728334,0.12887323269367212,0.09986282059172924,15.000000000001679,0.23948158402345143,
2548,254,ok,1.9557709885603514,0.0446098411806903,-0.03859386592359785,0.09797558558629291,15.000000000001679,0.25946083400049247,
2549,254,ok,1.0645007545862122,0.9802861263961055,0.30552491305023854,0.09794964519844676,15.000000000001679,0.29626587498933077,
2550,254,ok,1.9977001596167134,0.002435461438358973,-0.023277500159187347,0.09976669049710092,15.000000000001679,0.2184188749815803,
2551,255,ok,2.0199318229539207,-0.01708954002580394,-0.10711842465439597,0.09727843216432012,15.000000000001679,0.19947087499895133,
2552,255,ok,1.5156525795857931,0.4847570584696131,-0.03523592126522239,0.09985465646697599,15.000000000001679,0.29041245800908655,
2553,255,ok,1.2295926927893877,0.7814472762346366,0.1644002723996265,0.09861401763788791,15.000000000001679,0.27297574997646734,
2554,255,ok,1.9739126852271804,0.026090153970246464,0.0033479318351734254,0.07539633453008604,15.000000000001679,0.2751662499795202,
2555,255,ok,2.1159689461336217,-0.10710009833584762,0.19352973051934985,0.08265615006960067,15.000000000001679,0.27044808299979195,
2556,255,ok,1.5767639098931556,0.4247622895244168,0.06935836674255094,0.09989402059808918,15.000000000001679,0.21958812500815839,
2557,255,ok,1.9463348487328063,0.05373579155404938,-0.016582349472054617,0.07657833127458354,15.000000000001679,0.26070366697967984,
2558,255,ok,2.0535270188568,-0.052443455662370506,-0.0667014129056057,0.11966466757208186,15.000000000001679,0.24854120900272392,
2559,255,ok,2.0194855319039298,-0.019077809821598575,0.040578460484785125,0.09757933080522574,15.000000000001679,0.28315100001054816,
2560,255,ok,1.7503224914042514,0.2809637307648181,-0.3294588426034015,0.10070191858175619,15.000000000001679,0.23506458298652433,
2561,256,ok,1.8385124648335893,0.16343043744370517,0.08450044520746598,0.09017623290275734,15.000000000001679,0.22514591700746678,
2562,256,ok,1.9405290877967933,0.06266592856902344,-0.11130964135298888,0.09201281344903443,15.000000000001679,0.2341919169994071,
2563,256,ok,1.5634588261127962,0.43662160373062714,-0.015858468658938214,0.09046970591795182,15.000000000001679,0.26164354098727927,
2564,256,ok,1.8163009885135557,0.18488421683911194,-0.06560468425010145,0.09470089245858403,15.000000000001679,0.21029858299880289,
2565,256,ok,1.644896890158768,0.3597677019051835,-0.12378928685707272,0.09780515368358039,15.000000000001679,0.2875060419901274,
2566,256,ok,1.9215249137610602,0.07962082801762894,-0.06634628867353662,0.09848513601929113,15.000000000001679,0.23679891601204872,
2567,256,ok,1.970974460181947,0.029909986825006906,-0.059039500994450426,0.09231749493323922,15.000000000001679,0.21810187498340383,
2568,256,ok,1.389482560989477,0.6109175099740267,-0.0333410137385966,0.08783734002368537,15.000000000001679,0.24255470899515785,
2569,256,ok,1.6405267985313863,0.36249769657319775,-0.0995709946297412,0.09825014899198033,15.000000000001679,0.25349854200612754,
2570,256,ok,1.9580647878845616,0.04196967077500643,0.01161651361104968,0.09931803862396338,15.000000000001679,0.2445237089996226,
2571,257,ok,1.9318560741424813,0.07657475549497388,-0.18028649423065463,0.08359393399105156,15.000000000001679,0.2403749999939464,
2572,257,ok,1.8724929401827413,0.12756150458438228,-0.014279072795682985,0.08997098531208976,15.000000000001679,0.23204254201846197,
2573,257,ok,1.8518397940944804,0.14832338333616682,-0.024583130237368172,0.09904410026466963,15.000000000001679,0.2068122499913443,
2574,257,ok,1.7950108009305286,0.2080430089694291,-0.10466096576049812,0.07323545978311131,15.000000000001679,0.2779907080112025,
2575,257,ok,1.853508073729216,0.14697722181736594,0.04241182518710882,0.1043806051680039,15.000000000001679,0.24712825001915917,
2576,257,ok,1.9595329100800827,0.04048602830596114,-0.0086151275539608,0.07315405339984878,15.000000000001679,0.25752695798291825,
2577,257,ok,1.8580627283313138,0.14246570464602273,0.04431076616137961,0.09907217963483199,15.000000000001679,0.3232553749985527,
2578,257,ok,1.2229842529547095,0.7897285668105625,0.17587933642350834,0.0989806304823837,15.000000000001679,0.3588405829796102,
2579,257,ok,1.7815819222232558,0.21998072245438463,0.07460239378663736,0.1033738275298565,15.000000000001679,0.6594447499956004,
2580,257,ok,1.3035340052766915,0.6971020074402083,0.040715155610151876,0.09892321043672908,15.000000000001679,0.30233199999202043,
2581,258,ok,2.0268082562884877,-0.011385159546406398,0.249562512640936,0.07297034401096834,15.000000000001679,0.38954100001137704,
2582,258,ok,1.3176204243774408,0.8010768598524168,0.5465408372255877,0.10367410455150983,15.000000000001679,0.24863975000334904,
2583,258,ok,1.3798416875874853,0.7019047403466514,0.46788009112355394,0.09891282634395322,15.000000000001679,0.2539538750133943,
2584,258,ok,1.684855570664524,0.3224056430756883,0.15625449630325508,0.09645322301488889,15.000000000001679,0.23294687501038425,
2585,258,ok,1.6899597220516718,0.3102182803809353,0.024527580357624403,0.09715697708264254,15.000000000001679,0.2627098330121953,
2586,258,ok,1.8951322737249647,0.10489782037332328,0.0106800603075621,0.1018572042938885,15.000000000001679,0.2727967500104569,
2587,258,ok,1.2740613884496401,0.8177732909267775,0.4749446598206185,0.10080891287083325,15.000000000001679,0.3040999999793712,
2588,258,ok,1.7392208238740086,0.2653753008460903,0.12635753749655612,0.10039104782470606,15.000000000001679,0.227024916006485,
2589,258,ok,1.9524011439126445,0.0482469459869749,-0.0503015198799449,0.10420939431398352,15.000000000001679,0.2537669999874197,
2590,258,ok,1.9408095796416491,0.12022092095501488,0.4828793207557997,0.09441117352180804,15.000000000001679,0.26517054098076187,
2591,259,ok,2.019320190499045,-0.019159144425091677,-0.025502573235497022,0.07554747997192553,15.000000000001679,0.27318012501928024,
2592,259,ok,1.6597779116794942,0.3688461551619885,-0.30691994162861974,0.09344372001668858,15.000000000001679,0.22260775000904687,
2593,259,ok,1.8881887796057264,0.11708877400323138,-0.14107509505333804,0.09601973721578413,15.000000000001679,0.24146295900573023,
2594,259,ok,2.0960097049782727,-0.09433951641158818,0.08365807408719704,0.07321202989377999,15.000000000001679,0.24059779100934975,
2595,259,ok,1.140980233106632,0.8590410244738873,-0.006964804840601841,0.09904735857219804,15.000000000001679,0.24629224999807775,
2596,259,ok,1.99755742148298,0.0024786690767565085,0.012007690384330501,0.07555473665939595,15.000000000001679,0.2359935830172617,
2597,259,ok,2.124617130800014,-0.10935619475650037,0.2541936193755906,0.07521410462773354,15.000000000001679,0.27846737499930896,
2598,259,ok,2.0015867238712346,-0.0011092585448089615,0.04371668495923175,0.12312712334144547,15.000000000001679,0.21128133300226182,
2599,259,ok,1.7961450909791556,0.21248132315910226,-0.17582425257479561,0.09896277557334816,15.000000000001679,0.23039754101773724,
2600,259,ok,1.7440997859851028,0.25678959846744254,-0.055691646249520596,0.09835764656231523,15.000000000001679,0.26249870797619224,
2601,260,ok,1.372149039056339,0.7308517959923054,0.5215897062320893,0.09463825020238097,15.000000000001679,0.24496137502137572,
2602,260,ok,1.9868094218049028,0.023311996269951975,-0.20029032548390646,0.09559368011287427,15.000000000001679,0.25684883299982175,
2603,260,ok,1.9827924682116815,0.017210051597556193,0.003161093356082609,0.0749447226969885,15.000000000001679,0.2639228329935577,
2604,260,ok,1.7181469355232122,0.2847791876282734,0.10023201511832384,0.10035348066781753,15.000000000001679,0.27111416700063273,
2605,260,ok,1.9598452080098636,0.0402333840274386,-0.017551361163197002,0.08454966484494926,15.000000000001679,0.28677962499205023,
2606,260,ok,1.9610662844830369,0.04032486749239242,-0.07385355216503611,0.10132837291395289,15.000000000001679,0.22983599998406135,
2607,260,ok,2.0672959565466957,-0.03167621404823152,-0.3821051337328017,0.09728763586003991,15.000000000001679,0.27362525000353344,
2608,260,ok,1.7721671732455453,0.2557238369307781,-0.3131727269058089,0.09954859138833866,15.000000000001679,0.2571626660064794,
2609,260,ok,1.2746222175471726,0.7529776363851366,0.2638124752722497,0.10005160771071478,15.000000000001679,0.24701933399774134,
2610,260,ok,1.2651432113482475,0.854958804646549,0.5380223100988438,0.09775714521744001,15.000000000001679,0.283591332990909,
2611,261,ok,1.4059057331497167,0.5951451502098308,0.05434870305981288,0.09455606833044257,15.000000000001679,0.25232304199016653,
2612,261,ok,1.9597565023301569,0.052255985363858275,0.21665364495991166,0.09699504850512122,15.000000000001679,0.2654348330106586,
2613,261,ok,1.951008106289346,0.049017589463861665,0.010013220527838873,0.08364760709094564,15.000000000001679,0.2567975409911014,
2614,261,ok,1.696943392088912,0.3437558403965393,-0.3694213850518801,0.09613763532486454,15.000000000001679,0.2918854169838596,
2615,261,ok,2.018349823806111,-0.018349255959482707,-0.0015140098950474185,0.09201224402125678,15.000000000001679,0.2657564170076512,
2616,261,ok,1.7307666108633597,0.2711554503586495,0.0815449842408284,0.09520778207364107,15.000000000001679,0.241510207997635,
2617,261,ok,1.8345988403620686,0.16612791679177955,-0.05163416976564884,0.09533241530057325,15.000000000001679,0.24160108400974423,
2618,261,ok,1.884913282577618,0.11589105797245709,-0.05505976216243184,0.09347423281545734,15.000000000001679,0.2187317080097273,
2619,261,ok,1.3647942099924508,0.6576997829833394,0.24676580603062453,0.09808683111599653,15.000000000001679,0.3030888329958543,
2620,261,ok,1.8536089864547645,0.15767513050137194,-0.20421887741519462,0.08579962616989337,15.000000000001679,0.26890195900341496,
2621,262,ok,1.4085442887032606,0.6372190304928134,0.35612503757476394,0.10276011064491307,15.000000000001679,0.2364534999942407,
2622,262,ok,1.9378168460631995,0.06277067780623628,0.0477145902111335,0.10981069773889325,15.000000000001679,0.24359833300695755,
2623,262,ok,1.9757236529659328,0.026340232707113734,-0.09028330885850287,0.07920542552825476,15.000000000001679,0.26267304198700003,
2624,262,ok,1.4562608650805933,0.5547383239815373,0.17864600470646488,0.09799857623036357,15.000000000001679,0.23027737499796785,
2625,262,ok,1.9341986231744834,0.06582155013752894,-0.008833910667166442,0.1081183359203996,15.000000000001679,0.23282091700821184,
2626,262,ok,1.2219121285593302,0.7793170844238707,0.05479479483449017,0.09922916304129509,15.000000000001679,0.23475283299922012,
2627,262,ok,1.08146977217338,0.9429043390882305,0.22831038479721155,0.0977642724670184,15.000000000001679,0.2172021250007674,
2628,262,ok,0.9711662283504744,1.0293211598080052,-0.03076413970859026,0.0988025788590142,15.000000000001679,0.2590527499851305,
2629,262,ok,1.309707772994327,0.6903395810154016,0.01113721629698411,0.0999746558581436,15.000000000001679,0.27606054200441577,
2630,262,ok,1.6847937923860008,0.3152219747826954,0.007288937321858622,0.09737270762233698,15.000000000001679,0.2428988330066204,
2631,263,ok,1.5463107196342576,0.45411245457065896,-0.0361737272376329,0.10390821071729361,15.000000000001679,0.2269145419995766,
2632,263,ok,1.6399467903180633,0.38590739321623074,0.2900526362584809,0.10244877790503099,15.000000000001679,0.2567403329885565,
2633,263,ok,2.036349817538347,-0.024971122509800103,-0.21497100360248655,0.07459998532460214,15.000000000001679,0.24006220800220035,
2634,263,ok,1.339220906916192,0.7351103012056976,0.43996214315039317,0.09486902796963986,15.000000000001679,0.25491016698651947,
2635,263,ok,2.003610770009646,-0.0035367428115067744,-0.01722317923333614,0.07521207380236242,15.000000000001679,0.25043229100992903,
2636,263,ok,1.988166428529073,0.011869963727764117,0.012029397416654293,0.07319059650401032,15.000000000001679,0.23678170898347162,
2637,263,ok,1.6076881541711565,0.3929070662719232,-0.043743610088142204,0.0992133416253795,15.000000000001679,0.2406243750010617,
2638,263,ok,1.3974355974800912,0.6049154310973391,-0.08102650624466162,0.0947175262214746,15.000000000001679,0.254333915974712,
2639,263,ok,1.9255868135511753,0.07942860112560872,0.1388887264965463,0.07668171338661267,15.000000000001679,0.2855953749967739,
2640,263,ok,1.8772406143105969,0.12381658848291617,-0.062993097759548,0.09636239255896621,15.000000000001679,0.24481362497317605,
2641,264,ok,1.5419949607214487,0.4910128661676745,0.3173425417728384,0.0937943788152002,15.000000000001679,0.20971008398919366,
2642,264,ok,1.6420870548632425,0.3700492310230972,0.19927465082403406,0.08726605639496043,15.000000000001679,0.27948987498530187,
2643,264,ok,1.9583513494769706,0.04203485408477723,-0.03889081356121418,0.09318959004669582,15.000000000001679,0.27417566601070575,
2644,264,ok,1.9730212498917064,0.028049706924320905,-0.06499918586393502,0.0741534811785406,15.000000000001679,0.2852180410118308,
2645,264,ok,1.1021158246351197,0.8985429462802593,-0.038100521284864276,0.09968684281091195,15.000000000001679,0.32441741597722284,
2646,264,ok,1.9896543600480114,0.014210728561267974,-0.1239574196927788,0.1029365353730225,15.000000000001679,0.2226089579926338,
2647,264,ok,1.4659462899033189,0.5409992911338755,0.14253229953049695,0.09901778644025198,15.000000000001679,0.2510052080033347,
2648,264,ok,2.03429513854411,-0.03426435094508265,-0.011192014036024139,0.09950731690847285,15.000000000001679,0.21587645800900646,
2649,264,ok,1.3406192962367383,0.7106853369203384,0.36732519245222817,0.0988508055960262,15.000000000001679,0.20511579199228436,
2650,264,ok,1.094975475005509,0.9334339535096685,0.24780669752354212,0.0997673117435665,15.000000000001679,0.2262415000004694,
2651,265,ok,2.0023154115368325,-0.002228075603451295,-0.018701351374033816,0.07476144351842988,15.000000000001679,0.2156759169884026,
2652,265,ok,1.7918239325590202,0.20906794571800558,0.056527712111383695,0.1006575421841543,15.000000000001679,0.22597266698721796,
2653,265,ok,2.057592613044707,-0.054721461157878605,-0.10866038060571317,0.11101788292205546,15.000000000001679,0.23812404199270532,
2654,265,ok,1.7233798138905048,0.276837895269265,-0.02739240305657624,0.09877042308332933,15.000000000001679,0.2330098339880351,
2655,265,ok,1.6192287499604359,0.4125954174822228,-0.3194502091093348,0.09708738750938849,15.000000000001679,0.19717541697900742,
2656,265,ok,1.6576370553053037,0.3708204160574761,-0.30583408964028835,0.08657313152379102,15.000000000001679,0.2597271670238115,
2657,265,ok,2.0001430234102378,-5.255380729366525e-05,0.019023567109536604,0.07234911752138141,15.000000000001679,0.2382067920116242,
2658,265,ok,1.8170711997639746,0.18339776785604153,0.04128044550725927,0.07807269193127088,15.000000000001679,0.2555658749770373,
2659,265,ok,1.9710540794937808,0.029551141596936108,-0.04884138314111672,0.0952899361209493,15.000000000001679,0.22665579098975286,
2660,265,ok,1.7978938535552123,0.24709326201656565,0.39967521387232197,0.0887608736441642,15.000000000001679,0.2660365829942748,
2661,266,ok,1.498720049427668,0.5013086864883811,0.009280806068969591,0.0977128420630939,15.000000000001679,0.2213296249974519,
2662,266,ok,1.924580617836224,0.07544915155241835,0.010704498612922546,0.09691270858470863,15.000000000001679,0.25712404199293815,
2663,266,ok,1.733340810062593,0.27753938613164053,-0.1939066721406981,0.08855734031241211,15.000000000001679,0.310285958024906,
2664,266,ok,1.9592057368926767,0.044743162775399074,-0.12432948145804765,0.0860054688581714,15.000000000001679,0.23827962498762645,
2665,266,ok,1.2313274438627435,0.7706047342098208,-0.06895327738586472,0.0977531142134354,15.000000000001679,0.2543933750130236,
2666,266,ok,2.2100089113958448,-0.20195964516461282,0.1884492226451992,0.07504668224061375,15.000000000001679,0.24439179201726802,
2667,266,ok,1.1128642056804543,0.9951081621615613,0.47818316002393196,0.09827943581235242,15.000000000001679,0.25577675001113676,
2668,266,ok,2.1526152847856928,-0.13972738633962434,0.23520050263804324,0.09681429541685842,15.000000000001679,0.22121975000482053,
2669,266,ok,2.0623397360308964,-0.05730817433483153,-0.14397313161513858,0.08771590612342826,15.000000000001679,0.25794541600043885,
2670,266,ok,1.6623972250463126,0.3524090496192348,0.22137884737500937,0.10182157249632062,15.000000000001679,0.21429175001685508,
2671,267,ok,1.6091898763819568,0.3908101244424358,-5.1509304425349794e-05,0.10343983685138504,15.000000000001679,0.2580515000154264,
2672,267,ok,1.9448186654527484,0.05520070721800442,0.008680569570020414,0.09283093801790346,15.000000000001679,0.2635224580008071,
2673,267,ok,1.1327971555850225,0.8935276166257782,-0.24279262866011142,0.10016878047729545,15.000000000001679,0.2339288750081323,
2674,267,ok,1.1508328433358082,0.8599212819793323,-0.15696098246612666,0.09923388174460551,15.000000000001679,0.2941025830223225,
2675,267,ok,1.5371088733388738,0.48698719958320374,0.27110137268561757,0.09266549226011858,15.000000000001679,0.24916724997456186,
2676,267,ok,1.8667158631832443,0.13509600933410404,-0.08222663472611122,0.09671079800542577,15.000000000001679,0.22863450000295416,
2677,267,ok,1.9472098011040098,0.05310302125786963,0.034902201653799744,0.10781212259250769,15.000000000001679,0.26797662500757724,
2678,267,ok,2.3271411322751883,-0.3150684379232857,0.23673609200644494,0.1483425527933178,15.000000000001679,0.219328792009037,
2679,267,ok,1.5057477517955136,0.5063586106999032,0.19055627044765594,0.09508013905562328,15.000000000001679,0.24868587500532158,
2680,267,ok,1.7961451535866584,0.20509100092539326,0.06662655471982487,0.0771118633591115,15.000000000001679,0.2824644159991294,
2681,268,ok,1.8839609710961498,0.11671300640679683,0.05038889139702382,0.09786059910488906,15.000000000001679,0.2729981250013225,
2682,268,ok,1.528027445247796,0.47252955359416593,-0.04125419720789319,0.09356213823498419,15.000000000001679,0.21891874997527339,
2683,268,ok,1.9416112746855523,0.05927941993533815,-0.058804524481859737,0.0913716079220646,15.000000000001679,0.2485167089907918,
2684,268,ok,1.3936012656992154,0.6064217860156449,-0.008015564024446411,0.09455232207731797,15.000000000001679,0.26120287500089034,
2685,268,ok,1.9716225030774657,0.028904643783999925,-0.04558937754751973,0.07164365415057596,15.000000000001679,0.2328739590011537,
2686,268,ok,1.1790648201784388,0.8519624299496982,0.26870725322442024,0.095588522621315,15.000000000001679,0.25916899999720044,
2687,268,ok,1.9464028059787486,0.054744371249670076,-0.06681632986856016,0.0799942563480204,15.000000000001679,0.24642199999652803,
2688,268,ok,1.8518511837258185,0.14827262090367443,0.021413084125549035,0.10150108298844535,15.000000000001679,0.2266267910017632,
2689,268,ok,1.5271522291701867,0.4801007878225045,0.14866174989451283,0.10049571049061544,15.000000000001679,0.21553458299604245,
2690,268,ok,1.4634918328932953,0.5370066677833942,-0.038194958242278323,0.09782146784625557,15.000000000001679,0.2350225409900304,
2691,269,ok,1.906023319332644,0.09705217538770607,-0.10823340816572481,0.08443658040208603,15.000000000001679,0.25469220799277537,
2692,269,ok,1.342009032941687,0.7344962357596676,0.4466413182752255,0.10068110992056857,15.000000000001679,0.293841540988069,
2693,269,ok,2.111399134124981,-0.11022811225695762,0.070310865619449,0.08168215661700375,15.000000000001679,0.29353408300084993,
2694,269,ok,1.816916248636674,0.20802018758359084,-0.2999883438602483,0.09776677452317521,15.000000000001679,0.26128458298626356,
2695,269,ok,1.5552694992293803,0.4485129413905988,0.10840259314590325,0.08111169892243977,15.000000000001679,0.24203516700072214,
2696,269,ok,1.4996343457255603,0.5151742813833743,0.2102278673590897,0.10749975815909713,15.000000000001679,0.22897679198649712,
2697,269,ok,2.009422680947499,-0.007787633110742911,0.08104524066096917,0.08886134581668485,15.000000000001679,0.24069316699751653,
2698,269,ok,1.1907220610407965,0.8409972668139077,0.27300492874014126,0.09658491317010141,15.000000000001679,0.22993274999316782,
2699,269,ok,1.5882207258034722,0.4219291217617862,-0.17926900771795504,0.09223922966989431,15.000000000001679,0.22831070801476017,
2700,269,ok,1.8091639081410509,0.19198984856290677,0.06460138404569778,-7.918876447642894e-05,15.000000000001679,0.23332433399627917,
2701,270,ok,1.9632726296934455,0.03675111476544641,-0.00965573035558308,0.1125729611850996,15.000000000001679,0.26414233399555087,
2702,270,ok,1.979925609513661,0.054407840070663925,-0.3671192809286146,0.08237818016278542,15.000000000001679,0.2726299170171842,
2703,270,ok,1.7529243696218155,0.24854158651283167,0.07167476152071249,0.0947358779321621,15.000000000001679,0.2206467919750139,
2704,270,ok,2.097805956490302,-0.0977459713680429,-0.015864132353757283,0.0975437634830212,15.000000000001679,0.19713945800322108,
2705,270,ok,1.7455205734941448,0.25837611561534574,-0.11656894025526947,0.10072450335699192,15.000000000001679,0.2647476669808384,
2706,270,ok,1.9775314541863735,0.0245300644102699,-0.09027284130668062,0.10374508652180049,15.000000000001679,0.2817602090071887,
2707,270,ok,2.098410936098935,-0.09619640664655217,0.09637988120811437,0.08709448466016542,15.000000000001679,0.3141241249977611,
2708,270,ok,1.9054302852622145,0.10035725100048522,0.14839810702300404,0.0801334063234731,15.000000000001679,0.25910374999511987,
2709,270,ok,1.2213422419237814,0.7892179845826862,-0.16026160815802656,0.09909203895268448,15.000000000001679,0.25960395799484104,
2710,270,ok,2.0395185623245085,-0.038427426804304055,0.06670526004907637,0.10926631741753826,15.000000000001679,0.21047012499184348,
2711,271,ok,1.3460341059061705,0.661942121798805,0.14631790336913691,0.09401629881044386,15.000000000001679,0.24395370899583213,
2712,271,ok,2.0451460193074467,-0.04498391023451898,-0.025749702348411476,0.13037252420360507,15.000000000001679,0.23510987500776537,
2713,271,ok,1.9955263666213188,0.004485220026395843,0.006800204980711813,0.07460354725264379,15.000000000001679,0.239382542000385,
2714,271,ok,1.5694973516103565,0.4634889152148771,0.320086899207649,0.09580262359126168,15.000000000001679,0.23468541700276546,
2715,271,ok,1.8019024752193848,0.19814270240531204,0.012759675015977282,0.07912148445103764,15.000000000001679,0.2487577499996405,
2716,271,ok,2.132019712803573,-0.12519812243389403,0.17041419009719827,0.07743770574535337,15.000000000001679,0.27395324999815784,
2717,271,ok,1.8970834608938936,0.10297870630825627,0.015358023220978713,0.11417250184680013,15.000000000001679,0.2517489169840701,
2718,271,ok,1.9737978185003977,0.026871426876002368,-0.05139515773480999,0.1041548324989997,15.000000000001679,0.2418238329992164,
2719,271,ok,1.655079653062152,0.35427929943758296,0.17576129756200948,0.10012830121112377,15.000000000001679,0.23393216700060293,
2720,271,ok,1.8003012764594415,0.2148525701302352,-0.23309513004536977,0.08298371548976649,15.000000000001679,0.2942899170157034,
2721,272,ok,1.9490632106774455,0.05403005105580946,0.1097650081875642,0.11142076737027592,15.000000000001679,0.2437254580145236,
2722,272,ok,1.5781521642606582,0.42410146208154886,-0.08430926252249887,0.08754228114704317,15.000000000001679,0.2972144160012249,
2723,272,ok,1.1974292479149702,0.8109014571276354,0.14100162800843924,0.09972444656195689,15.000000000001679,0.24296258299727924,
2724,272,ok,1.614903808519661,0.3865233136163089,-0.06787704521861858,0.09919552614700279,15.000000000001679,0.2752718330011703,
2725,272,ok,1.7962887682188808,0.29945422454478293,0.5786168027379766,0.0886422442753552,15.000000000001679,0.2507186660077423,
2726,272,ok,1.8225776334360229,0.17837012577114472,-0.05876930506836457,0.09322440548341591,15.000000000001679,0.2303359170036856,
2727,272,ok,1.8519951044149439,0.1565774292214531,0.17798621385133043,0.09835475515989453,15.000000000001679,0.2670349999971222,
2728,272,ok,2.0192527156272626,-0.019252226844305102,-0.0014049741602235105,0.07718589010364682,15.000000000001679,0.27379320800537243,
2729,272,ok,1.4041308070532235,0.6003113893888452,0.11160249388500126,0.10087481563624269,15.000000000001679,0.23328470799606293,
2730,272,ok,1.0636457876473047,0.9814671936300611,0.30648537310617613,0.09825578032127531,15.000000000001679,0.2832329170196317,
2731,273,ok,1.5138576792988072,0.5366982873970716,-0.38796026995725647,0.09801293448692643,15.000000000001679,0.25376037502428517,
2732,273,ok,1.8307958034538692,0.17626733461373711,0.16066250075053493,0.08853537604895037,15.000000000001679,0.2831466250063386,
2733,273,ok,1.9230493236827697,0.07847640371091061,0.07658831647844536,0.07335474980284742,15.000000000001679,0.27529154100921005,
2734,273,ok,1.5677000508840617,0.44402822833828043,-0.19140348830096926,0.09674502019644599,15.000000000001679,0.22359237499767914,
2735,273,ok,1.812234165828386,0.18833403410553487,0.045377305069616666,0.10756051546332353,15.000000000001679,0.23577266701613553,
2736,273,ok,1.8238321601776253,0.17618067313081354,0.006841888380428992,0.0957854146483205,15.000000000001679,0.27165945898741484,
2737,273,ok,1.819454937566934,0.18054524054951301,-0.0008050774284436639,0.10390857796214446,15.000000000001679,0.2601640409848187,
2738,273,ok,1.8111060961585754,0.1931040658281102,0.12341950662617522,0.08538671381272553,15.000000000001679,0.22751666698604822,
2739,273,ok,1.587267873661709,0.4153701862110801,0.09147489278406339,0.09824279811339158,15.000000000001679,0.24962845898699015,
2740,273,ok,1.2813398808297913,0.7395021902510777,0.23016768196919718,0.09948408631776698,15.000000000001679,0.2505632499814965,
2741,274,ok,2.065899026761535,-0.05823119609939345,0.1778289407760121,0.07935985634846922,15.000000000001679,0.25343987499945797,
2742,274,ok,1.5843651006285127,0.5466978496691431,0.6309719739681822,0.09531570118455018,15.000000000001679,0.23641495799529366,
2743,274,ok,1.7791289732661018,0.2407931457639626,0.2655016902466713,0.10151695743445432,15.000000000001679,0.24252162498305552,
2744,274,ok,2.10779264835298,-0.10593967322894253,0.0883625552552898,0.08836685410885652,15.000000000001679,0.2508202089811675,
2745,274,ok,1.8837857129166127,0.1238091730634763,-0.1689869613549936,0.08101129297669436,15.000000000001679,0.2621082080004271,
2746,274,ok,1.6315119619462704,0.3814562591662024,-0.20529841933513412,0.09288993690686219,15.000000000001679,0.239723208011128,
2747,274,ok,1.9795948968801609,0.05098412021667592,-0.34660215825411317,0.0904549266274747,15.000000000001679,0.22372329200152308,
2748,274,ok,1.9171203718937866,0.08733797467318294,0.13066941953987804,0.08090027540633668,15.000000000001679,0.23877958301454782,
2749,274,ok,1.9188389385206757,0.08996511567766576,-0.18360177737407693,0.09644457170667141,15.000000000001679,0.22889662499073893,
2750,274,ok,1.5528055633205344,0.4565482618617127,0.1701818131208563,0.0961311998377065,15.000000000001679,0.25778795799124055,
2751,275,ok,1.838675014857351,0.1700676416580254,-0.17909040776562743,0.0899380662523682,15.000000000001679,0.2704956669767853,
2752,275,ok,1.365694617659221,0.6366844541463804,-0.08057612014246533,0.10105942224143237,15.000000000001679,0.236862249992555,
2753,275,ok,1.9437694820384608,0.06273275440467609,-0.15885659711693698,0.10389726172933134,15.000000000001679,0.2438982909952756,
2754,275,ok,1.7418081957504061,0.2685348886125621,0.18953722281222812,0.0937550896548762,15.000000000001679,0.24418695899657905,
2755,275,ok,1.6745106798252454,0.3271107730027445,0.07367259358357262,0.09512549660494724,15.000000000001679,0.23723350002546795,
2756,275,ok,1.194857319787538,0.8576339087040795,0.3502623703841726,0.10252319204462242,15.000000000001679,0.2213838330062572,
2757,275,ok,1.9738444358891047,0.02644404311538953,-0.03374525352768269,0.09326579639763305,15.000000000001679,0.22625291600706987,
2758,275,ok,1.9497397900763993,0.05039471115165971,0.022901237995807736,0.10339119635481786,15.000000000001679,0.2247042499948293,
2759,275,ok,1.9588662346075798,0.04191837274314981,0.05543704614103915,0.07614946680958362,15.000000000001679,0.28316791699035093,
2760,275,ok,1.7436093334393024,0.25654428405656166,-0.023144636545033657,0.08325207550584944,15.000000000001679,0.24233350000577047,
2761,276,ok,1.4005910842833353,0.6121024723681935,0.18813781695206386,0.09923858081431096,15.000000000001679,0.24138108399347402,
2762,276,ok,2.0881876232678,-0.08817009133255244,-0.008556847142721577,0.08642496593855237,15.000000000001679,0.2656287499994505,
2763,276,ok,1.8278365442150377,0.1793328775233909,0.16173330362270746,0.08878059559874425,15.000000000001679,0.24161495798034593,
2764,276,ok,1.7067053970328243,0.2933606613128961,0.01501598836622615,0.09407720758769422,15.000000000001679,0.23331745798350312,
2765,276,ok,1.5556153123718974,0.4446999446893381,0.03131673732316171,0.0822633551639646,15.000000000001679,0.1990587499749381,
2766,276,ok,1.9314327530971351,0.06939261021162317,-0.05645871262160688,0.09564255940529182,15.000000000001679,0.2533317079942208,
2767,276,ok,1.62046694499426,0.3946357361486451,0.2207231301155992,0.09418288914543134,15.000000000001679,0.25231104099657387,
2768,276,ok,1.8934048247975468,0.10660083344225535,-0.004628892423428637,0.09186012251168042,15.000000000001679,0.23019187501631677,
2769,276,ok,1.5765345762060305,0.4284959215266396,-0.12584196960761115,0.09474335542911011,15.000000000001679,0.2723234579898417,
2770,276,ok,1.9914729501039692,0.008527907248010832,-0.0018479139100991996,0.07385955889851809,15.000000000001679,0.27452758300933056,
2771,277,ok,1.910208095353907,0.09057026013879277,-0.05452555445993241,0.10083139456383086,15.000000000001679,0.20999979201587848,
2772,277,ok,1.9571117140685552,0.04359370461993072,-0.05254206640008311,0.10365973283403579,15.000000000001679,0.20804237498668954,
2773,277,ok,1.957319042708343,0.04324124696839615,-0.046829663493413894,0.10486599121390677,15.000000000001679,0.2387113330187276,
2774,277,ok,1.5961143199065393,0.43096899471760886,0.29278426643732625,0.09590589900080064,15.000000000001679,0.19885870901634917,
2775,277,ok,1.4023914982709986,0.7000737295000529,0.5262068088564372,0.10047407333908336,15.000000000001679,0.24470337500679307,
2776,277,ok,1.62718816877106,0.38436103761146967,0.19352539833476412,0.10350995592352415,15.000000000001679,0.24597695798729546,
2777,277,ok,2.0990180863354606,-0.08847096529648021,0.21015697437146408,0.08208997525418528,15.000000000001679,0.25331595799070783,
2778,277,ok,1.6701454143870096,0.3503303359399207,-0.26072150789273474,0.08638434254403071,15.000000000001679,0.2464473340078257,
2779,277,ok,1.5951171520786223,0.45337750329176174,0.3903300930384314,0.09311650071853658,15.000000000001679,0.3399726249917876,
2780,277,ok,1.758433501674428,0.24436933971548463,-0.09924396445097877,0.08048461157801991,15.000000000001679,0.28230991697637364,
2781,278,ok,2.1253726349147084,-0.11956333074625874,0.1570354233926753,0.08378743867651878,15.000000000001679,0.29551095800707117,
2782,278,ok,2.003036386770477,-0.002985864160312893,0.014226549142056696,0.07804184244262112,15.000000000001679,0.2727686250000261,
2783,278,ok,1.9151722280885095,0.08486069089115655,0.011228978030452615,0.10982186287626966,15.000000000001679,0.2608970830042381,
2784,278,ok,1.3196396102187657,0.6908320616812995,-0.16591567176339783,0.09894741036205389,15.000000000001679,0.22972912498516962,
2785,278,ok,1.34362426425091,0.722723735392887,0.4170030064101451,0.09651894966382286,15.000000000001679,0.2587470839789603,
2786,278,ok,2.0002072848821517,0.000767398352144858,-0.062435462711330464,0.0801652279683123,15.000000000001679,0.2656295410124585,
2787,278,ok,1.9436174058929652,0.056589018633658464,0.02832627746126498,0.0746165765165857,15.000000000001679,0.2357314580003731,
2788,278,ok,1.8662364837045629,0.1370872618871202,0.1113316814152378,0.095643925844037,15.000000000001679,0.2526708340155892,
2789,278,ok,1.3858517958679253,0.6204771005546384,0.13229425541653952,0.09663944853088742,15.000000000001679,0.21697779098758474,
2790,278,ok,1.9439206576505128,0.058025747602708365,-0.08696853607128605,0.09853611116487791,15.000000000001679,0.2505307079991326,
2791,279,ok,1.9559676874109038,0.04823464278364516,-0.12814673060860104,0.10109976159508532,15.000000000001679,0.21780933300033212,
2792,279,ok,1.8013695920983221,0.19918454068037197,-0.04467760973813357,0.09615197569232277,15.000000000001679,0.24968183299642988,
2793,279,ok,1.9381228573564413,0.062200089171885464,0.03537959584347843,0.09360320294664996,15.000000000001679,0.22048662501038052,
2794,279,ok,1.9134471086438458,0.08656229471124355,-0.005998796278570664,0.10399985625908328,15.000000000001679,0.24972629098920152,
2795,279,ok,1.838697492824769,0.16622843918091149,-0.1345003079967312,0.08107427816728031,15.000000000001679,0.28354833301273175,
2796,279,ok,1.696337875415501,0.3067190574480362,0.10179310958758142,0.0966708146821851,15.000000000001679,0.23437541601015255,
2797,279,ok,1.8153740235234292,0.1906456085275398,-0.1477143572675595,0.09108893468465147,15.000000000001679,0.23920683399774134,
2798,279,ok,1.9504262622882438,0.05017100247544052,0.04826473905513473,0.15093902824476543,15.000000000001679,0.2834722909901757,
2799,279,ok,1.7535084472981404,0.24666254695579654,0.024487762217084996,0.09854434392586889,15.000000000001679,0.2225744159950409,
2800,279,ok,1.1494314154182617,0.9322320986796588,0.42551649516838075,0.09621613893047626,15.000000000001679,0.2403340000018943,
2801,280,ok,1.4413134517938435,0.5871657886668681,0.2851034156382048,0.095586016046333,15.000000000001679,0.26860754200606607,
2802,280,ok,1.822981000677674,0.17702311210380964,0.0038723414228762527,0.09769661127186675,15.000000000001679,0.20675658297841437,
2803,280,ok,1.9627232043864085,0.040808707677351605,-0.11769391285857739,0.1042412002976134,15.000000000001679,0.23253149999072775,
2804,280,ok,2.0038881959081394,-0.0008739771362224032,0.1098691463471525,0.100930735282454,15.000000000001679,0.2745914169936441,
2805,280,ok,2.0490220510366104,-0.048845677544613386,-0.026884107592277023,0.08839507373782149,15.000000000001679,0.20916399999987334,
2806,280,ok,1.707601354349415,0.33475784554744853,-0.37798274088929196,0.08740054670580702,15.000000000001679,0.23453370897914283,
2807,280,ok,1.7137827198541518,0.286738297873214,0.04225577944283892,0.09914989776383994,15.000000000001679,0.2511384999961592,
2808,280,ok,1.974111421869522,0.027503373256549543,0.07983084267007808,0.09671427873911917,15.000000000001679,0.2791232910240069,
2809,280,ok,1.9721906007642451,0.02787608135042176,-0.016217744388959624,0.07332847749815205,15.000000000001679,0.23638745900825597,
2810,280,ok,1.0114435839629858,0.9968965961243146,-0.12962131257205733,0.09874502805727982,15.000000000001679,0.2912988329771906,
2811,281,ok,1.1866116881874251,0.8205607535727166,-0.13027034401602414,0.09910155708894737,15.000000000001679,0.26860033397679217,
2812,281,ok,1.7686264559375378,0.24209880963257244,-0.19448122157924663,0.0821947310228112,15.000000000001679,0.467766624991782,
2813,281,ok,1.081204468163695,0.9208909274758854,-0.0672808410565993,0.10018780253071154,15.000000000001679,0.3127017919905484,
2814,281,ok,1.710221420665655,0.289824081235165,-0.012475358932873956,0.09674885243880159,15.000000000001679,0.31655175000196323,
2815,281,ok,1.8364977732122323,0.16352361872621932,0.008864086926853832,0.0859087798277626,15.000000000001679,0.30272670899285004,
2816,281,ok,1.426507426360293,0.5739901435975652,0.03767395524993867,0.09127721465905889,15.000000000001679,0.2733064590138383,
2817,281,ok,1.6664153594413549,0.34284313323675175,0.17541741396301888,0.09504099565410176,15.000000000001679,0.2199501249997411,
2818,281,ok,2.080955389353947,-0.0802098170868832,0.05569963533628541,0.07756422478845885,15.000000000001679,0.26246708299731836,
2819,281,ok,1.9105956938522783,0.09203143898634854,0.10015925094750554,0.07635480656151397,15.000000000001679,0.29346729200915433,
2820,281,ok,1.9666371503761129,0.03377758277735293,-0.04038672121637067,0.0886897351532428,15.000000000001679,0.23755933399661444,
2821,282,ok,1.7572279644067956,0.2824627972605734,0.37137053746800625,0.1055468485432589,15.000000000001679,0.2401923750003334,
2822,282,ok,1.7551636738474454,0.24497834149088998,-0.022327117090980883,0.09964043912396192,15.000000000001679,0.2066622500133235,
2823,282,ok,1.381150741729497,0.6488231931364974,0.28617932834865756,0.1042598203816732,15.000000000001679,0.2410864169942215,
2824,282,ok,1.8825556210166872,0.13794600915941613,-0.2770750826331731,0.08078506000617637,15.000000000001679,0.21022708399686962,
2825,282,ok,1.7555389867185391,0.24912302720825272,-0.12785523077434796,0.0736853208471368,15.000000000001679,0.2738499160041101,
2826,282,ok,1.7368474795185849,0.26323010060383073,-0.016415957525574038,0.10099342479038258,15.000000000001679,0.2440121670078952,
2827,282,ok,2.053124787979924,-0.05066619159948495,0.10044682995730829,0.1143491841905712,15.000000000001679,0.23126337499707006,
2828,282,ok,1.8991151388614056,0.10137853063024517,0.043299269056292555,0.07747734702234584,15.000000000001679,0.2485036659927573,
2829,282,ok,2.0665215788831492,-0.06651050576163284,-0.006765025240651527,0.09411663411678531,15.000000000001679,0.2483623330190312,
2830,282,ok,1.5552029423607183,0.4575786898261964,0.19897912917982846,0.10811640515296428,15.000000000001679,0.24389775001327507,
2831,283,ok,1.511834373863207,0.4883238706669075,-0.021873591357482933,0.1002757444727756,15.000000000001679,0.2200970830162987,
2832,283,ok,2.016291973987597,-0.004710553550056874,0.21579833375590834,0.0827695879803145,15.000000000001679,0.25041062498348765,
2833,283,ok,2.028508161020784,-0.02850718285518999,0.0019920925741170794,0.0821246443984062,15.000000000001679,0.24099495797418058,
2834,283,ok,2.100528556344203,-0.07914053308310152,0.2989897317774947,0.11142183702064865,15.000000000001679,0.2350730839825701,
2835,283,ok,1.9600044325266375,0.04058351701393862,0.04800439278441061,0.09499276976146508,15.000000000001679,0.26600204198621213,
2836,283,ok,1.8097820416836305,0.23812619519325862,-0.4136565415128679,0.07369084607118126,15.000000000001679,0.2523931250034366,
2837,283,ok,1.8133878495677174,0.18813888411396298,-0.07439616724022338,0.09537891227828668,15.000000000001679,0.2380308749852702,
2838,283,ok,1.8147493380928805,0.1875568145173205,0.09145960587027015,0.10901031853381735,15.000000000001679,0.2386752919992432,
2839,283,ok,1.260504921835588,0.7937587668692764,0.36586164798597465,0.09786514321510767,15.000000000001679,0.26128487501409836,
2840,283,ok,1.9036349362714888,0.09648103272681853,-0.021012182766114385,0.0992141243352974,15.000000000001679,0.2719664169999305,
2841,284,ok,1.3820389452478854,0.638298756521623,0.23622313538544246,0.09829496258899163,15.000000000001679,0.2643191250099335,
2842,284,ok,2.1193980450364154,-0.11390267978597252,0.15252387910705545,0.07244511924592598,15.000000000001679,0.234407874988392,
2843,284,ok,1.9065461944644269,0.10733623239937004,-0.2296568188375344,0.09865351089687406,15.000000000001679,0.22078129099099897,
2844,284,ok,1.7584671425190124,0.2559520649996855,-0.2247298194279507,0.10026440621862316,15.000000000001679,0.23435704098665155,
2845,284,ok,2.0371182727152313,-0.03658551357657058,0.046586510068289816,0.11063192703808292,15.000000000001679,0.2026364579796791,
2846,284,ok,1.2496548774258105,0.7855643390627095,0.29459011883958963,0.09873367130267181,15.000000000001679,0.23194683299516328,
2847,284,ok,1.8412821885404338,0.15953143380660273,0.054731660766593276,0.08604674222523796,15.000000000001679,0.22143362497445196,
2848,284,ok,1.79976758901765,0.20826856577039013,-0.16988773372998744,0.08358699144021292,15.000000000001679,0.2610556250147056,
2849,284,ok,1.7728270731170492,0.23014161035295047,0.10255297056992814,0.10090941545252143,15.000000000001679,0.21573962501133792,
2850,284,ok,1.9669170208501032,0.03438618932430779,-0.0715885059966281,0.07488764016911191,15.000000000001679,0.24672941700555384,
2851,285,ok,1.891786411069214,0.11062500044879255,-0.09548788497506772,0.09600883317145933,15.000000000001679,0.22388895798940212,
2852,285,ok,2.230155636032298,-0.21953870699466768,0.2173524535841756,0.07626756564998996,15.000000000001679,0.23972812498686835,
2853,285,ok,1.9921507497604851,0.00913191840605803,-0.0714765098596755,0.10210493772172441,15.000000000001679,0.2300737079931423,
2854,285,ok,1.5986366594587988,0.40234013976448985,0.055876112587026204,0.08790651216064962,15.000000000001679,0.245530415995745,
2855,285,ok,2.2257121423279913,-0.21926850963282493,0.16923895136273193,0.07852906110635216,15.000000000001679,0.23836545800440945,
2856,285,ok,1.2411916620426178,0.8405562008903187,0.44299753795052244,0.09692439969226399,15.000000000001679,0.24328641698230058,
2857,285,ok,1.9430436124135921,0.06564750742386852,-0.18357264013400493,0.07926050949750395,15.000000000001679,0.24523541697999462,
2858,285,ok,1.9889300282977362,0.012143011900145105,0.06532420934850224,0.10625818461024562,15.000000000001679,0.2570419999829028,
2859,285,ok,2.0878912016833993,-0.08568018073530237,0.09606171846737957,0.07641920029434247,15.000000000001679,0.23427687500952743,
2860,285,ok,1.9963336472604618,0.004075084568241589,0.04039508810469101,0.0932547088800052,15.000000000001679,0.25346495799021795,
2861,286,ok,1.903506007513919,0.1964383744218393,0.6086875909556912,0.08375014067393308,15.000000000001679,0.2594627499929629,
2862,286,ok,1.5522064097188,0.4480947201211621,0.03057352868598389,0.09909677357338142,15.000000000001679,0.24855383299291134,
2863,286,ok,2.0551692899334646,-0.05515782121049371,-0.00686587233774749,0.0828994027290911,15.000000000001679,0.2305531250021886,
2864,286,ok,1.7541522762389163,0.2458553614838997,0.005176427280544154,0.09860317208411962,15.000000000001679,0.2355594580003526,
2865,286,ok,1.4301221052933368,0.5945491446433511,0.26449410055029565,0.09262668823981073,15.000000000001679,0.2521098750003148,
2866,286,ok,1.905467177375559,0.09505654825641555,-0.04467224770277393,0.07523065610303235,15.000000000001679,0.26006562501424924,
2867,286,ok,1.7599677367340427,0.24089420346644852,0.0550747759578575,0.08166880929549244,15.000000000001679,0.2458923750091344,
2868,286,ok,1.9167491736135838,0.08346382754630212,-0.028574363070526927,0.08338869861075085,15.000000000001679,0.27579391599283554,
2869,286,ok,1.2398513786990824,0.8156260372007116,-0.3667284519983758,0.09752010422310887,15.000000000001679,0.203312375000678,
2870,286,ok,1.4689764592321062,0.5311555644834075,0.019694213110437175,0.09900522055607316,15.000000000001679,0.27055537499836646,
2871,287,ok,1.6660151286813918,0.3343321169542122,0.0340134147806201,0.09756467831908479,15.000000000001679,0.2232455830089748,
2872,287,ok,1.832267189177258,0.16821265774222446,0.04193072000007638,0.10992402895517774,15.000000000001679,0.2712732079962734,
2873,287,ok,2.023544803986532,-0.02354135691586125,0.00373504913046841,0.1146373871522597,15.000000000001679,0.26759945799130946,
2874,287,ok,1.558981438744621,0.4963958064575562,0.41182223775778043,0.09241908280893406,15.000000000001679,0.2919242500211112,
2875,287,ok,2.0199684723957088,-0.019904611776410935,-0.016062029667542433,0.07433417007824977,15.000000000001679,0.27910491699003614,
2876,287,ok,1.8795246965281251,0.12113164595148909,-0.049666820053032516,0.077565574113569,15.000000000001679,0.270587874983903,
2877,287,ok,0.986872318579253,1.021799542595257,0.13054056193820404,0.09856526662996587,15.000000000001679,0.2671936669794377,
2878,287,ok,1.6008544601281272,0.4520143273447086,0.4080139210444447,0.10006534435804215,15.000000000001679,0.2578983749845065,
2879,287,ok,1.9027657270847647,0.09912557562855856,-0.08481647799191903,0.09169026554560993,15.000000000001679,0.2415542499802541,
2880,287,ok,1.6839747135165646,0.32156973730860733,-0.1365382329052865,0.08801387763235737,15.000000000001679,0.2560072499909438,
2881,288,ok,1.9960609634595736,0.005809958940125321,-0.08640283551351972,0.07517295626705672,15.000000000001679,0.2602432500279974,
2882,288,ok,1.9447607181368427,0.05673624263052693,0.07629036703546101,0.09098208840074347,15.000000000001679,0.23085766701842658,
2883,288,ok,1.4593953173439833,0.544036464802049,-0.10002437932539641,0.09003252336155715,15.000000000001679,0.26899304101243615,
2884,288,ok,1.7650654645139987,0.23611631560146318,0.06457895890041047,0.08156503397237973,15.000000000001679,0.2548919999971986,
2885,288,ok,1.5386149037879737,0.4813958228448006,-0.24734020151454444,0.09968603043918264,15.000000000001679,0.2327215000113938,
2886,288,ok,1.8983787263790304,0.10698131513612641,0.14255541913487338,0.075016122247702,15.000000000001679,0.321056957996916,
2887,288,ok,1.8304837336676438,0.17137158871764852,-0.08239437282254926,0.07768725821610299,15.000000000001679,0.268620542017743,
2888,288,ok,1.7517540709661052,0.25196815012053164,-0.11413578296610905,0.08209011330652533,15.000000000001679,0.23893091699574143,
2889,288,ok,2.1036243297281234,-0.10305268909699578,0.04903781710059153,0.11033006568093938,15.000000000001679,0.2324701249890495,
2890,288,ok,1.5813826903726207,0.47992128714261756,0.4360411908615867,0.08807673150917654,15.000000000001679,0.20886462499038316,
2891,289,ok,1.4269133845044508,0.6050955276265678,0.300538383289961,0.09406828417306912,15.000000000001679,0.24286879200371914,
2892,289,ok,1.773550495647972,0.23163070954997048,0.1354673879811162,0.10134165209062385,15.000000000001679,0.2942719999991823,
2893,289,ok,1.9039347421556654,0.0966936349642998,0.04891199445892585,0.09390413745132023,15.000000000001679,0.20545929099898785,
2894,289,ok,1.508145281952778,0.581570174434659,0.5124051340717624,0.09765096278342093,15.000000000001679,0.23751645800075494,
2895,289,ok,1.315240714467682,0.6877752419728128,-0.08901865767325781,0.09487047080614455,15.000000000001679,0.21571691700955853,
2896,289,ok,1.9955940974574995,0.004892311638656911,-0.044058071322636116,0.09853960388140034,15.000000000001679,0.2601153750147205,
2897,289,ok,1.918825464800095,0.08138016162316083,-0.028090570519880603,0.09310581010301588,15.000000000001679,0.22492904201499186,
2898,289,ok,2.057011988523895,-0.05701198308111309,-0.00014963868285168666,0.11681240195951788,15.000000000001679,0.2780669579806272,
2899,289,ok,1.9118547629277043,0.099490778848242,0.20797436103156125,0.09925002132858965,15.000000000001679,0.2499146249901969,
2900,289,ok,1.9595857639498147,0.040608714048032755,0.02760715143354797,0.08864325315957602,15.000000000001679,0.22154120801133104,
2901,290,ok,1.1304234787246155,0.8848253451435303,-0.18504791384291563,0.09756984005794525,15.000000000001679,0.2063912920129951,
2902,290,ok,1.7925405114084265,0.20812387976770358,-0.04880015145095799,0.08264613740846201,15.000000000001679,0.23095337499398738,
2903,290,ok,1.823581362412835,0.1764371343382362,-0.008213423093179456,0.09638805384531625,15.000000000001679,0.21902370802126825,
2904,290,ok,1.4849138919141882,0.5162436315383341,0.05862000894908328,0.09949638642536202,15.000000000001679,0.24616270899423398,
2905,290,ok,1.8382806048949807,0.1618032735944185,0.017560676662940578,0.08023704415643429,15.000000000001679,0.23824999999487773,
2906,290,ok,1.5617066884101374,0.4863329546019796,0.3843694268551882,0.09908349377733018,15.000000000001679,0.22113570899819024,
2907,290,ok,1.6408067460035403,0.36791860683479577,0.16898847243126316,0.10007308896590353,15.000000000001679,0.249958542000968,
2908,290,ok,1.7371766693179416,0.26321249957048626,0.03676899202288435,0.10213494020774892,15.000000000001679,0.24902966700028628,
2909,290,ok,1.4574623446660704,0.5467018235552282,0.11009494294389695,0.09265815614973857,15.000000000001679,0.24898291699355468,
2910,290,ok,1.8317624214454291,0.16936914991207305,0.06437592194272632,0.10306860924690432,15.000000000001679,0.25230604098760523,
2911,291,ok,1.3087442526839235,0.692088471661487,0.04667925633958177,0.09338348707816169,15.000000000001679,0.22636729199439287,
2912,291,ok,1.5559541301599382,0.4524448551533444,0.16145070089787958,0.09942865186368707,15.000000000001679,0.21623808398726396,
2913,291,ok,1.9467372196433266,0.05449136738181985,0.06915173716377943,0.09381980356411702,15.000000000001679,0.19962279198807664,
2914,291,ok,1.9479615176110354,0.06253474677907166,-0.20194669260735998,0.08290505284510326,15.000000000001679,0.24291537501267157,
2915,291,ok,1.8977176213971079,0.10288266022061564,0.04772808051335348,0.09389637835816465,15.000000000001679,0.21394387501641177,
2916,291,ok,2.0006862331502107,0.029416871622565618,0.3457564716255974,0.080576267619898,15.000000000001679,0.265077249991009,
2917,291,ok,2.098301261724291,-0.09770924385445272,0.04984087881781516,0.10901131508860575,15.000000000001679,0.2768118329986464,
2918,291,ok,1.6922434024450403,0.32069495522508185,-0.20885952147861586,0.08900956767536729,15.000000000001679,0.2429217500030063,
2919,291,ok,1.8867942804570272,0.11320573335925656,-0.0002283352154328732,0.09042869556400329,15.000000000001679,0.26961791698704474,
2920,291,ok,1.2731406546730306,0.7515420156996033,0.24947903322296117,0.09860718370958048,15.000000000001679,0.22811058300430886,
2921,292,ok,2.200583703031969,-0.20056883619347987,0.008088956914665796,0.09151807002020523,15.000000000001679,0.233840875007445,
2922,292,ok,1.9041166284695195,0.09633380120191064,0.04141422904948668,0.08075466741231128,15.000000000001679,0.2480563340068329,
2923,292,ok,1.6391493970480986,0.36630125621551435,-0.1335633198155047,0.09867275159740833,15.000000000001679,0.22858833300415426,
2924,292,ok,1.6946157575785208,0.31373195787088765,-0.16799599973652565,0.08289385661072456,15.000000000001679,0.2508485829748679,
2925,292,ok,1.9714093792706975,0.028746151227040048,-0.024762963761811457,0.07821664097247732,15.000000000001679,0.27871733298525214,
2926,292,ok,1.9431326404090925,0.057664673893880185,0.055659133872572875,0.07511683491142913,15.000000000001679,0.25079266700777225,
2927,292,ok,1.7023751105186609,0.3209003917025515,0.2805450450975337,0.10307039952232215,15.000000000001679,0.27372024999931455,
2928,292,ok,1.5896351702472151,0.4106459940708118,0.0298967945394593,0.07728123829424134,15.000000000001679,0.24473583401413634,
2929,292,ok,1.3033633008908763,0.6982790547386063,-0.06541005103915343,0.09571529948414702,15.000000000001679,0.2303856250073295,
2930,292,ok,1.7045509592026262,0.2974448933513279,-0.08246260572599991,0.10031149204751962,15.000000000001679,0.2359921659808606,
2931,293,ok,1.8942273798034701,0.10579967731266272,0.010124422369075254,0.10057833539690031,15.000000000001679,0.2636831669951789,
2932,293,ok,1.7348391791550426,0.26715249065040864,-0.08310527583889936,0.09834497464439418,15.000000000001679,0.22541945800185204,
2933,293,ok,1.3885188905816634,0.6321653631959712,-0.2387741942952039,0.0988447106152559,15.000000000001679,0.22447262500645593,
2934,293,ok,1.4041218398840312,0.6085635867560911,0.18831582285682386,0.09896053424039201,15.000000000001679,0.22704425000119954,
2935,293,ok,1.615095672669172,0.39433457497698254,0.1742772927272479,0.09596396185092396,15.000000000001679,0.2522421669855248,
2936,293,ok,1.9585355308007888,0.043510878482719506,-0.08950833924091785,0.08347581834590544,15.000000000001679,0.26650687502115034,
2937,293,ok,1.9172117553172228,0.08290624893104559,-0.021271209154901456,0.08890674008747103,15.000000000001679,0.24499883301905356,
2938,293,ok,1.5418250780805065,0.4588823887387591,0.04670203055977639,0.09802027140704377,15.000000000001679,0.2886777080129832,
2939,293,ok,2.019358999324597,0.029042535234238036,0.4394740495607873,0.09460058397318388,15.000000000001679,0.23096016701310873,
2940,293,ok,1.5946423936217988,0.4999572530153994,0.5410694232302857,0.09960331488286069,15.000000000001679,0.2288723329838831,
2941,294,ok,1.9841768520460872,0.016438186627570343,0.04939952151790197,0.10344594158467733,15.000000000001679,0.2493233339919243,
2942,294,ok,2.097183191035034,-0.09314640206094785,-0.13005951060646795,0.08998795258787826,15.000000000001679,0.2038953750161454,
2943,294,ok,2.135030557236141,-0.12840215831172627,0.16810631405766074,0.11770859793672339,15.000000000001679,0.23997229200904258,
2944,294,ok,2.0386494209549926,0.041951826340660685,0.567572736474765,0.08817473027077692,15.000000000001679,0.2368431659997441,
2945,294,ok,1.5886316428000458,0.4744879608973845,0.4433548410230249,0.0985168919161717,15.000000000001679,0.249309542006813,
2946,294,ok,1.4854021061174036,0.5158421710962607,0.06078614777856812,0.10054371740636064,15.000000000001679,0.2635422919993289,
2947,294,ok,1.916963707171403,0.08322196231115185,0.026679745988620045,0.07105283784140659,15.000000000001679,0.23936079101986252,
2948,294,ok,1.4361076271910684,0.5644610424017734,0.040410618581719474,0.09895148018556633,15.000000000001679,0.2186946669826284,
2949,294,ok,1.1105376015641446,0.9075203481464029,0.19945419216874363,0.0977942560635379,15.000000000001679,0.2878881249926053,
2950,294,ok,1.8444390100902726,0.15583572962114492,-0.03183403525803944,0.09646295151698214,15.000000000001679,0.2458662079880014,
2951,295,ok,2.1666970859101657,-0.15768128172660606,-0.19745315540206923,0.10120027261346005,15.000000000001679,0.2095431249763351,
2952,295,ok,1.7774115171764608,0.2246005869641389,0.0845495451403993,0.10105450445375865,15.000000000001679,0.25566154200350866,
2953,295,ok,1.971447267075608,0.028964417514032257,-0.04028721179338674,0.11241871939722113,15.000000000001679,0.2549417080008425,
2954,295,ok,2.0293254548618664,-0.029223155004370487,-0.020376185718371527,0.07507507853470789,15.000000000001679,0.2197270829929039,
2955,295,ok,2.0743983670973325,-0.07283817001182535,0.08043945771886941,0.07512549981299223,15.000000000001679,0.2419767910032533,
2956,295,ok,1.6948304925872613,0.30639378583514204,0.06440799597686113,0.10502785562988833,15.000000000001679,0.24388345799525268,
2957,295,ok,1.4982331775320237,0.5189499087974458,0.226259323800392,0.0960271710795666,15.000000000001679,0.24057866699877195,
2958,295,ok,1.9055920576332288,0.09632014680792485,-0.08534697806860339,0.07603962650728976,15.000000000001679,0.2491568340046797,
2959,295,ok,2.1190385434612473,-0.11829231607484827,0.05623177333695801,0.08531588101546234,15.000000000001679,0.23887066598399542,
2960,295,ok,1.183818796173895,0.8326723664822763,0.19690895916773463,0.09862976350613169,15.000000000001679,0.2679525419953279,
2961,296,ok,1.800902218493263,0.19964575863438677,0.04442303648787878,0.08007173909645508,15.000000000001679,0.29022633298882283,
2962,296,ok,1.7888635007218379,0.21137397691243556,-0.02914744840894357,0.08186453343983019,15.000000000001679,0.25728420799714513,
2963,296,ok,1.570326482178097,0.45127218581250456,0.25955234191172216,0.09477733176978882,15.000000000001679,0.26846950000617653,
2964,296,ok,2.0035623531263744,-0.0035406841080128796,0.009318261065804431,0.11202242415672539,15.000000000001679,0.228165042004548,
2965,296,ok,1.7660895700772785,0.2638597086750048,0.3238661118019411,0.09174904783955967,15.000000000001679,0.27908233398920856,
2966,296,ok,2.0046780197550587,-0.004033285136847966,-0.050838518395754255,0.10723531018483763,15.000000000001679,0.20242537499871105,
2967,296,ok,1.8084194711732653,0.1928078911773986,0.06661580539114646,0.09977372860692119,15.000000000001679,0.25039137501153164,
2968,296,ok,1.5101768486427436,0.49093441131195165,-0.057923770717396954,0.09901329614697348,15.000000000001679,0.2086233750160318,
2969,296,ok,1.9522705504203144,0.04778519141966252,0.01475273527428198,0.1129222100070353,15.000000000001679,0.23517033399548382,
2970,296,ok,1.9021216828145535,0.10479940903959993,0.1621160579850703,0.07295354442051791,15.000000000001679,0.19547883301856928,
2971,297,ok,1.2747384604929517,0.749154880822589,0.24565144105009595,0.09699951391921163,15.000000000001679,0.2555209999845829,
2972,297,ok,1.5023656275740862,0.49960414576488266,0.07690747369501912,0.0950508466611991,15.000000000001679,0.22820712500833906,
2973,297,ok,2.0000142819378057,-8.93506633231737e-06,0.004624674046182744,0.12618857618342932,15.000000000001679,0.24713804098428227,
2974,297,ok,1.553066641423215,0.4502932133953175,0.1021022441133096,0.09424450052465991,15.000000000001679,0.22136033300193958,
2975,297,ok,1.7927755966612946,0.21272033789663644,-0.14027027274496795,0.10076224968182927,15.000000000001679,0.2463171660201624,
2976,297,ok,1.9102028033371854,0.09246412560077921,0.10090410178600909,0.09323617563239996,15.000000000001679,0.25628016598057,
2977,297,ok,1.96077701476963,0.040780089897140104,0.0781271112063119,0.1373991685197191,15.000000000001679,0.23448254098184407,
2978,297,ok,1.9489232715618527,0.051273544807232736,0.02769695411389509,0.09219784454915059,15.000000000001679,0.22583891698741354,
2979,297,ok,1.4747498482891384,0.5424088444480093,0.22431036152048206,0.09736383043241918,15.000000000001679,0.23163370898691937,
2980,297,ok,1.7226763938777176,0.27907949442188246,-0.0777597036021472,0.07861516254767262,15.000000000001679,0.26309524997486733,
2981,298,ok,1.5612032708770534,0.44157399109877066,0.0930807594371441,0.10201663211336248,15.000000000001679,0.2721451249963138,
2982,298,ok,1.5854595880394722,0.44318798428497425,0.3000307534763913,0.09947302242537441,15.000000000001679,0.21903445798670873,
2983,298,ok,1.810351883943505,0.18967441075282657,0.00975728521016925,0.07232356883383335,15.000000000001679,0.24407654200331308,
2984,298,ok,2.0257497192984832,-0.025189402498111267,-0.04764251512280753,0.07416244679481994,15.000000000001679,0.47939124997355975,
2985,298,ok,1.7225930976550134,0.27810086088506203,0.04889105034595106,0.10002074040062911,15.000000000001679,0.2912217910052277,
2986,298,ok,1.245999972526258,0.759094943530422,-0.11256363695114599,0.0977687488450196,15.000000000001679,0.3512822079937905,
2987,298,ok,2.0967682729984976,-0.09324472018510296,0.1215060989016302,0.1639555458887651,15.000000000001679,0.3391327499994077,
2988,298,ok,1.1390073298395131,0.9155369347445984,0.3482492749812933,0.09652999962750144,15.000000000001679,0.29344879198470153,
2989,298,ok,1.9699102474057462,0.03012595892420983,-0.011943413662103792,0.08541566138892426,15.000000000001679,0.3214395830000285,
2990,298,ok,1.8124488264549568,0.3941398563631589,0.8403475159698005,0.10362404118870742,15.000000000001679,0.25465895800152794,
2991,299,ok,1.817935032835296,0.18239240935147522,0.03450260898444124,0.07609316374163247,15.000000000001679,0.27688133300398476,
2992,299,ok,1.9095199504579292,0.09069841742038062,0.028877464497651797,0.11221506189921657,15.000000000001679,0.262886458018329,
2993,299,ok,2.0463366596295174,-0.03501741055300954,0.21493688210685125,0.08500515996695823,15.000000000001679,0.23367429099744186,
2994,299,ok,1.3635124705212718,0.6608782738414999,0.25674746307860824,0.09721719084372882,15.000000000001679,0.24687649999395944,
2995,299,ok,1.849178757119658,0.15214662279045923,0.06999980084184544,0.10009066670641742,15.000000000001679,0.2196465419838205,
2996,299,ok,2.1279756119343833,-0.1264575566802962,0.08036457319477186,0.09049205862288498,15.000000000001679,0.21404087499831803,
2997,299,ok,1.9220268899765285,0.08014882224324402,0.09142658835832886,0.07375554049339991,15.000000000001679,0.2587696670088917,
2998,299,ok,1.9671217361197517,0.03291454249306573,0.011946864840683908,0.0917783690492588,15.000000000001679,0.24875850000535138,
2999,299,ok,1.2798343886473245,0.7464982926125523,0.25828188465516577,0.09917485180530676,15.000000000001679,0.24228358300752006,
3000,299,ok,1.412151189487155,0.5878692324219538,0.007594552615156213,0.09831047945007029,15.000000000001679,0.2482180839870125,
3001,300,ok,1.4768276282694563,0.5233219223235874,-0.02101662508307535,0.09674351348038422,15.000000000001679,0.2515854589873925,
3002,300,ok,1.6354858542820454,0.3651837388628645,-0.04679499843219499,0.09900641866225865,15.000000000001679,0.24466654201387428,
3003,300,ok,1.9203258827283998,0.08082963152658298,0.06660775217808487,0.0819937427469059,15.000000000001679,0.24928645897307433,
3004,300,ok,1.370672153645761,0.6295885644732692,-0.026732941429494634,0.10105470465654136,15.000000000001679,0.2141005420126021,
3005,300,ok,1.3638623388496591,0.6487078177851595,-0.18474284185731385,0.09521179595730975,15.000000000001679,0.23807324998779222,
3006,300,ok,2.0324379747680004,-0.03220110215136121,0.03102904597055479,0.11407192435789472,15.000000000001679,0.2346167920040898,
3007,300,ok,1.9761904255765634,0.02381578211065169,-0.004953292394342265,0.09969936633181177,15.000000000001679,0.22332712498609908,
3008,300,ok,1.8174199999860956,0.1886152050911285,0.14798844928711594,0.07956364707195328,15.000000000001679,0.2473529580165632,
3009,300,ok,1.3162757474045454,0.7128083232563188,0.275171638304505,0.09658454269013486,15.000000000001679,0.2264429159986321,
3010,300,ok,1.9255857749010379,0.07447079077222508,0.014759434673803994,0.07349039386215543,15.000000000001679,0.2489003750088159,
3011,301,ok,2.0350498516377127,-0.03499139546978786,0.015424623645364679,0.0743981871726052,15.000000000001679,0.28712504100985825,
3012,301,ok,1.944904104096638,0.05998599421157683,0.13783189571613033,0.0785129469578526,15.000000000001679,0.22067016700748354,
3013,301,ok,1.8648684602173393,0.13694704899303436,-0.0822683150284921,0.08799253583692451,15.000000000001679,0.24652479097130708,
3014,301,ok,1.5181142667108167,0.5181674911492108,0.3299141441404052,0.10571680794431992,15.000000000001679,0.22267912499955855,
3015,301,ok,1.5572421605472722,0.45542716593090765,-0.19823699665226058,0.09994465544973996,15.000000000001679,0.24752229198929854,
3016,301,ok,1.1969330922814563,0.8034813046220612,0.0314934756659932,0.09729891242183941,15.000000000001679,0.25261987501289696,
3017,301,ok,1.97248171798934,0.02764848582136796,0.022663457799610768,0.11063046710679482,15.000000000001679,0.2559189169842284,
3018,301,ok,1.9574042169967325,0.04265158411643069,0.014779971403002927,0.07325770933308019,15.000000000001679,0.2413653749972582,
3019,301,ok,2.0759614975487297,-0.07511154075251407,0.05939892878235927,0.08863371633345396,15.000000000001679,0.24158149998402223,
3020,301,ok,1.7267792259096097,0.2740720331893631,-0.054213913471471004,0.0816603824323933,15.000000000001679,0.29807950000395067,
3021,302,ok,1.9988400449136148,0.0020260904638627142,-0.05883690987080513,0.07461173971831073,15.000000000001679,0.2707583750016056,
3022,302,ok,1.817182690899783,0.18287654675135087,0.01467268753434694,0.09848238144796642,15.000000000001679,0.2551199160225224,
3023,302,ok,2.012331034527566,-0.012128265380826052,-0.028566346954625385,0.08153088389321558,15.000000000001679,0.2353223749960307,
3024,302,ok,1.9887059796443294,0.013805972831354535,-0.09992377050887286,0.07498375873386107,15.000000000001679,0.24393520900048316,
3025,302,ok,1.9734496418376297,0.02689091887801827,-0.036661190147580014,0.09204057251603656,15.000000000001679,0.22558991599362344,
3026,302,ok,2.0173854766551655,-0.01694792440775537,0.04201465989909622,0.10322222916687705,15.000000000001679,0.22989683400373906,
3027,302,ok,1.7497238078010058,0.2614063510758204,-0.1970419435200471,0.08203164820200658,15.000000000001679,0.26064766698982567,
3028,302,ok,2.03394325212296,-0.032720854088323724,-0.0705059019583375,0.1114849478342405,15.000000000001679,0.2540082080231514,
3029,302,ok,1.1385091226020208,0.9392523126837051,0.413542459852861,0.09961263176127935,15.000000000001679,0.26452783300192095,
3030,302,ok,1.8611772305635308,0.13925022637482223,0.03988688408466743,0.10107218649148332,15.000000000001679,0.2293485830014106,
3031,303,ok,1.9018724905115654,0.09911973567525609,-0.06142630434395071,0.08059104841808919,15.000000000001679,0.22173570800805464,
3032,303,ok,1.6485464329961257,0.35196860675359565,0.04120520135328362,0.10101771459141605,15.000000000001679,0.24273029202595353,
3033,303,ok,1.370309037982883,0.631413692956938,0.068690463325037,0.09994787696261967,15.000000000001679,0.24185766602749936,
3034,303,ok,1.6921516681903948,0.3078583427176745,0.005820639944259894,0.0983319423284667,15.000000000001679,0.2585677499882877,
3035,303,ok,1.9130940911274301,0.20323313222577072,0.6569306084933731,0.10151941933280094,15.000000000001679,0.2700582910038065,
3036,303,ok,1.2654282515684447,0.7373403861613071,-0.08366217453720516,0.09892408429006996,15.000000000001679,0.21756866699433886,
3037,303,ok,1.7958584405398244,0.20577674738697344,-0.07661891568575722,0.09359888916327556,15.000000000001679,0.2114047500072047,
3038,303,ok,1.933508983869779,0.06949383462875708,-0.10771692610153764,0.09962102335108673,15.000000000001679,0.22210725001059473,
3039,303,ok,1.0311081411013818,1.0224098703507194,0.32787427019796767,0.0974621993220742,15.000000000001679,0.2656485410116147,
3040,303,ok,2.008829173140682,-0.008739591455696388,-0.018971045819360228,0.10740560709864976,15.000000000001679,0.2359679579967633,
3041,304,ok,1.4113224164662241,0.5918674543993945,0.0948351055275466,0.10425978416862344,15.000000000001679,0.20988016700721346,
3042,304,ok,1.921869522163663,0.08187870077146965,-0.11997142021098554,0.07918792198985815,15.000000000001679,0.23874129200703464,
3043,304,ok,1.9295732887413675,0.07064932056987334,-0.02930925462521319,0.07412178935781583,15.000000000001679,0.21651083300821483,
3044,304,ok,1.9726146314987694,0.028147209838843515,-0.054818412387521116,0.0762667133523991,15.000000000001679,0.2683703329821583,
3045,304,ok,2.1970730875512765,-0.19704898545047028,0.01029114051786039,0.07567870141233785,15.000000000001679,0.21268374999635853,
3046,304,ok,1.3058631286227893,0.7032153937604483,0.15371465680484261,0.09298286377230484,15.000000000001679,0.2548552920052316,
3047,304,ok,1.4869782715211979,0.5216500177851273,0.15995533770854636,0.0971054589328163,15.000000000001679,0.24981270800344646,
3048,304,ok,1.8595688569607072,0.1596792174014839,-0.26686279417358955,0.09582555343173081,15.000000000001679,0.21955533299478702,
3049,304,ok,2.0147016065306405,-0.01453743289079964,0.02571954196503446,0.08508922073786987,15.000000000001679,0.2217424169939477,
3050,304,ok,1.9574198894757513,0.04281782314923351,-0.03050492309377636,0.09535415794847475,15.000000000001679,0.29365466700983234,
3051,305,ok,1.881983752221593,0.11926631619184425,-0.06858319193118842,0.0776080556806895,15.000000000001679,0.32710145800956525,
3052,305,ok,1.9729257630302919,0.027476576216770267,0.039842302332380675,0.0750067210399708,15.000000000001679,0.3457552919862792,
3053,305,ok,1.4721439454978844,0.5713999715355003,-0.35540083699578995,0.09421913897341332,15.000000000001679,0.26180633300100453,
3054,305,ok,1.713387625145818,0.3002222764980646,-0.21552922003618122,0.08282618907232664,15.000000000001679,0.3025574999919627,
3055,305,ok,1.4168056168504282,0.5899874380793656,0.13857391949761544,0.0927958943395143,15.000000000001679,0.24781516601797193,
3056,305,ok,1.8677958950280589,0.13359904845845075,0.07217335774693644,0.1611388119268246,15.000000000001679,0.2606084590079263,
3057,305,ok,2.0059616234589304,-0.0055102046633518096,0.04255412766288185,0.12034835056106945,15.000000000001679,0.23172770798555575,
3058,305,ok,1.1741719280736695,0.9268349777968375,0.47644155129031834,0.09747866135291441,15.000000000001679,0.19989937500213273,
3059,305,ok,1.956743617526539,0.04502316890216867,-0.08313347461478834,0.09678959798343433,15.000000000001679,0.24988504199427553,
3060,305,ok,1.3538529528258634,0.7696253627604975,0.5648858910550626,0.09744930750519874,15.000000000001679,0.2431882500241045,
3061,306,ok,1.6839857970478762,0.3255631286575792,0.17907911253961262,0.10094924717090535,15.000000000001679,0.23097341699758545,
3062,306,ok,2.001005958615925,5.049546955186857e-07,0.06345759398972517,0.07288892755313521,15.000000000001679,0.22072254100930877,
3063,306,ok,1.9933541327901416,0.007018497029347075,-0.03854124450993352,0.0800127199335047,15.000000000001679,0.2765138749964535,
3064,306,ok,1.6224200226148147,0.38049202301078083,-0.09716296748114742,0.09435717124491347,15.000000000001679,0.24865374999353662,
3065,306,ok,1.9667960864061895,0.03621829211593553,-0.10884966367724808,0.10259962728999505,15.000000000001679,0.23909391701454297,
3066,306,ok,2.1051034584654604,-0.10348285863147072,0.0825859206331039,0.10298219292604079,15.000000000001679,0.22080804099095985,
3067,306,ok,1.4297995646421586,0.5810393768710734,-0.17572007586065752,0.08786328157236707,15.000000000001679,0.23708883399376646,
3068,306,ok,1.8724858610612327,0.12848197372703887,0.06019615610307767,0.09414329111266824,15.000000000001679,0.22836050001205876,
3069,306,ok,2.046891373568319,-0.04601046711833514,-0.060045512993169355,0.09736271926689552,15.000000000001679,0.23568824998801574,
3070,306,ok,1.4996792548935551,0.504686215541092,-0.11434401412084022,0.09908452220407094,15.000000000001679,0.2375810839876067,
3071,307,ok,2.349567912439292,-0.28548737594913765,-0.5449925041149283,0.09424086062713778,15.000000000001679,0.26761808298761025,
3072,307,ok,1.493529962594426,0.5360456841984947,0.29575244785708066,0.10249228652331292,15.000000000001679,0.24153370899148285,
3073,307,ok,1.5017161761030622,0.5232513173186972,-0.27269910481818577,0.09938950555796094,15.000000000001679,0.26275066699599847,
3074,307,ok,1.952890237780212,0.04716530262015057,-0.014728391853985232,0.0778166986304881,15.000000000001679,0.2712797920103185,
3075,307,ok,2.0132356931479096,-0.012269137278022261,-0.06237688131918908,0.08878516126228073,15.000000000001679,0.25006383401341736,
3076,307,ok,1.7462881404109345,0.2580336711490655,-0.12278264734675257,0.1002368454420501,15.000000000001679,0.2108577910112217,
3077,307,ok,1.2993489256199064,0.7545249294644532,-0.3702694683390462,0.09884220731045576,15.000000000001679,0.30941250000614673,
3078,307,ok,1.9292953919890115,0.07160786505124507,-0.05902951310841531,0.08943100154785037,15.000000000001679,0.2367234579869546,
3079,307,ok,1.8730165968416035,0.13232931148802585,-0.1414120621351351,0.0987108670680759,15.000000000001679,0.26850499998545274,
3080,307,ok,1.588087225472036,0.4211640744279614,0.17116704072499853,0.09211760443222937,15.000000000001679,0.2630913330067415,
3081,308,ok,1.539601334066079,0.46651102448312504,0.13705411276665683,0.09604056981879962,15.000000000001679,0.24346454098122194,
3082,308,ok,1.93168043926096,0.06866022214859464,0.03627646499177149,0.0999242962732572,15.000000000001679,0.2140704579942394,
3083,308,ok,1.8728258922691903,0.12733838744389442,-0.02480539482965694,0.09911657718500852,15.000000000001679,0.22924137499649078,
3084,308,ok,1.859297894988141,0.14543408916159656,-0.13256675549871064,0.08594874495814397,15.000000000001679,0.246777624997776,
3085,308,ok,1.9044080162858794,0.09666161295109062,-0.0638190949479441,0.09876970821614124,15.000000000001679,0.243584041018039,
3086,308,ok,2.0132487561275876,0.0176310167043352,0.3512602569557085,0.07956244762875501,15.000000000001679,0.25502120799501427,
3087,308,ok,1.6891435461078042,0.3854067535891144,0.49628073507038767,0.08450641056945288,15.000000000001679,0.26111500000115484,
3088,308,ok,1.4053361563497755,0.6912551108969066,0.5120122338289316,0.09658415701168999,15.000000000001679,0.25370958299026825,
3089,308,ok,1.4329828858833997,0.5672430669170327,-0.025446452354037533,0.09632921111899892,15.000000000001679,0.2558432499936316,
3090,308,ok,2.0085393813393844,-0.008471453945979562,0.01651862813069366,0.09649954126618716,15.000000000001679,0.2476219160016626,
3091,309,ok,1.9112464122308224,0.09024773917530175,0.07555892098319586,0.09908548696160673,15.000000000001679,0.22383333300240338,
3092,309,ok,1.1052173092298228,0.8978994649361082,0.08294402469794315,0.09957809971954366,15.000000000001679,0.2437807079986669,
3093,309,ok,1.6898879480099405,0.3114573313024261,0.06741611689293894,0.09010299579287118,15.000000000001679,0.2618362079956569,
3094,309,ok,1.6099501013272737,0.3901201543850148,0.015040327335876486,0.09965400547216367,15.000000000001679,0.2278683749900665,
3095,309,ok,1.9823578088135971,0.022067318451239416,0.1323812276177252,0.0767940451953867,15.000000000001679,0.29095908399904147,
3096,309,ok,1.3033248873698633,0.7143154221060954,0.21370757638286778,0.09928818813280058,15.000000000001679,0.22936020899214782,
3097,309,ok,1.4144823949356304,0.5859479875232442,-0.03489056596377915,0.09818398658811563,15.000000000001679,0.21642583300126716,
3098,309,ok,1.9015257539777255,0.09854320575579424,-0.016194216964879035,0.10220367745947811,15.000000000001679,0.24460804200498387,
3099,309,ok,2.0593587704216803,-0.047546674260256806,0.22025249610040332,0.07614744314177635,15.000000000001679,0.25580100002116524,
3100,309,ok,1.839578554507287,0.16065105433106888,0.02906396858156433,0.08072999539606983,15.000000000001679,0.24755708299926482,
3101,310,ok,2.061726775610959,-0.06044731145539047,0.07262350850390467,0.07545441681869164,15.000000000001679,0.26540425000712276,
3102,310,ok,0.8758757242134346,1.1376787239999016,0.1534936520640856,0.10034434975496356,15.000000000001679,0.35024612498818897,
3103,310,ok,2.001758939495584,-0.0016805580877418912,0.017714266116109198,0.10339411662032247,15.000000000001679,0.21940012500272132,
3104,310,ok,1.9592175117032742,0.04150618190686434,-0.05324680887847145,0.09190532427603199,15.000000000001679,0.2571193750191014,
3105,310,ok,1.601075819651442,0.40040762939844016,0.068905937231992,0.08984679211807185,15.000000000001679,0.24423949999618344,
3106,310,ok,1.700961038351668,0.30855150940575715,0.1796397997572972,0.09640761943329684,15.000000000001679,0.30541287499363534,
3107,310,ok,0.8430012118925091,1.2064419107259168,0.28445843668259374,0.09484926851343875,15.000000000001679,0.28376558297895826,
3108,310,ok,1.9279307199065177,0.07236529467011975,0.03378318467890519,0.07777546684995111,15.000000000001679,0.23915008298354223,
3109,310,ok,1.1200108146784278,0.8920604502711909,0.16399444851384126,0.1012743863092115,15.000000000001679,0.2932100410107523,
3110,310,ok,1.9846031233449495,0.029690783953983124,-0.23776280271450972,0.07491706235868145,15.000000000001679,0.28841112498776056,
3111,311,ok,1.8365277267395574,0.17038228445852982,0.15916377119174568,0.08705471537506432,15.000000000001679,0.2712915830197744,
3112,311,ok,1.8593633975052446,0.14377953053456471,-0.10806392885586306,0.10088495441651811,15.000000000001679,0.3492472500074655,
3113,311,ok,1.8616941580838926,0.13937882871643759,0.06319806338074915,0.09368624107932212,15.000000000001679,0.3652611249999609,
3114,311,ok,1.993931414113854,0.0063527501676812325,0.03366195814425453,0.07450282125113238,15.000000000001679,0.31807324997498654,
3115,311,ok,1.5738859071026,0.43339322699610944,0.15119546076026852,0.0998616773151418,15.000000000001679,0.24030199999106117,
3116,311,ok,1.707501882017065,0.29727859958254255,0.1276812815264346,0.10008038757257609,15.000000000001679,0.2246790420031175,
3117,311,ok,1.6338637008255115,0.36624254864673783,-0.018632847955410637,0.09383558650527847,15.000000000001679,0.21968720798031427,
3118,311,ok,2.148519120812056,-0.14849347314347314,0.010498016713019627,0.07944109218188414,15.000000000001679,0.2514751669950783,
3119,311,ok,1.1852296876812856,0.8165116068346158,-0.06422332756790113,0.10202174263052534,15.000000000001679,0.24384916698909365,
3120,311,ok,1.5083760345865072,0.5082091142833717,0.22306549488370667,0.0952337260437193,15.000000000001679,0.21220495901070535,
3121,312,ok,1.7642306505913221,0.23781494152211644,0.08493296275991886,0.09346440858217253,15.000000000001679,0.31942408299073577,
3122,312,ok,1.8943314581426485,0.12406298136741617,0.2633476322899922,0.08079016472747852,15.000000000001679,0.25279658401268534,
3123,312,ok,1.7696355408530597,0.2525713408642397,-0.27946919093399136,0.09174756165311256,15.000000000001679,0.2336448330024723,
3124,312,ok,1.7273421599901675,0.2726616085180142,0.0036081840201504975,0.08311311743436776,15.000000000001679,0.23660191698581912,
3125,312,ok,1.6749638926805754,0.32567006786016456,-0.046079497873568104,0.08425838483628412,15.000000000001679,0.23791683299350552,
3126,312,ok,1.3728993197947137,0.6593015217370565,-0.2956013069595845,0.1009418185931904,15.000000000001679,0.21152370801428333,
3127,312,ok,1.1431993937055436,0.8921513307297808,0.28209250214234216,0.09280737605909857,15.000000000001679,0.1857096249877941,
3128,312,ok,1.4100365646703685,0.7108369347322253,0.5711932290011935,0.09606448238251343,15.000000000001679,0.17746887501562014,
3129,312,ok,1.2448702192730343,0.7871551402439436,0.28055161556513025,0.09906506246823135,15.000000000001679,0.21314520799205638,
3130,312,ok,1.9609667478956143,0.039833353921125865,0.056011659073802345,0.10076165619531254,15.000000000001679,0.19588166600442491,
3131,313,ok,2.001376707061545,-0.0012684087058953577,0.020820179737096177,0.07654646224331565,15.000000000001679,0.25580245902528986,
3132,313,ok,1.9674507965952044,0.03306865648488914,-0.045207598044424924,0.11528483458142452,15.000000000001679,0.22588833299232647,
3133,313,ok,2.060648969340239,-0.05321054108598514,0.17493041135372792,0.07475941087439103,15.000000000001679,0.21968125001876615,
3134,313,ok,1.7532672461424645,0.2767828706634731,0.32321627675159126,0.09537956363947196,15.000000000001679,0.24360854201950133,
3135,313,ok,1.8286877203749592,0.18083763931639257,-0.1864056976656278,0.08555200079206687,15.000000000001679,0.27055083398590796,
3136,313,ok,1.3249781416984616,0.6820639889944615,-0.13642487630017333,0.09599462345501958,15.000000000001679,0.2484568340005353,
3137,313,ok,1.809548287499466,0.19857518824074777,-0.17127069910055495,0.07592460211425787,15.000000000001679,0.25936179200652987,
3138,313,ok,1.6708632262535603,0.3326385544456662,-0.10811905810456568,0.09161383249837343,15.000000000001679,0.4156787089887075,
3139,313,ok,1.2839214794547131,0.7198649568920442,-0.0985324150326745,0.09804130393488385,15.000000000001679,0.3284132499829866,
3140,313,ok,1.8837055049082982,0.1162957293494019,0.002156375321023563,0.10414287928990745,15.000000000001679,0.24743950000265613,
3141,314,ok,1.8622385281763658,0.13903975423279008,0.06898767642501918,0.09571635746827778,15.000000000001679,0.27774033398600295,
3142,314,ok,1.8700912801009362,0.13069440748429834,0.054203299706567745,0.09573551198619783,15.000000000001679,0.23142387499683537,
3143,314,ok,1.4203467036474038,0.5882542460101349,0.15607269028767798,0.10011865735774884,15.000000000001679,0.213336042012088,
3144,314,ok,2.1008839305123255,-0.09994883101528419,-0.0626753269034831,0.1478356781702405,15.000000000001679,0.22743616698426194,
3145,314,ok,1.3877105947977424,0.61600150610457,-0.10143403673858925,0.09419915981283324,15.000000000001679,0.2843648749985732,
3146,314,ok,2.033886802639571,-0.03272796686264204,0.0686479328595409,0.0952101531611639,15.000000000001679,0.23222000000532717,
3147,314,ok,1.679576049014865,0.3309934539178101,0.18812988481148568,0.09865481926293825,15.000000000001679,0.2133778340066783,
3148,314,ok,2.0508695681735776,-0.050332727219617235,0.046922205325881254,0.11435750408936612,15.000000000001679,0.2141553339897655,
3149,314,ok,1.9879804781511299,0.014056494865919212,0.08997097268428536,0.09993109403674393,15.000000000001679,0.20692041699658148,
3150,314,ok,1.890919669882549,0.10917188319786249,0.018607274362737444,0.07494404466571909,15.000000000001679,0.2463940829911735,
3151,315,ok,2.1270622761636497,-0.1270391063253748,-0.009928083452403697,0.08869652026481739,15.000000000001679,0.19291270797839388,
3152,315,ok,1.8581397412373222,0.14887230883903182,-0.16127482439167606,0.08061809777239126,15.000000000001679,0.2501914590247907,
3153,315,ok,1.7356061825720979,0.35837403731630674,0.5633764457494893,0.08217341743972176,15.000000000001679,0.23278358302195556,
3154,315,ok,1.6989388572825206,0.3012540138935054,-0.025599130288154102,0.1036790282302646,15.000000000001679,0.2199599170126021,
3155,315,ok,1.89940054181946,0.10279269656613792,0.09125166333427369,0.07857293396323992,15.000000000001679,0.24502929201116785,
3156,315,ok,2.1790124019708124,-0.17329074988008844,0.15780483018035688,0.10942397021043221,15.000000000001679,0.2087410409876611,
3157,315,ok,1.9406938896089914,0.06820507607087882,0.18563713272768664,0.07971684397696854,15.000000000001679,0.24556191699230112,
3158,315,ok,1.7570740022565772,0.24300302583757385,-0.016452422010909823,0.09170044662186881,15.000000000001679,0.2034879999991972,
3159,315,ok,2.0455490335270845,-0.02609338726851939,0.28145414303286925,0.07971282585713312,15.000000000001679,0.22567437498946674,
3160,315,ok,1.1650351426797863,0.835612748057356,-0.038848567442920194,0.09766148101642086,15.000000000001679,0.23581891698995605,
3161,316,ok,1.9315040143205027,0.06892340981619807,-0.0406320093069121,0.09629626015010695,15.000000000001679,0.19186337498831563,
3162,316,ok,1.870271129825311,0.1353633578872128,-0.14506650870685353,0.10313447324924592,15.000000000001679,0.27504425001097843,
3163,316,ok,1.1500038495711002,0.850001436375918,0.003486788048834101,0.09336585310191041,15.000000000001679,0.29770087500219233,
3164,316,ok,2.0108723006844818,-0.005525561628982355,0.14654225094782658,0.09849211740993291,15.000000000001679,0.23733708399231546,
3165,316,ok,1.2858842849558856,0.716546619043225,0.07903045746503427,0.09420232961667402,15.000000000001679,0.25822625000728294,
3166,316,ok,1.2424185744553284,0.7576195877888783,-0.009737838863617732,0.09749003486730813,15.000000000001679,0.22467066600802355,
3167,316,ok,1.3732013325535635,0.8638757151809324,0.7712998827766312,0.10339445018011616,15.000000000001679,0.19338270800653845,
3168,316,ok,1.8026343409314867,0.19817766588827743,0.05410030870225659,0.09614158595941155,15.000000000001679,0.2138881249993574,
3169,316,ok,1.8341333480912523,0.20080497872609177,-0.35628978936198485,0.08686399543079137,15.000000000001679,0.24827508299495094,
3170,316,ok,1.613421095388509,0.39094865724139505,-0.1186651061238599,0.09866691242066546,15.000000000001679,0.22779100001207553,
3171,317,ok,2.0345074933834475,-0.03387189566811213,0.050851279677097135,0.09270486908608223,15.000000000001679,0.2548133750096895,
3172,317,ok,2.1004097655884277,-0.093610431358712,-0.16886842536490648,0.0991262749955646,15.000000000001679,0.22720829202444293,
3173,317,ok,2.0418263787663964,-0.03896162329642568,0.10812242945245212,0.07559810646952454,15.000000000001679,0.273597666004207,
3174,317,ok,1.9792144196499326,0.020926378022281082,0.023607578067482583,0.07339844832574674,15.000000000001679,0.21209804201498628,
3175,317,ok,1.0402016359449942,0.9694967178883341,0.14171248702822983,0.09907397356568663,15.000000000001679,0.2181410000193864,
3176,317,ok,1.7016569782439253,0.29867134538284223,0.03342574733373792,0.10102568190016833,15.000000000001679,0.1960295420140028,
3177,317,ok,1.1783654481942085,0.837744260778851,0.19418219832270478,0.10098237939050424,15.000000000001679,0.22234558299533091,
3178,317,ok,1.9424747156495576,0.06089502025308233,-0.11436738371815311,0.09894238739241243,15.000000000001679,0.21838466700864956,
3179,317,ok,1.2593696109802217,0.7420206366077872,0.05915858635733028,0.09288029575604395,15.000000000001679,0.21935754199512303,
3180,317,ok,1.6934466829171035,0.3261180169594553,0.25667250482900295,0.09615639947080158,15.000000000001679,0.326633499993477,
3181,318,ok,1.9850201146856674,0.016823318032555195,-0.08552838012786594,0.09730838425075698,15.000000000001679,0.2813718339893967,
3182,318,ok,1.606429568013253,0.3953152534474621,-0.07485199508940515,0.09881466838421912,15.000000000001679,0.2285592080152128,
3183,318,ok,1.4908733455064596,0.5103125940807405,-0.059453889588239446,0.08248554275210251,15.000000000001679,0.24393941700691357,
3184,318,ok,1.9938498299844665,0.006521690514871208,0.03848862353214288,0.07407491585303683,15.000000000001679,0.23096862499369308,
3185,318,ok,1.704781772012007,0.29538648928596145,0.023951394021216203,0.09769170047419234,15.000000000001679,0.2210697089903988,
3186,318,ok,1.8594736024282295,0.1590998680966822,0.26216174870824294,0.0816564394011593,15.000000000001679,0.233969207998598,
3187,318,ok,0.9286310192841373,1.0870914053302867,0.17015718543413005,0.09873308848430709,15.000000000001679,0.233475749992067,
3188,318,ok,1.7998667135669675,0.20052499446231983,-0.03754851596963973,0.10033539496304153,15.000000000001679,0.2162245409854222,
3189,318,ok,1.976596318115079,0.023406293093088764,0.003212880651658385,0.07287737184419642,15.000000000001679,0.21042779201525263,
3190,318,ok,1.6091551843943805,0.39693505035076265,-0.13986841912812625,0.09783216715039594,15.000000000001679,0.23015762501745485,
3191,319,ok,1.8546494702626164,0.14537314425671272,0.009158793652615875,0.09798520985540105,15.000000000001679,0.2044274580257479,
3192,319,ok,1.7923791157394813,0.21213524256920263,0.127131835808191,0.10121491465694095,15.000000000001679,0.23189204101799987,
3193,319,ok,1.7831672548198658,0.22872338086565258,-0.2055835527706745,0.08569020644904521,15.000000000001679,0.20424458300112747,
3194,319,ok,1.89823577069388,0.11068267580495166,-0.18379088562344748,0.09577494217972074,15.000000000001679,0.21976254202309065,
3195,319,ok,1.0353028618601745,0.9703802962080224,0.10832950354906874,0.0982860742891072,15.000000000001679,0.21967145797680132,
3196,319,ok,1.745937939121072,0.256316073179227,0.08868850325282193,0.07870062075635517,15.000000000001679,0.2128120000124909,
3197,319,ok,1.9867830816103407,0.013222105602959316,0.00454001193203092,0.09596430426747586,15.000000000001679,0.19468695900286548,
3198,319,ok,1.9686314135375702,0.25751020815796116,0.916099867750902,0.10601737744826595,15.000000000001679,0.23597004101611674,
3199,319,ok,1.6507345349919345,0.35156200960028844,-0.08704422336949504,0.07439292292689205,15.000000000001679,0.23967212499701418,
3200,319,ok,1.105656312796193,0.8952516249980649,0.04479854859988621,0.09983478483723203,15.000000000001679,0.2511697500012815,
3201,320,ok,1.6934574684787869,0.33356440083703276,0.30131477127572764,0.09962846077466157,15.000000000001679,0.2831620000069961,
3202,320,ok,2.0697641098012194,-0.06941980194182884,0.037751205971145486,0.11849582755154353,15.000000000001679,0.21710541599895805,
3203,320,ok,1.9398481488289583,0.060576385987000964,-0.04058184229299664,0.08732689364426732,15.000000000001679,0.24033112500910647,
3204,320,ok,1.9803649522291513,0.02016913657066752,0.04599017536640463,0.07498086062242566,15.000000000001679,0.24957758298842236,
3205,320,ok,1.8503643575951696,0.1627872983251823,-0.22022203491772202,0.08491147220301191,15.000000000001679,0.22977566701592878,
3206,320,ok,2.156837145553566,-0.15441647873823053,-0.10215727375384097,0.09359024833013241,15.000000000001679,0.1975290839909576,
3207,320,ok,1.8195337392002033,0.19734458241921052,-0.24725790898271244,0.08246646939384349,15.000000000001679,0.22020845898077823,
3208,320,ok,1.7407551428535053,0.27103428198945106,-0.20225235058014657,0.08739358733499,15.000000000001679,0.24978749998263083,
3209,320,ok,2.106879631352024,-0.09952133750879766,0.17593161839564847,0.07605012187224289,15.000000000001679,0.21957512499648146,
3210,320,ok,1.7134066673688397,0.2999477764137528,-0.21350607687710055,0.09898327920742443,15.000000000001679,0.1901889170112554,
3211,321,ok,1.3654346717991677,0.6350326365188065,0.03572029650632598,0.0986955409229663,15.000000000001679,0.20471966598415747,
3212,321,ok,1.8213330189994061,0.17869739701712814,0.01052589498840365,0.10154798084019555,15.000000000001679,0.2249602919910103,
3213,321,ok,2.1394793493106348,-0.13529665012425554,-0.13371649896250692,0.09904880723164478,15.000000000001679,0.20878508299938403,
3214,321,ok,1.8223850275254205,0.17791994573642153,0.033338632300419085,0.07675022531430134,15.000000000001679,0.2201842500071507,
3215,321,ok,1.7969383895468078,0.20736914083628344,0.12434700881416781,0.08021481630918992,15.000000000001679,0.22178187500685453,
3216,321,ok,1.958847965333587,0.04138705353000311,-0.03034266322608429,0.08350410220542288,15.000000000001679,0.21179324999684468,
3217,321,ok,1.8681686673004,0.13456593880270482,-0.10104421214458069,0.09905712053556721,15.000000000001679,0.2226297919987701,
3218,321,ok,1.6435173504033365,0.35648357295674765,0.0017421583698471808,0.10451676635400274,15.000000000001679,0.20785712500219233,
3219,321,ok,1.1839008853902253,0.8298632221109545,0.18000340957660266,0.09631583841991657,15.000000000001679,0.18713912498787977,
3220,321,ok,1.2251214214414337,0.7798364254202436,0.11010607859437027,0.09381069526035606,15.000000000001679,0.2498585839930456,
3221,322,ok,1.2477299002807494,0.7526219787369487,-0.029630661897499435,0.09886162855447753,15.000000000001679,0.22466295800404623,
3222,322,ok,1.7965768817494805,0.20359594316163687,0.02491900101042406,0.0890206920233349,15.000000000001679,0.2269692920090165,
3223,322,ok,1.8062237509450207,0.19945168744588138,-0.14307345189243192,0.10064245954584622,15.000000000001679,0.2074363749998156,
3224,322,ok,2.0329702993715695,-0.030806993945343093,0.0937613538170602,0.10292651411466168,15.000000000001679,0.22476270800689235,
3225,322,ok,1.949524151380752,0.05126183532750291,-0.05535325072394846,0.10008347019294753,15.000000000001679,0.20868533398606814,
3226,322,ok,1.9161057953642124,0.08744566253591546,-0.11660756954691033,0.09380027276139682,15.000000000001679,0.26777899998705834,
3227,322,ok,1.5554768847159905,0.4696835657441791,-0.2786394622667664,0.09883817703188225,15.000000000001679,0.25609912499203347,
3228,322,ok,0.9035491542902045,1.1388183697882452,0.2734360510327201,0.09865173528634358,15.000000000001679,0.20176995801739395,
3229,322,ok,2.0055732466259855,-0.0036787606191136966,0.08715200414074574,0.07562904709024121,15.000000000001679,0.25618995798868127,
3230,322,ok,1.5360891443584097,0.48593421763192723,0.2591807594670315,0.09947046823782088,15.000000000001679,0.2012755420000758,
3231,323,ok,1.93018367017551,0.06986220700197181,0.013307916925759994,0.08154790605154232,15.000000000001679,0.20855370801291429,
3232,323,ok,1.4054682077716245,0.5978251984270376,-0.09615980912317762,0.09304897256803431,15.000000000001679,0.1996023329847958,
3233,323,ok,2.021078485390547,-0.020829753702278554,-0.03170726510024529,0.11063768423313991,15.000000000001679,0.20607533300062642,
3234,323,ok,1.7158821847532568,0.2842109034479036,-0.01787311127225861,0.09893094052267576,15.000000000001679,0.21387650002725422,
3235,323,ok,1.5408859291836652,0.46661909774837473,-0.15189619931452789,0.09575710537102133,15.000000000001679,0.20769320899853483,
3236,323,ok,1.0476860459596287,0.9541172862513468,0.061444283544312216,0.09946757687271023,15.000000000001679,0.22602679202100262,
3237,323,ok,1.8979216200720577,0.10232730671590566,-0.03073800743111194,0.09310305358785635,15.000000000001679,0.24909154200577177,
3238,323,ok,2.1192932568455225,-0.1088821512105942,0.20980939163030227,0.07591685984574802,15.000000000001679,0.2781136670091655,
3239,323,ok,2.093127462773736,-0.07350676127538772,0.28592356734426627,0.0807390570796534,15.000000000001679,0.2350624999962747,
3240,323,ok,1.667419262393584,0.3404006772761642,0.1612981234105013,0.0993225605735078,15.000000000001679,0.2541740419983398,
3241,324,ok,1.8849334119045875,0.1174642114367096,0.09504194912068739,0.10241316249638331,15.000000000001679,0.230911125021521,
3242,324,ok,1.4479269995978046,0.5918784901578639,0.3371741533454248,0.0923166861265929,15.000000000001679,0.24872095801401883,
3243,324,ok,2.33052925620235,-0.31197289094992275,0.29350973668302016,0.07661943565120491,15.000000000001679,0.28765429198392667,
3244,324,ok,1.4607433990580756,0.6590694063763824,0.5793758891910785,0.09646091483041695,15.000000000001679,0.27356820899876766,
3245,324,ok,1.459585898074366,0.5483205765668858,-0.15171633214144756,0.09874264552481246,15.000000000001679,0.25127820900524966,
3246,324,ok,1.9888117791470274,0.012859791170243669,-0.08152351394534596,0.07981601730827308,15.000000000001679,0.20694958401145414,
3247,324,ok,1.1733497625125944,0.8270406961024176,0.03026774832161881,0.09834305452697663,15.000000000001679,0.23308470897609368,
3248,324,ok,1.9169653018944428,0.08960245563569615,-0.15854712597234247,0.07701186124851549,15.000000000001679,0.3046876250009518,
3249,324,ok,1.8609432546951588,0.1431185473711151,0.12288640314637246,0.09002065976736073,15.000000000001679,0.23231512500206009,
3250,324,ok,1.850510350828933,0.15010121414227948,-0.04757142637289729,0.09272891968061926,15.000000000001679,0.24676395900314674,
3251,325,ok,1.9729985850883465,0.02814377657620572,0.06713010431593859,0.10258769451894259,15.000000000001679,0.23439875000622123,
3252,325,ok,2.0534842774385758,-0.04864046266614245,0.14096074777924433,0.08419599598964134,15.000000000001679,0.22639170801267028,
3253,325,ok,1.8497496136402405,0.1572387206768099,0.16063779315397458,0.10917163672624705,15.000000000001679,0.20118087501032278,
3254,325,ok,1.9563323747428307,0.05263185520421043,0.1870659485356112,0.10832592419531568,15.000000000001679,0.20074262499110773,
3255,325,ok,2.168193700481562,-0.16328096696038155,0.14587453785663423,0.07474376191938743,15.000000000001679,0.20748370798537508,
3256,325,ok,1.557577662186865,0.4480718438055553,0.13254120775974376,0.1013254394278614,15.000000000001679,0.24742541697924025,
3257,325,ok,1.3612247758511562,0.6389944763488014,0.02443061566880817,0.10008138037710039,15.000000000001679,0.20988637499976903,
3258,325,ok,1.7850047489490382,0.2166461596616047,-0.07675307108458973,0.08390473745856987,15.000000000001679,0.2777029999997467,
3259,325,ok,1.3168407449160655,0.6835624031466787,-0.032582220031034136,0.08840897972387571,15.000000000001679,0.2281328749959357,
3260,325,ok,2.08817719835442,-0.07756307385551552,-0.2102752621668468,0.09176052650852326,15.000000000001679,0.24135233298875391,
3261,326,ok,1.8972790204776409,0.12141203780191025,0.26565946214849107,0.07922049857285382,15.000000000001679,0.33651533399824984,
3262,326,ok,1.689645413839906,0.3411022011596807,-0.3208733667866049,0.09141852159157758,15.000000000001679,0.2671065829927102,
3263,326,ok,1.0006734341571788,1.0817952778478133,0.39780323031034726,0.09728100052758511,15.000000000001679,0.24585933302296326,
3264,326,ok,1.8154133760534807,0.1857543737678166,0.06510402177507334,0.07760016991109507,15.000000000001679,0.25503041699994355,
3265,326,ok,1.9537087791446401,0.04715480515763357,-0.05808303270250661,0.10428508958091294,15.000000000001679,0.24045275000389665,
3266,326,ok,1.7567264722731644,0.2448216800312003,0.07373576809675565,0.07507963614873486,15.000000000001679,0.28898429198306985,
3267,326,ok,1.821972242555994,0.1780938461909179,-0.015518355490036686,0.07538379693025962,15.000000000001679,0.26447754199034534,
3268,326,ok,1.9781184380534864,0.023626703251828342,0.08307314167604025,0.08604602135420215,15.000000000001679,0.20748612500028685,
3269,326,ok,1.4304957475037985,0.5706765798479541,-0.05790202268754336,0.09254450847323906,15.000000000001679,0.19576899998355657,
3270,326,ok,1.9819700434752165,0.024819477298234575,0.16391203730273265,0.10971383394597614,15.000000000001679,0.1900527499965392,
3271,327,ok,1.968836222120443,0.031548602035832096,-0.038925099696881765,0.07800510836608159,15.000000000001679,0.20368995901662856,
3272,327,ok,2.0319950903167903,-0.03190053109768084,-0.01960303028880567,0.08974255380124642,15.000000000001679,0.24572733297827654,
3273,327,ok,1.836741897305321,0.16481911918273381,0.07570952383625965,0.098874956856113,15.000000000001679,0.2073068330064416,
3274,327,ok,1.1123664912765086,0.8932276349250474,0.11141877230164883,0.09823639110719971,15.000000000001679,0.19864095898810774,
3275,327,ok,1.6532354546371828,0.3469280963959646,0.023254031571819832,0.0816772263814401,15.000000000001679,0.20561120798811316,
3276,327,ok,1.6284498343757612,0.3735880542483345,0.08144351290757088,0.10083526612556311,15.000000000001679,0.21302941697649658,
3277,327,ok,1.990085300049293,0.013919408704351653,0.12618790096920035,0.07589949490919491,15.000000000001679,0.21759424998890609,
3278,327,ok,1.7820601676416785,0.2179456247801094,-0.00454366093951539,0.09772130434353253,15.000000000001679,0.21328075000201352,
3279,327,ok,1.4723220770750027,0.5348438988304806,-0.14508582924663366,0.09929969639940042,15.000000000001679,0.23103500000433996,
3280,327,ok,1.8465468162943728,0.15613668437925102,0.09951491383175719,0.08854864704229436,15.000000000001679,0.2083839159749914,
3281,328,ok,1.0513949674193188,1.0097881678568628,0.35342878348884066,0.09802286865107977,15.000000000001679,0.24382274999516085,
3282,328,ok,2.028948265981493,-0.028879278363566317,0.016731403295640754,0.08797507834540472,15.000000000001679,0.24683737501618452,
3283,328,ok,1.135635745069694,0.9156917172456746,0.3375560596854464,0.09847766283772638,15.000000000001679,0.23499637501663528,
3284,328,ok,1.8612185926350588,0.13898042211690947,0.027217279553122108,0.07931305179526775,15.000000000001679,0.22010441700695083,
3285,328,ok,1.8613254854126409,0.1439930543599424,0.14060860707107112,0.09160141322896159,15.000000000001679,0.24214200000278652,
3286,328,ok,1.6605954544705834,0.3584180271921156,0.2505711275477232,0.10333132121395454,15.000000000001679,0.2231153750035446,
3287,328,ok,1.9132417220181452,0.08696500335824825,0.028124517682088193,0.07600145449334741,15.000000000001679,0.2876964579918422,
3288,328,ok,1.9283448357092465,0.07275994010018429,-0.06526528115219896,0.07501341593879489,15.000000000001679,0.2237240840040613,
3289,328,ok,1.8963886173011517,0.10476545383762315,0.06614985156493398,0.07334740456834374,15.000000000001679,0.2989901249820832,
3290,328,ok,1.7014648411218622,0.29917693222196456,-0.04672791123040218,0.08196251559985265,15.000000000001679,0.24153974998625927,
3291,329,ok,1.3061417365670052,0.7189074407173666,0.25457433207796976,0.09996145336713931,15.000000000001679,0.20988254199619405,
3292,329,ok,1.5044372567619568,0.4974112034252528,0.07455446292137527,0.09156093388307035,15.000000000001679,0.21946304198354483,
3293,329,ok,2.0348073802372086,-0.024830734848192496,-0.20125001834022344,0.06906885796486288,15.000000000001679,0.2015243339992594,
3294,329,ok,1.4841447518600248,0.5363776723899467,0.24595797729487145,0.10202178737095319,15.000000000001679,0.21221050000167452,
3295,329,ok,1.7582422327906506,0.2521329195187046,0.19072602900088123,0.09338919617774588,15.000000000001679,0.2242962919990532,
3296,329,ok,1.8581671609847836,0.14449960977190524,0.09951633044701187,0.09613443543396709,15.000000000001679,0.2290634590026457,
3297,329,ok,1.0982506709018491,0.9152999290129197,0.17198922099069,0.09703184841103547,15.000000000001679,0.24570958298863843,
3298,329,ok,1.2542024132764549,0.7459344707425363,-0.01852948452278983,0.09890580179986,15.000000000001679,0.2128777499892749,
3299,329,ok,1.8266619914895588,0.17444688199805197,-0.0636383886185534,0.09607676182290693,15.000000000001679,0.20942708401707932,
3300,329,ok,1.927789396048128,0.0727476631510882,0.045501490371358366,0.075041195194379,15.000000000001679,0.3062748750089668,
3301,330,ok,1.762011353898206,0.23812129902080081,0.02162069152545682,0.08907482870534733,15.000000000001679,0.25359850001404993,
3302,330,ok,1.8550916667069839,0.14634842825204505,0.07308175177177774,0.09176541564699556,15.000000000001679,0.22839729199768044,
3303,330,ok,1.9264272506113598,0.07363860160962961,-0.015928423950252745,0.0988647614261538,15.000000000001679,0.21488004198181443,
3304,330,ok,1.1784080624888122,0.8264272561425062,0.10664228342186564,0.0959685733771815,15.000000000001679,0.2221119159949012,
3305,330,ok,1.9054030739657601,0.09461826238525853,0.009017108316759953,0.10152125798806681,15.000000000001679,0.21894599997904152,
3306,330,ok,1.279817720747834,0.7354494712289529,0.19709225891710166,0.10064890353179552,15.000000000001679,0.19347450000350364,
3307,330,ok,1.839152010160526,0.161426690851206,0.04613353837672917,0.08191236493638938,15.000000000001679,0.21897029201500118,
3308,330,ok,2.1347047769953966,-0.13435487046596267,0.03864934469291452,0.07497737968141387,15.000000000001679,0.2393642500101123,
3309,330,ok,1.7797218652691777,0.22185505287072305,-0.07490303542461765,0.07146328348751678,15.000000000001679,0.22681958400062285,
3310,330,ok,1.8686449322895868,0.1329869742432069,-0.07807845173938147,0.09702234411582109,15.000000000001679,0.2398197909933515,
3311,331,ok,1.2965983378182502,0.7105218479099538,0.13569578075787234,0.09587147315989057,15.000000000001679,0.20861587501713075,
3312,331,ok,1.1415157080409992,0.8905267698704316,0.26856519381745153,0.09608127279548326,15.000000000001679,0.21188066698960029,
3313,331,ok,2.0383628515253225,-0.03822326550685216,0.023854442459001257,0.08574113628322834,15.000000000001679,0.22047604201361537,
3314,331,ok,1.5421848817832096,0.46145677243537225,-0.10591952849078547,0.08565369552495188,15.000000000001679,0.2265822500048671,
3315,331,ok,1.180430497649267,0.8197262312433322,-0.019235138820078622,0.09875028816585756,15.000000000001679,0.26220841601025313,
3316,331,ok,1.9298483945439664,0.07124074708808385,-0.06482723371077814,0.07715070052973419,15.000000000001679,0.230105624999851,
3317,331,ok,1.8069193476754508,0.19309963509279515,0.008282529932755711,0.0803786012464516,15.000000000001679,0.2292263749986887,
3318,331,ok,2.1013688344281514,-0.09024878198875945,0.21589582603754903,0.09893212038762084,15.000000000001679,0.22744670801330358,
3319,331,ok,2.177249559799225,-0.17383103371671113,0.12196016766163345,0.08031051104653308,15.000000000001679,0.2177402919915039,
3320,331,ok,1.1676785791753301,0.8349117214600421,0.07773395315893289,0.09531734143548487,15.000000000001679,0.228560124989599,
3321,332,ok,1.139856152074994,0.8602348191806743,0.014400694952042305,0.09783987071738345,15.000000000001679,0.2135764579870738,
3322,332,ok,1.3570047344566283,0.6538620011330196,0.17138943183319527,0.1005388556761787,15.000000000001679,0.22928249998949468,
3323,332,ok,1.932573908198889,0.07073098340870261,0.11297332548870412,0.09952098022652414,15.000000000001679,0.26087141697644256,
3324,332,ok,1.5463835923967555,0.4545670050163472,0.05421321655973459,0.1028093841007726,15.000000000001679,0.23426962501253001,
3325,332,ok,2.0253974963463834,-0.02470697020875124,-0.052883863269405,0.0948867079228881,15.000000000001679,0.21288199999253266,
3326,332,ok,1.3053137162565411,0.7812400595694707,0.4674057182461876,0.09662772119793596,15.000000000001679,0.20435491600073874,
3327,332,ok,1.434292659784784,0.5747626751506915,0.16091613271793936,0.09915772054517955,15.000000000001679,0.2045028329885099,
3328,332,ok,2.0337615859133145,-0.033401756743375914,-0.0382555095325013,0.0871959609650662,15.000000000001679,0.22193583400803618,
3329,332,ok,1.4615052629008474,0.5454193860956527,-0.1421016225823169,0.08430703212740387,15.000000000001679,0.2146624999877531,
3330,332,ok,2.050184239242885,-0.04977892595552333,0.04076480772121434,0.07969818513450516,15.000000000001679,0.2199162089964375,
3331,333,ok,1.4280841689596233,0.642622296103551,0.44379067430253893,0.09481394332545995,15.000000000001679,0.2162484579894226,
3332,333,ok,1.6776461156964946,0.32594015529749004,-0.10963633460739597,0.08837152876975972,15.000000000001679,0.22636254198732786,
3333,333,ok,1.3972886612367745,0.6115840472818719,-0.15721560055754638,0.09421419390338445,15.000000000001679,0.2261449579964392,
3334,333,ok,2.109637769295508,-0.08488644597285899,-0.322211149771057,0.09619910057856773,15.000000000001679,0.21088812500238419,
3335,333,ok,1.704659860487761,0.34843286622764924,-0.42212704556938124,0.09898185765413597,15.000000000001679,0.21213724999688566,
3336,333,ok,1.0813223030278514,0.95141731997632,0.2640687148827227,0.09650791681516502,15.000000000001679,0.21697941698948853,
3337,333,ok,2.1039011856194567,-0.10321097395307068,-0.05388689909737603,0.07289066966619824,15.000000000001679,0.2432644169894047,
3338,333,ok,1.6665127535702702,0.3406400044200603,0.1542373589027871,0.08145948121429983,15.000000000001679,0.2333056669740472,
3339,333,ok,2.020403810201336,-0.017379039257868586,0.11051410877836176,0.09143181805170832,15.000000000001679,0.22631137497955933,
3340,333,ok,0.9990574621444195,1.0831030874543295,0.39675668164589895,0.09682615766389463,15.000000000001679,0.20330279201152734,
3341,334,ok,1.383553460656218,0.7019248602966873,0.47877041489426053,0.09727901132958484,15.000000000001679,0.2544860420166515,
3342,334,ok,1.9788475543747068,0.021280665986151866,-0.022526443451024242,0.10151440069292807,15.000000000001679,0.25131912500364706,
3343,334,ok,1.905855481050849,0.09418137051899973,-0.011851842672145008,0.08327505096508546,15.000000000001679,0.24813712501781993,
3344,334,ok,1.6734686060389135,0.3412252206405403,-0.22127676506763988,0.09791115005937179,15.000000000001679,0.20023841600050218,
3345,334,ok,1.1374996524636043,0.8840742798442264,0.220488653788894,0.10176987292507186,15.000000000001679,0.19083508299081586,
3346,334,ok,2.02345694094263,-0.015305552347893549,0.18144289053213616,0.09845862128568095,15.000000000001679,0.21194312500301749,
3347,334,ok,1.8275732866696814,0.17242700968684166,-0.0010407816496472771,0.08032724548527617,15.000000000001679,0.21545099999639206,
3348,334,ok,1.6936652632255378,0.31172039880588054,0.13495929774808044,0.08463853677573166,15.000000000001679,0.2928614169941284,
3349,334,ok,1.5545887023554448,0.44914280329980666,0.10764752172903669,0.10080715869739702,15.000000000001679,0.23098133399616927,
3350,334,ok,1.3312578999593787,0.7284050138417575,0.39407332741695944,0.09443452565259515,15.000000000001679,0.20660016598412767,
3351,335,ok,1.8833572868198183,0.12127360878220793,0.13199172988895636,0.07700504218773407,15.000000000001679,0.24210287499590777,
3352,335,ok,1.4952781859283273,0.534511228929379,0.29698403185866806,0.0993792430364385,15.000000000001679,0.22168537499965169,
3353,335,ok,2.203321412756065,-0.1965777900018057,0.17225347712068131,0.07954693632821497,15.000000000001679,0.27036158298142254,
3354,335,ok,1.8534884341982716,0.1488706350026565,0.09348502420865332,0.08072230426203826,15.000000000001679,0.28793337498791516,
3355,335,ok,1.3714550661663147,0.6329097263149335,-0.10933060920410453,0.09021231780022555,15.000000000001679,0.28364825001335703,
3356,335,ok,1.7163290071933788,0.2852820676273891,0.07434832434699996,0.08289970993209524,15.000000000001679,0.2481628749810625,
3357,335,ok,1.5379864971136215,0.4730874362381596,0.18422944371101815,0.08846206869472029,15.000000000001679,0.20482395798899233,
3358,335,ok,1.9180988082259676,0.09091524820479002,0.1857375798832811,0.07537128151162512,15.000000000001679,0.21761720898211934,
3359,335,ok,1.9395227312426706,0.06291670254562161,-0.09724568746376872,0.0801301860302382,15.000000000001679,0.274360791023355,
3360,335,ok,1.4812547835345105,0.5244817528677401,-0.13023684625947013,0.08661001982231338,15.000000000001679,0.2388892499729991,
3361,336,ok,1.7914309558159325,0.24248670841112002,0.34694653672288744,0.09210374700139087,15.000000000001679,0.21784295799443498,
3362,336,ok,1.606089633191608,0.3939890193859031,-0.015894652953121507,0.08862422825132121,15.000000000001679,0.18946812499780208,
3363,336,ok,1.9566600001827148,0.04444654005107944,0.06579530071993786,0.1097348971618906,15.000000000001679,0.2593602919951081,
3364,336,ok,1.6443428971655256,0.35963996142732096,-0.11437878873529406,0.08173429736247971,15.000000000001679,0.2476628340082243,
3365,336,ok,1.4724975176965702,0.5840603342673024,0.4041828826500908,0.09921279877600335,15.000000000001679,0.2199298329942394,
3366,336,ok,2.010035240987923,-0.010028502585679175,0.005204690821821931,0.08211383410016085,15.000000000001679,0.22646195799461566,
3367,336,ok,1.1123841705091309,0.8877951307920995,0.019971772818760114,0.10101575404182242,15.000000000001679,0.22370670901727863,
3368,336,ok,1.7819427205947584,0.2557493699791412,0.36456768802581324,0.09876487277512606,15.000000000001679,0.24854116700589657,
3369,336,ok,1.1015409124563549,0.9249182589146698,0.23998256561699252,0.0953896990050146,15.000000000001679,0.27085825000540353,
3370,336,ok,1.9774691774590774,0.04448306063141709,0.29383302680810036,0.07516058721820228,15.000000000001679,0.22102220900706016,
3371,337,ok,1.3574464819610874,0.645236744092879,0.08530809945409382,0.08628430784181752,15.000000000001679,0.19190212499233894,
3372,337,ok,1.2099787304302254,0.8318102484344682,0.31524789044623436,0.10208217156531706,15.000000000001679,0.22923570798593573,
3373,337,ok,1.9125297715420413,0.09953911280289202,0.21451933075747237,0.0757535865345933,15.000000000001679,0.23235362500417978,
3374,337,ok,1.8683212548288246,0.14973587995442195,-0.2591273766260842,0.08334974933385178,15.000000000001679,0.25648058397928253,
3375,337,ok,1.7102069677921632,0.2898979124666396,0.01893998149176207,0.10183476897591617,15.000000000001679,0.26874429199961014,
3376,337,ok,1.6017024331000915,0.4061363003445397,0.1582693625417181,0.10034139151617949,15.000000000001679,0.2232010830193758,
3377,337,ok,1.6852031014743396,0.3186252764949626,-0.11352767229663499,0.10224598691275806,15.000000000001679,0.2826742920151446,
3378,337,ok,1.8810318139429596,0.11896855120058085,0.0011720465431562708,0.08345485494091492,15.000000000001679,0.2751227499975357,
3379,337,ok,1.7772205728557282,0.2230645156519269,0.031831573104723336,0.07881805580603898,15.000000000001679,0.2567198750039097,
3380,337,ok,1.4165511686849281,0.5992947900838076,0.211286839193243,0.10271345372164285,15.000000000001679,0.2191860830062069,
3381,338,ok,0.92621544921455,1.0741963372546617,0.027615872447317762,0.09908152722523825,15.000000000001679,0.3233477500034496,
3382,338,ok,1.9453620571064596,0.05470904310346454,-0.016632084837368402,0.07500149038890445,15.000000000001679,0.30674229201395065,
3383,338,ok,1.5561994800509933,0.47258473812723706,0.2979252246942867,0.09592805178597569,15.000000000001679,0.24874779101810418,
3384,338,ok,1.243615721061273,0.7962787064382155,0.3124661727238561,0.0973949161000948,15.000000000001679,0.21826795901870355,
3385,338,ok,1.9700415785848289,0.029960053509020715,0.0025358593857349385,0.08895177681021617,15.000000000001679,0.19060995799372904,
3386,338,ok,1.8657874656046791,0.1344375417575482,0.028975527672720002,0.07742514701589748,15.000000000001679,0.23828491699532606,
3387,338,ok,2.017574188313745,-0.017246577220402046,0.036357283210354155,0.08004987757274758,15.000000000001679,0.21379887501825579,
3388,338,ok,1.4273653581537258,0.5827429771184701,-0.16957121439176195,0.09791295741688248,15.000000000001679,0.23118545798934065,
3389,338,ok,1.9817999603391274,0.018230778292563306,-0.011037875396445568,0.10171245517586963,15.000000000001679,0.30121454197796993,
3390,338,ok,2.1295618089444943,-0.12927320775682685,-0.035058591584679395,0.1064332025052742,15.000000000001679,0.32576037500984967,
3391,339,ok,1.978239174351142,0.026410374240938783,0.1355515401376777,0.1281951436903153,15.000000000001679,0.29956133299856447,
3392,339,ok,1.5960586662043432,0.4070429433992455,-0.09945391793110833,0.08016562738274698,15.000000000001679,0.2278581669961568,
3393,339,ok,1.9357071675297859,0.0647025609925509,-0.03982538132140451,0.08059974189605586,15.000000000001679,0.2847602079855278,
3394,339,ok,1.483533044288989,0.5219988533005616,0.12799571810220994,0.094851412534302,15.000000000001679,0.2399060419993475,
3395,339,ok,1.2444711019087191,0.7761997718559853,0.22587900540014733,0.10001115512774073,15.000000000001679,0.2209017919958569,
3396,339,ok,1.5112431817853584,0.544350295458288,0.40612792585632496,0.10051598159206257,15.000000000001679,0.219302332989173,
3397,339,ok,1.8739300801020915,0.12879777783759613,-0.1010751645356734,0.07786110717116972,15.000000000001679,0.2561323749832809,
3398,339,ok,1.5572844589938162,0.45391273536380944,0.18641098774869821,0.09978645251402908,15.000000000001679,0.2776697920053266,
3399,339,ok,1.8399525675990458,0.17273656739728568,0.21571694158611376,0.08584060295413022,15.000000000001679,0.2185652089829091,
3400,339,ok,1.5277253586840949,0.512853953710122,0.349773367440733,0.10732769882317275,15.000000000001679,0.24980654200771824,
3401,340,ok,1.9596790619524518,0.041149872000018864,-0.05699299859894302,0.12237294057382385,15.000000000001679,0.22612916701473296,
3402,340,ok,1.942114667397725,0.05811976468239456,0.030175039423616337,0.07393364982275102,15.000000000001679,0.23207254201406613,
3403,340,ok,1.1581258538658905,0.8898586175237483,0.32991150981181977,0.09611056638426703,15.000000000001679,0.24688825002522208,
3404,340,ok,2.013428665712648,-0.012781760547840536,0.05103504991032213,0.07596807144343358,15.000000000001679,0.2754048749920912,
3405,340,ok,2.0197800155826835,0.09052282483857788,0.6583374734015532,0.08266720222111251,15.000000000001679,0.24320395800168626,
3406,340,ok,1.9014764364416854,0.1069292328971465,0.1785936983311134,0.07484753792178238,15.000000000001679,0.25172054101130925,
3407,340,ok,1.901156211197914,0.09891778308241962,-0.016773309039819193,0.077926092702287,15.000000000001679,0.2208413750049658,
3408,340,ok,2.0051760095681805,-0.004362059163946826,0.05712762144388098,0.0729755081478817,15.000000000001679,0.23963820800418034,
3409,340,ok,1.9925496917387173,0.007455837864430825,0.004694250474857817,0.09669215187949752,15.000000000001679,0.20844745900831185,
3410,340,ok,2.0147983040832536,-0.014798300552246686,-0.00011928341682470639,0.07352665662479096,15.000000000001679,0.23724620800931007,
3411,341,ok,1.7486947256335683,0.25214585832666375,-0.054213862563245833,0.07379132535354606,15.000000000001679,0.2201064580003731,
3412,341,ok,1.6253352472045257,0.3765306860165185,0.07785918288423432,0.08909110238634882,15.000000000001679,0.29314891598187387,
3413,341,ok,1.5582265293753716,0.44200747058554807,-0.02700361342440337,0.09171455343971072,15.000000000001679,0.2595315420185216,
3414,341,ok,1.7678883193531632,0.24916118899054424,0.2449338024208717,0.0950022552608184,15.000000000001679,0.216136250004638,
3415,341,ok,1.3943196157947586,0.6459343752132848,0.33261610718816115,0.09790278436910817,15.000000000001679,0.21465087501564994,
3416,341,ok,2.026408769810081,-0.026164404568091396,-0.03146915989403621,0.11156650091616523,15.000000000001679,0.22548212500987574,
3417,341,ok,1.8976603575840425,0.10262698562390123,-0.033022372164230276,0.07526147719740667,15.000000000001679,0.22784987502382137,
3418,341,ok,2.1247917485525725,-0.11513515087489724,0.20234442974918404,0.10539572310180641,15.000000000001679,0.2633500410011038,
3419,341,ok,1.4509977920157848,0.551920823524846,-0.09198527650511597,0.08632677294867026,15.000000000001679,0.2339128330058884,
3420,341,ok,1.8249002079816397,0.17565174969243577,0.0448801814965148,0.07192058409090638,15.000000000001679,0.23532991702086292,
3421,342,ok,1.203988221050856,0.8128747003909188,-0.2008012934650931,0.09733807782961604,15.000000000001679,0.23790408301283605,
3422,342,ok,1.7127464111308472,0.2957782134493418,0.1706703579643523,0.08009767423956617,15.000000000001679,0.22563420800724998,
3423,342,ok,1.5348332306578794,0.501781643226822,0.3332488580019151,0.10433777114633173,15.000000000001679,0.234435874997871,
3424,342,ok,2.0321356034826694,-0.03200040766821629,0.023440438948029985,0.07646987403402888,15.000000000001679,0.2677552920067683,
3425,342,ok,1.527037021700234,0.48462541055681657,0.18836644954190948,0.09808852298366076,15.000000000001679,0.2749237499956507,
3426,342,ok,2.164995626679858,-0.1648994855293936,-0.020402967859567772,0.08857989891635305,15.000000000001679,0.2412297499831766,
3427,342,ok,1.5559449065692448,0.4509941084386176,0.14678317405923105,0.09925814153477032,15.000000000001679,0.21789025000180118,
3428,342,ok,2.018038838518787,-0.017044315029760553,0.06334812527913179,0.07284247742892251,15.000000000001679,0.20864862500457093,
3429,342,ok,2.010475280558539,-0.009115168453878856,0.07393979730481501,0.08252808005006021,15.000000000001679,0.21719945900258608,
3430,342,ok,1.270447183738406,0.739825127365853,0.16123069512459026,0.0964756446474564,15.000000000001679,0.22532029199646786,
3431,343,ok,1.6087954416033992,0.4027149298174805,0.1921019976364118,0.09605023707757432,15.000000000001679,0.24678437499096617,
3432,343,ok,1.6217748107003067,0.45194920021438967,0.48341727100419973,0.10467499302706242,15.000000000001679,0.22128158301347867,
3433,343,ok,1.1550245869769271,0.9276834100168285,0.42920732445763754,0.09597522975048516,15.000000000001679,0.20788016699953005,
3434,343,ok,1.7918664310534052,0.20820730517674071,0.016255630226801494,0.08130758998074429,15.000000000001679,0.24476387500180863,
3435,343,ok,1.2611802254802502,0.7717883903493207,0.2864817674158379,0.0971843735454535,15.000000000001679,0.2224544579803478,
3436,343,ok,1.667478613096929,0.39459451471708545,-0.4507306878383014,0.09814671273238201,15.000000000001679,0.32194558400078677,
3437,343,ok,1.6103367340799868,0.39334248882683936,-0.10879356101471692,0.09105745154792252,15.000000000001679,0.19924070799606852,
3438,343,ok,1.6212093246706578,0.3812904543008386,-0.0899948946413333,0.09547891403483133,15.000000000001679,0.18345074998796917,
3439,343,ok,1.7890008759077807,0.2256327680274361,0.22835292882034203,0.07601200127182278,15.000000000001679,0.19145600000047125,
3440,343,ok,1.7874508939185902,0.21277949799001117,-0.028698002814318595,0.08666317073263256,15.000000000001679,0.2306286669918336,
3441,344,ok,2.2610487936444628,-0.2595497874463612,-0.08231892426522464,0.07723360706553678,15.000000000001679,0.39218366699060425,
3442,344,ok,1.9071355038705906,0.09300975368218241,0.023537854032187198,0.0757779260429912,15.000000000001679,0.2594563750026282,
3443,344,ok,1.60360473186997,0.3964628124818845,0.01471816300528955,0.09235599394181804,15.000000000001679,0.2250252089870628,
3444,344,ok,1.0738140319177698,0.933234659702983,0.12283437582568851,0.09203142814233259,15.000000000001679,0.21274937500129454,
3445,344,ok,1.7734833860496098,0.24437516513976576,0.2510473258490603,0.09176938477394879,15.000000000001679,0.21912354198866524,
3446,344,ok,1.848029497710408,0.15209464060283423,0.02141978335592594,0.06525079973309893,15.000000000001679,0.28512787498766556,
3447,344,ok,1.8864418337897912,0.11537938955962426,-0.08287307750732738,0.07384903706437046,15.000000000001679,0.2760985420027282,
3448,344,ok,2.2414195638647256,-0.17704718172242762,0.5333171943880782,0.09499572806760617,15.000000000001679,0.22999104097834788,
3449,344,ok,1.8988787694040885,0.10997363516783053,-0.18314180607627578,0.07807019184672406,15.000000000001679,0.22467691701604053,
3450,344,ok,2.0062760953984022,0.009085237160056476,0.24779462882199327,0.07264052444896825,15.000000000001679,0.21687341600772925,
3451,345,ok,1.8544774456554451,0.20817134480215788,0.47795048577926724,0.08104384662532832,15.000000000001679,0.20177954097744077,
3452,345,ok,1.7768737615056314,0.2238298243795303,-0.04999871561871592,0.098892678014752,15.000000000001679,0.27045883299433626,
3453,345,ok,1.5941854747696091,0.421817764608956,0.22531790843723823,0.10190294666091297,15.000000000001679,0.251637417008169,
3454,345,ok,1.6323303208868052,0.40636201396074106,-0.3532990885059785,0.08267996293619342,15.000000000001679,0.25324483300209977,
3455,345,ok,1.941064629787681,0.06627241346716925,-0.16861055155209453,0.07833049455181268,15.000000000001679,0.28483474999666214,
3456,345,ok,1.7703894756162442,0.22965053948787975,0.011903068394531474,0.07623700563707554,15.000000000001679,0.3218470830179285,
3457,345,ok,2.0107282127924724,-0.010173744598527469,0.047217181685744423,0.07546864278064626,15.000000000001679,0.3442699999723118,
3458,345,ok,1.7110060862065142,0.2890105349552255,-0.007541720064380614,0.07990916333682149,15.000000000001679,0.2569553749926854,
3459,345,ok,1.9584103641177826,0.04448515041952586,0.1064557530347748,0.07613248461304509,15.000000000001679,0.30244325002422556,
3460,345,ok,1.8701196309538592,0.14527066683596274,0.23942960297315943,0.09773201685940368,15.000000000001679,0.2163374579977244,
3461,346,ok,2.180168199526858,-0.16794222186287158,0.23056430966751185,0.07547116038081746,15.000000000001679,0.3100068340136204,
3462,346,ok,1.1104665280561348,0.9276257783736145,0.2883564438750247,0.09622259352599628,15.000000000001679,0.2107414169877302,
3463,346,ok,1.7504390344475154,0.2512153328380362,0.07608548624257569,0.08224078543900265,15.000000000001679,0.298772000009194,
3464,346,ok,1.5339969652063825,0.46742557015563285,-0.06604775733970392,0.09863361067274848,15.000000000001679,0.28004166699247435,
3465,346,ok,1.3300101229237729,0.7546278062209172,0.4668779562600746,0.09919303877225512,15.000000000001679,0.21979387500323355,
3466,346,ok,1.5813253107500584,0.42104279059785743,0.08650935958476928,0.08712119491021154,15.000000000001679,0.23100037497351877,
3467,346,ok,1.6996853686784288,0.30038479923147604,-0.015444151517531663,0.09745134084464939,15.000000000001679,0.2957407080102712,
3468,346,ok,1.87700256428687,0.12507417158834655,-0.08827097084750042,0.12857915682267418,15.000000000001679,0.25084633301594295,
3469,346,ok,1.7981433686657182,0.20185667246945926,0.00038462175185657405,0.09676272150042087,15.000000000001679,0.206938833987806,
3470,346,ok,1.2672102439690953,0.7594914528490267,0.2587669740627577,0.09648634441001146,15.000000000001679,0.2235719590098597,
3471,347,ok,1.9354143635581966,0.0672891879678438,-0.10226277779027318,0.07560123074069178,15.000000000001679,0.2494212919846177,
3472,347,ok,1.7985158656570244,0.20151282580285887,0.010158900945390993,0.09532168200944696,15.000000000001679,0.2639111670141574,
3473,347,ok,2.1245023753060686,-0.11849659118885954,0.15963250233680487,0.10229539591612098,15.000000000001679,0.2236910000210628,
3474,347,ok,2.0327179575745458,-0.03261851488037384,0.020106417173040902,0.0762213678874595,15.000000000001679,0.23336100002052262,
3475,347,ok,1.259226861840395,0.7887203312624682,0.3441712563296138,0.09834243046662054,15.000000000001679,0.24422362499171868,
3476,347,ok,1.2557042663392854,0.7444815756618939,0.021603024099473563,0.09637963821439673,15.000000000001679,0.2097382500069216,
3477,347,ok,1.4425106518953943,0.5589548452830192,0.06500648351039767,0.09617077903004827,15.000000000001679,0.25510629199561663,
3478,347,ok,1.4794497432898799,0.5208543012397886,0.02999241170125954,0.09868658724038261,15.000000000001679,0.20687295802053995,
3479,347,ok,1.9438714981811345,0.05648903747124514,-0.0374371469468654,0.0702387897666399,15.000000000001679,0.21991354200872593,
3480,347,ok,1.9058160519104035,0.09532977413691496,-0.06607688272022569,0.09829842276874654,15.000000000001679,0.2096038750023581,
3481,348,ok,1.517004435770247,0.4845107090751499,-0.0677839747927223,0.0942192636680547,15.000000000001679,0.2193904999876395,
3482,348,ok,1.77671459965654,0.2256790512150494,0.09219511557329303,0.08231771516623444,15.000000000001679,0.26580183298210613,
3483,348,ok,2.0462544129864466,-0.029983318365122472,0.25753611363425016,0.10076794481706351,15.000000000001679,0.23233341597369872,
3484,348,ok,1.8848992630699117,0.1155640352390131,-0.041789073174994064,0.07753956436887553,15.000000000001679,0.270044417004101,
3485,348,ok,1.1115623928520664,0.9006464738982567,0.16429478948121065,0.09644652693754799,15.000000000001679,0.2268971250159666,
3486,348,ok,1.7923509495807306,0.20987933767134206,-0.08938646858979302,0.08620855472070908,15.000000000001679,0.25131099999998696,
3487,348,ok,2.0586313620952676,-0.05714584172817646,0.07819252434017898,0.07516228759901362,15.000000000001679,0.2629363340092823,
3488,348,ok,1.7377966316353342,0.26391981670137965,-0.07721871587214009,0.0819794214223795,15.000000000001679,0.21125520899659023,
3489,348,ok,1.660505035190115,0.4266540801219318,0.5309045001643519,0.10346367456844521,15.000000000001679,0.22786929202266037,
3490,348,ok,2.061116730371862,-0.03757454265049974,0.3106318711294785,0.10000374367134111,15.000000000001679,0.20212395800626837,
3491,349,ok,1.598538439866805,0.4040245309133956,0.09048450588687638,0.1001175589375067,15.000000000001679,0.2660334999964107,
3492,349,ok,2.2198706792244627,-0.20194373599469342,0.2815486032538752,0.07859986618319621,15.000000000001679,0.21046983401174657,
3493,349,ok,1.967492592739406,0.0412429881301487,0.1851973837156481,0.07485938905494373,15.000000000001679,0.22890695900423452,
3494,349,ok,1.7464468384422602,0.25397906159920575,-0.03856737184429361,0.10143806717616242,15.000000000001679,0.2264085419883486,
3495,349,ok,2.053183326133423,-0.051721048919951634,0.07747585514932896,0.07657005157908485,15.000000000001679,0.23124279201147147,
3496,349,ok,1.7745677833572235,0.2256738670137808,0.029284663760060673,0.07653715556449099,15.000000000001679,0.243028917000629,
3497,349,ok,1.453069141727916,0.5696804554245924,0.2561170260789032,0.09943894435671864,15.000000000001679,0.1904177500109654,
3498,349,ok,1.8153205145537155,0.18865980659571063,-0.12014688642523148,0.07940539275844678,15.000000000001679,0.25898262500413693,
3499,349,ok,1.847135222027096,0.15457515667882257,-0.079471228165274,0.0773052051218488,15.000000000001679,0.2773825000040233,
3500,349,ok,1.6387559126647449,0.37882326553876144,-0.2393886733645838,0.08693030625254641,15.000000000001679,0.25106837501516566,
3501,350,ok,1.7865699399552912,0.2158189782969638,0.09235925587921782,0.10154197568399626,15.000000000001679,0.26531837502261624,
3502,350,ok,1.5581069091118305,0.45924919196062886,0.23191396626345553,0.09766939627374888,15.000000000001679,0.24143749999348074,
3503,350,ok,1.6496295772378673,0.37308421704946054,-0.2728053835326894,0.09858133429944957,15.000000000001679,0.21049095899797976,
3504,350,ok,1.7921964028101791,0.20837394942459436,-0.045211073259990624,0.10210722389107156,15.000000000001679,0.18914195799152367,
3505,350,ok,1.5572140349260781,0.44393410708117464,-0.059787017533034226,0.0931274969117023,15.000000000001679,0.20551520900335163,
3506,350,ok,2.1253937553898785,-0.11000273415618618,0.2553176008498229,0.0750419384564807,15.000000000001679,0.21340537501964718,
3507,350,ok,1.9108615371637037,0.08970899363532855,-0.04669138265122857,0.0752614518233527,15.000000000001679,0.22757179199834354,
3508,350,ok,1.305234671821245,0.7492800798479476,0.37327902413497194,0.09719691411482921,15.000000000001679,0.24307262498768978,
3509,350,ok,1.6629349644060332,0.3377832311566207,-0.04886828439766092,0.09814111692087626,15.000000000001679,0.22954054200090468,
3510,350,ok,1.9087362200483988,0.09311322808908226,0.08400474293639248,0.0914884593494843,15.000000000001679,0.19226299997535534,
3511,351,ok,1.9464578300012074,0.05578541530179919,0.09342233469471437,0.09358511898707939,15.000000000001679,0.2348430829879362,
3512,351,ok,1.9606173769794175,0.03938275592521194,0.0007219073590629891,0.07314072547828801,15.000000000001679,0.26823604200035334,
3513,351,ok,0.9747845844285091,1.0375024028107802,0.15428338032477606,0.0960678788371919,15.000000000001679,0.22406362497713417,
3514,351,ok,1.2568474771096578,0.7639013241739682,0.22743272486175486,0.10680969480343673,15.000000000001679,0.278899666009238,
3515,351,ok,1.4261688731224391,0.5857846304343194,0.18426215875087557,0.1067242800781072,15.000000000001679,0.27748824999434873,
3516,351,ok,1.9604154223481316,0.041925783180832336,0.0957809459569424,0.08382327504968376,15.000000000001679,0.24544983397936448,
3517,351,ok,1.5769475735148741,0.44965616913373135,-0.28844003832573506,0.09997889165198189,15.000000000001679,0.2585149590158835,
3518,351,ok,1.238708938523086,0.7625256469166722,0.055290684911568626,0.0983048841818523,15.000000000001679,0.23866224999073893,
3519,351,ok,1.4056561715836233,0.6014688846905452,-0.1413506003610212,0.10087880318626528,15.000000000001679,0.2709494160080794,
3520,351,ok,1.9255310601807034,0.0752619740472638,0.05525753498110015,0.08058274696258069,15.000000000001679,0.2942851659900043,
3521,352,ok,1.4076955514917044,0.6042305362272258,-0.18285067593256665,0.09494547671884514,15.000000000001679,0.2582187909865752,
3522,352,ok,1.8300093345488282,0.213771442467308,-0.3978966006270018,0.0981534197055764,15.000000000001679,0.23162070801481605,
3523,352,ok,1.5550765140693097,0.44516329177415076,0.027308887992041717,0.10047068589831333,15.000000000001679,0.22334883399889804,
3524,352,ok,1.388167021837257,0.6159334797754111,0.10661870431550528,0.09957218867507639,15.000000000001679,0.25995362500543706,
3525,352,ok,1.3975414177661833,0.6366664540503141,-0.3073168671911288,0.10140495591635787,15.000000000001679,0.23593891601194628,
3526,352,ok,1.6896581769033732,0.312192102201504,-0.07905222897206444,0.08506636429802254,15.000000000001679,0.24478649999946356,
3527,352,ok,1.6886560061217037,0.32462417095306767,-0.21136446829163966,0.0821969232882688,15.000000000001679,0.29094570901361294,
3528,352,ok,1.311520495202382,0.6923019456087575,-0.10005902196833891,0.09458759549922188,15.000000000001679,0.23138179199304432,
3529,352,ok,2.1177365813442406,-0.11741621142045484,0.03683497763593819,0.09383892731026364,15.000000000001679,0.26150304201291874,
3530,352,ok,1.5425106381449891,0.45833420144250253,0.05104541456913595,0.08170329492266361,15.000000000001679,0.31099700002232566,
3531,353,ok,2.0515010701843877,-0.050382165637913444,0.06774670325312766,0.10813928405429107,15.000000000001679,0.23897283402038738,
3532,353,ok,1.8192735001655382,0.18158390825163864,0.05584787977339633,0.09600461489807108,15.000000000001679,0.27554654199047945,
3533,353,ok,1.1578276792604085,0.8951722306973108,0.3462954447277451,0.09529789427414992,15.000000000001679,0.2584439170022961,
3534,353,ok,1.7933836554969498,0.21356255438459204,-0.15769016680408177,0.08179374946829819,15.000000000001679,0.251569791988004,
3535,353,ok,2.1509019357623336,-0.15035286013856314,0.04859747071663463,0.09752199897707964,15.000000000001679,0.18818133400054649,
3536,353,ok,1.506511475739056,0.5081306448061317,-0.20952960069379128,0.08719888169641539,15.000000000001679,0.23300204199040309,
3537,353,ok,1.9178564960275055,0.08287411355553051,-0.05293273920181529,0.07439306151025495,15.000000000001679,0.19739374998607673,
3538,353,ok,1.1329378857550245,0.9118832761830076,0.31551584481423467,0.10061907062475123,15.000000000001679,0.21919195802183822,
3539,353,ok,1.143122595737075,0.9161592713467588,0.3633435616562916,0.09437141665526988,15.000000000001679,0.19898625000496395,
3540,353,ok,1.4541610783404608,0.5472312126897027,-0.06361833365674216,0.09323868780363406,15.000000000001679,0.1931426250084769,
3541,354,ok,2.0335886755560124,-0.03320898984801737,0.03929510085062448,0.09910483985354276,15.000000000001679,0.25471124998875894,
3542,354,ok,1.9597081931368174,0.040373176453570137,-0.01785818257548508,0.0612575682053195,15.000000000001679,0.21432766699581407,
3543,354,ok,1.9804141982732628,0.02461845878875405,-0.14109629110721766,0.07242265193434064,15.000000000001679,0.19388733300729655,
3544,354,ok,2.0154753718198974,0.005194578047245629,0.2879102342058156,0.09634705795253198,15.000000000001679,0.18486291699809954,
3545,354,ok,1.906004012493887,0.09795392671449064,0.12276819922916665,0.09124298671912733,15.000000000001679,0.2629190000006929,
3546,354,ok,2.0774808866819874,-0.0766069059396914,-0.060254400109530974,0.11116741106171871,15.000000000001679,0.261575750017073,
3547,354,ok,1.4836062008979372,0.5188258433854971,-0.08491452832187231,0.09824026978017178,15.000000000001679,0.21911912501673214,
3548,354,ok,1.0611751422031859,1.0110947763093143,0.3849144593117112,0.09930152482764175,15.000000000001679,0.24097916699247435,
3549,354,ok,1.888391472162462,0.11160870047658179,-0.0008074776565328881,0.07852343808103418,15.000000000001679,0.24742412500199862,
3550,354,ok,1.8542361785186288,0.14589799182983784,0.022305807018352948,0.0933748857742469,15.000000000001679,0.23262933400110342,
3551,355,ok,2.0281815840808526,-0.025638725617996915,0.10152975564539224,0.07330623011105301,15.000000000001679,0.23725683297379874,
3552,355,ok,1.5972999150495553,0.40271654721922506,-0.007251902511943122,0.08837920675035997,15.000000000001679,0.2098561669990886,
3553,355,ok,1.5527662349473983,0.44928420135682096,-0.07977150011856521,0.09654895119558914,15.000000000001679,0.2165671250259038,
3554,355,ok,2.0622624509091425,-0.06216251729147695,-0.02030193852471517,0.07619300354726595,15.000000000001679,0.2944196249882225,
3555,355,ok,1.4694241672665385,0.5495968158211191,0.2356649882157366,0.09600983431446576,15.000000000001679,0.24499333300627768,
3556,355,ok,2.0269178780803485,-0.025677626801345655,0.07089595727692519,0.07582941705422883,15.000000000001679,0.24473808400216512,
3557,355,ok,2.256503622057113,-0.24360734402165365,0.2409038858320247,0.07923342308643407,15.000000000001679,0.2666360420116689,
3558,355,ok,1.4579447910712275,0.548239896994734,0.13414774367787285,0.10082153561551009,15.000000000001679,0.24900099998922087,
3559,355,ok,1.5647214823867002,0.4354210190076163,-0.02111704712469081,0.08815116714156108,15.000000000001679,0.22963741698185913,
3560,355,ok,1.9790197871677118,0.03317464750618665,0.2193566748219039,0.08004754827980942,15.000000000001679,0.26272004199563526,
3561,356,ok,1.6966807652371736,0.3036801077988713,0.03499203407279891,0.09694559688168874,15.000000000001679,0.22957095899619162,
3562,356,ok,1.7739068913972116,0.2265416187575627,0.03988770922818617,0.07490152095730106,15.000000000001679,0.26299166699755006,
3563,356,ok,1.9757130351621912,0.02446473123901774,-0.026502814780159416,0.07501266571421852,15.000000000001679,0.23019137501250952,
3564,356,ok,1.8672610003620973,0.13306901014184438,0.035104452431385595,0.07776055766233582,15.000000000001679,0.2482174169854261,
3565,356,ok,1.8059549163453261,0.1942250440506789,0.02549447661909176,0.07750712670208053,15.000000000001679,0.21740145899821073,
3566,356,ok,1.617500394757419,0.45273067061660327,0.47145004972940596,0.10278637176592557,15.000000000001679,0.2720812910120003,
3567,356,ok,1.8953286867066366,0.1048807207214162,0.02817353296490887,0.09178007265436829,15.000000000001679,0.23266495901043527,
3568,356,ok,1.797702815039717,0.22932414014777322,0.31055178398827454,0.08280266966467556,15.000000000001679,0.20934945798944682,
3569,356,ok,1.1662695835996326,0.8710895693071812,0.2928241470620462,0.09706258486897713,15.000000000001679,0.23300979199120775,
3570,356,ok,1.8379231921443697,0.16576917895899376,0.1164429275026402,0.10692465224550099,15.000000000001679,0.2075318330025766,
3571,357,ok,1.4393007927346104,0.6083797595036202,0.3673960781054646,0.09565605717343116,15.000000000001679,0.23144487498211674,
3572,357,ok,1.5045258049698513,0.4956348609717951,0.021986957425452838,0.09938260228721428,15.000000000001679,0.2324910000024829,
3573,357,ok,1.2552057174246005,0.7477835425745784,0.08657561324260403,0.10108460951815172,15.000000000001679,0.2025552919949405,
3574,357,ok,1.7870837688896892,0.23089295499581977,0.2528411761275337,0.08147971794782313,15.000000000001679,0.19996883301064372,
3575,357,ok,1.6346220847202202,0.38901877262208057,0.27699972001973394,0.09353781445406022,15.000000000001679,0.2146937090146821,
3576,357,ok,2.0032305965540984,7.125789701406399e-05,-0.11496890658285303,0.07416091900842191,15.000000000001679,0.1972672920092009,
3577,357,ok,1.683140878789718,0.3199978045630065,-0.1027416234050524,0.09671216991541666,15.000000000001679,0.1824245830066502,
3578,357,ok,2.011830382617251,-0.011541313641187687,-0.034103254046487785,0.07750305168449254,15.000000000001679,0.20497650001198053,
3579,357,ok,1.6966346827118506,0.3035629573608994,0.02589607967713468,0.08259371288010894,15.000000000001679,0.2391166670131497,
3580,357,ok,1.9710902936202175,0.02915498836503746,-0.03109478601661891,0.07971497877551378,15.000000000001679,0.1999636249965988,
3581,358,ok,1.7423348836688752,0.25774652415747823,-0.016842587808423327,0.08018870325784769,15.000000000001679,0.2241303750197403,
3582,358,ok,1.0285874152259302,0.9932172273025784,0.21066684447452247,0.09493053191089518,15.000000000001679,0.1936638749903068,
3583,358,ok,1.843611248486727,0.1580882731816691,0.07914307396041144,0.07592137287429149,15.000000000001679,0.23752929200418293,
3584,358,ok,1.6771697575590472,0.3412246712080396,0.24771516760545056,0.09550718987842519,15.000000000001679,0.19952741599990986,
3585,358,ok,1.997952840582869,0.012578277556859623,0.2048669088806108,0.07516793257297558,15.000000000001679,0.2577078329923097,
3586,358,ok,1.3040062036259452,0.7375754347964764,0.3266747560887496,0.09353283567662958,15.000000000001679,0.20284041698323563,
3587,358,ok,1.7253275511639152,0.2922796939450394,0.24585872995040228,0.09586167422436266,15.000000000001679,0.21053095799288712,
3588,358,ok,1.5578984753538951,0.4502057693267337,0.15869940794423051,0.09907051554693619,15.000000000001679,0.22055599998566322,
3589,358,ok,1.4502823726689063,0.565743948448261,0.21500823021774776,0.10007243369074917,15.000000000001679,0.20144583302317187,
3590,358,ok,2.0966792155811844,-0.02408387634978767,0.5469444163266942,0.10032430167718709,15.000000000001679,0.21737699999357574,
3591,359,ok,1.4956770490439457,0.510298132288824,-0.13355965099774614,0.09553519858603829,15.000000000001679,0.20913787497556768,
3592,359,ok,2.071496067775364,-0.06955654196619097,0.0896196318545058,0.14406081612753038,15.000000000001679,0.22960862499894574,
3593,359,ok,2.0485808666520353,-0.04817394942294906,0.04082940261630422,0.07500102860360107,15.000000000001679,0.2428738749877084,
3594,359,ok,1.9087673724076577,0.09208013038205465,-0.05687401062943037,0.07401554301021629,15.000000000001679,0.22365658401395194,
3595,359,ok,2.010399237873637,-0.009350800772182514,0.06491883454814285,0.07933028837474551,15.000000000001679,0.20107333399937488,
3596,359,ok,1.393465734185633,0.6065455525368781,0.0056084930908905746,0.09784232533428727,15.000000000001679,0.2013620829966385,
3597,359,ok,1.8810296323586568,0.12341410339284634,0.12922016277063267,0.08335189723720823,15.000000000001679,0.18446412502089515,
3598,359,ok,1.74218754504728,0.258619510074246,-0.05302293299892596,0.08397061271310821,15.000000000001679,0.22098250000271946,
3599,359,ok,2.033305918433911,-0.0317143758756643,0.08043415194138616,0.0837679209234663,15.000000000001679,0.19775958399986848,
3600,359,ok,0.9593510763336844,1.090862486119596,0.30630616793978677,0.10048578494879132,15.000000000001679,0.19565887498902157,
3601,360,ok,1.0344619144275469,0.9812388361297317,0.17954705063242282,0.09478644973412897,15.000000000001679,0.2296249170030933,
3602,360,ok,1.7309318343008158,0.26918176342230155,-0.019830454509481187,0.08359259354363205,15.000000000001679,0.26236641700961627,
3603,360,ok,1.9651527109928355,0.03918659615559962,-0.13052192469706791,0.07575918080271321,15.000000000001679,0.21029841699055396,
3604,360,ok,1.3030159067108127,0.699589038945576,-0.08235159689350696,0.09947927638390575,15.000000000001679,0.25069654200342484,
3605,360,ok,0.999566596975693,1.0428609712745172,0.2881288973359091,0.1015820617150535,15.000000000001679,0.2602407500089612,
3606,360,ok,1.3989017831203632,0.6415553543153489,0.33399752009264105,0.09090513582929484,15.000000000001679,0.2703663340071216,
3607,360,ok,1.999311817022409,0.004446985254972773,-0.12253941009927763,0.07954701848493038,15.000000000001679,0.21219195798039436,
3608,360,ok,1.893090521416465,0.10760377880803584,0.051266600191923715,0.08319846659813258,15.000000000001679,0.20880925000528805,
3609,360,ok,2.006961316885477,-0.004961732054763541,-0.0895666258751024,0.08082332045644587,15.000000000001679,0.21114029199816287,
3610,360,ok,1.6200918976936811,0.380855195378227,0.05538825361964009,0.09408984153504786,15.000000000001679,0.21192516697919928,
3611,361,ok,2.0789259151359234,-0.0775732824816827,-0.07498144131732985,0.08419061623089252,15.000000000001679,0.23318391700740904,
3612,361,ok,1.826181409384307,0.1747052081872197,0.05689870791145806,0.07437073164915164,15.000000000001679,0.23865616699913517,
3613,361,ok,1.1724301359555283,0.9025485651811019,0.4125442666074033,0.09752057687797165,15.000000000001679,0.2256700419820845,
3614,361,ok,1.7375292812150789,0.2658313985524329,-0.10801511391086502,0.08000593168671363,15.000000000001679,0.2142560840002261,
3615,361,ok,1.7993753406220487,0.2007158824983985,-0.018118524917814717,0.09517643414743501,15.000000000001679,0.21898795900051482,
3616,361,ok,1.0541144516214227,1.0145723693847373,0.37428553530309194,0.1006792469162576,15.000000000001679,0.1938896659994498,
3617,361,ok,1.4477612726003104,0.6160307384738657,0.4250197472966131,0.10013337933340481,15.000000000001679,0.209905666008126,
3618,361,ok,1.7732534030382556,0.22918365838656343,-0.09293608374339202,0.07798763757767453,15.000000000001679,0.20470649999333546,
3619,361,ok,1.894196361224452,0.10821704685860653,0.09558824760179398,0.09782019046626751,15.000000000001679,0.20918370797880925,
3620,361,ok,1.5787648168598918,0.42906861086409787,0.1570761521752829,0.09280399111029437,15.000000000001679,0.22861558399745263,
3621,362,ok,1.3686755191608955,0.6538675906084044,-0.2473867683121402,0.09579549132096656,15.000000000001679,0.24185283298720606,
3622,362,ok,1.8227092752623442,0.17790640852233724,-0.04737136290430852,0.07247119281997665,15.000000000001679,0.2034377089876216,
3623,362,ok,1.9703609730836067,0.02979303329277249,0.02463478413306647,0.07346835063378515,15.000000000001679,0.19698854099260643,
3624,362,ok,1.8761816089911425,0.12966680585670343,-0.14802423045679247,0.07714986785992108,15.000000000001679,0.22743366597569548,
3625,362,ok,1.0697864083615007,0.9451023145534775,0.17785902494551506,0.0971238917484496,15.000000000001679,0.21254033298464492,
3626,362,ok,1.9071621508050791,0.09286867838850707,-0.010843965688640983,0.07665705672184918,15.000000000001679,0.2398843749833759,
3627,362,ok,1.8140143864247729,0.18624059974637017,-0.030414341150808818,0.09443061250056883,15.000000000001679,0.2356208749988582,
3628,362,ok,1.8764262319273128,0.12372052969389549,0.023468131003076906,0.0835313132423043,15.000000000001679,0.22516237499075942,
3629,362,ok,1.8008861179810898,0.22147895096346168,0.28293760455438033,0.09443498126180813,15.000000000001679,0.21490037499461323,
3630,362,ok,1.7850943460531512,0.21517768047391292,-0.0311626704960663,0.07892199274156107,15.000000000001679,0.2334324999828823,
3631,363,ok,1.6991211490990898,0.30383618832410053,-0.10020480665564575,0.09646786530491508,15.000000000001679,0.2186519999813754,
3632,363,ok,1.8007968185955139,0.19941182394879764,-0.027411715165745674,0.07368938054154846,15.000000000001679,0.21361658300156705,
3633,363,ok,1.7756347884571375,0.22827225767978573,0.11772726562755191,0.09622704833458598,15.000000000001679,0.2086433340155054,
3634,363,ok,1.5251803487508,0.4768925331176297,-0.07949050599147707,0.08443931188554665,15.000000000001679,0.22478724998654798,
3635,363,ok,1.3279242157655722,0.6943082355026136,-0.24197466590598157,0.09527365061302041,15.000000000001679,0.22626304198638536,
3636,363,ok,1.978844252970008,0.02147856276824021,0.035742130977331754,0.0756210139215833,15.000000000001679,0.2919190829852596,
3637,363,ok,1.9905933979050048,0.011516108547945336,-0.09161817078880152,0.07519856153705064,15.000000000001679,0.23400362499523908,
3638,363,ok,2.2423676066993106,-0.23809593611275598,0.1383440072065278,0.07965311192323149,15.000000000001679,0.22361612500390038,
3639,363,ok,1.179859528234119,0.8474069603850418,0.25218602537807183,0.09895855984975573,15.000000000001679,0.20154012501006946,
3640,363,ok,2.171482514384509,-0.16772475910716966,0.12769369221473606,0.08015575384180781,15.000000000001679,0.23863162501947954,
3641,364,ok,1.935303630906723,0.06471013828199808,-0.007300337818430546,0.09841454772824504,15.000000000001679,0.22183150000637397,
3642,364,ok,1.141781085288012,0.8602338250454301,0.06780201435724034,0.09869025479280324,15.000000000001679,0.1997879999980796,
3643,364,ok,1.0901637500712003,0.9470773303894718,0.282508148182564,0.09732969749394033,15.000000000001679,0.21656412500306033,
3644,364,ok,1.9533115746498944,0.046688498530546116,0.0005346853256307496,0.10350439199179148,15.000000000001679,0.2613555419957265,
3645,364,ok,2.032729552546102,-0.02986932810321384,0.10779584695193233,0.07601872637592659,15.000000000001679,0.2673438749916386,
3646,364,ok,1.3889082290503993,0.6274818758095263,0.21274413621197577,0.10070229359475386,15.000000000001679,0.20439683299628086,
3647,364,ok,1.63530039219544,0.36763653975413685,0.09796380131820324,0.10159032014346261,15.000000000001679,0.20542154199210927,
3648,364,ok,1.4168241981442928,0.5853718361692002,-0.07885408387596675,0.09443871722797932,15.000000000001679,0.18243841599905863,
3649,364,ok,1.9082547768957332,0.09201801279618206,0.03226499730597396,0.09908748437380069,15.000000000001679,0.2077571249974426,
3650,364,ok,1.4085556368795795,0.6882010431714989,0.5130423754904601,0.098379109853427,15.000000000001679,0.22412354100379162,
3651,365,ok,1.7329624341243772,0.2683274718986111,-0.06685097983748038,0.08127801387719463,15.000000000001679,0.25381054100580513,
3652,365,ok,2.2294966948721977,-0.22685180916627376,0.10856579783221615,0.08704788762517804,15.000000000001679,0.2318380830110982,
3653,365,ok,1.9962063010069908,0.008319273474546572,0.1343409087622034,0.07924740640504438,15.000000000001679,0.23566395899979398,
3654,365,ok,1.3123281412789212,0.6918667702469541,0.10484561797449006,0.09572658632158312,15.000000000001679,0.21456200000829995,
3655,365,ok,1.7383449473797163,0.2616572587360401,0.002769472059935454,0.08152988288427725,15.000000000001679,0.2383442500140518,
3656,365,ok,2.0927134241641316,-0.08605060780720951,-0.1668602329614141,0.09386178840044179,15.000000000001679,0.21641404199181125,
3657,365,ok,1.8569124319770245,0.1441655716981955,0.06326416648105235,0.10787343822948557,15.000000000001679,0.2112237919936888,
3658,365,ok,1.9969685034704372,0.0036371865427677597,0.04918049306465058,0.09226096738516706,15.000000000001679,0.22528616699855775,
3659,365,ok,1.778603368023725,0.221412875200951,0.007601331751079024,0.08277250105797054,15.000000000001679,0.2078200829855632,
3660,365,ok,1.224545592966856,0.8571451650202975,0.43976668293319576,0.09844178451642284,15.000000000001679,0.2217044589924626,
3661,366,ok,1.4429447580538945,0.5968236331360637,0.3364307629657788,0.09957443764226334,15.000000000001679,0.21070091699948534,
3662,366,ok,2.004614957805239,-0.0002299409912081036,0.13251910133564354,0.08295956687650584,15.000000000001679,0.2237734590016771,
3663,366,ok,1.5982212477724638,0.40188368285214116,0.01831375704589013,0.09304108709381945,15.000000000001679,0.2025654159951955,
3664,366,ok,1.980561663979191,0.04797245117907646,0.33498201961926083,0.07466277565181689,15.000000000001679,0.213960875000339,
3665,366,ok,1.753487997245201,0.24667938607519985,-0.0242276963277245,0.1000381816728609,15.000000000001679,0.214266958006192,
3666,366,ok,1.9867012882683583,0.01763506741176587,-0.1311917789024915,0.07260174118665105,15.000000000001679,0.20153629200649448,
3667,366,ok,1.4594844895177292,0.5455024372337622,-0.12054797820743801,0.09819844816157289,15.000000000001679,0.20857129199430346,
3668,366,ok,1.5580087847414434,0.4477177140271875,0.1334581506934991,0.10007834535968833,15.000000000001679,0.25472458300646394,
3669,366,ok,1.0668784649622824,1.0347149676401137,0.4543726062410117,0.09590762544711112,15.000000000001679,0.2329107080004178,
3670,366,ok,1.7427289632885397,0.26013067990627786,-0.09979473173147704,0.09261536209126865,15.000000000001679,0.2115337909781374,
3671,367,ok,1.9146243596881267,0.08539162546790673,-0.007823738412379377,0.08893266064518664,15.000000000001679,0.24480308301281184,
3672,367,ok,2.0987869459190804,-0.09315430764854907,0.15366095383233938,0.07328400075936561,15.000000000001679,0.2490080840070732,
3673,367,ok,1.7022199378537495,0.2979828154370778,-0.026272043683868204,0.07384421784803197,15.000000000001679,0.1913840000052005,
3674,367,ok,1.9845891573985934,0.01874518617891932,0.11499341883279493,0.07558302463634466,15.000000000001679,0.25239016601699404,
3675,367,ok,1.536639312013817,0.4750210572460448,-0.1889433761297973,0.10179879208826674,15.000000000001679,0.21809204199234955,
3676,367,ok,1.962647912185292,0.03738796765871881,-0.011867506667856647,0.07446265993938908,15.000000000001679,0.22695954202208668,
3677,367,ok,1.7477235233892499,0.2535449814607247,-0.06657614007370487,0.08274650595900031,15.000000000001679,0.2712366249761544,
3678,367,ok,1.3009767230127276,0.7016600623676249,0.08278792284926056,0.0977950180727455,15.000000000001679,0.2135496669798158,
3679,367,ok,1.3323558510873108,0.7278365887147354,0.3959449064120307,0.09669687723928332,15.000000000001679,0.22583904198836535,
3680,367,ok,1.5385626205383278,0.4886441976612242,0.28806002161820604,0.08411378042585285,15.000000000001679,0.22621437499765307,
3681,368,ok,1.5814100708440477,0.4187711701736876,0.023941593369839274,0.09459588226988687,15.000000000001679,0.2083056670089718,
3682,368,ok,1.7257903321847208,0.30503607274485944,0.32472997392615144,0.09358893079979823,15.000000000001679,0.23015124999801628,
3683,368,ok,1.179185438583052,0.8217448122383995,0.046829596188522754,0.09983636434316612,15.000000000001679,0.20257287498679943,
3684,368,ok,2.1290477376364536,-0.12495408912968324,0.13196358674247619,0.07501974244894308,15.000000000001679,0.20027216701419093,
3685,368,ok,1.6590185173351324,0.34394050285516464,0.09904232820998941,0.0934193924856365,15.000000000001679,0.2075527920096647,
3686,368,ok,1.908515776942438,0.09325491438221645,-0.08219275704481926,0.07779434150417912,15.000000000001679,0.24715099998866208,
3687,368,ok,1.8029109029802566,0.1971268088901367,-0.011661083243962629,0.07568693400345176,15.000000000001679,0.22306041701813228,
3688,368,ok,1.850517339878358,0.15196012001428866,0.0957237022522213,0.09446399202816208,15.000000000001679,0.20010074999299832,
3689,368,ok,1.1107693724683567,0.9035666676061087,0.17788351927419732,0.10045327461526456,15.000000000001679,0.20298983401153237,
3690,368,ok,1.5325983157228695,0.4865779920323661,0.24168455299375566,0.10312242465315431,15.000000000001679,0.22411420801654458,
3691,369,ok,1.8503754682036542,0.2212735113594696,0.5099229862816747,0.09270902789031582,15.000000000001679,0.2137721250182949,
3692,369,ok,2.0044217407352667,-0.0025565401081829495,0.0864512487020347,0.10078154016760485,15.000000000001679,0.20752154200454243,
3693,369,ok,1.7692574507599292,0.23088624811169167,0.02254905650345148,0.08006833837575103,15.000000000001679,0.3344124169962015,
3694,369,ok,1.7822624637824818,0.21942767933763682,0.07759961790530154,0.07730469883843472,15.000000000001679,0.2463577919988893,
3695,369,ok,1.4195004058440122,0.6070122726144178,0.27306884396515524,0.09376574402699651,15.000000000001679,0.21958704097778536,
3696,369,ok,1.5088159920068245,0.4961332863076746,-0.12210898895570126,0.09820487397234298,15.000000000001679,0.22546212500310503,
3697,369,ok,1.5943301190023376,0.4095894413499945,0.11172637688829702,0.09038531067096457,15.000000000001679,0.2493042910064105,
3698,369,ok,1.0698633972393212,0.9632710683575829,0.2641984311990401,0.09374534236578756,15.000000000001679,0.21661445801146328,
3699,369,ok,1.8055114140208013,0.20347395282854902,-0.1799044968696301,0.08028902857314849,15.000000000001679,0.23894825001480058,
3700,369,ok,1.4993694756293845,0.5023939589069765,-0.07269780004110538,0.09951717510194047,15.000000000001679,0.19662937501561828,
3701,370,ok,1.8437366633804626,0.15769539808581107,0.07265423359394065,0.07849637096273086,15.000000000001679,0.2030484169954434,
3702,370,ok,1.5749624060343368,0.4622596847002987,0.3403840523929437,0.10079848868287473,15.000000000001679,0.1923042499984149,
3703,370,ok,1.6769410350863216,0.3466587913101491,0.28034636220997555,0.10762005838710281,15.000000000001679,0.19853483399492688,
3704,370,ok,1.7318225598969377,0.26917030550174637,0.05863401411351639,0.10227497241063987,15.000000000001679,0.19114362497930415,
3705,370,ok,1.3928390222595606,0.6085264764835717,-0.061660159598758583,0.0868336844558085,15.000000000001679,0.20967250000103377,
3706,370,ok,1.896997837144543,0.10410202752586957,0.06458848271600172,0.07199871639812375,15.000000000001679,0.20519433298613876,
3707,370,ok,1.601188643810494,0.4104420102930527,0.19264078079809158,0.1047176999310581,15.000000000001679,0.19503379199886695,
3708,370,ok,1.7393680129938935,0.2610144862033542,0.03647557308310965,0.07602362108205,15.000000000001679,0.24086633301340044,
3709,370,ok,1.428730422309484,0.5715035453233277,0.025855340044460242,0.09884096198836295,15.000000000001679,0.20185233300435357,
3710,370,ok,1.8104437895078218,0.19109316674388688,0.07458407046268171,0.07258732332993147,15.000000000001679,0.2094135420047678,
3711,371,ok,1.9950624782172737,0.006109562553937199,-0.06837554717585125,0.1013786406621484,15.000000000001679,0.22068654099712148,
3712,371,ok,1.9999239357646788,7.649745750344699e-05,-0.0013163672113308369,0.07923789489484724,15.000000000001679,0.24984791700262576,
3713,371,ok,2.0948292536149813,-0.0942849104304607,0.04775265169995835,0.10179301320857069,15.000000000001679,0.22908545800601132,
3714,371,ok,2.0221595547213043,-0.02165991542034987,-0.04494942861981383,0.0944706038018615,15.000000000001679,0.2313557080051396,
3715,371,ok,1.3575268294166252,0.655459610205557,0.1873238714028786,0.097788712159862,15.000000000001679,0.25069429201539606,
3716,371,ok,2.004642537524949,-0.0027116462424542588,-0.08796456820393388,0.07312320457152617,15.000000000001679,0.2138948329957202,
3717,371,ok,1.1806818693687064,0.8212965958701083,0.06832248347790125,0.09882378420059149,15.000000000001679,0.22411408298648894,
3718,371,ok,1.7357948212311107,0.28705326886725147,0.28070831429506016,0.10879480010971103,15.000000000001679,0.2340917909750715,
3719,371,ok,1.2489835380380705,0.7520146814878292,0.04992517469345778,0.09739637335768503,15.000000000001679,0.22642983400146477,
3720,371,ok,1.676087583425909,0.3239788926489637,-0.014927659840366744,0.10127715225154581,15.000000000001679,0.21823866598424502,
3721,372,ok,1.9071195042675155,0.0936392591301934,-0.05379153490927692,0.07656894486926817,15.000000000001679,0.2598091659892816,
3722,372,ok,1.1226370667848835,0.877478227362048,0.016088930142076775,0.09772605569910266,15.000000000001679,0.22367700000177138,
3723,372,ok,1.8218643720302468,0.17862743799102299,0.04232942751822465,0.10031235188794173,15.000000000001679,0.19621062502847053,
3724,372,ok,1.8328636742430087,0.16724309672234006,-0.01978337301026755,0.07659701339096872,15.000000000001679,0.1935561249847524,
3725,372,ok,1.8662792651051918,0.14430235627519664,-0.19845541170698064,0.07670927994485321,15.000000000001679,0.20239191700238734,
3726,372,ok,1.0757054197719544,0.9303545895509651,0.11402125254562141,0.09431476045054202,15.000000000001679,0.20139170798938721,
3727,372,ok,2.146819520945208,-0.14406580308605932,0.1087009086822375,0.07322237362125787,15.000000000001679,0.2128225000051316,
3728,372,ok,1.979007101156129,0.021162378124579734,0.025899279465199154,0.058378701136443494,15.000000000001679,0.18711050000274554,
3729,372,ok,1.2674751462484866,0.7352608912485658,0.08323600874771779,0.08953898620007637,15.000000000001679,0.20277633401565254,
3730,372,ok,1.329204580140926,0.6799960227611546,0.15612275920327837,0.10027532862117058,15.000000000001679,0.205892333004158,
3731,373,ok,2.2568876263011193,-0.2511754304998866,0.16047099072651777,0.07727408502287265,15.000000000001679,0.2114618750056252,
3732,373,ok,2.0303654860065348,-0.023903818808870114,-0.16185592042746963,0.09911238807249907,15.000000000001679,0.20696854099514894,
3733,373,ok,1.9719402367375962,0.03722813132080427,0.18993390636299082,0.07513746657641876,15.000000000001679,0.2081832919793669,
3734,373,ok,1.3579951938670194,0.6777960768959561,0.3097220242317278,0.1029850802746414,15.000000000001679,0.1943278340040706,
3735,373,ok,1.7064291577822854,0.31316282388908323,-0.2578387321945795,0.09465097251405936,15.000000000001679,0.22176374998525716,
3736,373,ok,1.888009330814876,0.1142778039899523,0.09290335149540867,0.08895417820454181,15.000000000001679,0.20488387500518002,
3737,373,ok,2.0985792356741486,-0.09457748371956429,0.1295375354779913,0.07340066624368775,15.000000000001679,0.2089346669963561,
3738,373,ok,1.8261722274776033,0.1934828019551503,0.2672089399303394,0.0886506103889919,15.000000000001679,0.21291037497576326,
3739,373,ok,1.8798628971494844,0.12057638060780872,-0.04063706374738018,0.07807488905574718,15.000000000001679,0.2058468330069445,
3740,373,ok,1.7866707815277605,0.21427275092003642,-0.05805750130968675,0.0805079969483531,15.000000000001679,0.19377304200315848,
3741,374,ok,1.6413859297142088,0.4331399959259582,0.4889759686292077,0.09458123740961676,15.000000000001679,0.20031754099181853,
3742,374,ok,1.8108677227952077,0.18952457514405355,-0.03769145067759182,0.08225737248213312,15.000000000001679,0.20784904199535958,
3743,374,ok,1.5763173929182737,0.4236858722013649,-0.0032083826284762997,0.09881600001165665,15.000000000001679,0.193763334013056,
3744,374,ok,2.0085405826511082,-0.005231201201978178,0.11525234003057545,0.09739902954657162,15.000000000001679,0.2015601669845637,
3745,374,ok,1.5936795318637633,0.40662979499567137,-0.03139809048283227,0.08472787626229338,15.000000000001679,0.19898929199553095,
3746,374,ok,1.0049689017913501,0.9998206224898448,0.09799850188197148,0.09725982245463906,15.000000000001679,0.21011124999495223,
3747,374,ok,1.922632722090948,0.0844239638926472,0.16457531390245164,0.07466197878839874,15.000000000001679,0.21539945801487193,
3748,374,ok,1.7400558414392822,0.26890817818662804,-0.1763956795894658,0.08465599435696529,15.000000000001679,0.21098087498103268,
3749,374,ok,1.8102629935015804,0.1900923938383208,-0.03586868828661621,0.07887737238704616,15.000000000001679,0.20098875000257976,
3750,374,ok,1.5489565631836157,0.4517275055657114,-0.04602952973717224,0.1025645905923585,15.000000000001679,0.19106379101867788,
3751,375,ok,2.0651370187292404,-0.06361181542642391,-0.07935478157208821,0.08422741733750375,15.000000000001679,0.20961054100189358,
3752,375,ok,1.6645980682213872,0.41279400361078866,0.501661094517509,0.1040966159729338,15.000000000001679,0.2175240840006154,
3753,375,ok,1.780460732935676,0.21964824376562564,0.01969887303943071,0.08083756404744266,15.000000000001679,0.2169564589858055,
3754,375,ok,2.052403067875396,-0.05240040679216338,0.0033050300602786536,0.1028162347475667,15.000000000001679,0.21202183302375488,
3755,375,ok,1.491524172345552,0.5623322945427078,0.3971850014492596,0.09338865459526433,15.000000000001679,0.2015151249943301,
3756,375,ok,2.055952965308501,-0.05574345414628113,0.029350405372603767,0.08255637216122301,15.000000000001679,0.21468545802053995,
3757,375,ok,1.2976755457645626,0.7057441950203573,0.09414740225759029,0.09905010787946202,15.000000000001679,0.20054487499874085,
3758,375,ok,1.079646581976893,0.9854862708765455,0.36932185880937246,0.09690123274703286,15.000000000001679,0.19790241599548608,
3759,375,ok,2.0652084768723773,-0.0641643790415035,0.06566177915446275,0.10475636969995479,15.000000000001679,0.20408774999668822,
3760,375,ok,2.179867992214308,-0.15892172752554726,0.3014654837598242,0.09822528216453372,15.000000000001679,0.21762066698283888,
3761,376,ok,1.92903081385634,0.07799310563547343,0.16446695358789057,0.07478372129728128,15.000000000001679,0.208387374994345,
3762,376,ok,1.8936869814993236,0.10746098758776401,-0.06592776651561819,0.07447617140422846,15.000000000001679,0.21748079100507312,
3763,376,ok,1.2126023680247426,0.7874285337488293,0.008656914733304493,0.09617729619805923,15.000000000001679,0.20466079202014953,
3764,376,ok,2.087081616895275,-0.08003267328549526,0.17138772898603621,0.10522792049487861,15.000000000001679,0.18704891702509485,
3765,376,ok,2.0374897933462943,-0.03748913398993409,-0.0016391654194101682,0.08611531829411802,15.000000000001679,0.2009142499882728,
3766,376,ok,1.839499421969585,0.16154705508270387,0.062039445124523376,0.0959876943548787,15.000000000001679,0.20896783299394883,
3767,376,ok,1.791159414671139,0.20886236534954536,-0.00883303480301609,0.07897683280476327,15.000000000001679,0.2104719170019962,
3768,376,ok,1.6358294270478426,0.3933287375366029,-0.3074823064339578,0.08943887060837306,15.000000000001679,0.19838325001182966,
3769,376,ok,2.1398407475549877,-0.13146320727158994,0.18916400541380987,0.09946703633697507,15.000000000001679,0.2006763750105165,
3770,376,ok,1.1860320518661518,0.853546433443824,0.30383588955957436,0.10239721140048082,15.000000000001679,0.2049129999941215,
3771,377,ok,2.2161969907918326,-0.18120597609067282,0.39226214686241245,0.07908991887634544,15.000000000001679,0.21557270901394077,
3772,377,ok,1.4849123078037731,0.5443274150917741,0.29322668264285084,0.09214288481189334,15.000000000001679,0.18434112501563504,
3773,377,ok,1.6620059193991994,0.33862278640089716,-0.04571028605970079,0.08521434990402056,15.000000000001679,0.21483416701084934,
3774,377,ok,1.7308948019858814,0.2806481189142757,-0.19956433686589686,0.08430991308042174,15.000000000001679,0.21834708299138583,
3775,377,ok,1.2952187078729196,0.7266324239549573,0.23691035752192824,0.09779737595260773,15.000000000001679,0.21067620799294673,
3776,377,ok,2.086961835946739,-0.08622830380479608,0.055327832977146704,0.09705623361624847,15.000000000001679,0.1894034580036532,
3777,377,ok,1.6970515819581813,0.3030150565684774,-0.015039068903279032,0.0871508453298736,15.000000000001679,0.20382420902024023,
3778,377,ok,1.6836773968917707,0.31688979207281814,0.04369902488120457,0.10287944526712493,15.000000000001679,0.19663616598700173,
3779,377,ok,2.1812392241395355,-0.17897017920649522,0.09946613018338551,0.07790589115521937,15.000000000001679,0.206467124982737,
3780,377,ok,2.1735055135163655,-0.1710569418297253,0.10314054788975788,0.08757608970119792,15.000000000001679,0.18915600000764243,
3781,378,ok,2.035420905026949,-0.002212480512202738,0.366174061754648,0.07936119228384714,15.000000000001679,0.21584958300809376,
3782,378,ok,1.9596834453768555,0.04032047159740521,0.003918168435146655,0.0782257530960403,15.000000000001679,0.23444370899233036,
3783,378,ok,1.450926296944454,0.5501799469583667,0.056647444455171135,0.09483721637996187,15.000000000001679,0.20124037499772385,
3784,378,ok,1.8229879995783513,0.1821651029912852,-0.13697274847207555,0.0744472094066638,15.000000000001679,0.20345499998074956,
3785,378,ok,1.2113244027929038,0.8003078220543286,0.16746786849290476,0.09578213619198787,15.000000000001679,0.18769945899839513,
3786,378,ok,1.5025437983445618,0.5060332093508083,0.16031560866321545,0.09764830390018171,15.000000000001679,0.1959954589838162,
3787,378,ok,1.983695544866916,0.01636770963410712,-0.015841443829803722,0.08655272948649244,15.000000000001679,0.21553033299278468,
3788,378,ok,1.6408561382566258,0.5640629805233884,0.7940363609754106,0.09705657386680593,15.000000000001679,0.1861786670051515,
3789,378,ok,1.7787910515750025,0.22854539544800576,0.16138831796273412,0.08110784030992492,15.000000000001679,0.19896616699406877,
3790,378,ok,2.0337169835692954,-0.011767452846840578,0.29798739054585416,0.09945358111479954,15.000000000001679,0.18803700001444668,
3791,379,ok,1.8755344723032097,0.12659789036830302,-0.08940968865389026,0.10034215436254822,15.000000000001679,0.20630650001112372,
3792,379,ok,1.1736784209807711,0.8362510180860605,0.15234612883229207,0.09618404676534485,15.000000000001679,0.20416791702155024,
3793,379,ok,1.4334373101187896,0.567288795607093,-0.04561936921547155,0.09691084323290819,15.000000000001679,0.20811158398282714,
3794,379,ok,1.7660668092568845,0.24650065864399048,0.2103141331980177,0.09987328734757446,15.000000000001679,0.21277933300007135,
3795,379,ok,2.221868670308321,-0.13601251669143496,0.6116787691551738,0.09952390907540588,15.000000000001679,0.23950112497550435,
3796,379,ok,1.9642663976968562,0.03578934897178442,-0.014798631973842616,0.09711012900116969,15.000000000001679,0.24902966601075605,
3797,379,ok,1.9107310540930504,0.0909488590073735,0.08010556878451451,0.07480535545033683,15.000000000001679,0.23034520898363553,
3798,379,ok,2.0782573223735508,-0.07788308632525712,-0.03943827535155199,0.10257649029701653,15.000000000001679,0.2254476660164073,
3799,379,ok,1.2110429003448813,0.7904324409481828,0.05975974033721047,0.09864426268335794,15.000000000001679,0.25293929199688137,
3800,379,ok,1.781948491373953,0.2311500554429152,0.21566246671663727,0.08574486320718365,15.000000000001679,0.25880808298825286,
3801,380,ok,2.0454182388299023,-0.04470001644510252,-0.05419976464355436,0.09922877871530204,15.000000000001679,0.28380283300066367,
3802,380,ok,1.4483090693146687,0.5528611060562743,-0.05820809131428341,0.09895064679913058,15.000000000001679,0.24145262499223463,
3803,380,ok,1.2293163426704605,0.7812933698180548,-0.16116085103784944,0.09977438560086233,15.000000000001679,0.2158519589866046,
3804,380,ok,1.9503850067099058,0.05165733649596482,0.0892330654455035,0.0715892017559563,15.000000000001679,0.18136774998856708,
3805,380,ok,1.705085791033107,0.29491430876495023,0.0005833767981386969,0.09512789357768758,15.000000000001679,0.2308428329997696,
3806,380,ok,1.6093403297468436,0.39355500270935817,0.09649231901840329,0.080445185042421,15.000000000001679,0.2106686670158524,
3807,380,ok,2.041957618086339,-0.041739200480459045,0.029865553439557317,0.09065698963198322,15.000000000001679,0.23279341700254008,
3808,380,ok,2.216921379112117,-0.20949713439584153,0.18128103668320156,0.07915663070804184,15.000000000001679,0.2166597910108976,
3809,380,ok,1.6676582953869652,0.36819046131565514,-0.34392124044865896,0.09369732303903619,15.000000000001679,0.19857433400466107,
3810,380,ok,1.974448296620423,0.0255523546136905,-0.001603638284689136,0.06864741706468121,15.000000000001679,0.16868945898022503,
3811,381,ok,1.8365765721249927,0.16735295463282665,0.12007627736300984,0.10566422482094937,15.000000000001679,0.21431670800666325,
3812,381,ok,1.6053681551868757,0.4211400223294868,0.29053069476112053,0.09456738652669495,15.000000000001679,0.1856827499868814,
3813,381,ok,1.7438175467825445,0.2676040672341758,0.19925854712689592,0.08365071740632868,15.000000000001679,0.20404145799693651,
3814,381,ok,1.3852156459706348,0.6148659886886505,-0.015038502264970815,0.09438851748428856,15.000000000001679,0.19559091702103615,
3815,381,ok,1.7068876378132027,0.2969411659284746,-0.11426292404131938,0.09553428594212063,15.000000000001679,0.20918345800600946,
3816,381,ok,1.5036973411408832,0.5180812491201996,0.25499511670817065,0.10224088895696308,15.000000000001679,0.19387120901956223,
3817,381,ok,1.9425916739637263,0.05888235727220741,-0.07566180571523635,0.07946089013344351,15.000000000001679,0.20559529101592489,
3818,381,ok,1.9110313043000524,0.09092260141008361,-0.08639520940374561,0.08371563663238407,15.000000000001679,0.2314176670042798,
3819,381,ok,1.9273919700460003,0.07264353057472853,-0.011698117897995818,0.06539766284864287,15.000000000001679,0.2038540829962585,
3820,381,ok,1.5007709527016928,0.5027050216710852,-0.10208428059285847,0.10219814063829333,15.000000000001679,0.20992029199260287,
3821,382,ok,1.6696226779725012,0.33795057925983973,0.15884460902833458,0.09540070134165053,15.000000000001679,0.2028568749956321,
3822,382,ok,1.9127373799857004,0.08803992390469519,-0.05452478530171414,0.07469070417980136,15.000000000001679,0.21326458398834802,
3823,382,ok,1.8430674610008744,0.15693472472070824,0.0028384608291223837,0.08363251827223056,15.000000000001679,0.21152691601309925,
3824,382,ok,1.6678707017601173,0.36617736679236423,0.3352853724937206,0.08604586279535868,15.000000000001679,0.22275108398753218,
3825,382,ok,2.0466870885790325,-0.04632187120698501,0.038663134586569545,0.07509915873217188,15.000000000001679,0.22885237500304356,
3826,382,ok,1.82239127746046,0.1777192048004854,-0.020066679122163332,0.078129443607789,15.000000000001679,0.21751387501717545,
3827,382,ok,2.1480287587444407,-0.14378141465458302,-0.13501405324920016,0.09131161988205291,15.000000000001679,0.17849645798560232,
3828,382,ok,1.7396669768944277,0.2603473095440683,-0.007050325271599924,0.10063573425691993,15.000000000001679,0.18735579098574817,
3829,382,ok,1.5915677541817854,0.40995024369905175,-0.06949596131105754,0.0945320422384825,15.000000000001679,0.20838345898664556,
3830,382,ok,1.6354530802765583,0.3645820400496067,-0.01071793159973706,0.0984320504556181,15.000000000001679,0.18015341702266596,
3831,383,ok,1.9847741194332398,0.018836151066206043,-0.11965830037999074,0.08608964102186102,15.000000000001679,0.20244970798376016,
3832,383,ok,1.3099600172387016,0.7095918512978453,0.22548183192243376,0.09644021359194117,15.000000000001679,0.19915904200752266,
3833,383,ok,1.4762888181217533,0.5323397143426046,0.15937992475646187,0.09898318610746527,15.000000000001679,0.19457220801268704,
3834,383,ok,1.3337458361522043,0.7822680000314275,0.5440650068749905,0.09592630139678811,15.000000000001679,0.20462029197369702,
3835,383,ok,1.9223083693871093,0.08080431075978421,0.1093497755713303,0.07311167616228255,15.000000000001679,0.2089510420046281,
3836,383,ok,0.9382876797028612,1.1145013364790974,0.31028355867637336,0.10161505178852118,15.000000000001679,0.1871587919886224,
3837,383,ok,1.1748853439740792,0.8574954978789908,0.2739325357059929,0.10253543543122697,15.000000000001679,0.19387550000101328,
3838,383,ok,1.2404878949588067,0.7717036805137188,-0.17348881541986153,0.10037155089320816,15.000000000001679,0.20073216597666033,
3839,383,ok,1.733270555491496,0.2688619143064532,-0.08595200285671886,0.09993429543494776,15.000000000001679,0.19182424998143688,
3840,383,ok,1.8719565245615133,0.13211897127855288,0.12345724924413438,0.07447360995547068,15.000000000001679,0.22167829098179936,
3841,384,ok,2.1954288653387946,-0.1568847298852624,-0.4095804740836239,0.07945953269824642,15.000000000001679,0.20765083300648257,
3842,384,ok,1.7737480926603368,0.23058725168359984,0.12393878453327936,0.09317865897133584,15.000000000001679,0.20016741700237617,
3843,384,ok,0.996462551034773,1.0385393993940866,0.26178450889470845,0.09886453544292328,15.000000000001679,0.20463158300844952,
3844,384,ok,1.8529616269132616,0.154830864325305,0.1697576259451681,0.07819516569384337,15.000000000001679,0.19458058301825076,
3845,384,ok,1.7802102562290114,0.22687593745655282,0.15868085962832534,0.09776644557011586,15.000000000001679,0.2034814170037862,
3846,384,ok,2.117489903112564,-0.11567741607030141,0.0875931556329942,0.07872671635194545,15.000000000001679,0.2041575829789508,
3847,384,ok,1.354700234384089,0.6482791471179813,0.08979677568941065,0.09845639602961934,15.000000000001679,0.20921337499748915,
3848,384,ok,1.4375257659834677,0.5644761628912526,-0.07583957383143845,0.10065613335630764,15.000000000001679,0.2224714999902062,
3849,384,ok,1.5025760492590492,0.5063457506036224,0.1634985231342369,0.09960028436900885,15.000000000001679,0.2154310829937458,
3850,384,ok,1.405795632769833,0.5942513828285573,-0.011497235985735484,0.08624834960751393,15.000000000001679,0.2297534999961499,
3851,385,ok,1.420641911982084,0.5855726631343247,-0.13273564256515408,0.09811185723540668,15.000000000001679,0.2007797909900546,
3852,385,ok,1.5412087418642373,0.4784062619754876,-0.24510585958588726,0.09725260490329984,15.000000000001679,0.18545591700240038,
3853,385,ok,1.7427753490576814,0.27704163248227587,-0.26206942035228525,0.09123188468078114,15.000000000001679,0.21468883400666527,
3854,385,ok,1.8826711716213007,0.11733007355370723,0.0021652964305295484,0.07786861788629372,15.000000000001679,0.19855787500273436,
3855,385,ok,1.7101002656671245,0.29800425915178846,-0.16629316513109196,0.08214825787345552,15.000000000001679,0.21406374999787658,
3856,385,ok,1.934066779963693,0.06599138377252751,-0.014999390555122833,0.07936003995227608,15.000000000001679,0.2151077919988893,
3857,385,ok,1.873304809649258,0.12715497524150787,-0.04150208539827751,0.07896574091330834,15.000000000001679,0.2216392080008518,
3858,385,ok,1.4568340677527751,0.5737944672544464,0.297158677024698,0.09941757609807021,15.000000000001679,0.19428395899012685,
3859,385,ok,2.085532042768782,-0.08529234748741941,-0.03161845862368052,0.10459700410918249,15.000000000001679,0.2152048330171965,
3860,385,ok,1.1288681623393264,0.8883746609651602,0.19655135094688345,0.09681732543026972,15.000000000001679,0.20091220800532028,
3861,386,ok,1.5692498181107466,0.4312541777644296,0.0397685410727561,0.09394421659000017,15.000000000001679,0.19955166699946858,
3862,386,ok,1.7430055092636905,0.2587311903710781,-0.07778906052302159,0.08206794671297415,15.000000000001679,0.2018944589945022,
3863,386,ok,2.116812747637977,-0.057153441922045516,0.4990149546365554,0.10637797273743049,15.000000000001679,0.18906958398292772,
3864,386,ok,1.995488638994569,0.00542203882504612,0.0602798901090657,0.11018341337634524,15.000000000001679,0.20397479200619273,
3865,386,ok,1.898203249152568,0.10519262486265585,-0.11349267032938194,0.07756547370270783,15.000000000001679,0.22032525000395253,
3866,386,ok,1.7557030899142287,0.2643906483838621,0.26486509493887506,0.08298284021820405,15.000000000001679,0.20723779199761339,
3867,386,ok,1.697197450288587,0.3239900271924835,0.2673382806779241,0.10357290838312844,15.000000000001679,0.20676862497930415,
3868,386,ok,1.9420805738788571,0.060270808868468785,0.09553858126352131,0.07594496206654512,15.000000000001679,0.2531584159878548,
3869,386,ok,1.5087810125833807,0.5028645792158439,0.18709803784534995,0.09871133289502027,15.000000000001679,0.21015550001175143,
3870,386,ok,1.642310831519823,0.39199132100529216,-0.3339056088253486,0.09997082777631018,15.000000000001679,0.2168867500149645,
3871,387,ok,1.5595807683148672,0.44147140956131997,0.057278317737279746,0.09129479387215428,15.000000000001679,0.2326572499878239,
3872,387,ok,1.5935073112603886,0.4134023347944132,0.14823427337998885,0.09961512837891714,15.000000000001679,0.22468570800265297,
3873,387,ok,0.9603874513399949,1.079148177921675,0.27271959677727553,0.09865249793636116,15.000000000001679,0.20820225001079962,
3874,387,ok,1.2013051880165864,0.8044366524784106,0.11731341278190206,0.0979069104507955,15.000000000001679,0.21597008398384787,
3875,387,ok,1.7203518070853647,0.28031882057183943,0.04803104477783608,0.09477487171088839,15.000000000001679,0.20468895800877362,
3876,387,ok,0.994802788251505,1.087730959337116,0.3967338969145317,0.09943864706171945,15.000000000001679,0.21582345801289193,
3877,387,ok,1.5649430235183033,0.46844937870837994,-0.3215577106521646,0.09512332519538584,15.000000000001679,0.19796637500985526,
3878,387,ok,1.961892218288135,0.045727380646302794,0.17274144095722463,0.100591767954064,15.000000000001679,0.2004468750092201,
3879,387,ok,1.7677239997131766,0.23888878785250178,0.15275941087317646,0.09474480556464003,15.000000000001679,0.1982849579944741,
3880,387,ok,1.520200791381127,0.4797999771081816,0.0015285664916797573,0.097154233853126,15.000000000001679,0.1896152080153115,
3881,388,ok,1.7695264825213248,0.2311760402374589,0.049857514120313,0.10159713078202491,15.000000000001679,0.20680862499284558,
3882,388,ok,1.7862846805496813,0.22262055722635138,0.17814397652491878,0.08111774409135193,15.000000000001679,0.19407612501527183,
3883,388,ok,1.759278335580411,0.24154658683998267,0.05386887587899473,0.08166577715369214,15.000000000001679,0.19439533300464973,
3884,388,ok,1.9850692765955555,0.020302486479266805,0.14593761627294444,0.07923762090303994,15.000000000001679,0.22093179199146107,
3885,388,ok,1.8388136938415187,0.16269148877721284,-0.07438571937808842,0.09836797934908181,15.000000000001679,0.20880595801281743,
3886,388,ok,1.702348077914059,0.30643542243976785,-0.17270784582908535,0.09014071897108805,15.000000000001679,0.1992180420202203,
3887,388,ok,1.5258227212469033,0.5643594208138736,0.5167892259591225,0.08772957093951761,15.000000000001679,0.19548837500042282,
3888,388,ok,1.864516046440501,0.13560826876119034,-0.02153044176208288,0.08184451394296907,15.000000000001679,0.2498612919880543,
3889,388,ok,1.863948122230943,0.13606054615728594,-0.005684608762557489,0.09737585758933662,15.000000000001679,0.25307716699899174,
3890,388,ok,1.8146562796509682,0.19098360091389893,-0.1429583194999489,0.07898791549890814,15.000000000001679,0.22474350000265986,
3891,389,ok,1.132574579160291,0.8677490333686466,0.027072604648913076,0.0963725307189911,15.000000000001679,0.2228135830082465,
3892,389,ok,1.836857526427283,0.16359843185447676,-0.040924966771152406,0.08397675435576757,15.000000000001679,0.21935879098600708,
3893,389,ok,1.107139527215701,0.8983955905163286,0.11056969625325712,0.09769999753344287,15.000000000001679,0.2075382499897387,
3894,389,ok,1.248327836656814,0.7525898331118872,0.047856695628217365,0.09857978053878198,15.000000000001679,0.20277387500391342,
3895,389,ok,1.5433053428328847,0.4692139008176871,0.19617670546404173,0.0916517825005425,15.000000000001679,0.1960872079944238,
3896,389,ok,2.040249713298947,0.001119486551034675,0.4087732691486044,0.10098133535345497,15.000000000001679,0.18913949999841861,
3897,389,ok,1.711606782673785,0.3256537279270591,0.3551933835115055,0.09269485468207991,15.000000000001679,0.19644133301335387,
3898,389,ok,1.4754568753795216,0.5293834811627849,-0.11941543295492417,0.08794033994416457,15.000000000001679,0.2060487090202514,
3899,389,ok,1.9292442500397677,0.08544073595515636,0.23758409200022854,0.08171888941796798,15.000000000001679,0.22882158300490119,
3900,389,ok,1.7477160001322511,0.26015152875938036,0.16564574923599407,0.09459579038798092,15.000000000001679,0.2089534580009058,
3901,390,ok,1.4308584515322913,0.5691525806347935,-0.0056187914461523145,0.09379758800368722,15.000000000001679,0.18811762498808093,
3902,390,ok,1.939957375018637,0.060044453011136104,-0.0026631928842621253,0.08143577104992947,15.000000000001679,0.22599825001088902,
3903,390,ok,1.5158851058054472,0.4919972060960458,0.15438661723303596,0.10321699188268792,15.000000000001679,0.18651904200669378,
3904,390,ok,1.8985508027658926,0.10155249489078219,-0.019804570876489565,0.07392609547169376,15.000000000001679,0.2007751249766443,
3905,390,ok,1.6860643939030548,0.31442920576627675,-0.040795073403184494,0.07209164431014682,15.000000000001679,0.19508974999189377,
3906,390,ok,1.767711370288002,0.25076564865659606,0.25491699183402294,0.10961141626320944,15.000000000001679,0.20519595898804255,
3907,390,ok,1.8666289258570112,0.15896614546189944,0.3080550166620933,0.09140083503639111,15.000000000001679,0.20104479198926128,
3908,390,ok,1.326001978174276,0.6742498802919801,0.025843107712962658,0.09894065832921296,15.000000000001679,0.18457720801234245,
3909,390,ok,1.1701698105125797,0.8522995908099247,0.2282129623399605,0.09880543482497807,15.000000000001679,0.20441120798932388,
3910,390,ok,1.620591327395039,0.4127222168686913,0.3269028748814735,0.08951884651650387,15.000000000001679,0.19934279198059812,
3911,391,ok,1.8949010728541515,0.10509926417443365,-0.001130164387274431,0.07500564442241303,15.000000000001679,0.22385374997975305,
3912,391,ok,1.5821671248732132,0.4201470490755031,0.08554217956498712,0.09899295803035885,15.000000000001679,0.18402387498645112,
3913,391,ok,1.3829437177233295,0.6595966599451859,0.34037069844556633,0.09356936670236023,15.000000000001679,0.2046804580022581,
3914,391,ok,1.6099229306158362,0.41086150869181054,0.2578579026623268,0.08964280553344847,15.000000000001679,0.22120295799686573,
3915,391,ok,1.5076429448782591,0.49864074991254037,0.13750509597106153,0.09261424215905462,15.000000000001679,0.1935924999997951,
3916,391,ok,1.8895236447976933,0.11411404033293994,0.11719108916727179,0.080450577944308,15.000000000001679,0.2043084579927381,
3917,391,ok,1.7524238083965336,0.24763756478809207,0.014666284232952362,0.07662543426596653,15.000000000001679,0.2227240409993101,
3918,391,ok,1.9131283951838436,0.09618500555752564,0.18854369094379805,0.0807312932163283,15.000000000001679,0.21022899998934008,
3919,391,ok,1.3368092686451045,0.6716064850397914,0.1497654504454251,0.10079256201346204,15.000000000001679,0.18817437498364598,
3920,391,ok,1.5125382719583678,0.5061304466478326,-0.2369088046194183,0.09168404280923934,15.000000000001679,0.2070275829755701,
3921,392,ok,1.7841747806728654,0.21590179682662206,0.0165302577896384,0.09790273947722454,15.000000000001679,0.1909542909997981,
3922,392,ok,1.7631538914100606,0.23752044937520853,-0.04875939318606341,0.08270472871405316,15.000000000001679,0.2053010830131825,
3923,392,ok,1.8863749332963236,0.11396810350401915,0.03597324517586565,0.11008156808752964,15.000000000001679,0.2276687500125263,
3924,392,ok,1.940897950346842,0.061052418623690353,0.0869892541382606,0.08561497375986407,15.000000000001679,0.21220237499801442,
3925,392,ok,2.1004421975899628,-0.09064029392852849,0.20268346459192438,0.0750107788026426,15.000000000001679,0.2278038749936968,
3926,392,ok,1.7970486212410992,0.20647872694122202,0.11253972716403696,0.09828078283570846,15.000000000001679,0.19910608301870525,
3927,392,ok,1.9114929413809376,0.09355539823556043,0.1388317159455121,0.09430631027902497,15.000000000001679,0.2258277919900138,
3928,392,ok,1.3646146150223062,0.6552348378082227,-0.23190451933457354,0.09893642977602678,15.000000000001679,0.180877667007735,
3929,392,ok,1.39149056386721,0.635983070460501,0.2751432449854493,0.08850967984953205,15.000000000001679,0.23403216700535268,
3930,392,ok,1.583703424055905,0.43500547287512314,-0.24271107398629393,0.0978110519581573,15.000000000001679,0.21592366599361412,
3931,393,ok,1.986235511649119,0.01377346905929076,-0.005972899067756428,0.07734386267216031,15.000000000001679,0.21294987498549744,
3932,393,ok,1.9029310929172754,0.11518974109665633,0.2619867025710394,0.07734733342962916,15.000000000001679,0.2144732919987291,
3933,393,ok,1.9671923989990967,0.03298274927246948,0.02625014324015775,0.09202491397965432,15.000000000001679,0.208453791012289,
3934,393,ok,1.7302311971014623,0.2698124112963945,0.012284271210071916,0.10261581101575179,15.000000000001679,0.19521979099954478,
3935,393,ok,1.5207083040353617,0.4924092356836633,0.19930838745569693,0.1009303807687904,15.000000000001679,0.19495779101271182,
3936,393,ok,1.633116020492932,0.37479187403303715,-0.16051941839423522,0.08562349773997546,15.000000000001679,0.20562654198147357,
3937,393,ok,1.0266869805216179,1.0416018459565224,0.36818356060347346,0.09504746287242938,15.000000000001679,0.19768041701172478,
3938,393,ok,1.4449083028103407,0.5669823991614906,0.184987997495247,0.10065688907836932,15.000000000001679,0.19218633300624788,
3939,393,ok,1.339389346546408,0.6614077118510354,-0.04620073322073023,0.09558326014282209,15.000000000001679,0.2734202080173418,
3940,393,ok,1.7791511893773462,0.2246745317229656,-0.11661233360907267,0.08133253734879863,15.000000000001679,0.19746670802123845,
3941,394,ok,1.872587612512206,0.12784628592267439,0.040309271894180425,0.09138241624229862,15.000000000001679,0.17935020799632184,
3942,394,ok,2.076736824699905,-0.07581510904857604,-0.06186656698326264,0.09210344805551894,15.000000000001679,0.20252012499258853,
3943,394,ok,1.3972247811852334,0.7277153438656779,0.5775195606412766,0.09590254979449284,15.000000000001679,0.1894176250207238,
3944,394,ok,1.463918258350268,0.5412099088505432,-0.12242604745494494,0.10031392745283518,15.000000000001679,0.22226016700733453,
3945,394,ok,1.950892632973496,0.04934498881750772,-0.030448197629584128,0.0990297118989885,15.000000000001679,0.22790962498402223,
3946,394,ok,0.9226628954941967,1.1293210672768577,0.305327717107086,0.0979705692497358,15.000000000001679,0.2064609999943059,
3947,394,ok,1.6853359279237383,0.31540935439225365,0.05011533379559752,0.0786342101195009,15.000000000001679,0.20538891598698683,
3948,394,ok,1.4405728492207037,0.6196975611981527,0.41232912988234205,0.10153912867076276,15.000000000001679,0.20247083299909718,
3949,394,ok,1.859680938457316,0.14308947144966572,-0.10147158134375495,0.09786043827846594,15.000000000001679,0.1950983749993611,
3950,394,ok,1.9282635935646568,0.07591566313034642,0.12688558184344223,0.0781340392013441,15.000000000001679,0.2264953329868149,
3951,395,ok,1.7345367128958888,0.26906985592643123,-0.1117964432400667,0.09399621045159394,15.000000000001679,0.20717849998618476,
3952,395,ok,1.9032429990352802,0.09728802843348613,0.044956274693052724,0.07745396720176154,15.000000000001679,0.20460870800889097,
3953,395,ok,2.030133975966535,-0.02674237334858564,0.11730009568211777,0.07568788547343065,15.000000000001679,0.2299880830105394,
3954,395,ok,2.0362729763797933,-0.03344311626174457,0.10731601587063953,0.0973317325355715,15.000000000001679,0.21663762498064898,
3955,395,ok,1.604504691224261,0.423755437789165,0.2998139160570006,0.09481951793064723,15.000000000001679,0.2158837089955341,
3956,395,ok,1.6375386680111055,0.36582237618018915,0.10486364021061902,0.09858989086430556,15.000000000001679,0.19276254199212417,
3957,395,ok,1.4388634477860938,0.5643872715557272,0.09666496419942189,0.1023496349537703,15.000000000001679,0.20301216701045632,
3958,395,ok,1.2925948939860372,0.71175732739488,0.10598290634811139,0.092625508554724,15.000000000001679,0.20828737498959526,
3959,395,ok,1.4827949219684562,0.5180170910885709,0.049065653056480786,0.09917775153852999,15.000000000001679,0.19961066599353217,
3960,395,ok,1.8159544595398305,0.18472689148932286,-0.04974073421835054,0.0764567072067639,15.000000000001679,0.21821879199706018,
3961,396,ok,1.6353626785955055,0.3655222692296046,0.05379254742737363,0.1023347825513434,15.000000000001679,0.19821487501030788,
3962,396,ok,1.6680370474417479,0.3341646972759578,-0.0856757599119055,0.1019954718675538,15.000000000001679,0.19449095899472013,
3963,396,ok,1.933532299002326,0.06648362196135554,-0.007846473191294742,0.07637665815241759,15.000000000001679,0.204888917010976,
3964,396,ok,1.3070274435343832,0.6937766145801233,0.045838908519529216,0.10138401369875723,15.000000000001679,0.1952502909989562,
3965,396,ok,2.038967857649909,-0.03062684814265022,-0.18424040852024126,0.08347211180755486,15.000000000001679,0.18570520900539123,
3966,396,ok,2.151530900846803,-0.15132363011011912,0.029863955338749467,0.08046876626869319,15.000000000001679,0.1991997910081409,
3967,396,ok,1.4301709989244928,0.5698308483659646,0.002298668976929094,0.09795294846212453,15.000000000001679,0.18597362501895986,
3968,396,ok,1.3527015433509617,0.7172445916959633,0.4293483758567367,0.09802506600022369,15.000000000001679,0.22439333397778682,
3969,396,ok,1.3790313387697364,0.6379639161215429,0.21583590878741143,0.10156293801315805,15.000000000001679,0.17376279199379496,
3970,396,ok,1.8391125682047147,0.1622800776315579,0.0715578469398571,0.07957660293099234,15.000000000001679,0.2173376250138972,
3971,397,ok,1.7803674793562425,0.22585866542829297,-0.14876453378888077,0.08645215274969191,15.000000000001679,0.2315264589851722,
3972,397,ok,1.803104744633019,0.2008716416155633,-0.11968237203125132,0.07311461399068649,15.000000000001679,0.2076477920054458,
3973,397,ok,1.9995635912114118,0.006385826605627483,0.15413332845089409,0.140476111755931,15.000000000001679,0.1903659169911407,
3974,397,ok,2.0639985053634495,-0.062403022694802586,0.08113939931928983,0.07885766643303707,15.000000000001679,0.19055412500165403,
3975,397,ok,1.6828135620560372,0.318403663037879,0.06399409469087944,0.09183317214077628,15.000000000001679,0.2232310410181526,
3976,397,ok,1.9501789629291892,0.05018197817928913,-0.03751891835777917,0.07064781971207837,15.000000000001679,0.1865998749854043,
3977,397,ok,1.8433812085129568,0.1572347688219757,-0.04765063126645953,0.07768007153225105,15.000000000001679,0.200611582986312,
3978,397,ok,1.8957171215500022,0.10496171992106612,0.05072792104257531,0.0760186633479982,15.000000000001679,0.19855479101534002,
3979,397,ok,2.1497349602657727,-0.14804235013229597,0.0852904533169244,0.07850845752833592,15.000000000001679,0.19574374999501742,
3980,397,ok,1.8245182121880226,0.1809112047716447,0.14065085026557742,0.09298713375327929,15.000000000001679,0.20210870800656267,
3981,398,ok,1.872482022953353,0.128169342143572,-0.049385368200029596,0.09811788077667272,15.000000000001679,0.192918707994977,
3982,398,ok,2.0680625453481243,-0.0670363033017487,-0.06514301424099907,0.08113815627264973,15.000000000001679,0.20521695801289752,
3983,398,ok,1.7064490703895994,0.30071512116304616,0.15620285013279064,0.11030023390339738,15.000000000001679,0.18086558301001787,
3984,398,ok,2.0077900735384797,-0.005318362617350617,0.09959540124584616,0.07732881461896114,15.000000000001679,0.2307886249909643,
3985,398,ok,1.7185867396255439,0.2820980969489648,-0.04851219548101878,0.07705002575025317,15.000000000001679,0.20174045901512727,
3986,398,ok,1.119916954152811,0.9157333585552548,0.2803209490013922,0.09533776480080214,15.000000000001679,0.19400966601097025,
3987,398,ok,2.157756753576664,-0.15438700438681338,-0.12054394607327915,0.11814008111355072,15.000000000001679,0.19106295800884254,
3988,398,ok,1.1341269035018304,0.8681955116112612,0.07254263098175827,0.09534865395181841,15.000000000001679,0.18085270799929276,
3989,398,ok,1.7091366552905882,0.31931453956361217,-0.3105551312337724,0.08764131530720344,15.000000000001679,0.1850165000068955,
3990,398,ok,2.0039927093534033,-0.0012794651994210175,0.10424625323105424,0.07232124779228354,15.000000000001679,0.18713025000761263,
3991,399,ok,1.5849606895534385,0.4177883848514975,-0.0933101940780235,0.0922576439553926,15.000000000001679,0.18068833398865536,
3992,399,ok,1.066438264342405,0.948760241548649,0.17940329401877547,0.09896479683844538,15.000000000001679,0.17771908399299718,
3993,399,ok,2.1381001459744247,-0.1315765371877559,0.166894278890893,0.07737950589667782,15.000000000001679,0.19795712499762885,
3994,399,ok,1.9412093416474951,0.058819087375382634,-0.010505834634096144,0.09825270497807378,15.000000000001679,0.18070549998083152,
3995,399,ok,1.6767172377996538,0.33178128729571127,0.16860314978595847,0.09862359458643001,15.000000000001679,0.19791570800589398,
3996,399,ok,1.902801795771878,0.09723696431195622,-0.0121451229678245,0.07285475899678576,15.000000000001679,0.18763166599092074,
3997,399,ok,2.218976699873121,-0.21120206999596058,0.18558825454587494,0.07353392924037352,15.000000000001679,0.18179566599428654,
3998,399,ok,1.876567526886988,0.1251976537017638,0.0813747213904578,0.07743480141734979,15.000000000001679,0.19859454198740423,
3999,399,ok,2.0592592768360096,-0.057790011751544544,0.07777555381187251,0.07983722087277453,15.000000000001679,0.18507629100349732,
4000,399,ok,1.9482246836249864,0.05206765580294426,-0.03374907875247792,0.08501220069933013,15.000000000001679,0.19511870798305608,
4001,400,ok,1.848046286360691,0.2651998272217115,0.6369799345818997,0.10250509199794415,15.000000000001679,0.18289504101267084,
4002,400,ok,1.7892176617886337,0.2183957416017994,0.1648821024665295,0.09147879646020363,15.000000000001679,0.19341491698287427,
4003,400,ok,1.7424852433203903,0.25855704925419093,0.060260040549686485,0.09568379035563204,15.000000000001679,0.1847012090147473,
4004,400,ok,1.3417742781004058,0.6654720468277315,-0.13926002862882486,0.09121983108389974,15.000000000001679,0.1792483750032261,
4005,400,ok,1.8060255587946026,0.1939752849396543,0.0017457406891453339,0.07944559117660326,15.000000000001679,0.21261404099641368,
4006,400,ok,1.4105514767048273,0.5959676273333694,0.13545687482841337,0.09831491301662562,15.000000000001679,0.1795991669932846,
4007,400,ok,1.8603770195527705,0.14056247520765933,-0.059116379068602495,0.071502120963953,15.000000000001679,0.1964089579996653,
4008,400,ok,1.7133809776183748,0.2938335615513473,0.1570683251834641,0.1014196874877517,15.000000000001679,0.18075724999653175,
4009,400,ok,1.4444301932920316,0.5556587351041128,0.01602790730583042,0.09400417443374577,15.000000000001679,0.17886675000772811,
4010,400,ok,2.111583951470883,-0.10985729378041167,-0.08537554679758047,0.09925221871890734,15.000000000001679,0.1991588750097435,
4011,401,ok,1.3848801206547492,0.6234349029491724,0.15153046613192286,0.10170385622803071,15.000000000001679,0.19169270800193772,
4012,401,ok,1.8037273169938493,0.19627290026025593,0.0008852876829954431,0.07636769255126881,15.000000000001679,0.19108387498999946,
4013,401,ok,1.8241029938462578,0.18478647638494708,-0.17986549375548708,0.08127820882762399,15.000000000001679,0.25212858300074004,
4014,401,ok,1.6742205656043487,0.35057234400339954,0.28705907044736545,0.0997555713360369,15.000000000001679,0.24475370900472626,
4015,401,ok,1.7642272903942855,0.24422709844377183,-0.17250927607750877,0.09505087383671586,15.000000000001679,0.20137108300696127,
4016,401,ok,1.1026662108391894,0.8973343130449375,-0.0010748666781039617,0.10017557512726236,15.000000000001679,0.20603645898518153,
4017,401,ok,1.8719548161294095,0.12871914900939344,0.050227585507997496,0.09843721675033573,15.000000000001679,0.21010733299772255,
4018,401,ok,2.0899018347153353,-0.08258779959859923,0.17469326177500347,0.08750598695025463,15.000000000001679,0.18921570901875384,
4019,401,ok,1.8773769574921495,0.12686771958251183,0.1261732958294314,0.07983971321557704,15.000000000001679,0.20195954199880362,
4020,401,ok,1.0222610639898195,0.9876057702505778,-0.14168841349832492,0.09780495474228645,15.000000000001679,0.1940488750115037,
4021,402,ok,1.5883513767186304,0.4621465429603268,0.3973246035612375,0.10401107792389959,15.000000000001679,0.17926345800515264,
4022,402,ok,1.8329540222056997,0.17416537364872978,0.1613950579688567,0.08658397269861098,15.000000000001679,0.19117025000741705,
4023,402,ok,1.5511830154765078,0.45518668140962215,0.14042990496534377,0.09978116457708176,15.000000000001679,0.19039345800410956,
4024,402,ok,1.9617842113201833,0.04174449328135529,0.11761233860126334,0.0749663108179639,15.000000000001679,0.20945099997334182,
4025,402,ok,1.9358866264269947,0.06510576203828562,0.061978369464245134,0.07404491161440747,15.000000000001679,0.20103045800351538,
4026,402,ok,1.5101328041233555,0.5162796004075669,0.2812025283007597,0.09629112011787276,15.000000000001679,0.18301979202078655,
4027,402,ok,1.8052715620205821,0.1951592621723107,0.0394375926982632,0.0781949834476571,15.000000000001679,0.19435870798770338,
4028,402,ok,2.0064338844288674,-0.00639358465057012,0.012716762848652129,0.12143681672462958,15.000000000001679,0.1861234579992015,
4029,402,ok,1.3509705828811251,0.6517963869204756,0.08642067744170594,0.0934280128381364,15.000000000001679,0.1873972499743104,
4030,402,ok,1.9509637347447086,0.04956759080728842,0.04552923741659563,0.07572685603877236,15.000000000001679,0.1876570000022184,
4031,403,ok,1.7586689205928165,0.25194712923709883,0.19294437871231657,0.08245945306524234,15.000000000001679,0.19292074997792952,
4032,403,ok,1.07143140619264,0.9406871657624063,0.16069093750256855,0.09600233892163834,15.000000000001679,0.17919145798077807,
4033,403,ok,1.821751650862937,0.2245821569861797,0.4082530589352518,0.09881995157883101,15.000000000001679,0.18289487500442192,
4034,403,ok,1.5985203751066848,0.41724477330218485,0.22394928441940676,0.0995727182875594,15.000000000001679,0.18840166699374095,
4035,403,ok,1.988767810472575,0.011576354220261978,-0.03699741715167743,0.10605404321461676,15.000000000001679,0.18134370900224894,
4036,403,ok,1.7509883432934952,0.25521563241664247,0.14726740639544603,0.08045091368059652,15.000000000001679,0.18533670899341814,
4037,403,ok,1.9705103385839484,0.034528884948372564,0.14083426558880963,0.10879174201874696,15.000000000001679,0.19185654100147076,
4038,403,ok,1.1658906083607883,0.879278493059087,0.32137861556733704,0.1007449996328991,15.000000000001679,0.18511541598127224,
4039,403,ok,1.8142704743418172,0.18573558896344575,0.004690513262703856,0.07436434888647242,15.000000000001679,0.19070462498348206,
4040,403,ok,2.0358074216434936,-0.03560156687195796,-0.02895028440547983,0.09866703550708211,15.000000000001679,0.19092774999444373,
4041,404,ok,2.0549130919196816,-0.05021226477005089,0.13891538694242878,0.08215677677897104,15.000000000001679,0.20847912502358668,
4042,404,ok,1.936404558965869,0.0636398608697918,0.013115928157861686,0.07643824745084524,15.000000000001679,0.20696570799918845,
4043,404,ok,1.9723423497668386,0.03610993481929252,-0.18240108708089334,0.08016129380940536,15.000000000001679,0.2024306250095833,
4044,404,ok,2.0668822854712445,-0.05907160563492734,0.17951742217076674,0.07712147782715266,15.000000000001679,0.20190833299420774,
4045,404,ok,1.7927366862225036,0.2155758057294693,-0.17243874573311502,0.08143811015948399,15.000000000001679,0.1937356670096051,
4046,404,ok,0.9247455002595515,1.1013568557555211,0.21816218634924997,0.09876523011007737,15.000000000001679,0.18447074998402968,
4047,404,ok,1.667739699906,0.3427259617495988,0.18654347692632417,0.08884512084423007,15.000000000001679,0.19829166700947098,
4048,404,ok,1.6669000683719717,0.340018767042328,0.151717316634624,0.09765851536456736,15.000000000001679,0.19820441599586047,
4049,404,ok,1.7099873364319071,0.2902160279830347,0.026371571651638816,0.08520437764149111,15.000000000001679,0.18422758398810402,
4050,404,ok,1.8914157373551232,0.13843444279803638,0.3347045977484728,0.09105818900258167,15.000000000001679,0.19022625000798143,
4051,405,ok,1.469147313463342,0.5428016579290911,0.18699417242884775,0.09636449462985942,15.000000000001679,0.18897341599222273,
4052,405,ok,1.775047805270527,0.22945222438440804,-0.12631423220838808,0.08032958565671779,15.000000000001679,0.18972333398414776,
4053,405,ok,1.6426118474944722,0.364559004042188,-0.15331806896032368,0.09103897834062466,15.000000000001679,0.19922820798819885,
4054,405,ok,1.8749982501225282,0.12506429257289167,0.015314404244112673,0.0790045465038176,15.000000000001679,0.20943716701003723,
4055,405,ok,1.8775774555915707,0.12247028687390113,-0.013389476253583188,0.09857500794755247,15.000000000001679,0.2023787919897586,
4056,405,ok,2.076108292403367,-0.07607153160138055,-0.012354653387387015,0.10393355173694106,15.000000000001679,0.17017866700189188,
4057,405,ok,1.515956433601181,0.48652027257404684,-0.08661999334723285,0.09296580734193834,15.000000000001679,0.1804574170091655,
4058,405,ok,1.500212644043431,0.519737487237411,-0.24384599782971206,0.08934975586174632,15.000000000001679,0.19944437500089407,
4059,405,ok,1.761677401068582,0.2470762925833022,0.17540165738171573,0.0997790503783887,15.000000000001679,0.17623395801638253,
4060,405,ok,1.4100876855528284,0.5948390820411591,0.11777128507747411,0.10024238182904795,15.000000000001679,0.1827607919985894,
4061,406,ok,1.9775592514175182,0.02385932795845564,-0.07489083502143555,0.07633401583355058,15.000000000001679,0.18504762501106597,
4062,406,ok,1.2082251135122368,0.861835759328285,0.4054504731503415,0.10065799278059835,15.000000000001679,0.18697104099555872,
4063,406,ok,1.882144009546884,0.1210800935499865,0.1101183809320372,0.07828469078069575,15.000000000001679,0.20419541699811816,
4064,406,ok,1.755548516622493,0.24475091186318343,0.03242272058772585,0.0815050103975978,15.000000000001679,0.2080711250018794,
4065,406,ok,2.1231691566185673,-0.1230893111822039,0.01841315725979966,0.0752025081893205,15.000000000001679,0.2113454579957761,
4066,406,ok,1.716499760242848,0.29239542684377046,-0.1745223442705428,0.08187760710626237,15.000000000001679,0.19248516697552986,
4067,406,ok,1.0909487167740488,0.9091820084177885,-0.01688821694242555,0.09815225425346484,15.000000000001679,0.18972187500912696,
4068,406,ok,1.7153666539965955,0.2882107125751281,0.11072575626711674,0.10426033548726295,15.000000000001679,0.179331125022145,
4069,406,ok,1.1990221387952626,0.8013591032130473,-0.030233919212293105,0.09790081544623756,15.000000000001679,0.17679754199343733,
4070,406,ok,1.7930933226516372,0.22328329281800768,-0.24178793633733575,0.08449138808529912,15.000000000001679,0.19997687501017936,
4071,407,ok,1.8073869111751064,0.19454092177271573,-0.08345635706030005,0.0770855334468999,15.000000000001679,0.19919412501621991,
4072,407,ok,1.9112082405482875,0.09450238545346096,0.14763393816169051,0.09911293667847704,15.000000000001679,0.18474887500633486,
4073,407,ok,1.828208550366136,0.17195484771655117,-0.024442275770291184,0.09424427328333664,15.000000000001679,0.1853303340030834,
4074,407,ok,1.8758846387224106,0.1251229662780672,-0.06147589947903059,0.09863410251468657,15.000000000001679,0.20499804100836627,
4075,407,ok,1.913486718473884,0.0909245879383827,0.12985566155435438,0.07655905835248218,15.000000000001679,0.1956650000065565,
4076,407,ok,1.9252396803111795,0.08019511157942845,0.14455800580102499,0.07849427954025452,15.000000000001679,0.217498957994394,
4077,407,ok,1.9799754118148967,0.022248230872031045,-0.09381135913501498,0.10483582952336896,15.000000000001679,0.17640637498698197,
4078,407,ok,1.7499088564733623,0.313643022921946,0.4673126917001914,0.103422258465253,15.000000000001679,0.18481891698320396,
4079,407,ok,1.3538322706587602,0.7155505886860543,0.4278452136606332,0.10095079464777605,15.000000000001679,0.1730725829838775,
4080,407,ok,1.606986451058744,0.3960771337618153,-0.09918111233830555,0.08716698304310395,15.000000000001679,0.20390454100561328,
4081,408,ok,1.9938324431131398,0.012210573094552996,0.1551161032692152,0.09775438308229942,15.000000000001679,0.20965254100156017,
4082,408,ok,1.9875764097846575,0.013334308421457662,0.06016157110000934,0.12327348408344786,15.000000000001679,0.18701754198991694,
4083,408,ok,1.4573747990780581,0.5524270273074406,-0.168741796001572,0.09673989455243114,15.000000000001679,0.19234687500284053,
4084,408,ok,1.7327117684678748,0.27484096019012577,0.1616055690542341,0.0912356412048279,15.000000000001679,0.1787442920031026,
4085,408,ok,1.1332597387436125,0.883500716364057,0.19418286509799787,0.101416743715364,15.000000000001679,0.1862516250112094,
4086,408,ok,1.9351286485623804,0.06663991216237744,0.08271431099492876,0.09211077165642177,15.000000000001679,0.20343016702099703,
4087,408,ok,1.8621540145874589,0.1490759643773108,-0.20420036336502384,0.08039525556415866,15.000000000001679,0.20213108300231397,
4088,408,ok,1.4365842358425798,0.5655746308413735,0.0787281841880495,0.09406067747786662,15.000000000001679,0.19728475000010803,
4089,408,ok,1.8287219137029795,0.17750090758454296,-0.15073452093771625,0.07348079317367799,15.000000000001679,0.2047552920121234,
4090,408,ok,1.7768096639209394,0.22657369596918936,-0.10959801993859349,0.08480766229817027,15.000000000001679,0.19946199998958036,
4091,409,ok,1.917246367222123,0.08448557893775824,-0.08147475270912086,0.07496607654319098,15.000000000001679,0.20256062498083338,
4092,409,ok,1.5051599997717544,0.5402670640133236,0.3669964311933088,0.08788814645393932,15.000000000001679,0.18483524999464862,
4093,409,ok,1.4356114946245255,0.6142582326039018,0.37510014341773085,0.09530766324382059,15.000000000001679,0.17860612500226125,
4094,409,ok,1.6423453344051513,0.3578500293031581,0.02533122939633584,0.0970615247946847,15.000000000001679,0.2069785000057891,
4095,409,ok,1.851435517883782,0.14857378847784833,0.005870278555674603,0.07864010130266152,15.000000000001679,0.20728524998412468,
4096,409,ok,1.5318209657862887,0.46871379248317285,-0.04047248313571747,0.09937827052090546,15.000000000001679,0.19205175002571195,
4097,409,ok,1.5539773161220487,0.452864084206657,-0.14565698433024105,0.08606294444052728,15.000000000001679,0.22491987500688992,
4098,409,ok,1.8151604332566318,0.18501889554110312,-0.02551448446599919,0.0777286608197156,15.000000000001679,0.20585445800679736,
4099,409,ok,1.8913072461815306,0.11190663013229875,0.11021127946082741,0.07919201116769073,15.000000000001679,0.20504137501120567,
4100,409,ok,1.2969272247025587,0.7097645067623101,0.131577346699105,0.08881485596035882,15.000000000001679,0.19050999998580664,
4101,410,ok,2.126525347238344,-0.12212701749479307,0.13670030748251424,0.1149975894806865,15.000000000001679,0.19994016698910855,
4102,410,ok,2.091730934167861,-0.046245295597620494,0.43384155079862835,0.09968573373397877,15.000000000001679,0.18253537500277162,
4103,410,ok,1.1147881831005357,0.9626199987841838,0.40816102981307123,0.09806138599474654,15.000000000001679,0.19080779197975062,
4104,410,ok,1.4272061762554815,0.5745896416928598,0.07157359829227053,0.10197049248269965,15.000000000001679,0.18607591700856574,
4105,410,ok,1.3043542530629584,0.8281847054578955,0.572877764414564,0.0967768765982174,15.000000000001679,0.17952850001165643,
4106,410,ok,2.0581450298848214,-0.054472704088666495,0.12289374351119435,0.09893690353835573,15.000000000001679,0.19285141600994393,
4107,410,ok,1.8425482600780947,0.15822772052624598,-0.05346925545456987,0.07876464094698639,15.000000000001679,0.21996775001753122,
4108,410,ok,2.2552971860884914,-0.20090598409508245,0.49231925287675277,0.09574993485431287,15.000000000001679,0.18127741597709246,
4109,410,ok,1.947073882267335,0.05423214351367137,0.07130323745939099,0.07851532367640691,15.000000000001679,0.18278083400218748,
4110,410,ok,1.4533237836257877,0.5721937131445226,0.2711442923396134,0.09590054574740521,15.000000000001679,0.18772099999478087,
4111,411,ok,1.7890564572289809,0.2109856846980267,0.012279527569253212,0.09969729688817777,15.000000000001679,0.20150687501882203,
4112,411,ok,1.8589168039292676,0.14108414411878487,0.0018774141824543895,0.08628559154568598,15.000000000001679,0.19510183401871473,
4113,411,ok,1.1738789666343914,0.8401441917871674,0.18090420797091322,0.09609586359828595,15.000000000001679,0.19661375001305714,
4114,411,ok,1.9334550077729897,0.06843840608634656,0.08554575384084666,0.0775375528106968,15.000000000001679,0.2088110000186134,
4115,411,ok,1.1704406870963757,0.8488286853693322,-0.21150888014959518,0.09761422541765885,15.000000000001679,0.18268391699530184,
4116,411,ok,1.7711121850174896,0.2432397917304873,0.2250154273784022,0.09722944568813366,15.000000000001679,0.18269337501260452,
4117,411,ok,1.5567024161742673,0.44643122132948404,-0.09872417365064486,0.10025531558228978,15.000000000001679,0.1756196249916684,
4118,411,ok,1.8153975006576422,0.34016838047903514,0.7352734730917638,0.08242876187003292,15.000000000001679,0.19298333299229853,
4119,411,ok,1.8346049994042009,0.16551320865595334,0.020825854679040395,0.08599199383624852,15.000000000001679,0.20618483299040236,
4120,411,ok,1.9244262660971836,0.07769172630078798,-0.09026269723591561,0.07567267530731342,15.000000000001679,0.2051575840159785,
4121,412,ok,1.4796863859063283,0.5339256550016012,-0.20024438961940336,0.08947180668995348,15.000000000001679,0.19770425002207048,
4122,412,ok,1.0756802513125323,0.9382329235664681,0.17244906049492775,0.0966802884528153,15.000000000001679,0.18972262501483783,
4123,412,ok,1.9770461759100315,0.02509849926084567,-0.09206326117792824,0.1511444859767627,15.000000000001679,0.18383595801424235,
4124,412,ok,1.9157292546755782,0.08787679857832276,-0.11748804111381446,0.07849437252315362,15.000000000001679,0.1959496249910444,
4125,412,ok,1.8807093703367095,0.13104764337585922,0.2099638643704494,0.08411258456549171,15.000000000001679,0.1941509160096757,
4126,412,ok,1.9496181475032741,0.05448130766705417,-0.12636431006103827,0.10130295304726986,15.000000000001679,0.18496929199318402,
4127,412,ok,1.9011730943135499,0.10480360706347545,-0.15063122764600984,0.07726256055822167,15.000000000001679,0.1974418330064509,
4128,412,ok,1.6588557729140199,0.35304554015142753,0.19835191583412304,0.09651288732864065,15.000000000001679,0.1938102499989327,
4129,412,ok,2.046547620276046,-0.045775843394712766,-0.05619929394750913,0.11091162397478711,15.000000000001679,0.18454987500444986,
4130,412,ok,1.4387361732538952,0.5646538229016105,-0.09870728503155826,0.08529926513902866,15.000000000001679,0.1953466249979101,
4131,413,ok,1.9493138422782983,0.05092480021301193,-0.030501168389008765,0.0811243644901491,15.000000000001679,0.2035052079882007,
4132,413,ok,1.9535431716032208,0.04706753507034986,0.048843737995479815,0.07504435728361017,15.000000000001679,0.21813833300257102,
4133,413,ok,1.6958184531753668,0.312627507306202,0.1690393357488493,0.10023753906424572,15.000000000001679,0.17334825001307763,
4134,413,ok,1.301763465467499,0.7337788202565674,0.3021126346167967,0.09739663542588008,15.000000000001679,0.18317566698533483,
4135,413,ok,1.4682102576417275,0.5347992163860527,-0.093957566706799,0.09948262382964958,15.000000000001679,0.20448795802076347,
4136,413,ok,1.939715814859939,0.06031788990467664,0.011434780011452858,0.14179790000570988,15.000000000001679,0.18860725002014078,
4137,413,ok,1.9900917993078664,0.017210286683351266,0.17032416868460704,0.0741784474415028,15.000000000001679,0.19776895799441263,
4138,413,ok,2.015308222610302,-0.014563150755933712,0.054795471866017756,0.10990683809240792,15.000000000001679,0.18267704200115986,
4139,413,ok,1.7916515980495196,0.2086341824345989,-0.031999319549625864,0.07716382122314168,15.000000000001679,0.2595898340223357,
4140,413,ok,0.9754415229210874,1.1184065533615524,0.41746755500607824,0.09651933456119585,15.000000000001679,0.19833420900977217,
4141,414,ok,1.169455984858794,0.8347478803974812,0.09906966379214696,0.09930005351414775,15.000000000001679,0.18636299998615868,
4142,414,ok,1.5738866824095754,0.4303785406866278,-0.11579189751092266,0.08528214460578697,15.000000000001679,0.19052862498210743,
4143,414,ok,1.7430495704981477,0.266571795769558,0.18288921781286593,0.10484064591090507,15.000000000001679,0.17291062499862164,
4144,414,ok,2.0368827182813307,-0.03589975521413022,0.06327238538405947,0.09642392035210536,15.000000000001679,0.1875421250006184,
4145,414,ok,1.5982881821109727,0.4131772742615719,0.19109879684514725,0.10095946515431499,15.000000000001679,0.1775660420244094,
4146,414,ok,1.0281981719299143,0.9947471377758125,0.2160050086227069,0.09507214105246045,15.000000000001679,0.2033748330140952,
4147,414,ok,1.7487276999765682,0.2513015670170099,0.0101172697983929,0.0805691224630983,15.000000000001679,0.20386887498898432,
4148,414,ok,1.939802193303688,0.06032053220605654,0.021819976269521604,0.07497577466333658,15.000000000001679,0.22034304201952182,
4149,414,ok,2.0718457281135145,-0.0716032906487169,-0.031694278279027044,0.10324332249410184,15.000000000001679,0.1907135829969775,
4150,414,ok,1.633495149347207,0.36988287581599705,0.10499792561251008,0.09973841147598894,15.000000000001679,0.18611979100387543,
4151,415,ok,1.92659259378542,0.07849631955385937,0.13993794503553322,0.07593138086691573,15.000000000001679,0.21494037500815466,
4152,415,ok,1.5611053643980353,0.44903868475748393,0.17767655268359775,0.1001548234728438,15.000000000001679,0.17716879199724644,
4153,415,ok,2.0430610849421402,-0.04291320856612063,0.024580867987789988,0.09583660483872905,15.000000000001679,0.24494729199795984,
4154,415,ok,1.5659051083078979,0.4355603947759455,-0.06773130613810197,0.08657858141569111,15.000000000001679,0.18670858300174586,
4155,415,ok,2.0584941864048867,-0.05813376359060527,-0.03851917225340066,0.10259068535127165,15.000000000001679,0.19841374998213723,
4156,415,ok,1.8094668963558713,0.19277580928143104,-0.09006205354844786,0.09936358044223481,15.000000000001679,0.17817299999296665,
4157,415,ok,1.4520158860759786,0.5743807673169918,0.2756083032517719,0.09474843266672436,15.000000000001679,0.19580850002239458,
4158,415,ok,1.6415170010898794,0.36219703852440543,0.11036088187797091,0.10032169982439768,15.000000000001679,0.17942729100468569,
4159,415,ok,1.7753059359249244,0.3314718792376196,0.6064033940830401,0.09771378882755002,15.000000000001679,0.18843549999292009,
4160,415,ok,1.3699361646732036,0.6476449640829547,0.21877146091145927,0.09937843261146109,15.000000000001679,0.19768595800269395,
4161,416,ok,1.6628202004037378,0.3425517902213633,-0.13355317582266166,0.09716250647629147,15.000000000001679,0.19827120800619014,
4162,416,ok,2.003389327491245,-0.0028127519933602214,-0.04806118973356846,0.07370197420106801,15.000000000001679,0.1969847499858588,
4163,416,ok,1.692188761678066,0.31901032690352354,-0.19436183805610532,0.08912670077281908,15.000000000001679,0.20076487501501106,
4164,416,ok,1.7977993979344056,0.2022408240122235,0.012025820764594481,0.09756352441254514,15.000000000001679,0.17827804200351238,
4165,416,ok,1.3391632337231425,0.6608384003082771,0.0020920007003226086,0.0958860211246014,15.000000000001679,0.1865537500125356,
4166,416,ok,1.859360515860118,0.14188890158496426,-0.06815184433655316,0.07986089420423138,15.000000000001679,0.23845249999430962,
4167,416,ok,1.2727432209658436,0.7281155355872884,0.04674629076300813,0.09932713725908233,15.000000000001679,0.203727541025728,
4168,416,ok,1.9085938127436346,0.09151717016564548,0.020582280503834035,0.07538727418340362,15.000000000001679,0.21518408399424516,
4169,416,ok,1.746296634991172,0.2566557734454571,0.1015029315854126,0.08424793281494812,15.000000000001679,0.22731970800668932,
4170,416,ok,1.8902111488933624,0.11311214885980943,0.11203760359950084,0.09642136499440186,15.000000000001679,0.18973820898099802,
4171,417,ok,1.8190009925731845,0.1840710969438996,0.10567322285091434,0.10089575598166887,15.000000000001679,0.20451587499701418,
4172,417,ok,1.5847620425410773,0.4154094321346555,-0.023312308147252,0.08131286217328138,15.000000000001679,0.18485608298215084,
4173,417,ok,1.9870471336966948,0.02257033817103335,0.19526454888491562,0.1024714435465298,15.000000000001679,0.18705949999275617,
4174,417,ok,2.0949182053575988,-0.0908728339795108,0.1301271657463993,0.09516592059288158,15.000000000001679,0.1820857499842532,
4175,417,ok,2.0095057605892173,-0.009340519827968349,-0.025769695743626128,0.11090608150989129,15.000000000001679,0.20408349999343045,
4176,417,ok,1.867953202051729,0.1320627512834457,0.007720097961615312,0.07666070297223235,15.000000000001679,0.21286266698734835,
4177,417,ok,1.8107543386633929,0.23964504734273298,0.42424251984369943,0.10772040157364793,15.000000000001679,0.20001433399738744,
4178,417,ok,1.8232634504954663,0.18740807433351475,-0.19697746297811924,0.08483555559136209,15.000000000001679,0.2105393749952782,
4179,417,ok,1.2492480421528063,0.7714040087206913,0.22621352973470077,0.10032244212968876,15.000000000001679,0.2050132919976022,
4180,417,ok,1.8651207049381147,0.1408228318378323,-0.14878004359910957,0.07876072250218805,15.000000000001679,0.21392624999862164,
4181,418,ok,1.25072779103277,0.7576666770206005,0.14466486054559147,0.09593614359062523,15.000000000001679,0.18163041598745622,
4182,418,ok,1.4090284286607335,0.6199709560666965,0.28439576416442575,0.10131698457691302,15.000000000001679,0.18471291699097492,
4183,418,ok,1.9834356219025995,0.017451806799554614,-0.059325608886901984,0.0784866146092356,15.000000000001679,0.19543966598575935,
4184,418,ok,1.9375265994469772,0.06250908853743219,0.011759743386485994,0.09364812343739659,15.000000000001679,0.20087104200501926,
4185,418,ok,1.9261047406840988,0.07400060170760876,-0.020144226545233804,0.14861148743744998,15.000000000001679,0.1922212089993991,
4186,418,ok,2.0182270662288118,-0.01598753553114755,0.09505128847946633,0.07381421216877881,15.000000000001679,0.19693191698752344,
4187,418,ok,1.7438957419176415,0.256184289536795,0.016707082934741015,0.08285916722251004,15.000000000001679,0.22427016700385138,
4188,418,ok,1.4726699581256872,0.5307554003479432,-0.10038481936618238,0.08550663285090002,15.000000000001679,0.21279391698772088,
4189,418,ok,1.8681271629267695,0.13486024408041736,0.10560675997804601,0.07914697240242709,15.000000000001679,0.20714366700849496,
4190,418,ok,1.3172999672903143,0.7924252426086045,0.5263481824174714,0.09362698423863056,15.000000000001679,0.17438537499401718,
4191,419,ok,2.017121106143035,-0.015921713868909587,0.06954998489964204,0.11583146899411766,15.000000000001679,0.19322083401493728,
4192,419,ok,1.352643384801562,0.6511111309451457,0.10071219085762355,0.09906303624442848,15.000000000001679,0.18209195899544284,
4193,419,ok,1.8043277556994488,0.20493142930834726,0.18255814553844707,0.0804531625553489,15.000000000001679,0.19806725002126768,
4194,419,ok,1.4558645998350077,0.5560731922441692,-0.18605673031847653,0.0868535620314237,15.000000000001679,0.2026057080074679,
4195,419,ok,1.920492804954918,0.0801268692855117,-0.04878294624309964,0.09350366431037567,15.000000000001679,0.18665029099793173,
4196,419,ok,1.9777817342633726,0.02397785185308493,-0.08340898284168644,0.10196771760296097,15.000000000001679,0.186598917003721,
4197,419,ok,2.078012756117912,-0.07339052816306235,0.13852339987329793,0.08611338507767058,15.000000000001679,0.18748458300251514,
4198,419,ok,1.7425522295437488,0.26729244037739575,-0.18496698493128072,0.08234222081426774,15.000000000001679,0.21250854199752212,
4199,419,ok,1.9905481595443861,0.0136491330420539,0.12919833126228067,0.10692433459258431,15.000000000001679,0.1958412079839036,
4200,419,ok,1.9822896423866254,0.05485318659961497,-0.38193729934587733,0.0845922413838231,15.000000000001679,0.19934125000145286,
4201,420,ok,1.7917481899619554,0.23176980470829256,0.28935022497069757,0.10761739268443449,15.000000000001679,0.189727542019682,
4202,420,ok,1.8052030900616902,0.20062223596032397,-0.1449063789066975,0.07996847222102152,15.000000000001679,0.18837912500021048,
4203,420,ok,1.7456011576283754,0.2770522767547381,0.28031151328030157,0.09949029832445805,15.000000000001679,0.19414879198302515,
4204,420,ok,1.5554261021698246,0.48673279106737033,-0.35968418603055397,0.09417287364231659,15.000000000001679,0.1853228329855483,
4205,420,ok,2.18021389482615,-0.17970797331256458,0.04696571377764116,0.09253437584802372,15.000000000001679,0.20088525000028312,
4206,420,ok,1.798163337871096,0.21353944598181596,-0.20481718336302787,0.08307727245276425,15.000000000001679,0.2068839999847114,
4207,420,ok,1.910328146594145,0.09018614455064296,0.04432454403017499,0.10660920268705382,15.000000000001679,0.20023912499891594,
4208,420,ok,1.8064112635648686,0.20265488079458227,0.18075446219246866,0.08274376263648041,15.000000000001679,0.23622579101356678,
4209,420,ok,1.4180912617043553,0.5828993840871151,0.052996895206907715,0.09439975434387786,15.000000000001679,0.1978569999919273,
4210,420,ok,1.831583342275308,0.16844065533251595,0.0093758552465723,0.07696065714328681,15.000000000001679,0.19054287500330247,
4211,421,ok,1.9925980793497204,0.008284348415116282,-0.059294764187039106,0.08335906283031563,15.000000000001679,0.17968220802140422,
4212,421,ok,1.8580355894017149,0.1419671064040202,-0.0031650906351656525,0.07788432369200124,15.000000000001679,0.21139937499538064,
4213,421,ok,1.8567143963343908,0.1504878736227752,0.16338067186475255,0.09523124107183019,15.000000000001679,0.22458337500574999,
4214,421,ok,1.5661202219934014,0.4340723166874283,0.02455688033898362,0.09539621434945411,15.000000000001679,0.21262966698850505,
4215,421,ok,2.0687120038695386,-0.06092679303279824,0.1793045139238483,0.07608715228182418,15.000000000001679,0.21787908297847025,
4216,421,ok,1.974211213022551,0.025795188428594285,0.005027483692969408,0.07341502981134938,15.000000000001679,0.1899522499879822,
4217,421,ok,2.2041804640368223,-0.16502119291646392,0.4136360142252505,0.10300562958951769,15.000000000001679,0.19025829201564193,
4218,421,ok,1.8028388935258643,0.19748477933631364,-0.03416072723618418,0.08190984973078719,15.000000000001679,0.19961300000431947,
4219,421,ok,1.8073992928701677,0.19291923866122876,0.03393119312475815,0.09435762775325951,15.000000000001679,0.1967264169943519,
4220,421,ok,1.8192349659838858,0.18229495430136242,0.0745937551012364,0.0730672075770732,15.000000000001679,0.20904516699374653,
4221,422,ok,1.029528270328566,1.0306803721791162,0.34691197518522254,0.10059778213105518,15.000000000001679,0.1887867500190623,
4222,422,ok,1.468503286581893,0.6055115627796346,0.4603302088289712,0.10042432549278132,15.000000000001679,0.17494324999279343,
4223,422,ok,2.0994947420638046,-0.09537753891083721,0.13141971458470195,0.07215532590111357,15.000000000001679,0.21283249999396503,
4224,422,ok,1.9600747797065095,0.04081598469578812,0.059085837710798554,0.07601057529511877,15.000000000001679,0.22520133398938924,
4225,422,ok,1.7175559059311456,0.2904552378435647,-0.16569549234199227,0.0851662173378569,15.000000000001679,0.19078216698835604,
4226,422,ok,1.0436125405598773,0.9879464694200792,0.2547052925530976,0.10014323711386529,15.000000000001679,0.172271167015424,
4227,422,ok,1.520211942041163,0.4799684045724345,-0.02341575594540324,0.09828863956769611,15.000000000001679,0.17545045801671222,
4228,422,ok,2.033466528775675,-0.03344038461937902,-0.010311442672284161,0.07417560766292593,15.000000000001679,0.18416391700156964,
4229,422,ok,1.215633819090921,0.7844845877447207,0.016966575596071072,0.095709835646041,15.000000000001679,0.18616212499910034,
4230,422,ok,1.4970491672986879,0.5111839773858673,0.156789859739489,0.09966154817909566,15.000000000001679,0.17764095900929533,
4231,423,ok,1.8165792934374148,0.18494886518203144,0.074496357908167,0.10285553215489326,15.000000000001679,0.19058595900423825,
4232,423,ok,1.7804582237260953,0.22284778947433972,-0.10845048205352249,0.08259235763245588,15.000000000001679,0.19108270801370963,
4233,423,ok,1.152104130108024,0.8810137746011079,0.2742512606707694,0.09771930481666366,15.000000000001679,0.17580820797593333,
4234,423,ok,1.7471580061910688,0.2528443304935201,0.002857465470536603,0.09349623109772204,15.000000000001679,0.17765608400804922,
4235,423,ok,1.808419810925803,0.19166648825463337,-0.01766699882794496,0.08546575507908087,15.000000000001679,0.1818684169847984,
4236,423,ok,1.9824527694994591,0.017853177163856305,0.034827518094992016,0.07583357138161713,15.000000000001679,0.2052746669796761,
4237,423,ok,1.8004325790231612,0.253902082700183,0.43897555149374057,0.10518550936840068,15.000000000001679,0.17345174998627044,
4238,423,ok,1.6800799897003469,0.3215948980141095,0.07500056945950886,0.10004516373688946,15.000000000001679,0.1819515420065727,
4239,423,ok,1.8110518581447292,0.19008679878878537,0.06421087891354477,0.1045752733906779,15.000000000001679,0.17292395798722282,
4240,423,ok,1.8155988689088454,0.1847609906384745,0.03614680726241978,0.07621123570229378,15.000000000001679,0.1892574160010554,
4241,424,ok,1.5435489783309475,0.4597651240169149,-0.10109389354398576,0.0808169435965551,15.000000000001679,0.1885396660072729,
4242,424,ok,1.48306974435356,0.5195970039062306,-0.08889789521425571,0.09558768781013767,15.000000000001679,0.17822129098931327,
4243,424,ok,1.8565299153477517,0.14377982571695636,0.03391151966157104,0.08094299255321681,15.000000000001679,0.1912643340183422,
4244,424,ok,2.2596814021613882,-0.21860463760981022,0.42889800798126704,0.10143995516197554,15.000000000001679,0.1749334160122089,
4245,424,ok,2.2218297387640056,-0.21919338300720984,0.10820405201814244,0.07530610969860482,15.000000000001679,0.1863534160074778,
4246,424,ok,1.8726640065032554,0.12747207454782405,0.022575421471033814,0.08213242120148868,15.000000000001679,0.18278316597570665,
4247,424,ok,1.3733688931094845,0.7083855554209241,0.46677001094270854,0.09852318887014268,15.000000000001679,0.17378308399929665,
4248,424,ok,1.4940027067763983,0.5746848713427987,0.4477955692903971,0.10219740504031279,15.000000000001679,0.1785905420256313,
4249,424,ok,2.105058799021264,-0.06563207797774429,0.4055079108552542,0.0866410320793611,15.000000000001679,0.1964470000239089,
4250,424,ok,1.798416964021569,0.20416582310243958,-0.09634928939654887,0.08160640538512105,15.000000000001679,0.19933674999629147,
4251,425,ok,1.9957897087135883,0.004623397463540394,0.04060511614471209,0.0757679102218375,15.000000000001679,0.1867437089968007,
4252,425,ok,1.7895241112421092,0.21112475760446142,0.048186220656574824,0.0808072411011126,15.000000000001679,0.19421779198455624,
4253,425,ok,1.2451639831177848,0.7581398528337565,0.09064612365668312,0.09303196953913695,15.000000000001679,0.18204699998022988,
4254,425,ok,1.9190234283421848,0.09398758093165611,-0.22308647848633212,0.07526374648961151,15.000000000001679,0.19275337501312606,
4255,425,ok,1.5350373363627803,0.4834209009522784,-0.2373340691079557,0.08520957528655218,15.000000000001679,0.21096441699774005,
4256,425,ok,1.9900518402309437,0.012043061485439124,0.09128821073052468,0.10985459780389147,15.000000000001679,0.19328149998909794,
4257,425,ok,1.9786979656868466,0.024258022978120564,0.10811697205777031,0.07960745974277385,15.000000000001679,0.19909704200108536,
4258,425,ok,2.0961983113538514,-0.09210808043927389,-0.1308859819974398,0.08748572249933999,15.000000000001679,0.20848741600639187,
4259,425,ok,1.131269914418147,0.8715931982428226,0.08043450140194426,0.092367180838855,15.000000000001679,0.18556970899226144,
4260,425,ok,2.0880735848882703,-0.0873968504668631,-0.05315716855865672,0.08405660434440942,15.000000000001679,0.20209733297815546,
4261,426,ok,1.3563079942737215,0.6444291132932077,-0.044709578881562566,0.09400914002767685,15.000000000001679,0.17930170902400278,
4262,426,ok,2.0316551040877884,-0.03152285279307449,0.023181038489487413,0.07809549486991528,15.000000000001679,0.18715866599814035,
4263,426,ok,1.8857746175778551,0.13040015692302295,0.24645960128882735,0.08713519164801885,15.000000000001679,0.18233083302038722,
4264,426,ok,1.7587534270135516,0.24139865487773388,-0.023128466574082504,0.07910251916439236,15.000000000001679,0.18524045898811892,
4265,426,ok,1.6206310188776456,0.4172218530628318,0.34822153426596053,0.09815950564355114,15.000000000001679,0.17549600001075305,
4266,426,ok,1.5259856926735291,0.4845254806434112,-0.17879965163620096,0.10228450592527945,15.000000000001679,0.18835425001452677,
4267,426,ok,1.9860020674148533,0.016027948957524987,0.08977255960696583,0.07664323614437941,15.000000000001679,0.19904112501535565,
4268,426,ok,1.6730624917054622,0.3617575068335241,0.3395579990743543,0.09309401919317864,15.000000000001679,0.19088454198208638,
4269,426,ok,1.138659816342457,0.872367387470291,0.15808500407205348,0.0964852183816662,15.000000000001679,0.1767357080243528,
4270,426,ok,1.9428898622229247,0.057226048079144116,0.021222357702093006,0.08911606391013911,15.000000000001679,0.1806816250027623,
4271,427,ok,0.8922913554656863,1.1115406630468831,0.08260671655270899,0.09845535266660342,15.000000000001679,0.17697220799163915,
4272,427,ok,1.6935357309078163,0.3066303586677076,-0.023717708059914515,0.08266863038683947,15.000000000001679,0.19135062501300126,
4273,427,ok,1.7817750210664571,0.21825333883152748,0.010052915565871786,0.09141166414455848,15.000000000001679,0.1775833749852609,
4274,427,ok,2.1690587365440734,-0.16603195992271214,-0.11454846647400857,0.15174946498858286,15.000000000001679,0.1753000000026077,
4275,427,ok,1.9452457994611652,0.05479379112318069,-0.01241069169625849,0.10727767081923546,15.000000000001679,0.1786359999969136,
4276,427,ok,2.040525581495858,-0.037331076251498195,0.11413472074229235,0.0855660947870722,15.000000000001679,0.19033412501448765,
4277,427,ok,1.9657454750189853,0.034690257305236644,0.04138704902090348,0.09495114312504009,15.000000000001679,0.19185466700582765,
4278,427,ok,1.7959312678617962,0.20902130517682124,0.13328328317213115,0.10171381431107543,15.000000000001679,0.1853010839840863,
4279,427,ok,1.1893357902375519,0.8733875367121968,0.38113511974701353,0.09994066437591,15.000000000001679,0.17603195799165405,
4280,427,ok,1.6349153417980948,0.3708499335668253,0.13717957532943328,0.09915437163995282,15.000000000001679,0.18050466701970436,
4281,428,ok,1.987549619293015,0.012670266347518689,0.029563810521773478,0.07350630207307501,15.000000000001679,0.17613254199386574,
4282,428,ok,1.4103672615262313,0.6464902517739729,0.3964179282551652,0.09528299304866929,15.000000000001679,0.16936150001129135,
4283,428,ok,1.8048122261915267,0.1964084806720038,0.06636869155366268,0.08196874428222106,15.000000000001679,0.18831220900756307,
4284,428,ok,1.1057500051120768,0.9351452273557052,0.29793856242860683,0.10162016079825122,15.000000000001679,0.18704387499019504,
4285,428,ok,2.042065501415183,-0.04053407529427771,-0.07907085198080667,0.10746746942981061,15.000000000001679,0.1766040829825215,
4286,428,ok,1.7866014089556617,0.26885988764828483,0.4416995651902394,0.08924434761958783,15.000000000001679,0.17671716699260287,
4287,428,ok,1.4483361763054208,0.5647778765409581,0.19446114246482676,0.09213940082068432,15.000000000001679,0.18486849998589605,
4288,428,ok,1.60775196836715,0.4001075323460053,0.15877809588370986,0.08091061135019058,15.000000000001679,0.17804387499927543,
4289,428,ok,1.3682208658320236,0.6544611741726426,0.24809999171557495,0.09298873717987337,15.000000000001679,0.17526229200302623,
4290,428,ok,1.6687810001889296,0.332656065641556,0.06924038669497083,0.1036560683757601,15.000000000001679,0.17068475001724437,
4291,429,ok,1.7728397398693183,0.22782884875034892,0.04868422679264853,0.09816421891511597,15.000000000001679,0.18594504200154915,
4292,429,ok,1.7268366910419712,0.2770916814907679,0.11641255748618642,0.09427602469283286,15.000000000001679,0.18756649998249486,
4293,429,ok,1.8138201800030997,0.19967924873613765,-0.22088195479757722,0.09903961123744685,15.000000000001679,0.19368104098248295,
4294,429,ok,1.83064240004629,0.16966372143460198,0.033476920626161505,0.07766049840208014,15.000000000001679,0.20723104098578915,
4295,429,ok,1.140123622226141,0.8837130711224048,0.23191672293106236,0.09421925796191248,15.000000000001679,0.1802777090051677,
4296,429,ok,1.8326761483415475,0.16975409361134933,0.09434928111859578,0.09209217953350513,15.000000000001679,0.1799322500010021,
4297,429,ok,1.921554844144713,0.08669173060882665,-0.17783274539680685,0.07886081029621454,15.000000000001679,0.1942199160112068,
4298,429,ok,1.9142698069796082,0.08876823818831664,-0.10780559612541117,0.07571694577579294,15.000000000001679,0.186851917009335,
4299,429,ok,2.070051402773301,-0.07001979715682118,0.011438946741005542,0.12941256841077348,15.000000000001679,0.17544962500687689,
4300,429,ok,1.3284857795376228,0.6728430551234782,0.059404630288404425,0.08935763256136695,15.000000000001679,0.18366804101970047,
4301,430,ok,1.9736743699693178,0.02810881897275892,0.08387901323201356,0.08404383201314347,15.000000000001679,0.19384783401619643,
4302,430,ok,2.05509327613069,-0.04354409118967524,-0.21756819841451297,0.08935491364768279,15.000000000001679,0.1722548330144491,
4303,430,ok,1.6674888083485406,0.3325440928297521,-0.010474903850690151,0.08285037661765211,15.000000000001679,0.19545937501243316,
4304,430,ok,1.7295756394177972,0.2707917900756171,-0.03564911215715495,0.08218316063862388,15.000000000001679,0.20159391599008814,
4305,430,ok,1.9859507224630157,0.04025217372298435,0.32154117847312486,0.08293025103702398,15.000000000001679,0.18683129199780524,
4306,430,ok,1.8115392833780366,0.19804599898196823,0.1861084453669901,0.09192538399837338,15.000000000001679,0.1800098330131732,
4307,430,ok,1.8183145196855044,0.1905379559429883,0.1792060367737294,0.07894674833157542,15.000000000001679,0.18277466701692902,
4308,430,ok,1.7909737112756694,0.2090266447296901,-0.0011292441512548137,0.08216487189658638,15.000000000001679,0.18505599998752587,
4309,430,ok,1.8701124145757169,0.16061146484699726,0.33759481615970965,0.07843146912474513,15.000000000001679,0.17779362501460128,
4310,430,ok,2.2038470895856737,-0.18881545362427296,-0.2569609002373963,0.0743375411108851,15.000000000001679,0.17691025001113303,
4311,431,ok,2.225994601788141,-0.22415038688248337,-0.0905926250886072,0.10986917216286807,15.000000000001679,0.1802581249794457,
4312,431,ok,1.4189347680856883,0.5851767479193133,-0.10793999006029133,0.08787318370634248,15.000000000001679,0.1904166250023991,
4313,431,ok,1.8781492302096634,0.12297064773917221,0.0648486059098256,0.09948787932659821,15.000000000001679,0.18173283300711773,
4314,431,ok,1.9526319733373607,0.047385588293572596,-0.008281454927572325,0.06498101778811044,15.000000000001679,0.20142395800212398,
4315,431,ok,2.046773780993657,-0.04656950285483031,0.02891678660573787,0.07285540047661516,15.000000000001679,0.18821579197538085,
4316,431,ok,1.8443615490527439,0.15799657689584484,0.09323579192998532,0.0951260726307081,15.000000000001679,0.18225779201020487,
4317,431,ok,1.1772351054392556,0.827671766429393,0.10737321012149696,0.09591609014606167,15.000000000001679,0.17537862501922064,
4318,431,ok,1.8596420986520543,0.1421203287626335,-0.08094357467984982,0.08031112796984724,15.000000000001679,0.20176354199065827,
4319,431,ok,1.273440981458402,0.731212276752556,0.1087641788196169,0.10125328823449145,15.000000000001679,0.17152504200930707,
4320,431,ok,1.5195768608509408,0.4895735293568385,0.1665103985162546,0.09423224694659528,15.000000000001679,0.20279233399196528,
4321,432,ok,1.5778281063763329,0.4345785341458829,-0.19747700502658777,0.09782700861307811,15.000000000001679,0.19062745798146352,
4322,432,ok,1.728345229797155,0.2740434977003744,0.09083713740659143,0.09960539942541251,15.000000000001679,0.1758464590238873,
4323,432,ok,1.8251170403198391,0.18331174549420398,0.17520273059097288,0.09942674869115456,15.000000000001679,0.17935650001163594,
4324,432,ok,1.6431931217584674,0.3706113125974852,0.21254679663323076,0.08910075684523266,15.000000000001679,0.18047812502481975,
4325,432,ok,1.4723182559482797,0.6009348453719137,0.45862592589611906,0.1008024100285249,15.000000000001679,0.17419116597739048,
4326,432,ok,1.7499181154307768,0.26914672018775804,0.2576049969934712,0.09335471091967859,15.000000000001679,0.17859870800748467,
4327,432,ok,2.009451993641506,-0.008135094170253864,0.07273759902311833,0.13618769102379732,15.000000000001679,0.17484970900113694,
4328,432,ok,0.954624512286716,1.0515469942597413,0.10837368389474951,0.10037066414495938,15.000000000001679,0.18670383302378468,
4329,432,ok,1.5978420009378504,0.4818470331338563,-0.498307765498993,0.10016853115485774,15.000000000001679,0.18527654200443067,
4330,432,ok,1.8014427694382893,0.19959411989901937,0.061112342937473876,0.07928956222588025,15.000000000001679,0.20508008397882804,
4331,433,ok,2.0142050890971808,-0.011396595019141855,0.10632910462514242,0.0751100548032447,15.000000000001679,0.19767487500212155,
4332,433,ok,1.8404278639142435,0.20014532315388334,0.3843147987094765,0.0998905922389969,15.000000000001679,0.1804871250060387,
4333,433,ok,1.6984647336005823,0.30170472504009394,-0.023991880579763463,0.09392986976330547,15.000000000001679,0.19553512500715442,
4334,433,ok,1.9177820629183284,0.08281671802526466,0.0479197680280475,0.08417554838975033,15.000000000001679,0.18757008301327005,
4335,433,ok,1.6851627406319842,0.3176988778739908,0.0981651511885475,0.10061429262744276,15.000000000001679,0.17097441697842441,
4336,433,ok,0.9377284860118199,1.063904826434143,0.0553221429874893,0.10144778022707529,15.000000000001679,0.17459654199774377,
4337,433,ok,1.4788948759355716,0.5252676900585636,0.1108813243214762,0.09667776594205173,15.000000000001679,0.21087879198603332,
4338,433,ok,2.075203556656902,-0.07494450167165236,-0.03278896985319113,0.09114161000403258,15.000000000001679,0.1965975830098614,
4339,433,ok,1.818400372015588,0.20814013098566234,0.30954502542013024,0.0909365197640908,15.000000000001679,0.19648412501555867,
4340,433,ok,1.9041816426298555,0.10693065583588322,-0.20541710326692553,0.10419599927001696,15.000000000001679,0.20234354201238602,
4341,434,ok,1.6274004925572747,0.4050802391544471,0.3235171087284635,0.10704953181791245,15.000000000001679,0.1956859999918379,
4342,434,ok,1.7662043689594227,0.2338094979617447,0.006998817129250091,0.09992863711404966,15.000000000001679,0.17415833298582584,
4343,434,ok,2.0327016235671183,-0.029113493944859726,-0.12072414482315409,0.08615621168694136,15.000000000001679,0.19006720898323692,
4344,434,ok,1.5072666412758076,0.6261752729991785,0.6200470525564752,0.0958032516705911,15.000000000001679,0.18594195900368504,
4345,434,ok,1.3909150068647052,0.6245166909950189,0.2066161246615326,0.09814283195946527,15.000000000001679,0.18339908300549723,
4346,434,ok,2.01377959036271,-0.013770071226934952,0.006191832690592374,0.10470619721008442,15.000000000001679,0.18401200001244433,
4347,434,ok,1.7983964747343701,0.2110273411185787,-0.1838660004235373,0.09391880439148727,15.000000000001679,0.20713216601870954,
4348,434,ok,1.5296079826077709,0.4904858666923915,0.24711872005575428,0.1002459369493273,15.000000000001679,0.21162645900039934,
4349,434,ok,2.015183691303405,-0.014958185510551577,0.030146647230561527,0.09232217166042701,15.000000000001679,0.2045977079833392,
4350,434,ok,2.0107911496595565,-0.010538721630907877,0.031860577081336085,0.07839644665096025,15.000000000001679,0.21348545799264684,
4351,435,ok,1.841552048025878,0.15854564617671868,-0.018968615489465296,0.07798072463817053,15.000000000001679,0.2226247499929741,
4352,435,ok,1.7953975927329062,0.20573456298796208,0.0637499610597147,0.08281214105593346,15.000000000001679,0.21530574999633245,
4353,435,ok,1.5596604576970727,0.4405028479175569,0.022569358665950036,0.10156305614861524,15.000000000001679,0.2015126250043977,
4354,435,ok,2.008773951307705,0.02070102897698933,0.3428532787645788,0.10649860565285861,15.000000000001679,0.21427654099534266,
4355,435,ok,1.8988267890439714,0.10340946786252733,-0.09212778189849448,0.08014221620823335,15.000000000001679,0.2542493749933783,
4356,435,ok,2.015259499997894,0.0031260493946952987,0.2715976393964542,0.10844853800869121,15.000000000001679,0.20637362499837764,
4357,435,ok,1.7197579485736993,0.28152697366071994,0.06646697997302972,0.08368722368585556,15.000000000001679,0.21469395799795166,
4358,435,ok,1.9551312883934768,0.04561995802479891,-0.054194154520093483,0.09780746559259461,15.000000000001679,0.19568829098716378,
4359,435,ok,1.9259436395217477,0.07445295526798704,-0.03908300318663931,0.07374084087207355,15.000000000001679,0.19377608300419524,
4360,435,ok,2.00811575135978,-0.0081132997848978,0.0031378473931836285,0.07269920514890874,15.000000000001679,0.1775149169843644,
4361,436,ok,1.4741053701103344,0.5424761980354865,0.22047904411765656,0.0911227302967358,15.000000000001679,0.17955670901574194,
4362,436,ok,1.7768485560113219,0.22680700690255912,0.1139183928505789,0.10030195755211324,15.000000000001679,0.17612120800185949,
4363,436,ok,1.7640393440609403,0.2359805986610919,-0.008388032836889058,0.07952190958660788,15.000000000001679,0.1849447500135284,
4364,436,ok,2.212844542379009,0.17854659267812759,1.2565780730587754,0.09815261651803954,15.000000000001679,0.180363583000144,
4365,436,ok,2.000917480761548,-0.0006132072440324661,0.0348935498034642,0.07434738948120712,15.000000000001679,0.2024419169756584,
4366,436,ok,1.884135179351544,0.12743957333102054,0.20852535227967917,0.09965132077490797,15.000000000001679,0.1740403749863617,
4367,436,ok,1.6575092429782299,0.35622386394208067,0.21292464649439197,0.09083825920718919,15.000000000001679,0.18835595797281712,
4368,436,ok,1.1868281577775714,0.8275515817800394,0.18418952930939447,0.10168386371974907,15.000000000001679,0.18222966601024382,
4369,436,ok,2.0587951639052355,-0.04213763999831005,0.26136447008290586,0.10060240108810008,15.000000000001679,0.17966504200012423,
4370,436,ok,1.6539429067967375,0.34849202214544994,0.08971364459220552,0.09482510027465879,15.000000000001679,0.1867431669961661,
4371,437,ok,1.738867147620639,0.3140638318707315,0.42576777011410294,0.1042013961558517,15.000000000001679,0.17647925001801923,
4372,437,ok,1.8860875439579585,0.11443798993310009,0.04452111483145825,0.07724417462662793,15.000000000001679,0.20345562501461245,
4373,437,ok,1.8142807778506802,0.1861809247375258,-0.04092802331474093,0.08125290501892501,15.000000000001679,0.18508441699668765,
4374,437,ok,1.8084929412807274,0.1920246921908893,0.04326667325745313,0.08068900674098682,15.000000000001679,0.19149283398292027,
4375,437,ok,1.9572788587533165,0.08179670914413899,0.3891486423880089,0.08063705238759282,15.000000000001679,0.1794427499989979,
4376,437,ok,2.0707564829477096,-0.06645685495728014,0.13337345414299498,0.07566055915101803,15.000000000001679,0.1917934579832945,
4377,437,ok,1.4274509199371954,0.574685074302151,0.07806081867672582,0.0993677692657481,15.000000000001679,0.1835077079886105,
4378,437,ok,1.8148154966761234,0.18859749851485458,-0.11124866106683047,0.07881305727004467,15.000000000001679,0.18641324999043718,
4379,437,ok,2.116154970675709,-0.10696217791278521,0.19703360312526305,0.07458852124138611,15.000000000001679,0.2040715420152992,
4380,437,ok,1.2767575387006098,0.7267167962018265,0.09412595579486932,0.10130664059400946,15.000000000001679,0.17659812499186955,
4381,438,ok,1.9652879806826995,0.036499416169773105,0.08379919041518709,0.07632581307639513,15.000000000001679,0.20748174999607727,
4382,438,ok,2.007049745828593,-0.006589581480126903,-0.042975966842281374,0.08019027906116583,15.000000000001679,0.18793745801667683,
4383,438,ok,1.9996355158065289,0.008665229532490173,0.18201106560303715,0.0958949847159469,15.000000000001679,0.1722216249909252,
4384,438,ok,1.7081115869465144,0.3501347597435217,0.442255449321286,0.09562388153331763,15.000000000001679,0.20090095800696872,
4385,438,ok,1.8466713363272278,0.1545892748825264,0.06822228399863113,0.0800806271076879,15.000000000001679,0.19571374999941327,
4386,438,ok,1.4477864562081195,0.5630885508349338,0.17711891496397034,0.09898862605205322,15.000000000001679,0.20270858399453573,
4387,438,ok,1.2433930249100047,0.7576437020471624,0.05076458737911761,0.1003250687155258,15.000000000001679,0.17654187500011176,
4388,438,ok,1.8014588394537399,0.19915412172693872,-0.04699013676233045,0.07978183829658936,15.000000000001679,0.20247516699600965,
4389,438,ok,1.8009234560274698,0.20016459700071493,0.0625924642455201,0.08921768332510491,15.000000000001679,0.18037804099731147,
4390,438,ok,1.9080505456277368,0.09195072225112466,0.002199625490788135,0.08792686457277397,15.000000000001679,0.20522783300839365,
4391,439,ok,1.850976423681701,0.1555136179020565,0.15486674039553872,0.09403134603626995,15.000000000001679,0.1865687079844065,
4392,439,ok,1.9257414321496418,0.07518425479990927,-0.0597026844251838,0.07712401629309285,15.000000000001679,0.18912904200260527,
4393,439,ok,1.9122306396753568,0.09434217590870235,0.15841173186618912,0.07768945717193718,15.000000000001679,0.1933523750049062,
4394,439,ok,2.1254068515353817,-0.12092159600259735,0.13800676854175983,0.07646345533162857,15.000000000001679,0.17570262498338707,
4395,439,ok,2.0504708346151435,-0.05046803227711528,0.0033900172475385994,0.10464770844224143,15.000000000001679,0.17783233401132748,
4396,439,ok,1.7414090953171935,0.2586403217569239,-0.013119003110631444,0.08188119656548669,15.000000000001679,0.19608962500933558,
4397,439,ok,1.6608981989851175,0.347876757152873,0.17050401120296277,0.09642017227869572,15.000000000001679,0.1738140000088606,
4398,439,ok,1.8142762116765103,0.19387234918480234,0.1717587878859332,0.08241623610348588,15.000000000001679,0.1915912090044003,
4399,439,ok,1.9904180943162073,0.015932316755790862,0.1588698161619091,0.09833763052583291,15.000000000001679,0.183785999979591,
4400,439,ok,1.8697004591889967,0.13826026537012423,0.17235129123921308,0.07363648061849742,15.000000000001679,0.17932125000515953,
4401,440,ok,1.7964766359465798,0.22489508161338828,-0.2762803507700121,0.08515722829792759,15.000000000001679,0.19626633400912397,
4402,440,ok,1.8593882348064124,0.1410835431818114,-0.04188334164101037,0.08042347406546149,15.000000000001679,0.19733308401191607,
4403,440,ok,1.6456697704831313,0.3775903408862317,0.2757097957932382,0.09476903848363993,15.000000000001679,0.17245287500554696,
4404,440,ok,2.0556614565354754,-0.05564937164630052,-0.00704874000956491,0.0786711712887381,15.000000000001679,0.18273025000235066,
4405,440,ok,1.891826402420705,0.11062178859327329,0.09621388235377047,0.09628114251116145,15.000000000001679,0.176439125003526,
4406,440,ok,1.9012982668627287,0.10237109561363736,0.11806625602867742,0.07815515142744177,15.000000000001679,0.18887512499350123,
4407,440,ok,1.9338225248330287,0.06621238326701126,0.011619420025862134,0.09290108722531039,15.000000000001679,0.17170445900410414,
4408,440,ok,1.870916052601778,0.1501634727394133,0.28005659837881325,0.09297846362941599,15.000000000001679,0.17279795900685713,
4409,440,ok,1.7633618874396484,0.23909086523879816,0.09297400276031305,0.08323302454192744,15.000000000001679,0.18785112499608658,
4410,440,ok,1.7179856958295494,0.28772743799330486,-0.13999115855642166,0.09944376479433055,15.000000000001679,0.1910103750124108,
4411,441,ok,1.6812096293206327,0.3190036409271029,-0.026777948093209998,0.08560479229361909,15.000000000001679,0.192660957982298,
4412,441,ok,1.9401669104842487,0.0599181244964017,0.01816471525886444,0.09932069748888367,15.000000000001679,0.18826737499330193,
4413,441,ok,1.3350801100501133,0.6654508668091151,0.0376498519370292,0.09997136788086158,15.000000000001679,0.1758663329819683,
4414,441,ok,1.5687151184599943,0.43165055450641926,-0.03386945090980926,0.10194829797257254,15.000000000001679,0.18392695800866932,
4415,441,ok,1.9133841020656712,0.08671157604007285,-0.01913449185613107,0.08733688093946115,15.000000000001679,0.17859204098931514,
4416,441,ok,2.0037720662951433,-0.0036527241563660334,0.02186903394029678,0.11075109656879842,15.000000000001679,0.1903191669844091,
4417,441,ok,1.620671727543395,0.379509686228458,0.02424853461761801,0.09875614949460688,15.000000000001679,0.18628120800713077,
4418,441,ok,1.6999514057220129,0.32822230372254113,0.3082111549660067,0.10495724146127831,15.000000000001679,0.17336516702198423,
4419,441,ok,2.1003537828844485,-0.08990945166804577,0.20919965847386512,0.07472365410285987,15.000000000001679,0.18615416702232324,
4420,441,ok,2.2243241973042855,-0.207873419637523,0.270024253672636,0.0753890673716542,15.000000000001679,0.2047169579891488,
4421,442,ok,2.0834801686491597,-0.08347711732901855,0.003565770701242141,0.07960777471362823,15.000000000001679,0.1741164580162149,
4422,442,ok,1.9131811724051229,0.1021752765307281,0.2419163438757742,0.08958293560964076,15.000000000001679,0.19389854202745482,
4423,442,ok,1.1553132072536114,0.8520027747594979,0.1298113157422509,0.09838096350884108,15.000000000001679,0.19936770800268278,
4424,442,ok,1.8509544204965274,0.15839984128951692,-0.18585242046623573,0.0906650565493238,15.000000000001679,0.2008327920048032,
4425,442,ok,1.2633983573760263,0.7608185169160564,0.24618014014603162,0.10169398344486712,15.000000000001679,0.19426679200842045,
4426,442,ok,1.9714840168113328,0.07810771425126187,0.4394078635186651,0.10170519265187752,15.000000000001679,0.20332241599680856,
4427,442,ok,1.8984873026705922,0.10479367244035652,-0.11156618833387227,0.07802478801623705,15.000000000001679,0.1921234170149546,
4428,442,ok,1.312916648857169,0.7098814100407065,0.24360654894272327,0.09444965163802527,15.000000000001679,0.18272233300376683,
4429,442,ok,1.7800854122827314,0.26518877648041045,-0.3989161487985242,0.08841221154916909,15.000000000001679,0.18950229199253954,
4430,442,ok,1.2017829082857436,0.8226877151229036,0.241283945850549,0.10141149439950753,15.000000000001679,0.2030252090189606,
4431,443,ok,1.6774256471813789,0.3601228846230301,0.3529303731400506,0.10362336334738309,15.000000000001679,0.19173966700327583,
4432,443,ok,1.2134768484935574,0.794826390190557,0.1417132035088211,0.09333593346831055,15.000000000001679,0.1849993329960853,
4433,443,ok,1.5958265053201306,0.40618264123433123,0.08005286990163701,0.09598332954327266,15.000000000001679,0.20885112500400282,
4434,443,ok,1.7486397695389868,0.2570128402329603,0.14048773790117508,0.07914881632886932,15.000000000001679,0.19690141698811203,
4435,443,ok,1.8447053254526722,0.1567853856144408,0.07414595787326192,0.07423123287976298,15.000000000001679,0.20092295901849866,
4436,443,ok,1.733857591694957,0.27481094041112497,-0.17316136102805776,0.08038433759638419,15.000000000001679,0.20449958302197047,
4437,443,ok,1.6506527062691303,0.3510055954469191,0.07397168692299605,0.09510794859903694,15.000000000001679,0.18208395902183838,
4438,443,ok,1.978602112595304,0.0215070891588733,-0.02078753756474373,0.09016917322166197,15.000000000001679,0.19857758298167028,
4439,443,ok,1.7012317927107383,0.30146840588594437,0.09581250610519175,0.09716448566558679,15.000000000001679,0.18025237499387003,
4440,443,ok,1.4681986355814007,0.5740298324165666,0.3495945003645825,0.08829187449874716,15.000000000001679,0.2424240839900449,
4441,444,ok,1.9723412686647261,0.04068554440232914,0.22631160854888424,0.0763729480173422,15.000000000001679,0.23359958399669267,
4442,444,ok,1.2383266559078279,0.7658746652831536,-0.1019194041480609,0.09350662026536229,15.000000000001679,0.19079154200153425,
4443,444,ok,1.8321781436207025,0.16783911301621457,0.007951991460754695,0.09112137348378894,15.000000000001679,0.21562491697841324,
4444,444,ok,1.9503332678630954,0.05174447274042917,0.0900014235224781,0.08713229239417743,15.000000000001679,0.2022832080256194,
4445,444,ok,1.2183832719393237,0.8243438394039247,0.31982868757206184,0.09752538601678737,15.000000000001679,0.17906008299905807,
4446,444,ok,1.915125752330635,0.08537241884188469,0.043679202243236584,0.09373643549279233,15.000000000001679,0.17434812497231178,
4447,444,ok,1.2373260082103092,0.8176316313407505,0.364665177097736,0.0948353564004698,15.000000000001679,0.17284745900542475,
4448,444,ok,1.656342907459708,0.3475512675766927,0.11351217469806475,0.09937909050551266,15.000000000001679,0.17115979100344703,
4449,444,ok,1.3629734829554236,0.656757765248644,0.2310779392755219,0.09934244789592146,15.000000000001679,0.17936220800038427,
4450,444,ok,1.069569828123997,0.9329111242175254,0.07280761233889572,0.09693364450113258,15.000000000001679,0.17883195899776183,
4451,445,ok,2.0556076647797243,-0.05362119864292862,0.09034845867823552,0.07294808299918625,15.000000000001679,0.18660237500444055,
4452,445,ok,1.212231632396457,0.8068818995110238,0.21441718417178346,0.09428295989199058,15.000000000001679,0.18003362498711795,
4453,445,ok,1.978768066160044,0.02139431062801343,0.025349272959320986,0.10265575261084724,15.000000000001679,0.1740826670138631,
4454,445,ok,1.8501906568062996,0.15187238392478203,0.08734861895564201,0.07875801168859535,15.000000000001679,0.22199954101233743,
4455,445,ok,1.3110004969416658,0.7396606447953818,0.36092521760567187,0.09623516000656833,15.000000000001679,0.19930641597602516,
4456,445,ok,1.9513271951372688,0.06709448862238165,0.26749599355562054,0.0767300917011679,15.000000000001679,0.21164200000930578,
4457,445,ok,1.8623042394698743,0.13771089588766366,0.007508198980981284,0.1000408647056628,15.000000000001679,0.19690458400873467,
4458,445,ok,1.886039086040149,0.12057567422660642,-0.15782153770124602,0.07990689870321702,15.000000000001679,0.17101066597388126,
4459,445,ok,2.062591172260114,-0.06254478013521116,-0.013833792767922586,0.1551168815598538,15.000000000001679,0.18146708302083425,
4460,445,ok,1.5213977118486801,0.4812063070230545,-0.08897592815953811,0.1007662468874616,15.000000000001679,0.181152540986659,
4461,446,ok,1.912059163679467,0.14143071287456438,0.44909959960422335,0.08154285214603746,15.000000000001679,0.20038345799548551,
4462,446,ok,2.0012104213291626,-0.0005965887791448737,0.04956247977749259,0.09754893832366479,15.000000000001679,0.1817752500064671,
4463,446,ok,1.4768655828474082,0.5675554097530711,-0.35949192712983424,0.09988381087242736,15.000000000001679,0.19331766598043032,
4464,446,ok,2.0789761328101615,-0.07828023844235393,-0.05378672042695984,0.07933600632751295,15.000000000001679,0.19243712499155663,
4465,446,ok,1.5616301444171807,0.44788349291888224,-0.17211349859536085,0.09698634144398346,15.000000000001679,0.18765766598517075,
4466,446,ok,1.9179813296788581,0.09077123404603805,0.1830243160090828,0.09309617609570361,15.000000000001679,0.17953679099446163,
4467,446,ok,1.269994040271864,0.8355324182818308,0.5068531478184694,0.10286080153409607,15.000000000001679,0.18219683301867917,
4468,446,ok,1.5491316989241093,0.45782182506234076,-0.14661342829852805,0.09553552943157778,15.000000000001679,0.19635545898927376,
4469,446,ok,1.9946397048852194,0.005572243122751473,-0.029077051125957907,0.07487742880237311,15.000000000001679,0.19467587501276284,
4470,446,ok,1.613292712940061,0.41327735378458896,0.2915898174022293,0.09701158724700389,15.000000000001679,0.17166808299953118,
4471,447,ok,2.112031797809322,-0.10959829249801349,0.10135758110345543,0.07343811242272817,15.000000000001679,0.17723295799805783,
4472,447,ok,1.6374515307362478,0.36328401406772026,0.049074401720314915,0.08639176386957742,15.000000000001679,0.18421387500711717,
4473,447,ok,1.959183795620569,0.04822498436972382,0.17022171830778382,0.07844823308043901,15.000000000001679,0.20574837498134002,
4474,447,ok,1.7398416128189103,0.27362710330804907,0.21606818197909042,0.09766073121528408,15.000000000001679,0.19115370800136589,
4475,447,ok,1.732951074293041,0.26796113972292745,-0.05622110265287204,0.08409570520317879,15.000000000001679,0.1990466249990277,
4476,447,ok,1.9093902311604027,0.09215247155509823,-0.0767389279144317,0.07173874938031344,15.000000000001679,0.1859995829872787,
4477,447,ok,1.1344044500463082,0.8681998489676473,0.0768236578666402,0.09888651687595991,15.000000000001679,0.17521241601207294,
4478,447,ok,1.5988493008839741,0.40230432759415524,0.06072582080802864,0.10040238044641146,15.000000000001679,0.17811029200674966,
4479,447,ok,1.5708025331276985,0.4298995350327109,-0.046958790336809386,0.08112645833902303,15.000000000001679,0.17901162500493228,
4480,447,ok,1.3072956646078269,0.7413491387445719,0.35329868972781203,0.10002305860024846,15.000000000001679,0.1738809999951627,
4481,448,ok,1.8802832067387392,0.12454217456970955,0.13462125603336755,0.09440325103598038,15.000000000001679,0.17852462499286048,
4482,448,ok,1.564846849223394,0.5356945677791075,0.5518652577330531,0.09886394093637867,15.000000000001679,0.17415354200056754,
4483,448,ok,1.562664352653681,0.45538314363057997,0.2368093031829582,0.09456419410515184,15.000000000001679,0.17371066598570906,
4484,448,ok,0.8774052740729754,1.1670159208020663,0.27564023431611645,0.09873960023188731,15.000000000001679,0.17871066700899974,
4485,448,ok,1.3024013405643313,0.7286010358126307,0.2824781863561352,0.1023950684166318,15.000000000001679,0.1767509580240585,
4486,448,ok,1.960637352470757,0.05200891933621612,0.22232763561438473,0.12172612314094457,15.000000000001679,0.17292670800816268,
4487,448,ok,1.8284274958346907,0.17188005709695844,-0.03353478618536601,0.09916218930896353,15.000000000001679,0.17242433401406743,
4488,448,ok,1.4871132495869768,0.5294285051818173,0.22119063209221448,0.0960612710115417,15.000000000001679,0.1757975000073202,
4489,448,ok,1.3598636054548052,0.6445826762423241,-0.10987676687144377,0.09388778998933317,15.000000000001679,0.17360712500521913,
4490,448,ok,0.8493626674791742,1.1936745208582737,0.2669384996477726,0.09416145281286134,15.000000000001679,0.18653766697389074,
4491,449,ok,2.0692250896114976,-0.060747441440577046,-0.18711615129064765,0.08350924284817138,15.000000000001679,0.1883800420037005,
4492,449,ok,1.685521266121487,0.32934505868511416,0.2233696613417662,0.10038984550149174,15.000000000001679,0.17127695900853723,
4493,449,ok,1.6407246965077298,0.362189272773755,-0.09774227086077467,0.10412104707315714,15.000000000001679,0.1676911250106059,
4494,449,ok,1.7593428607904176,0.24074804652015708,-0.017884797778189285,0.07794318169324954,15.000000000001679,0.19090604200027883,
4495,449,ok,1.3810211546748503,0.6360437305242689,0.2164318013077194,0.10079720561439662,15.000000000001679,0.17255775001831353,
4496,449,ok,1.7460246165111362,0.25564656327334423,-0.07637440175061792,0.07789588355070709,15.000000000001679,0.18351033300859854,
4497,449,ok,1.5478654735167285,0.47453156212019315,0.26236152373720456,0.09781131855084627,15.000000000001679,0.1695739579736255,
4498,449,ok,1.9505912637793514,0.04940878994317909,-0.0004578006055964938,0.07347721898020597,15.000000000001679,0.17239233400323428,
4499,449,ok,1.7802410986643726,0.24040340890158401,0.2703298096188556,0.09579457914010757,15.000000000001679,0.17658216701238416,
4500,449,ok,1.7454125001424932,0.25922412008284024,-0.12713823796288556,0.08505938177326133,15.000000000001679,0.18210395800997503,
4501,450,ok,1.5389287869622168,0.48358069725131925,-0.26224856451886364,0.08767530793010103,15.000000000001679,0.19673429199610837,
4502,450,ok,2.1099297987105996,-0.10976934463967936,0.026020528542092056,0.10696215777497181,15.000000000001679,0.16975108301267028,
4503,450,ok,1.9220484059206824,0.08222528394446516,-0.12810235423421493,0.07986690838110323,15.000000000001679,0.19310100001166575,
4504,450,ok,1.1332873410213047,0.9278363926656189,0.367158543992736,0.09413832631288878,15.000000000001679,0.17003237499739043,
4505,450,ok,2.106922289957332,-0.10400756391127546,0.11078676330314055,0.12012694165867163,15.000000000001679,0.1770558329881169,
4506,450,ok,1.8400211400691175,0.16070217307234108,-0.05158778693107801,0.07645544257694131,15.000000000001679,0.1914735829923302,
4507,450,ok,1.8997512354684225,0.1006788214775484,0.04042050815964071,0.09195996922812509,15.000000000001679,0.1758293749880977,
4508,450,ok,1.6871486898455994,0.31574361077866303,-0.09874774435310994,0.09892626328182676,15.000000000001679,0.17648983400431462,
4509,450,ok,1.2169583490050746,0.7832101112311578,-0.02024820493440896,0.09740657020305385,15.000000000001679,0.17645395902218297,
4510,450,ok,1.8302860245620483,0.1718826482523565,0.08907232985798759,0.09154152368521723,15.000000000001679,0.17787029198370874,
4511,451,ok,1.568850603963448,0.43484578467648194,-0.10763131427004966,0.08264485689785989,15.000000000001679,0.18019358298624866,
4512,451,ok,2.006115688578281,-0.0059901619088116274,0.02244161948190534,0.12253559344826503,15.000000000001679,0.17634866700973362,
4513,451,ok,1.938416876882221,0.06222843357236088,0.0500134474556296,0.07499187173206547,15.000000000001679,0.18124041700502858,
4514,451,ok,1.6544937046037256,0.3468619204626111,0.06696199337530191,0.0998028591074997,15.000000000001679,0.17100537501391955,
4515,451,ok,1.7952507180284427,0.20512564497438304,0.03675853986510406,0.08206018752428311,15.000000000001679,0.18451608301256783,
4516,451,ok,1.4665622373192122,0.533821420061604,-0.0335435189054746,0.09703732797014426,15.000000000001679,0.1730153340031393,
4517,451,ok,1.8091428284067477,0.19462411059392903,-0.11668620966851587,0.09576996732625048,15.000000000001679,0.17765562498243526,
4518,451,ok,1.975537864574981,0.02450261192336228,0.012646108961208278,0.09512954848214936,15.000000000001679,0.1632637910079211,
4519,451,ok,1.7499088894037431,0.2502309363430704,0.022121145616658015,0.0998002179063945,15.000000000001679,0.17118195799412206,
4520,451,ok,1.753986196809313,0.24872799941602738,-0.09753952310836658,0.07976224689841627,15.000000000001679,0.18927537501440383,
4521,452,ok,2.038966734775679,-0.03842774739959475,0.04687925077481573,0.1033478718044465,15.000000000001679,0.16766337500303052,
4522,452,ok,1.7636702284056567,0.23633593404728506,0.004662298960654152,0.08056205597143894,15.000000000001679,0.1864124999847263,
4523,452,ok,1.9672762809484436,0.054543004896861265,0.29218666257481146,0.09676868938498213,15.000000000001679,0.17663016699953005,
4524,452,ok,1.0449360089162805,0.9612410734314693,0.11345111371898724,0.09137364815181534,15.000000000001679,0.20196112501434982,
4525,452,ok,1.5523628041096003,0.44885310987347227,0.06142964132910923,0.07864722114531143,15.000000000001679,0.2003123339964077,
4526,452,ok,1.9562411848513912,0.047005601943283876,0.11266079383645482,0.0964155073853263,15.000000000001679,0.20156162499915808,
4527,452,ok,1.4347138820328253,0.5739361428525346,-0.1573079738455514,0.0948917066167114,15.000000000001679,0.20851570801460184,
4528,452,ok,2.184725346048031,-0.18104977623364696,0.1266756142903872,0.07938136162686078,15.000000000001679,0.1879759579896927,
4529,452,ok,1.3848805719196426,0.628187856780042,0.18980422069791206,0.08920368535805392,15.000000000001679,0.20881654199911281,
4530,452,ok,1.612485338804292,0.3895467128186945,0.08092698972357272,0.08927501043583584,15.000000000001679,0.20399133299360983,
4531,453,ok,1.1157414008668647,0.9032195781773511,0.2048208483404125,0.0953144050580607,15.000000000001679,0.222654417011654,
4532,453,ok,1.6098201043796352,0.3956290717842608,0.1323430888298544,0.09099772963446542,15.000000000001679,0.20932904200162739,
4533,453,ok,1.867421023233478,0.13524908972662172,0.09982645265147483,0.10874935621002177,15.000000000001679,0.20798587502213195,
4534,453,ok,1.6974550374987334,0.3745018345499986,0.48898805552743946,0.10115615209131992,15.000000000001679,0.2042784999939613,
4535,453,ok,1.4618441667490625,0.5485319544759893,0.17386454693516323,0.08952411782056299,15.000000000001679,0.20699299999978393,
4536,453,ok,2.0624550223414895,-0.06072368864252181,0.08449022576128098,0.09896330049445587,15.000000000001679,0.1980424170033075,
4537,453,ok,1.6730650368025484,0.32716707514836263,-0.027867954776559897,0.10217715413497418,15.000000000001679,0.19532612498733215,
4538,453,ok,1.711694279452449,0.29163036388767494,-0.10663251248883125,0.08966976723967396,15.000000000001679,0.2086446660105139,
4539,453,ok,2.074429922377687,-0.07234801366401203,0.09291508552824429,0.07681989938206428,15.000000000001679,0.23134874997776933,
4540,453,ok,1.851809510759316,0.14848557539922416,0.03305752008114689,0.07741501226069593,15.000000000001679,0.2188495000009425,
4541,454,ok,1.6700822878781423,0.33211660522632813,0.08567280620209704,0.08766940807797245,15.000000000001679,0.19054854198475368,
4542,454,ok,1.3438294212866149,0.6670114254664645,0.1703495631886722,0.09746974154745852,15.000000000001679,0.17314929200801998,
4543,454,ok,1.0882834590310773,0.9119490098858799,0.022492890261804975,0.09532271417133302,15.000000000001679,0.17398016701918095,
4544,454,ok,1.5961950236279676,0.41908159356642105,-0.220307842924853,0.09098920099832458,15.000000000001679,0.17742270801682025,
4545,454,ok,2.11858505196119,-0.11128742934677831,0.17569295112687458,0.09471658369567469,15.000000000001679,0.17999612499261275,
4546,454,ok,1.9757407351753353,0.024376198886936675,-0.02149532755613517,0.0766001211032205,15.000000000001679,0.215036167006474,
4547,454,ok,1.6662682516254084,0.33463599796260457,-0.054887403771586095,0.09461281986281685,15.000000000001679,0.18228066700976342,
4548,454,ok,1.9684549938949139,0.03176469112937162,-0.02940802449616697,0.09551440988537388,15.000000000001679,0.17995845901896246,
4549,454,ok,1.3239416761060927,0.697878476067924,0.23937647888507765,0.10160969458180266,15.000000000001679,0.17429329198785126,
4550,454,ok,1.821554334889721,0.18986586143632317,0.20365312509723124,0.09773013345942917,15.000000000001679,0.17657745801261626,
4551,455,ok,2.2230611023621183,-0.22283242536223696,0.03188531940739438,0.07410784757136743,15.000000000001679,0.1741743750171736,
4552,455,ok,1.4784727558407171,0.5347542921701104,0.19732385930072016,0.09741329522976823,15.000000000001679,0.17381062501226552,
4553,455,ok,1.94848672136905,0.053164520230740565,-0.08020048667624641,-6.842833445563826e-05,15.000000000001679,0.1741853749845177,
4554,455,ok,1.8777376856423746,0.12808497234191352,-0.14775975537813604,0.07528212049466361,15.000000000001679,0.17936633399222046,
4555,455,ok,1.8073020542339324,0.2000985481772962,-0.16338751165469942,0.09680800357198399,15.000000000001679,0.17647645898978226,
4556,455,ok,1.5605800849178901,0.4606036795376208,0.25625996563883463,0.10324543216259649,15.000000000001679,0.17145304201403633,
4557,455,ok,1.7710512712922892,0.23297771633353145,-0.11939369569693442,0.09171409075257668,15.000000000001679,0.1741708750196267,
4558,455,ok,1.3229432433596577,0.6772063218023233,-0.019892462673890013,0.09495953918637394,15.000000000001679,0.17815345799317583,
4559,455,ok,2.0012413365897594,-0.001232952219260057,-0.005792946344619904,0.0822205649170409,15.000000000001679,0.18852441699709743,
4560,455,ok,1.8684002571616851,0.13160121315864168,-0.0023439905272629414,0.08142281234505148,15.000000000001679,0.182125499995891,
4561,456,ok,1.8575742997628857,0.2000385175456035,0.45904350645679143,0.09184075860769601,15.000000000001679,0.17852691700682044,
4562,456,ok,1.9250008684468478,0.07700953634557979,-0.087954648628008,0.10197056528986471,15.000000000001679,0.17208837499492802,
4563,456,ok,1.54875508747425,0.4529302140120154,0.07223156000297325,0.07812398514124948,15.000000000001679,0.17834941600449383,
4564,456,ok,1.8638638777290761,0.1401092015367413,0.12163376379513652,0.10455037070259783,15.000000000001679,0.17205150000518188,
4565,456,ok,1.9914363948943772,0.017636114644457784,0.18987454002048737,0.09778835213501172,15.000000000001679,0.17856258299434558,
4566,456,ok,1.7788864692234398,0.23584331330488087,0.22844748887903182,0.08320932984021236,15.000000000001679,0.18271820800146088,
4567,456,ok,1.7889744291189411,0.2110590694249552,0.01094782876804074,0.074041919815729,15.000000000001679,0.17718504200456664,
4568,456,ok,2.0550858059344357,-0.05451716571321738,-0.048341344033001894,0.09635526359735005,15.000000000001679,0.16939945900230668,
4569,456,ok,2.123174811292648,-0.11865666429616249,0.13843849948995077,0.07595141762632952,15.000000000001679,0.17663708399049938,
4570,456,ok,1.5657660387535004,0.4348181604195229,0.042767945488431346,0.09921471764365332,15.000000000001679,0.17539508300251327,
4571,457,ok,1.8693744557967906,0.1321643840445955,0.07583513535322464,0.10233315217377613,15.000000000001679,0.17126641698996536,
4572,457,ok,1.6906339618428528,0.31956768698112525,0.18544658071394884,0.09418265356984906,15.000000000001679,0.17880424999748357,
4573,457,ok,1.9451244516020425,0.05491209008748097,0.011922874330243997,0.08171552295306403,15.000000000001679,0.17929120900225826,
4574,457,ok,1.1365327574324464,0.9146740409816461,0.337304419475776,0.09946817818144954,15.000000000001679,0.1708433750027325,
4575,457,ok,2.103654722445305,-0.10315561034168147,0.04582215571907301,0.08653142483216086,15.000000000001679,0.17271512499428354,
4576,457,ok,2.159385620177644,-0.15117466891427953,0.18813240138669896,0.07323730017698948,15.000000000001679,0.1760864169918932,
4577,457,ok,1.3406546766907503,0.8285008272204893,0.6518777878634178,0.09784359325499528,15.000000000001679,0.17024337500333786,
4578,457,ok,1.8060905819047681,0.20138193251198983,0.16412262900282676,0.08290091232110376,15.000000000001679,0.18783199999597855,
4579,457,ok,1.8339536982221711,0.1660684415319002,-0.009011441479891719,0.09917314424020988,15.000000000001679,0.1745424160035327,
4580,457,ok,2.0101749255064814,-0.006951185675302327,0.11379881129206133,0.09904673374701231,15.000000000001679,0.17536858399398625,
4581,458,ok,1.319139547648504,0.692134381757205,-0.17209494701672995,0.09562762223845343,15.000000000001679,0.17556983401300386,
4582,458,ok,1.3540950518468888,0.687292794261501,0.33222462497300004,0.09687665262197757,15.000000000001679,0.17463279099320062,
4583,458,ok,1.5574429032026718,0.4950780462471042,0.4010465183104492,0.09552630280433153,15.000000000001679,0.17367495800135657,
4584,458,ok,1.1770330083372587,0.8968467262669857,0.41043825037097903,0.10156000576237063,15.000000000001679,0.1714646669861395,
4585,458,ok,2.1234012231375217,-0.035249190997045036,0.60546964000501,0.09503800779537296,15.000000000001679,0.1938992500072345,
4586,458,ok,1.8589464256006525,0.14191394043247868,-0.056550937165388795,0.09648705233991307,15.000000000001679,0.1729680419957731,
4587,458,ok,1.774768999893637,0.22733543455719918,0.08640220718793369,0.15318143637930998,15.000000000001679,0.18083925000973977,
4588,458,ok,1.9651474855810398,0.03607909064631279,-0.06942119192919322,0.09168244460859946,15.000000000001679,0.19715320799150504,
4589,458,ok,1.7978254770198363,0.20221972179348197,0.012748220005021212,0.07721330602176954,15.000000000001679,0.1951032920042053,
4590,458,ok,1.5392036754849583,0.4626625277173609,-0.0757723626530835,0.08652492869008162,15.000000000001679,0.17971191700780764,
4591,459,ok,1.5419396239604386,0.46467943434975667,0.14271848034040788,0.10398072730707851,15.000000000001679,0.1761887499887962,
4592,459,ok,1.8074319494537954,0.193057580013526,-0.042063556195017296,0.08025801926254054,15.000000000001679,0.18665787499048747,
4593,459,ok,1.4533077183211764,0.5602258954545773,-0.19787332314470843,0.097834784627526,15.000000000001679,0.17089220898924395,
4594,459,ok,0.8835081765051603,1.1738810679267822,0.31323187580717204,0.09481548164371104,15.000000000001679,0.17218145800870843,
4595,459,ok,1.7039546705246267,0.3185098127016495,-0.275775758945646,0.07859621286864639,15.000000000001679,0.17919691698625684,
4596,459,ok,1.8455282740451027,0.15503137000325595,-0.04544628288246041,0.07690765076438033,15.000000000001679,0.18221604198333807,
4597,459,ok,1.7296892122774723,0.2705533916286782,0.028968946511642647,0.07178235718789061,15.000000000001679,0.1754189579805825,
4598,459,ok,1.3775860154467794,0.6492696858017001,0.27068588485603806,0.09540865879445051,15.000000000001679,0.174035540985642,
4599,459,ok,1.967467910532387,0.03253360389877913,0.0024411446393011933,0.10498624324020878,15.000000000001679,0.17155999998794869,
4600,459,ok,1.7757887074157075,0.22694342368806328,-0.09846781495565926,0.08102063042766999,15.000000000001679,0.18260349999764003,
4601,460,ok,1.472787682245992,0.5324043083769642,0.12355744779261027,0.09903311480242696,15.000000000001679,0.17580674999044277,
4602,460,ok,2.0652078284582136,-0.06381029167385392,-0.07596350904329988,0.09853340032583086,15.000000000001679,0.16888237500097603,
4603,460,ok,1.499814420624372,0.5096367128152919,0.16810879966501374,0.09942595420648485,15.000000000001679,0.16858762499759905,
4604,460,ok,2.0493571126242096,-0.04934122507964124,0.008069588125298732,0.08419111375716595,15.000000000001679,0.19057312500081025,
4605,460,ok,1.8721784861808453,0.12843789034261777,0.04803700462362221,0.10336344382959275,15.000000000001679,0.1740024590108078,
4606,460,ok,1.9895669702730117,0.010435168921186599,-0.002917556454265649,0.07622442643032308,15.000000000001679,0.1935336250171531,
4607,460,ok,0.958375623638271,1.0530391115865345,0.147475122645228,0.09657438217870891,15.000000000001679,0.173814791982295,
4608,460,ok,2.079802246384862,-0.07590123425586753,-0.12732419126969988,0.10391915294112442,15.000000000001679,0.17703591697500087,
4609,460,ok,1.380751683065374,0.6192536056433988,-0.003821617342024081,0.09531255255376392,15.000000000001679,0.17542795799090527,
4610,460,ok,1.5707695347752975,0.43305718937686494,-0.10957718564863089,0.08127410333624459,15.000000000001679,0.18066112499218434,
4611,461,ok,1.1264921639126724,0.8873050639172805,0.1757685255457525,0.09715270028986377,15.000000000001679,0.17736566602252424,
4612,461,ok,1.3463346059539156,0.6628385640145535,0.1568953960523505,0.09198423920634362,15.000000000001679,0.1758843339921441,
4613,461,ok,1.734627281374028,0.2657312550692236,0.03526649462707267,0.09684776504288646,15.000000000001679,0.17739649998839013,
4614,461,ok,2.0884416165239883,-0.08668390820315795,0.08566593766091771,0.07630480897610059,15.000000000001679,0.18518933301675133,
4615,461,ok,1.7586497033390682,0.24636928830526866,-0.13277087804041496,0.07862587175996752,15.000000000001679,0.18509750001248904,
4616,461,ok,1.8425699132432416,0.15844926777198182,0.06127630716399786,0.08835282707432895,15.000000000001679,0.18150516698369756,
4617,461,ok,1.5141210973830617,0.4937796432820881,0.15447632358731558,0.09403987345360239,15.000000000001679,0.17629304199363105,
4618,461,ok,2.0905652510091635,-0.08741723431401686,0.11468373300441288,0.09924265372369417,15.000000000001679,0.17471150000346825,
4619,461,ok,2.006595016300068,-0.006237904172789145,0.037855399887521304,0.07482454758435016,15.000000000001679,0.1906029999954626,
4620,461,ok,2.0512958085443413,-0.05107632088268089,0.030007000282397278,0.07476527806903328,15.000000000001679,0.18034762499155477,
4621,462,ok,2.171956127537742,-0.17119298983879216,0.0575710067970885,0.07852508795136055,15.000000000001679,0.18178775001433678,
4622,462,ok,1.5940125572903805,0.41860613522187273,-0.20017361774598952,0.08534427761637817,15.000000000001679,0.18225229100789875,
4623,462,ok,1.3936435494618753,0.608125323828263,-0.07019422190263724,0.088316122660146,15.000000000001679,0.18128537500160746,
4624,462,ok,1.1649436981374817,0.8354568270730417,-0.030545346936070743,0.09353984255324602,15.000000000001679,0.17509295800118707,
4625,462,ok,1.9244344706721872,0.07577238732943184,0.028215714548233906,0.14617576427667614,15.000000000001679,0.17696258399519138,
4626,462,ok,1.7166318059805046,0.30823448296887085,0.29112573346972465,0.10418574418455184,15.000000000001679,0.1685022079909686,
4627,462,ok,1.984736193416409,0.015430334825859942,0.02570994997387079,0.07341944642177384,15.000000000001679,0.1820154589950107,
4628,462,ok,2.0719422092708206,-0.07000307448568169,-0.08962025539951526,0.10269334031273301,15.000000000001679,0.1723278329882305,
4629,462,ok,1.494882058584793,0.5068485166062827,0.07190978179532109,0.0847742300762884,15.000000000001679,0.17777895799372345,
4630,462,ok,1.9422895493829817,0.09151371796615869,-0.3607891419250192,0.07565546119284079,15.000000000001679,0.1822223329800181,
4631,463,ok,1.7631831195259866,0.24290544633562616,0.14640164775160247,0.08066230285910683,15.000000000001679,0.18956874997820705,
4632,463,ok,1.9559143543570556,0.0495924099601636,0.1466669502477481,0.07467357568148113,15.000000000001679,0.17819420900195837,
4633,463,ok,1.846607708952583,0.15341059499938192,-0.008221928154041245,0.07755208859227958,15.000000000001679,0.2009306249965448,
4634,463,ok,1.5498166540754736,0.4559988599292172,0.13413478560694095,0.09522606382069886,15.000000000001679,0.17247187500470318,
4635,463,ok,1.8057492429938595,0.1942547749307408,-0.003809292909127789,0.07674558770634539,15.000000000001679,0.19054050001432188,
4636,463,ok,1.7498389337574791,0.2508060161939816,-0.047504748292582805,0.08174270825129475,15.000000000001679,0.1788962909777183,
4637,463,ok,2.041870009781331,-0.03878228127778739,0.11224948281464331,0.10363425254643273,15.000000000001679,0.16770379201625474,
4638,463,ok,1.4767805159877174,0.5669353218454132,0.3566599509710043,0.0927333995922724,15.000000000001679,0.18592483398970217,
4639,463,ok,1.5152371903275867,0.4874242986557465,0.08976909632372773,0.09422844867510069,15.000000000001679,0.17142749999766238,
4640,463,ok,1.7462935993515607,0.2551118960406325,-0.07004883865784083,0.09756737451602454,15.000000000001679,0.17345945799024776,
4641,464,ok,1.5659764052541683,0.44418442858456136,-0.17810112170904152,0.10277146346750846,15.000000000001679,0.1814919160096906,
4642,464,ok,1.8505208458608067,0.25595764450975417,0.6186628025196204,0.09652783299759683,15.000000000001679,0.17541137500666082,
4643,464,ok,1.892606433866769,0.10740818244052121,0.00743811943959684,0.09548420329198765,15.000000000001679,0.17054545800783671,
4644,464,ok,1.1657204538658883,0.8417730306190172,0.13196387369214474,0.10051986165573297,15.000000000001679,0.17781745799584314,
4645,464,ok,1.6429540353728733,0.3590700169053585,-0.08152762065108994,0.09136894077663363,15.000000000001679,0.17592704101116396,
4646,464,ok,1.8558843721775151,0.1845847478936072,0.38545332442749997,0.09681393094271408,15.000000000001679,0.17369720799615607,
4647,464,ok,0.9834639488093158,1.1163253590310793,0.43164854629207494,0.09984433596517345,15.000000000001679,0.17190729102003388,
4648,464,ok,1.2888517689743686,0.7138213684528067,-0.08296631930939471,0.09976347132057789,15.000000000001679,0.16976275001070462,
4649,464,ok,1.738031560107813,0.31609251138353034,0.4303594703409842,0.0969043293269337,15.000000000001679,0.17386358298244886,
4650,464,ok,1.7292453134152947,0.271274882435622,0.042412520212640546,0.10276555358550025,15.000000000001679,0.17750708298990503,
4651,465,ok,1.981255738302023,0.019105613347616228,0.03783820138128979,0.07495138884830471,15.000000000001679,0.185302290978143,
4652,465,ok,1.0212791569464954,0.9958931108780008,0.18649523219397607,0.09564101147019745,15.000000000001679,0.1754651250084862,
4653,465,ok,1.246973745203135,0.7578051435967484,0.10906630988182886,0.09505421391548881,15.000000000001679,0.18194404197856784,
4654,465,ok,1.673290526603566,0.33373830469874427,-0.1532094944610961,0.08397873674864335,15.000000000001679,0.18265262499335222,
4655,465,ok,1.9138409123927045,0.09578172810403489,0.1916763181138569,0.09272172810292871,15.000000000001679,0.18173850001767278,
4656,465,ok,1.5827073638930202,0.42994959308524777,0.19976065545550695,0.09881055604378157,15.000000000001679,0.1737931249954272,
4657,465,ok,1.843440486020065,0.15721592946414736,0.04919039415584735,0.08035175553868243,15.000000000001679,0.1817394579993561,
4658,465,ok,1.1029669539966487,0.9464875390605453,0.3265694355783152,0.09919440480948193,15.000000000001679,0.1754104170249775,
4659,465,ok,1.9371511688280458,0.06350546927740092,-0.05043395060200127,0.07108284904612547,15.000000000001679,0.1805778330017347,
4660,465,ok,1.8751178319010047,0.12502616589317458,0.023238006108003084,0.07558258890127172,15.000000000001679,0.18317241600016132,
4661,466,ok,1.6037007747705598,0.39853905318425864,-0.0847290435666776,0.09861759983148541,15.000000000001679,0.17629824997857213,
4662,466,ok,1.9774171494559543,0.022935655724592077,0.03735186149796388,0.07507340687821523,15.000000000001679,0.19592583301709965,
4663,466,ok,1.792817776931736,0.2093815772020581,0.08877637759597601,0.10403452723848966,15.000000000001679,0.17331066602491774,
4664,466,ok,1.8223406727912927,0.198130431739925,0.2723813258791303,0.07984388355648063,15.000000000001679,0.1917137919808738,
4665,466,ok,1.8069143983248277,0.1931133062902394,-0.010005946641070403,0.0720398275681509,15.000000000001679,0.17891945800511166,
4666,466,ok,1.9083891392745134,0.09448517060448695,-0.10470120273763206,0.08928599584197541,15.000000000001679,0.16424429099424742,
4667,466,ok,1.7912684257111655,0.24341125050739218,-0.3507684964556443,0.1027063071459464,15.000000000001679,0.18593333300668746,
4668,466,ok,1.946664615350003,0.05370334547553899,-0.037847816881101524,0.08673320078205494,15.000000000001679,0.18527904199436307,
4669,466,ok,1.543166192942661,0.49690062316553574,0.34936250857954293,0.07902691971070648,15.000000000001679,0.18325741699663922,
4670,466,ok,2.0785588463005795,-0.07205121955085374,-0.16434908302821918,0.07596512462333192,15.000000000001679,0.17405691699241288,
4671,467,ok,1.9015124964217482,0.18389581670839397,0.5634850215212448,0.09805714590806008,15.000000000001679,0.17324108301545493,
4672,467,ok,1.6698974952145231,0.33105202674667733,0.05630548017169533,0.09749252992887868,15.000000000001679,0.17020300001604483,
4673,467,ok,1.2851741443913343,0.7172011983319216,-0.07810131785661988,0.09857776900335713,15.000000000001679,0.17566499998793006,
4674,467,ok,1.7789394650378128,0.22130506532544214,0.02949490857909869,0.08060518449311425,15.000000000001679,0.18532962500466965,
4675,467,ok,1.9385708891468112,0.06243465381246527,0.062430933844021,0.07312513577307268,15.000000000001679,0.18492766600684263,
4676,467,ok,1.8878135857758982,0.11362745607217471,0.07374795017706219,0.1053740098114367,15.000000000001679,0.17634695800370537,
4677,467,ok,2.0360979295084745,-0.032527241476367805,0.12053128724594343,0.07297904655239427,15.000000000001679,0.1798749589943327,
4678,467,ok,2.064761606604764,-0.06188793389332443,-0.10889738368851452,0.09875751287005528,15.000000000001679,0.18113420900772326,
4679,467,ok,1.6742801005513335,0.35323261966785374,-0.3022764466116796,0.08877574640736247,15.000000000001679,0.1837215409905184,
4680,467,ok,2.1381587730197134,-0.1367044940900056,-0.07884696301531417,0.09897147504035803,15.000000000001679,0.17367691700928845,
4681,468,ok,1.8938716469078358,0.10614785387907061,0.008594393204176634,0.0847448499169036,15.000000000001679,0.18802454200340435,
4682,468,ok,1.9713163737279524,0.030657410252598463,0.08819302429853795,0.08012090293078228,15.000000000001679,0.1826622920052614,
4683,468,ok,1.9591873434289888,0.0409507696715944,-0.023262841658335066,0.08184287980159892,15.000000000001679,0.18262433301424608,
4684,468,ok,1.8520591724579871,0.14802937019397244,-0.018109793528095344,0.08981287227452123,15.000000000001679,0.1739044589921832,
4685,468,ok,1.821192452520259,0.18409745824241194,-0.13870799528176608,0.07565654286622724,15.000000000001679,0.18641824999940582,
4686,468,ok,1.9905666115510625,0.01040195620127831,0.062089122510941376,0.07568478149537954,15.000000000001679,0.18167104202439077,
4687,468,ok,1.0879747184360065,0.9547093244836931,0.3017555163283191,0.09648777670055532,15.000000000001679,0.17432874999940395,
4688,468,ok,1.682192512779577,0.33041781809468235,0.2055893672249262,0.09822709208771781,15.000000000001679,0.17413037500227802,
4689,468,ok,1.7365064862843902,0.3182487359412954,0.43262855054273447,0.09030229790856184,15.000000000001679,0.18079741700785235,
4690,468,ok,1.643430722221703,0.3566132989869662,0.01202870215965866,0.08138175321988957,15.000000000001679,0.18033925001509488,
4691,469,ok,1.2780483503369837,0.7281346219464037,0.12556291613238324,0.09760412752652264,15.000000000001679,0.18802724999841303,
4692,469,ok,1.9798812166778632,0.02015724590435691,0.012341037589866537,0.07536422202224836,15.000000000001679,0.18323716599843465,
4693,469,ok,1.769582065890428,0.23348328738394572,0.10411240065046574,0.08151104441003855,15.000000000001679,0.17447958400589414,
4694,469,ok,1.6929126595316448,0.3301948362558878,-0.2787543505239069,0.08759762726227414,15.000000000001679,0.1852898329962045,
4695,469,ok,1.6602861810209066,0.34030759554093476,-0.04439961114551632,0.08404816017577788,15.000000000001679,0.1798152499832213,
4696,469,ok,1.7428728752390108,0.2645963544133207,-0.16118326876062505,0.09738157969859185,15.000000000001679,0.1792990830144845,
4697,469,ok,1.8441345594523948,0.15756156254165754,-0.07907513858818087,0.07946109306578011,15.000000000001679,0.1935391669976525,
4698,469,ok,1.836028189636488,0.16402245303084784,-0.013636721195877843,0.08174380525929222,15.000000000001679,0.18838116698316298,
4699,469,ok,1.9829335349170305,0.017306291324931423,0.030839284668293332,0.10443107856919194,15.000000000001679,0.17947329202434048,
4700,469,ok,1.6549147347351225,0.36056990517675774,0.22585779471002554,0.09112883959982634,15.000000000001679,0.18325391598045826,
4701,470,ok,1.449711738684529,0.5538203933550264,0.10113689042040706,0.10120275075495483,15.000000000001679,0.17021216699504294,
4702,470,ok,1.2362702746814922,0.7718091779977188,0.14110810327693094,0.09801308160744779,15.000000000001679,0.17238070801249705,
4703,470,ok,1.7913675360101087,0.20975054567149862,-0.06328143762139804,0.09745110892393627,15.000000000001679,0.1751774159783963,
4704,470,ok,1.4324150590291442,0.5719130772587648,-0.11126833524833811,0.09071273969169646,15.000000000001679,0.17711474999669008,
4705,470,ok,2.0330382049067213,-0.030546921795740353,-0.10061580887806351,0.07747078343404686,15.000000000001679,0.1918451250239741,
4706,470,ok,1.9684804457960297,0.0363446721352384,0.13774258175913137,0.07502319910112645,15.000000000001679,0.23992704198462889,
4707,470,ok,1.1461001615572073,0.8691916301150198,0.1865958491487159,0.09688841639784812,15.000000000001679,0.17228191602043808,
4708,470,ok,1.5999466398411195,0.43682018021143865,-0.3410250743635868,0.09398089029532304,15.000000000001679,0.16957545801415108,
4709,470,ok,1.6170664484514965,0.3852990178898349,-0.08743361527470016,0.09102894174382531,15.000000000001679,0.17983829200966284,
4710,470,ok,1.2353641554290336,0.8103227086837703,0.332855132220262,0.09708329076807744,15.000000000001679,0.1724860840186011,
4711,471,ok,1.4939143349267732,0.5117193535519963,0.1296177360858273,0.10070767187845736,15.000000000001679,0.17434187498292886,
4712,471,ok,1.3809194573428034,0.6505525541651308,0.2931384290701082,0.10043768065509504,15.000000000001679,0.1742976249952335,
4713,471,ok,1.0055444417992474,1.0065342624785174,0.15538807162796206,0.09901375585149866,15.000000000001679,0.17220262499176897,
4714,471,ok,2.0266887646718215,-0.026497515184482717,-0.027841871311227687,0.09177363680425132,15.000000000001679,0.16909158299677074,
4715,471,ok,1.2973793876098736,0.7656769456314411,0.39954958747224656,0.09937530772651205,15.000000000001679,0.17293595900991932,
4716,471,ok,1.8524831655007183,0.14820506975744968,-0.05049172993224293,0.08373410312335725,15.000000000001679,0.18556512499344535,
4717,471,ok,1.800697309049334,0.24891980073344694,-0.4197963012630308,0.0927788221491248,15.000000000001679,0.17438762498204596,
4718,471,ok,2.0465931641460866,-0.045214382672760164,0.07511130699149393,0.07432838249958414,15.000000000001679,0.1849081669934094,
4719,471,ok,1.2316809155437132,0.7727323369425577,0.10417274561095077,0.10108869960394655,15.000000000001679,0.17328149999957532,
4720,471,ok,1.8527232627446857,0.14783421867092128,-0.04544674673678014,0.07961326257604738,15.000000000001679,0.18379758298397064,
4721,472,ok,1.316943053381415,0.6887454991591028,0.12227280921797039,0.09424147770910217,15.000000000001679,0.1740388750040438,
4722,472,ok,1.8418325340841681,0.15968835430501072,-0.07483401853641604,0.07968113094989868,15.000000000001679,0.1939325419953093,
4723,472,ok,1.9376916267447228,0.06245645665432653,0.023955333354017793,0.07748705296190367,15.000000000001679,0.23633441602578387,
4724,472,ok,1.4869580381369065,0.5555618336184054,0.35304757566103545,0.09724611469567922,15.000000000001679,0.18789637499139644,
4725,472,ok,2.0902214284506995,-0.0882713255179631,-0.0902689923170363,0.10974236302287685,15.000000000001679,0.18106141698081046,
4726,472,ok,1.848690651180131,0.15662480186098998,0.14008926670799074,0.08997260513757882,15.000000000001679,0.19675574998836964,
4727,472,ok,1.6883339842874836,0.31166671322641515,0.0015346896601198163,0.07846003832175955,15.000000000001679,0.21112883399473503,
4728,472,ok,2.1776965634468444,-0.1562525920352042,0.30485583771622016,0.07517641014222752,15.000000000001679,0.19795291699119844,
4729,472,ok,1.0525853353733883,1.024393651659272,0.3951305370638649,0.09758667656636581,15.000000000001679,0.20823466600268148,
4730,472,ok,1.7001143096023312,0.30170462421129873,0.07862240322786261,0.10121657833441693,15.000000000001679,0.20443691601394676,
4731,473,ok,1.3047272359595048,0.6959343555172353,0.04154461618886953,0.0977227332356998,15.000000000001679,0.19678150000981987,
4732,473,ok,1.5313103978970726,0.5202241742731297,-0.3939226323810931,0.0989348150532372,15.000000000001679,0.1946445829817094,
4733,473,ok,1.901814526199468,0.09824949448833992,0.015604706003360348,0.08278967408773506,15.000000000001679,0.22908537500188686,
4734,473,ok,1.518008064344952,0.5036849743536888,0.25571434735146786,0.09848808103271,15.000000000001679,0.21433491702191532,
4735,473,ok,2.0725796032762025,-0.057184209116108706,0.25214944314804905,0.1077868496135642,15.000000000001679,0.2006063750013709,
4736,473,ok,1.926268840923309,0.07429672103763409,0.04667471377117026,0.07485320597599465,15.000000000001679,0.2032468749966938,
4737,473,ok,1.725155515076451,0.28029230487693196,0.1369926805825766,0.08990234808854772,15.000000000001679,0.17100141698028892,
4738,473,ok,2.0111338070087648,-0.01111630347400994,0.008390684990029769,0.07338639340261764,15.000000000001679,0.17633183300495148,
4739,473,ok,1.199700171038111,0.8003786425541126,0.013751332610306397,0.09506917551422699,15.000000000001679,0.17333449999568984,
4740,473,ok,2.078064934054121,-0.07053541999655576,-0.17673976543224182,0.10254351285464883,15.000000000001679,0.18247645799419843,
4741,474,ok,2.0575744707339365,-0.0548726122641021,0.10540991406383006,0.07353323417945343,15.000000000001679,0.1780071250104811,
4742,474,ok,1.9606540434624198,0.0399457749216253,0.04849446254932448,0.073014190585842,15.000000000001679,0.17493016700609587,
4743,474,ok,1.714313176980925,0.28626456619658863,0.04450316502301188,0.10132487233441928,15.000000000001679,0.1699197499838192,
4744,474,ok,1.9483529758711684,0.051805934912512695,-0.024883796814957497,0.10941999850645269,15.000000000001679,0.17269783301162533,
4745,474,ok,1.7887875680723058,0.2116647524958801,-0.04022444809332269,0.08535480650959015,15.000000000001679,0.1784016250167042,
4746,474,ok,1.9985393050790963,0.002638737196085783,-0.06861005608794421,0.07583473582725658,15.000000000001679,0.16453929099952802,
4747,474,ok,1.0447469398740497,1.035416412461481,0.40134109062929446,0.09910302561321135,15.000000000001679,0.1744495419843588,
4748,474,ok,1.5671880226011656,0.4347163649017866,0.0772362601261533,0.08712413175069834,15.000000000001679,0.17484066597535275,
4749,474,ok,1.554563955521399,0.44606191754716296,-0.04410813654121054,0.09829480966625147,15.000000000001679,0.1768992500146851,
4750,474,ok,2.285033532599333,-0.2428920531805229,0.4368220265543443,0.07741093535593357,15.000000000001679,0.18051025000750087,
4751,475,ok,1.6300716536429847,0.4112643893682836,0.3647639723451885,0.10389774183327075,15.000000000001679,0.17001375000108965,
4752,475,ok,1.9069913299128103,0.09383107082134415,-0.055999516038315524,0.0776370172381004,15.000000000001679,0.19655620900448412,
4753,475,ok,1.7962479454249025,0.20520068127459357,0.07212549442465604,0.07775461775635335,15.000000000001679,0.18786083298618905,
4754,475,ok,1.4230510059417452,0.5822732954702483,0.12298437614194327,0.09241664100507721,15.000000000001679,0.17780516698257998,
4755,475,ok,2.049932194757331,-0.0458851867423324,0.1287470612126685,0.07608414783739935,15.000000000001679,0.18403541599400342,
4756,475,ok,1.3683202720223786,0.6699447725899642,0.3213307624032191,0.09600084926023146,15.000000000001679,0.1752780830138363,
4757,475,ok,2.0849566668247053,-0.07958442885539305,0.14957575271070336,0.07514551780630738,15.000000000001679,0.17704662500182167,
4758,475,ok,1.2815210706218603,0.733493806102931,0.1955973293993537,0.10029048070585349,15.000000000001679,0.1718634159769863,
4759,475,ok,1.9710838175592746,0.04243853475096547,0.23048758234685152,0.0795288471278589,15.000000000001679,0.18441399998846464,
4760,475,ok,1.1890244996018287,0.9202929876825452,0.49800806038245415,0.09881768588762255,15.000000000001679,0.17102433400577866,
4761,476,ok,2.0199794225043464,-0.010228535109031696,-0.19823749386629466,0.07899428164301144,15.000000000001679,0.18655174999730662,
4762,476,ok,1.9001165847893484,0.10297781297048876,-0.10839676060338362,0.07239813663504509,15.000000000001679,0.16972962499130517,
4763,476,ok,1.8397296443714748,0.16091218467073534,-0.04859189116123513,0.07661566642508874,15.000000000001679,0.1964245840208605,
4764,476,ok,1.6234034856241304,0.4060664538529666,0.30792000195459807,0.09683479915272035,15.000000000001679,0.1725808340124786,
4765,476,ok,1.7152906228915201,0.287099709233321,0.09052355975659165,0.07613181810196988,15.000000000001679,0.19296774998656474,
4766,476,ok,1.9086430683883153,0.09178543271960503,0.040441658295104925,0.10008123482144268,15.000000000001679,0.17283745799795724,
4767,476,ok,1.6867396784801252,0.3169230094484064,-0.11109719544177007,0.09846783704264324,15.000000000001679,0.17268362498725764,
4768,476,ok,1.7777359506639778,0.22712241977306355,-0.131340000806455,0.0813278488317564,15.000000000001679,0.18159004100016318,
4769,476,ok,0.9431745463689012,1.083386995224291,0.22225846304298202,0.09884082182432086,15.000000000001679,0.172966667014407,
4770,476,ok,1.6018069571397953,0.3987035452375064,0.04043750618571154,0.09239237774081982,15.000000000001679,0.17464724997989833,
4771,477,ok,1.7796430175335878,0.22082523963973094,0.04082207678491033,0.07743927852108277,15.000000000001679,0.1952795419783797,
4772,477,ok,2.0411652878121718,-0.04110149541389736,-0.016137459171070866,0.10489749939024909,15.000000000001679,0.17946833302266896,
4773,477,ok,1.6077250248453976,0.3932548761614031,-0.056123636152931804,0.08092244358969009,15.000000000001679,0.18382279100478627,
4774,477,ok,1.7053757741687587,0.29542256825376306,0.05217576356025801,0.09264281152009511,15.000000000001679,0.1768785000022035,
4775,477,ok,1.451533394797299,0.5558176696276115,-0.1458992558306892,0.08782458370276776,15.000000000001679,0.17749050000566058,
4776,477,ok,1.967981975112211,0.03391642256943855,0.08642002617683163,0.07875622715551192,15.000000000001679,0.1860997089825105,
4777,477,ok,1.726483091545816,0.2740869554153651,0.044362460777042055,0.0926814124833889,15.000000000001679,0.18323208298534155,
4778,477,ok,1.8029267941954275,0.1975955767445723,-0.043397237896790335,0.08696138279557877,15.000000000001679,0.174910000001546,
4779,477,ok,2.012923782718237,-0.012659263883224374,-0.03263192513065942,0.10364292174617568,15.000000000001679,0.17137337499298155,
4780,477,ok,1.324292513155384,0.7026922791952314,0.2659761980699386,0.09754787908156154,15.000000000001679,0.1715734580066055,
4781,478,ok,1.7185855474438128,0.2828058524064001,0.06914147346592635,0.09943640162186058,15.000000000001679,0.17609333401196636,
4782,478,ok,2.0401654592303746,-0.021942772934879153,-0.27207080698431624,0.10394192861728176,15.000000000001679,0.1717467080161441,
4783,478,ok,1.9292013292858543,0.07978230461726203,0.18596174675807312,0.07996459191510692,15.000000000001679,0.17682166598387994,
4784,478,ok,1.9141826740884083,0.08585239280143653,0.011586528223055274,0.07894837546662117,15.000000000001679,0.18132520801736973,
4785,478,ok,1.6845986315364148,0.338164953229454,-0.27600149763995596,0.08454322598040474,15.000000000001679,0.18556633399566635,
4786,478,ok,1.796177790981468,0.21419417095779086,-0.1927490538859635,0.0837047785871748,15.000000000001679,0.18390624999301508,
4787,478,ok,1.6473073719265625,0.36454814156799253,0.19727847412956928,0.10444458914641121,15.000000000001679,0.17145470800460316,
4788,478,ok,1.8155669265305396,0.18854828394074002,0.12217178519409273,0.07714856944709807,15.000000000001679,0.19582854199688882,
4789,478,ok,1.998632466079796,0.0052834409131039374,-0.12505032336120236,0.07430309817105211,15.000000000001679,0.18648891698103398,
4790,478,ok,1.6187786687063201,0.4480884457921435,0.4604507641157321,0.09399458753749802,15.000000000001679,0.17378758400445804,
4791,479,ok,1.4501303310406404,0.5539950555058502,-0.10930543217291527,0.09330058852662586,15.000000000001679,0.1859006249869708,
4792,479,ok,1.8661503321578212,0.14259175065154195,0.1804207789170715,0.10208730761756574,15.000000000001679,0.1737391249916982,
4793,479,ok,1.2667279677706151,0.7332985314166537,-0.008193523116875113,0.09476257916148817,15.000000000001679,0.17875937500502914,
4794,479,ok,1.9396900890563926,0.062225291470804245,0.08617900305867106,0.10096422708672606,15.000000000001679,0.17388558402308263,
4795,479,ok,2.095315529768271,-0.0946157094309612,-0.05414978386957294,0.08443150818024202,15.000000000001679,0.18125712501932867,
4796,479,ok,1.8824685409828599,0.11753860177908203,-0.005185749539181953,0.07526411877291671,15.000000000001679,0.19214491598540917,
4797,479,ok,1.92837805649018,0.07209757645580323,0.042827258203812855,0.08986544899231538,15.000000000001679,0.17482416599523276,
4798,479,ok,1.5157662515630397,0.48427922901200837,0.011741966319003733,0.09821105168509629,15.000000000001679,0.17308524998952635,
4799,479,ok,1.7387950587513141,0.2618127139033378,-0.0459697160085426,0.08123863800701467,15.000000000001679,0.18873145899851806,
4800,479,ok,1.807612333190354,0.22774528925795687,-0.3557746300040402,0.08992184469281456,15.000000000001679,0.18332733298302628,
4801,480,ok,1.3156205695182703,0.6848673171196602,0.03582609886015104,0.09636893463170791,15.000000000001679,0.18279308400815353,
4802,480,ok,1.3011820932810068,0.7055562163682398,0.132250258571525,0.09654061112047807,15.000000000001679,0.18481841700850055,
4803,480,ok,0.9892343496870307,1.0481627554846669,0.2694261653109817,0.09925031479142385,15.000000000001679,0.18195404100697488,
4804,480,ok,1.993279487885668,0.007664439628079044,-0.06133621852751359,0.0975818520724239,15.000000000001679,0.17774233300588094,
4805,480,ok,0.8946715737771548,1.1375752870440852,0.23803537427827579,0.09497512700697272,15.000000000001679,0.17930275000981055,
4806,480,ok,1.5899135828954143,0.44094457088732775,0.3117232266444613,0.08847453664848683,15.000000000001679,0.1791008749860339,
4807,480,ok,1.942203947065084,0.0718536981516411,0.23325524788027668,0.08117523071314815,15.000000000001679,0.189061999990372,
4808,480,ok,1.3696436333087885,0.6311543468509289,-0.04674676585809468,0.098725491602858,15.000000000001679,0.17574237499502487,
4809,480,ok,1.8906811155131518,0.12568479378782033,0.24822890307103815,0.09125505320987354,15.000000000001679,0.18739133299095556,
4810,480,ok,1.6387237139727957,0.36222720118795987,-0.05581818886500564,0.09924112549585716,15.000000000001679,0.18174912501126528,
4811,481,ok,1.835373357562228,0.21589123403160543,-0.4307566283227438,0.08417306175909874,15.000000000001679,0.19083920802222565,
4812,481,ok,1.9679642596041393,0.05051103125604033,-0.26902804282245507,0.0812300816852731,15.000000000001679,0.18723329197382554,
4813,481,ok,2.0947869650225646,-0.0887193465479697,0.15932331965117286,0.07474695586794741,15.000000000001679,0.1898688749934081,
4814,481,ok,1.6785079726195486,0.32248210849664233,0.05764319416476582,0.082882978514249,15.000000000001679,0.19245279100141488,
4815,481,ok,1.490075076605887,0.5214198780859925,-0.18472833297250177,0.09937050243178504,15.000000000001679,0.17242320798686706,
4816,481,ok,1.8445784632902296,0.1684094286442432,-0.2185078629130702,0.07888192027813397,15.000000000001679,0.19133545897784643,
4817,481,ok,2.0430695292055003,-0.04209386975289866,-0.06313262457411885,0.10461312664570968,15.000000000001679,0.17793499998515472,
4818,481,ok,1.9718782537765682,0.029579531114605425,-0.0758091255350572,0.10218846853560992,15.000000000001679,0.1742842920066323,
4819,481,ok,1.7789869923728157,0.22374278035429265,0.09851400249800583,0.08425230447544861,15.000000000001679,0.18479879200458527,
4820,481,ok,2.192933288433041,-0.19103985876034033,0.09110842354700462,0.07503855195992862,15.000000000001679,0.18210983299650252,
4821,482,ok,2.0528216433834507,-0.05251968461640979,-0.035208575740636135,0.09788054352401748,15.000000000001679,0.18225824998808093,
4822,482,ok,1.9825073722680133,0.01758160608044456,-0.018782772597084926,0.07284253267861902,15.000000000001679,0.1740591670095455,
4823,482,ok,1.8697076973868436,0.13637347160795274,-0.15067526784784296,0.07864255840965055,15.000000000001679,0.18477704099495895,
4824,482,ok,1.6079153754595028,0.39995724334507143,-0.15891831711659385,0.08578428449486626,15.000000000001679,0.1845075419987552,
4825,482,ok,1.6842921507816655,0.32291192703143334,-0.1556137676791755,0.08493378068033822,15.000000000001679,0.18133570801001042,
4826,482,ok,2.053126442720819,-0.05308462423381908,-0.013104027400820414,0.1029510039901937,15.000000000001679,0.1808818340068683,
4827,482,ok,1.9171781771443523,0.08309468231237443,0.03234448854820391,0.07546798983621637,15.000000000001679,0.1855270839878358,
4828,482,ok,2.023485379556524,-0.014710096014075191,0.1882453460194066,0.12353414951080137,15.000000000001679,0.18260925001231954,
4829,482,ok,1.8547950348653088,0.1463234747481504,0.06440466668829836,0.08040022143296505,15.000000000001679,0.19067320902831852,
4830,482,ok,1.833128493168343,0.16688318103079422,-0.006542207414896437,0.07914269528375045,15.000000000001679,0.17923454201081768,
4831,483,ok,1.8619318839238703,0.13815544410663433,0.0180330269929614,0.07329229558054247,15.000000000001679,0.18058887499500997,
4832,483,ok,1.8572939896228169,0.14722449518620265,-0.12947545192436588,0.0759913476481718,15.000000000001679,0.1900643749977462,
4833,483,ok,1.8938888200671176,0.10614809080583942,0.01182407784360368,0.07589122750254418,15.000000000001679,0.18928529199911281,
4834,483,ok,1.7690665058554682,0.23093421558015167,0.001597665378698956,0.07534515223731875,15.000000000001679,0.17739341699052602,
4835,483,ok,1.100322115684672,0.9056791884078166,0.11476375551984147,0.0988059586723639,15.000000000001679,0.18606766598531976,
4836,483,ok,1.926647544646214,0.08083412535145591,0.1696263743519099,0.09713703832024702,15.000000000001679,0.17269537498941645,
4837,483,ok,1.8749207725194281,0.12802387873443138,0.10503953844322687,0.07439444223846299,15.000000000001679,0.17840595802408643,
4838,483,ok,2.0086745541653723,-0.004784986579271328,0.12494247531487485,0.09687342668555214,15.000000000001679,0.17273916699923575,
4839,483,ok,1.9253065899009207,0.11247895176636528,-0.3795652217879211,0.0850639916403813,15.000000000001679,0.17753566699684598,
4840,483,ok,2.0868488137275216,-0.08421257369980362,0.10486142754895424,0.07323298614913985,15.000000000001679,0.17262783300247975,
4841,484,ok,1.6751271253679836,0.34115676862697913,-0.23300218855521215,0.09016103340167092,15.000000000001679,0.1801532500248868,
4842,484,ok,1.9727257971910348,0.027275968633345027,-0.002639502130433811,0.0749926844678676,15.000000000001679,0.1936281670059543,
4843,484,ok,2.061646635143603,-0.05956126123762637,-0.09270522859159872,0.09582505054285748,15.000000000001679,0.1734784580185078,
4844,484,ok,1.9251901309678614,0.07500557062796807,-0.02744972245208646,0.06256311260716087,15.000000000001679,0.17836487499880604,
4845,484,ok,1.9813556440456863,0.018871534720441046,0.030003204008161328,0.08220946818094682,15.000000000001679,0.18010054199839942,
4846,484,ok,2.0093963719951655,-0.008517701370754834,0.05941736335174235,0.08350120394308472,15.000000000001679,0.17969750001793727,
4847,484,ok,1.8558016568115596,0.1447825209526728,-0.046560657875611755,0.07756841619941486,15.000000000001679,0.18370204101665877,
4848,484,ok,2.0890441294598987,-0.08706603346337159,0.09088865052543121,0.09606174748093266,15.000000000001679,0.17969650001032278,
4849,484,ok,1.8089766684637976,0.1942837072017482,-0.1085599234032451,0.0805993804490601,15.000000000001679,0.18666991699137725,
4850,484,ok,1.7725601342834518,0.24276141797196793,-0.23255536003945465,0.09905143669252993,15.000000000001679,0.17313774998183362,
4851,485,ok,1.981335239620626,0.02050632179288576,-0.08540556012692621,0.07573647809943992,15.000000000001679,0.19814245798625052,
4852,485,ok,1.3040036435032403,0.6982460938424322,0.07656546266587778,0.09506789071288212,15.000000000001679,0.1777116669982206,
4853,485,ok,2.007094766836036,-0.006210085152752745,0.05958604947457166,0.11415314275403443,15.000000000001679,0.1736154170066584,
4854,485,ok,1.9037142797912359,0.10296413977816293,0.15932044474410162,0.0758799091908021,15.000000000001679,0.21549750000122003,
4855,485,ok,1.4646256894096974,0.5471523287717177,0.18537004689374253,0.09944197296624187,15.000000000001679,0.17287924999254756,
4856,485,ok,1.7108399936452816,0.2954719075093283,0.14682460885797835,0.09796089510702513,15.000000000001679,0.17792833398561925,
4857,485,ok,1.4690518879470698,0.5398227636311853,-0.16123240329158714,0.08673327538300928,15.000000000001679,0.1796562089875806,
4858,485,ok,1.8601439977045406,0.13986254352134303,0.004933072201196669,0.0753804378630017,15.000000000001679,0.18217483299667947,
4859,485,ok,1.5539779705258006,0.44709505896087365,0.057738868847189685,0.09633674706620872,15.000000000001679,0.17418937498587184,
4860,485,ok,2.0107525202296617,-0.00981559593422761,-0.06137562993145505,0.07685542588713327,15.000000000001679,0.1847025410097558,
4861,486,ok,1.6519403062042075,0.34810076284789093,0.011648414412729563,0.0979194768096212,15.000000000001679,0.1788141249853652,
4862,486,ok,1.7446183544825569,0.269899760564869,-0.22460268098116434,0.08721865893828586,15.000000000001679,0.18860699998913333,
4863,486,ok,1.7497273483855196,0.2512642146512939,0.05889776506002205,0.07774280806615354,15.000000000001679,0.19458758301334456,
4864,486,ok,1.5800108930105647,0.4805495329654248,-0.4332490049157105,0.09705878307703439,15.000000000001679,0.18153291699127294,
4865,486,ok,2.010437167419131,0.007326710086094806,0.2666660154649477,0.09600877617844356,15.000000000001679,0.18023987498600036,
4866,486,ok,1.9185861866211447,0.08154459201807082,-0.0224009615498044,0.09583038734332915,15.000000000001679,0.17904291598824784,
4867,486,ok,2.0450087983655383,-0.044561723157470416,0.04275915798772425,0.0812116166731368,15.000000000001679,0.18254137501935475,
4868,486,ok,1.7495562295735563,0.25342483979174657,0.10208922657730737,0.09589296936192657,15.000000000001679,0.17746258300030604,
4869,486,ok,1.4728514801000239,0.5293297836272327,0.08012862851009332,0.09755589653062476,15.000000000001679,0.17474662497988902,
4870,486,ok,1.757140362842287,0.24351483177914401,0.04798029334711591,0.08137482975291928,15.000000000001679,0.18509325000923127,
4871,487,ok,1.41060852274601,0.5894394202633619,-0.011629932790873364,0.08967098634539672,15.000000000001679,0.1771100000187289,
4872,487,ok,2.0782127663870664,-0.0781343991266351,0.018047757222517377,0.10206075941968225,15.000000000001679,0.1772133340127766,
4873,487,ok,2.029476309685466,-0.02449900826919121,0.14204878419613465,0.0986729383339254,15.000000000001679,0.17766262500663288,
4874,487,ok,2.0327722188364707,-0.03254873040742722,0.030142199529952327,0.0989901850640176,15.000000000001679,0.1735049999842886,
4875,487,ok,1.4503773197616465,0.5671059580841792,0.22451956333718406,0.09685498948702498,15.000000000001679,0.17934079200495034,
4876,487,ok,2.231755120080862,-0.22886830432437352,0.113476861012867,0.07763987733070495,15.000000000001679,0.17609104100847617,
4877,487,ok,1.985429583874486,0.01670604442184828,0.09206366433714926,0.10488786645798176,15.000000000001679,0.17599154100753367,
4878,487,ok,1.9235731278597288,0.08606543781594192,0.19232282730185385,0.07750820820680583,15.000000000001679,0.1892093750066124,
4879,487,ok,1.452776269650877,0.5536505645769165,0.1364998179927193,0.09601977726960485,15.000000000001679,0.1770886669983156,
4880,487,ok,1.393635567583986,0.6065964287039013,-0.025427991159690144,0.09066760830291776,15.000000000001679,0.17784783299430273,
4881,488,ok,1.8599472872957015,0.1533023805608094,-0.2216118540968976,0.09206109593387457,15.000000000001679,0.17592000000877306,
4882,488,ok,1.920713470784765,0.08912700834453308,-0.19417684366510876,0.07921463653427048,15.000000000001679,0.18369291702401824,
4883,488,ok,1.9722249212211416,0.028314726672678887,0.04613374935885141,0.07499667501740878,15.000000000001679,0.18946516697178595,
4884,488,ok,2.1172194846425163,-0.116586167514734,0.05178167277340674,0.10472014395912844,15.000000000001679,0.1746678749914281,
4885,488,ok,2.01806597304174,-0.017636585466104988,-0.04162788173306435,0.10852944592787775,15.000000000001679,0.17071804200531915,
4886,488,ok,1.7621672880773374,0.24136741550145988,-0.11155708812004243,0.08840737330819382,15.000000000001679,0.18439045798731968,
4887,488,ok,2.0567581661978562,-0.05564354287989587,0.06770361022691125,0.09977395777922787,15.000000000001679,0.17422600000281818,
4888,488,ok,1.5907907074677852,0.4750584144314593,0.4529550039127091,0.10309210247136007,15.000000000001679,0.17271333301323466,
4889,488,ok,1.9612817314086926,0.03874699034843195,0.010614239970217482,0.07429863743629393,15.000000000001679,0.20058212502044626,
4890,488,ok,1.9733499618539225,0.02810616564155367,0.07579431355993511,0.12856351503654984,15.000000000001679,0.19313520801370032,
4891,489,ok,1.8597045476951513,0.14267452243219392,0.09403762595657132,0.07858770190790507,15.000000000001679,0.17502591697848402,
4892,489,ok,1.9241412988151678,0.0761254273106062,-0.032036953121727,0.07837084080596692,15.000000000001679,0.2155197089887224,
4893,489,ok,1.410786606007541,0.5892397260954078,-0.008619586006109703,0.09303861277243548,15.000000000001679,0.18112958400161006,
4894,489,ok,1.5895740813633603,0.4107862763266467,-0.03384524531519341,0.09719633840510067,15.000000000001679,0.17409620800754055,
4895,489,ok,1.8915915546078024,0.11407492332259049,0.14630521051168774,0.09429826407660409,15.000000000001679,0.17821883299620822,
4896,489,ok,1.685763842385846,0.3147073616622706,-0.03985543200302162,0.08195214585379802,15.000000000001679,0.18901516700861976,
4897,489,ok,1.1478291365874997,0.8780384383735884,0.2423096800213091,0.10078223108578631,15.000000000001679,0.17870104202302173,
4898,489,ok,1.7462097990809295,0.2712521224569571,0.24633196767103566,0.0862238928114894,15.000000000001679,0.1756480830081273,
4899,489,ok,1.675968694917748,0.32404457069896786,-0.006668233701040587,0.08167540689697504,15.000000000001679,0.187442666006973,
4900,489,ok,1.5564049035732421,0.47714933147061844,-0.32143749816480444,0.09280455699431234,15.000000000001679,0.17739812500076368,
4901,490,ok,1.7596957555917567,0.2426973102705172,0.09174098820684494,0.07299917041264051,15.000000000001679,0.18687325000064448,
4902,490,ok,1.8402454246447322,0.16791188813058047,0.1730790954234981,0.09508598669209004,15.000000000001679,0.178209625009913,
4903,490,ok,1.7722120646585415,0.22798829648313218,0.026648165425393347,0.08135976893258827,15.000000000001679,0.18166812500567175,
4904,490,ok,1.8432444783587782,0.16493691394804288,-0.17347529279293014,0.0991186233931862,15.000000000001679,0.17148462499608286,
4905,490,ok,1.1037454784016414,0.9163386108213712,0.20959979650637345,0.09748891845089272,15.000000000001679,0.1767450000043027,
4906,490,ok,1.8922748266870721,0.10813962821033865,0.039602441407987216,0.07291645231258853,15.000000000001679,0.1840828329732176,
4907,490,ok,1.7723490433334297,0.2723538409423811,0.3955500985948303,0.0858662844775153,15.000000000001679,0.179903666023165,
4908,490,ok,2.0311860627279175,-0.031065759652658318,-0.022106591476489804,0.09027185394081917,15.000000000001679,0.18605254200519994,
4909,490,ok,1.6366427375277173,0.40243463775602045,0.3555057856919952,0.09948705939812696,15.000000000001679,0.17330620798747987,
4910,490,ok,1.7279282557725044,0.28214681725982815,0.18632364221019243,0.08749641410101802,15.000000000001679,0.18187029199907556,
4911,491,ok,1.8600323205829725,0.1533410407436771,0.22264528248231985,0.07888538127166969,15.000000000001679,0.188943790999474,
4912,491,ok,1.931603827191229,0.07777955149173353,0.19016280539706534,0.09959912926026784,15.000000000001679,0.17492420799680986,
4913,491,ok,1.9495595240477963,0.05527247502920545,0.13717576836467235,0.07499978437094816,15.000000000001679,0.22216858400497586,
4914,491,ok,1.7324861443320076,0.2696817997378575,0.08664390425163508,0.07875420058505071,15.000000000001679,0.1948352920007892,
4915,491,ok,1.090756775835863,0.9199351553393628,0.15234918890509622,0.09457105486730265,15.000000000001679,0.17557987498003058,
4916,491,ok,1.9515550601344442,0.04858570321751871,0.023439177658102314,0.07484557122543078,15.000000000001679,0.18446845799917355,
4917,491,ok,2.1102415082174777,-0.10312485434581853,0.1731619763021172,0.10027611436938567,15.000000000001679,0.17644466599449515,
4918,491,ok,0.9138966150196405,1.1942698664011275,0.4312840998171625,0.09569405244744307,15.000000000001679,0.1744253340002615,
4919,491,ok,2.0746893463425575,-0.07468216052118266,0.005460461744808583,0.07861860383190793,15.000000000001679,0.1875142499920912,
4920,491,ok,1.999782240699365,0.00692083802678665,0.16359848509300629,0.07520185066236793,15.000000000001679,0.21726995799690485,
4921,492,ok,1.3749411925028456,0.632961777352603,0.1472065917756177,0.09629776650971715,15.000000000001679,0.17899516600300558,
4922,492,ok,1.5373922472533053,0.46273517085905397,0.019793104880886484,0.08506568681284123,15.000000000001679,0.18090991699136794,
4923,492,ok,1.8265484526445208,0.18916345016563185,0.2390611629731096,0.0800563243245704,15.000000000001679,0.18817595799919218,
4924,492,ok,1.9820658818300516,0.019778844632579593,0.08549465334193837,0.07381582435155772,15.000000000001679,0.1692657079838682,
4925,492,ok,1.878242689611994,0.13741473716582567,0.2420159906986452,0.08266653528105115,15.000000000001679,0.1807159580057487,
4926,492,ok,2.01532340606123,-0.015283961823458675,0.012608895089646147,0.08043564694794603,15.000000000001679,0.18955312497564591,
4927,492,ok,1.1336792052703535,0.8839556684034513,-0.19918230436871914,0.10090197415710168,15.000000000001679,0.17697612498886883,
4928,492,ok,1.4469725318320341,0.5534039154873013,-0.033004183809571125,0.08302167955735025,15.000000000001679,0.18102799999178387,
4929,492,ok,1.85056195144726,0.17834354951069353,0.3258025668023382,0.10247642204071675,15.000000000001679,0.17306533301598392,
4930,492,ok,2.0187375793280165,-0.017609697699710443,0.06747237908374547,0.09888653800772643,15.000000000001679,0.1764317920024041,
4931,493,ok,1.71998596810815,0.2820384249963615,0.08342515987366897,0.09908473322230504,15.000000000001679,0.1731296670041047,
4932,493,ok,1.9712137377398078,0.03008733178853121,0.07160781712994779,0.07638511739101839,15.000000000001679,0.18675187500775792,
4933,493,ok,1.9120290697320583,0.08956016398745995,0.0779409807278522,0.09477784663389816,15.000000000001679,0.17568604199914262,
4934,493,ok,1.629139781111742,0.37123032787049587,-0.03472436539322963,0.09684274828516627,15.000000000001679,0.18034654099028558,
4935,493,ok,1.5148274604992369,0.49012169090304764,0.12235083490150594,0.0999487849688354,15.000000000001679,0.17678300000261515,
4936,493,ok,1.7278045184129864,0.27442056980844226,0.08765890683844729,0.10004740638866905,15.000000000001679,0.17837062498438172,
4937,493,ok,1.883804129380233,0.11629862464762897,0.019675527073073934,0.07755165921512605,15.000000000001679,0.18781733300420456,
4938,493,ok,2.27618265730243,-0.24547877065294796,0.3726024422239854,0.08025475831943862,15.000000000001679,0.17978129201219417,
4939,493,ok,1.6422574787896085,0.37763463607601,0.2548337744102642,0.07737496941191498,15.000000000001679,0.17675487499218434,
4940,493,ok,2.014094814544338,-0.014094231513630087,0.0015325005417140198,0.11269755954374985,15.000000000001679,0.19149995801853947,
4941,494,ok,1.5431219172097843,0.487432964514248,0.3055588560900251,0.09682201279858554,15.000000000001679,0.1723254169919528,
4942,494,ok,1.5751437559323147,0.430382259241279,0.1318256414664744,0.10478930365159074,15.000000000001679,0.17706829099915922,
4943,494,ok,1.981972654483894,0.018377637323338032,-0.03726143934011584,0.09693819171947334,15.000000000001679,0.1684068330214359,
4944,494,ok,1.6374656427022618,0.3638104857961718,0.06463439208170457,0.07751581904388616,15.000000000001679,0.1882951250008773,
4945,494,ok,1.3770106639509572,0.6479997709657326,0.2612541852792878,0.10326528157650113,15.000000000001679,0.17593075000331737,
4946,494,ok,2.022826357538255,-0.022715426084713844,-0.021184377036311812,0.10602530084984672,15.000000000001679,0.1775507089914754,
4947,494,ok,1.285010005981534,0.7345907335631815,0.22358466827690815,0.09262918270117299,15.000000000001679,0.1787036669848021,
4948,494,ok,1.57456450676625,0.42829492874270236,0.09485017107068079,0.0816515463799116,15.000000000001679,0.1842395419953391,
4949,494,ok,0.9048854915477493,1.1366905848810591,0.2711357714883895,0.09720362639240754,15.000000000001679,0.1743059589935001,
4950,494,ok,1.9570021244665503,0.09666730720187514,0.4551724680738386,0.10174879650634054,15.000000000001679,0.17444866598816589,
4951,495,ok,1.8393159886920618,0.1674481126858475,0.1575972289083641,0.1031213345035521,15.000000000001679,0.17457425000611693,
4952,495,ok,1.9531086361312964,0.058545497564241065,0.2130440318398337,0.07971806699372422,15.000000000001679,0.18502333399374038,
4953,495,ok,1.8391045732768605,0.1614083769956931,0.04343357303114856,0.08924046869899545,15.000000000001679,0.17366224998841062,
4954,495,ok,1.8288879059099779,0.17503172711131929,-0.11967362004004692,0.10031356017923972,15.000000000001679,0.1750587499991525,
4955,495,ok,1.9944465942383787,0.009676996404758647,0.12818564127344767,0.09850252221987635,15.000000000001679,0.1754768340033479,
4956,495,ok,1.7749871005377178,0.2265028501446982,0.0727122172018945,0.10129392307755716,15.000000000001679,0.17190962497261353,
4957,495,ok,1.3165130808453656,0.714440164159141,0.2838002827866454,0.10015318610848771,15.000000000001679,0.17336666700430214,
4958,495,ok,1.4979350293233336,0.5041208563888218,0.07845342429100255,0.09729847084932432,15.000000000001679,0.17763437502435409,
4959,495,ok,1.8495639119130536,0.15049872105564305,-0.015221150886384609,0.08098145252580204,15.000000000001679,0.18510395800694823,
4960,495,ok,1.6171020325976133,0.41760241991462016,-0.3332219716214205,0.08402279270880322,15.000000000001679,0.18183616598253138,
4961,496,ok,1.3142649941818212,0.865262583430968,0.663071240795423,0.09818290705331784,15.000000000001679,0.17898508301004767,
4962,496,ok,1.5706905222190801,0.5566915509691415,-0.6196203979413399,0.09251122614971719,15.000000000001679,0.18831433399464004,
4963,496,ok,1.3148251808794647,0.6938093808622565,-0.15043710563313567,0.09235340573494863,15.000000000001679,0.17891275000874884,
4964,496,ok,1.8832282808421508,0.1175805376309335,-0.055188091630696205,0.07538061305893934,15.000000000001679,0.22469808300957084,
4965,496,ok,1.125428565703829,0.9188884021412763,0.3127094010060058,0.09895882388094865,15.000000000001679,0.18625529200653546,
4966,496,ok,1.8348393382192092,0.17207206042826495,-0.15910639462239545,0.0778531146841808,15.000000000001679,0.19990270800190046,
4967,496,ok,1.7678087546855727,0.2354742526316318,0.10768788240585794,0.09571339873326233,15.000000000001679,0.19987591699464247,
4968,496,ok,1.9866188378701035,0.013609141208042137,0.03009589819408673,0.08358895523774187,15.000000000001679,0.17909449999569915,
4969,496,ok,1.3797165516919476,0.6219210647140767,0.0672027613564714,0.09220228550732741,15.000000000001679,0.17400087500573136,
4970,496,ok,1.7893551572582311,0.21936877527121038,0.17647753490878115,0.07699950345717578,15.000000000001679,0.2032931669964455,
4971,497,ok,1.794467969605073,0.20691065027396263,-0.07032693536341027,0.0780874239778465,15.000000000001679,0.19220020799548365,
4972,497,ok,1.8591202868726135,0.14112309348508845,-0.030081347823227925,0.07288034581925278,15.000000000001679,0.18481633401825093,
4973,497,ok,1.800502124334436,0.20086554641505242,0.07016493181360964,0.07625213014159071,15.000000000001679,0.18691408302402124,
4974,497,ok,1.612725466305968,0.4015479105362271,0.21408957788902508,0.10058994085602577,15.000000000001679,0.18093883400433697,
4975,497,ok,2.0773646655731945,-0.07382218080149355,0.12126630277107933,0.07307386749273115,15.000000000001679,0.17721516598248854,
4976,497,ok,1.247333516976679,0.754281712262015,-0.06345746739788673,0.09903749765742051,15.000000000001679,0.17519874998833984,
4977,497,ok,1.6016874046847553,0.4134894107380108,-0.21996975356935627,0.10099472404261285,15.000000000001679,0.18350495799677446,
4978,497,ok,1.9692235425327715,0.0420423707022887,0.21034087177770483,0.07907984873180093,15.000000000001679,0.19427054200787097,
4979,497,ok,2.0441071053930986,-0.03873959367025434,-0.14803623718467734,0.10020484606244572,15.000000000001679,0.17195379099575803,
4980,497,ok,1.8392815207857567,0.1633651097788212,0.09863464262724263,0.07939867005117932,15.000000000001679,0.19457545800833032,
4981,498,ok,2.0065128706506905,-0.005923039154418106,0.04864834094168173,0.15057293366946772,15.000000000001679,0.1746592919807881,
4982,498,ok,1.7167713130576083,0.2894521668531423,-0.1460474301524492,0.08496339752696087,15.000000000001679,0.18549037500633858,
4983,498,ok,1.9351839651138083,0.06505933676218627,-0.030685641306819257,0.07294599175788857,15.000000000001679,0.17539954200037755,
4984,498,ok,1.5719641319590323,0.4281368415810152,-0.017816940556874668,0.08505773986986846,15.000000000001679,0.18851895799161866,
4985,498,ok,1.853509264912226,0.23971601481503363,-0.5804281924724142,0.09279882968770378,15.000000000001679,0.1817879169830121,
4986,498,ok,1.8848387916223073,0.11656652652954737,0.07277102043578482,0.07302020545867378,15.000000000001679,0.18787470800452866,
4987,498,ok,1.9499549912339589,0.05349459610694321,0.11593610504651693,0.07512665712943789,15.000000000001679,0.20661591601674445,
4988,498,ok,1.5175778970740208,0.5088489276680399,0.2819772210141321,0.09579876249597248,15.000000000001679,0.18563108300440945,
4989,498,ok,1.399201010718124,0.6202352261130719,0.23240618996785384,0.09312513065396637,15.000000000001679,0.18456545801018365,
4990,498,ok,1.9165222035209653,0.08356487719246655,-0.018269555509924873,0.07759169691423277,15.000000000001679,0.19318924998515286,
4991,499,ok,1.3591342229006687,0.6413158867895687,0.03497593986425933,0.09773041785218942,15.000000000001679,0.1828023749985732,
4992,499,ok,1.7470973295098375,0.25571996852338613,-0.09917787340102367,0.08127822585073136,15.000000000001679,0.1935325840022415,
4993,499,ok,1.7852949493932613,0.21483760316657177,-0.021754844541329654,0.07888969871494182,15.000000000001679,0.18622179099475034,
4994,499,ok,1.4068973934297793,0.6369335843510611,0.34843969660396185,0.10210613461246507,15.000000000001679,0.19769683299819008,
4995,499,ok,1.9399231727793436,0.06030559701936429,-0.0297915983436492,0.07272827620632315,15.000000000001679,0.1771085829823278,
4996,499,ok,1.4255389598225567,0.6026816092805655,0.28224571020518113,0.10098756617621064,15.000000000001679,0.1813998330035247,
4997,499,ok,1.8988004548442086,0.11208087868531018,0.20298906052037194,0.08242326637361652,15.000000000001679,0.1910779579775408,
4998,499,ok,1.8399279852927493,0.2470146660672465,0.558907335861776,0.09095628645320152,15.000000000001679,0.17660308300401084,
4999,499,ok,1.9429938475788995,0.0607309541254266,0.12025248206243834,0.07258723149582427,15.000000000001679,0.1824428749969229,
5000,499,ok,1.8264898351008243,0.18848685207754975,0.2334207202258002,0.09354201988000989,15.000000000001679,0.1768769169866573,
5001,500,ok,1.8056441966926315,0.19461207231551203,-0.030420315923559448,0.08020403498312646,15.000000000001679,0.1931912919972092,
5002,500,ok,2.084068971335374,-0.07084924635272259,0.23436483559451904,0.1000491030674426,15.000000000001679,0.19912429098621942,
5003,500,ok,1.924464380779067,0.07561027969018977,0.016951615064296804,0.09454900269866363,15.000000000001679,0.2085429999860935,
5004,500,ok,1.8856909806814393,0.11677556930761923,-0.09641689824240965,0.1004090830168185,15.000000000001679,0.1857484999927692,
5005,500,ok,1.453659855822958,0.5838290414204906,0.32800425684313467,0.09905973020373836,15.000000000001679,0.170114292006474,
5006,500,ok,1.9225534833857616,0.07767844223691303,-0.02986176548741123,0.07457214152898964,15.000000000001679,0.18296829200698994,
5007,500,ok,1.8139857204172467,0.20390134813023345,0.25411380645152754,0.10866908983966889,15.000000000001679,0.17720154201379046,
5008,500,ok,1.8548484083932337,0.14720000033571737,0.08714803131997098,0.07302022737460781,15.000000000001679,0.18831725002382882,
5009,500,ok,1.8892649587484482,0.11209715117422511,0.07172808202022102,0.07638641117284983,15.000000000001679,0.19176549999974668,
5010,500,ok,1.9241244192084062,0.08061407024831284,-0.13495344851221283,0.0987225551350453,15.000000000001679,0.17621879099169746,
5011,501,ok,1.6809599517146399,0.32856932282968615,-0.17873402217392853,0.08676158810391882,15.000000000001679,0.18696404198999517,
5012,501,ok,1.778239564456501,0.23289972837639378,0.19872739777449916,0.09413484461474854,15.000000000001679,0.16854174999753013,
5013,501,ok,1.6625115361640472,0.34871503854609137,-0.19287971369406384,0.08554038855586502,15.000000000001679,0.18607883399818093,
5014,501,ok,1.8869047051588446,0.11314149546120675,-0.013204173590722415,0.07622869396542745,15.000000000001679,0.18376829201588407,
5015,501,ok,1.7873512092295407,0.2131163301434677,0.04087903538921613,0.08085783772825346,15.000000000001679,0.1910233749949839,
5016,501,ok,1.8037432791018113,0.23259765146087644,0.3602481856766874,0.09756349626571563,15.000000000001679,0.17710820899810642,
5017,501,ok,1.1816131290506935,0.8423510107418142,-0.23676656101415977,0.0966570230268898,15.000000000001679,0.17549566700472496,
5018,501,ok,1.8245759399550905,0.1773952872269022,0.08479045724782958,0.07745079472868188,15.000000000001679,0.19468920800136402,
5019,501,ok,1.9841986786693095,0.01647493728133851,-0.05169837521589805,0.07535639476961856,15.000000000001679,0.18395779098500498,
5020,501,ok,1.639920859547286,0.36488857648372536,-0.12550322013753815,0.08551832765112936,15.000000000001679,0.17783204198349267,
5021,502,ok,1.9279287361458446,0.07214036178264911,-0.016322591380621577,0.10935357078754553,15.000000000001679,0.18432054200093262,
5022,502,ok,1.8201482759740126,0.1812398521642638,0.07107229541601076,0.08101043213368452,15.000000000001679,0.1725149579870049,
5023,502,ok,2.024516311067005,-0.024459064026329382,-0.015224712082400312,0.07966123795961644,15.000000000001679,0.1894767909834627,
5024,502,ok,1.8647244548895299,0.13950383862489976,0.1255042874629027,0.0984103732474386,15.000000000001679,0.1758924160094466,
5025,502,ok,1.590515910695818,0.45265909098500434,0.3680719677796645,0.08720512121720533,15.000000000001679,0.17427020802279003,
5026,502,ok,2.0303503585196925,-0.029403479592432204,0.062000769020809386,0.07376169255088356,15.000000000001679,0.17956429201876745,
5027,502,ok,1.8931269272011764,0.10687307938307768,0.00015789128422796103,0.10386999821834746,15.000000000001679,0.1770170839736238,
5028,502,ok,1.968407898756493,0.03517887678181354,0.1187754589238705,0.07865110470055425,15.000000000001679,0.17833962498116307,
5029,502,ok,1.7703383864315605,0.23087824977818067,-0.06562191223355025,0.07766693109442768,15.000000000001679,0.19233691599220037,
5030,502,ok,1.9112476403959555,0.08895857414169857,0.0280751059228123,0.08044542370416992,15.000000000001679,0.1884877079864964,
5031,503,ok,2.057060402898648,-0.044222479403897924,0.2294601400534071,0.0766903002661687,15.000000000001679,0.18080954198376276,
5032,503,ok,2.0113678171531086,-0.008792694571291308,0.1017467744760125,0.08090191898949667,15.000000000001679,0.1733280000044033,
5033,503,ok,1.836501069016871,0.16402429063331708,-0.043924607176570575,0.07820257542835257,15.000000000001679,0.18811229098355398,
5034,503,ok,1.6814483432943015,0.33720705344640683,0.24977619594102726,0.10028376303651096,15.000000000001679,0.1690656660066452,
5035,503,ok,1.839881527307113,0.16030010778282228,-0.025852293941929293,0.0793659126542921,15.000000000001679,0.1792875420069322,
5036,503,ok,1.853899967628075,0.14612076493517992,-0.008767654581188904,0.07758938209515762,15.000000000001679,0.1952049589890521,
5037,503,ok,1.6066609728792491,0.3933769098986111,-0.011033047011548941,0.0946410658347644,15.000000000001679,0.1780236249906011,
5038,503,ok,1.856836062303783,0.15898368495777662,0.24186585128986454,0.09269301294191327,15.000000000001679,0.17462591599905863,
5039,503,ok,1.9980018570841749,0.004743380203308228,0.10470168131072251,0.07482531711420844,15.000000000001679,0.187789707997581,
5040,503,ok,1.6637263062960876,0.33836233963502266,-0.08333971393295868,0.10223197494872986,15.000000000001679,0.1728304999996908,
5041,504,ok,1.9195527435137596,0.09098085013512268,0.20081987097989637,0.10833630581119238,15.000000000001679,0.18008766701677814,
5042,504,ok,0.9788209447876317,1.0342205831652513,0.15924999206682794,0.09854325030219774,15.000000000001679,0.17046312501770444,
5043,504,ok,1.830016442267254,0.21823907910491547,0.4174783823620071,0.08080227700546415,15.000000000001679,0.18049200001405552,
5044,504,ok,1.561505419408494,0.43856000571973186,-0.01429402337109842,0.10149314940910649,15.000000000001679,0.17335508301039226,
5045,504,ok,1.8787806463157635,0.1234599400698725,-0.091728514912822,0.07630045604800896,15.000000000001679,0.1919544999836944,
5046,504,ok,1.9853303306916104,0.017848272957444754,0.11229894454657222,0.10588477404155135,15.000000000001679,0.1751481670071371,
5047,504,ok,1.9288653961264395,0.07889957217904403,-0.1729013088445129,0.10578493713213143,15.000000000001679,0.17191337500116788,
5048,504,ok,1.9888543498331586,0.012129579698310723,-0.06255251345758787,0.08819142303091737,15.000000000001679,0.20079345800331794,
5049,504,ok,2.043165744367727,-0.04307498362876436,-0.019257991277692645,0.10180724814166833,15.000000000001679,0.17277262499555945,
5050,504,ok,2.013267954169591,-0.012486013584643917,0.056106153070730296,0.07649536290024575,15.000000000001679,0.18038587499177083,
5051,505,ok,1.9981876794621576,0.0019348918738020299,-0.02213201398443162,0.10432757136816924,15.000000000001679,0.1751114999933634,
5052,505,ok,2.218825483642809,-0.20768345289285847,0.22208173874907203,0.0793767514362907,15.000000000001679,0.17211295801098458,
5053,505,ok,1.5803691190326306,0.43286323529853693,-0.2040806534510405,0.08693115488402793,15.000000000001679,0.1777887080097571,
5054,505,ok,1.632066545506989,0.4476589775614611,0.5038636313702233,0.09708048056650208,15.000000000001679,0.17479770898353308,
5055,505,ok,1.2399469891106032,0.7603365148923314,-0.026513760486955047,0.0952051540158818,15.000000000001679,0.17152062500827014,
5056,505,ok,1.8652096639271591,0.17347812680549254,0.3779218664609052,0.09490449299407061,15.000000000001679,0.17443066599662416,
5057,505,ok,1.8067541870447763,0.1935624150344684,-0.03382224161299595,0.09552682771366164,15.000000000001679,0.17916387500008568,
5058,505,ok,1.9384965875990043,0.06349315896436421,-0.08780817020737212,0.07573314235970972,15.000000000001679,0.1930887500056997,
5059,505,ok,1.4065811887384323,0.6264294565676257,0.3029432335070608,0.09514995721668217,15.000000000001679,0.17449666699394584,
5060,505,ok,1.9583387410752722,0.04547662697779018,-0.12218432430621122,0.07785382329462706,15.000000000001679,0.19686370799900033,
5061,506,ok,2.108623606857965,-0.10059094146594985,-0.1838782532815862,0.09990054089802043,15.000000000001679,0.17470120900543407,
5062,506,ok,1.9799360107646042,0.022292865964198137,0.09392070435398937,0.08041510009352609,15.000000000001679,0.18722283298848197,
5063,506,ok,1.8486975877061609,0.15184546409818536,0.04480605111061233,0.07522427155212771,15.000000000001679,0.19037612501415424,
5064,506,ok,1.9479507481632163,0.061601702422592074,0.19267630165290617,0.0777922627224352,15.000000000001679,0.18531299999449402,
5065,506,ok,2.01025709060788,-0.0095501197817937,-0.053309346499813386,0.09991133114841981,15.000000000001679,0.17466725001577288,
5066,506,ok,1.7699904857413105,0.3009452391636518,0.4960637451921875,0.09024303118753409,15.000000000001679,0.18186837498797104,
5067,506,ok,1.3459174859974092,0.6706627527355871,0.2106095015640545,0.09864793925155439,15.000000000001679,0.17254883298301138,
5068,506,ok,1.870016795254643,0.1473073936101226,0.25395456436679315,0.09145426699070638,15.000000000001679,0.17893258400727063,
5069,506,ok,1.9712846689894128,0.029319058343950766,0.048783935740425416,0.07645877298763061,15.000000000001679,0.17784520899294876,
5070,506,ok,1.206600584129834,0.7934244402207971,0.007770982303370546,0.09379923256024016,15.000000000001679,0.17596974998014048,
5071,507,ok,1.8280525307001216,0.17203607910018529,0.017998857955317436,0.07655814242219455,15.000000000001679,0.1924922080070246,
5072,507,ok,1.4208827754640618,0.6056081152013608,-0.273091803645137,0.09074834829318686,15.000000000001679,0.182997958996566,
5073,507,ok,1.939181312975084,0.07037138159658896,0.19224349047578496,0.0751077085108635,15.000000000001679,0.1866461250174325,
5074,507,ok,1.4042351899363392,0.5958104108135536,0.011316637130606185,0.10025304647346224,15.000000000001679,0.1741108330024872,
5075,507,ok,1.8557038422286587,0.1456478035445602,0.07081441635071538,0.09748093619238926,15.000000000001679,0.1738019170006737,
5076,507,ok,1.6700085584134543,0.3366346209081402,0.14880927663548926,0.10005081171335502,15.000000000001679,0.17454583299695514,
5077,507,ok,1.5750631330104732,0.44339608992050256,0.24043323417112536,0.1017651166764312,15.000000000001679,0.17068420801660977,
5078,507,ok,1.5612503776852766,0.43874962557219466,0.00010085363807100228,0.10627856159520295,15.000000000001679,0.17088979200343601,
5079,507,ok,1.7407642061196216,0.2807271007901053,0.27269161950760296,0.09599911293212643,15.000000000001679,0.17174454202177003,
5080,507,ok,1.5800355076039676,0.4260308123129801,0.13832281627118,0.10099119372568667,15.000000000001679,0.17222587499418296,
5081,508,ok,1.273322598680163,0.7266904239314461,0.005758802108323325,0.09360346859180256,15.000000000001679,0.17876125001930632,
5082,508,ok,1.1479888862073278,0.8542051804664277,0.07094162660645342,0.09678855393906384,15.000000000001679,0.17872691599768586,
5083,508,ok,1.5890147733774669,0.41874942039875807,-0.1568902626761098,0.0945864801216568,15.000000000001679,0.171603499999037,
5084,508,ok,1.9616373757967982,0.0482132236737689,0.19634045401039268,0.07860618180273977,15.000000000001679,0.18449329200666398,
5085,508,ok,1.3407038125249189,0.6597799399004376,0.036012545391542305,0.09526426149809152,15.000000000001679,0.17258108299574815,
5086,508,ok,1.9059524253958422,0.095369208923128,-0.07096617190029633,0.0880949638092542,15.000000000001679,0.18975733398110606,
5087,508,ok,2.285374219000284,-0.2808861209987247,0.1431566411541911,0.09759572894865903,15.000000000001679,0.174673375004204,
5088,508,ok,1.9415703659885681,0.06201455622231464,0.117931784480648,0.08901386888214205,15.000000000001679,0.17707233398687094,
5089,508,ok,2.003324252032471,0.001434602895319296,0.13800149375013981,0.09167351033001878,15.000000000001679,0.17507574998307973,
5090,508,ok,1.7911660663727769,0.2103748449732119,0.07428110002329821,0.0750280312426902,15.000000000001679,0.21203720901394263,
5091,509,ok,1.693477151862052,0.3397381992855364,0.33375981928203097,0.09403687596206536,15.000000000001679,0.17162762500811368,
5092,509,ok,1.8193442147209158,0.18105704313906623,-0.03820852423829309,0.07534207111119387,15.000000000001679,0.18698445899644867,
5093,509,ok,1.8442087467697703,0.1558154559017831,-0.009448225832303486,0.07592151905125931,15.000000000001679,0.19388933302252553,
5094,509,ok,1.9831063534543445,0.02157984073238595,0.13625154132888379,0.09225686395169264,15.000000000001679,0.17690516699803993,
5095,509,ok,1.6533336716031861,0.3704521766693284,-0.2794389399048429,0.09130564433290297,15.000000000001679,0.17536712498986162,
5096,509,ok,1.8766058889284494,0.1245378085316246,-0.065507486088035,0.08685966234436279,15.000000000001679,0.1804003750148695,
5097,509,ok,2.120184565139416,-0.117418537314701,0.10826508251272944,0.07385406370897477,15.000000000001679,0.18257483298657462,
5098,509,ok,1.7312878104006062,0.26908535885931,-0.03594422800008953,0.07939447936209024,15.000000000001679,0.1861413750157226,
5099,509,ok,1.8679507183377748,0.1346283311439543,0.09812452887947865,0.07687626373460697,15.000000000001679,0.18159929200191982,
5100,509,ok,1.113192876143769,0.9005094804488815,0.17412345308558597,0.09859638583742443,15.000000000001679,0.17176749999634922,
5101,510,ok,1.8701086769342299,0.12989756916440914,0.004833397098260597,0.07744421234409178,15.000000000001679,0.18531595802051015,
5102,510,ok,1.6173881006694788,0.3998639635485735,0.23560333833955588,0.09206552486099102,15.000000000001679,0.17911604201071896,
5103,510,ok,1.5376706952992003,0.5071760228409653,0.3686566700888618,0.07999394916902179,15.000000000001679,0.18305091699585319,
5104,510,ok,0.9075973834598405,1.2193065120688187,0.46287221602186834,0.09680680629021625,15.000000000001679,0.17466641700593755,
5105,510,ok,1.3880202783116287,0.6261441620404467,0.19778885082012282,0.09525851113060028,15.000000000001679,0.17381687500164844,
5106,510,ok,1.9765832356615862,0.023880735414317022,0.042824521383964705,0.07369565348528839,15.000000000001679,0.18901587498839945,
5107,510,ok,2.040186633148055,-0.03242913891229972,-0.17774502349208807,0.07816174950205813,15.000000000001679,0.1734424169990234,
5108,510,ok,1.9276101694228736,0.07988770861806598,0.1698521526107298,0.10311190852639932,15.000000000001679,0.17052745798719116,
5109,510,ok,1.8048376563989739,0.19775426543908395,0.09669166568388678,0.08974087717379697,15.000000000001679,0.17199791700113565,
5110,510,ok,1.8744383613706623,0.12935782999159784,0.1192352396072156,0.08484001748836113,15.000000000001679,0.17273304099217057,
