evaluation,generation,status,fitness,final_x,final_y,final_z,simulated_seconds,elapsed_seconds,error
1,0,ok,1.9527074636826816,0.05546267175530735,-0.17844051609722286,0.0990807456284171,15.000000000001679,0.24274329200852662,
2,0,ok,2.1113931783833313,-0.11138991957782414,0.003709613027817345,0.07514904429213728,15.000000000001679,0.2852502499881666,
3,0,ok,1.993864385759689,0.010470056886760266,0.13139936931618335,0.08060442770650203,15.000000000001679,0.27892974999849685,
4,0,ok,2.0703748792075887,-0.0694456592631987,-0.06202260725367202,0.07507336495290917,15.000000000001679,0.2662720830121543,
5,0,ok,2.01732106629364,-0.016830897757626386,-0.04446812748784436,0.07594206908188829,15.000000000001679,0.29356366698630154,
6,0,ok,2.058153636292758,-0.05557415158631728,0.10301115432463492,0.07499650702985904,15.000000000001679,0.2750662500038743,
7,0,ok,2.0941569555197885,-0.091550389198211,-0.10445249540686918,0.07494378772944765,15.000000000001679,0.2852475839899853,
8,0,ok,2.0227758190131313,-0.022705883673423997,-0.016820289449284785,0.09920001406355695,15.000000000001679,0.2570630839909427,
9,0,ok,2.174731388699051,-0.1731890523870138,-0.08188989912155203,0.07501153048051906,15.000000000001679,0.24084908299846575,
10,0,ok,2.0353710706191466,-0.035369173036858575,-0.0027793100919659246,0.0749839687649153,15.000000000001679,0.2480432500015013,
11,1,ok,1.984771509423682,0.02030360785888492,-0.14184547776863748,0.09761200770208588,15.000000000001679,0.24414812499890104,
12,1,ok,2.04574912866664,-0.04574900244818223,0.0007186254812983892,0.07495818979412429,15.000000000001679,0.2824317920021713,
13,1,ok,2.0151494281035096,-0.015144270972626968,-0.004559029732586678,0.09877869891385209,15.000000000001679,0.2740360420139041,
14,1,ok,1.98475639171982,0.02625709831896864,-0.20879868901988494,0.09864409414498275,15.000000000001679,0.23730233300011605,
15,1,ok,1.759431357043469,0.24064195057256565,0.016060948375371923,0.08322886247921062,15.000000000001679,0.24047187497490086,
16,1,ok,2.0590232715225194,-0.058554461229843875,-0.04393589446005961,0.08647563291407902,15.000000000001679,0.24758508300874382,
17,1,ok,1.9943880359201718,0.005689223569839942,0.017554624349524817,0.10115991638819807,15.000000000001679,0.2288490829814691,
18,1,ok,1.7670883611929362,0.2330235945247229,0.01989117284642561,0.088828371241523,15.000000000001679,0.2419297090091277,
19,1,ok,2.022053222901063,-0.020843591286795384,0.06993150791785044,0.08738381529538021,15.000000000001679,0.30480095898383297,
20,1,ok,2.00777960143133,-0.007207059261468883,0.047945272704153025,0.07499876413533138,15.000000000001679,0.2848401659866795,
21,2,ok,1.7232948077208539,0.2822801407947938,-0.13850443895305797,0.0887273911426863,15.000000000001679,0.22816349999629892,
22,2,ok,1.8596553282928556,0.14037214582850452,-0.010108612047531527,0.0925282585307291,15.000000000001679,0.23316962498938665,
23,2,ok,1.7913765193664144,0.20884488231238804,-0.02816342519663823,0.07753658599822053,15.000000000001679,0.2623251249897294,
24,2,ok,2.116780302491587,-0.11677331600394515,-0.005438535651947056,0.09453542495951014,15.000000000001679,0.2979148750018794,
25,2,ok,1.9659229647805918,0.035741510664581484,0.08088071788412625,0.07558295616197404,15.000000000001679,0.2798343749891501,
26,2,ok,1.9609638374761742,0.03921981935223692,-0.02683756822458223,0.07498040937867444,15.000000000001679,0.30632658299873583,
27,2,ok,2.089518839499902,-0.08938512392714931,0.02363862383786501,0.0979728513182122,15.000000000001679,0.26146433397661895,
28,2,ok,2.134320715638052,-0.13323144180100804,-0.06818015043485594,0.09518198307149787,15.000000000001679,0.220560125017073,
29,2,ok,1.769118116527389,0.23093317538846284,0.013471461846048572,0.0995116499615891,15.000000000001679,0.23993008301476948,
30,2,ok,1.8621792409103208,0.15656338149480833,-0.26353929276577254,0.09792480352328818,15.000000000001679,0.24159966700244695,
31,3,ok,1.6069709376361194,0.3941718427475883,0.06059310012231116,0.08275833405820715,15.000000000001679,0.23636599999736063,
32,3,ok,1.670759394887896,0.3500519238243114,-0.262884578342497,0.09275873699174461,15.000000000001679,0.21884833299554884,
33,3,ok,1.5638325675358862,0.45540401918785156,-0.2445312972705926,0.09062129648323845,15.000000000001679,0.23967641597846523,
34,3,ok,2.0078312360865396,-0.006495900023785818,-0.07321527021421187,0.08729113019417409,15.000000000001679,0.2508359590137843,
35,3,ok,1.8045753713227826,0.19906113265972653,-0.11450531379761783,0.08707032225611057,15.000000000001679,0.3019385829975363,
36,3,ok,1.9714769940141228,0.042337674008768346,0.23298016078963113,0.07645872441563002,15.000000000001679,0.2591949170164298,
37,3,ok,2.0726160589399827,-0.07127756411429514,-0.0744753662136473,0.08315282868635261,15.000000000001679,0.23500899999635294,
38,3,ok,2.0227915027197008,-0.021009649617244042,0.08488497881846283,0.07633735618904576,15.000000000001679,0.23638766701333225,
39,3,ok,1.7186502898747786,0.28267319088187626,-0.06743478012735221,0.09625297457535947,15.000000000001679,0.23271829198347405,
40,3,ok,2.05289226415891,-0.05256425924535095,0.036696183889860685,0.07635485778708216,15.000000000001679,0.24414900000556372,
41,4,ok,1.9228762572158966,0.08767849342662322,-0.2011953181899266,0.09298794429896953,15.000000000001679,0.25161404197569937,
42,4,ok,1.6116102129143959,0.3884334997214574,-0.011869858885192356,0.08937267308285428,15.000000000001679,0.24266441699001007,
43,4,ok,1.8392621134252733,0.17355370116513413,-0.2167464863706508,0.0873182840888057,15.000000000001679,0.25768470801995136,
44,4,ok,1.758708690837262,0.24138230612193642,0.017890388635176013,0.08463881731940949,15.000000000001679,0.26193404200603254,
45,4,ok,1.784619163608967,0.22273243051157962,-0.16181948450384945,0.08752237533927694,15.000000000001679,0.235805457981769,
46,4,ok,2.035071233121526,-0.03467316248841417,-0.04024979165369247,0.07794580545605029,15.000000000001679,0.2391302089963574,
47,4,ok,1.7137525605965513,0.33925350660732184,-0.4229289817867298,0.08784304957213383,15.000000000001679,0.24579204199835658,
48,4,ok,1.9596060901467853,0.04292061924451616,0.09948027926228864,0.09182378891182233,15.000000000001679,0.2388782910129521,
49,4,ok,1.7263292416343983,0.29226087628525266,-0.25266526444286597,0.09235262149298464,15.000000000001679,0.2127645830041729,
50,4,ok,1.854220080652086,0.15451197350847723,-0.1797388426853051,0.08561291897378433,15.000000000001679,0.2561274160107132,
51,5,ok,1.5494502729899227,0.4602922518071568,-0.1734825599980311,0.09081952938835425,15.000000000001679,0.22568195799249224,
52,5,ok,1.9138181753487493,0.10041175781812049,-0.2329474585814861,0.08527804591805635,15.000000000001679,0.2802044999843929,
53,5,ok,1.735436960042732,0.2655164736213174,-0.05751816237788541,0.08702507718170915,15.000000000001679,0.19948475001729093,
54,5,ok,1.698056094000444,0.30250195337729474,-0.04353022035488962,0.09135546809295232,15.000000000001679,0.24554054101463407,
55,5,ok,1.9180000676520532,0.08320033744898811,0.0678477203567493,0.09274519395521555,15.000000000001679,0.22038904202054255,
56,5,ok,1.7588300981170655,0.28431163618897265,-0.38716501950192506,0.09013810169885039,15.000000000001679,0.29602754197549075,
57,5,ok,1.9736199273460433,0.029544518427598903,-0.11171755796954283,0.09089961928604558,15.000000000001679,0.26010079198749736,
58,5,ok,1.7334731472368456,0.3084922687030837,-0.37911838145093196,0.08925710946927858,15.000000000001679,0.26694999999017455,
59,5,ok,1.7059523518094364,0.3034592412306562,-0.17894937965381738,0.0907008890888019,15.000000000001679,0.24619154198444448,
60,5,ok,1.806098136143496,0.32145701497391344,-0.6666962762763303,0.09234723861490789,15.000000000001679,0.24512479099212214,
61,6,ok,1.707889759886064,0.3155956993566845,-0.28225800944876855,0.08814319640453327,15.000000000001679,0.2721016249852255,
62,6,ok,1.4187226527686643,0.6038480902740491,-0.2520591407736215,0.09337685227840568,15.000000000001679,0.24588241701712832,
63,6,ok,1.7207305408651608,0.31464991349992816,-0.34714360169864655,0.10449395508070988,15.000000000001679,0.25154516598558985,
64,6,ok,1.4702478064445468,0.5610460260468583,-0.3017284759505846,0.08923054160425775,15.000000000001679,0.26034954100032337,
65,6,ok,2.087392254607831,-0.02881726535350254,-0.49102640295639954,0.0917338291033958,15.000000000001679,0.22531091701239347,
66,6,ok,1.5652987402710108,0.49818133215874466,-0.4412491758831181,0.09337273973497678,15.000000000001679,0.20379891601623967,
67,6,ok,2.0074649817226793,-0.005024735547836215,-0.09895182001442276,0.09150059078223545,15.000000000001679,0.24502733399276622,
68,6,ok,1.692148951604463,0.30785954277992367,0.005361665330364087,0.08097298672402804,15.000000000001679,0.2578147909953259,
69,6,ok,2.146290341768992,-0.1142614491489702,0.36940594988894226,0.09393041726419417,15.000000000001679,0.22159570900839753,
70,6,ok,1.6865334464820319,0.3437641151166704,-0.31824166874765863,0.09978137525084796,15.000000000001679,0.23653975001070648,
71,7,ok,1.5346603712877147,0.46972362008003987,-0.11591659182363823,0.08904926062602042,15.000000000001679,0.29019629198592156,
72,7,ok,1.7123476077549977,0.2989191509011842,-0.19610781374926334,0.08161637441022782,15.000000000001679,0.2486953340121545,
73,7,ok,1.76820220545337,0.2483071620425764,-0.24106273212346344,0.07520960108884443,15.000000000001679,0.20951149999746121,
74,7,ok,2.3173781050710067,-0.2638034515269233,-0.49541418501823103,0.07521455031207859,15.000000000001679,0.2239130420202855,
75,7,ok,1.804886745200341,0.20803519084263525,-0.215588231917909,0.07705899498615214,15.000000000001679,0.26836650000768714,
76,7,ok,1.349419668227721,0.8107778962644338,-0.6377179854658067,0.09192760557873643,15.000000000001679,0.2105912499828264,
77,7,ok,1.9845924846380503,0.01620566882154827,-0.05627949596494577,0.09658534320055968,15.000000000001679,0.27654945899848826,
78,7,ok,1.7845618720423462,0.2671310244344273,-0.4264108214733834,0.07926280712554624,15.000000000001679,0.22254358298960142,
79,7,ok,1.4647065189646118,0.5639847658670311,-0.2884881869946591,0.08650723613654283,15.000000000001679,0.2714779579837341,
80,7,ok,1.8196627351376748,0.20954324866369128,-0.3247107809158098,0.08371884869146529,15.000000000001679,0.26072766599827446,
81,8,ok,1.6537963917198084,0.4123476190517335,-0.4630360920433293,0.08779018832325822,15.000000000001679,0.2458433749852702,
82,8,ok,1.430560766307847,0.619041745343782,-0.37344130060311526,0.0836537753118142,15.000000000001679,0.2560886249993928,
83,8,ok,1.5389485864668597,0.4904865381520121,-0.2995527671179967,0.0860315664100001,15.000000000001679,0.26312833398696966,
84,8,ok,1.7207636818471448,0.30323628171912903,-0.2863922713514006,0.08582585894102493,15.000000000001679,0.21798812499037012,
85,8,ok,1.5910826736972399,0.5277149432189545,-0.6032584737231557,0.09525096166703521,15.000000000001679,0.1997526659979485,
86,8,ok,1.9296360176303882,0.1407165469002561,-0.5162946848128072,0.08348531655515469,15.000000000001679,0.26196820801123977,
87,8,ok,1.8776468212395019,0.12458066546736205,-0.09143251594462119,0.07874585223969999,15.000000000001679,0.19856333400821313,
88,8,ok,1.7891266208113625,0.22246109414917264,-0.20329658994318756,0.07512189752056943,15.000000000001679,0.2790476660011336,
89,8,ok,1.6670498618376963,0.3544990077288011,-0.2671735883046487,0.091399467759116,15.000000000001679,0.29943595800432377,
90,8,ok,1.3814744909242107,0.7410256122575305,-0.5687312722919158,0.09249120042781263,15.000000000001679,0.22365270799491554,
91,9,ok,1.4776878440167436,0.6084677175783874,-0.4971913830039188,0.09554617411488119,15.000000000001679,0.21435620900592767,
92,9,ok,1.3018158048017932,0.7256697842148738,-0.2660956421454028,0.09005401848473783,15.000000000001679,0.27494554201257415,
93,9,ok,1.6356144925451972,0.3720710187388988,-0.1583729781057274,0.09335964683228003,15.000000000001679,0.20305704200291075,
94,9,ok,1.5412215234510387,0.4788738667392401,-0.2480706977051284,0.09833419216296113,15.000000000001679,0.2605019159964286,
95,9,ok,1.4575222324770627,0.5877173427211172,-0.3603175739735974,0.09844394001732965,15.000000000001679,0.24391308301710524,
96,9,ok,1.9420766397958085,0.11305072447766346,-0.4594389039320759,0.07539475668854165,15.000000000001679,0.24220408301334828,
97,9,ok,1.65226825434197,0.49526657444471117,-0.6824717593592474,0.07834731834707849,15.000000000001679,0.26925462498911656,
98,9,ok,1.5459997856442373,0.4950780517774225,-0.35401308869869397,0.09879829331956845,15.000000000001679,0.28065616701496765,
99,9,ok,1.6082453743914742,0.40550016664758415,-0.20981769632395436,0.0917601603245765,15.000000000001679,0.23197379198973067,
100,9,ok,1.7025872983850412,0.30089158237434344,-0.10878462104410944,0.08941963499218553,15.000000000001679,0.2384476249862928,
101,10,ok,1.2990482126663767,0.7123468187377545,-0.17168443032764116,0.0946277509152539,15.000000000001679,0.2340060000133235,
102,10,ok,1.4941643945130225,0.6420571166307012,-0.6233124123079394,0.08854974279342213,15.000000000001679,0.27702358399983495,
103,10,ok,1.4314043652711383,0.6949059280739234,-0.5879182939326545,0.08572223454659766,15.000000000001679,0.2546349589829333,
104,10,ok,1.917193840727892,0.0830010071349934,-0.027332842507053607,0.0987429761462443,15.000000000001679,0.18745008402038366,
105,10,ok,1.7363202421638504,0.27834850517215176,-0.22522014498034443,0.09422195734893518,15.000000000001679,0.25085337497876026,
106,10,ok,1.4025039527863588,0.7568703042311687,-0.6493426653771135,0.08679327414223786,15.000000000001679,0.22632975000306033,
107,10,ok,1.4166090841562073,0.6232947881186996,-0.33386233224602135,0.08453769395128027,15.000000000001679,0.27987712499452755,
108,10,ok,1.626129161522447,0.5340180057572809,-0.7036993978325096,0.08139259325950803,15.000000000001679,0.2405692909960635,
109,10,ok,1.7995749073816842,0.2049455779344541,-0.12747340546453353,0.08498089530609869,15.000000000001679,0.233418084011646,
110,10,ok,1.5631662661978658,0.49505130734893754,-0.42263247422179345,0.09217793911328787,15.000000000001679,0.2565298750123475,
111,11,ok,1.357969963108449,0.8101900109263542,-0.6545491659190572,0.09117396780679547,15.000000000001679,0.2181726249982603,
112,11,ok,1.3437676862957513,0.7337614284000638,-0.4498349414231734,0.08622649399467702,15.000000000001679,0.2557029169984162,
113,11,ok,1.1926469915522766,0.8257760027169503,-0.20881774508722373,0.0895388568627571,15.000000000001679,0.22718841701862402,
114,11,ok,1.5505417044756897,0.4507754128077204,0.06389644557632022,0.08705842633751988,15.000000000001679,0.22722904200782068,
115,11,ok,1.5051134975348601,0.5522716548525042,-0.4116421736388449,0.09551548276677596,15.000000000001679,0.23034504099632613,
116,11,ok,1.449197987699052,0.7475719315738061,-0.7291081819381913,0.09394880510121771,15.000000000001679,0.22023474998422898,
117,11,ok,1.5177518587859535,0.5704592139198654,-0.5098861105988355,0.08879228748767334,15.000000000001679,0.23478245898149908,
118,11,ok,1.7744235460543314,0.35374960740766603,-0.6621469366248058,0.08375827159217622,15.000000000001679,0.23906195900053717,
119,11,ok,2.171739813561331,-0.1621053465952751,-0.2043386601491007,0.07496914644272858,15.000000000001679,0.2549112499982584,
120,11,ok,1.3610312903197668,0.6399743551463698,0.052310788275040085,0.10365248991718061,15.000000000001679,0.2063737919961568,
121,12,ok,1.553964934868951,0.4626371720126394,-0.22654481659258538,0.09314485579395904,15.000000000001679,0.3427517920208629,
122,12,ok,2.068371005245143,-0.016012974740533967,-0.46243951065693534,0.07496885840222786,15.000000000001679,0.2662831250054296,
123,12,ok,1.5085058882017388,0.5864861402783299,-0.5268477798321478,0.09324657617865625,15.000000000001679,0.2007592919981107,
124,12,ok,1.6568626678075253,0.37726948052624604,-0.33457370061424413,0.07909759483544561,15.000000000001679,0.2226827919948846,
125,12,ok,1.5202612335277421,0.5164083262439757,-0.3318884808623064,0.08242642384242437,15.000000000001679,0.23160783399362117,
126,12,ok,1.474054654043294,0.6060015998185991,-0.47917176815667095,0.10723723421280183,15.000000000001679,0.22391858301125467,
127,12,ok,1.3428886126658133,0.7278548200324025,-0.4301121564344837,0.09177676962186347,15.000000000001679,0.22553349999361672,
128,12,ok,1.320887465988053,0.6938006408737286,-0.1964355671014237,0.09306023782290601,15.000000000001679,0.2585925000021234,
129,12,ok,1.3392715989363153,0.6613698596153827,0.04144590415583036,0.09276346177256889,15.000000000001679,0.24050745900603943,
130,12,ok,1.2004651452250388,0.8347852304963006,-0.288775182158395,0.08449238504598608,15.000000000001679,0.2619344590057153,
131,13,ok,1.5936114353892359,0.46633220149932303,-0.4329670782466341,0.08287001308181659,15.000000000001679,0.22537637501955032,
132,13,ok,1.4056811866634427,0.6641695221294502,-0.4376031683291181,0.10272623290850778,15.000000000001679,0.24193762498907745,
133,13,ok,1.6725329152426518,0.3542705872964789,-0.29822986559465564,0.08433533424660479,15.000000000001679,0.23132720901048742,
134,13,ok,1.337699496507452,0.7397916370087821,-0.44868120620690705,0.08293943503917152,15.000000000001679,0.2303737079782877,
135,13,ok,1.5371963884659832,0.4628539944988422,-0.012445661279987589,0.10671014172442239,15.000000000001679,0.23361504200147465,
136,13,ok,1.3491109776927648,0.6555161400068996,0.11164040643593433,0.08575876447539243,15.000000000001679,0.28234441598760895,
137,13,ok,1.604182862466665,0.3995794022244648,-0.10980239727593076,0.08187272899383227,15.000000000001679,0.24565074997371994,
138,13,ok,1.1992804976098201,0.8033368721059797,0.07919008957033198,0.09613427750972198,15.000000000001679,0.2630124579882249,
139,13,ok,1.4959736616615005,0.6089289369916907,0.5503258071777567,0.11129851518305865,15.000000000001679,0.24775891701574437,
140,13,ok,1.4867605348065747,0.5171767828145731,-0.1081304510033724,0.0791353453663577,15.000000000001679,0.25625204198877327,
141,14,ok,1.3106311576545224,0.6895050667044398,-0.018896063650887238,0.10809531619999524,15.000000000001679,0.23578370898030698,
142,14,ok,1.4592198715830462,0.5463303102450983,-0.1271497806161286,0.1057140677023149,15.000000000001679,0.26846962500712834,
143,14,ok,1.4210554222673406,0.5970508783099706,0.22612446816871692,0.1071607596064934,15.000000000001679,0.22457370901247486,
144,14,ok,1.6490932820613018,0.43398168001176435,-0.5168126105281686,0.09222175366072226,15.000000000001679,0.23944191698683426,
145,14,ok,1.6073176130269682,0.39270897133264177,0.009244366508094728,0.08822673429773568,15.000000000001679,0.22316416699322872,
146,14,ok,1.2082842045035398,0.8094195275908554,-0.2060797359537573,0.09764045802836248,15.000000000001679,0.2876902079733554,
147,14,ok,1.3312777945278074,0.6822426870124059,-0.18925176424683188,0.09933380065340168,15.000000000001679,0.33833274999051355,
148,14,ok,1.21370596628564,0.7908621386474524,-0.10520363511374792,0.08549732517355119,15.000000000001679,0.24786629099980928,
149,14,ok,1.314449878318442,0.6865399798225953,-0.0510025294170626,0.0869151841290302,15.000000000001679,0.2458949589927215,
150,14,ok,1.379773039690243,0.7100440265703105,-0.4896807405535928,0.11002761441093896,15.000000000001679,0.3094102499890141,
151,15,ok,1.863986988249334,0.1380700586584202,-0.08754647850464642,0.0911477160579021,15.000000000001679,0.3222366249829065,
152,15,ok,1.4598517587616686,0.5412063645217724,0.05557235506754281,0.08899425951978866,15.000000000001679,0.3324870840006042,
153,15,ok,1.1352688429425764,0.9054236171634331,-0.3012273027011222,0.08340387583170507,15.000000000001679,0.29920833301730454,
154,15,ok,1.6285264091960447,0.4123756992625908,-0.36269456179685955,0.08206482493944169,15.000000000001679,0.33862254198174924,
155,15,ok,1.5144194136110796,0.5357011819752588,-0.3863872822097954,0.07873741139062583,15.000000000001679,0.3148371249844786,
156,15,ok,1.4220002128795168,0.6343092353817863,-0.3961986129025568,0.08186301350078483,15.000000000001679,0.30084554199129343,
157,15,ok,1.1680260778396698,0.849620155504397,-0.20226500412032414,0.08619097657432613,15.000000000001679,0.336107708979398,
158,15,ok,1.2535057346339904,0.7565852858228843,0.15873397660281086,0.11343882392680071,15.000000000001679,0.2476275000080932,
159,15,ok,1.5039377470910436,0.5048956052661269,0.16276239114962104,0.08586389957148136,15.000000000001679,0.23759158398024738,
160,15,ok,1.2092982673509278,0.8153321118488347,-0.24282564568309994,0.09529689986288768,15.000000000001679,0.21675379198859446,
161,16,ok,1.2829010245802206,0.7237033487971511,-0.130007295939011,0.09379329667954134,15.000000000001679,0.20502700001816265,
162,16,ok,1.4066874753012701,0.6444118954815038,-0.3757000719422504,0.08100255380960113,15.000000000001679,0.2534316250239499,
163,16,ok,1.3585533529550209,0.7318806262369496,-0.48738123344271156,0.09014411886076983,15.000000000001679,0.22119716700399294,
164,16,ok,1.789900465477722,0.21231153900368108,-0.08895865746501881,0.07688984421120856,15.000000000001679,0.2773347920156084,
165,16,ok,1.3928262322205383,0.6889241939059754,-0.4701543829813398,0.08285852471183623,15.000000000001679,0.2576636250014417,
166,16,ok,1.6009797279949138,0.4004555040505111,0.06777532684070162,0.07999243080395126,15.000000000001679,0.269720333017176,
167,16,ok,1.366936354593294,0.7022863585011255,-0.4294814340300808,0.08206386915116609,15.000000000001679,0.2901629169937223,
168,16,ok,1.6117988911685739,0.39867972650807726,-0.18349127302408166,0.07661780883141314,15.000000000001679,0.25156375000369735,
169,16,ok,1.2846325774169465,0.8264053033788417,-0.5224522437731495,0.08440136326476137,15.000000000001679,0.24056108301738277,
170,16,ok,1.4207011492388308,0.6439461714045789,-0.42368593250217207,0.08306288606738925,15.000000000001679,0.2550896250177175,
171,17,ok,1.4072981730045628,0.6738748633325224,-0.4710416856719206,0.09037095223876428,15.000000000001679,0.22733866699854843,
172,17,ok,1.4742100787327346,0.5778595207241397,-0.3883449670617636,0.07773381774943454,15.000000000001679,0.23417399998288602,
173,17,ok,1.3126296011526482,0.764334673649924,-0.4428630387358156,0.0958934237382519,15.000000000001679,0.23703233400010504,
174,17,ok,1.1060812958621458,0.8974317502054943,-0.08808568329282636,0.10011718981302929,15.000000000001679,0.24723100001574494,
175,17,ok,1.357239896117491,0.6716170821408795,0.27838634871901763,0.11896008518932485,15.000000000001679,0.2159582500171382,
176,17,ok,1.4060518295616353,0.6061527171518177,-0.18485534752979563,0.08162629519987981,15.000000000001679,0.25176416599424556,
177,17,ok,1.4705362281570908,0.6072190849901683,-0.4718454419689354,0.08038384190837612,15.000000000001679,0.2285624590003863,
178,17,ok,1.2409076206907415,0.7590957137105174,-0.0028766919798305125,0.0928144316364797,15.000000000001679,0.2438780829834286,
179,17,ok,1.2048402486978322,0.8033564805164258,-0.14030079173054774,0.10200970994597802,15.000000000001679,0.23863629100378603,
180,17,ok,1.5255939828119152,0.5011876785151116,0.2846025744033275,0.1052647590870482,15.000000000001679,0.23807599997962825,
181,18,ok,1.1474624988402098,0.8526131889984521,0.013179233070122282,0.08549185950520054,15.000000000001679,0.2473972909792792,
182,18,ok,1.4471695398242304,0.5942500437223929,-0.3437538907715527,0.08483316053595359,15.000000000001679,0.2237819170113653,
183,18,ok,1.3938199864543324,0.7307610274004862,-0.5759918272632741,0.08925295665002966,15.000000000001679,0.27144362500985153,
184,18,ok,1.6038785132800908,0.4863365252766082,-0.5303293039705255,0.09782993081039516,15.000000000001679,0.21053499999106862,
185,18,ok,2.056897144242362,-0.05023348907949893,-0.16543428377844294,0.07522302002651658,15.000000000001679,0.27967316599097103,
186,18,ok,1.589053835163855,0.4971240506846868,-0.5161937349663905,0.09369829611561666,15.000000000001679,0.27096820800215937,
187,18,ok,1.4027655091638873,0.6503926208636083,-0.3825062037149461,0.09428152078797646,15.000000000001679,0.2187123329786118,
188,18,ok,1.1406917569660762,0.8615870032491906,-0.07206617264150503,0.11100837754188135,15.000000000001679,0.24295216600876302,
189,18,ok,1.4652890803779017,0.5611529642775506,0.27711242640386513,0.1131372852770996,15.000000000001679,0.25443466601427644,
190,18,ok,1.233763660580675,0.7802104996642627,0.1851657231782372,0.10383560254627895,15.000000000001679,0.2452008330146782,
191,19,ok,1.5784417034427916,0.4297624879196251,-0.16072450598155824,0.07804535121063715,15.000000000001679,0.25209887500386685,
192,19,ok,1.269257654579666,0.7870731440411094,-0.3739297204057945,0.10577360486169071,15.000000000001679,0.21737670901347883,
193,19,ok,1.394762406785958,0.60682471667329,0.06651918002275567,0.08812918829507001,15.000000000001679,0.2184911250078585,
194,19,ok,1.5846680319350732,0.4634339080303806,-0.38747569787818886,0.07896430156467522,15.000000000001679,0.2523571659985464,
195,19,ok,1.2778393605729468,0.7298958966490602,-0.14038873915162448,0.1037607752697872,15.000000000001679,0.2141442919964902,
196,19,ok,1.2340412017542295,0.8581263011227123,-0.46795527931558195,0.08866378627743195,15.000000000001679,0.213244125014171,
197,19,ok,1.4751665068871804,0.527473109590462,0.08820873008122768,0.0968417324873473,15.000000000001679,0.2217897090013139,
198,19,ok,1.7824675239010985,0.2535941934093151,-0.3567313169157599,0.08127353876350839,15.000000000001679,0.2358143749879673,
199,19,ok,1.2229394124897262,0.7844759787142859,-0.13446992339599065,0.11081978943049178,15.000000000001679,0.23464887498994358,
200,19,ok,1.492734989133475,0.5107792380334782,0.1023683052080441,0.0959716043817199,15.000000000001679,0.2624096249928698,
201,20,ok,1.6366911738480423,0.38427731259985926,-0.261147843132103,0.0787724326909977,15.000000000001679,0.233801249996759,
202,20,ok,1.3764226185327793,0.7389148462933651,-0.5515464258875634,0.097926137565771,15.000000000001679,0.2237235420034267,
203,20,ok,1.2984260238683125,0.7206420033603232,0.22170533573324078,0.10749889454633536,15.000000000001679,0.23274187499191612,
204,20,ok,1.432770433535424,0.5851750470488286,0.2260563374913491,0.10649814429680113,15.000000000001679,0.21795220801141113,
205,20,ok,1.4534223726526316,0.5950552937192649,0.37224584030039093,0.11156781305166906,15.000000000001679,0.23421216700808145,
206,20,ok,1.1787174886774592,0.8277290455610437,0.12310860040173505,0.09140400379064514,15.000000000001679,0.25445029098773375,
207,20,ok,1.1559486541563264,0.8875447195476952,-0.3141027539510069,0.08453071311915497,15.000000000001679,0.23778137500630692,
208,20,ok,1.3676617553466837,0.7595755613676134,-0.5760606644108766,0.09431019475914694,15.000000000001679,0.2039707080111839,
209,20,ok,1.6202314200497006,0.3843112966449294,-0.12124301368359316,0.07643443206362417,15.000000000001679,0.26935808299458586,
210,20,ok,1.557505670543132,0.4791575280212108,-0.3359495337092421,0.09602316512919173,15.000000000001679,0.24172733299201354,
211,21,ok,1.2706173870062463,0.7491617289804431,-0.2233207646310276,0.09579149686394209,15.000000000001679,0.20506487501552328,
212,21,ok,1.3194938981883397,0.7536334201505938,-0.4331679766450359,0.08155620338841577,15.000000000001679,0.2300528750056401,
213,21,ok,1.6860924790535552,0.32091617056142213,-0.1535751986449772,0.07878722046295873,15.000000000001679,0.2464046670065727,
214,21,ok,1.5054566604205946,0.5154147587318282,-0.2498127655134014,0.0794836912242387,15.000000000001679,0.2518487499910407,
215,21,ok,1.3294099566488002,0.6840785418739805,-0.18889560312631856,0.08640665794709401,15.000000000001679,0.24141562500153668,
216,21,ok,1.3620705556992756,0.6847346191842237,-0.3539960123087041,0.0927471377333301,15.000000000001679,0.23671725002350286,
217,21,ok,1.3398156224332853,0.7715557397532771,-0.5348182883776262,0.10575065988355431,15.000000000001679,0.22064999997382984,
218,21,ok,1.3568483530481679,0.7149071773061516,-0.4354008385732425,0.08215220310026256,15.000000000001679,0.2294734590104781,
219,21,ok,1.4297839487319892,0.5704982454360761,0.028405523235853367,0.08618486755874136,15.000000000001679,0.2520098329987377,
220,21,ok,1.4263815735515357,0.6458912833297559,0.44827890515282975,0.10778276233730219,15.000000000001679,0.26103708299342543,
221,22,ok,1.96148567186719,0.03897921383563503,-0.04270266000588538,0.07497374691479426,15.000000000001679,0.2903776249731891,
222,22,ok,1.265670400185788,0.9206998551574299,-0.6610845326047644,0.09326114348829512,15.000000000001679,0.2675034159910865,
223,22,ok,1.730615596452012,0.2697909947642032,-0.037511876571403716,0.07659721240991879,15.000000000001679,0.2989816250046715,
224,22,ok,1.5898715707011943,0.41452451116850547,0.11814857442396733,0.08584556910616523,15.000000000001679,0.2806152910052333,
225,22,ok,1.6869757073035376,0.3560403530690752,-0.37852835599862295,0.0852397473110144,15.000000000001679,0.2995523339777719,
226,22,ok,1.17923683141338,0.8375872928164652,-0.19848476702284823,0.08202695136259684,15.000000000001679,0.2607048749923706,
227,22,ok,1.4658798873119367,0.5887485658235927,-0.39645079588858156,0.07676438748082483,15.000000000001679,0.23140862499712966,
228,22,ok,1.2446981127690273,0.7871656387715767,-0.2798324572926114,0.07650334471769062,15.000000000001679,0.2686061249987688,
229,22,ok,1.418103054796678,0.6427680995028032,-0.41102048890102366,0.10539508208391835,15.000000000001679,0.23974341599387117,
230,22,ok,1.1891867454351805,0.8150426384453171,-0.10020562267697886,0.07841616921054803,15.000000000001679,0.23781087499810383,
231,23,ok,1.3905748246830005,0.660263965605725,-0.3725663715201084,0.08253109808599367,15.000000000001679,0.27942612502374686,
232,23,ok,1.226095486275954,0.8226687362799846,-0.3423466619286657,0.08243293896361434,15.000000000001679,0.22025974999996834,
233,23,ok,1.3977677695519,0.6491864558005527,-0.3592457465376889,0.0786516675828922,15.000000000001679,0.26220316701801494,
234,23,ok,1.6840425236176009,0.3464446634441034,-0.31898898147091764,0.08234376915639345,15.000000000001679,0.2602811249962542,
235,23,ok,1.1893720594447947,0.8823500913505687,-0.406773373617141,0.0824563416365608,15.000000000001679,0.22570383397396654,
236,23,ok,1.3234945292346474,0.776170190545798,-0.5038634402348844,0.10217652792442543,15.000000000001679,0.26104512499296106,
237,23,ok,1.1790495158489727,0.8670211698437846,-0.32636901084746167,0.0996253128442825,15.000000000001679,0.2517348330002278,
238,23,ok,1.238864951320284,0.7652714034771281,0.10115167096231627,0.09593057326410079,15.000000000001679,0.21731329199974425,
239,23,ok,1.5117046389860036,0.5169837134362671,-0.29311023407332537,0.07940495004069832,15.000000000001679,0.24160183299682103,
240,23,ok,1.363758452557594,0.6560215721244419,0.23142839568088208,0.10353103509373623,15.000000000001679,0.1967245840060059,
241,24,ok,1.3647744405823983,0.6798285781565935,0.34605879647099935,0.0904762307945146,15.000000000001679,0.3069016659865156,
242,24,ok,1.2059852508392528,0.7985975720994399,-0.10503633407757038,0.09404717089284247,15.000000000001679,0.2541794170101639,
243,24,ok,1.3416429645415684,0.6814589471789703,0.2479018683461235,0.08508015677211828,15.000000000001679,0.24591729100211523,
244,24,ok,1.6464064331640533,0.36044943819981295,-0.15009363232553039,0.09088777342254174,15.000000000001679,0.24194391598575749,
245,24,ok,1.2806168319161924,0.724544274564797,-0.11485714014211448,0.103228052083638,15.000000000001679,0.21446033401298337,
246,24,ok,1.4033486465831206,0.7290877375038617,-0.595121369893254,0.07937366537279397,15.000000000001679,0.2667102090199478,
247,24,ok,1.1358008846695338,0.8704806809579669,-0.11928854734180473,0.0876217177956935,15.000000000001679,0.21252849997836165,
248,24,ok,1.458463765972085,0.6128708297164271,-0.45054325164392767,0.10396860049723741,15.000000000001679,0.3556317089824006,
249,24,ok,1.380810713777926,0.6755970050209344,-0.39063401563917444,0.0840318379291161,15.000000000001679,0.2625530420045834,
250,24,ok,1.8071068423564964,0.19291136714065882,0.008112501600873546,0.0944394976282281,15.000000000001679,0.2445887910143938,
251,25,ok,1.8111079789765532,0.22824835144160716,-0.37551059551383137,0.07484405000293347,15.000000000001679,0.24092337500769645,
252,25,ok,1.4152814837798813,0.6109250284472183,-0.27109482056251355,0.08341474569005432,15.000000000001679,0.2315167500055395,
253,25,ok,1.261459415048141,0.7522719232366907,-0.18561924003219926,0.10055714871866815,15.000000000001679,0.24245779201737605,
254,25,ok,1.3492494556152739,0.6801859996128982,-0.2802946625612195,0.0783426939826796,15.000000000001679,0.26726879199850373,
255,25,ok,1.2595214355049376,0.7409658248724693,0.03503130539041832,0.105532330382696,15.000000000001679,0.2321205829794053,
256,25,ok,1.419985614158932,0.6689576288518346,-0.4946568008494259,0.08740860007795077,15.000000000001679,0.2244259580038488,
257,25,ok,2.039686231835335,-0.03954221859266742,0.02423763430550595,0.07513842179738148,15.000000000001679,0.30620566598372534,
258,25,ok,1.5854017635632578,0.4148706447098459,-0.02938841450145587,0.0820659976509442,15.000000000001679,0.20826283300993964,
259,25,ok,1.4001008287272978,0.6616806476775184,-0.4113193914733407,0.07824996123447289,15.000000000001679,0.22782516697770916,
260,25,ok,1.305693999952525,0.7596072010615447,-0.40775302065545643,0.08168202609377949,15.000000000001679,0.2164038749760948,
261,26,ok,1.613688997679616,0.40404133836294515,-0.23855425290257168,0.07903376980291942,15.000000000001679,0.2841829169774428,
262,26,ok,1.2295979116308833,0.7756802436763566,0.11380755055199125,0.08457719639967856,15.000000000001679,0.2259485829854384,
263,26,ok,1.3976099674553086,0.6175164852162703,-0.2050681654515253,0.08461376981489373,15.000000000001679,0.27424295799573883,
264,26,ok,1.5257105706184693,0.5338782871644694,-0.4222320078453844,0.07847997887683905,15.000000000001679,0.25120199998491444,
265,26,ok,1.9888133120203069,0.021689684301037924,0.20412418981653108,0.07638148235708174,15.000000000001679,0.24671383399982005,
266,26,ok,1.348998413546969,0.7489691367600204,-0.504696442402035,0.0782404908246998,15.000000000001679,0.2264682080131024,
267,26,ok,1.358082280787926,0.6973542691163692,-0.38405934593599805,0.1041362830859345,15.000000000001679,0.2357134589983616,
268,26,ok,1.2825957309266156,0.7260805999235526,-0.14893344520302973,0.09240568811702192,15.000000000001679,0.23120054198079742,
269,26,ok,1.591163008839823,0.42164671705680945,-0.201495992324044,0.09093939361128917,15.000000000001679,0.2369968749990221,
270,26,ok,1.377096955380165,0.7643082710894027,-0.607833838823785,0.09236442007102097,15.000000000001679,0.22174170799553394,
271,27,ok,1.4006229771948757,0.6627197252679131,-0.41644470348260154,0.08252912978016705,15.000000000001679,0.21829245798289776,
272,27,ok,1.48230864365263,0.5779321756481794,-0.41828461361921926,0.08423156505874636,15.000000000001679,0.24488841599668376,
273,27,ok,1.8889908040194847,0.19541417203111083,-0.558351365328337,0.08253759494488229,15.000000000001679,0.22452670798520558,
274,27,ok,1.3135508907342792,0.7201062038554521,-0.295445110197337,0.09784828297732907,15.000000000001679,0.2527317090134602,
275,27,ok,1.7488480795540107,0.2523640851851225,0.0651023395041775,0.08133204983345355,15.000000000001679,0.2530085420003161,
276,27,ok,1.661448198805628,0.3389624881873845,-0.036939161682697605,0.0858983003020688,15.000000000001679,0.23945970798376948,
277,27,ok,1.4794532515953955,0.6061959868856968,-0.49607690601624654,0.08211172451150374,15.000000000001679,0.22163620800711215,
278,27,ok,1.3812150031350405,0.6222497739599171,0.09777115899809273,0.09750430564235915,15.000000000001679,0.23396541699185036,
279,27,ok,1.602190493665026,0.40033442923957496,0.08991351241222487,0.08296606549751857,15.000000000001679,0.259131167025771,
280,27,ok,1.4389975482920476,0.6381808367272285,-0.4649328021699188,0.10697399528633765,15.000000000001679,0.20333550000214018,
281,28,ok,1.3542499625622806,0.6795942671383058,-0.30086817998238197,0.0824497183701213,15.000000000001679,0.2535637079854496,
282,28,ok,1.2599842716183325,0.7417711027290356,0.06648613989300488,0.10275297536048918,15.000000000001679,0.22171862499089912,
283,28,ok,1.3919306843017927,0.7028223705273148,0.504778394443029,0.12163178818197344,15.000000000001679,0.23179095800151117,
284,28,ok,1.4999265695317465,0.5199659753510234,-0.2434727908178363,0.07853306055134139,15.000000000001679,0.26195675000781193,
285,28,ok,1.10059431800485,0.9033354229473755,0.09292286189388112,0.08517038938107878,15.000000000001679,0.2112587080046069,
286,28,ok,1.7438236586997637,0.28278635234232125,-0.303476919944895,0.0817649532639788,15.000000000001679,0.25900566700147465,
287,28,ok,1.4019441352572213,0.6141983173526702,0.21213452042029113,0.10435093117639967,15.000000000001679,0.24443049999536015,
288,28,ok,1.3832161563202798,0.6935978425115097,-0.4545330989211531,0.09343835224051603,15.000000000001679,0.22242499998537824,
289,28,ok,1.3902205140264992,0.6806101315871832,-0.43809069009705404,0.09978581570491515,15.000000000001679,0.23725391700281762,
290,28,ok,1.2753716112015596,0.750165869369019,0.2539436799149807,0.10508393848316214,15.000000000001679,0.22214787499979138,
291,29,ok,1.3367129460479732,0.69683174504875,-0.29758024030430175,0.08370180954252003,15.000000000001679,0.2255906249920372,
292,29,ok,1.3083195799572607,0.6960480382689992,0.10681481543970246,0.08513547399494394,15.000000000001679,0.24061079198145308,
293,29,ok,1.762060548750138,0.24015563980120816,-0.08834707317247165,0.09335502176889761,15.000000000001679,0.2562780419830233,
294,29,ok,1.6976068693106852,0.30513207029838596,-0.09639389814604765,0.08953545272059926,15.000000000001679,0.22475537497666664,
295,29,ok,1.1482735358678473,0.9491856415745621,-0.4629484823405121,0.08035617854639841,15.000000000001679,0.24796799998148344,
296,29,ok,1.1802203789965198,0.819797514865386,0.006499006137082563,0.10271267869014362,15.000000000001679,0.2583735420193989,
297,29,ok,1.4294292276107168,0.5710628842763197,0.03750514704756579,0.07993358376361902,15.000000000001679,0.24853908302611671,
298,29,ok,1.2952346203927771,0.705064236088423,0.02782245867571639,0.09013322537567417,15.000000000001679,0.24009895900962874,
299,29,ok,1.3060903677020284,0.8230255466311377,-0.5662183189557602,0.08395378123110081,15.000000000001679,0.22951333300443366,
300,29,ok,1.7489049632056117,0.295637279398615,0.3921941954561127,0.11074190460237503,15.000000000001679,0.2542341660009697,
301,30,ok,1.9033566916221172,0.0997425322574666,-0.10857371611686313,0.09892652698329112,15.000000000001679,0.21603841599426232,
302,30,ok,1.8902107273547248,0.1250559060231789,-0.23975245205902407,0.07727493101570758,15.000000000001679,0.2573435830126982,
303,30,ok,1.8041877296817508,0.2004420191345524,-0.1291682524371349,0.09280076028471088,15.000000000001679,0.2711679589992855,
304,30,ok,1.6457537104402948,0.3546870929373037,0.038088230214817935,0.09705828773329844,15.000000000001679,0.2220317079918459,
305,30,ok,1.2464390969279366,0.7756338083661527,-0.23353340475092535,0.10566702452145763,15.000000000001679,0.2199044160079211,
306,30,ok,1.1519564073047517,0.8516761299541772,-0.0914103594427621,0.10874892287214309,15.000000000001679,0.17354908300330862,
307,30,ok,1.582206898479556,0.4387931214830833,-0.2569275229860782,0.082664167300997,15.000000000001679,0.19880554202245548,
308,30,ok,1.3670089211146024,0.6810644311005843,-0.35933599249015385,0.09662004993519122,15.000000000001679,0.20436954198521562,
309,30,ok,1.496090785846447,0.562052039075262,-0.41302941925125314,0.08106488883917513,15.000000000001679,0.2485699590179138,
310,30,ok,1.1895408023250378,0.8234635278346178,0.17541165885063476,0.08601720180022447,15.000000000001679,0.21676695902715437,
311,31,ok,1.530952815870082,0.4880367299311793,-0.24038218399734054,0.08277863442337519,15.000000000001679,0.26523283298593014,
312,31,ok,1.2197636302639012,0.7854382105736977,0.1125298777220948,0.10030139548726516,15.000000000001679,0.21929583401652053,
313,31,ok,1.484477118231201,0.5688848552575079,-0.394438533919655,0.08515710700239755,15.000000000001679,0.23044874999322928,
314,31,ok,1.4811201303425185,0.5345105634545807,0.21461023246720787,0.11172233329782996,15.000000000001679,0.25873529197997414,
315,31,ok,1.3078591638277701,0.7186186303167064,-0.2618346383442043,0.08879669733252278,15.000000000001679,0.24937637499533594,
316,31,ok,1.428952210846728,0.6347104671328624,0.421768790129361,0.09891314618951999,15.000000000001679,0.22347299999091774,
317,31,ok,1.5657373063334845,0.5211087025109902,-0.514211865533759,0.08654783003209751,15.000000000001679,0.2315624589973595,
318,31,ok,1.2326072463829187,0.8404656892833585,-0.41809186323888714,0.10063194004261679,15.000000000001679,0.22482175001641735,
319,31,ok,1.6670630549650127,0.33309536856895955,-0.022982144004168974,0.0831237616010338,15.000000000001679,0.22671341701061465,
320,31,ok,1.2419551066711785,0.7584588873249243,0.03206481754436009,0.11043496928108806,15.000000000001679,0.20283854100853205,
321,32,ok,1.3772432488997302,0.6786289884463828,-0.38830093544267275,0.10120791100199296,15.000000000001679,0.2413707920059096,
322,32,ok,1.2293488257476535,0.8004786826641362,-0.2691600724921302,0.1054775751315505,15.000000000001679,0.22279237501788884,
323,32,ok,1.0782578659592588,0.9901428702453311,-0.37792671642353703,0.08799016027748674,15.000000000001679,0.2705762079858687,
324,32,ok,1.8669418840478575,0.13753285466951337,-0.12918254904077262,0.07576901169453881,15.000000000001679,0.2497548329993151,
325,32,ok,1.6960798616542396,0.3243893029173396,-0.26270837240412775,0.08509626971165274,15.000000000001679,0.24445341600221582,
326,32,ok,1.3279105184856907,0.776117541062464,-0.5152262336197041,0.10585204151073821,15.000000000001679,0.2487989170185756,
327,32,ok,1.223609072599687,0.9422752603364299,-0.6151727705709178,0.08303353018104255,15.000000000001679,0.3269777499954216,
328,32,ok,1.2302954196719014,0.7714626682583423,0.06574833977179878,0.0835826424475572,15.000000000001679,0.2613837500102818,
329,32,ok,1.4577786526511853,0.5443195511944758,0.07818587526435376,0.08193212394337719,15.000000000001679,0.25369387498358265,
330,32,ok,1.2608333295575587,0.7513712780733919,-0.17500571334423592,0.08990841841575314,15.000000000001679,0.2690407920163125,
331,33,ok,1.4049683703874107,0.6308224134030669,-0.3151013458391671,0.07989934807075921,15.000000000001679,0.242269792011939,
332,33,ok,1.4405715261457042,0.5927875205474866,-0.308219661304844,0.08010696728592308,15.000000000001679,0.2818980420124717,
333,33,ok,1.4152208610875714,0.6660335833898945,-0.47263483262857514,0.07877153727725639,15.000000000001679,0.24721495801350102,
334,33,ok,1.3853007373752761,0.6240977567072706,0.1610936059392752,0.10955866977741203,15.000000000001679,0.23182683301274665,
335,33,ok,1.42135039084238,0.6607891560508174,-0.4761840494984104,0.07707924493601762,15.000000000001679,0.25366354099242017,
336,33,ok,1.797747314985301,0.20412938953691392,0.08212282881027265,0.09458837759699014,15.000000000001679,0.2483396659954451,
337,33,ok,1.6874138171031439,0.3346703906082471,-0.27210785037134416,0.09107710859781505,15.000000000001679,0.26167404200532474,
338,33,ok,1.455352860945817,0.5961625334633941,-0.38378681245094676,0.08093046465498144,15.000000000001679,0.2944600830087438,
339,33,ok,1.4878957963015638,0.5368928823241673,0.27046527107594026,0.10231302938833518,15.000000000001679,0.22441550000803545,
340,33,ok,1.305098584435106,0.8209120444903064,-0.5594943326491233,0.08209775391804781,15.000000000001679,0.2635373749944847,
341,34,ok,1.3193798686810232,0.7751541548750163,-0.49042419756861344,0.08175155471604623,15.000000000001679,0.229799541993998,
342,34,ok,1.4777755273121604,0.5467584793822026,-0.2681596387885499,0.08090856427858618,15.000000000001679,0.20917712498339824,
343,34,ok,1.8159156710798738,0.2579023413257495,-0.5124894848825323,0.0845498241279716,15.000000000001679,0.2614868340024259,
344,34,ok,1.6936848429426976,0.30640087354091866,-0.017039544326870076,0.08077773192080022,15.000000000001679,0.2627130409819074,
345,34,ok,1.5351797178737148,0.4997941471856003,-0.3258207564785252,0.08303088827141386,15.000000000001679,0.23863258300116286,
346,34,ok,1.8402205662051767,0.16045239520731747,-0.04976285749437664,0.0750329991229131,15.000000000001679,0.2720481669821311,
347,34,ok,1.503155200379164,0.5072512456020073,0.17656928574971817,0.08741567110261815,15.000000000001679,0.20734995801467448,
348,34,ok,1.7336409749876152,0.28584638752485764,-0.2592072973402324,0.08176267942698663,15.000000000001679,0.2529268329963088,
349,34,ok,1.4763320612610806,0.5239925073440503,-0.030955399058774282,0.09429230126115654,15.000000000001679,0.23360391598544084,
350,34,ok,1.2723108330386304,0.7321178070621971,-0.10606413483681296,0.09230979889755955,15.000000000001679,0.2657692499924451,
351,35,ok,1.3693147693813312,0.7812477031243998,-0.6242321495295616,0.07835731393565905,15.000000000001679,0.1993255839915946,
352,35,ok,1.6777880782338352,0.3494140663777833,-0.300896844769201,0.09505766373741821,15.000000000001679,0.2672925840015523,
353,35,ok,1.341888531077256,0.722494699005723,-0.4106641398615142,0.08915249463998796,15.000000000001679,0.2327567909960635,
354,35,ok,1.5228226281036352,0.4827770070147379,0.13047277961822396,0.10383736574695093,15.000000000001679,0.22459695901488885,
355,35,ok,1.496543174016735,0.5949381898366746,-0.5152113947853275,0.0936276051156808,15.000000000001679,0.25204070800100453,
356,35,ok,1.6538811622200809,0.34885012254904585,-0.09501042542871313,0.09280374527536767,15.000000000001679,0.23676800000248477,
357,35,ok,1.315299309481069,0.6982966502381588,0.18862837204455404,0.09931921856113696,15.000000000001679,0.248054666997632,
358,35,ok,1.391043105207205,0.6278637557919516,0.228567381476742,0.10085577457407961,15.000000000001679,0.2378597499919124,
359,35,ok,1.7692428126877702,0.23083451213086195,-0.016541063450893668,0.09575221757814796,15.000000000001679,0.2103053749888204,
360,35,ok,1.3885921504361107,0.67768812907169,-0.42388615954623354,0.07871752565032165,15.000000000001679,0.2715399579901714,
361,36,ok,1.6224056491843193,0.37762259468873705,0.009573152076849377,0.07851765020969113,15.000000000001679,0.261751500016544,
362,36,ok,1.2476049175677986,0.7871162981793007,0.2922860862187433,0.10342413353540013,15.000000000001679,0.22549762501148507,
363,36,ok,1.7825285938916422,0.2182869920713994,-0.05391609610620762,0.0989543139072769,15.000000000001679,0.2620823329780251,
364,36,ok,1.2541669227344934,0.7759953547654445,0.2733995218092729,0.08417717774372281,15.000000000001679,0.23053558397805318,
365,36,ok,1.3189908306371507,0.7766908106033583,-0.49320527008803555,0.08161008612598335,15.000000000001679,0.21785320897470228,
366,36,ok,1.0657024559214838,0.9638944454860293,-0.24941332053917967,0.10163556037753302,15.000000000001679,0.28587966598570347,
367,36,ok,1.2923522429850123,0.785849578493792,-0.44273363764761514,0.0777919423164064,15.000000000001679,0.2935437500127591,
368,36,ok,1.3195660637147804,0.8092424156561472,-0.5686395799056833,0.08206720091775964,15.000000000001679,0.22828908398514614,
369,36,ok,1.2696882144031931,0.7964292055765506,-0.4043828688325904,0.0914497804209671,15.000000000001679,0.24013858300168067,
370,36,ok,1.4327164133340298,0.5973990832188987,0.29221052219511334,0.0854616976218696,15.000000000001679,0.2305632500210777,
371,37,ok,1.4060677331809932,0.7288044351446105,-0.6009062374320336,0.10025136876086835,15.000000000001679,0.28565200002049096,
372,37,ok,1.9284289301917776,0.08566669364359898,0.23273618321003234,0.08423555437323875,15.000000000001679,0.23438395801349543,
373,37,ok,1.205757358001825,0.7960284739019939,0.06560008171320442,0.10056015425200418,15.000000000001679,0.2654298339912202,
374,37,ok,1.2104424752601874,0.8023542859095241,-0.1755440954140106,0.0952381772544039,15.000000000001679,0.21877091599162668,
375,37,ok,1.2219562741801475,0.8133883295212184,0.29177025121109174,0.11141749649310646,15.000000000001679,0.24884404099429958,
376,37,ok,1.442118022265699,0.5648841733799694,-0.1419399673391451,0.11224339184899836,15.000000000001679,0.26442537500406615,
377,37,ok,1.356312334796635,0.7483303681587226,-0.5224043283203352,0.08781719422326546,15.000000000001679,0.22031758300727233,
378,37,ok,1.2871797380482766,0.8078105963477932,-0.4853000142812953,0.08150479706002701,15.000000000001679,0.25235525000607595,
379,37,ok,1.600336851316398,0.4189502204382656,-0.24770876494196528,0.09265234106620521,15.000000000001679,0.26098795799771324,
380,37,ok,1.2701177902322403,0.7600334202467502,0.2751037661673438,0.1080556586502933,15.000000000001679,0.2279432499781251,
381,38,ok,1.3898523379468684,0.6285328932583892,0.2253164362006724,0.09500814261672083,15.000000000001679,0.2736787500034552,
382,38,ok,1.3304678911822998,0.7911974640410914,-0.5558248271950319,0.07907844840577356,15.000000000001679,0.29294949999894015,
383,38,ok,1.5389991375820244,0.5072061453358475,-0.3742791110323362,0.0781221059142724,15.000000000001679,0.260108541988302,
384,38,ok,1.8389868622544403,0.161681464780307,0.04957461661126747,0.07545912320967631,15.000000000001679,0.31965254197712056,
385,38,ok,1.4382615332210598,0.662662093710334,-0.529267004775629,0.0859594873800528,15.000000000001679,0.2623931250127498,
386,38,ok,1.8372880432890195,0.1744842356395888,-0.20765246948788693,0.07503706628609923,15.000000000001679,0.303319458005717,
387,38,ok,1.6619780232567205,0.3445896454677517,-0.14760592093724542,0.07732849444403973,15.000000000001679,0.28513216599822044,
388,38,ok,1.6002841648847101,0.42140205319313323,-0.2625603372901156,0.07758580826244159,15.000000000001679,0.3195397910021711,
389,38,ok,1.5649934671124481,0.45780080852124316,0.2661319332716567,0.10963587390439564,15.000000000001679,0.24798008298967034,
390,38,ok,1.4409653311406785,0.641226593742532,-0.47970398788924334,0.08069315179926308,15.000000000001679,0.22264220801298507,
391,39,ok,1.4085643202129845,0.7405527622565172,-0.6307504256973417,0.08293414711814655,15.000000000001679,0.24192941701039672,
392,39,ok,1.269074771016726,0.7316012957115975,0.04141861164569743,0.10235699238740023,15.000000000001679,0.22496099999989383,
393,39,ok,1.3087863580309855,0.8558194187742519,-0.6354309785601586,0.07961881830881545,15.000000000001679,0.2542592919780873,
394,39,ok,1.6012440762722773,0.4145093135117673,-0.2240577489312326,0.09511535009416322,15.000000000001679,0.26949791598599404,
395,39,ok,1.1983788876749362,0.8686011468995437,-0.395029864222933,0.0976818637633732,15.000000000001679,0.21623858300154097,
396,39,ok,1.6444470067331662,0.3574631558788159,-0.07923808212022192,0.0795554340681578,15.000000000001679,0.25340033299289644,
397,39,ok,0.9725461399602725,1.0294519020243031,0.06230877841350421,0.0898138137863376,15.000000000001679,0.2537402090092655,
398,39,ok,1.6306687451551125,0.36946588336685515,0.020953541970732,0.08840984605464887,15.000000000001679,0.22218399998382665,
399,39,ok,1.392087233288545,0.7125627951780619,-0.5295397140207997,0.09572578285581751,15.000000000001679,0.2686605420021806,
400,39,ok,1.2096109313528496,0.9017993253375319,-0.5070639835555356,0.0793463509731039,15.000000000001679,0.2497086249932181,
401,40,ok,1.2947821812368359,0.7810109584744985,-0.43649354346789365,0.07874086479398887,15.000000000001679,0.2695281670021359,
402,40,ok,1.4739806597561225,0.5677380962882709,-0.3482022752814059,0.08030001272066374,15.000000000001679,0.22419291699770838,
403,40,ok,1.4028794877567519,0.6843197961837542,-0.4868844405551369,0.07851999816779162,15.000000000001679,0.2348069160070736,
404,40,ok,1.6226306557656902,0.4547229791712584,-0.4950244175081087,0.09039829941921033,15.000000000001679,0.22582349998992868,
405,40,ok,1.345947992801181,0.7177136272176194,0.4090448111174784,0.11281019108857675,15.000000000001679,0.23640737499226816,
406,40,ok,1.3500528115931185,0.792081798704583,-0.6029728128777688,0.08242889054016045,15.000000000001679,0.24982637498760596,
407,40,ok,1.4796277603261039,0.5289570633001331,0.15915711581036537,0.10406474136794124,15.000000000001679,0.24500333299511112,
408,40,ok,1.5678755472329151,0.5250740797543694,-0.5318150631549402,0.08922745264779999,15.000000000001679,0.23687316602445208,
409,40,ok,1.332904710843995,0.7376637195894855,-0.4279510291487345,0.07788879562028879,15.000000000001679,0.21564445798867382,
410,40,ok,1.3713185444956455,0.7340261743472211,-0.5270909060491588,0.08440052261252005,15.000000000001679,0.25645841599907726,
411,41,ok,1.2014109815906218,0.832708275350355,0.2842857299461208,0.11444202222128046,15.000000000001679,0.2225286659959238,
412,41,ok,1.4391470931625592,0.6516836626084624,-0.5031773147522784,0.09037147845207642,15.000000000001679,0.2557742499921005,
413,41,ok,1.3957720835651277,0.6487820119130622,0.34984233295875733,0.10909779583292244,15.000000000001679,0.22630866698455065,
414,41,ok,1.4243182297866928,0.6470528852363502,-0.44521514389721006,0.08338198998298464,15.000000000001679,0.2632194170146249,
415,41,ok,1.5122659359168997,0.5815710497730872,-0.5244116456494792,0.09404531143097532,15.000000000001679,0.23141104099340737,
416,41,ok,1.3869858247626043,0.6668907170853475,-0.38281760395674447,0.09031132062893012,15.000000000001679,0.22998912501498125,
417,41,ok,1.3128599616569465,0.7237534415401925,0.3078895921290233,0.08959395057939579,15.000000000001679,0.23918262499500997,
418,41,ok,1.4244863881604422,0.6188505035230174,-0.3486940470322932,0.07793893633908497,15.000000000001679,0.25433604101999663,
419,41,ok,1.1754740013421816,0.9512777820467145,-0.5309621807648274,0.08822124856008426,15.000000000001679,0.2311967500136234,
420,41,ok,1.3928676537066567,0.6946203501121275,-0.4858644568199062,0.08012804508392116,15.000000000001679,0.2665367500158027,
421,42,ok,1.2991967667085647,0.7009132083179732,0.016904032160615718,0.0948355969456226,15.000000000001679,0.24267929201596417,
422,42,ok,1.4696614557976477,0.5746596040480791,-0.3582032248945879,0.07909945821621094,15.000000000001679,0.27659045899054036,
423,42,ok,1.2405245249517785,0.7606442035537262,0.05383592501162882,0.08142328427176335,15.000000000001679,0.2520582909928635,
424,42,ok,1.4177265574029674,0.6351555239244632,-0.3835989412026088,0.07556808574113402,15.000000000001679,0.27320762499584816,
425,42,ok,1.5685187474264435,0.5041679498671576,-0.47195078008580227,0.08955337821432349,15.000000000001679,0.2258112920098938,
426,42,ok,1.3274035482041548,0.6992775739845433,0.26480436221000064,0.08423447928033227,15.000000000001679,0.2322912919917144,
427,42,ok,1.4008761148117794,0.6911817964220055,0.49944849487511406,0.11213022778642258,15.000000000001679,0.24925125000299886,
428,42,ok,1.11004005191828,0.8902212464303204,0.02408391554682816,0.08280590700931782,15.000000000001679,0.18523633299628273,
429,42,ok,1.6184736760898022,0.5006489393166029,0.6094287792869734,0.10416378404823096,15.000000000001679,0.2546121250197757,
430,42,ok,1.9873005202272005,0.10414542574291727,-0.5959016621589479,0.10619415787583647,15.000000000001679,0.2213986660062801,
431,43,ok,1.892723074293667,0.10824521388258229,-0.06053482605503258,0.08311325669514195,15.000000000001679,0.29380604199832305,
432,43,ok,1.4351823844467084,0.7262590164968891,-0.6613111095170462,0.09218731960895889,15.000000000001679,0.22503145801601931,
433,43,ok,1.1548446434461006,0.9065329601269629,-0.37147810595975816,0.08959905911910071,15.000000000001679,0.2533312500163447,
434,43,ok,1.0170958270591417,0.9924875097592869,-0.1392928692721791,0.09064570712821682,15.000000000001679,0.23546524997800589,
435,43,ok,1.2847296608604573,0.8558608124799073,-0.5843593253089123,0.08452539578961187,15.000000000001679,0.22794099999009632,
436,43,ok,1.3366002650383324,0.6796119274971868,-0.20754663691046907,0.10279936641707443,15.000000000001679,0.25638970799627714,
437,43,ok,1.177282026512204,0.8703768924604398,0.3315789572052918,0.09548914093002636,15.000000000001679,0.24231416700058617,
438,43,ok,1.2747047537882523,1.0549224126815728,-0.8553949750137358,0.1032223154439871,15.000000000001679,0.2138085000042338,
439,43,ok,1.185065708953678,0.8300380549826949,0.18859952743633268,0.08668447873553961,15.000000000001679,0.2265227499883622,
440,43,ok,1.4212090414598193,0.6520851756865651,-0.45051167123973607,0.07966522356100969,15.000000000001679,0.2495076670020353,
441,44,ok,1.0778960835325575,0.9228446968648922,-0.03995522272169418,0.10168229320949262,15.000000000001679,0.2418845420179423,
442,44,ok,1.323541606228151,0.7504233270726057,-0.43625740325259643,0.08838695836960885,15.000000000001679,0.22187329200096428,
443,44,ok,1.7038198882800608,0.3092562346392858,-0.21068396140321874,0.09287547261787339,15.000000000001679,0.31984733397257514,
444,44,ok,1.4911706404130654,0.5786303505474256,-0.45088601491394437,0.07585361495786004,15.000000000001679,0.2717170830001123,
445,44,ok,1.2443303822266034,0.9080445478295318,-0.5966501408760357,0.096522157206764,15.000000000001679,0.22859183300170116,
446,44,ok,1.788414345836729,0.33572416887268103,0.6546845273260143,0.1074811538199522,15.000000000001679,0.27545295798336156,
447,44,ok,1.2062700729887894,0.8456083333078104,-0.3499533809809646,0.08657597705440429,15.000000000001679,0.2709005829819944,
448,44,ok,1.5936989960801209,0.40666409073762233,0.0340172068491434,0.08968770424552364,15.000000000001679,0.23714229199686088,
449,44,ok,1.1979641397527547,0.8269439673281272,0.24301774491934588,0.08742710144277861,15.000000000001679,0.2793815420009196,
450,44,ok,1.2530194879964418,0.8426588376563264,-0.48022835322777396,0.07549864122055817,15.000000000001679,0.24764579100883566,
451,45,ok,1.3569345372765158,0.6757151131273067,-0.2958730755820983,0.08381594008707931,15.000000000001679,0.2580866249918472,
452,45,ok,1.171454925598045,0.8370887194272678,-0.14122321418452996,0.0815590443303234,15.000000000001679,0.26303145798738115,
453,45,ok,1.141378464010868,0.8655046332856002,0.12516014146431545,0.09826080994715286,15.000000000001679,0.25947487499797717,
454,45,ok,1.452679773234564,0.5743800964662851,-0.27908137561174867,0.08865198710465273,15.000000000001679,0.23292725000646897,
455,45,ok,1.225291259635075,0.7840772509246444,0.15123008701689813,0.08539120269333968,15.000000000001679,0.26533841699711047,
456,45,ok,1.2475542210890522,0.7680294832651482,0.1965710570078259,0.08517992223856267,15.000000000001679,0.26169249997474253,
457,45,ok,1.375185858433853,0.6595102084122989,0.3069580816424538,0.10442727846954374,15.000000000001679,0.2118658750259783,
458,45,ok,1.1484994206029084,0.8532674640875232,-0.06368210270520795,0.08782630124492075,15.000000000001679,0.22263516698149033,
459,45,ok,1.375191192351255,0.7283367002160311,-0.5234723178001048,0.08096019220965461,15.000000000001679,0.24785966600757092,
460,45,ok,1.1892175222699743,0.8679034752159357,-0.36413702619451005,0.09400046588650222,15.000000000001679,0.2528499999898486,
461,46,ok,1.1822464841080107,0.8433092682654371,0.24448578753194228,0.10686951526089801,15.000000000001679,0.23833241598913446,
462,46,ok,1.0750326829860557,0.9822287360552288,-0.3461747012369051,0.10648734718538605,15.000000000001679,0.23486904197488911,
463,46,ok,1.101097391401071,0.8992982266751589,-0.02951392128799519,0.08889605566067482,15.000000000001679,0.27960116701433435,
464,46,ok,1.297732577910773,0.876583592864525,-0.6496502289307386,0.08311542362341694,15.000000000001679,0.30059437500312924,
465,46,ok,1.2636307803289164,1.0406931716215588,-0.8224920413117457,0.09310837950028157,15.000000000001679,0.20077675001812167,
466,46,ok,1.3870559152878847,0.6896817531563519,-0.4549617611664746,0.09663092517287825,15.000000000001679,0.2734141249966342,
467,46,ok,1.5149741596936694,0.499847888117626,-0.2114009123783363,0.0970688599324499,15.000000000001679,0.2269405000261031,
468,46,ok,1.631954882413096,0.4301590913641048,-0.4459554459866696,0.09966491102178833,15.000000000001679,0.2237736249808222,
469,46,ok,1.0799546604859642,0.9497800503028482,0.25167464306812126,0.0879347087749875,15.000000000001679,0.23352312500355765,
470,46,ok,1.2341315704323916,0.7720571703328925,0.12343881159124083,0.09877050735208498,15.000000000001679,0.23930712501169182,
471,47,ok,1.3010308171341625,0.7544813464336814,0.3759846682394529,0.09079837029441813,15.000000000001679,0.22120612498838454,
472,47,ok,1.4053772539212543,0.7139499180447804,-0.5667101662598074,0.08740665725802309,15.000000000001679,0.275134291005088,
473,47,ok,1.442323237715327,0.6273745765778168,-0.4429399158223331,0.09311515331987338,15.000000000001679,0.26077100000111386,
474,47,ok,1.513286537530108,0.5418436720364217,-0.40474222400144555,0.08843371873356327,15.000000000001679,0.2119001249957364,
475,47,ok,1.4566574203498428,0.7120838504051386,-0.6805312864762391,0.0927080932312508,15.000000000001679,0.24365304200910032,
476,47,ok,1.231642914482682,0.839442319620446,-0.4123713609204992,0.09776112830753543,15.000000000001679,0.32050166599219665,
477,47,ok,1.3002060619269524,0.7172052543034784,0.21206943175523957,0.11143758642372895,15.000000000001679,0.2420563749910798,
478,47,ok,1.0499229769695915,0.9653440069604511,0.17839628257347204,0.0904055941058475,15.000000000001679,0.24941204200149514,
479,47,ok,1.6544523425341802,0.39281459057873175,-0.39264183865225855,0.08179650809508258,15.000000000001679,0.2625587079965044,
480,47,ok,0.9971870346645153,1.0060874416266425,-0.08074533058162849,0.09214898493283243,15.000000000001679,0.20748291700147092,
481,48,ok,1.1360157476638877,0.970672669950533,-0.48064230624610776,0.10197435746117212,15.000000000001679,0.2545159170113038,
482,48,ok,1.0217736142885134,0.982679638117091,0.09529218307206042,0.09874100205524114,15.000000000001679,0.20618279199698009,
483,48,ok,1.2897647689163612,0.7144334325581312,0.10397961249016917,0.08435254505881791,15.000000000001679,0.23017912500654347,
484,48,ok,1.28958826212438,0.7908332188019063,-0.4482784637432632,0.09416774848144444,15.000000000001679,0.21614375000353903,
485,48,ok,1.475839207861558,0.5298551626803685,0.12952036428247762,0.08800211769230773,15.000000000001679,0.2598446670162957,
486,48,ok,1.7034145983964628,0.37065503102131264,-0.49684632039899723,0.09645008866086774,15.000000000001679,0.20647554198512807,
487,48,ok,0.9909072353975636,1.0093518269371842,0.022657148332215788,0.10955148519299586,15.000000000001679,0.25246458299807273,
488,48,ok,1.1412282429431728,0.8912455738410875,0.2703063539101187,0.09206259922226409,15.000000000001679,0.23335966700688004,
489,48,ok,1.3283246812956437,0.8024811338834877,-0.5747999862858352,0.07974704980494415,15.000000000001679,0.2559290420031175,
490,48,ok,1.0143048924262603,0.9988445185193824,-0.1627947072271096,0.09015773482821926,15.000000000001679,0.20708787502371706,
491,49,ok,1.014643295889532,0.9939072925908151,0.13144763973396037,0.09409378075182254,15.000000000001679,0.22276595901348628,
492,49,ok,1.132375377826743,0.869497965709111,0.06510873038556599,0.09368395672094694,15.000000000001679,0.24196462499094196,
493,49,ok,1.74125792500294,0.28645757811366473,-0.30943744082036523,0.09940026541897803,15.000000000001679,0.2585241250053514,
494,49,ok,1.2038100464895436,0.8825333043327337,-0.44769053162160855,0.08726736563194784,15.000000000001679,0.226874666986987,
495,49,ok,1.2026359496575847,0.9682474488375643,-0.6179157714273089,0.09117229778525296,15.000000000001679,0.21726225002203137,
496,49,ok,1.1148960323660724,0.889527037037625,0.09921170049532765,0.09041087054791103,15.000000000001679,0.2310031670203898,
497,49,ok,1.475162204515128,0.6859486858777917,-0.6703526485989522,0.08213644603140233,15.000000000001679,0.25290179200237617,
498,49,ok,1.8048767058880342,0.1971389641536462,0.08527607451245799,0.09622045249122047,15.000000000001679,0.22114770801272243,
499,49,ok,1.357224461660859,0.7511835812051155,-0.5315221458029086,0.10941737726751224,15.000000000001679,0.26201891698292457,
500,49,ok,1.4432703403748732,0.649667111034183,-0.5095393649003312,0.07914478750962062,15.000000000001679,0.24639354198006913,
501,50,ok,1.3637662044001921,0.8204516364741772,-0.6844880702887818,0.11020263553788234,15.000000000001679,0.227656000002753,
502,50,ok,1.2528997416005139,0.8409369373495212,-0.4757421353022315,0.08752318834996664,15.000000000001679,0.21609183299005963,
503,50,ok,1.417701010718909,0.7656771178081971,-0.6973687534519574,0.10058664408012583,15.000000000001679,0.24660441701416858,
504,50,ok,1.760088080851309,0.2460184652008197,-0.14648832014313196,0.07661937479487972,15.000000000001679,0.3026758749911096,
505,50,ok,1.2698783839868109,0.784369541476725,-0.36719708390378925,0.10168506206089939,15.000000000001679,0.24486474998411722,
506,50,ok,1.0620188117162663,0.9772969488315466,-0.28629080594732037,0.08942616034787124,15.000000000001679,0.2601196249888744,
507,50,ok,1.4163679084526932,0.6715941571246724,-0.4913613423025333,0.08166163268490674,15.000000000001679,0.2459729169786442,
508,50,ok,1.3805463556278217,0.7585774867798123,-0.6039688598821406,0.10404826407492455,15.000000000001679,0.22242499998537824,
509,50,ok,1.7183470767465472,0.28172726346959115,0.015983712325493057,0.09277419589173015,15.000000000001679,0.22499683298519813,
510,50,ok,1.5617976312593533,0.44650098653529036,-0.16078761199638691,0.09665656682582745,15.000000000001679,0.24991804201272316,
511,51,ok,1.2915898478433223,0.8450092670515558,-0.578100978943257,0.07645116326618176,15.000000000001679,0.25547704100608826,
512,51,ok,1.4179356080730707,0.6369270746189483,-0.3906066931514241,0.10920314216004945,15.000000000001679,0.21867216701502912,
513,51,ok,1.4990712643440647,0.7170021156657274,-0.7753264372997305,0.08927587904877834,15.000000000001679,0.24914141700719483,
514,51,ok,1.715893692015232,0.4852079678050064,0.8060373821952831,0.11371435187067312,15.000000000001679,0.2292218330258038,
515,51,ok,1.0263061495011698,0.9871660410802865,0.16574584206832335,0.08749245449682967,15.000000000001679,0.2469050000072457,
516,51,ok,1.8192335795518313,0.2927599717141874,0.628444351384931,0.1010230065742926,15.000000000001679,0.22674837498925626,
517,51,ok,1.3360010175991475,0.7758293417228593,-0.5350746849172267,0.07764155140340027,15.000000000001679,0.28583966600126587,
518,51,ok,1.1724474525169986,0.8275525920479694,0.0003232648519968949,0.09138144907911834,15.000000000001679,0.22036999999545515,
519,51,ok,1.5306060045530723,0.5582355095117278,-0.5138773152621281,0.09434359015199828,15.000000000001679,0.24592954199761152,
520,51,ok,1.3910957655768619,0.6094302292172905,-0.03825103385790794,0.10228553778369986,15.000000000001679,0.26443024998297915,
521,52,ok,1.3306399940018079,0.7619504520549627,0.48768443738776435,0.08752973986299609,15.000000000001679,0.27449666598113254,
522,52,ok,1.8036159936350873,0.24594954921454462,-0.41992578939096464,0.09760368578754784,15.000000000001679,0.228209541994147,
523,52,ok,1.1663312325549982,0.9143398837426787,-0.42622840825243036,0.10136236051294358,15.000000000001679,0.24749470900860615,
524,52,ok,1.264881373994319,0.7353415632513179,0.02374718168828177,0.09566451910558374,15.000000000001679,0.22851012498722412,
525,52,ok,1.6990894029598373,0.3891599551930131,0.5404619776604469,0.1057391207249253,15.000000000001679,0.25454216700745746,
526,52,ok,1.7083421643357057,0.41490160678416466,-0.6370997051261136,0.08319318265454592,15.000000000001679,0.2577923340140842,
527,52,ok,1.5086348953880453,0.6997726041734387,-0.7651065067848901,0.09002049092274297,15.000000000001679,0.21854641698882915,
528,52,ok,1.1055016751149578,0.9245784167303975,0.2561295998510894,0.0960317381111168,15.000000000001679,0.24181691597914323,
529,52,ok,1.0488355183443363,0.9738044497549982,0.2167455586580521,0.09559091838640763,15.000000000001679,0.22656770798494108,
530,52,ok,1.488753598773152,0.5888450821593,-0.4743722965288108,0.09970458450540791,15.000000000001679,0.24622204201295972,
531,53,ok,1.4318628903378186,0.6861824779798846,-0.5693108602156609,0.11175949528107464,15.000000000001679,0.2216984159895219,
532,53,ok,1.338490044007718,0.7808067771434167,-0.5523798360262264,0.09494949048783481,15.000000000001679,0.2834584590164013,
533,53,ok,1.2180776399492552,0.8259854993593002,-0.324658419311306,0.08498562886771784,15.000000000001679,0.21149175000027753,
534,53,ok,1.3119820082635025,0.7004461915477918,0.18015740047107284,0.09585335780776337,15.000000000001679,0.2532926249841694,
535,53,ok,1.9102269712645676,0.08991887450227769,0.023604570827645017,0.10540840490409478,15.000000000001679,0.24673683400033042,
536,53,ok,1.5231764925297315,0.5687291064436655,-0.5210856519360585,0.08633921017851598,15.000000000001679,0.2583849589864258,
537,53,ok,1.441106209356124,0.6513714515609365,-0.5079253340599585,0.10679151408760679,15.000000000001679,0.21051445801276714,
538,53,ok,1.6241136795153357,0.3798106715330033,-0.11283520687491694,0.09771108602474471,15.000000000001679,0.2856421250035055,
539,53,ok,1.4450385348608588,0.6320645120544321,-0.46571328953760643,0.11066480467673774,15.000000000001679,0.2276496670092456,
540,53,ok,1.2964901875417802,0.7055951176933943,-0.07350378937811916,0.08995303587420145,15.000000000001679,0.24445066598127596,
541,54,ok,1.201813798247638,0.8016615943306181,-0.09133165473251119,0.09013037417761938,15.000000000001679,0.25705508401733823,
542,54,ok,1.589873305208126,0.43101271440934275,-0.2568579846301687,0.07598406801215307,15.000000000001679,0.22885854198830202,
543,54,ok,1.4703375985338318,0.663260405389289,-0.6123886918144618,0.09337890317334828,15.000000000001679,0.2657767919881735,
544,54,ok,1.67039584727509,0.3633329931829088,-0.33398113029069315,0.10489959410535042,15.000000000001679,0.21963312500156462,
545,54,ok,1.212909011239379,0.917660272849084,0.5474385669429663,0.10809344614859619,15.000000000001679,0.22926558399922214,
546,54,ok,1.856186871400126,0.14908493857696858,0.1397967701900283,0.09961402944053345,15.000000000001679,0.2394510839949362,
547,54,ok,1.3394482518523172,0.8384936597281865,-0.6671016720850027,0.09601390690444579,15.000000000001679,0.23505279200617224,
548,54,ok,1.289913305440802,0.8319404236394176,-0.5472779564586469,0.08703536759979355,15.000000000001679,0.2582883749855682,
549,54,ok,1.3975543492041214,0.6724285675922069,-0.43670613784795376,0.1005184276095372,15.000000000001679,0.24879329098621383,
550,54,ok,1.2724337594462225,0.8919324418537121,-0.6255189515611577,0.08125358664568341,15.000000000001679,0.23927241598721594,
551,55,ok,1.6895320989957492,0.5156959897088073,-0.807068967666621,0.0814058446487765,15.000000000001679,0.25869270801194943,
552,55,ok,1.3184031079724885,0.7812759086440582,-0.5028899922052047,0.09984458912258778,15.000000000001679,0.254078458994627,
553,55,ok,1.1796577846446794,0.8478478581295308,0.2532546758819726,0.10655184526056057,15.000000000001679,0.221529999980703,
554,55,ok,1.380624416241241,0.7671851089056346,-0.6215233085069746,0.10788985702256583,15.000000000001679,0.24605179199716076,
555,55,ok,1.0836847253037238,0.9168271792112722,0.03330501705746342,0.09218333411345138,15.000000000001679,0.2317095829930622,
556,55,ok,1.2491849748528907,0.7707804714872901,0.22244651519232284,0.1218292977764406,15.000000000001679,0.24090387500473298,
557,55,ok,1.5421125790324242,0.5264862733588062,-0.454827993652562,0.0949130573716292,15.000000000001679,0.2697082920058165,
558,55,ok,1.6784855066133402,0.32385608654051623,-0.0886294380201511,0.1002705004968855,15.000000000001679,0.2415015409933403,
559,55,ok,1.1624163494654483,0.9021818192324167,-0.3821086383225757,0.07957259444507124,15.000000000001679,0.2077629590057768,
560,55,ok,1.6226852882607128,0.49270198220049305,-0.6009660808027601,0.09527913998680931,15.000000000001679,0.24919595901155844,
561,56,ok,1.2683814445986181,0.8327633477698226,0.49633666668156334,0.1050818248822771,15.000000000001679,0.2522612499888055,
562,56,ok,0.9419618344753468,1.058155225300515,-0.014849847791717122,0.09275976369192267,15.000000000001679,0.2460775839863345,
563,56,ok,1.015217574192755,1.0293927226133615,0.2976377597582654,0.11580366488185957,15.000000000001679,0.21693275001598522,
564,56,ok,1.4557029498639458,0.670254163963584,-0.592323467192046,0.09991626459495676,15.000000000001679,0.22065858301357366,
565,56,ok,1.7514911618384905,0.2486971645308922,-0.025684012073837074,0.08847949094432585,15.000000000001679,0.25594862501020543,
566,56,ok,1.1395378677299217,0.8684826125333496,-0.1349627869121805,0.10211114732527399,15.000000000001679,0.2304495419957675,
567,56,ok,1.3744822376189794,0.6258901377393903,0.03199231107945569,0.10534018411947646,15.000000000001679,0.2229619160061702,
568,56,ok,0.9994389364374952,1.0262799604361752,-0.22527199608281323,0.10410635949837697,15.000000000001679,0.2629777090041898,
569,56,ok,1.344967152301557,0.7890592379875295,-0.5852854958623331,0.1034281073079579,15.000000000001679,0.256547083001351,
570,56,ok,1.7330183046802048,0.2839216031290783,-0.24171756276608977,0.0978213115323679,15.000000000001679,0.2746699170093052,
571,57,ok,1.2009423343386807,0.8256528235455509,-0.2513388142732883,0.08792661820893562,15.000000000001679,0.24019658300676383,
572,57,ok,1.5727571251631154,0.4375386513209188,0.1796649900100028,0.10513956278562496,15.000000000001679,0.24060745901078917,
573,57,ok,1.3190635823241403,0.7794940009081691,-0.5002937541031732,0.08888000164033148,15.000000000001679,0.23361462500179186,
574,57,ok,1.1617116786034065,0.9020651950076806,0.3796224284602028,0.08894093042398951,15.000000000001679,0.22834649999276735,
575,57,ok,1.7256949442861995,0.3965499475615599,-0.6379427639452562,0.09778516385808202,15.000000000001679,0.24116491700988263,
576,57,ok,1.5485361731841343,0.4620919844465901,-0.18111657946288526,0.09726480213165,15.000000000001679,0.23083904199302197,
577,57,ok,1.420151851511339,0.6496427109487454,-0.4397345486281808,0.1039111554501714,15.000000000001679,0.21683283397578634,
578,57,ok,1.3692456897157346,0.6397570689906419,-0.1567575435001095,0.1044134867007695,15.000000000001679,0.23775258302339353,
579,57,ok,1.3498130627900962,0.6676566467069631,0.2164636075987044,0.0977802136973507,15.000000000001679,0.2092166670190636,
580,57,ok,1.1207523564542665,0.9019730931303062,0.22455011976831293,0.09423931581003103,15.000000000001679,0.25499633300933056,
581,58,ok,1.0765456924943682,0.9272462397110277,0.09027733831947343,0.11705441635600666,15.000000000001679,0.22264729198650457,
582,58,ok,0.9737782960087468,1.028899636461612,-0.07216823202288747,0.09571328197546024,15.000000000001679,0.23226120899198577,
583,58,ok,1.442178456879244,0.7086367353006533,-0.6420744661420842,0.09732188978030681,15.000000000001679,0.20821812498616055,
584,58,ok,1.1684692806495809,0.8326692393528793,-0.051568935113726164,0.08754980933598683,15.000000000001679,0.24221112500526942,
585,58,ok,1.6314430690815995,0.5223969669743179,-0.6915893033063006,0.10953194484327232,15.000000000001679,0.24553712501074187,
586,58,ok,1.6219093172842212,0.4321627451442973,-0.4153025111649369,0.09711997915454676,15.000000000001679,0.2624794169969391,
587,58,ok,1.0175547936402105,0.9836866560667994,0.05024883086687065,0.09152475220141443,15.000000000001679,0.25130120798712596,
588,58,ok,1.4198046405679279,0.6850606995281461,-0.5355183035647001,0.08389971861840988,15.000000000001679,0.2875665839819703,
589,58,ok,1.6191158491717192,0.38649049826448423,-0.13462251241254308,0.10690835274954548,15.000000000001679,0.261107375001302,
590,58,ok,1.5561331214262037,0.48220272085893184,0.343280804927439,0.10405391412587407,15.000000000001679,0.2102602919912897,
591,59,ok,0.9665979049313932,1.0379574836841,0.0937321002556203,0.09014750868039331,15.000000000001679,0.223723290982889,
592,59,ok,1.6404510561241816,0.3643896808245356,-0.12593074027288925,0.10112112162785704,15.000000000001679,0.24231062500621192,
593,59,ok,1.5048949430595073,0.5643245192387875,-0.4511592884859402,0.09298840713198799,15.000000000001679,0.2681457090075128,
594,59,ok,1.7745097001980252,0.22594300122595015,-0.04008043410064862,0.09582887179493393,15.000000000001679,0.23662420798791572,
595,59,ok,1.6756907240328835,0.4137179633950416,-0.5400450934452368,0.113672106251078,15.000000000001679,0.2194399999862071,
596,59,ok,1.2705168842939676,0.9094219224132073,-0.651807187719763,0.10407089464025365,15.000000000001679,0.24429499998223037,
597,59,ok,1.9384662027099588,0.06276508901812317,0.06908052346217028,0.09407634139737281,15.000000000001679,0.20345570798963308,
598,59,ok,1.0691338886854154,0.9499687382894371,-0.20120045071053194,0.08984640496207114,15.000000000001679,0.2800045420008246,
599,59,ok,1.870457028425042,0.14890601183093022,-0.26844094722855943,0.09484019640954611,15.000000000001679,0.23646037498838268,
600,59,ok,1.357460193268339,0.8003675701908654,-0.6352796310746536,0.082887023556603,15.000000000001679,0.2321436670026742,
601,60,ok,1.1987244204523688,0.8183700165462077,0.20171965296385583,0.08763050868551964,15.000000000001679,0.23874674999387935,
602,60,ok,1.374039082831775,0.7031656514244715,0.45409698689142397,0.10468553551079957,15.000000000001679,0.29840708401752636,
603,60,ok,1.2312375919703957,0.8478227079203108,0.43408927134516134,0.10940929886771704,15.000000000001679,0.23817175001022406,
604,60,ok,1.1924405637385789,0.9551715792845954,-0.5746721407154982,0.09434382942241515,15.000000000001679,0.21782266700756736,
605,60,ok,1.5414397193081024,0.6111689538738342,-0.6687187253073912,0.10809144329406198,15.000000000001679,0.20949670899426565,
606,60,ok,1.6865186569737307,0.4258147974302449,-0.6052157700613024,0.09163489124090571,15.000000000001679,0.22108087499509566,
607,60,ok,1.5439615433717575,0.47452282942500124,-0.2381945622078628,0.09544398213805522,15.000000000001679,0.2514656250132248,
608,60,ok,1.9306554039770647,0.2490930704510808,-0.8134833821064935,0.09040486091457944,15.000000000001679,0.21601720800390467,
609,60,ok,1.8170064841406874,0.19191836266649998,-0.1798703870755611,0.07908987068653775,15.000000000001679,0.2535479159851093,
610,60,ok,1.3358426614912715,0.8093408039628447,-0.6056453542728111,0.08910231878451562,15.000000000001679,0.23615300000528805,
611,61,ok,2.0803557323513795,0.006553038236968259,0.5950203221445319,0.11249699264509677,15.000000000001679,0.2476968749833759,
612,61,ok,1.6770468545636006,0.32324919672685004,0.03151025427559404,0.08676221507104617,15.000000000001679,0.21862800000235438,
613,61,ok,0.9467031909396021,1.0807164354008738,-0.2261960644952713,0.1115807298320456,15.000000000001679,0.2400486670085229,
614,61,ok,1.4963484367462696,0.6337458389847771,-0.6102525802170718,0.10397709515242268,15.000000000001679,0.2283116250182502,
615,61,ok,1.2321489286942204,0.9037617916911156,-0.5625413523697986,0.09348710406164376,15.000000000001679,0.24120491699432023,
616,61,ok,1.504691214474866,0.5339141749677906,0.33865617454502944,0.11168867753228262,15.000000000001679,0.228918499982683,
617,61,ok,1.0703298148480882,0.9512865634289379,0.21402345784529245,0.09084894337225011,15.000000000001679,0.2694506249972619,
618,61,ok,1.4083980038909585,0.7375809134117034,-0.6244061075787194,0.1008587042018976,15.000000000001679,0.242608582979301,
619,61,ok,1.6929623196469812,0.43085168492108983,-0.6355273251635244,0.08849721446757729,15.000000000001679,0.23335912500624545,
620,61,ok,0.8828667473133545,1.1189583128099039,0.05673833752315399,0.10600670071091743,15.000000000001679,0.23829949999344535,
621,62,ok,1.235409601055663,0.837796789942818,0.41895176442317783,0.09417391186894021,15.000000000001679,0.24312587501481175,
622,62,ok,1.2392722941934122,0.9774611437208365,-0.7001500600262088,0.10756825108076283,15.000000000001679,0.24301162498886697,
623,62,ok,1.3300830970533473,0.6699203171332585,0.0030136841461953635,0.10887996035866541,15.000000000001679,0.22890554199693725,
624,62,ok,1.6256457908597644,0.408743481402485,-0.33260626777164853,0.12265975258148679,15.000000000001679,0.23085137500311248,
625,62,ok,1.9925845416647774,0.08472615320431486,-0.5496537523404075,0.10305796048878337,15.000000000001679,0.24008391599636525,
626,62,ok,1.431928654523928,0.7643401359889278,-0.7235774817660137,0.10434675163386663,15.000000000001679,0.2036531250050757,
627,62,ok,1.731977726879867,0.2680630762932395,-0.011888595758703954,0.09640941892882363,15.000000000001679,0.2425668750074692,
628,62,ok,1.1021318030895544,0.9887270483376596,0.4382026113769404,0.09018636257731918,15.000000000001679,0.2428342080092989,
629,62,ok,1.4326112372754685,0.6767487911305823,-0.5489819627215208,0.10048439611120155,15.000000000001679,0.23220699999365024,
630,62,ok,1.0037965385535215,1.0560374500235106,0.3413827691227474,0.09764359049051226,15.000000000001679,0.2361586670158431,
631,63,ok,1.6100040162989335,0.400280255085676,-0.18168563572816437,0.10028683668358752,15.000000000001679,0.22256424999795854,
632,63,ok,1.4058980904453628,0.8111991314869867,0.750534433414366,0.11557602520887089,15.000000000001679,0.21081366599537432,
633,63,ok,1.3170670989461841,0.8204725324815944,-0.5859869422573629,0.09842383642942909,15.000000000001679,0.22948491599527188,
634,63,ok,1.5088806208439425,0.5598152336937814,-0.450098396862179,0.08744381761260663,15.000000000001679,0.2842943749856204,
635,63,ok,1.89966400527402,0.19451672356740768,-0.5907228381025762,0.100438960862941,15.000000000001679,0.22155833398574032,
636,63,ok,1.3186958864929563,0.8247745647871577,0.5981672153187845,0.10822180573820031,15.000000000001679,0.23849270900245756,
637,63,ok,1.4590033526662574,0.5982903464686783,0.4048466750369587,0.1149422228842683,15.000000000001679,0.21932575001847,
638,63,ok,1.539798875166796,0.4761008481227069,-0.22070784053267584,0.10329005371982847,15.000000000001679,0.23361424999893643,
639,63,ok,1.2509923381666241,0.8834475346450512,-0.5641741063372044,0.1028363242520419,15.000000000001679,0.2965508750057779,
640,63,ok,1.7412868994637631,0.2590613598324575,0.0348240924607326,0.10606265712100742,15.000000000001679,0.2679116660146974,
641,64,ok,1.4791524623009888,0.5970785975637337,0.4687254476954906,0.11663939618960266,15.000000000001679,0.20814199998858385,
642,64,ok,1.6073904847280824,0.4021581940228282,-0.17494494409953568,0.09315255843829462,15.000000000001679,0.24541691699414514,
643,64,ok,1.2642296645401678,0.7754846025474403,-0.3143862053350071,0.09266862764719799,15.000000000001679,0.23453262500697747,
644,64,ok,1.947398280388562,0.05416271368318736,0.07795715258750253,0.09055892370714778,15.000000000001679,0.22925204201601446,
645,64,ok,0.9538220807079462,1.1033912159444186,-0.3253755522475646,0.08992523220858739,15.000000000001679,0.24675041699083522,
646,64,ok,0.9297969768507771,1.0875095807363946,-0.1785599420726108,0.0922648301850361,15.000000000001679,0.21079899999313056,
647,64,ok,1.6277564825169546,0.4474075413218323,0.48892517181226386,0.11666480566597688,15.000000000001679,0.2527692499861587,
648,64,ok,1.6170054339156352,0.48104595643517173,0.554513468592738,0.11294582443326658,15.000000000001679,0.23343645897693932,
649,64,ok,1.9091145935912273,0.09163848583149743,0.053617746162040944,0.10467717484826984,15.000000000001679,0.2182985830004327,
650,64,ok,1.001234321810063,1.0217435957806391,-0.21327112972519993,0.09048478586405484,15.000000000001679,0.21956029097782448,
651,65,ok,1.4132468082673082,0.8578841965228027,-0.8323689281354575,0.09151828426787324,15.000000000001679,0.29286516600404866,
652,65,ok,1.640961139071691,0.4115764593316684,-0.4119030412538151,0.11454456408388677,15.000000000001679,0.2667410420253873,
653,65,ok,1.4258284794554241,0.7753800570137611,-0.7302690244468455,0.10258307161318969,15.000000000001679,0.22428616700926796,
654,65,ok,0.8334682166409412,1.166934754670559,0.025914574563926183,0.10271886169336651,15.000000000001679,0.23544983300962485,
655,65,ok,1.4457357242135145,0.6297280928090128,-0.4609844733072363,0.0806421878778032,15.000000000001679,0.2601500829914585,
656,65,ok,1.4160358061626455,0.6736722267306439,0.4959960102551678,0.09472206769825034,15.000000000001679,0.26959733400144614,
657,65,ok,0.9891581806609308,1.047989793534918,0.2685339329670546,0.09410987898012935,15.000000000001679,0.2091767080128193,
658,65,ok,1.7552788522839795,0.3717792239966461,-0.6556683261119151,0.10504829072582987,15.000000000001679,0.27765670901862904,
659,65,ok,1.864777722605155,0.1358395587898895,0.047977121128664924,0.09522797461216179,15.000000000001679,0.23813795900787227,
660,65,ok,1.3866764849243927,0.7755792603128226,-0.6508959410429404,0.11092457677333455,15.000000000001679,0.23625591601012275,
661,66,ok,1.1647130369584975,0.8773363641566388,0.31013355061336284,0.10048379034628374,15.000000000001679,0.2196134159748908,
662,66,ok,1.6345935198760875,0.5179111587288885,0.6894263135394172,0.09985867584485815,15.000000000001679,0.21651241602376103,
663,66,ok,1.5425900374846657,0.4574493632055033,0.011025274229437675,0.09302815118727532,15.000000000001679,0.2317379160085693,
664,66,ok,1.1447555731038375,0.9732894926533535,0.5062912761013044,0.10750404810935256,15.000000000001679,0.21806654200190678,
665,66,ok,1.3355091632978557,0.7056135603089387,-0.3288593468284546,0.09325612878208549,15.000000000001679,0.25958116599940695,
666,66,ok,1.3708939436652106,0.7258792917414894,0.5059314435422891,0.10086011605104325,15.000000000001679,0.24415570899145678,
667,66,ok,1.7994576898229273,0.20172306420181743,-0.0651769870365776,0.11292202293514701,15.000000000001679,0.20395075000124052,
668,66,ok,1.2406641023367422,0.9473798785564117,-0.6566873645496161,0.09776962798059824,15.000000000001679,0.2550510829896666,
669,66,ok,1.6507776841925421,0.39317590208991277,-0.37839566726315316,0.1067901529975923,15.000000000001679,0.2331822080013808,
670,66,ok,1.6062108421901065,0.47581417541570326,0.5067256079036645,0.1000655843408769,15.000000000001679,0.2780031670117751,
671,67,ok,1.448157911622975,0.6821564933811975,-0.6003747405236793,0.10806099432497894,15.000000000001679,0.22369454201543704,
672,67,ok,1.1673718001632558,0.8448809777411284,-0.16869192106354455,0.10412439707589491,15.000000000001679,0.2192606249882374,
673,67,ok,1.3667543458257676,0.7649811701811208,-0.5854450715707056,0.08440586442699531,15.000000000001679,0.2272095829830505,
674,67,ok,1.6559949145066226,0.45923164233222047,0.6069201140854781,0.10622422351436862,15.000000000001679,0.26194216700969264,
675,67,ok,0.9364855698771746,1.0636186185330665,-0.013968930891573118,0.09828624245805004,15.000000000001679,0.22853137497440912,
676,67,ok,1.41258655105523,0.6561928206751577,-0.4354113331289406,0.08116718983301534,15.000000000001679,0.2722172499925364,
677,67,ok,1.3428255571763028,0.7723056601485191,-0.5440101882340856,0.08925005359599067,15.000000000001679,0.23216154100373387,
678,67,ok,1.0393463801193785,0.9786003901471116,0.19231155675003744,0.09818535207957003,15.000000000001679,0.26873141698888503,
679,67,ok,0.8657172722502764,1.1480191151365344,-0.15360653403981697,0.10997847302792751,15.000000000001679,0.27221879200078547,
680,67,ok,1.4324472703814912,0.5678768855162649,-0.030472403659563684,0.10453410840781792,15.000000000001679,0.2175401250133291,
681,68,ok,1.8928665511986407,0.19778462572396222,-0.5787603350003497,0.08599676255715541,15.000000000001679,0.28630129201337695,
682,68,ok,1.594403215418526,0.4571671786336973,-0.402229410475948,0.11640660091969791,15.000000000001679,0.2320777499990072,
683,68,ok,1.0053951317805088,1.0147245171766868,0.20012894332213285,0.09647969472852143,15.000000000001679,0.2446399170148652,
684,68,ok,1.5943595882110329,0.4075334650234295,0.07767130422600667,0.11670384499732658,15.000000000001679,0.22283587499987334,
685,68,ok,1.5427161658220614,0.5801444772173251,-0.6033104198605053,0.10187735649903891,15.000000000001679,0.28684745798818767,
686,68,ok,0.8960133845825871,1.1158771295361722,-0.1454879214022414,0.09916882233719806,15.000000000001679,0.27264308399753645,
687,68,ok,1.2593179068639795,0.745769639661544,-0.1130831276253935,0.10870120579587311,15.000000000001679,0.23366391600575298,
688,68,ok,1.328763621985299,0.7730261783988819,-0.5100470607865882,0.11008009670109277,15.000000000001679,0.24672204200760461,
689,68,ok,0.8901293929717765,1.1258956399042521,-0.1681425106684993,0.0979735117598886,15.000000000001679,0.20728079200489447,
690,68,ok,1.4858224714131891,0.6270821065991452,-0.5681239957405037,0.09636725996931109,15.000000000001679,0.2423897500266321,
691,69,ok,1.4977610578538825,0.5658354587792152,-0.43181043888326365,0.10541965265328847,15.000000000001679,0.2625204579962883,
692,69,ok,1.21757290269367,0.8544396554970921,-0.41252305447849613,0.116934077125134,15.000000000001679,0.24344504199689254,
693,69,ok,1.7081448070692056,0.29296004324836106,0.06142693196681748,0.10210127800686117,15.000000000001679,0.22343604202615097,
694,69,ok,1.352743718794925,0.7867604753988366,-0.5983021182351488,0.08947357058016518,15.000000000001679,0.24483366700587794,
695,69,ok,1.0417900106625253,0.9993296073987075,-0.28980198703148996,0.09743905682511199,15.000000000001679,0.24021783302305266,
696,69,ok,1.2916186306344852,0.7238849678521792,0.19952220860964145,0.11388258154918833,15.000000000001679,0.21993491699686274,
697,69,ok,1.0193775299286714,1.0810975726496963,0.4413036115116203,0.12063270775575312,15.000000000001679,0.21861758301383816,
698,69,ok,1.3580491315495782,0.8180004744335184,-0.6687111224311851,0.12307546565179499,15.000000000001679,0.23834199999691918,
699,69,ok,1.1032047355766217,0.9620257901728219,0.3737248029397155,0.11262545758115597,15.000000000001679,0.25053562500397675,
700,69,ok,1.5247343915923643,0.6319848477475372,0.6733123406801695,0.10165071411108509,15.000000000001679,0.20601549997809343,
701,70,ok,1.0542148334534032,0.9766847528354541,0.25336696705322664,0.09335979145927999,15.000000000001679,0.23126870801206678,
702,70,ok,1.2664857446517577,0.8923566024630833,-0.6140946549995311,0.10368091203590467,15.000000000001679,0.2421035830047913,
703,70,ok,1.8053780222287519,0.2623998677815792,0.49003630851308005,0.11711904257934054,15.000000000001679,0.21514508299878798,
704,70,ok,1.4132304724999327,0.7219728543125685,-0.6032138785608469,0.10168759110791628,15.000000000001679,0.2250927500135731,
705,70,ok,1.0538067199310943,1.002847724041327,-0.34087525800851315,0.11890202438489669,15.000000000001679,0.2660465000080876,
706,70,ok,1.1640583066288774,0.863278325020438,0.2507899018368731,0.10172404899261404,15.000000000001679,0.22003570801462047,
707,70,ok,1.5162635398244473,0.609660058118619,-0.6049875769057094,0.08784664018442846,15.000000000001679,0.2199379169906024,
708,70,ok,1.4654946102567867,0.5382657370439412,0.10491614361955583,0.11787220693914896,15.000000000001679,0.24013074999675155,
709,70,ok,1.4287255786593853,0.7579666230131422,-0.7061231263499426,0.10665007394128566,15.000000000001679,0.2315965000016149,
710,70,ok,0.9491773420189152,1.051450844391671,-0.03452717765498389,0.09746008857559846,15.000000000001679,0.19454633301938884,
711,71,ok,1.061810590372768,0.9402442918174673,0.06602703084574427,0.11697855297666568,15.000000000001679,0.24788279199856333,
712,71,ok,1.4332712504886755,0.6533388126988056,-0.49068332363542694,0.1080337605598755,15.000000000001679,0.2317082920053508,
713,71,ok,1.4711140527544722,0.7003819521830255,-0.6893253847060066,0.10410412120873173,15.000000000001679,0.21109404100570828,
714,71,ok,1.8636749332320666,0.14240786993397248,-0.1504517699274643,0.09384639551533859,15.000000000001679,0.25219162498251535,
715,71,ok,1.287730414005565,0.9469980673969842,-0.7412398728409431,0.10039763417776323,15.000000000001679,0.24103266702149995,
716,71,ok,0.973457940470296,1.049862481123024,-0.2117995681935502,0.12199623929859786,15.000000000001679,0.23887124998145737,
717,71,ok,1.2165662948728544,0.8058421079932737,0.23242305991169696,0.11905546150554372,15.000000000001679,0.24390854200464673,
718,71,ok,1.2880762094139937,0.7242199983433788,0.17755480458538495,0.11854771881871848,15.000000000001679,0.22776312500354834,
719,71,ok,1.118592046451451,0.9186987247792147,-0.28641878183936964,0.12206260126432944,15.000000000001679,0.25283074998878874,
720,71,ok,1.1934981782953544,0.8426444748860547,-0.2914894339123696,0.1037657256231253,15.000000000001679,0.22261808402254246,
721,72,ok,1.0200531013002028,0.9967070674075859,-0.1841510816755507,0.10296000458835759,15.000000000001679,0.25957537500653416,
722,72,ok,1.545966676650749,0.4582281774189844,-0.11380954445816499,0.10553393839598446,15.000000000001679,0.24063283400028013,
723,72,ok,1.0310710931283358,1.0305463327485949,-0.3510942695881877,0.09579478975863534,15.000000000001679,0.21910958300577477,
724,72,ok,1.6346805956056216,0.3820816030323778,-0.23349670319571814,0.09385229375818753,15.000000000001679,0.2278139579866547,
725,72,ok,1.5000121377348856,0.6389656161910857,-0.6305726123468021,0.11013286668905815,15.000000000001679,0.2796300420013722,
726,72,ok,1.1038364565560885,0.9366336162585711,-0.29615343447439146,0.11339472684726222,15.000000000001679,0.2394082919927314,
727,72,ok,1.3914475303229672,0.7003063973598826,0.49691324081597715,0.13160373254484303,15.000000000001679,0.23474262497620657,
728,72,ok,1.3727447702946347,0.8045979351691482,-0.6748645106755912,0.08777723311648596,15.000000000001679,0.22657837500446476,
729,72,ok,0.9536984697227249,1.070891663327945,0.21517079234402287,0.1044207142265479,15.000000000001679,0.22667645901674405,
730,72,ok,1.994978341030085,0.012444348165119953,0.1719334523540298,0.10510785531395825,15.000000000001679,0.2172796249797102,
731,73,ok,1.6798485127746896,0.33200795352706197,-0.1992324240036154,0.11134417601770234,15.000000000001679,0.2551337089971639,
732,73,ok,1.5133739117051301,0.6398687055889577,-0.663583799224657,0.09920648891522135,15.000000000001679,0.24662537497351877,
733,73,ok,1.4990729048148506,0.604561452883806,-0.5476959331346907,0.10319683652760508,15.000000000001679,0.21600983399548568,
734,73,ok,1.3399441941472034,0.8235966300653877,-0.6415025757043272,0.10616044851320372,15.000000000001679,0.2275127919856459,
735,73,ok,1.051750080457123,1.011018071428122,0.35790079170045647,0.10558373891084713,15.000000000001679,0.2037445000023581,
736,73,ok,1.5532319541616662,0.5249267432243373,0.48650631092937385,0.1099390667226781,15.000000000001679,0.21403429200290702,
737,73,ok,1.2434760488284653,0.8174487898748165,0.38445457396357746,0.11263415691227077,15.000000000001679,0.2750992920191493,
738,73,ok,1.5400520149960204,0.5803484962653975,-0.596950430804254,0.09520673996980526,15.000000000001679,0.28587629200774245,
739,73,ok,1.2350047629212213,0.8341091515366178,0.4073515605805835,0.1049115760628763,15.000000000001679,0.20949183299671859,
740,73,ok,0.9308501672932551,1.103342150718186,-0.2499734691346117,0.09758904272048069,15.000000000001679,0.23472808301448822,
741,74,ok,1.0828492085325392,0.9177563208755963,-0.036208112555357164,0.09696188834151483,15.000000000001679,0.22825133299920708,
742,74,ok,1.1198314987043205,0.8801823318122869,0.005565564211969617,0.10338492394460182,15.000000000001679,0.23992225000984035,
743,74,ok,1.1976845234498694,0.9619403626905421,-0.5973946828523816,0.10796826228956344,15.000000000001679,0.23386716700042598,
744,74,ok,1.779614120275118,0.24578350788221878,-0.2995845721404358,0.0973909762259218,15.000000000001679,0.2810287500033155,
745,74,ok,1.6310321158043772,0.37902626714394516,0.18085884046960723,0.1004540966494381,15.000000000001679,0.2638765000156127,
746,74,ok,1.5352157695011603,0.520533286646916,-0.4099581722630533,0.11266225086742819,15.000000000001679,0.22161100001540035,
747,74,ok,1.1927035808597422,0.8213614110644544,0.18262778668011484,0.10600236635601523,15.000000000001679,0.2537668340082746,
748,74,ok,0.853082450030334,1.1854471224803977,-0.2534822997258256,0.1086895758413821,15.000000000001679,0.2449403339996934,
749,74,ok,0.9598162701596219,1.0895362593174716,-0.3038141691322276,0.09855720350819547,15.000000000001679,0.22365062500466593,
750,74,ok,1.1184488179917214,0.8825534459821744,0.04733875136466599,0.09994370116085023,15.000000000001679,0.24932737500057556,
751,75,ok,1.381348648810935,0.7569203525869789,-0.6023927952418706,0.11620723695397041,15.000000000001679,0.23528258298756555,
752,75,ok,1.486630223790278,0.7159977906622252,-0.7492714786393817,0.08350023018551836,15.000000000001679,0.227662582998164,
753,75,ok,1.3549136437700318,0.651048154631311,0.12696417191709522,0.1142902211784525,15.000000000001679,0.23660249999375083,
754,75,ok,0.9986501004162542,1.087088833989268,-0.40483975352516977,0.1090312614926098,15.000000000001679,0.20288612501462922,
755,75,ok,1.0465627441543155,1.1354068486617976,-0.5897221889253343,0.110281424793898,15.000000000001679,0.21410208297311328,
756,75,ok,1.473004318716469,0.7056771485949603,-0.7031856648767075,0.09174100784070838,15.000000000001679,0.2211152090167161,
757,75,ok,1.784268254313432,0.30098421822158605,0.5449390577106642,0.11634742921965784,15.000000000001679,0.23919612501049414,
758,75,ok,1.3916696604451346,0.7308008329735916,-0.5708571784807015,0.11258275480645048,15.000000000001679,0.20281120901927352,
759,75,ok,1.840469018804903,0.27479663756014056,0.6410924796056227,0.12432532966639669,15.000000000001679,0.22824054199736565,
760,75,ok,0.9130341935350399,1.0922437371903162,0.09803063752713721,0.10501507517212846,15.000000000001679,0.21226937498431653,
761,76,ok,1.5108083372934598,0.7897446040439582,-0.9043360595457384,0.09720332741739579,15.000000000001679,0.23612687501008622,
762,76,ok,1.6301709462726848,0.4558875899638306,-0.5226606731368575,0.11238897363222787,15.000000000001679,0.241911249991972,
763,76,ok,0.840686401145622,1.1849546900252357,-0.20604554777844145,0.10601252055996215,15.000000000001679,0.2046592920087278,
764,76,ok,1.2843825348951878,0.8319079829416537,0.5340407621411981,0.1367114470442397,15.000000000001679,0.2586737919773441,
765,76,ok,1.323428185003336,0.8913869501685726,-0.7227996033512231,0.10580122296235091,15.000000000001679,0.2221760000102222,
766,76,ok,1.1739018551957523,0.9644161321666224,0.5528215067409108,0.12565649286280223,15.000000000001679,0.21724637498846278,
767,76,ok,1.848500184146776,0.22791220784274743,-0.5259826876218445,0.10521162944359189,15.000000000001679,0.2238219580031,
768,76,ok,1.3184851822925068,0.6823412446602829,-0.046675265414267246,0.09170899089568568,15.000000000001679,0.24574262500391342,
769,76,ok,1.4284602712062573,0.5716074916747786,-0.013913611142945691,0.10596024580303592,15.000000000001679,0.21396508300676942,
770,76,ok,1.4597575393465327,0.6663632784898618,-0.5935530041358851,0.10990090576647746,15.000000000001679,0.2312540419807192,
771,77,ok,1.5152222282277552,0.571364268098698,-0.5048745848726335,0.08756461678316188,15.000000000001679,0.24507837498094887,
772,77,ok,1.4535752954962655,0.6410759428267384,0.5159520777289467,0.11694255504143934,15.000000000001679,0.22697099999641068,
773,77,ok,1.3603956919712126,0.7569614752242138,-0.5527491878393593,0.11103605414836953,15.000000000001679,0.22397387499222532,
774,77,ok,1.3181657303521854,0.767382540548389,0.4671349819163263,0.12114498580180814,15.000000000001679,0.19736033299705014,
775,77,ok,1.5801374649210667,0.4691742947340689,-0.39167214369193976,0.10970915532305489,15.000000000001679,0.2618290829996113,
776,77,ok,2.245363129134177,-0.14006721552145152,-0.6795350577604397,0.07507391448484572,15.000000000001679,0.24156341698835604,
777,77,ok,0.9765725683728387,1.0459037012908985,0.2083128274684869,0.11202556167475122,15.000000000001679,0.26008845801698044,
778,77,ok,0.964064690729147,1.0585584406156894,-0.20762590920866197,0.1014658397790908,15.000000000001679,0.22473333301604725,
779,77,ok,1.7963489285744543,0.24844079228298552,-0.39863493957797297,0.09503555115553602,15.000000000001679,0.24368070901255123,
780,77,ok,1.3312429537366701,0.7297490394057681,-0.3983344059743836,0.11126272416867121,15.000000000001679,0.22552591701969504,
781,78,ok,1.6970487116790047,0.33129675412337506,-0.30887506699665174,0.10903590668640131,15.000000000001679,0.23242837502039038,
782,78,ok,1.0291245723804026,0.9709130899528975,0.008804376573795444,0.09623414379630896,15.000000000001679,0.24961116700433195,
783,78,ok,1.1642929263600559,0.9587737532280864,-0.5209855289788158,0.1077662443705202,15.000000000001679,0.24659824999980628,
784,78,ok,1.6373734649452905,0.4005136086222166,0.35019301464224345,0.11597371877250437,15.000000000001679,0.24013058398850262,
785,78,ok,1.1155069641866595,0.9643152263179137,0.4143824763573182,0.09577408842223342,15.000000000001679,0.24896062500192784,
786,78,ok,1.6612437578476515,0.43260526374239255,0.5504585031950474,0.1220254345058291,15.000000000001679,0.2881971249880735,
787,78,ok,2.0319158889180837,-0.0282585007207517,0.1218590739000396,0.09749037436039486,15.000000000001679,0.321905249991687,
788,78,ok,0.9931131712161757,1.0492176140483132,0.28685645435838925,0.12376246570933015,15.000000000001679,0.22068233299069107,
789,78,ok,2.2507091746541974,-0.14920749108973777,-0.6682805916053027,0.07501182736812674,15.000000000001679,0.23597808298654854,
790,78,ok,1.5015099392418436,0.621763990492053,-0.5958167501318294,0.10934177682419509,15.000000000001679,0.22775074999663047,
791,79,ok,1.4657962327518546,0.6929177998998801,0.6633963507066942,0.11439457799025911,15.000000000001679,0.23527949998970143,
792,79,ok,1.3191055520455541,0.7808649275686517,-0.5037351810279056,0.09562912836922083,15.000000000001679,0.279487291991245,
793,79,ok,1.8355050873929681,0.260781886679609,0.586684992260521,0.11965610846618446,15.000000000001679,0.23125737500959076,
794,79,ok,1.4368989223911606,0.7645996980474573,-0.733801476630052,0.0952113887916086,15.000000000001679,0.2633028329873923,
795,79,ok,1.2090531582737039,0.9479076951919434,0.5957443425625538,0.12616331852684187,15.000000000001679,0.21234941700822674,
796,79,ok,1.671277349786469,0.4275345919816852,-0.5661453174716521,0.10200676242771238,15.000000000001679,0.2734206670138519,
797,79,ok,1.5553511028145077,0.5220206494106515,0.48445236324926,0.12537087477825534,15.000000000001679,0.23005829099565744,
798,79,ok,1.5515506879897645,0.5456970627028029,0.5406593233915942,0.11072294768419104,15.000000000001679,0.2692604170006234,
799,79,ok,1.1765707642643652,0.8277142104665987,-0.10032343185757969,0.10526505470740596,15.000000000001679,0.2191935410082806,
800,79,ok,2.1605756110492793,-0.08049000928567035,-0.5827935246066823,0.07497686456687107,15.000000000001679,0.23714874999132007,
801,80,ok,1.5170432046984985,0.6013036175211186,-0.5874253267968457,0.10202550137189355,15.000000000001679,0.24326241700327955,
802,80,ok,1.3642692295731569,0.6848130108800387,0.3626481964793235,0.11263014248117446,15.000000000001679,0.21783254100591876,
803,80,ok,1.13385542477711,0.9347112439707951,0.38831429354870534,0.11545508138808043,15.000000000001679,0.21782987500773743,
804,80,ok,1.5188363128391464,0.5195974854968141,0.33951751096439414,0.10166772484279445,15.000000000001679,0.21013395898626186,
805,80,ok,0.8594666394168697,1.1440733633204077,0.0779262272466003,0.10670204593830485,15.000000000001679,0.23590470899944194,
806,80,ok,1.2181217442384493,0.8856833867317992,0.49205596143224306,0.1082684689692363,15.000000000001679,0.22364329200354405,
807,80,ok,1.0939891782843498,0.9974418146332449,0.43782348858573816,0.10357678287440422,15.000000000001679,0.24924516602186486,
808,80,ok,0.9259698865183459,1.0740938967229035,-0.010868240566946822,0.09912871297650348,15.000000000001679,0.20753095898544416,
809,80,ok,1.3502641284435726,0.6587282880671347,0.15557445590507954,0.08814883498208002,15.000000000001679,0.27233637499739416,
810,80,ok,1.0497182922699115,0.9615259087354627,0.15323202960984636,0.10504596429450233,15.000000000001679,0.22472674999153242,
811,81,ok,1.3331706431676666,0.7890447831918626,-0.5576122547875421,0.1067455411945424,15.000000000001679,0.2538350000104401,
812,81,ok,1.0274847916832222,0.9857836349454444,0.16459089280953085,0.10277571447404853,15.000000000001679,0.2396628750138916,
813,81,ok,1.5201031490725576,0.5607077377326031,-0.489031049727423,0.11261317953204843,15.000000000001679,0.2401962080039084,
814,81,ok,1.669618068027615,0.3928196072228209,-0.4523225377502844,0.09811787975244438,15.000000000001679,0.24885745899518952,
815,81,ok,0.9773431976949082,1.0339895733856743,0.14840344252380688,0.10807185871727469,15.000000000001679,0.23235970799578354,
816,81,ok,1.3775750399021043,0.7338047831998655,-0.5426441407715972,0.11816968441569067,15.000000000001679,0.20935416698921472,
817,81,ok,1.7207244889847395,0.2794400469273969,-0.023795270004645402,0.07995236026578115,15.000000000001679,0.24286937501165085,
818,81,ok,1.3090353738796978,0.8877795899219777,-0.6903183102556645,0.10280096685462715,15.000000000001679,0.22621324998908676,
819,81,ok,0.9856936307172511,1.0648040985549876,-0.31144912836129013,0.11270555695862158,15.000000000001679,0.24155362500459887,
820,81,ok,1.4222687926485307,0.7026898537379719,-0.5829536027399642,0.10487502760361499,15.000000000001679,0.2525072499993257,
821,82,ok,1.4896893797197621,0.583760645593036,0.4619962543990971,0.1232585516152975,15.000000000001679,0.2320685830200091,
822,82,ok,1.8124012382739705,0.19682714915493812,-0.18266340211523946,0.11329400298982018,15.000000000001679,0.24577183299697936,
823,82,ok,1.2200556515568197,0.9032660107313065,-0.5345188019878373,0.12055315544790317,15.000000000001679,0.23095337499398738,
824,82,ok,1.4311392965567242,0.6876718076529993,-0.5709241645964279,0.11764662741531422,15.000000000001679,0.22844812500989065,
825,82,ok,1.0003004813518797,1.000724351600955,-0.045268438336992824,0.09735387671460928,15.000000000001679,0.2642998330120463,
826,82,ok,1.5584644648016388,0.6760172777536932,-0.8221199664542377,0.09526653151023079,15.000000000001679,0.19800845900317654,
827,82,ok,1.9106672275147778,0.2014280214026493,-0.6448163243152417,0.10395243766174264,15.000000000001679,0.22277670801850036,
828,82,ok,1.64856979283099,0.38971546921976136,-0.353222439497662,0.10916936376051299,15.000000000001679,0.23023704200750217,
829,82,ok,0.8779115774864183,1.1341091866733946,0.14478203369645445,0.09297595684773576,15.000000000001679,0.22356533401762135,
830,82,ok,1.318030665348508,0.8204701421218135,-0.5881446668744826,0.10231325775395063,15.000000000001679,0.27179220801917836,
831,83,ok,1.6189188670664012,0.38422624724564275,0.1008636607191184,0.1093453079952539,15.000000000001679,0.22738600001321174,
832,83,ok,1.6395271032383627,0.3612790931009337,-0.05140925544178482,0.11298454452235558,15.000000000001679,0.2523944169806782,
833,83,ok,1.8092673895286118,0.19254935470461065,-0.08105955608660936,0.09996330784870493,15.000000000001679,0.26004487500176765,
834,83,ok,1.44232404094692,0.7051857301861947,-0.6354169070618083,0.10174775402509582,15.000000000001679,0.23012108300463296,
835,83,ok,1.4159250423751506,0.729380787330931,-0.6247964004548259,0.11449436422479538,15.000000000001679,0.2091707920189947,
836,83,ok,1.2404407112294893,0.8703781962585849,0.5124916961156673,0.11646475260819629,15.000000000001679,0.26144108301377855,
837,83,ok,1.8155584739401944,0.28551692496046804,-0.5973276803388896,0.09153400595324006,15.000000000001679,0.25808383399271406,
838,83,ok,0.9873135642838864,1.048176184247936,0.26233470602673387,0.11284637743273929,15.000000000001679,0.23160033399472013,
839,83,ok,1.9519898286408857,0.112505936142967,0.4976248084872142,0.11741082247182809,15.000000000001679,0.22325691598234698,
840,83,ok,0.8478271882022733,1.1587136054225955,0.10511014867235556,0.1037844283013343,15.000000000001679,0.2199870420154184,
841,84,ok,1.6550467685116135,0.3461813462653009,-0.06374689419792873,0.11062266333840698,15.000000000001679,0.23266379200504161,
842,84,ok,1.8717511727002223,0.1318845102791863,0.1166060443108395,0.11148433049888017,15.000000000001679,0.21952145799878053,
843,84,ok,1.5745532269937321,0.42546874580173594,0.008318304467670195,0.09846980422408332,15.000000000001679,0.24244012497365475,
844,84,ok,0.8830942122384822,1.1186809961509148,-0.05596607136079277,0.10974816238782002,15.000000000001679,0.2481768750003539,
845,84,ok,1.4123595180103203,0.83362920112864,-0.7964537448305019,0.10393028190281241,15.000000000001679,0.2346988329954911,
846,84,ok,1.337049603641004,0.785210257311942,-0.5585584335201181,0.1084269453947715,15.000000000001679,0.23582062497735023,
847,84,ok,1.297539019446395,0.8422599227451883,-0.5858715051134801,0.11062067120827208,15.000000000001679,0.20715595802175812,
848,84,ok,1.0356086343389144,1.0421428878460575,0.39369403883399207,0.11046786230586161,15.000000000001679,0.2840444580069743,
849,84,ok,1.879824120845282,0.24157142791680153,-0.664580831948365,0.11104969149453535,15.000000000001679,0.22062775000813417,
850,84,ok,1.6766036846209271,0.33128236071833367,-0.1624233838912739,0.10217674608550281,15.000000000001679,0.1935502499982249,
851,85,ok,1.2565564963285474,0.9991530239672461,-0.7597628307778469,0.10923759150431601,15.000000000001679,0.2635783749865368,
852,85,ok,0.8416907336900546,1.2103707111166144,-0.291425594821768,0.12108706878957139,15.000000000001679,0.22409470900311135,
853,85,ok,1.389200940751388,0.7135640296534501,-0.5243679509495902,0.11158545010816227,15.000000000001679,0.31208962498931214,
854,85,ok,1.557881681687056,0.6886955051464015,-0.8411158397705032,0.10002688934865565,15.000000000001679,0.24316137499408796,
855,85,ok,0.8199337529772667,1.1801638658481253,-0.01265197258512329,0.1127446972610539,15.000000000001679,0.21943833300611004,
856,85,ok,1.4265864260249028,0.5813485558590584,-0.15025615113973373,0.11713638636434767,15.000000000001679,0.23667245797696523,
857,85,ok,2.05650101769715,0.09110172066108077,-0.7650514982184705,0.0922993161528048,15.000000000001679,0.2632427079952322,
858,85,ok,1.3439785161648692,0.692270083765973,-0.31003341448829064,0.12664179334872552,15.000000000001679,0.27329862499027513,
859,85,ok,1.7329911540714382,0.410565472460956,-0.6906201725670855,0.10513296785644219,15.000000000001679,0.24304762500105426,
860,85,ok,1.7272334190187693,0.45971704873347075,-0.7815777081090132,0.07882392503696266,15.000000000001679,0.26721112499944866,
861,86,ok,0.8734215458006193,1.1297397774994546,0.07424514665649609,0.10591251590669232,15.000000000001679,0.2430833749822341,
862,86,ok,1.7550273362840731,0.2740941251442578,-0.31838634116871967,0.1109551036000958,15.000000000001679,0.26797474999330007,
863,86,ok,1.4820109442761218,0.6221952305832347,-0.5459033397283961,0.10981523386036665,15.000000000001679,0.24533799997880124,
864,86,ok,1.7096262044383448,0.31070031483024974,-0.26284659516083453,0.11798863383347244,15.000000000001679,0.21742233299301006,
865,86,ok,1.1978755327017268,1.0069395809940171,-0.669878194934801,0.10804858102678515,15.000000000001679,0.23432191601023078,
866,86,ok,1.388789990136519,0.7766570512979429,-0.6573961260642999,0.10766420042044467,15.000000000001679,0.23849891699501313,
867,86,ok,2.0525973718115043,0.03559956723071224,0.595220052168381,0.12414960283745582,15.000000000001679,0.26372162500047125,
868,86,ok,1.3577582027125228,0.7588361781746734,-0.5504722558177562,0.11030304360621696,15.000000000001679,0.23130462499102578,
869,86,ok,1.444560549073843,0.6738494326160072,0.572782552604072,0.11877999783004407,15.000000000001679,0.22889216701150872,
870,86,ok,1.3535147793855635,0.7437812213375355,-0.5039014170955834,0.11151617582438131,15.000000000001679,0.2725386669917498,
871,87,ok,1.307685346040604,0.7930069527045985,-0.5031985175155969,0.10614601018222276,15.000000000001679,0.2245712919975631,
872,87,ok,1.580212153245838,0.4900611398452495,-0.46599902130843657,0.10414555665869725,15.000000000001679,0.2513757499982603,
873,87,ok,1.2215519025930344,0.8299885194918017,0.35108714902097465,0.11063104303972826,15.000000000001679,0.2415957079792861,
874,87,ok,1.3321267440011235,0.7019572569271666,0.29941058638429774,0.12910181443743024,15.000000000001679,0.22683500000857748,
875,87,ok,1.0963703667665958,0.9117975546624908,-0.13357926143449578,0.10498171375343808,15.000000000001679,0.3040345420013182,
876,87,ok,1.9484294362489918,0.1871949089532524,0.7142233333604808,0.12024967923649592,15.000000000001679,0.20404987499932759,
877,87,ok,1.598253116385843,0.473313919330589,-0.4729086963963895,0.10515639834950427,15.000000000001679,0.25976600000285544,
878,87,ok,0.9392992696903775,1.0777717809056087,0.17826449435281236,0.13318681587256914,15.000000000001679,0.21200837500509806,
879,87,ok,1.459607549649086,0.7042954434188858,-0.6720148071639095,0.0987995136918385,15.000000000001679,0.23377062499639578,
880,87,ok,1.2829498477425614,0.8302781691316032,-0.5269830644456683,0.11535760292594124,15.000000000001679,0.2517689579981379,
881,88,ok,1.104270416356766,0.9759105534474956,0.4131028417967264,0.11632171241694028,15.000000000001679,0.2108155410096515,
882,88,ok,1.5801383228354706,0.5967130763471903,-0.7263765753370127,0.09945227254239497,15.000000000001679,0.2491911249817349,
883,88,ok,1.3703515236123798,0.840963857103653,-0.7310940553216999,0.09119350339934423,15.000000000001679,0.2658856670022942,
884,88,ok,1.4656886119715447,0.5795739119196108,-0.3614316471529792,0.11661230949646567,15.000000000001679,0.24854491601581685,
885,88,ok,1.4857032283979352,0.6325592698899558,-0.5808785867185641,0.08395584156356567,15.000000000001679,0.29098470899043605,
886,88,ok,0.9117597992646441,1.1084873887049997,-0.1910790293493085,0.11143100944313952,15.000000000001679,0.2501472500152886,
887,88,ok,2.160543390290779,-0.034162701474467656,-0.7281001615569584,0.08280196526383422,15.000000000001679,0.22611937500187196,
888,88,ok,1.893339419507288,0.2757388016691648,-0.7820853389438434,0.08141094707681835,15.000000000001679,0.23382074999972247,
889,88,ok,1.5475118558413898,0.5125575060392987,-0.42697514111436463,0.1013715114721112,15.000000000001679,0.3023788330028765,
890,88,ok,1.3906355718280883,0.609414491920068,-0.01179993015704325,0.12382491160380285,15.000000000001679,0.2450692499987781,
891,89,ok,0.9463653693780053,1.0709330020531411,0.18011642258267213,0.10986266192366005,15.000000000001679,0.23382550000678748,
892,89,ok,1.557874073261284,0.44423654072732033,-0.08106594187209226,0.10065995261278822,15.000000000001679,0.2208296659810003,
893,89,ok,1.2689327423263437,1.0347027871140444,-0.823645309185004,0.10240069565645478,15.000000000001679,0.2594275409937836,
894,89,ok,1.26440535861018,0.9415371977609183,-0.6916483262166749,0.1202631395939614,15.000000000001679,0.26431975001469254,
895,89,ok,1.0334569578324568,0.9668021876659926,0.023142261785256222,0.10838458999709294,15.000000000001679,0.22570083299069665,
896,89,ok,1.5836068826642051,0.6125491898212199,-0.7634074981002531,0.10857753463761907,15.000000000001679,0.23786637498415075,
897,89,ok,1.5641415061026414,0.4380020158894719,0.08185932291245647,0.10674408156778839,15.000000000001679,0.24433916702400893,
898,89,ok,1.6599919208868033,0.4724946082077757,-0.649846486068165,0.10794849092207437,15.000000000001679,0.24087254199548624,
899,89,ok,1.3750633918921622,0.7227452321064234,-0.5093324941677131,0.09431477992202948,15.000000000001679,0.248444707976887,
900,89,ok,1.802435265371986,0.19766498287087367,0.019009783973855707,0.0912555803378789,15.000000000001679,0.24558158399304375,
901,90,ok,1.9130372578930395,0.294165705719739,0.8659335485730318,0.10552323748833244,15.000000000001679,0.20720074998098426,
902,90,ok,1.6905228991014085,0.3231650650603,-0.21469111148811612,0.10944067473404227,15.000000000001679,0.25168337498325855,
903,90,ok,1.1578482995479924,0.8794568972010699,0.2915404595179265,0.11489101422939862,15.000000000001679,0.2051522920082789,
904,90,ok,0.963617265470731,1.06877818039154,0.24775826322929745,0.10484660019897278,15.000000000001679,0.20310716598760337,
905,90,ok,1.5283110883308992,0.5405456879635339,-0.45357236886007896,0.10796192783766931,15.000000000001679,0.2313469999935478,
906,90,ok,1.6313530236092921,0.397899488708895,-0.30754940962381877,0.10810237687460723,15.000000000001679,0.27060558399534784,
907,90,ok,1.8643093234094696,0.14244813616019397,0.15858854465798167,0.0968436780124401,15.000000000001679,0.23510274998261593,
908,90,ok,1.330276710368433,0.7643716598685771,-0.4928069918464272,0.10409571677507307,15.000000000001679,0.24798400001600385,
909,90,ok,1.4962785114913972,0.6145674195252807,-0.5651778029169868,0.10529172809004021,15.000000000001679,0.25675537501228973,
910,90,ok,0.8533437832716724,1.1934792376512096,-0.2787828408434365,0.12285488501636148,15.000000000001679,0.26647933301865123,
911,91,ok,1.0886264939713852,0.9718911803224904,0.35791046125776854,0.11066695650108525,15.000000000001679,0.20926237499224953,
912,91,ok,0.8401790054458078,1.1598922051544318,-0.010938657670090156,0.11192299727591495,15.000000000001679,0.23069624998606741,
913,91,ok,2.1280711322883485,0.05778013588356131,-0.8697521161288054,0.08066779635545213,15.000000000001679,0.24164566697436385,
914,91,ok,2.279998835895959,-0.18051574610940435,-0.6661424567281954,0.08604045461136771,15.000000000001679,0.2377768339938484,
915,91,ok,1.4663280883676109,0.5355742779178438,-0.07466838179556197,0.09991366313433182,15.000000000001679,0.19028104201424867,
916,91,ok,1.9573577124270864,0.07339793700850286,-0.34562075353587224,0.08458691908101496,15.000000000001679,0.27831624998361804,
917,91,ok,1.53034791592532,0.4708453438562907,0.060421696194200326,0.11410211512856092,15.000000000001679,0.2103159999824129,
918,91,ok,1.7800671787676776,0.3979192035766174,0.7758713054736199,0.10847604129463191,15.000000000001679,0.24042383302003145,
919,91,ok,1.5991049146010003,0.4391041779333957,-0.3474777123156139,0.11344950203498291,15.000000000001679,0.25888783298432827,
920,91,ok,1.7230399442531918,0.3056109322758351,-0.31290947040458444,0.10027672343381198,15.000000000001679,0.21745349999400787,
921,92,ok,1.7029227232480304,0.3067773294013591,-0.1815014851875742,0.11630497252540847,15.000000000001679,0.21580066601745784,
922,92,ok,1.2830999254218498,0.8082023135783802,-0.4753563855231471,0.10624631844580316,15.000000000001679,0.24933420901652426,
923,92,ok,1.5321335612832576,0.4679141385332668,-0.012089776848883637,0.10031705184632174,15.000000000001679,0.265830582997296,
924,92,ok,1.6879809622649764,0.33139594102690045,-0.255029847954103,0.10991361216259438,15.000000000001679,0.2592945419892203,
925,92,ok,1.5726130084056669,0.4738305707281633,-0.3793659807663286,0.12064894482666244,15.000000000001679,0.23349183300160803,
926,92,ok,1.429239371311373,0.703701729497669,-0.6019434976799687,0.12056567755520775,15.000000000001679,0.24737879098393023,
927,92,ok,2.125595392640943,-0.026310895243700047,0.6420435569594007,0.12999867828031672,15.000000000001679,0.22896095798932947,
928,92,ok,1.3773673859766087,0.7052826946464545,0.4699446937354335,0.11759057155409465,15.000000000001679,0.2066810840042308,
929,92,ok,1.779051954246974,0.22407916659066582,0.10550378842806127,0.09254731735038378,15.000000000001679,0.25939279099111445,
930,92,ok,1.5960398360243582,0.5388438720276996,-0.642157245435769,0.0855361452863137,15.000000000001679,0.2274181250249967,
931,93,ok,1.4782695970148665,0.7086087064154307,0.7194369522845407,0.11458575230969811,15.000000000001679,0.2342536670039408,
932,93,ok,1.7274168193969932,0.2858660255957212,-0.2138073565820779,0.11216941966237727,15.000000000001679,0.23262545900070108,
933,93,ok,1.3021014486302227,0.9035117066898792,-0.7022688980431806,0.1007685246387499,15.000000000001679,0.22098587499931455,
934,93,ok,1.2326895260350146,0.7673157243223517,0.003597790085741666,0.12398170943759165,15.000000000001679,0.25603679099003784,
935,93,ok,1.3348250141983595,0.7485455688572769,-0.46434860320980176,0.12136586053643263,15.000000000001679,0.2192241660086438,
936,93,ok,2.1210588134572257,-0.012378785978936808,0.670240338898306,0.12171751628225903,15.000000000001679,0.24338408399489708,
937,93,ok,1.5314734523470408,0.6174082686803208,0.658673697463483,0.10996276683160779,15.000000000001679,0.24247533298330382,
938,93,ok,1.6450783754963485,0.40181823287942947,0.38999730866901566,0.13123205638001365,15.000000000001679,0.2361301250057295,
939,93,ok,1.4106625220158349,0.6810286007681782,-0.5002831188722303,0.11356846590372713,15.000000000001679,0.22742545799701475,
940,93,ok,1.1437223377257486,1.0140863758516943,-0.5797198560784377,0.1187883967341917,15.000000000001679,0.25785179098602384,
941,94,ok,1.2682639348964286,0.8014457133683833,0.4146818425684308,0.12313116652006363,15.000000000001679,0.2438593750121072,
942,94,ok,1.9470127868075224,0.12222888984970388,0.5146206854343494,0.12522157630118033,15.000000000001679,0.22349012500490062,
943,94,ok,1.8486128489021987,0.17081312959766784,0.26729171007351754,0.098024564568005,15.000000000001679,0.2598854170064442,
944,94,ok,1.2561336466384834,0.8858947368720506,-0.5802078945411693,0.1173989711011308,15.000000000001679,0.24682266701711342,
945,94,ok,1.4214659240349368,0.7521308062883781,-0.6807259717228391,0.10798178524480995,15.000000000001679,0.21340891701402143,
946,94,ok,1.8665890414790185,0.13954956149229494,0.1512574481671868,0.08426762765575574,15.000000000001679,0.21578133397269994,
947,94,ok,1.9121936785730447,0.18468313004994144,0.600923727314403,0.12866999079207878,15.000000000001679,0.23917820898350328,
948,94,ok,1.4302342676306121,0.7899374943125665,-0.7624426487509233,0.10121919316029203,15.000000000001679,0.2672716249944642,
949,94,ok,1.3903715345302188,0.6824881211025484,0.4441795278893683,0.12271300793445149,15.000000000001679,0.24577025001053698,
950,94,ok,1.667490350840017,0.5204200362772118,-0.7690040319105198,0.10433054807911218,15.000000000001679,0.20990737501415424,
951,95,ok,1.0210398560627734,1.002620824572428,0.21853413484420606,0.1265638011720402,15.000000000001679,0.2662382500129752,
952,95,ok,1.3162560623127817,0.874176128115665,-0.681946208340888,0.10693908438043298,15.000000000001679,0.2511737080058083,
953,95,ok,1.9687940069802696,0.15519715698034728,-0.6876425759855419,0.09126357439914166,15.000000000001679,0.2244490000011865,
954,95,ok,1.1249424683152545,0.9355861347850849,0.36403115327875735,0.12367445671004722,15.000000000001679,0.23442108399467543,
955,95,ok,1.2163692781107927,0.8334384854261447,-0.3445119061032921,0.11823406822574456,15.000000000001679,0.22798066699760966,
956,95,ok,0.8409513197304902,1.1643485351249632,0.09426426368809238,0.1012047727632487,15.000000000001679,0.24789483298081905,
957,95,ok,1.8295986661950794,0.2520554237304099,0.5404822269349251,0.1257565128295758,15.000000000001679,0.23570283301523887,
958,95,ok,1.223454319584343,0.93195855966712,-0.5967645715365945,0.09462565845629867,15.000000000001679,0.24056395798106678,
959,95,ok,1.5974436380336239,0.4531150471268286,-0.39871433291100267,0.09852693705291528,15.000000000001679,0.21124470900394954,
960,95,ok,0.9007148886577243,1.1022269678244705,0.07273852726067773,0.12466589109885055,15.000000000001679,0.23844191699754447,
961,96,ok,1.2682972206804997,0.9447568750720889,-0.7035906389927721,0.10663445163269601,15.000000000001679,0.25872529100161046,
962,96,ok,1.2691246387537471,1.0041263579681101,-0.7867102629290967,0.10533033599350769,15.000000000001679,0.21791720899636857,
963,96,ok,1.2250986953988166,0.9022653599303032,-0.5439167890945594,0.11497630547671574,15.000000000001679,0.2742817910038866,
964,96,ok,1.2167917884570765,0.8129391519580148,0.26733649115377667,0.12083287752516868,15.000000000001679,0.20759700000053272,
965,96,ok,1.6029175658236776,0.43080936243311435,-0.3270863277462621,0.12401654271361512,15.000000000001679,0.24443283397704363,
966,96,ok,1.9917758634320906,0.14794685121224127,-0.7328507516650288,0.10177050994888229,15.000000000001679,0.2325230830174405,
967,96,ok,1.4592648622498219,0.6246922808355098,-0.4878346193163816,0.10329584994937038,15.000000000001679,0.21346379097667523,
968,96,ok,1.4746827310567516,0.5965660629379353,-0.45283809643124434,0.10982238747180142,15.000000000001679,0.23277591599617153,
969,96,ok,1.4332756728144118,0.7119680766201762,-0.628691433563458,0.11342754714055021,15.000000000001679,0.22737195799709298,
970,96,ok,1.594731141640141,0.5951459933946625,-0.7546871101600967,0.09718356921310597,15.000000000001679,0.25068966700928286,
971,97,ok,1.1517887746070818,0.8485360934244389,0.027354216578636466,0.09123163453312694,15.000000000001679,0.23812024999642745,
972,97,ok,1.5349702558999947,0.5423939794085989,-0.48116356390877574,0.11051739482200316,15.000000000001679,0.2396405000181403,
973,97,ok,1.715439148821608,0.4594004376643458,-0.7545094179935687,0.09134111264511698,15.000000000001679,0.23646179199567996,
974,97,ok,2.1427961613610496,-0.11391807799788405,-0.35060768482362165,0.08217669572742972,15.000000000001679,0.24285037501249462,
975,97,ok,1.0883625827369285,1.0071477369818356,0.4458446986580726,0.11016177863501096,15.000000000001679,0.17917441600002348,
976,97,ok,1.6124583690492875,0.4934865577522527,-0.5748384470822491,0.09997698179929673,15.000000000001679,0.30089187499834225,
977,97,ok,2.036238921728579,0.04948863375014353,-0.5846147077285034,0.07867694830031899,15.000000000001679,0.264252499997383,
978,97,ok,1.446764413481209,0.6354893428235234,0.4808720563387387,0.11235202258179965,15.000000000001679,0.20704712500446476,
979,97,ok,1.2255848765617,0.8012037141036354,-0.2548445694493779,0.09406072095825625,15.000000000001679,0.25944629102014005,
980,97,ok,1.097050535749634,0.9131712133291271,-0.1494090574633188,0.09903080969775897,15.000000000001679,0.28463700000429526,
981,98,ok,1.6731742356676023,0.32950761802288014,0.09469543103166948,0.10960201048621769,15.000000000001679,0.25809733298956417,
982,98,ok,1.465393856257346,0.7436388402265238,0.75427832407502,0.11695795118740696,15.000000000001679,0.2528153330204077,
983,98,ok,1.2858115893559197,0.8566903099415634,-0.5883488726431608,0.10629006232253854,15.000000000001679,0.2601672500022687,
984,98,ok,1.3782495381066528,0.8826371253320748,-0.8068903243967129,0.09412320649758045,15.000000000001679,0.2206018329889048,
985,98,ok,1.4756211368480208,0.6555001629454579,0.6080936833029555,0.11647070137688018,15.000000000001679,0.23560129100224003,
986,98,ok,1.5066071271351382,0.5471484693055187,0.39885770055634834,0.11704856674178779,15.000000000001679,0.23247445799643174,
987,98,ok,1.9369066243698607,0.07148522932432495,-0.18010566568988712,0.08570281406893251,15.000000000001679,0.27965858299285173,
988,98,ok,1.0919636113474924,0.9247524750285477,0.19033467511156166,0.1039930462382962,15.000000000001679,0.2632112080173101,
989,98,ok,1.605897306185766,0.5806560388518976,-0.7512448854848289,0.09315891923530953,15.000000000001679,0.23916700002155267,
990,98,ok,1.097226012514706,1.0129628104812427,0.47923116451858017,0.1122809672435283,15.000000000001679,0.2831335829978343,
991,99,ok,1.590641454856063,0.4123662818869495,0.09777226098001428,0.10015766014224907,15.000000000001679,0.23897716600913554,
992,99,ok,1.3775385646961442,0.7999623337830603,-0.6764037972141446,0.11289733175194237,15.000000000001679,0.20741949998773634,
993,99,ok,1.336854255813612,0.7670760870667883,0.516795826419317,0.11552825488376398,15.000000000001679,0.2518611669947859,
994,99,ok,1.3547878926642392,0.708708985749253,-0.4098996836115964,0.12325518022935787,15.000000000001679,0.26641483398270793,
995,99,ok,1.5389573637114542,0.46500864879422,-0.11041430634280751,0.09904824772541305,15.000000000001679,0.25667587501811795,
996,99,ok,1.1041701413630007,0.9701508754481104,-0.3982492708559493,0.11542696472387776,15.000000000001679,0.23704379200353287,
997,99,ok,1.4819797287897623,0.5939604214245735,-0.468312523880383,0.10347672307495086,15.000000000001679,0.23928491701371968,
998,99,ok,1.5036337533057456,0.6263744674461477,-0.6116104645903873,0.10296693108056308,15.000000000001679,0.26293533397256397,
999,99,ok,1.428149021059918,0.8580766585262376,-0.8576833381568043,0.09132392012226782,15.000000000001679,0.22575045801931992,
1000,99,ok,1.6777541855719034,0.39576494927743017,0.49121177636249225,0.11634881087904057,15.000000000001679,0.23070762501447462,
1001,100,ok,1.9755833330323282,0.07765508106716806,-0.45554310268979725,0.0750007120222328,15.000000000001679,0.27688625000882894,
1002,100,ok,1.4110230315017098,0.7996467168309536,-0.7417128763973067,0.10434504705318182,15.000000000001679,0.2502935419906862,
1003,100,ok,1.5858401987066213,0.5103216002137488,-0.543826627744661,0.10089372953969064,15.000000000001679,0.22293929097941145,
1004,100,ok,1.93211175569181,0.2507506160983945,0.8204769523894877,0.10596691182260125,15.000000000001679,0.2508417500066571,
1005,100,ok,1.4371551261428241,0.7724320577270036,-0.7473230919102113,0.09835084254174897,15.000000000001679,0.24616304200026207,
1006,100,ok,1.6479290149314367,0.3814857325822873,-0.3099703282867584,0.1260927876422458,15.000000000001679,0.26333216700004414,
1007,100,ok,1.6794656212161596,0.5409532748706093,0.8317375948796482,0.0968477457724809,15.000000000001679,0.24409954098518938,
1008,100,ok,1.251209801188147,0.8814812937640406,-0.5607511661954145,0.1198402344884923,15.000000000001679,0.23082299999077804,
1009,100,ok,1.138381442872219,1.0487574445657024,-0.625339835774647,0.11574531653833042,15.000000000001679,0.22197558399057016,
1010,100,ok,1.4210193039228722,0.677578268595509,-0.520092901730635,0.10014821758691363,15.000000000001679,0.22073858400108293,
1011,101,ok,1.3126350509901492,0.8322551432639481,-0.5994853848547183,0.10965109102114828,15.000000000001679,0.2502249160024803,
1012,101,ok,1.2421794320148478,0.896593973430635,-0.5705303513846879,0.10464887836513684,15.000000000001679,0.24903700000140816,
1013,101,ok,1.4955127183955355,0.5949952333951807,-0.5123669551215625,0.10760853142482583,15.000000000001679,0.2526075000059791,
1014,101,ok,1.766816187253825,0.30820392201638475,-0.5093775319558187,0.10593084202151958,15.000000000001679,0.23093633400276303,
1015,101,ok,1.5703412388936042,0.5793769440616904,0.669179900704137,0.14329959756771452,15.000000000001679,0.23809629201423377,
1016,101,ok,1.0017861330131377,1.009089867377216,0.1472160499501073,0.1311744279643958,15.000000000001679,0.24898683399078436,
1017,101,ok,1.3781928943291653,0.6329997137396937,0.1752879669105724,0.10249161547537157,15.000000000001679,0.2504683340084739,
1018,101,ok,1.289457436207945,0.8819382225624497,-0.6423693187140496,0.11050274781502334,15.000000000001679,0.22596620800322853,
1019,101,ok,1.5688532409956761,0.5439797176447612,-0.5842135133260852,0.1106002488243631,15.000000000001679,0.23295145799056627,
1020,101,ok,1.2324351050039302,0.8384779489285238,0.4120228305819468,0.11181681978742138,15.000000000001679,0.22945312500814907,
1021,102,ok,1.8000354433037378,0.2067856448302822,-0.1565562951878258,0.08177666905244112,15.000000000001679,0.23436129197943956,
1022,102,ok,1.885694207571428,0.22177994821910588,-0.6275158100899051,0.07510234369399277,15.000000000001679,0.2642736249836162,
1023,102,ok,1.5485807178345485,0.5970474653802585,-0.6556114895675705,0.10314564815141235,15.000000000001679,0.2412952090089675,
1024,102,ok,1.2466555841304732,0.9148536114339302,-0.6136835184569548,0.10278794688736376,15.000000000001679,0.2523193329980131,
1025,102,ok,1.833629083000498,0.1752083182962603,0.17980804322967542,0.10052535377521456,15.000000000001679,0.2770522920181975,
1026,102,ok,1.508059818807096,0.5542900799660789,-0.4291471125569932,0.1151763140545238,15.000000000001679,0.22883499998715706,
1027,102,ok,0.913226756438828,1.1042371735382461,0.17774157477931876,0.1034942089502111,15.000000000001679,0.27377341702231206,
1028,102,ok,1.0326098994344302,1.107195020245623,-0.5188279797155998,0.11306168618838934,15.000000000001679,0.23720670898910612,
1029,102,ok,1.3675740535808805,0.6844739880556017,0.37369787787102504,0.11011307302845146,15.000000000001679,0.2455277080007363,
1030,102,ok,1.7193203492076734,0.29324259719086937,-0.2074647708788819,0.11479895531005392,15.000000000001679,0.26852391700958833,
1031,103,ok,2.161957913803015,-0.007950687592538705,-0.8013713603892629,0.07541237461862704,15.000000000001679,0.23612387501634657,
1032,103,ok,1.2451333454503022,0.7558470762046287,-0.049401924696211776,0.1159029568056228,15.000000000001679,0.2598422080045566,
1033,103,ok,1.5028480208118786,0.6853125486351309,-0.7281133695256019,0.10006390313697977,15.000000000001679,0.2337345840060152,
1034,103,ok,1.4707980556928062,0.7095530787430474,-0.7056866613789659,0.09825250670306948,15.000000000001679,0.2562749999924563,
1035,103,ok,2.132852139596151,-0.06178159938010264,-0.5459989797037205,0.07519534402733609,15.000000000001679,0.26159595799981616,
1036,103,ok,0.8087214934543167,1.2116729110711373,0.18047397273824628,0.09803574566016916,15.000000000001679,0.19415500000468455,
1037,103,ok,1.1000829922962911,0.9005993955319403,-0.03874146144412746,0.1016080630275528,15.000000000001679,0.25261075000162236,
1038,103,ok,1.3865061849640363,0.636562452358173,0.2518679309161202,0.1029971495267622,15.000000000001679,0.25371220798115246,
1039,103,ok,1.359290139862278,0.9074219191551711,-0.808667312053753,0.10705813505527004,15.000000000001679,0.24503624998033047,
1040,103,ok,1.780099035231707,0.25988887971939434,-0.3751877720670402,0.11293462179100107,15.000000000001679,0.22485958400648087,
1041,104,ok,1.8721672209733524,0.2530651180774978,0.6732225646912756,0.1051354251970076,15.000000000001679,0.25315624999348074,
1042,104,ok,0.9403407974231517,1.0832736212988474,0.2094124205769077,0.10876409387588135,15.000000000001679,0.23295033400063403,
1043,104,ok,1.7664483700046931,0.282362921419443,-0.41238660281038036,0.11983247157801484,15.000000000001679,0.20401762498659082,
1044,104,ok,1.587366332991339,0.46839713211453626,-0.4170425999815759,0.11194251293960103,15.000000000001679,0.2600600419973489,
1045,104,ok,1.4515892466160238,0.5572714702735209,0.16014284375065752,0.12357441600776428,15.000000000001679,0.24374983299640007,
1046,104,ok,0.9389609129824531,1.0934330979699642,0.2445077672641617,0.10049669344048885,15.000000000001679,0.21380416699685156,
1047,104,ok,1.3974384526348878,0.6753561788683672,0.4451437700792588,0.11078996240047242,15.000000000001679,0.22807458299212158,
1048,104,ok,1.9510922309952465,0.1752504573210084,-0.6906880629798224,0.08213134384324045,15.000000000001679,0.25464450000436045,
1049,104,ok,1.143891783830042,0.9145863824666423,0.3610618949529645,0.11343600035735923,15.000000000001679,0.21829808401525952,
1050,104,ok,2.129097437154749,0.023566110952472588,-0.7916848988855273,0.08811090304004437,15.000000000001679,0.2442335420055315,
1051,105,ok,2.030530632632308,0.1006036020014699,-0.717877408286659,0.07500219226101273,15.000000000001679,0.2727172909944784,
1052,105,ok,1.8309970263977478,0.16901067664272348,0.0053111608013011145,0.10819626368037433,15.000000000001679,0.25555625002016313,
1053,105,ok,1.3130190742819507,0.771273679017198,0.4628722475503352,0.10917290562576976,15.000000000001679,0.27289904200006276,
1054,105,ok,1.3173326512811527,0.9788070468420537,-0.8321840340645711,0.09360697153565371,15.000000000001679,0.2555498330038972,
1055,105,ok,1.4173064363253285,0.7645027310297842,-0.6944811248812599,0.11066646612787485,15.000000000001679,0.24854370800312608,
1056,105,ok,1.6224930613975352,0.40698104912246785,-0.30785444032560777,0.12466894178006016,15.000000000001679,0.27241104198037647,
1057,105,ok,1.0048949634896112,1.0862911033687368,0.418270175680345,0.0986178299088141,15.000000000001679,0.21307325002271682,
1058,105,ok,1.0421980266147657,0.959338171078094,0.05656575381470761,0.11968199738794448,15.000000000001679,0.24923225000384264,
1059,105,ok,1.1722707769625382,0.9526576661374593,-0.5265859950850567,0.12053043477119091,15.000000000001679,0.24705920802080072,
1060,105,ok,1.1051718268053492,0.9369645767989385,0.30225892176081876,0.10995126258406035,15.000000000001679,0.22170941601507366,
1061,106,ok,0.8799047235054033,1.124202160348663,0.08491446584163984,0.10683247205397599,15.000000000001679,0.23220591599238105,
1062,106,ok,1.3283307343168815,0.7741931166245107,-0.5117226049336651,0.11006606082464915,15.000000000001679,0.21318116699694656,
1063,106,ok,1.06451348565889,0.9583570725477166,0.21947431020116487,0.09240745185628957,15.000000000001679,0.2216060840000864,
1064,106,ok,0.9670375712257431,1.1315734406953122,0.425437392875151,0.10786832834229716,15.000000000001679,0.23304341701441444,
1065,106,ok,1.6818794476402326,0.435444801625877,-0.6171592238921187,0.10356489442287982,15.000000000001679,0.23657824998372234,
1066,106,ok,1.9288038369610294,0.07305730872795614,0.08471190016073528,0.0974060970319733,15.000000000001679,0.24474100000225008,
1067,106,ok,1.4241772131925612,0.6842027390848173,-0.5449388064223659,0.11516357539451044,15.000000000001679,0.25946912498329766,
1068,106,ok,1.5034213873292421,0.6105519850165754,-0.5742038675745784,0.08603993579618362,15.000000000001679,0.23919966601533815,
1069,106,ok,1.2974801434751069,0.7140203738497471,0.17236914990403535,0.10477227419803425,15.000000000001679,0.2512920830049552,
1070,106,ok,1.9548149839332332,0.1254703174270497,0.5544728041688258,0.12765824812181203,15.000000000001679,0.2307108750101179,
1071,107,ok,1.0935235409005881,1.0161865450372154,-0.47739377911525943,0.13509161106441256,15.000000000001679,0.24280608401750214,
1072,107,ok,1.5914579883267208,0.43690779952318737,-0.29913425316651504,0.1251793252215258,15.000000000001679,0.25153929099906236,
1073,107,ok,1.4249795804711998,0.6565648462651176,0.4751302899933964,0.11363942018116695,15.000000000001679,0.20789245798368938,
1074,107,ok,1.7348170607651305,0.47106814041961853,-0.8197302013966808,0.0882862502841659,15.000000000001679,0.23706004198174924,
1075,107,ok,1.1737239047420949,0.9841005652339682,-0.587857247131553,0.10532462813909524,15.000000000001679,0.24462349998066202,
1076,107,ok,1.538599178081847,0.5678683674905006,-0.562393472543744,0.08941671722707559,15.000000000001679,0.24756262500886805,
1077,107,ok,1.3346797399796322,0.6667838510961449,-0.0624876676958891,0.10013008219416646,15.000000000001679,0.2730527499807067,
1078,107,ok,1.5563839673499595,0.6926732840900123,-0.8445282184107329,0.09930174464453102,15.000000000001679,0.2926484999770764,
1079,107,ok,1.588752338180593,0.49394627562444193,-0.5059013454902175,0.1034885899802265,15.000000000001679,0.2473975419998169,
1080,107,ok,1.5779452977599522,0.44840368568211525,-0.28715891091501844,0.10248710024217687,15.000000000001679,0.2936303750029765,
1081,108,ok,1.6450025689569543,0.3887133364863718,-0.33134383932419625,0.11456556055098036,15.000000000001679,0.4505495420016814,
1082,108,ok,1.4805042190631632,0.6686631543224888,0.6476379744929119,0.11213600854634083,15.000000000001679,0.2873945419851225,
1083,108,ok,0.800396291950941,1.2147211219862308,-0.1548267028462847,0.10768290783642447,15.000000000001679,0.2212803750007879,
1084,108,ok,1.140978573707859,0.9274775936953181,0.3892657108387986,0.10212035125437326,15.000000000001679,0.3114017090119887,
1085,108,ok,1.3109256590778775,0.7957178585424978,-0.5179098448526541,0.11770813713963642,15.000000000001679,0.29636841698084027,
1086,108,ok,1.7478191215026808,0.25218707494792847,0.004654085444543772,0.09985101049787021,15.000000000001679,0.2743547080026474,
1087,108,ok,1.5223201518197127,0.5702112544715066,0.5226497754677129,0.113796372150365,15.000000000001679,0.23646787498728372,
1088,108,ok,1.2955008728016546,0.9439552293061749,-0.750394532043028,0.11379136788572128,15.000000000001679,0.2719467089918908,
1089,108,ok,1.673687242939917,0.4164346091168014,0.5418022148134529,0.11809200557934638,15.000000000001679,0.22432774998014793,
1090,108,ok,1.4506954440721571,0.7514908409918575,-0.7387436303106064,0.09720954457162947,15.000000000001679,0.20993899999302812,
1091,109,ok,1.3821702363269874,0.7183671111764947,-0.5175052661317728,0.11965359749093066,15.000000000001679,0.2565237919916399,
1092,109,ok,1.4447822489445887,0.7963435165789587,-0.7991287861063926,0.09200992676406076,15.000000000001679,0.25733062499784864,
1093,109,ok,1.5342816416396459,0.6388872202205746,0.7080905002847957,0.11470372026492097,15.000000000001679,0.22259412502171472,
1094,109,ok,1.3421834578051561,0.8037428379580197,-0.6086256950450517,0.09881125375112584,15.000000000001679,0.24914112500846386,
1095,109,ok,1.1795508625733757,0.8331665464087016,-0.17274237748102772,0.10819423663149828,15.000000000001679,0.248187000019243,
1096,109,ok,1.7363770913179626,0.3665477989220969,-0.5889306496078988,0.1036769226340418,15.000000000001679,0.27576070799841546,
1097,109,ok,0.9486525807372655,1.0549948714148036,0.08310851873996217,0.10489062701706255,15.000000000001679,0.2493304170202464,
1098,109,ok,1.2003454502674493,0.8690336316915369,0.4021744319731565,0.10819068671841504,15.000000000001679,0.20838175000972115,
1099,109,ok,2.292454652846226,-0.1601167788723983,-0.7676221967805816,0.07753045947906644,15.000000000001679,0.25559808299294673,
1100,109,ok,1.405297183805264,0.9350837305654589,-0.9169588398094134,0.10277811700406192,15.000000000001679,0.23449154198169708,
1101,110,ok,1.6601655186769224,0.5286810004551437,-0.7690058198623323,0.10662852774934975,15.000000000001679,0.2577189590083435,
1102,110,ok,1.6999014819875224,0.5080744334199653,-0.8147534303384172,0.09598898621730435,15.000000000001679,0.2502181669988204,
1103,110,ok,1.3955967812575099,0.615390186817627,-0.17477425753066694,0.11212190687653951,15.000000000001679,0.2511318330070935,
1104,110,ok,1.3726468695504037,0.7529020840158208,-0.5735034580841163,0.11100390443322784,15.000000000001679,0.2191675420035608,
1105,110,ok,1.3806330511418021,0.8009215817097303,-0.6843672761723978,0.09952277758389479,15.000000000001679,0.24821266700746492,
1106,110,ok,1.424503831747586,0.648824241512261,-0.45114879622873677,0.0932690818758441,15.000000000001679,0.2378950839920435,
1107,110,ok,1.6446263530718384,0.4289598169502506,-0.4864448421572431,0.11314655786509106,15.000000000001679,0.2580682080006227,
1108,110,ok,1.3057788951622136,0.7147619806899501,-0.2306984108550187,0.11710111045097478,15.000000000001679,0.2308970410085749,
1109,110,ok,1.6748352026152515,0.4133804185504416,0.5363872292291253,0.13290304023697128,15.000000000001679,0.2167831670085434,
1110,110,ok,1.4388550351209897,0.6286931875039637,-0.4356850216555362,0.11156137880394719,15.000000000001679,0.26820604197564535,
1111,111,ok,1.589020749999558,0.5669477519085945,-0.6865480304897288,0.0968873210539642,15.000000000001679,0.2162962080037687,
1112,111,ok,1.076232240686919,0.9417044253761451,0.19566888517480419,0.12330166463480086,15.000000000001679,0.22007433397811837,
1113,111,ok,1.6394682975401067,0.36351901313139645,-0.09892561981922478,0.08283215641495607,15.000000000001679,0.23136141698341817,
1114,111,ok,1.2402025701253747,0.7634470507426699,-0.09507480543542249,0.08601723840396064,15.000000000001679,0.2258939589955844,
1115,111,ok,1.7527619672823116,0.3646961244471112,-0.6308373392191214,0.10256777282597764,15.000000000001679,0.22283854201668873,
1116,111,ok,1.0381551601376653,0.9976654897835595,0.27035470432309794,0.1008574759093508,15.000000000001679,0.24050029201316647,
1117,111,ok,1.26171050353491,0.8986224807442789,-0.6155330655687233,0.11504237463177445,15.000000000001679,0.2483728330116719,
1118,111,ok,1.56418625515133,0.509274986641778,-0.47372732172893534,0.10969932186316886,15.000000000001679,0.22530554098193534,
1119,111,ok,1.4192757703195782,0.7253926813466475,-0.6242754964369038,0.1061766350169914,15.000000000001679,0.2326314999954775,
1120,111,ok,1.5218668499440509,0.5188591248433257,-0.3497147650568245,0.09854924611687461,15.000000000001679,0.23992829097551294,
1121,112,ok,1.3994951355508025,0.8684983044650126,-0.8235839650162015,0.09471206747944254,15.000000000001679,0.22498724999604747,
1122,112,ok,1.3289305846195445,0.9224782020282845,-0.7778195636733791,0.11135696596992459,15.000000000001679,0.20563891698839143,
1123,112,ok,1.679766727248017,0.4442821933602092,-0.6335285029684081,0.10057136393434651,15.000000000001679,0.25621654200949706,
1124,112,ok,1.838643695736374,0.1641175466762823,0.1007286327178134,0.08453438209617549,15.000000000001679,0.2249795839888975,
1125,112,ok,1.5942769256735418,0.45937681329292024,-0.41012085086667194,0.09901814420016425,15.000000000001679,0.21123912499751896,
1126,112,ok,1.146424272844617,0.8789542980428572,0.23988569671976323,0.11570950146865935,15.000000000001679,0.2332820419978816,
1127,112,ok,1.0563367389324578,0.9508785648480534,0.12325388563116317,0.10209265169265301,15.000000000001679,0.2326684579893481,
1128,112,ok,1.6678490337655942,0.3593724153694805,-0.3001025291167243,0.10473242111901997,15.000000000001679,0.23782983398996294,
1129,112,ok,0.9520209052285742,1.0993946975248927,-0.30863229439894074,0.10158514732510009,15.000000000001679,0.22090383400791325,
1130,112,ok,1.696139618375479,0.38665141969725897,0.5234462374093886,0.12281152112524721,15.000000000001679,0.23732704200665466,
1131,113,ok,0.8119964331728429,1.2070215112663492,0.17470925531039938,0.1011852628070497,15.000000000001679,0.2332686249865219,
1132,113,ok,1.2119385228606947,0.8354267016798204,-0.3355056125214912,0.11222638901977307,15.000000000001679,0.2291011250053998,
1133,113,ok,1.4097227095260556,0.6897475467802044,-0.5201505806831237,0.09697183973280933,15.000000000001679,0.238493707991438,
1134,113,ok,0.9471899651624612,1.0659869706866911,0.1574436126917843,0.10490115041635041,15.000000000001679,0.22122487498563714,
1135,113,ok,1.6251715333882821,0.47728693182931947,-0.5679149803957034,0.10375423555366842,15.000000000001679,0.21022641699528322,
1136,113,ok,1.3928760681542085,0.7432453043157845,-0.600559219488305,0.10562798516993067,15.000000000001679,0.2264001670118887,
1137,113,ok,1.84238042987902,0.23813976736700396,-0.5387152950006234,0.08498285081826142,15.000000000001679,0.2393951670092065,
1138,113,ok,0.9721908890755898,1.1446653688971056,-0.46212313687767376,0.11735932645790559,15.000000000001679,0.22727470900281332,
1139,113,ok,1.475334254287372,0.6614404642996067,-0.6203785386836194,0.09519045269433293,15.000000000001679,0.28236449998803437,
1140,113,ok,1.4379077971776695,0.6808002073241437,-0.5720932967517763,0.10502558879786254,15.000000000001679,0.21887091599637643,
1141,114,ok,1.6765856289948489,0.5054298939334229,-0.7597365131439932,0.0942841565184852,15.000000000001679,0.2523685409978498,
1142,114,ok,1.7778199846984482,0.3280140652043828,-0.6042407896185236,0.10035487675046861,15.000000000001679,0.24293570799636655,
1143,114,ok,1.7519497154868857,0.34582971366189286,0.5771035170493107,0.13591780624967773,15.000000000001679,0.28922733300714754,
1144,114,ok,1.0385220661742838,1.0034996016551154,0.2924295437013671,0.10586796921098815,15.000000000001679,0.31407525000395253,
1145,114,ok,1.8689882455049702,0.13470843964474377,0.11749236870197458,0.10695480615505572,15.000000000001679,0.36070724998717196,
1146,114,ok,0.9728153804068789,1.2032229054280699,-0.5581362073201253,0.09515483949190344,15.000000000001679,0.2996096670103725,
1147,114,ok,1.4308355454983959,0.9966122601380641,-1.0200506858761718,0.09703343674218196,15.000000000001679,0.23326620800071396,
1148,114,ok,0.9146670695713877,1.1252286219572165,0.2671907264772474,0.10748689733826446,15.000000000001679,0.24562445798073895,
1149,114,ok,1.5472398850617382,0.7308566791360273,-0.8850008435206307,0.08997146498457026,15.000000000001679,0.2594267080130521,
1150,114,ok,1.5700854111339222,0.47793608157924083,-0.3853435175232904,0.08550691682532015,15.000000000001679,0.2139688750030473,
1151,115,ok,1.5870366133547014,0.41835584628425804,0.13071718764253681,0.10934659274400996,15.000000000001679,0.23063241699128412,
1152,115,ok,1.2146848134074826,0.9719020159541298,-0.6468954561005886,0.11199517346037345,15.000000000001679,0.2517172920051962,
1153,115,ok,1.0244142717826665,1.0784258033200593,-0.44735399880378063,0.09489249611906533,15.000000000001679,0.24520741699961945,
1154,115,ok,1.5731729688306517,0.6022202713040988,-0.7218621889988833,0.09276714354766671,15.000000000001679,0.23759958299342543,
1155,115,ok,1.6857843473319924,0.34091341487991317,-0.2988320076299064,0.11378388255013516,15.000000000001679,0.2239066250040196,
1156,115,ok,0.9332172744158658,1.0697844356543011,0.07478960567612573,0.10539539009519033,15.000000000001679,0.25943504201131873,
1157,115,ok,1.3723097467968304,0.864805467589717,-0.7710819766661516,0.11295038789202025,15.000000000001679,0.23437516600824893,
1158,115,ok,1.0152741086337027,1.023077325473043,0.27641201793166786,0.11654929744049507,15.000000000001679,0.23904320900328457,
1159,115,ok,1.4275639995830736,0.7810895094749712,-0.7430990438653893,0.0985807138878549,15.000000000001679,0.24143016699235886,
1160,115,ok,1.277350855206916,1.082686727330351,-0.8889103256695458,0.10262242384509537,15.000000000001679,0.21068525000009686,
1161,116,ok,1.316326292200962,0.8128829811191686,-0.5687425524989496,0.11456219614544105,15.000000000001679,0.24434820900205523,
1162,116,ok,1.5977323790905413,0.4889702124237348,-0.5191702382182052,0.10033393157424184,15.000000000001679,0.22460616601165384,
1163,116,ok,0.7178358202599808,1.2834078230841905,-0.04223643961534506,0.09181852953254531,15.000000000001679,0.2282576669822447,
1164,116,ok,1.612923529492343,0.4108607482178787,-0.2759687490195164,0.10795225758795678,15.000000000001679,0.26616820800700225,
1165,116,ok,1.6143630375000566,0.5553489083888429,-0.7205215058227624,0.1080202462995062,15.000000000001679,0.20687341599841602,
1166,116,ok,1.7143296666244023,0.285689464403284,-0.008098975900369393,0.10735310335108429,15.000000000001679,0.22117554099531844,
1167,116,ok,1.4566454379919453,0.7363950737811106,-0.7246506209602672,0.08976523032298818,15.000000000001679,0.24584133399184793,
1168,116,ok,1.077512244688385,0.9635309819748511,0.29455833399750464,0.09883128987371244,15.000000000001679,0.2366261669958476,
1169,116,ok,1.4992909688070246,0.5999548787530384,-0.5364206070043238,0.11716895967921892,15.000000000001679,0.2377134999842383,
1170,116,ok,1.0224315236797434,1.0839114958483014,0.4540353215061412,0.11436503208859661,15.000000000001679,0.23498891698545776,
1171,117,ok,0.8796296517582236,1.1287153229926223,0.12087735877509607,0.10965073748653598,15.000000000001679,0.221963959018467,
1172,117,ok,1.5528626172547937,0.5525040269487533,-0.5622612525044139,0.07500445399480825,15.000000000001679,0.269723667006474,
1173,117,ok,1.523234281617745,0.8153587223981248,-0.957532098729502,0.08362414653374924,15.000000000001679,0.22578112498740666,
1174,117,ok,1.0220996241233133,1.0068585052617791,0.24157320435460308,0.10678434125597575,15.000000000001679,0.2166618750197813,
1175,117,ok,1.3449303479295731,0.8473710973694423,-0.693025435032971,0.10195859339018958,15.000000000001679,0.2113186669885181,
1176,117,ok,1.2884822698921428,0.9072145690694305,-0.6826467327778681,0.11780987675977746,15.000000000001679,0.23555654200026765,
1177,117,ok,1.5172868583512544,0.4986463017854543,-0.21930910465123457,0.10463938315145543,15.000000000001679,0.23046712501673028,
1178,117,ok,1.2883477354072612,1.038325570295543,-0.8573343446880134,0.10386827316127284,15.000000000001679,0.20150620801723562,
1179,117,ok,1.2176685091985473,0.7882836374702542,-0.12024996911223866,0.12228153454703258,15.000000000001679,0.22190608299570158,
1180,117,ok,1.9746657324648194,0.12057159772983712,-0.6058495157306343,0.09871777149859735,15.000000000001679,0.2610009999771137,
1181,118,ok,1.1436404668773388,0.9521028621105934,-0.45806670462128884,0.1044380240310313,15.000000000001679,0.24614591599674895,
1182,118,ok,1.684273450633058,0.38397871011993434,-0.47460746639908263,0.08382296112653898,15.000000000001679,0.21183554199524224,
1183,118,ok,1.652902033688891,0.3908565469695505,0.3778127585750826,0.11672353675413323,15.000000000001679,0.24303687500650994,
1184,118,ok,1.1220021749363212,1.001484050165245,0.5117174791693481,0.11450889015417147,15.000000000001679,0.2149570410256274,
1185,118,ok,1.638851706700639,0.49114613031719345,-0.6396834502305169,0.11112473815118407,15.000000000001679,0.24328154101385735,
1186,118,ok,1.3354714711217366,0.8402850231930991,-0.6622274705490742,0.09034556761062529,15.000000000001679,0.2176318340061698,
1187,118,ok,1.0587990686831008,0.9420030904489329,0.04120688321861887,0.11811033808357986,15.000000000001679,0.2248640420148149,
1188,118,ok,0.7075987616547403,1.2940209742069992,0.04785000141784301,0.10099327977939725,15.000000000001679,0.23630287501146086,
1189,118,ok,1.2844446902448718,0.9137888480715919,-0.6855242488231947,0.1057779051907644,15.000000000001679,0.24563720801961608,
1190,118,ok,1.1135136817474494,0.8918698971683824,-0.1093635891745911,0.11106211394225728,15.000000000001679,0.20351858300273307,
1191,119,ok,1.461911067391647,0.6289114519884635,0.5072476342712706,0.10668524277124089,15.000000000001679,0.25669445798848756,
1192,119,ok,1.3386186657056203,0.8521282904561326,-0.6886874985102707,0.11527242674040349,15.000000000001679,0.25373541700537317,
1193,119,ok,1.6279580940073308,0.5027369950268468,-0.6391017522920308,0.0876933485445224,15.000000000001679,0.25230066702351905,
1194,119,ok,1.5371638441970084,0.556771760538506,0.5291171257173604,0.11530432410468587,15.000000000001679,0.24359866700251587,
1195,119,ok,1.6686547704520243,0.4287002733039086,-0.5616279122667299,0.10135452125860592,15.000000000001679,0.22594745800597593,
1196,119,ok,1.5372113844822755,0.6622486260385231,0.7572582796154131,0.12208433701949221,15.000000000001679,0.20980029099155217,
1197,119,ok,1.0278241388652711,0.9804112519287019,0.12985085768118615,0.10435599276416109,15.000000000001679,0.2886165830132086,
1198,119,ok,1.2013806297136407,0.7992668985504522,-0.03943902299111131,0.09419486729884906,15.000000000001679,0.20826504100114107,
1199,119,ok,1.252153859704022,1.0810330694117334,-0.8505228208912795,0.10090232989580478,15.000000000001679,0.2570263750094455,
1200,119,ok,1.0678902644992416,0.9387228643168823,-0.11866110689057989,0.1106701525625896,15.000000000001679,0.21913012501318008,
1201,120,ok,1.4311791629190536,0.7630302186729917,-0.7198468979286474,0.09921220730602545,15.000000000001679,0.23205283298739232,
1202,120,ok,0.9734264401159025,1.131256447373004,0.43913969768826944,0.09978584211383115,15.000000000001679,0.20637749999877997,
1203,120,ok,1.92893396105992,0.20687604457140274,-0.7109801028147099,0.10485544409834102,15.000000000001679,0.22599175001960248,
1204,120,ok,1.1322509022473568,1.0745588278706462,-0.6523425040328135,0.10442316956423524,15.000000000001679,0.23757900000782683,
1205,120,ok,1.327819929932254,0.7806233358832334,-0.5255723711657243,0.1109205021507968,15.000000000001679,0.21583283299696632,
1206,120,ok,1.1288347805702208,0.8974776000426502,0.24230625129637903,0.11039474235110235,15.000000000001679,0.22965049999766052,
1207,120,ok,1.4118243443152987,0.8611872914638211,-0.8344780369055949,0.09904134992386707,15.000000000001679,0.23830875000567175,
1208,120,ok,1.9330573402832112,0.2951594260276337,-0.9111691929385972,0.1015424816325812,15.000000000001679,0.21130237498437054,
1209,120,ok,1.0631302309691684,0.9388616962404654,-0.06504912216851998,0.10987103467013135,15.000000000001679,0.216650833026506,
1210,120,ok,2.1090362405638543,-0.03150040804020107,-0.5666038793938958,0.07591189748662973,15.000000000001679,0.24230874999193475,
1211,121,ok,1.4310717430274453,1.0406081815430388,-1.0618538846609056,0.0964550154180378,15.000000000001679,0.25240833300631493,
1212,121,ok,1.7652142255343317,0.2865959275471283,-0.4245323857265613,0.1068621337944069,15.000000000001679,0.25323091601603664,
1213,121,ok,0.8192473605930977,1.2205344881847773,0.2521899159946526,0.10159370601980763,15.000000000001679,0.24081266700522974,
1214,121,ok,2.0589490422403287,0.07615454986643946,-0.7335460739059037,0.0965435213517279,15.000000000001679,0.2292179590149317,
1215,121,ok,0.7900882509950403,1.220254032916117,-0.1274192731764769,0.12686327267412906,15.000000000001679,0.2265389999956824,
1216,121,ok,1.6195300283654228,0.5330950846327658,0.686343559778013,0.1080859971834435,15.000000000001679,0.2507366249919869,
1217,121,ok,1.0142459389785357,1.0293946257920814,-0.29431281367476636,0.09525994472189307,15.000000000001679,0.22598983402713202,
1218,121,ok,1.4104702619598781,0.7611918455868534,-0.6743743147782698,0.12356019366210744,15.000000000001679,0.2176106249971781,
1219,121,ok,1.008702313284906,1.2635000728592825,-0.6892374149362749,0.10243689138519071,15.000000000001679,0.25173124999855645,
1220,121,ok,1.4321931930879481,0.7580931834562057,-0.7133335835003921,0.08984179288503925,15.000000000001679,0.21796974999597296,
1221,122,ok,1.6814203415376308,0.3921869725816504,-0.4920484059524677,0.10597043831937066,15.000000000001679,0.25559820799389854,
1222,122,ok,1.7146514775825354,0.35280646826165496,-0.4762175538294763,0.11012394993689904,15.000000000001679,0.28797470801509917,
1223,122,ok,1.135789726871704,0.9713121032734058,0.481476390693787,0.12160707327911402,15.000000000001679,0.2372871249972377,
1224,122,ok,0.9681596515919765,1.1081282391597436,-0.3766933410433449,0.10010991258271006,15.000000000001679,0.22686695799347945,
1225,122,ok,1.5317611229563013,0.5958907648398816,-0.6121841173523009,0.1108232642523176,15.000000000001679,0.2740900829958264,
1226,122,ok,0.9385166766660034,1.0614943982321545,0.004559367343579587,0.10458264038847932,15.000000000001679,0.22488850000081584,
1227,122,ok,1.6722364440786057,0.43837602697355005,0.5980846861220785,0.12769906767414346,15.000000000001679,0.2357433330034837,
1228,122,ok,1.8864545426495622,0.2207390776909705,-0.6268503105424695,0.10220360209216184,15.000000000001679,0.25820062501588836,
1229,122,ok,1.8123395728394125,0.2011178088792919,-0.2204486102213058,0.10225524139493883,15.000000000001679,0.23505020802258514,
1230,122,ok,0.9078226993291029,1.122993271734279,0.23452345723580492,0.11118345309232527,15.000000000001679,0.2545138749992475,
1231,123,ok,2.000438022459288,0.06211644357311271,0.4963462535681188,0.12350877770116932,15.000000000001679,0.22822195800836198,
1232,123,ok,1.676043866163723,0.41898949475964925,-0.5563531465038108,0.10167818109087201,15.000000000001679,0.23884541599545628,
1233,123,ok,0.8022799243132899,1.3255387420810147,-0.43445953611640065,0.0983054363502617,15.000000000001679,0.22672475001309067,
1234,123,ok,2.1907482980796686,-0.13226179815750233,-0.5028297223286413,0.07722853420839196,15.000000000001679,0.23152037500403821,
1235,123,ok,1.0336515072363093,0.9941149153650044,-0.23797192044596713,0.10634033455692864,15.000000000001679,0.18664841700228862,
1236,123,ok,1.3513865185648255,0.7940951768424515,-0.6099500635659616,0.10640056100934318,15.000000000001679,0.2351883329974953,
1237,123,ok,1.5355998572372551,0.6967019573436694,-0.8120844374541697,0.09970470846103711,15.000000000001679,0.22213295800611377,
1238,123,ok,1.1863873518660124,1.0163998188614278,-0.6633593538436143,0.10672477671304759,15.000000000001679,0.2509225409885403,
1239,123,ok,1.8537410167425794,0.27746671840446646,0.6850071904363743,0.14555798047775467,15.000000000001679,0.24399766701390035,
1240,123,ok,1.7999361908890803,0.2833498402249289,-0.5411862158411967,0.09828144567240976,15.000000000001679,0.24535299997660331,
1241,124,ok,1.4039835960222422,0.868978631187476,-0.8318416923844291,0.10507362725042237,15.000000000001679,0.23956054099835455,
1242,124,ok,1.7813921526618313,0.27724883574487996,-0.4533061080801595,0.09804145234568917,15.000000000001679,0.2970782920019701,
1243,124,ok,1.4936924490300891,0.6131432912572461,-0.5547482327188807,0.10912721556883237,15.000000000001679,0.21599241701187566,
1244,124,ok,1.3670000717919453,0.9035718516841257,-0.8164156489557305,0.10281849353399158,15.000000000001679,0.23927612497936934,
1245,124,ok,0.935165141832932,1.0649543094176823,0.014946538824906513,0.13020886831717202,15.000000000001679,0.21269145898986608,
1246,124,ok,1.14827937968241,0.8538705694939979,0.07023433869416972,0.1058687332796923,15.000000000001679,0.22620454200659879,
1247,124,ok,1.3505851886655946,1.0414293749317487,-0.9514319253625779,0.09583209511981364,15.000000000001679,0.25986449999618344,
1248,124,ok,1.0723558660160941,1.1771254767991108,-0.6876224417847607,0.11656222504177949,15.000000000001679,0.23244399999384768,
1249,124,ok,0.8494114119497479,1.2087335264665153,0.3088642333005678,0.09411027948132844,15.000000000001679,0.26920454201172106,
1250,124,ok,1.9810281233147693,0.019513163901652076,0.046306774938365984,0.10953906149594163,15.000000000001679,0.243101416999707,
1251,125,ok,1.6777893167561615,0.5276159631718034,-0.8044017898504524,0.09674942233996156,15.000000000001679,0.2282060829747934,
1252,125,ok,1.807741555995115,0.31856405359354695,-0.6638544203391853,0.109478767136599,15.000000000001679,0.22315249999519438,
1253,125,ok,0.8702152570862602,1.14740638936645,0.17423756418336545,0.10066438285578276,15.000000000001679,0.19520370900863782,
1254,125,ok,1.4515239418757822,0.8312524572463523,-0.860785069077014,0.09370825852872981,15.000000000001679,0.23145700001623482,
1255,125,ok,1.7263683729905628,0.41996228654867085,-0.6955778772600366,0.10057957916732518,15.000000000001679,0.2115300000004936,
1256,125,ok,1.0632827516285555,1.0016084452647525,-0.3657656535872766,0.11187953861911334,15.000000000001679,0.2246070000110194,
1257,125,ok,1.8742035032433746,0.2442650881873647,-0.655769541082853,0.0966443357724414,15.000000000001679,0.2488431250094436,
1258,125,ok,0.882693951672247,1.117308092541117,-0.0018996908605777637,0.10355173870623113,15.000000000001679,0.2263462920091115,
1259,125,ok,1.0840293413472029,0.9281003460123263,-0.16171191880240468,0.11042934589182524,15.000000000001679,0.21721033300855197,
1260,125,ok,0.9214227241552352,1.1041406696185723,0.2155363003259417,0.09938092377520998,15.000000000001679,0.22889041702728719,
1261,126,ok,1.1402851659050177,0.9731507924427089,-0.49581343721403603,0.1134271707005113,15.000000000001679,0.23642850000760518,
1262,126,ok,1.326313364896033,0.7503952257584703,0.4445166477136859,0.11616257730913124,15.000000000001679,0.22822362501756288,
1263,126,ok,1.3899680384707211,0.7550869735716791,-0.6182254480359273,0.11648685158460816,15.000000000001679,0.25682908299495466,
1264,126,ok,1.5794472133430628,0.66969219270452,-0.851430935300015,0.09633199883666627,15.000000000001679,0.2276369169994723,
1265,126,ok,0.9558605015526928,1.0535348637729607,0.13369010559984332,0.13394935478416883,15.000000000001679,0.2138725830009207,
1266,126,ok,1.416547953141103,0.6892026993505247,-0.5370461247959036,0.11755714779891412,15.000000000001679,0.2552705839916598,
1267,126,ok,1.2991153356014904,0.8485778660909455,-0.6016042924874229,0.10089579670950273,15.000000000001679,0.22190129201044329,
1268,126,ok,1.4408164026178398,0.7296139886835616,-0.6797582572533587,0.11823658331245193,15.000000000001679,0.2820584580185823,
1269,126,ok,1.8222170195870888,0.22088295862400947,-0.3939764200537824,0.10866253235545649,15.000000000001679,0.20001591599429958,
1270,126,ok,1.4284285979651026,0.6793747331652985,0.5443869617122751,0.11994013000124856,15.000000000001679,0.24420524999732152,
1271,127,ok,1.051983969600425,0.9524606078415921,0.09659965927818348,0.10795482044825687,15.000000000001679,0.2503899170260411,
1272,127,ok,1.3357044305630736,0.8567739670549473,-0.6907536199127312,0.10633226347326857,15.000000000001679,0.24393545801285654,
1273,127,ok,1.773865254515457,0.41772328938996817,-0.8018717804227083,0.09223659146285337,15.000000000001679,0.24819937499705702,
1274,127,ok,1.2170628692835963,0.9823334741344381,-0.6675304262140697,0.10653576849469121,15.000000000001679,0.2502111670037266,
1275,127,ok,1.7074304216904947,0.5669496089010032,-0.9282700153970247,0.0951713405489941,15.000000000001679,0.23649704200215638,
1276,127,ok,1.8763630467412487,0.18348485668381198,-0.47011808865334054,0.09189711390335947,15.000000000001679,0.20714887499343604,
1277,127,ok,1.3914301294143605,0.7544518037946455,-0.62023180825531,0.10829359947514466,15.000000000001679,0.20479604101274163,
1278,127,ok,2.157648091256607,-0.03259579625542976,-0.7238781767314414,0.07688623819767011,15.000000000001679,0.2439132500148844,
1279,127,ok,1.6284827503129904,0.46583670527205384,-0.5461676053890915,0.07777505558267371,15.000000000001679,0.266520417004358,
1280,127,ok,1.658029771523386,0.5007384597865451,-0.7080095742959062,0.10317533009170779,15.000000000001679,0.2668612919806037,
1281,128,ok,0.6921259724262594,1.333586528199903,-0.1868995620924152,0.1276780623745094,15.000000000001679,0.23235583398491144,
1282,128,ok,0.9282410447645015,1.1151353032287554,0.28043877334175216,0.10336041236733991,15.000000000001679,0.2280035419971682,
1283,128,ok,1.9869100457349662,0.20545966732352824,-0.8528988945003642,0.09515242800824213,15.000000000001679,0.26277920801658183,
1284,128,ok,1.513999338039889,0.5452379382598601,-0.4193582469760193,0.102543856079588,15.000000000001679,0.23573887499514967,
1285,128,ok,1.6726355072085597,0.3585740292613607,-0.321605849697346,0.1064954389112843,15.000000000001679,0.24430104199564084,
1286,128,ok,1.7363672134482706,0.45084853039131556,-0.7842836375619254,0.09875258635892185,15.000000000001679,0.22435741699882783,
1287,128,ok,1.408609617781249,0.8956801049860809,-0.8744476112279584,0.10011165013475985,15.000000000001679,0.22288995899725705,
1288,128,ok,2.1564466066542827,-0.09412454612601508,-0.514688597759153,0.07717191275690202,15.000000000001679,0.2515964589838404,
1289,128,ok,0.9906792695702769,1.063603879175146,0.32343116742278066,0.09756327330920551,15.000000000001679,0.2562315829854924,
1290,128,ok,1.580048846229187,0.5589844733915872,-0.6480961414355622,0.11920339129669402,15.000000000001679,0.25719249999383464,
1291,129,ok,0.8928865791087119,1.1230248194114894,0.16781232309996547,0.09941210989787061,15.000000000001679,0.22196045899181627,
1292,129,ok,1.2813352197896573,0.9899892457603691,-0.7884784218947916,0.10205126703605874,15.000000000001679,0.25100491699413396,
1293,129,ok,1.3804050117721174,0.753361466721732,-0.5927987549509426,0.10671890350187782,15.000000000001679,0.25643591600237414,
1294,129,ok,1.3067948503091538,0.7859063294968419,0.4834142530363504,0.10151592408927476,15.000000000001679,0.22280504199443385,
1295,129,ok,0.7782077818184306,1.2581873799956704,0.23520499247480767,0.10268215448326502,15.000000000001679,0.25399816600838676,
1296,129,ok,1.5135137526876348,0.5768360642491736,-0.5151002732991168,0.10379061190650915,15.000000000001679,0.23672658400028013,
1297,129,ok,1.6997090295107657,0.33135278870400525,-0.3234613875480805,0.09762951237785472,15.000000000001679,0.2213442919892259,
1298,129,ok,1.5815482430939773,0.7185619112769525,-0.9269364972874187,0.08477977225331185,15.000000000001679,0.26333537499886006,
1299,129,ok,1.6764385165865328,0.3849441433278277,-0.4494893544053861,0.10549724337830961,15.000000000001679,0.22688720800215378,
1300,129,ok,1.4916605636233073,0.6085987833821654,-0.5376373233541482,0.10894953613504813,15.000000000001679,0.2540741669945419,
1301,130,ok,1.21274211948025,0.851906947508397,0.39067350970082737,0.13909381942782204,15.000000000001679,0.2398460830154363,
1302,130,ok,1.0745786822762817,0.9904647795648813,0.3681819972563109,0.11149394028993788,15.000000000001679,0.22244841698557138,
1303,130,ok,0.9201951019663486,1.0936507936056707,0.15902874504701373,0.1075249642556704,15.000000000001679,0.21019966699532233,
1304,130,ok,1.3077921667813908,0.9135986343970776,-0.7280469932022727,0.10396331926316263,15.000000000001679,0.21543662500334904,
1305,130,ok,1.5941122504806644,0.7190271720045491,-0.9488427061794094,0.09017867841478555,15.000000000001679,0.2413145829923451,
1306,130,ok,0.8221005700819652,1.1814321229035394,-0.07613132019665744,0.10020856896165446,15.000000000001679,0.2148893749981653,
1307,130,ok,0.8146773522090367,1.226574204578546,0.2559525877560488,0.10524090163671065,15.000000000001679,0.22214366699336097,
1308,130,ok,1.0935696169229772,1.1284267574849023,-0.6604957153447596,0.11163148702817043,15.000000000001679,0.2449410829867702,
1309,130,ok,1.2306652972286993,0.9494116462712618,-0.6409377386396768,0.11395368433432844,15.000000000001679,0.23594595899339765,
1310,130,ok,1.6995658499915474,0.4424266347195726,-0.6800656514091088,0.10003978501096024,15.000000000001679,0.23631241600378416,
1311,131,ok,1.6516502254453507,0.565300628218574,-0.8182824572381223,0.08596690197857598,15.000000000001679,0.22597033399506472,
1312,131,ok,1.1886737392630138,0.8867641820225896,0.41671485692938903,0.11833414619235459,15.000000000001679,0.24904691698611714,
1313,131,ok,1.7583131917106067,0.36981674804515824,-0.6589141409846031,0.10933024492842595,15.000000000001679,0.22483745802310295,
1314,131,ok,1.5232292793588484,0.7272417711314821,-0.836847613573433,0.08609957354828725,15.000000000001679,0.24663933299598284,
1315,131,ok,1.1777127982482831,0.8785729485175423,0.35973435109975654,0.11481832426460908,15.000000000001679,0.2308678750123363,
1316,131,ok,1.5269086547466728,0.5828102536297671,-0.5683513549938711,0.10890607691788469,15.000000000001679,0.25014208399807103,
1317,131,ok,1.590406024055083,0.5541298297024397,-0.6624581284839077,0.08931966040312678,15.000000000001679,0.26140633298200555,
1318,131,ok,0.6812603699314665,1.3431487297900717,-0.1807265903589245,0.09661660570785997,15.000000000001679,0.23036258298088796,
1319,131,ok,0.9928601315449962,1.0387357724118065,-0.24848003052724563,0.10975264329891991,15.000000000001679,0.25153587499517016,
1320,131,ok,1.1578953108001313,1.1289568643344545,-0.7628927883935374,0.11478214789788858,15.000000000001679,0.19795733399223536,
1321,132,ok,1.4208866501425363,0.8759479739989068,-0.8691524120636822,0.0864411791858106,15.000000000001679,0.22852816700469702,
1322,132,ok,1.6646043857922068,0.5171852871421122,0.7564180646513079,0.11679138854509731,15.000000000001679,0.2206280840036925,
1323,132,ok,0.793177607045141,1.2120263110284182,0.09070932590628687,0.09871710937894852,15.000000000001679,0.2522773749951739,
1324,132,ok,1.628721481614418,0.5644639559428303,-0.7693958219830389,0.0978056267038337,15.000000000001679,0.2328662920044735,
1325,132,ok,1.0819180356814495,0.9263054907177043,0.13314179159774325,0.09344734217406245,15.000000000001679,0.24749104099464603,
1326,132,ok,1.3126945869171407,0.9949103720929082,-0.8443707233171616,0.10188456185657581,15.000000000001679,0.23126062500523403,
1327,132,ok,0.8091293709013074,1.3586386436806517,-0.4933010738639755,0.11382718347459836,15.000000000001679,0.22701062497799285,
1328,132,ok,1.2116124763235006,1.066895492385872,-0.7728652991647129,0.10175593880266408,15.000000000001679,0.21751854199101217,
1329,132,ok,1.6837566756592575,0.3850474424739392,0.4764082070736699,0.12991418288165493,15.000000000001679,0.22401537498808466,
1330,132,ok,0.8194794143024616,1.1807451407164202,-0.01918296133936328,0.09833447278468041,15.000000000001679,0.22593200000119396,
1331,133,ok,1.7596691041085712,0.3705516775463064,-0.6643293764444755,0.09552969707459148,15.000000000001679,0.23648575000697747,
1332,133,ok,1.7518561217197184,0.4452524150510941,-0.8073164300956581,0.07632573801009933,15.000000000001679,0.23606158400070854,
1333,133,ok,1.7070136764932193,0.47526792757601855,-0.7675205528561225,0.08993239878270758,15.000000000001679,0.24430250001023524,
1334,133,ok,0.9312771489301734,1.2320026639087613,-0.5267420809810751,0.1196189855796803,15.000000000001679,0.21821579200332053,
1335,133,ok,1.8019767578692552,0.32822297153494484,-0.6725189982428319,0.12247707550472514,15.000000000001679,0.23823416701634414,
1336,133,ok,1.673578664806857,0.4728865787084323,-0.6846825146064887,0.10093568663707066,15.000000000001679,0.23077349999221042,
1337,133,ok,1.5817214685626453,0.616262193662217,-0.7662326588076703,0.0991884143355935,15.000000000001679,0.23310400001355447,
1338,133,ok,0.8833655999529335,1.1376218454405385,0.1914123865344757,0.1009867516263842,15.000000000001679,0.2361403329996392,
1339,133,ok,1.6405418521073887,0.47822747804429844,0.6128506832308541,0.12676637355553616,15.000000000001679,0.21388662501703948,
1340,133,ok,1.503297374510683,0.6130861813304742,-0.5799767717712724,0.09338275731203807,15.000000000001679,0.24193287498201244,
1341,134,ok,1.4160568934845223,0.7957849141831095,-0.7450390276193956,0.0909797771215876,15.000000000001679,0.23566112501430325,
1342,134,ok,1.3499847627459436,0.8359217613194037,-0.6836524803410736,0.10824553053921815,15.000000000001679,0.25299958302639425,
1343,134,ok,0.8717012804702808,1.129582582687503,-0.04729314974253295,0.12458131188154505,15.000000000001679,0.2634862910199445,
1344,134,ok,0.7611601751462329,1.240434029901362,0.04923768167530823,0.10875939042957967,15.000000000001679,0.23374349999357946,
1345,134,ok,0.8459587174567582,1.1781111056357738,-0.20036166539992917,0.10507835673882569,15.000000000001679,0.261600333993556,
1346,134,ok,1.9406048729640464,0.22741078043103277,-0.7898574122205108,0.08318434707920988,15.000000000001679,0.24190870797610842,
1347,134,ok,1.5014245565749127,0.7178779864548451,-0.7813058565434478,0.09717537319719537,15.000000000001679,0.24799129102029838,
1348,134,ok,0.8308102487264286,1.1722272114443824,-0.07097802417457706,0.10455056644898338,15.000000000001679,0.2436119579942897,
1349,134,ok,1.4499298045250868,0.8293380504800915,-0.8554805889068455,0.10028239180820482,15.000000000001679,0.2190136249992065,
1350,134,ok,1.940386694746053,0.17559456596167325,0.6607914477344097,0.11793426316942014,15.000000000001679,0.21532091702101752,
1351,135,ok,0.7957261615961306,1.2202352037642892,0.15857801486962747,0.11197525382541718,15.000000000001679,0.22558987498632632,
1352,135,ok,1.5220595148781537,0.7101139153761907,-0.8079969402943182,0.09693941358991748,15.000000000001679,0.2118843329953961,
1353,135,ok,1.3739881806809027,0.9405709732307856,-0.8749020847441457,0.09838530484271166,15.000000000001679,0.24879254199913703,
1354,135,ok,1.4361259061036091,0.7793319817151895,-0.7565891932340472,0.1033048465027192,15.000000000001679,0.21240437499363907,
1355,135,ok,0.9716101882032077,1.0509652865286787,0.20822936979849793,0.09286147334122553,15.000000000001679,0.20237608399474993,
1356,135,ok,1.1834751583498802,1.0699488245610544,-0.7318594547424455,0.11508739605390932,15.000000000001679,0.22773050001705997,
1357,135,ok,0.9027323618347459,1.12350892577007,0.2160766389478564,0.09755359987605465,15.000000000001679,0.24821066699223593,
1358,135,ok,1.682142711853318,0.3949340726008442,-0.5033562076139745,0.10500854060319871,15.000000000001679,0.22313145801308565,
1359,135,ok,1.500979898634529,0.7539570324869377,-0.8368497948952149,0.09954745834644242,15.000000000001679,0.22420541700557806,
1360,135,ok,1.244120941840159,0.9327954095421818,-0.6394617111532206,0.12701768253056886,15.000000000001679,0.229856583988294,
1361,136,ok,0.8024490509932178,1.2502255142128502,-0.28594177711997787,0.1128826277340637,15.000000000001679,0.22002700000302866,
1362,136,ok,1.2647062426355327,1.1293906377725123,-0.9173446563659341,0.0951166737678436,15.000000000001679,0.21331804199144244,
1363,136,ok,1.3913372825008057,0.987537403236378,-0.9543264241502432,0.0934871897326256,15.000000000001679,0.2516637919761706,
1364,136,ok,1.5396773120477076,0.6220070876711833,-0.6868345934837586,0.09211993119011537,15.000000000001679,0.2225280829879921,
1365,136,ok,1.6199236822666065,0.5055073371632449,-0.6250155334832143,0.09815244973906594,15.000000000001679,0.26642816700041294,
1366,136,ok,1.5585786398837844,0.6378743206827656,-0.7574833400455423,0.08876545370801354,15.000000000001679,0.2532177499961108,
1367,136,ok,1.5727258055902769,0.7958225909426571,-1.011643824221514,0.0988877814641921,15.000000000001679,0.26231595798162743,
1368,136,ok,1.016113609647564,1.130435241262233,0.5256843140824452,0.11207449129716557,15.000000000001679,0.22991816699504852,
1369,136,ok,1.685851987094811,0.4373740953414389,-0.6326904491783769,0.10251631767221621,15.000000000001679,0.21529445800115354,
1370,136,ok,0.9318932732925507,1.100546744029937,0.24373943696652156,0.11454216214794372,15.000000000001679,0.2607721670065075,
1371,137,ok,1.0593593672233277,0.9858872375003379,0.3062965456206022,0.11816265552701505,15.000000000001679,0.21445199998561293,
1372,137,ok,1.9810198146795097,0.14011075636477,-0.682093474212157,0.10393103957835549,15.000000000001679,0.21577999999863096,
1373,137,ok,0.9524083992095789,1.1219701059467146,-0.36897867693639025,0.11972887394861678,15.000000000001679,0.23321091700927354,
1374,137,ok,2.007180806385334,0.05045970296935718,-0.4775640478253713,0.08877623842141447,15.000000000001679,0.2702536249998957,
1375,137,ok,1.5851104581406843,0.7499683175817053,-0.9746773606981223,0.10169971393266843,15.000000000001679,0.23698483299813233,
1376,137,ok,0.9507235788986937,1.114065591379794,0.34495731199194307,0.11414814903849078,15.000000000001679,0.2376747500093188,
1377,137,ok,1.66546884926412,0.47636930105487596,-0.6725592770166396,0.10452772600875533,15.000000000001679,0.23184491699794307,
1378,137,ok,1.3957155455834518,0.7612554017109711,-0.6430658631843746,0.09522991379751033,15.000000000001679,0.26330700001562946,
1379,137,ok,1.3546846717619008,1.0363050807743734,-0.9520833275325024,0.09577077670131112,15.000000000001679,0.2217774169985205,
1380,137,ok,1.3239426962908616,0.8611654835407172,-0.6751890158932298,0.11256234690213983,15.000000000001679,0.2306600830052048,
1381,138,ok,1.4154501012189264,0.6504592746154678,-0.42689438924546674,0.101565514880209,15.000000000001679,0.23068899998907,
1382,138,ok,2.18437539397067,-0.06497124069247699,-0.7123128785144156,0.08344265226499945,15.000000000001679,0.24294579101842828,
1383,138,ok,1.465575844494674,0.8789975536068574,-0.9440688911021622,0.09799772968129167,15.000000000001679,0.2343364999978803,
1384,138,ok,1.0192406945885462,1.1614484877770377,-0.5793815278846274,0.10763498572144728,15.000000000001679,0.25839579198509455,
1385,138,ok,1.3704745866579917,0.8790104312573428,-0.7884053395592553,0.0891923714969788,15.000000000001679,0.25382708298275247,
1386,138,ok,1.8923447893804637,0.3310004807289815,-0.8918572792596924,0.09638613975322277,15.000000000001679,0.24909379100427032,
1387,138,ok,1.2460300305806757,0.9570426927065668,-0.6817850777716616,0.12010602216081709,15.000000000001679,0.23831979098031297,
1388,138,ok,1.5444095167414789,0.7999271578294583,-0.9721244410497899,0.0981491884868172,15.000000000001679,0.2330784169898834,
1389,138,ok,1.108548547574881,0.9529449454983199,0.3640818522981636,0.114925728203287,15.000000000001679,0.23903637498733588,
1390,138,ok,1.3489396465958892,1.091365492443223,-0.9970062697071147,0.10077881148610685,15.000000000001679,0.26635954101220705,
1391,139,ok,1.5892824418148677,0.6981439865433842,-0.9115863097303932,0.08966166749650877,15.000000000001679,0.25214833300560713,
1392,139,ok,2.0143437814137735,0.11684457975391185,-0.7150570137535329,0.08335452939605568,15.000000000001679,0.22546124999644235,
1393,139,ok,1.095523802322904,1.0737676080922975,-0.5850350054799878,0.12118836827838256,15.000000000001679,0.2183803749794606,
1394,139,ok,1.714398515276162,0.5814063163531429,-0.9626807518063034,0.09164109553470844,15.000000000001679,0.24786008399678394,
1395,139,ok,1.3316649617933412,0.8238307083458296,-0.6244656658598516,0.0975195761270086,15.000000000001679,0.24654595801257528,
1396,139,ok,1.6826719345798902,0.4883569470713401,-0.739134710289911,0.10983497115170587,15.000000000001679,0.230381083994871,
1397,139,ok,2.0564888735558937,0.011555084428789216,-0.524626824322003,0.0967833774465936,15.000000000001679,0.26673133301665075,
1398,139,ok,1.7985621557453082,0.5602197296515589,-1.0778954500296307,0.10036604466487244,15.000000000001679,0.23052754200762138,
1399,139,ok,1.3810861199007214,0.9208794834743965,-0.8619151822516787,0.10306051000224671,15.000000000001679,0.2566379999916535,
1400,139,ok,1.611462493357602,0.4653192242139371,-0.4914939307163297,0.0991058865284076,15.000000000001679,0.21243383298860863,
1401,140,ok,1.038109235720805,1.085977783936182,0.49217291050058914,0.11167317748633432,15.000000000001679,0.2203250000020489,
1402,140,ok,1.6917846834427865,0.41019150099217366,-0.5784845301424163,0.10639667525021014,15.000000000001679,0.26460475000203587,
1403,140,ok,0.7748762862865848,1.228892147601153,0.07632783907675635,0.10993305084450126,15.000000000001679,0.21737316699000075,
1404,140,ok,1.7773968898945705,0.5092433753291553,-0.9678762266978574,0.09815564747665671,15.000000000001679,0.24858820901135914,
1405,140,ok,1.3111709037919348,0.7689573508889946,-0.4513348369230069,0.09570050980320002,15.000000000001679,0.23356875000172295,
1406,140,ok,1.2637770281632514,0.8534384458422636,0.5315345515020977,0.11089809708760887,15.000000000001679,0.23291758299455978,
1407,140,ok,1.652725487841504,0.5731444973304067,-0.8340173335503526,0.10521845179476573,15.000000000001679,0.24638254201272503,
1408,140,ok,1.537190409328571,0.7878282351580264,-0.9453009928333063,0.1022405833556501,15.000000000001679,0.2415282909933012,
1409,140,ok,1.5152947497618645,0.5656003446676691,0.48848317006664743,0.11151562317215948,15.000000000001679,0.23335349999251775,
1410,140,ok,1.4127906051038301,0.919975125820956,-0.9107818427176653,0.09759861176949447,15.000000000001679,0.23327716698986478,
1411,141,ok,1.8984613868043279,0.20757411774620527,-0.6255917948740363,0.10280627844070463,15.000000000001679,0.22165954200318083,
1412,141,ok,0.8921195814285825,1.1554548152338682,-0.2874383037395146,0.11414555233629842,15.000000000001679,0.2322848750045523,
1413,141,ok,1.541178472540979,0.7568164488419605,-0.9108928270404986,0.09817570048866246,15.000000000001679,0.243581417016685,
1414,141,ok,1.6073828254944726,0.6661837171770019,-0.8970026038818586,0.09047807878047977,15.000000000001679,0.23699512498569675,
1415,141,ok,1.5020575793637305,0.6611373441571425,-0.6808992293382623,0.10844621598016306,15.000000000001679,0.22174449998419732,
1416,141,ok,1.2552763695122375,0.9746190663363674,-0.7240944031926506,0.11540979482684087,15.000000000001679,0.21252949998597614,
1417,141,ok,1.5787331013182544,0.49263641079732573,-0.46931142660709324,0.08689848247894826,15.000000000001679,0.246349791996181,
1418,141,ok,0.8765714043023237,1.1788071771377528,0.3066264413257308,0.09254370523860148,15.000000000001679,0.20772450001095422,
1419,141,ok,1.6756348792676805,0.4018856307236054,-0.5037685096656256,0.112818934361676,15.000000000001679,0.26477608300046995,
1420,141,ok,1.3562213964945409,0.9622142872699547,-0.8731192878198228,0.10771213724477625,15.000000000001679,0.23029108298942447,
1421,142,ok,0.95076134228748,1.130798582474693,-0.3852739619547204,0.10234032939178608,15.000000000001679,0.23019391600973904,
1422,142,ok,1.0452362333017775,1.0470415521231793,-0.42940537959728503,0.09952789432649108,15.000000000001679,0.2500948749948293,
1423,142,ok,1.495207848537179,0.6542360741893644,-0.6515872668445304,0.07750779374962935,15.000000000001679,0.2582567920035217,
1424,142,ok,0.763907253870487,1.2388614387765975,0.06497986714912136,0.11063619984234971,15.000000000001679,0.230906207987573,
1425,142,ok,1.299949826285856,1.0450785160623846,-0.8820399709622062,0.09815664037236338,15.000000000001679,0.22417187501559965,
1426,142,ok,1.4707103532831738,0.753787470044029,-0.780988651284419,0.09007804159045599,15.000000000001679,0.24213945798692293,
1427,142,ok,1.3922009127805595,0.8287316794675095,-0.752564882826738,0.09396628362880814,15.000000000001679,0.2258469999942463,
1428,142,ok,1.3356619038073838,0.7048313455344685,-0.32639068272901045,0.1126923745796247,15.000000000001679,0.22877870799857192,
1429,142,ok,2.1598727383773375,-0.1242593747622541,0.3906051135357748,0.1205868436634253,15.000000000001679,0.19584154200856574,
1430,142,ok,1.6894109298699178,0.4728700648438927,-0.7224842220519728,0.101607679937307,15.000000000001679,0.2505443750123959,
1431,143,ok,0.9358279360760104,1.076109468237041,0.14899735319475355,0.09996870336750793,15.000000000001679,0.24832975000026636,
1432,143,ok,2.148927053883339,-0.01602725544490734,-0.7439903145975773,0.10538244884331137,15.000000000001679,0.23004029199364595,
1433,143,ok,2.1878989418503654,-0.05219301300576024,0.7585549532633005,0.12471356374247083,15.000000000001679,0.23049558399361558,
1434,143,ok,1.54281228998575,0.8049672676724422,-0.9757902083935897,0.10334982855027991,15.000000000001679,0.22015416601789184,
1435,143,ok,1.5561650225373609,0.6424689723265177,-0.7607621745805215,0.08872521122069994,15.000000000001679,0.226204125006916,
1436,143,ok,1.1965436462704235,1.0061476844010813,-0.6663139441800597,0.1132769513391972,15.000000000001679,0.23497733299154788,
1437,143,ok,0.7731293403628435,1.28495494947754,0.2940060418651603,0.10958414798673247,15.000000000001679,0.20946499999263324,
1438,143,ok,1.244438666379932,1.0322317707545383,-0.782337682107009,0.09618855248695639,15.000000000001679,0.26341741599026136,
1439,143,ok,1.0028797278625456,1.0132065040373492,-0.17890317180939905,0.11395430726615174,15.000000000001679,0.2083003340230789,
1440,143,ok,1.5942681735641775,0.5097344272883285,-0.5663916772252328,0.10330777577774537,15.000000000001679,0.2356354579969775,
1441,144,ok,1.5103473221302042,0.6116459031488103,-0.5946611936408799,0.08996698544528664,15.000000000001679,0.24806687497766688,
1442,144,ok,0.95077665807624,1.1197557860900906,-0.3593694163681006,0.10369093676336802,15.000000000001679,0.21884716700878926,
1443,144,ok,1.5313381991040191,0.48486021950767616,-0.22214438008829585,0.08198486339599305,15.000000000001679,0.23141612502513453,
1444,144,ok,0.8071002258492668,1.2044567077378372,0.13609424933705486,0.1027832449190405,15.000000000001679,0.2264862500014715,
1445,144,ok,0.8303861225882331,1.2079029086597395,0.24924548236110317,0.10787569714660245,15.000000000001679,0.22131970900227316,
1446,144,ok,1.7630081570254255,0.5742476584928655,-1.0370284578665672,0.10462942109273285,15.000000000001679,0.21300362501642667,
1447,144,ok,1.8073232862383588,0.4249330362660842,-0.8863303677147952,0.09091247364014175,15.000000000001679,0.23529900002176873,
1448,144,ok,1.6939565696647827,0.6435298776712681,-1.0146317889460947,0.09982886474381761,15.000000000001679,0.23611912500928156,
1449,144,ok,0.8788528505923646,1.1542771236161087,0.23902959932879114,0.10542714244590957,15.000000000001679,0.23971320898272097,
1450,144,ok,0.8976353750765366,1.10657029683054,0.08679073731294783,0.09035403971486704,15.000000000001679,0.23885733398492448,
1451,145,ok,2.0939870175466826,0.03508828497118162,-0.7238118414315685,0.08171394246545485,15.000000000001679,0.23660475001088344,
1452,145,ok,1.4335675939474741,0.9357896528489587,-0.9605063161859009,0.10442887690916319,15.000000000001679,0.20931375000509433,
1453,145,ok,1.58408164264561,0.6953065468640021,-0.8983816805294282,0.11106699210751918,15.000000000001679,0.23449879200779833,
1454,145,ok,1.9909736142372378,0.10354861021993797,-0.6061749407474385,0.08865475294025316,15.000000000001679,0.24816699998336844,
1455,145,ok,1.6731943635968074,0.4139547213213803,-0.5329537994548729,0.09527385462588987,15.000000000001679,0.23616150001180358,
1456,145,ok,1.6901013062286712,0.426092994897811,-0.6158402102868225,0.10664926889080123,15.000000000001679,0.2268347920035012,
1457,145,ok,2.1067261502064683,-0.02748064837711918,-0.5723786268022796,0.0777576639513039,15.000000000001679,0.21025970901246183,
1458,145,ok,1.5844356936127442,0.6109959096045994,-0.7623018457664547,0.10149989723475497,15.000000000001679,0.2378497919999063,
1459,145,ok,1.5285426267826638,0.5923098944000947,-0.5956938210924916,0.09261497461255527,15.000000000001679,0.25730250001652166,
1460,145,ok,1.7362937001339402,0.42952667940096656,-0.7404926484519982,0.1036989219581583,15.000000000001679,0.2374695000180509,
1461,146,ok,1.5169670014458265,0.6253789176032021,-0.641565088908209,0.11146589641923683,15.000000000001679,0.22827212497941218,
1462,146,ok,0.7394419507384898,1.3127282971585275,-0.27282229561625987,0.09164544344154522,15.000000000001679,0.21324366598855704,
1463,146,ok,1.3443018493844292,0.9680767071536021,-0.8615577635535783,0.09401392087118292,15.000000000001679,0.24734400000306778,
1464,146,ok,1.6517136449697616,0.5016446837427823,-0.6950462655269998,0.1078896148578555,15.000000000001679,0.2505325000092853,
1465,146,ok,1.5544423613705172,0.6817989123895644,-0.8237942385364286,0.09515950876605206,15.000000000001679,0.26393554199603386,
1466,146,ok,1.4570550557441357,1.0130188290633073,-1.071857081744568,0.09000290959886528,15.000000000001679,0.21467070799553767,
1467,146,ok,1.4034026319834847,0.7682563959197637,-0.6725672020442287,0.1094356500077178,15.000000000001679,0.2495059999928344,
1468,146,ok,1.018657255367483,1.037938298190827,-0.3348132103499676,0.0964497527921975,15.000000000001679,0.2509867910121102,
1469,146,ok,1.9220774900670143,0.15758304037799392,-0.5476144854909493,0.09418417922324983,15.000000000001679,0.2079258339945227,
1470,146,ok,1.6223191563039039,0.5887890821516346,-0.8002519542345303,0.08857246165269894,15.000000000001679,0.2493660420004744,
1471,147,ok,1.6924306752641813,0.5645717071307136,-0.8965864189276675,0.09658098287673465,15.000000000001679,0.23322145800921135,
1472,147,ok,1.6284107745497887,0.5953133595540698,-0.823757909110783,0.10011477158108799,15.000000000001679,0.23111662501469254,
1473,147,ok,1.5565643191891019,0.549563611118017,-0.5649130566552927,0.09815540691701559,15.000000000001679,0.20335625001462176,
1474,147,ok,1.1399455720845857,0.9030714034032662,0.31019922837359415,0.12480208621050816,15.000000000001679,0.2643737089820206,
1475,147,ok,1.1699877709791944,1.1421212871070938,-0.7955598646274676,0.10783691743741065,15.000000000001679,0.21816512499935925,
1476,147,ok,0.9738314885281409,1.0300627093702606,-0.08700241545368208,0.09273773492366069,15.000000000001679,0.23955504098557867,
1477,147,ok,1.7017967888157277,0.4650908774720329,-0.7349600642238653,0.09038298064841399,15.000000000001679,0.22464729100465775,
1478,147,ok,1.26823156593122,0.899331056230968,-0.6300310953014289,0.11183494274507368,15.000000000001679,0.2469636250170879,
1479,147,ok,1.924553978213454,0.19185424027478315,-0.659178979219567,0.08817785922656932,15.000000000001679,0.26151945799938403,
1480,147,ok,1.5008207588335616,0.6278498256986192,-0.6080023431784108,0.1071200597426941,15.000000000001679,0.22687379099079408,
1481,148,ok,1.354223188393838,1.0482995034951983,-0.96342441786374,0.09935534422974247,15.000000000001679,0.23494720898452215,
1482,148,ok,1.1112024619889618,1.1116105272524424,-0.6674841243367863,0.09569905093210469,15.000000000001679,0.2338289590261411,
1483,148,ok,1.6640217868936886,0.4386438814131234,-0.5754438097748447,0.09417476887379522,15.000000000001679,0.2377224169904366,
1484,148,ok,1.2962375622577673,1.0794875974269476,-0.912627379885759,0.094082011697366,15.000000000001679,0.26368862501112744,
1485,148,ok,1.3005381632548303,0.8174761388405148,0.5413287650501405,0.11477904648084408,15.000000000001679,0.22771108298911713,
1486,148,ok,0.6996650353680411,1.3010532060348021,0.03169449356486803,0.108340716672191,15.000000000001679,0.21248466699034907,
1487,148,ok,1.1266081660814549,0.94941710322102,0.40684338126225683,0.13866282465484417,15.000000000001679,0.22554841701639816,
1488,148,ok,1.7388449579416836,0.5922097253889652,-1.020641136967251,0.103222483604663,15.000000000001679,0.25513954198686406,
1489,148,ok,0.8908129394039883,1.128995489354,0.18681230003373916,0.10664821744487493,15.000000000001679,0.21827895799651742,
1490,148,ok,1.9438141244383595,0.16774901622478386,-0.6490529121888436,0.0817094962433627,15.000000000001679,0.24911850001080893,
1491,149,ok,1.2264760450811691,0.9632212610432531,-0.6552353284165955,0.10622247135349974,15.000000000001679,0.22093462498742156,
1492,149,ok,0.7688248993290032,1.231715995202702,0.02883424701422421,0.09428526216146635,15.000000000001679,0.24883316599880345,
1493,149,ok,1.3727369665697458,0.9543351783734714,-0.8893772316626212,0.09745005300558188,15.000000000001679,0.22290266698109917,
1494,149,ok,0.7595161630719617,1.2511371289570286,-0.126764357533309,0.11988291182106772,15.000000000001679,0.2244974579953123,
1495,149,ok,1.544899738642136,0.7926550465800197,-0.96386376937192,0.09385770024066244,15.000000000001679,0.2343520830036141,
1496,149,ok,1.3900436211673726,0.818456163207074,-0.7322400087981762,0.1117602610274999,15.000000000001679,0.2598726670257747,
1497,149,ok,1.3805164647480113,0.8763284672106929,-0.8019900222816216,0.1066999131232886,15.000000000001679,0.23056791702401824,
1498,149,ok,1.456811649710829,0.6912708434327681,-0.6399438861994144,0.10673955334378815,15.000000000001679,0.22886762500274926,
1499,149,ok,0.8648038487460423,1.1993776306598156,0.32693962518801095,0.12341529723679233,15.000000000001679,0.2568476250162348,
1500,149,ok,1.6162710806662073,0.46000196098291674,-0.49065083921404595,0.11204342874404964,15.000000000001679,0.21367687502061017,
1501,150,ok,1.0925153898201505,1.1482355190247338,-0.6841689454680114,0.11799473243266421,15.000000000001679,0.2567169580142945,
1502,150,ok,0.8672894596826384,1.1713330567191211,0.255933788293237,0.11349088548307376,15.000000000001679,0.23972949999733828,
1503,150,ok,1.3307367661559082,0.9255764999735696,-0.7851588905374755,0.10384428478413565,15.000000000001679,0.22899758300627582,
1504,150,ok,1.6468383458665972,0.42376596517930154,-0.4770354335785665,0.10499515121477479,15.000000000001679,0.27202929198392667,
1505,150,ok,0.8607481560084478,1.1737339766685067,-0.24118840511082473,0.10338528340641726,15.000000000001679,0.23842399998102337,
1506,150,ok,1.60386151865218,0.5690539809238104,-0.7244068342466703,0.10732352500761125,15.000000000001679,0.21002637498895638,
1507,150,ok,1.1748131007924305,0.8639328404016892,0.2992277237753081,0.11066424786039582,15.000000000001679,0.23263437498826534,
1508,150,ok,1.1644042043619607,0.9797867779033559,-0.5612505078794979,0.1255655730911826,15.000000000001679,0.22617741700378247,
1509,150,ok,1.1360267215663002,1.0003962016368604,0.5397675040335976,0.1255361092764712,15.000000000001679,0.22796675001154654,
1510,150,ok,1.2700179357328867,1.0185747243867003,-0.8060707074882334,0.10508515791191217,15.000000000001679,0.2519615830096882,
1511,151,ok,1.7294648859026114,0.4089716288197441,-0.6779952165536526,0.10127555441930197,15.000000000001679,0.2579589999804739,
1512,151,ok,1.4748487522912008,0.8137590585509238,-0.8763625225698102,0.09908644020795532,15.000000000001679,0.2292804999742657,
1513,151,ok,1.26599524000759,1.1158306301165994,-0.9060841423851681,0.09885070743397938,15.000000000001679,0.2523123340215534,
1514,151,ok,1.4525303953101278,0.8524053525392867,-0.8904330825049782,0.10012562976180525,15.000000000001679,0.22927316598361358,
1515,151,ok,1.5784174194867837,0.4327955469718624,-0.18780775422781115,0.09836553092917043,15.000000000001679,0.2669752080109902,
1516,151,ok,1.2685841434585325,0.9352490236579677,-0.6896456245153072,0.11394191207493615,15.000000000001679,0.24593779098358937,
1517,151,ok,1.134090256361016,1.337951417746935,-0.9207890009712876,0.10742692429648092,15.000000000001679,0.25387658399995416,
1518,151,ok,1.586413884925663,0.4948105319668427,-0.5011124420796154,0.07823224891608756,15.000000000001679,0.27610033299424686,
1519,151,ok,1.589196844176764,0.6671576190847601,-0.8654928059652377,0.0825683052995346,15.000000000001679,0.2358118749980349,
1520,151,ok,1.5937521385370808,0.6740656337908347,-0.8842759386057144,0.09711273265198705,15.000000000001679,0.2633262079907581,
1521,152,ok,1.2008467318690397,0.8039666230435564,0.10741058908095827,0.1063725321022391,15.000000000001679,0.2216210000042338,
1522,152,ok,1.2957407875478748,0.917408708693749,-0.7119973907979231,0.10983135192351866,15.000000000001679,0.23677945797680877,
1523,152,ok,1.1932955485948613,0.8571870986232324,0.3434136554406732,0.11119615760634771,15.000000000001679,0.21588750000228174,
1524,152,ok,1.473298937974742,0.720626767251685,-0.7306256852620424,0.0931255961959502,15.000000000001679,0.22775641700718552,
1525,152,ok,1.5046340374451417,0.5641962283944325,-0.4498790016012032,0.08370026723116082,15.000000000001679,0.24199620800209232,
1526,152,ok,1.6695566146255005,0.39895464692919147,-0.4733635673033269,0.11788267697704309,15.000000000001679,0.23520754199125804,
1527,152,ok,0.7909094468774525,1.2569528997622026,0.27095896366091754,0.10860677584371957,15.000000000001679,0.2046225000231061,
1528,152,ok,1.440505300412361,0.7765778605161295,-0.7604563032395847,0.09441966039971111,15.000000000001679,0.2505356670008041,
1529,152,ok,1.0223970849139938,1.0439856024031167,0.3623979453971841,0.11401298048401405,15.000000000001679,0.2689609589870088,
1530,152,ok,1.6039335949717344,0.6186425381936971,-0.8151408097936207,0.10717526510701014,15.000000000001679,0.2365846250031609,
1531,153,ok,1.5640608621954146,0.5984284659674807,-0.6941783745127723,0.11613520655313625,15.000000000001679,0.2391747499932535,
1532,153,ok,1.2913337623454375,0.9215430120722108,-0.710262916787117,0.11013921314060897,15.000000000001679,0.25296391602023505,
1533,153,ok,0.7985583032162576,1.2801628996876464,-0.3457309830627436,0.1252785693310215,15.000000000001679,0.24370933399768546,
1534,153,ok,0.930869508925181,1.1231564315383737,0.3125114383412055,0.11580898781276625,15.000000000001679,0.24636420799652115,
1535,153,ok,1.8495966522128688,0.4152635859922041,-0.9537391016387887,0.0865604027359533,15.000000000001679,0.23157679100404494,
1536,153,ok,1.378516946726614,0.7699334051409679,-0.6222902414664496,0.10943307996571616,15.000000000001679,0.2431861660152208,
1537,153,ok,1.3216872670353836,0.859501956916466,-0.6679232332881456,0.09944114877183668,15.000000000001679,0.21695108301355503,
1538,153,ok,1.3063361438698704,0.8666959628136992,-0.6497200012913521,0.10126881670450723,15.000000000001679,0.1983944159874227,
1539,153,ok,2.0041185743904713,0.1901918690524879,-0.8608633976265733,0.0821808564954422,15.000000000001679,0.2615336250164546,
1540,153,ok,1.8187784772806268,0.30546396681291044,0.6606835714998508,0.12392819240471185,15.000000000001679,0.2693764590076171,
1541,154,ok,1.484999130982452,0.6696247836894714,-0.6597910296793612,0.10622079919613728,15.000000000001679,0.20111745898611844,
1542,154,ok,1.5447987267567425,0.6931931916405101,-0.8238076667612023,0.09904652308158886,15.000000000001679,0.27374362500268035,
1543,154,ok,0.7752281587565883,1.2329042726879023,0.11199483590172334,0.11654875415238597,15.000000000001679,0.22547833301359788,
1544,154,ok,1.7182103987970498,0.4147658270210504,-0.6627817071661402,0.09987012938025822,15.000000000001679,0.214819290995365,
1545,154,ok,1.317780582676252,0.8808129241768566,-0.6956766155254925,0.11845630078357994,15.000000000001679,0.25450504099717364,
1546,154,ok,1.4426121330820816,0.6936587861471961,-0.612047710154377,0.10588351653658097,15.000000000001679,0.23865233300602995,
1547,154,ok,2.1573199343844345,-0.016023585723589376,-0.7679050729736477,0.09704844235065133,15.000000000001679,0.2391805840015877,
1548,154,ok,2.2415022416839863,-0.14833617369866828,-0.6395185566127858,0.07502443993265663,15.000000000001679,0.2601751250040252,
1549,154,ok,0.8888193198957426,1.1241996407599981,-0.15157016254861674,0.0987201255916063,15.000000000001679,0.21182958301506005,
1550,154,ok,1.767930341503786,0.39961778151420385,-0.7512352808302967,0.09306533422497049,15.000000000001679,0.21414354199077934,
1551,155,ok,1.7684356970111303,0.29361696596615605,-0.4643508970861329,0.11491234699793725,15.000000000001679,0.24616912502096966,
1552,155,ok,1.002003959369376,1.1666568128277757,-0.5563731364700715,0.10535942252622225,15.000000000001679,0.23998866701731458,
1553,155,ok,1.4388414049311267,0.5940206921225094,-0.30575607003706634,0.09656932914090303,15.000000000001679,0.23399554198840633,
1554,155,ok,1.1164816893608713,1.0836519425870221,-0.6378382242807084,0.10040111541345878,15.000000000001679,0.2442399999999907,
1555,155,ok,1.4834167166315733,0.6273262924887653,-0.5623984778512104,0.11272512700995603,15.000000000001679,0.23602941699209623,
1556,155,ok,0.7853457768887309,1.2259058767911275,0.13246236329784872,0.11792415291769295,15.000000000001679,0.21945916701224633,
1557,155,ok,1.6260352824304936,0.39580012190618846,-0.2655814203452777,0.09432423600948973,15.000000000001679,0.24180583297857083,
1558,155,ok,1.3439442215118493,1.0404183421525228,-0.9409511743219083,0.09576329585320026,15.000000000001679,0.2527220410120208,
1559,155,ok,2.1060063083377867,0.020818216372561666,-0.7197930522836861,0.08930994677590745,15.000000000001679,0.22772404199349694,
1560,155,ok,1.7210380751628274,0.436781280787806,-0.7199439506411295,0.10523328462874562,15.000000000001679,0.22812683298252523,
1561,156,ok,1.573503264119426,0.7037912898355682,-0.8920512888216398,0.09245634670904603,15.000000000001679,0.2672360409924295,
1562,156,ok,1.4493343332531983,0.6305867298404038,-0.4746338642125038,0.11179596703911922,15.000000000001679,0.24382366699865088,
1563,156,ok,1.4123842905686375,0.7572055193572375,-0.6710374528511504,0.11253997262047097,15.000000000001679,0.23483375000068918,
1564,156,ok,1.7677807688707656,0.3268952283183501,-0.5707620079905541,0.10132169493637884,15.000000000001679,0.25122425000881776,
1565,156,ok,1.6836004106038729,0.5065007929641159,-0.777155364884471,0.09791221012304606,15.000000000001679,0.23074516700580716,
1566,156,ok,1.751215130071738,0.356809628986534,-0.6055409452719136,0.09860807751011416,15.000000000001679,0.24696329201105982,
1567,156,ok,1.547696549799188,0.6054871069727225,-0.6713407491289372,0.10531136321043434,15.000000000001679,0.2234009160019923,
1568,156,ok,0.8144437815180163,1.2121576173297177,0.20645351370654572,0.09446471957606098,15.000000000001679,0.24707479198696092,
1569,156,ok,1.8698691475149305,0.2503463200872088,-0.6596382563161723,0.08763309837016264,15.000000000001679,0.2353404170135036,
1570,156,ok,1.7820730830310059,0.3142808337698128,-0.5780444324339064,0.09562865442249648,15.000000000001679,0.2813876669970341,
1571,157,ok,1.367645758373053,0.8874851811639944,-0.7954657115590169,0.0849171608903231,15.000000000001679,0.2344514159776736,
1572,157,ok,1.4063657593794614,0.7936948731891399,-0.7229748198829639,0.08537342518314406,15.000000000001679,0.21967729198513553,
1573,157,ok,1.4093099744210131,0.7287035743777116,-0.6082433741542521,0.10826208358449298,15.000000000001679,0.28071645798627287,
1574,157,ok,1.6039583401123314,0.43107218451820234,-0.33338846204303424,0.09787250466997639,15.000000000001679,0.23015633400063962,
1575,157,ok,1.0548039844032842,1.0036864910885066,0.34636806647482843,0.11102377695641549,15.000000000001679,0.23531783401267603,
1576,157,ok,1.72404376270793,0.4397074318219277,-0.7333580281284114,0.10960855483318147,15.000000000001679,0.22628729199641384,
1577,157,ok,1.5577462274417913,0.7428371042580857,-0.9198449666541301,0.09280676786192163,15.000000000001679,0.24272691700025462,
1578,157,ok,1.1029797253201838,0.9538566273441684,0.34949723649217906,0.1139161657481267,15.000000000001679,0.24599712499184534,
1579,157,ok,0.9130906743137668,1.086921438833433,0.004703260226802605,0.10450903228590656,15.000000000001679,0.2501617499801796,
1580,157,ok,0.9435230749520236,1.3723051518700589,-0.7044394726291622,0.12244863916351136,15.000000000001679,0.27607054100371897,
1581,158,ok,1.1654527143617333,0.8937358334566111,0.36668736443350936,0.10896132150941108,15.000000000001679,0.17996933299582452,
1582,158,ok,1.3205302225210933,1.010875756458055,-0.8748904499588411,0.11246861066386034,15.000000000001679,0.24981004200526513,
1583,158,ok,1.659771811175455,0.6352115632913161,-0.9445607382264612,0.09268562357209696,15.000000000001679,0.24435212498065084,
1584,158,ok,0.8801172798545063,1.1206094937825133,0.03575980806782712,0.11217345759170724,15.000000000001679,0.21692591600003652,
1585,158,ok,0.9913218032250609,1.2094417878010173,-0.5981108849319954,0.10608493790966939,15.000000000001679,0.22541579100652598,
1586,158,ok,2.095100998995993,-0.04208850832530139,-0.4683190367257696,0.08310098900821655,15.000000000001679,0.2412215000076685,
1587,158,ok,1.7669856882720012,0.3234184574173736,-0.5579540784234296,0.10263959154975018,15.000000000001679,0.2201599999971222,
1588,158,ok,1.5985284993971234,0.517929621289462,-0.5989664063481533,0.08652424534252078,15.000000000001679,0.28955250000581145,
1589,158,ok,1.5527989330761085,0.769305816454798,-0.9468771584267465,0.08637081986213418,15.000000000001679,0.216808500001207,
1590,158,ok,1.2020440409954891,0.9961715143235982,-0.6612399321255389,0.11047729845973518,15.000000000001679,0.2441934999951627,
1591,159,ok,1.2212863694671767,1.042701938198055,-0.7583672046683957,0.10240590253313005,15.000000000001679,0.22682879099738784,
1592,159,ok,1.336072677408512,0.8937018827463592,-0.7491292779478052,0.10883122310289736,15.000000000001679,0.2601995420118328,
1593,159,ok,0.7833563717268902,1.2167418858664791,-0.012406924240846553,0.10080093618493711,15.000000000001679,0.2574417080031708,
1594,159,ok,1.0561973658376398,0.995504199510023,0.32640628425379586,0.10903862822707233,15.000000000001679,0.26522125001065433,
1595,159,ok,2.0134421149197563,0.055333555713882314,-0.5217485702904505,0.08703241926219793,15.000000000001679,0.3376445000176318,
1596,159,ok,1.0311426131896877,1.058841852708464,0.42127951590650753,0.10627717833164423,15.000000000001679,0.2916172090044711,
1597,159,ok,1.4856397769657108,0.8130103840135365,-0.8934098714716752,0.10713493714330688,15.000000000001679,0.21822700000484474,
1598,159,ok,1.306782882025657,0.8639182012288665,-0.6457550985135369,0.09581792282058661,15.000000000001679,0.21494570802315138,
1599,159,ok,1.0349839799554532,0.995529304575424,-0.24946033912768314,0.11097934714920213,15.000000000001679,0.25161104201106355,
1600,159,ok,1.7593084509001884,0.37244612668678034,-0.6680079452161898,0.09529928393968035,15.000000000001679,0.24444270800449885,
1601,160,ok,2.034580575570424,0.07224554776328988,-0.6506004076005633,0.09557113662807763,15.000000000001679,0.2590028329868801,
1602,160,ok,1.4904103663790114,0.8112707323431768,-0.899024909791765,0.09727798086741143,15.000000000001679,0.2477657090057619,
1603,160,ok,1.4183812555753266,0.6651826002549046,-0.4796539330654782,0.10833860516320609,15.000000000001679,0.24382775000412948,
1604,160,ok,1.036136120057659,1.0625337007461213,0.4412878845508641,0.12090130615098836,15.000000000001679,0.23719354200875387,
1605,160,ok,1.140842580926934,1.0654495869277918,-0.6543220307177443,0.11816971814502378,15.000000000001679,0.23582149998401292,
1606,160,ok,1.3241850806435924,0.7922700017878606,-0.5430049532164352,0.10702913510653937,15.000000000001679,0.22906049998709932,
1607,160,ok,1.5396720193123141,0.5236469299220494,-0.43700290562497307,0.09905172773868477,15.000000000001679,0.2433395000116434,
1608,160,ok,1.4830093758941238,0.5432055635534013,-0.277609039708932,0.12079508435136617,15.000000000001679,0.2295453330152668,
1609,160,ok,0.8078616789788649,1.2442675514418853,0.28549773827283975,0.10414281103383684,15.000000000001679,0.2331785839924123,
1610,160,ok,0.7508602796308893,1.2683264302216637,0.16865629788182598,0.10137405444057226,15.000000000001679,0.26063287499709986,
1611,161,ok,0.8654764562166726,1.16919533181619,0.24251412245343437,0.11155470390444022,15.000000000001679,0.21809787501115352,
1612,161,ok,1.49505808489332,0.5634653371362707,-0.41420627662539466,0.09858812078674721,15.000000000001679,0.21698570798616856,
1613,161,ok,0.9323830336045987,1.1260124498972632,0.32478282531428665,0.09779090461667793,15.000000000001679,0.25632870799745433,
1614,161,ok,1.4843461002089229,0.7314877695218158,-0.770817790617666,0.10497941970058858,15.000000000001679,0.24828079200233333,
1615,161,ok,1.6684831238573032,0.472614924652123,-0.6715137870521982,0.11270735332845577,15.000000000001679,0.24482870800420642,
1616,161,ok,1.0980867703669512,1.0322034609491872,-0.5188105764690909,0.09295650374756048,15.000000000001679,0.21441699998104014,
1617,161,ok,0.6513067202028198,1.351025454550822,-0.05506798652926189,0.11992217274768703,15.000000000001679,0.22386908400221728,
1618,161,ok,1.29300222698317,0.977070620446442,-0.7908667671799151,0.10724197162935699,15.000000000001679,0.26151937499525957,
1619,161,ok,1.9182036526750734,0.2161879693841641,-0.7053509003086353,0.1027302997987509,15.000000000001679,0.23595258299610578,
1620,161,ok,0.7831905536674387,1.3478192638255317,-0.4336447056252824,0.1152289765275594,15.000000000001679,0.23535337499924935,
1621,162,ok,1.9581536934385877,0.1646479442711373,0.6825311118615914,0.1253582014268996,15.000000000001679,0.2450282089994289,
1622,162,ok,1.6852787252510848,0.4905884545738672,-0.7495606501933082,0.1031962382753524,15.000000000001679,0.21823691698955372,
1623,162,ok,1.2771351540410516,0.8562488745402156,-0.5682495619856978,0.12452549137886938,15.000000000001679,0.2540502499905415,
1624,162,ok,0.7441787130966123,1.2971533031191795,-0.2445577185652707,0.1233582490951378,15.000000000001679,0.24836654201499186,
1625,162,ok,1.3284823051746226,0.9330598309609597,-0.791520000286173,0.09753119559373563,15.000000000001679,0.23886112502077594,
1626,162,ok,1.8610904283458158,0.3264070600855654,-0.8140910599859036,0.09250198056427328,15.000000000001679,0.24830479102092795,
1627,162,ok,1.000930356058038,1.097090118389017,0.4319899574847908,0.10991486605575121,15.000000000001679,0.20081133302301168,
1628,162,ok,1.4504996887762678,0.6795322232984115,-0.6002617744224706,0.10942794785420626,15.000000000001679,0.22075999999651685,
1629,162,ok,1.5631913917804525,0.5587060036309041,-0.6051767868705046,0.09603558254983918,15.000000000001679,0.26117504201829433,
1630,162,ok,1.7517710301278473,0.26485030745343835,-0.24074319606325642,0.10924899605402352,15.000000000001679,0.23788054200122133,
1631,163,ok,1.4851388777839702,0.6249376670093849,-0.5611070011110512,0.09881406720638017,15.000000000001679,0.24368924999726005,
1632,163,ok,2.057107120488553,0.19336612432259404,-0.9837498383326636,0.08466953961154859,15.000000000001679,0.23749395899358205,
1633,163,ok,0.8409364599978882,1.1675515560907366,0.11917935218327774,0.10995605222651599,15.000000000001679,0.24879866701667197,
1634,163,ok,0.981453104250048,1.0245298757912253,0.10820458686291042,0.09965296460288744,15.000000000001679,0.22157170801074244,
1635,163,ok,0.7284171252221211,1.2762157999908512,-0.0820240216886239,0.12775565099820496,15.000000000001679,0.22221233299933374,
1636,163,ok,0.8578939563946015,1.1441758798728543,0.059557668078757384,0.11673630661124314,15.000000000001679,0.26668679201975465,
1637,163,ok,1.5247674959729647,0.6745739768892405,-0.7537650655452671,0.09289198454061606,15.000000000001679,0.25102620900725015,
1638,163,ok,1.4932126673515236,0.5994664887594794,0.5178705956427243,0.115194071899658,15.000000000001679,0.22535650001373142,
1639,163,ok,1.4546995716765767,0.8796097193545536,-0.9278342863201563,0.09599589640358586,15.000000000001679,0.24721504101762548,
1640,163,ok,0.8508724370104476,1.177346095355362,0.21731188931356024,0.10809176344073841,15.000000000001679,0.2244221250002738,
1641,164,ok,1.6269679523096732,0.40648185107947177,-0.32821430027289145,0.10153038496449857,15.000000000001679,0.25582991700503044,
1642,164,ok,1.1264512778342075,1.170572367042427,-0.7621956986369819,0.11340209477502168,15.000000000001679,0.21079441701294854,
1643,164,ok,1.4647377484490471,0.640837270972844,-0.5460158859914588,0.10470535697886135,15.000000000001679,0.26094862501486205,
1644,164,ok,1.6372128282952285,0.5308536157553663,-0.7225474010716395,0.10587045019471185,15.000000000001679,0.2641175829921849,
1645,164,ok,1.2369718683885493,1.1925178131686387,-0.9370549189533668,0.10280194204736269,15.000000000001679,0.24402604100760072,
1646,164,ok,1.4408824727382095,0.6576222524101002,-0.5236069929055995,0.11162621275872485,15.000000000001679,0.26482541699078865,
1647,164,ok,1.2406732252415706,0.9795627746940677,-0.7056755069018982,0.11819719176312733,15.000000000001679,0.2443715839763172,
1648,164,ok,1.5494747425367392,0.730404041300662,-0.888255638548725,0.09557882681664284,15.000000000001679,0.2162588330102153,
1649,164,ok,1.2479321527022866,0.955115469238443,-0.6823129598090336,0.10174787210884406,15.000000000001679,0.2354719579743687,
1650,164,ok,0.8774856805090442,1.1231321166792807,0.03292164484137686,0.10727084596521146,15.000000000001679,0.30519625000306405,
1651,165,ok,1.8468500604984217,0.3525802940694481,-0.8347834799962909,0.0851796926461816,15.000000000001679,0.2415153750043828,
1652,165,ok,1.3548826051867142,0.8814349031388925,-0.764538421481641,0.09970102131880113,15.000000000001679,0.2736889999941923,
1653,165,ok,1.3392546427681422,0.8055405201993361,-0.6056975724652951,0.10569292814415027,15.000000000001679,0.23208895800053142,
1654,165,ok,1.1449035135344068,1.1536981877227717,-0.7710883852320098,0.11186709680991981,15.000000000001679,0.23523804201977327,
1655,165,ok,1.5060511101285772,0.6574135137768568,-0.6823866010778002,0.10372418870775203,15.000000000001679,0.24452574999304488,
1656,165,ok,1.1057244311441505,0.9545172446162838,0.35998934126488774,0.09842198733525542,15.000000000001679,0.2516433330019936,
1657,165,ok,1.4324552459154798,0.9076982526298861,-0.9267172838805661,0.0991652387921215,15.000000000001679,0.2312574170064181,
1658,165,ok,0.9526807583056374,1.11798046270821,0.36005855507317264,0.11125057938296086,15.000000000001679,0.2274420839967206,
1659,165,ok,1.3440325560740192,0.8398320884399016,-0.678552819442334,0.12175423011370055,15.000000000001679,0.26952358402195387,
1660,165,ok,1.8799440384084722,0.29449130874002316,-0.7908411291683284,0.11675457540271571,15.000000000001679,0.29432945800363086,
1661,166,ok,1.3716712089219198,0.8450192362558907,-0.7399333353528511,0.1031847521725595,15.000000000001679,0.23231758299516514,
1662,166,ok,1.208263045463619,1.0567390551039848,-0.7550883238846272,0.11131982878355766,15.000000000001679,0.21852983298595063,
1663,166,ok,1.6718386809189834,0.5021344850687861,-0.7425924011170432,0.1039156697392005,15.000000000001679,0.21183354099048302,
1664,166,ok,1.570068426658053,0.7192045971889582,-0.9081178340538166,0.09096447573571242,15.000000000001679,0.2351186249870807,
1665,166,ok,1.8543769598938302,0.3409300075745176,0.8283723013346076,0.11473489124354472,15.000000000001679,0.27497033297549933,
1666,166,ok,1.2500604224615546,1.017792540552657,-0.773252589010057,0.11696424909279672,15.000000000001679,0.21481295800185762,
1667,166,ok,1.5357657092720396,0.6052921620042241,-0.64293573583135,0.099939126021281,15.000000000001679,0.25235212498228066,
1668,166,ok,0.8971856069890529,1.1252845020663758,0.19953649055510397,0.1264795771210651,15.000000000001679,0.20392945801722817,
1669,166,ok,1.3160025290569122,0.9258677911271297,-0.7603306217337807,0.10104345577213271,15.000000000001679,0.2553314999968279,
1670,166,ok,0.8389647620737875,1.1870772781039927,0.2074090649579077,0.11153038050000788,15.000000000001679,0.24391804198967293,
1671,167,ok,0.9000846899348753,1.1096171313542975,0.13179831667138422,0.10599352183072772,15.000000000001679,0.21820612499141134,
1672,167,ok,1.4140140447919305,0.9779023428968777,-0.9771141684640254,0.09906012621152005,15.000000000001679,0.2489032919984311,
1673,167,ok,0.7387335570419259,1.26873789069311,-0.1047997890830621,0.09064288119089033,15.000000000001679,0.21767370900488459,
1674,167,ok,1.4091933072197504,0.7849778430924317,-0.7138255636614723,0.11791578636172224,15.000000000001679,0.2334397080121562,
1675,167,ok,1.60660025598505,0.6120165725305173,-0.8091145701328678,0.0995515807951227,15.000000000001679,0.223198958003195,
1676,167,ok,1.366542321970037,0.9526232531591716,0.8777470409590586,0.11837626050498253,15.000000000001679,0.217459332983708,
1677,167,ok,1.2286312046880106,1.0691048619559924,-0.8018534024989482,0.10146632971375692,15.000000000001679,0.2363079590140842,
1678,167,ok,0.7556833661844281,1.345353319610468,-0.3774851967730578,0.11073202071282018,15.000000000001679,0.24566870799753815,
1679,167,ok,1.3229694542909867,0.861203108225686,-0.6733422727500127,0.10632334997188449,15.000000000001679,0.22835141699761152,
1680,167,ok,0.8932714459598262,1.1195918714854582,0.15104768588985673,0.11265590928305952,15.000000000001679,0.23842829201021232,
1681,168,ok,1.7727652949445536,0.2373779632775009,0.1893682830362021,0.10019729412596516,15.000000000001679,0.2170891660207417,
1682,168,ok,1.3569987534462875,0.7669240434658814,0.5665415274031084,0.133846594896512,15.000000000001679,0.2618875830085017,
1683,168,ok,1.4118059919764763,0.667990781497065,-0.46791836980811335,0.09932589346807988,15.000000000001679,0.24712620800710283,
1684,168,ok,1.214145297988051,0.9767719777816213,-0.6535695978039051,0.11037370091796515,15.000000000001679,0.2511686249927152,
1685,168,ok,0.6969822846975676,1.3375209645568062,-0.21657754449733885,0.11379550392004595,15.000000000001679,0.25660304102348164,
1686,168,ok,1.1576388839424112,1.0875796701736138,-0.7124724046129364,0.11175090076727925,15.000000000001679,0.23528645900660194,
1687,168,ok,1.6312544146196788,0.6972622583898872,-0.9817664395368043,0.1016254816767058,15.000000000001679,0.23662629097816534,
1688,168,ok,1.375455134635744,0.8363656085501303,-0.7333701864890092,0.11287566733057133,15.000000000001679,0.26191587501671165,
1689,168,ok,1.4603325131294966,0.6618218744628097,-0.5846797014065762,0.11121497181875808,15.000000000001679,0.2060920840012841,
1690,168,ok,1.4902120911083876,0.6450454804888965,-0.6203469404632123,0.10607091965824718,15.000000000001679,0.27165350000723265,
1691,169,ok,1.3870863030483829,0.7555017240304763,-0.6125622035461487,0.11955244771306049,15.000000000001679,0.22208687500096858,
1692,169,ok,1.5114717535743007,0.6516994141598759,0.6831049641717954,0.1380487437365182,15.000000000001679,0.247721374995308,
1693,169,ok,1.3048391345752062,0.9948985874648629,-0.8320915320076546,0.10024654484012177,15.000000000001679,0.22354199999244884,
1694,169,ok,1.623560684891467,0.38152781315868023,0.12844095120453275,0.11576284927791715,15.000000000001679,0.24736075001419522,
1695,169,ok,1.425105647971956,0.7586522678739211,-0.6999870826143931,0.10312222787702713,15.000000000001679,0.24067162498249672,
1696,169,ok,1.5643247100168616,0.5596536278858967,-0.6103393537263339,0.10577036531154863,15.000000000001679,0.28245133298332803,
1697,169,ok,1.4699142939641512,0.6138360392876616,-0.48907822035172677,0.09789014198839104,15.000000000001679,0.23363508298643865,
1698,169,ok,1.3783363755562645,0.8574920053496599,-0.7710296014691257,0.1013113843875998,15.000000000001679,0.21116412500850856,
1699,169,ok,1.3304763990887463,0.7881914193452615,-0.5492607872256174,0.10359114736587113,15.000000000001679,0.2688369999814313,
1700,169,ok,0.7685865491825197,1.345223205417425,-0.402483083943241,0.09740827110991145,15.000000000001679,0.25974933299585246,
1701,170,ok,1.413774004665398,0.7846748602984046,-0.7223169256475539,0.11220893644309235,15.000000000001679,0.2469580000033602,
1702,170,ok,1.5081961641914607,0.6723119529520715,-0.7154719557102805,0.1063413248306524,15.000000000001679,0.23803270800272003,
1703,170,ok,1.6380585959815284,0.4378980158956722,-0.4930247003206823,0.10327456957917348,15.000000000001679,0.2413643749896437,
1704,170,ok,1.5208671158359088,0.5434613220752177,-0.4376435350147009,0.08829372363528877,15.000000000001679,0.22601295899949037,
1705,170,ok,1.011590250918424,1.193731141355369,-0.6109381010651443,0.117544358070032,15.000000000001679,0.25171041701105423,
1706,170,ok,1.4369859848224509,0.7934529358528964,-0.7804952931146697,0.10563576365996205,15.000000000001679,0.24337533401558176,
1707,170,ok,1.3163625578870428,0.9780883676213281,-0.8297632188860125,0.10645775454238181,15.000000000001679,0.21664687499287538,
1708,170,ok,1.978489518128402,0.23361714671092118,-0.8912420484639897,0.08549166378796771,15.000000000001679,0.24293941599898972,
1709,170,ok,0.9855807094350235,1.2305617314361732,-0.6159010356217502,0.10789060425727419,15.000000000001679,0.2164977919892408,
1710,170,ok,0.9515117048423667,1.2252592957785324,-0.5524050739036089,0.11140284342231847,15.000000000001679,0.2187998330045957,
1711,171,ok,1.5429438251081156,0.4622407675976395,-0.1263811322965819,0.09934759650398824,15.000000000001679,0.24408129198127426,
1712,171,ok,1.0418958975521995,1.1870676134461025,-0.6516809006161589,0.11801748305128792,15.000000000001679,0.2170111250015907,
1713,171,ok,1.1819800094363146,1.0867694098370808,-0.7503909860184602,0.10985132674628044,15.000000000001679,0.23116370898787864,
1714,171,ok,1.3341151584397977,0.8663742520024406,-0.7033888820956871,0.10647343299471275,15.000000000001679,0.21754458302166313,
1715,171,ok,1.5947003124276289,0.5129856481575011,-0.5760706587487425,0.10380360297269223,15.000000000001679,0.26538479200098664,
1716,171,ok,1.460149634195228,0.6849701808304597,-0.6346128969185741,0.09900248923073268,15.000000000001679,0.22952200000872836,
1717,171,ok,0.7941233126006072,1.2096308127225484,-0.07712576364706009,0.11029390489281589,15.000000000001679,0.22569900000235066,
1718,171,ok,1.390087498630807,0.7864480839407052,-0.6779638639916346,0.11828166356911916,15.000000000001679,0.2554672909900546,
1719,171,ok,1.6235390563716938,0.5387765434831496,-0.7076051707620838,0.119964423677739,15.000000000001679,0.24031462499988265,
1720,171,ok,1.5306395360753648,0.4926465810329985,-0.26597567506352915,0.10053069309141172,15.000000000001679,0.259602249978343,
1721,172,ok,1.7191741089399672,0.29613902393667196,-0.22894844637615167,0.1063645352725217,15.000000000001679,0.24986029099090956,
1722,172,ok,1.9008474170757879,0.3571227828178989,-0.9561251760453178,0.08160237104700598,15.000000000001679,0.2234075419837609,
1723,172,ok,1.7534260576000098,0.375217660680312,-0.6592308315799219,0.11202675265481088,15.000000000001679,0.24552366699208505,
1724,172,ok,1.5561978780915133,0.5963270895257634,-0.6719034128335067,0.0843083445082288,15.000000000001679,0.26145029201870784,
1725,172,ok,1.5005768651688487,0.6946935372198962,-0.740206705255,0.12300936100266954,15.000000000001679,0.19607154099503532,
1726,172,ok,0.7222753784222263,1.2784660462929494,0.0327181283517557,0.09225355370911978,15.000000000001679,0.22906829198473133,
1727,172,ok,0.880441318873039,1.1475540700371873,-0.22025633354964333,0.12817671334353262,15.000000000001679,0.22424212499754503,
1728,172,ok,1.1425411532029532,1.054583002590287,-0.6415504561382035,0.11649395475846412,15.000000000001679,0.24001604100340046,
1729,172,ok,1.4687008929651741,0.6913891461797124,-0.6667982800371024,0.11277375442746913,15.000000000001679,0.21651875000679865,
1730,172,ok,1.336149132020984,0.8734277922117045,-0.7184215779327865,0.10097962660246838,15.000000000001679,0.22878112498437986,
1731,173,ok,1.523565721943759,0.5258887635279599,-0.38503061123614657,0.08882158541551709,15.000000000001679,0.2419179169810377,
1732,173,ok,1.5170027701945148,0.5973192917023349,-0.577740629822235,0.11907491881608785,15.000000000001679,0.22699629102135077,
1733,173,ok,1.0419749548957236,0.987169240078732,0.24471546413590553,0.1164728204073393,15.000000000001679,0.25661545898765326,
1734,173,ok,1.12506482269094,1.0536939066306925,-0.6085027797050033,0.13303907438274165,15.000000000001679,0.21515504099079408,
1735,173,ok,0.7822385232807822,1.2302240604041832,0.13907591496688532,0.11576364541686386,15.000000000001679,0.24320133298169822,
1736,173,ok,1.55569727666956,0.7453168507526602,-0.919763128001913,0.09183556466303877,15.000000000001679,0.21880187498754822,
1737,173,ok,2.0158240802730747,0.06258924524077496,-0.5567641241603813,0.10274116156759554,15.000000000001679,0.22878670899081044,
1738,173,ok,0.912788524552759,1.12767078687459,0.26874641296807283,0.11413787643305416,15.000000000001679,0.26527466700645164,
1739,173,ok,0.8609753466613306,1.1556068146799723,0.16816270735123073,0.1363777556992626,15.000000000001679,0.21925333299441263,
1740,173,ok,1.36658746688062,0.8182030887333237,-0.6862341911882077,0.1201638566040623,15.000000000001679,0.22106391697889194,
1741,174,ok,1.3665478336954986,0.7875382576292809,-0.630388376372233,0.10484543406176235,15.000000000001679,0.2223682499898132,
1742,174,ok,1.6099699000981103,0.5060434369896023,-0.6000807171206874,0.08195557194222287,15.000000000001679,0.2605679999978747,
1743,174,ok,1.14124951155449,0.9190137886251883,0.3659498031709996,0.12422257263083596,15.000000000001679,0.25161729200044647,
1744,174,ok,1.6462771945671963,0.3555164473153424,0.07682737989600306,0.08250467593967872,15.000000000001679,0.2227899170247838,
1745,174,ok,1.5945073562704943,0.5440507502474942,-0.6501272885718893,0.11187736607845869,15.000000000001679,0.23258262500166893,
1746,174,ok,1.3015394086608756,0.8506370751788337,-0.6107124522587006,0.11414372459280127,15.000000000001679,0.2466777500230819,
1747,174,ok,1.0138828514266272,0.9861191974920196,-0.0020383137054753235,0.10780261053360055,15.000000000001679,0.2341348750051111,
1748,174,ok,0.900101907568675,1.1428871771893463,-0.2748473266785046,0.09217399591310337,15.000000000001679,0.21893541602184996,
1749,174,ok,1.3795181507341168,0.9686834917412247,-0.9162186354783474,0.09048478448453386,15.000000000001679,0.21599816702655517,
1750,174,ok,1.4229305975676383,0.6798547484138607,-0.5309877590008691,0.11619337203678114,15.000000000001679,0.22826266699121334,
1751,175,ok,1.4855624465609865,0.6728259112680547,-0.6674614002553215,0.10815996549861237,15.000000000001679,0.24322212499100715,
1752,175,ok,1.33048710960518,0.8640104601033256,0.6926209021325364,0.1409078140768858,15.000000000001679,0.225258666992886,
1753,175,ok,0.9280677633475556,1.1031763025827725,0.2387823886215809,0.11620478463113917,15.000000000001679,0.2483574580110144,
1754,175,ok,1.7358934264298358,0.3142734543097846,-0.4143090646819715,0.10086377880534046,15.000000000001679,0.21574404201237485,
1755,175,ok,1.3451923067921263,0.8066179201077854,-0.6207910708481996,0.12412824863322915,15.000000000001679,0.21485712498542853,
1756,175,ok,1.132596455574927,1.0890559255699468,-0.6730197801266035,0.12533114852125649,15.000000000001679,0.2424388329964131,
1757,175,ok,1.6322471116833488,0.3715709186497179,0.11157670281609085,0.08869093039036355,15.000000000001679,0.2562650420004502,
1758,175,ok,2.156715076534127,0.07339734135454522,-0.9693410736422309,0.08448821144967349,15.000000000001679,0.2681625420227647,
1759,175,ok,1.2469565175815354,0.8433122712679232,0.4658047390696018,0.130321422200569,15.000000000001679,0.1906638749933336,
1760,175,ok,2.01580862354719,0.006397078561995029,0.29838196728533983,0.11718424351853082,15.000000000001679,0.2478579169837758,
1761,176,ok,0.8138089795337586,1.2711088854727557,-0.36194308714632084,0.0997644975352337,15.000000000001679,0.2430251249752473,
1762,176,ok,1.5998380647348827,0.5221196695015402,-0.6126594177031952,0.1088898193967344,15.000000000001679,0.25196608298574574,
1763,176,ok,1.0699182732086616,1.1813036249537323,-0.6888115539332257,0.11435098753589257,15.000000000001679,0.23890395800117403,
1764,176,ok,1.813316280463218,0.36549286283618787,-0.7851766371674078,0.1129862933056215,15.000000000001679,0.24676212499616668,
1765,176,ok,0.8607059914900586,1.1399150840171588,-0.03269160573715632,0.1136170846568038,15.000000000001679,0.2271433749992866,
1766,176,ok,1.863744999984041,0.2567507792888028,0.6592629061727322,0.12676172499077853,15.000000000001679,0.20823108300101012,
1767,176,ok,0.8538724551690788,1.1889315225768768,0.26695710259704114,0.11482682417798341,15.000000000001679,0.25491141600650735,
1768,176,ok,0.9434121808716505,1.152770221445024,-0.4150039100378333,0.10363404692087982,15.000000000001679,0.21285029200953431,
1769,176,ok,1.3683108743341785,0.6930186586943676,0.405061010589879,0.13381899239808642,15.000000000001679,0.24424687499413267,
1770,176,ok,1.3389929862950776,0.8438975953076392,-0.6755216112101455,0.11848371321705958,15.000000000001679,0.23805954100680538,
1771,177,ok,1.330590852389379,0.9089662134686456,-0.7616543133924661,0.12031775656569822,15.000000000001679,0.21216504200128838,
1772,177,ok,1.6588391465683836,0.6475624508138154,-0.9605519193354359,0.09687219227040487,15.000000000001679,0.22612733297864906,
1773,177,ok,0.8154456335151724,1.1921273890332356,0.11087572172799504,0.09288733028070281,15.000000000001679,0.2443576670193579,
1774,177,ok,0.7781420907121631,1.2636598989837435,-0.2516115437996944,0.1116673920974717,15.000000000001679,0.22207916699699126,
1775,177,ok,1.480325174402147,0.6110203022307729,-0.5119550968138251,0.09927625379103532,15.000000000001679,0.20877062500221655,
1776,177,ok,1.2427886941526276,1.0095579057225281,-0.7506984722222689,0.11504605307981063,15.000000000001679,0.24900108398287557,
1777,177,ok,1.341193748272742,0.9600207095339834,-0.8469024417296767,0.10995938926319665,15.000000000001679,0.2406340420129709,
1778,177,ok,1.4590760931740276,0.7410259196813304,-0.73748715972398,0.09524683235383638,15.000000000001679,0.2387518750037998,
1779,177,ok,1.4241385000125293,0.7679104870489445,-0.7142309845518934,0.1113516034628651,15.000000000001679,0.2270815420197323,
1780,177,ok,1.2250072955969744,0.9533579785130317,-0.636540142586063,0.12217883095508979,15.000000000001679,0.23086362500907853,
1781,178,ok,0.7905311324150276,1.2108480924734786,0.04667695539169667,0.11666841661395216,15.000000000001679,0.19608391699148342,
1782,178,ok,1.0289104324691045,1.1141945030029845,-0.5234551552269116,0.10777738116311757,15.000000000001679,0.26701254199724644,
1783,178,ok,1.5974741364131047,0.481220418649862,-0.4952092484825918,0.10272552269888033,15.000000000001679,0.2427624999836553,
1784,178,ok,0.8355816711148364,1.1644476431583262,-0.0069991484758401895,0.11700183184370504,15.000000000001679,0.19268095801817253,
1785,178,ok,1.8242920782729124,0.23363579255833028,-0.4560691543157286,0.1127525914611539,15.000000000001679,0.21061337500577793,
1786,178,ok,1.1640721697940444,1.1300640729362745,-0.773482707817564,0.11140232510731433,15.000000000001679,0.24620887500350364,
1787,178,ok,1.8015769903593977,0.36421380878679005,-0.754906079475192,0.10706689484999153,15.000000000001679,0.23472925001988187,
1788,178,ok,1.4223355983004908,0.6108995139741508,-0.3056769437094734,0.09801940079295461,15.000000000001679,0.24250041699269786,
1789,178,ok,1.712209161104657,0.31570589382427805,-0.3079181307952483,0.10208281635223082,15.000000000001679,0.24605895800050348,
1790,178,ok,1.6733951777420002,0.5730406334983845,-0.8740928939440529,0.08060468449048379,15.000000000001679,0.2483769160171505,
1791,179,ok,1.4641414172976026,0.7207595797820282,-0.7122176894228197,0.11091856001629927,15.000000000001679,0.2805119160038885,
1792,179,ok,1.373360971590525,0.8424953907552393,-0.7391234253257061,0.10690905637455929,15.000000000001679,0.23736633401131257,
1793,179,ok,1.575549545234939,0.4678513109567254,-0.36725572038158644,0.10202143185045734,15.000000000001679,0.2396115839947015,
1794,179,ok,1.1452616667046858,0.9240771140527468,0.3924464660538158,0.11674443887119862,15.000000000001679,0.23837854102021083,
1795,179,ok,1.2539893081644782,0.8400261019895087,0.47639242324492664,0.12614191513155087,15.000000000001679,0.21665158300311305,
1796,179,ok,1.668132723186529,0.5040713802784774,0.738149271396894,0.10572329302795072,15.000000000001679,0.2291522919840645,
1797,179,ok,1.3408569450766883,0.9435350223251711,-0.8256991571431525,0.10306823717671786,15.000000000001679,0.2389743340027053,
1798,179,ok,1.1487339690183667,1.1430340671200034,-0.7649830857344538,0.11278402664667679,15.000000000001679,0.2084147080022376,
1799,179,ok,1.4424149023387445,0.740089625911231,-0.7022724540749038,0.10796109232868936,15.000000000001679,0.2780236669932492,
1800,179,ok,1.9153278330722183,0.10340387773164893,-0.2672150017079379,0.09874800357579641,15.000000000001679,0.24558487499598414,
1801,180,ok,1.9885211702507057,0.20716006770758766,0.8601984780926865,0.136516122064204,15.000000000001679,0.240290207992075,
1802,180,ok,1.5942421241037563,0.41586849101082124,-0.1792632491463997,0.1221801630321451,15.000000000001679,0.2084283749863971,
1803,180,ok,0.9685323464308108,1.0554184376129054,-0.2140574177204039,0.09920317559765914,15.000000000001679,0.2544430420093704,
1804,180,ok,1.340182130678233,0.973608842305896,-0.8617478371290556,0.09765010881341141,15.000000000001679,0.2549570830015,
1805,180,ok,0.8782218213605347,1.1938099697892448,-0.34832628769961727,0.1118492178984439,15.000000000001679,0.2209518330055289,
1806,180,ok,0.8145359943532084,1.2018672467852416,-0.16264376515194082,0.1214355973050137,15.000000000001679,0.26247170800343156,
1807,180,ok,1.7122402417380975,0.44082546157558866,0.7076308388957923,0.1016646658382165,15.000000000001679,0.2316490839875769,
1808,180,ok,1.3207774763080433,0.8840962208900822,-0.7065492889323771,0.11525256488412398,15.000000000001679,0.22640066599706188,
1809,180,ok,1.4948520614234464,0.6442098139560531,-0.6296154834252786,0.0972022750032791,15.000000000001679,0.26137920800829306,
1810,180,ok,1.4607596739096889,0.8024013336638776,-0.836406754701731,0.10598591200456603,15.000000000001679,0.21515791601268575,
1811,181,ok,1.3018840173097725,0.8433606529207873,-0.597567916905522,0.09688733656904201,15.000000000001679,0.2523874169855844,
1812,181,ok,1.4765054763425205,0.6686407717652029,-0.6383972329698007,0.10680162753203763,15.000000000001679,0.23010308301309124,
1813,181,ok,0.7800491717834489,1.2371162081516065,0.16274222111997105,0.10960198946280533,15.000000000001679,0.24335258299834095,
1814,181,ok,0.9028447631375938,1.2815444755445984,-0.5467635007061934,0.1090503211490352,15.000000000001679,0.21910691700759344,
1815,181,ok,1.45546832243922,0.7938430336940272,-0.814600153606424,0.0966707044539879,15.000000000001679,0.23857954199775122,
1816,181,ok,0.9365325442714008,1.0730362202917931,0.13353410646175062,0.11991029522936233,15.000000000001679,0.25521849998040125,
1817,181,ok,1.2454620137850596,0.9993360848857389,-0.7415169295233486,0.11252269719588157,15.000000000001679,0.2713490420137532,
1818,181,ok,0.9544014720495684,1.0826826221341683,0.2634596707576665,0.11891075234762194,15.000000000001679,0.2585609999950975,
1819,181,ok,1.2547885316205134,0.9702265472003565,-0.7169804007052526,0.11113626056281647,15.000000000001679,0.26556883298326284,
1820,181,ok,0.7526648894006669,1.248331968721359,-0.03872475293930434,0.11801924490258964,15.000000000001679,0.24398916700738482,
1821,182,ok,0.732225350767014,1.2753963030744777,0.1053728936099914,0.12542056373583954,15.000000000001679,0.26078758301446214,
1822,182,ok,1.8099560497016698,0.21108345787286711,-0.27516996048910497,0.10216882082548039,15.000000000001679,0.2161034169839695,
1823,182,ok,1.1720474639923388,0.9496730539260877,-0.5201043781799205,0.12262602726255088,15.000000000001679,0.26642029199865647,
1824,182,ok,1.6395909374697069,0.36159491163304763,-0.06234748307727753,0.12922565507174885,15.000000000001679,0.25467558301170357,
1825,182,ok,1.3889321931507135,0.741026936419832,-0.5866169639125836,0.11358953028260768,15.000000000001679,0.20194379100576043,
1826,182,ok,1.3305505466210554,0.8374855924009784,-0.6472441650863187,0.1134877417625444,15.000000000001679,0.23973833399941213,
1827,182,ok,1.1978716646397765,0.9856754674075392,-0.6372144596036368,0.10866474051643271,15.000000000001679,0.23307349998503923,
1828,182,ok,1.3033823337450776,0.8813507600416108,-0.6689016264438916,0.10982991777881539,15.000000000001679,0.24104808300035074,
1829,182,ok,1.1813613153853553,1.0032834840406621,-0.6341693340921617,0.12476744206878632,15.000000000001679,0.2422327919921372,
1830,182,ok,1.773750353278813,0.4062546687367361,-0.778566718292828,0.09477108467750747,15.000000000001679,0.2561086659843568,
1831,183,ok,1.2756175170210036,1.0110974194828757,-0.8057739980772542,0.10078057578649517,15.000000000001679,0.2392442919954192,
1832,183,ok,1.6347969295100995,0.38824732643425347,-0.2735220649039441,0.10119478976216628,15.000000000001679,0.22533033299259841,
1833,183,ok,1.527694002228991,0.520651344684723,-0.38128273035021465,0.1185329803235044,15.000000000001679,0.2516527080151718,
1834,183,ok,1.2764904172555,0.9153422950557429,-0.6730122201343579,0.10886122793556378,15.000000000001679,0.22832666701287962,
1835,183,ok,1.8896761075074133,0.2226059675749154,0.6416745629866172,0.12891419904210033,15.000000000001679,0.25428145899786614,
1836,183,ok,0.8891223129908337,1.260067569147375,-0.4929893358184286,0.10914346001749421,15.000000000001679,0.24781462500686757,
1837,183,ok,1.7128435182875745,0.4143054167032967,-0.6476153230454411,0.1072133025691043,15.000000000001679,0.24422258301638067,
1838,183,ok,1.4309344797667407,0.8113266020747122,-0.7966360765431498,0.10410162135934092,15.000000000001679,0.20590408297721297,
1839,183,ok,1.6256931022202474,0.5105267080256098,-0.6514195077685845,0.10755056842957583,15.000000000001679,0.24605441599851474,
1840,183,ok,1.1896156525656099,0.9816356920347544,-0.6149142518201772,0.12480191481520828,15.000000000001679,0.2851584169839043,
1841,184,ok,1.343241012393686,0.6605389489690531,-0.10070010003711533,0.11876674504571127,15.000000000001679,0.22533991700038314,
1842,184,ok,1.1838819887083154,1.0928058688158482,-0.7606414211262675,0.10860549118447096,15.000000000001679,0.23673375000362284,
1843,184,ok,1.5553772141860982,0.5955016845329788,0.6682684791755534,0.13277337229325856,15.000000000001679,0.2385007080156356,
1844,184,ok,1.5025566494364253,0.6008705842545662,-0.5478260333002236,0.09900195222224331,15.000000000001679,0.2392213749990333,
1845,184,ok,1.4356774969271164,0.6463615266935261,-0.4783646713203523,0.10760965324207737,15.000000000001679,0.23339204100193456,
1846,184,ok,1.7130288047918998,0.28725743658227176,0.03131449351392376,0.11639278601838779,15.000000000001679,0.23095837500295602,
1847,184,ok,1.5163274009176022,0.6641247525644554,-0.7174162739041771,0.10642064658993303,15.000000000001679,0.19648337498074397,
1848,184,ok,1.4178104684653239,0.8228561732744354,-0.79026510469067,0.1077707509189412,15.000000000001679,0.2618177080003079,
1849,184,ok,1.7629578081659016,0.3043711014058496,-0.48255867169237465,0.09786176180597324,15.000000000001679,0.2234972089936491,
1850,184,ok,1.5424345689253172,0.6101411269049788,-0.6688772027023098,0.11674924493043085,15.000000000001679,0.24059191698324867,
1851,185,ok,1.5876946278575446,0.4398199466259236,-0.2942999021090066,0.09075395004146111,15.000000000001679,0.2737047499977052,
1852,185,ok,1.2275118974914365,0.9561189475078963,-0.6458310976803491,0.11552527446326848,15.000000000001679,0.2884320419980213,
1853,185,ok,1.6448425376396785,0.5544812278339495,-0.7848454962248881,0.10936586225870891,15.000000000001679,0.22956495900871232,
1854,185,ok,1.457303918684516,0.6554046983548807,-0.5619592389196189,0.09659820218081562,15.000000000001679,0.2362991249829065,
1855,185,ok,1.15957359800935,1.201197425225668,-0.8405506384116588,0.10190552941267446,15.000000000001679,0.2017244590097107,
1856,185,ok,1.5200005619574726,0.6106708037371452,-0.616576104599134,0.09751332247718318,15.000000000001679,0.24891374999424443,
1857,185,ok,0.7996429792820313,1.2225556719919684,0.18710748558831966,0.10586103127495829,15.000000000001679,0.2260424999985844,
1858,185,ok,1.9391052246437557,0.11028160571425116,0.43484878123182213,0.11108392628331669,15.000000000001679,0.22583454099367373,
1859,185,ok,0.8670853697333983,1.1423109014800548,-0.127304550923161,0.10310679145807294,15.000000000001679,0.2231791669910308,
1860,185,ok,1.2063262448871026,0.9952703997484688,-0.6676387043018223,0.11325443187852192,15.000000000001679,0.23999845801154152,
1861,186,ok,1.2494915522286216,0.925714729975682,-0.6380754639534953,0.12102454378707951,15.000000000001679,0.24145141697954386,
1862,186,ok,1.8910961609047445,0.1556520307844641,-0.41788187115402836,0.09663497455605127,15.000000000001679,0.2106241669971496,
1863,186,ok,1.9408119274797198,0.09167403319558225,-0.3536141149155797,0.0996150903870275,15.000000000001679,0.256472750013927,
1864,186,ok,1.3718417091327,0.87500209429703,-0.7850664857705103,0.11390743645721693,15.000000000001679,0.23875520800356753,
1865,186,ok,1.300825092913511,0.9134410185190245,-0.7152171013870329,0.11493618476478476,15.000000000001679,0.2672672920161858,
1866,186,ok,1.655756296008098,0.39558676604945053,-0.40912966953619484,0.08744309699154956,15.000000000001679,0.23147258299286477,
1867,186,ok,1.3421940554436644,0.8785586089850048,-0.7374646357532427,0.11253132235155673,15.000000000001679,0.2396189580031205,
1868,186,ok,1.570600699310207,0.5624776801334966,-0.632705410565879,0.10544089555793351,15.000000000001679,0.23034033400472254,
1869,186,ok,1.5729729404166155,0.5931007997492075,-0.7034760206407704,0.11539006648027822,15.000000000001679,0.27580591599689797,
1870,186,ok,1.3604905914721277,0.9129579396135352,-0.8180918092946103,0.10103207242175888,15.000000000001679,0.23913795800763182,
1871,187,ok,2.1034412873282093,-0.02570070052562773,-0.5665703143714262,0.07818309729999523,15.000000000001679,0.24912166700232774,
1872,187,ok,1.4320321427418572,0.8601506347712004,-0.8668676268227679,0.0917702673470131,15.000000000001679,0.24919262499315664,
1873,187,ok,1.4803170752250003,0.6571730167810955,-0.6230203338109559,0.11286754187219275,15.000000000001679,0.23031970800366253,
1874,187,ok,1.2956768400987213,0.9744724760460586,-0.7918786343759414,0.10807135705549009,15.000000000001679,0.24027845900855027,
1875,187,ok,1.649739772144022,0.35649497099905786,-0.14329178428096181,0.0877779216160145,15.000000000001679,0.23382029199274257,
1876,187,ok,1.4849618884229934,0.6799186418213765,-0.6800713329188809,0.11757284972551112,15.000000000001679,0.2129098330042325,
1877,187,ok,1.3185846048986014,0.7658519877962906,-0.46426721211952243,0.09140476022654863,15.000000000001679,0.24390775000210851,
1878,187,ok,0.8008217676768108,1.2012653981320567,0.05778009487591818,0.11231016121949264,15.000000000001679,0.24600662500597537,
1879,187,ok,1.3834330374921298,0.82630797753139,-0.732348281638077,0.09169136381632102,15.000000000001679,0.27202687499811873,
1880,187,ok,1.2521773164227017,0.9220882824297025,-0.6372239487717094,0.11331086532444735,15.000000000001679,0.23279937499319203,
1881,188,ok,1.438322845834503,0.6521756863596657,-0.5021376588241768,0.11212731955584634,15.000000000001679,0.22307316600927152,
1882,188,ok,1.7590941086079412,0.43633266358628653,-0.8058266215334472,0.09320144211353124,15.000000000001679,0.2332848340156488,
1883,188,ok,1.6241273369677875,0.5667121309660328,-0.7638556743038222,0.09661141408133986,15.000000000001679,0.28475495797465555,
1884,188,ok,1.7672780785579794,0.3708790042974538,0.6850084585702052,0.12604638963466697,15.000000000001679,0.1913442499935627,
1885,188,ok,0.9382757826671821,1.140635319977006,0.3766348245564801,0.11249868934404171,15.000000000001679,0.26369158300803974,
1886,188,ok,1.3868233555257388,0.7866190389031618,-0.67155466097659,0.10676404680798617,15.000000000001679,0.23955770800239407,
1887,188,ok,1.4345689117371547,0.7702747508907434,-0.7387582650812792,0.09465538587254124,15.000000000001679,0.25978399999439716,
1888,188,ok,1.0066149916670275,1.0823783109069636,0.41381659845256646,0.13514604505872335,15.000000000001679,0.27056545799132437,
1889,188,ok,1.5237403788612067,0.8112826909085783,-0.9532764033786542,0.09567042762609784,15.000000000001679,0.23940870800288394,
1890,188,ok,1.5483763547047056,0.5562704707672798,-0.5595662447200519,0.10138258436395804,15.000000000001679,0.298020499991253,
1891,189,ok,0.9542925222062273,1.08733760015454,0.27878587096022023,0.1206870539563423,15.000000000001679,0.24943212498328649,
1892,189,ok,0.8717862738640664,1.130880815505693,0.06814066657836529,0.11344502555678905,15.000000000001679,0.24104837499908172,
1893,189,ok,1.3554553334279136,0.7882145935099023,-0.607318112306726,0.1240657556397665,15.000000000001679,0.21679320800467394,
1894,189,ok,1.4997706164047366,0.6813108537777659,-0.7144024338331436,0.10544419035644441,15.000000000001679,0.2381076250167098,
1895,189,ok,1.5949446825427913,0.472664531595154,-0.4594506582039857,0.10014178894361099,15.000000000001679,0.22343187499791384,
1896,189,ok,1.0402521348391447,1.0486661103677357,0.42081864796435137,0.10594431497441927,15.000000000001679,0.22423795799841173,
1897,189,ok,1.7747063291144634,0.33982842146242614,0.6272263422521364,0.1314131130866234,15.000000000001679,0.230587458005175,
1898,189,ok,1.387691516460276,0.7326907426613594,-0.5653450195408144,0.11579701439265226,15.000000000001679,0.21483433301909827,
1899,189,ok,1.8079856351240453,0.19349555639075483,0.07316933807920133,0.10203569744961231,15.000000000001679,0.2305476670153439,
1900,189,ok,0.8283328402703496,1.1716733820865413,-0.003210658249541519,0.09160963373117985,15.000000000001679,0.2160800840065349,
1901,190,ok,1.5795898807109614,0.46025943153923493,-0.3525665512787469,0.099478118967169,15.000000000001679,0.22826358399470337,
1902,190,ok,1.225342060190101,1.0583707949255619,-0.7840903038692693,0.10584079892685323,15.000000000001679,0.2700498340127524,
1903,190,ok,1.7366103175845473,0.35666988867511473,0.5614993680798248,0.13312237071584376,15.000000000001679,0.3256534580141306,
1904,190,ok,0.8864454616969798,1.1484385628282658,0.24622890830522381,0.09462945745872631,15.000000000001679,0.2696399579872377,
1905,190,ok,1.4526896673027703,0.5699852797338474,-0.2556661285942096,0.10502432946488448,15.000000000001679,0.2801342500024475,
1906,190,ok,0.9004131986588128,1.1195034092348002,0.18833396393071233,0.11154025576233174,15.000000000001679,0.2860828749835491,
1907,190,ok,1.7690849860136806,0.45608093605944894,-0.8636987968846298,0.09414133177393556,15.000000000001679,0.30604899997706525,
1908,190,ok,1.6993735343416638,0.435100782109222,0.6625412040512726,0.11456015015341532,15.000000000001679,0.29224800001247786,
1909,190,ok,1.4678145955516475,0.7173461721802142,-0.713637754672283,0.11596943697220397,15.000000000001679,0.32445979199837893,
1910,190,ok,0.8455583280460037,1.189721314289946,-0.24169678858425292,0.11544077453451336,15.000000000001679,0.2247103749832604,
1911,191,ok,0.854049375003747,1.1465273997975185,0.03138240984860669,0.10707575323464523,15.000000000001679,0.2279546250065323,
1912,191,ok,0.8401720391592365,1.1604779051690735,0.033040999919530495,0.11829004220481949,15.000000000001679,0.25585049999062903,
1913,191,ok,1.5527321527119688,0.6069447017830288,-0.6858382274087462,0.09040589111951426,15.000000000001679,0.22763462501461618,
1914,191,ok,1.1963838873404928,1.0617182647111783,-0.7422680049088377,0.11447964543031759,15.000000000001679,0.2572103750135284,
1915,191,ok,1.4797079499199117,0.6169978065283434,-0.5261563930133074,0.10639751035591723,15.000000000001679,0.23686129198176786,
1916,191,ok,1.3306173889195545,0.854364781233676,-0.6768032071565041,0.11733662678643074,15.000000000001679,0.22729962499579415,
1917,191,ok,1.1804836983735068,1.0631553792038289,-0.7182366731174834,0.12231787618810736,15.000000000001679,0.29409574999590404,
1918,191,ok,1.0780829851754148,0.9422464505666645,0.20837550620433593,0.09460670215267421,15.000000000001679,0.24758408300112933,
1919,191,ok,1.8984925257530407,0.24222080153530334,-0.7172769059331053,0.10946054815725559,15.000000000001679,0.33302833398920484,
1920,191,ok,0.9986864666896537,1.006156160405488,-0.09822973709169061,0.11774898116321225,15.000000000001679,0.24694100001943298,
1921,192,ok,1.2254324909193135,0.9833442614799003,-0.6841753423902849,0.1196181337810977,15.000000000001679,0.24442466598702595,
1922,192,ok,1.4695457532298772,0.7389944100990222,-0.7546056076351765,0.08862153078530093,15.000000000001679,0.22739704200648703,
1923,192,ok,0.746211587373933,1.2811540279184348,-0.20023037120585493,0.12769900871947024,15.000000000001679,0.2256066669942811,
1924,192,ok,1.4573725119976362,0.7206022713777517,-0.697908368428501,0.11320339472940279,15.000000000001679,0.2578251250088215,
1925,192,ok,1.7827374742210913,0.3149315281507892,-0.5819769301028705,0.11088354439963513,15.000000000001679,0.2590051669976674,
1926,192,ok,1.5391381977434364,0.6092824476555654,-0.6594323933156594,0.10985930808026056,15.000000000001679,0.24676183398696594,
1927,192,ok,1.4872215449244888,0.7473099239843632,-0.8016205443596874,0.09517674132663324,15.000000000001679,0.28249491698807105,
1928,192,ok,1.5233459902748452,0.6111516765348421,-0.6258460996878297,0.10830813470079374,15.000000000001679,0.19948529099929146,
1929,192,ok,0.9296429816482513,1.1301692489172743,0.3280709340961376,0.12236728710965915,15.000000000001679,0.32493962498847395,
1930,192,ok,1.58643189415218,0.5002409168560121,-0.517193239815041,0.09753650397258255,15.000000000001679,0.30144362497958355,
1931,193,ok,1.1449560598545117,1.045626600843115,-0.6325312592902433,0.11979089003254667,15.000000000001679,0.2826336669968441,
1932,193,ok,1.2754199354489897,1.0359908192594824,-0.8350941930038198,0.09996905891498564,15.000000000001679,0.28688445800798945,
1933,193,ok,1.5731405792822273,0.6495264203120137,-0.8068409959521998,0.11246501302390481,15.000000000001679,0.24067475000629202,
1934,193,ok,1.5325775624807543,0.6090154446619108,-0.6433940875003038,0.11398283911582847,15.000000000001679,0.24711033300263807,
1935,193,ok,1.346514765019304,0.7767162141420635,-0.5627422071180248,0.1290392270155523,15.000000000001679,0.3603461669990793,
1936,193,ok,0.7862329856585972,1.2517934264186146,-0.24155585479808764,0.09822259445766396,15.000000000001679,0.28722058300627396,
1937,193,ok,1.367527010413797,0.8585964045444039,-0.7532117607235931,0.1111895009563137,15.000000000001679,0.30831291698268615,
1938,193,ok,0.7583302440848193,1.246103590673754,-0.08188383905713716,0.11318209870420023,15.000000000001679,0.26815170800546184,
1939,193,ok,2.0045162763370517,0.13214351612123004,-0.7274597292855451,0.09436054517675599,15.000000000001679,0.20554133300902322,
1940,193,ok,1.3093505793984497,0.9507518525739207,-0.7832478949183308,0.11484397015613275,15.000000000001679,0.2500419590214733,
1941,194,ok,1.456739476965475,0.6721024510757594,-0.59898080379144,0.12065648974643398,15.000000000001679,0.23322429199470207,
1942,194,ok,1.4681175251905272,0.6647904443934378,-0.610397010468175,0.10501478057657639,15.000000000001679,0.24663983401842415,
1943,194,ok,1.286722977660366,0.7976903979011224,-0.45837500143441234,0.12039888607912463,15.000000000001679,0.26907841698266566,
1944,194,ok,1.7913676866043886,0.26441461603840166,-0.44355559244499465,0.09804141173719733,15.000000000001679,0.24903158302186057,
1945,194,ok,1.4963252695857994,0.5767433681077947,-0.4618764685236415,0.09836265069464371,15.000000000001679,0.22372562499367632,
1946,194,ok,1.3203446229409412,0.8474417733964558,-0.6441424202903805,0.12557760040059893,15.000000000001679,0.23252495800261386,
1947,194,ok,1.4411578409514778,0.6390403411907147,-0.4740513997760575,0.11371523790404392,15.000000000001679,0.25760874999105,
1948,194,ok,1.056342065633358,1.0375345715829272,-0.4353376376199169,0.13270730248523344,15.000000000001679,0.2057669580099173,
1949,194,ok,0.6229385918862778,1.433390024675633,-0.2588544477581539,0.12433739119151851,15.000000000001679,0.21016187500208616,
1950,194,ok,1.6383162107794065,0.5294412042907926,-0.7221750721707849,0.11187766997588881,15.000000000001679,0.2654386660142336,
1951,195,ok,0.7065074802491436,1.3477283463494043,-0.27146732674837915,0.13279583245342808,15.000000000001679,0.2457283750118222,
1952,195,ok,1.1525533833586048,1.1541557984115636,-0.7828964734437034,0.1013818857468439,15.000000000001679,0.2317110839940142,
1953,195,ok,1.355565672764086,0.793662988914471,-0.6183116599754374,0.11031312298328402,15.000000000001679,0.26596979101304896,
1954,195,ok,1.8039142115000697,0.41687505480982595,-0.8647669572598892,0.07970208640809592,15.000000000001679,0.2297722499934025,
1955,195,ok,1.5804912393365056,0.4263724420907895,-0.14713553822288494,0.10482845226033058,15.000000000001679,0.22351074998732656,
1956,195,ok,0.7457929446515359,1.420673206695158,-0.46966752373475595,0.12309051593684668,15.000000000001679,0.2795602499973029,
1957,195,ok,1.1746440860598135,1.0923758283850218,-0.7456588308439182,0.11657699011782302,15.000000000001679,0.24065033401711844,
1958,195,ok,0.6495380328643111,1.387867375362952,-0.21724020344355655,0.11237591934066693,15.000000000001679,0.2383187090163119,
1959,195,ok,0.8132550969184024,1.2037173607033458,0.1652810062242925,0.1193419613014493,15.000000000001679,0.2810186249844264,
1960,195,ok,1.084876788562215,1.0007502188156836,0.42244232880259613,0.11456772657282258,15.000000000001679,0.21559124998748302,
1961,196,ok,1.6394473361799102,0.49252702157342954,-0.6444476607305896,0.10586616302510958,15.000000000001679,0.2764352080121171,
1962,196,ok,1.841555591204982,0.3146750390360317,0.7422983035479265,0.11732889723985615,15.000000000001679,0.24914587498642504,
1963,196,ok,1.7708816999928847,0.3716650362058593,-0.6960942759822291,0.10915482972627251,15.000000000001679,0.20986520798760466,
1964,196,ok,1.7179807995106737,0.41694219455696735,0.6673724688007613,0.14047000091002163,15.000000000001679,0.25952254101866856,
1965,196,ok,1.4692951512041272,0.6819191979325662,-0.6492235674813641,0.10339228301215947,15.000000000001679,0.26343570899916813,
1966,196,ok,0.8043174518682185,1.2079044082050596,0.13968227102537772,0.11698285972419606,15.000000000001679,0.2807588750147261,
1967,196,ok,1.3883924332984765,0.8026960671378381,-0.7029202239182368,0.09601522568195878,15.000000000001679,0.385297000000719,
1968,196,ok,1.3226655821385027,0.859784037017571,-0.6703370793368338,0.11690357935208008,15.000000000001679,0.19584166698041372,
1969,196,ok,0.887656830119364,1.1395000985465444,-0.2178865935668158,0.09480001753557123,15.000000000001679,0.25485875000595115,
1970,196,ok,1.6266981118041672,0.5859400018420569,-0.8041026480225028,0.09848208913721955,15.000000000001679,0.26003308399231173,
1971,197,ok,1.9352343140215018,0.2099787882425201,-0.7354970507245803,0.10352203968987911,15.000000000001679,0.2529506660066545,
1972,197,ok,1.1453856676360934,1.1104259365507259,-0.7215028158396378,0.11275269393761168,15.000000000001679,0.27000529199722223,
1973,197,ok,0.7475308572860199,1.2552141101068526,0.06400281877264703,0.12232569578458542,15.000000000001679,0.24002075000316836,
1974,197,ok,1.0640294913343107,1.2209527005474217,-0.7247372376556876,0.12174066841131372,15.000000000001679,0.22337079199496657,
1975,197,ok,2.1302469913305653,0.08196484452959132,-0.926872907389428,0.08707505200854694,15.000000000001679,0.27021437499206513,
1976,197,ok,0.8820061559213412,1.1263125747030756,-0.12085173544956773,0.10472939176709145,15.000000000001679,0.2425837920163758,
1977,197,ok,1.5391641152213162,0.6228866603691258,0.6874481968815672,0.10913896889713584,15.000000000001679,0.20363137501408346,
1978,197,ok,1.5283355549137778,0.6254840908021898,-0.6682182156868538,0.11735232261532702,15.000000000001679,0.24037275000591762,
1979,197,ok,1.4503131864585677,0.6616183989230086,-0.5586976183179886,0.10593321006916162,15.000000000001679,0.23727295800927095,
1980,197,ok,1.0247903961240048,0.9767019635219101,0.055285482073328875,0.09854472264614124,15.000000000001679,0.23692516700248234,
1981,198,ok,1.2711377701053883,1.0018786688272994,-0.7871118337609562,0.10112222939042094,15.000000000001679,0.22727204198599793,
1982,198,ok,1.488263141297315,0.783383144063065,-0.8571876128329659,0.10092646215154341,15.000000000001679,0.21205987498979084,
1983,198,ok,1.1957342428913176,1.0055077627824012,-0.6639017771755151,0.1172018304182051,15.000000000001679,0.24009308297536336,
1984,198,ok,0.7778198024943169,1.2230774756760008,-0.03735018541216363,0.12214935925601424,15.000000000001679,0.2639965830021538,
1985,198,ok,0.7985995508197274,1.2308702662880826,0.21494346998619315,0.11268564960546104,15.000000000001679,0.22551150000072084,
1986,198,ok,2.022396892338211,0.07232652004906479,0.6116895820864567,0.1290928096604795,15.000000000001679,0.2210135839995928,
1987,198,ok,0.8001892006429283,1.2158316611389113,0.15931971991379265,0.11218792206441665,15.000000000001679,0.2540922909975052,
1988,198,ok,0.8038135268941704,1.265541483577289,-0.32662956643910157,0.11152505304434059,15.000000000001679,0.2780025829852093,
1989,198,ok,1.5264852468594379,0.5724374461417499,-0.5405759555337526,0.10368614530571844,15.000000000001679,0.2506312500045169,
1990,198,ok,1.6723321793873491,0.3832117060574842,-0.4274231285095482,0.12431299793518098,15.000000000001679,0.28124550002394244,
1991,199,ok,0.9519336341426315,1.052402424740374,0.09075505040533491,0.11281364898787538,15.000000000001679,0.2591355000040494,
1992,199,ok,1.5923535866487248,0.43282749414398014,-0.28206432210051224,0.12008664763385732,15.000000000001679,0.22342812499846332,
1993,199,ok,0.7497356103821043,1.2650160369799397,-0.1479934443762738,0.11411817205041001,15.000000000001679,0.24034150000079535,
1994,199,ok,1.4281554299318586,0.8633810526430568,-0.8647111081471348,0.08121950466540721,15.000000000001679,0.24620516700088046,
1995,199,ok,2.040824150528675,0.08290914284470499,0.6998041574559732,0.12215799803405619,15.000000000001679,0.2796375839971006,
1996,199,ok,2.0163970734617322,0.13114245576839642,-0.7571186414516935,0.10031371931454923,15.000000000001679,0.21002966599189676,
1997,199,ok,1.8173405084283474,0.29497786550682403,-0.6289881115434045,0.1098056764709722,15.000000000001679,0.2398094999953173,
1998,199,ok,1.5680197590934206,0.6759608032438591,-0.8400036728257456,0.11951695547527734,15.000000000001679,0.23136929198517464,
1999,199,ok,2.034138242600584,0.11994722279513179,-0.7766079737772806,0.10033757495021793,15.000000000001679,0.22220049999305047,
2000,199,ok,1.3749510403148166,0.8220905038163917,-0.7092387341814281,0.1136328593180856,15.000000000001679,0.22779720899416134,
2001,200,ok,1.7284180513539922,0.38406416750200156,0.6133354265777676,0.12175143192512534,15.000000000001679,0.21215641702292487,
2002,200,ok,1.7170977436900545,0.43128933700018557,-0.6982632148238644,0.11271512081281998,15.000000000001679,0.22368016702239402,
2003,200,ok,1.5242557395514817,0.5682279278653671,-0.5228616384962026,0.09705143303297298,15.000000000001679,0.22554875002242625,
2004,200,ok,0.8676643952862901,1.1869092575580835,0.30286126758431264,0.12029800341059319,15.000000000001679,0.2424081670178566,
2005,200,ok,1.350474332438768,0.9568031432151112,-0.8576253497711366,0.10958874750062234,15.000000000001679,0.22569887500139885,
2006,200,ok,0.8476278141368994,1.219249005710744,-0.3300012063839099,0.10978053513866484,15.000000000001679,0.26188679100596346,
2007,200,ok,0.757987195690402,1.2421059794560523,-0.01188454687103173,0.12753285894628041,15.000000000001679,0.21577658300520852,
2008,200,ok,0.6454529820032406,1.369631751161081,-0.13872787330825165,0.11678213854035337,15.000000000001679,0.25612812498002313,
2009,200,ok,1.6990037122550858,0.5089243375541689,-0.8144366047264135,0.0967774900905852,15.000000000001679,0.22974812498432584,
2010,200,ok,0.752654280614296,1.2553488141882845,-0.10946724439862934,0.11515767656740714,15.000000000001679,0.2538784999924246,
2011,201,ok,1.42149304579744,0.7691677644846203,-0.711121991831708,0.10816821767950846,15.000000000001679,0.2680412080080714,
2012,201,ok,0.9459254280101637,1.1665443312522517,-0.44735507551435555,0.12996371692945943,15.000000000001679,0.23714679101249203,
2013,201,ok,1.8536422635416934,0.29882558075672333,-0.7362032575996066,0.08538842292017917,15.000000000001679,0.23065708301146515,
2014,201,ok,0.8747394621477571,1.1289304144851062,0.08004313730394796,0.1163106972267444,15.000000000001679,0.2441268749826122,
2015,201,ok,1.2578552626752242,0.9670964448911281,-0.7178510344655155,0.11772025284005315,15.000000000001679,0.22817799999029376,
2016,201,ok,1.6291039998526786,0.46812849387801825,-0.5543911354518285,0.10500885705250168,15.000000000001679,0.25338041700888425,
2017,201,ok,1.330524065716243,0.883570342463339,-0.7237949358918276,0.1116935749388686,15.000000000001679,0.23458441701950505,
2018,201,ok,2.081791685230394,0.09032914244212813,-0.8288629781143485,0.0972250845558036,15.000000000001679,0.22180737502640113,
2019,201,ok,1.8599357296813184,0.2981964464567763,-0.7504835665708042,0.10334553109582312,15.000000000001679,0.228913457976887,
2020,201,ok,1.5347740892712287,0.6730998425752577,-0.7712765245516834,0.07979420379622307,15.000000000001679,0.2369255830126349,
2021,202,ok,1.7276817173966998,0.3776719402989963,-0.594083986767517,0.10515833719015148,15.000000000001679,0.24311529198894277,
2022,202,ok,0.9363631268600004,1.1175888146204858,-0.31325134518491343,0.11093203758475624,15.000000000001679,0.2593015829916112,
2023,202,ok,1.9214428287790466,0.09844069298024977,-0.27570771870405,0.10052916739577603,15.000000000001679,0.24431837498559617,
2024,202,ok,1.0112081666644748,1.1028113869647242,0.4664703087751312,0.1158225888032199,15.000000000001679,0.23402679100399837,
2025,202,ok,1.820221921538351,0.3066348881285523,-0.667624476442683,0.1061864984165736,15.000000000001679,0.24048437498277053,
2026,202,ok,1.7534663203381464,0.4025066329000327,0.7229516433564612,0.12703237214327168,15.000000000001679,0.21312941701035015,
2027,202,ok,0.7410268330150518,1.2862959818965842,0.19936735387559465,0.09741326072890405,15.000000000001679,0.23208037498989142,
2028,202,ok,0.8905743960957154,1.1219833405176822,0.14902852295033928,0.11632796212712729,15.000000000001679,0.25591362500563264,
2029,202,ok,1.5621912383452872,0.6213141791628402,0.7346202233707891,0.13622972374471937,15.000000000001679,0.25099779199808836,
2030,202,ok,1.9091629360440958,0.17941707074270044,-0.5747877121698265,0.08960914883934913,15.000000000001679,0.2291009590262547,
2031,203,ok,1.4549978752445916,0.6713418658812942,-0.593031516537254,0.11134396824515536,15.000000000001679,0.23309870800585486,
2032,203,ok,1.533891812243027,0.6502251988228805,-0.7286508613687804,0.09178720053063735,15.000000000001679,0.24311158299678937,
2033,203,ok,0.8082318327465314,1.1951079469720838,-0.07339944439383178,0.09760482645350406,15.000000000001679,0.2228237910021562,
2034,203,ok,1.4260198349043083,0.7764385315802339,-0.7324137509215515,0.10402524266680853,15.000000000001679,0.24076391701237299,
2035,203,ok,1.334538694896594,0.8748720015239416,-0.7176911001409753,0.11048819670628708,15.000000000001679,0.20575862500118092,
2036,203,ok,1.724897008900623,0.39490709330327106,-0.631622080192073,0.106738917963196,15.000000000001679,0.2252483329793904,
2037,203,ok,1.3949102180026403,0.7654421688458083,-0.6493392624999906,0.11746760017130749,15.000000000001679,0.24402204100624658,
2038,203,ok,1.766121996238775,0.36105992107567314,-0.6580747095079382,0.11286850979283837,15.000000000001679,0.20785966698895209,
2039,203,ok,0.8186664851444224,1.1923118890968465,0.13362159033785623,0.10647373849923034,15.000000000001679,0.2814816659956705,
2040,203,ok,1.6197441689473282,0.3950271074940508,-0.21825028558963588,0.11875778894461445,15.000000000001679,0.20526079199044034,
2041,204,ok,1.370249869144729,0.7951335807141268,-0.6525960584989652,0.10920126192952415,15.000000000001679,0.22991391699179076,
2042,204,ok,1.2197951565324863,0.9254486663841196,-0.5772691359534525,0.1308709205934163,15.000000000001679,0.2592347919999156,
2043,204,ok,1.3611881531326921,0.9081673666899537,-0.8128558845625953,0.11530342763547306,15.000000000001679,0.2616832090134267,
2044,204,ok,0.7999589892654003,1.2031684515532575,-0.07066730436692414,0.09486303092925216,15.000000000001679,0.26035341699025594,
2045,204,ok,1.473063224892405,0.6923498602955354,-0.678208210405408,0.10364808841848688,15.000000000001679,0.23516862498945557,
2046,204,ok,1.3999242205794178,0.724687047449423,-0.5773774297819583,0.1006665489242086,15.000000000001679,0.22635320798144676,
2047,204,ok,0.8768791406009409,1.1553942309194334,0.23570770470408728,0.09876082855702795,15.000000000001679,0.22585099999560043,
2048,204,ok,0.929710444673878,1.0704126757079218,0.015130018215275562,0.09583080533330653,15.000000000001679,0.2208835000055842,
2049,204,ok,1.520587817875082,0.6813428300156859,-0.7571859612532865,0.08966428629802131,15.000000000001679,0.22475624998332933,
2050,204,ok,0.8710595897617404,1.1320218829670303,0.07320380637502291,0.1090119575035232,15.000000000001679,0.2645215420052409,
2051,205,ok,1.5576977481612073,0.6927222530222042,-0.8470225303279453,0.10965408025798322,15.000000000001679,0.24219733400968835,
2052,205,ok,1.4705992661784246,0.7716764320227533,-0.8086305794589812,0.09900402963687165,15.000000000001679,0.22597641698666848,
2053,205,ok,1.7778632611107537,0.35116132193850014,-0.6649276569189837,0.09157842031606359,15.000000000001679,0.21732920801150613,
2054,205,ok,1.2958424452726713,0.8582194076079654,-0.6128170377911751,0.11828183194789128,15.000000000001679,0.2587477909983136,
2055,205,ok,1.8211871305450493,0.28353691686934385,-0.6086682583415308,0.10343773634756896,15.000000000001679,0.2363758750143461,
2056,205,ok,1.4140776229913206,0.69167211393123,-0.5365572349522519,0.10920447557247197,15.000000000001679,0.24346275001880713,
2057,205,ok,0.8356687955576787,1.1715622012934477,0.1096957134215522,0.11873581610569303,15.000000000001679,0.2147605000063777,
2058,205,ok,1.9197559150829493,0.25061789471137763,-0.7906484826975381,0.09321540391855238,15.000000000001679,0.22613495800760575,
2059,205,ok,1.208688383876095,1.0638474215549423,-0.7645560536596882,0.11547127129588285,15.000000000001679,0.23019162501441315,
2060,205,ok,1.0515836786801984,1.205623334695607,-0.6890529347491753,0.11551792015624232,15.000000000001679,0.2542187499930151,
2061,206,ok,1.3262121453365463,0.9933656218625083,-0.8634384072937167,0.11130643113916425,15.000000000001679,0.2253038749913685,
2062,206,ok,1.4730059205988968,0.8345945356864078,-0.9008754330468915,0.09314481373643632,15.000000000001679,0.2654174579947721,
2063,206,ok,1.5282519266247423,0.6500955381657206,-0.7164578809337933,0.11905738356028414,15.000000000001679,0.27299216701067053,
2064,206,ok,1.4833503552426193,0.7449618152376898,-0.790700595160349,0.11771794955280694,15.000000000001679,0.2308860420016572,
2065,206,ok,1.8150526895873187,0.2976429040162875,-0.6296003365088523,0.10101022243349654,15.000000000001679,0.27069508397835307,
2066,206,ok,1.418893820764992,0.7460279776208559,0.6639381309244387,0.11840495881304096,15.000000000001679,0.21089308301452547,
2067,206,ok,1.6039796844813992,0.5473166165206709,-0.6800454511222741,0.10665773740297824,15.000000000001679,0.2525927080132533,
2068,206,ok,0.8705398497403397,1.1636941366773659,-0.24172739389261805,0.10110681388585596,15.000000000001679,0.25178137500188313,
2069,206,ok,1.8577923913425904,0.326051759245671,-0.8057852422363586,0.08314070543512499,15.000000000001679,0.23887345800176263,
2070,206,ok,0.8699444066943837,1.1443365690628258,0.1569820489599584,0.11042100663900459,15.000000000001679,0.23114479100331664,
2071,207,ok,1.1413697319361038,0.9242640401583827,0.38146691820330675,0.11168918162349319,15.000000000001679,0.23949541701585986,
2072,207,ok,1.4988935854529883,0.6389788274917554,-0.6279357837362017,0.10511491617147228,15.000000000001679,0.22304183398955502,
2073,207,ok,1.3003257873306697,1.0692372091455513,-0.9080351206632726,0.09749974797640953,15.000000000001679,0.24212375000934117,
2074,207,ok,1.515908118069017,0.5467831647725792,-0.4314374256356859,0.10177605117140533,15.000000000001679,0.24388683401048183,
2075,207,ok,1.5876313974971603,0.5232795853283875,0.5829839373523833,0.11896436508472914,15.000000000001679,0.21095370801049285,
2076,207,ok,1.3939942003817538,0.8648227299578478,-0.8090688452026882,0.0868361153266919,15.000000000001679,0.22947241700603627,
2077,207,ok,1.4682251370537553,0.6707989733002971,-0.6236262371781474,0.10772631319894428,15.000000000001679,0.2532619169796817,
2078,207,ok,1.5177232243096628,0.6134315937618982,-0.6171805573989259,0.0987255148431554,15.000000000001679,0.24238629199680872,
2079,207,ok,1.7390552430744262,0.3869810654412079,0.6499869654227463,0.12211872484439323,15.000000000001679,0.23681558400858194,
2080,207,ok,1.3406726531952318,0.8706043616585909,-0.7224047723547673,0.11560233479574133,15.000000000001679,0.23899841698585078,
2081,208,ok,1.9432071735914005,0.12216174324044889,-0.49977755146397884,0.10906816034732601,15.000000000001679,0.2298986249952577,
2082,208,ok,1.3981830822634673,0.8292244276239348,-0.7643300927317117,0.11177762038581066,15.000000000001679,0.24076387501554564,
2083,208,ok,1.7532225785042936,0.24693011583254768,0.023138517721744956,0.10239543054292181,15.000000000001679,0.22108683400438167,
2084,208,ok,1.7446036131873106,0.41352084888016594,-0.725758685933768,0.11034484537093371,15.000000000001679,0.22634525000466965,
2085,208,ok,1.0577081917878566,0.9439772845380471,0.059687883221813426,0.10541772300255432,15.000000000001679,0.23367287500877865,
2086,208,ok,1.259637341191442,0.9764933865557844,-0.7342482165860522,0.11398040659925787,15.000000000001679,0.22714862498105504,
2087,208,ok,1.723483691040656,0.37848343831677544,-0.5840206104840282,0.10939103890131405,15.000000000001679,0.25131058401893824,
2088,208,ok,0.9184847309015282,1.0867813098425398,0.09821316025027052,0.09645106933923839,15.000000000001679,0.23576516599860042,
2089,208,ok,1.8891863191962217,0.20515184763983094,-0.5895295231007988,0.10940447450714386,15.000000000001679,0.24664495899924077,
2090,208,ok,0.9043294810652306,1.1154861275396049,-0.18827378933039274,0.11220017038864526,15.000000000001679,0.2322740829840768,
2091,209,ok,1.7178403696150888,0.3881204695164828,-0.5939864600203787,0.10876882507998739,15.000000000001679,0.2272260419849772,
2092,209,ok,1.3304761163744703,0.8655472986741866,-0.695114209822715,0.10885924292748045,15.000000000001679,0.28863912500673905,
2093,209,ok,1.373234212460992,0.7651065513944466,-0.6006749311103672,0.11709802619715606,15.000000000001679,0.21292074999655597,
2094,209,ok,0.9773877140809856,1.2614755531203519,-0.6402096414437729,0.11237113218988605,15.000000000001679,0.21912087500095367,
2095,209,ok,1.6156640706337302,0.4840413597349255,-0.5587842071340435,0.09917375101165755,15.000000000001679,0.21939312500762753,
2096,209,ok,1.3730401487098653,0.702912856726263,0.4503378650781939,0.11475793451008495,15.000000000001679,0.22361741701024584,
2097,209,ok,0.9691362520190496,1.0348104227771795,0.08737365162315197,0.13638106020276758,15.000000000001679,0.2327257079887204,
2098,209,ok,1.4298312729735325,0.762677698211915,-0.7165549460236443,0.11571941175066618,15.000000000001679,0.23277258398593403,
2099,209,ok,1.3967424172468363,0.7996759543300487,-0.714220950072914,0.11442540925387025,15.000000000001679,0.5549987500126008,
2100,209,ok,1.404446203475297,0.7641669571397126,-0.6672224731158704,0.09592621402552687,15.000000000001679,0.29074362499522977,
2101,210,ok,1.1638127949032826,1.0574490151873448,-0.682684306696209,0.12068910327350518,15.000000000001679,0.23611004100530408,
2102,210,ok,1.4727323150122005,0.8070644091658759,-0.8636232672887143,0.10741163671282113,15.000000000001679,0.2553687909967266,
2103,210,ok,0.8098116821378613,1.1924801743609588,0.060882606110818194,0.098294323504579,15.000000000001679,0.20393041599891149,
2104,210,ok,2.0797607034416887,0.08389900745798105,-0.8086789041144558,0.09570653122190698,15.000000000001679,0.24614112501149066,
2105,210,ok,1.8193761820608239,0.47083595607669243,-0.9857925839761307,0.0938600205236892,15.000000000001679,0.21907420799834654,
2106,210,ok,1.7967068439049956,0.4707214946144531,-0.9431133208161137,0.09456209254456661,15.000000000001679,0.2510550000006333,
2107,210,ok,2.1024328314272216,0.1366081455975872,-0.973650146412879,0.08378170800108317,15.000000000001679,0.23475791700184345,
2108,210,ok,1.3930041547460172,0.8960746569839578,-0.8495936747566921,0.09466512145925929,15.000000000001679,0.23409320900100283,
2109,210,ok,1.139997206328384,0.9671362097346123,0.482479037052531,0.12182298534842437,15.000000000001679,0.2385395829915069,
2110,210,ok,1.6773859813255108,0.47656521853730777,-0.701975923359958,0.11035118032987395,15.000000000001679,0.2220419170043897,
2111,211,ok,1.2367084450066481,1.0247780678324103,-0.7605195335887666,0.11701277398910785,15.000000000001679,0.2277189579908736,
2112,211,ok,1.5483989976678272,0.47580097024650453,-0.2726843847330374,0.08227649724284292,15.000000000001679,0.23196370899677277,
2113,211,ok,1.5258997095413882,0.7042910794043488,-0.805920788084875,0.10857942176972743,15.000000000001679,0.23435416599386372,
2114,211,ok,1.7292795703301413,0.45270268255622964,-0.7721909373934085,0.11163234481491714,15.000000000001679,0.22984087499207817,
2115,211,ok,1.710318563939292,0.43042251726668407,-0.6794233701102055,0.10958924055291233,15.000000000001679,0.22785745799774304,
2116,211,ok,1.6774819426603762,0.6116385753069375,-0.941487239624563,0.08961018087227832,15.000000000001679,0.23098904200014658,
2117,211,ok,0.8662593968864302,1.179371087764077,-0.27744104075736103,0.11426501385829511,15.000000000001679,0.20871649999753572,
2118,211,ok,1.4763895529188191,0.7235887680808881,-0.7419571948559875,0.10083775709671135,15.000000000001679,0.22813920897897333,
2119,211,ok,2.0486840360519603,0.13041134432216675,-0.837701938719795,0.07586942412153416,15.000000000001679,0.2665245409880299,
2120,211,ok,1.8807277234303148,0.2903731328433605,-0.7837810566577561,0.10602213578252502,15.000000000001679,0.26309975000913255,
2121,212,ok,0.7256910276944035,1.2749581196579203,-0.030687773235947634,0.09565973773062686,15.000000000001679,0.19781908299773932,
2122,212,ok,1.626549883057632,0.41743426932307387,-0.3756996541944149,0.10722292499683192,15.000000000001679,0.24596366699552163,
2123,212,ok,0.9642100589565955,1.0461546494945004,0.14099675567941974,0.09950078224802314,15.000000000001679,0.2473482499772217,
2124,212,ok,0.9055154971497684,1.0955814818928264,-0.04455849731775634,0.09213406304536131,15.000000000001679,0.221176374994684,
2125,212,ok,0.7287805908451436,1.2772487685970793,-0.09355109351663522,0.11317920884953606,15.000000000001679,0.2600730420090258,
2126,212,ok,0.8211869255890079,1.1879628719620192,0.12224430230548479,0.11176226150368462,15.000000000001679,0.21396162500604987,
2127,212,ok,1.7347987006886967,0.4058210312033703,0.6841929167696086,0.1324085098021096,15.000000000001679,0.21263583298423328,
2128,212,ok,1.046402247426398,1.0335097889722833,-0.40106649748715795,0.10494326718676517,15.000000000001679,0.20896483300020918,
2129,212,ok,1.3585684083704674,0.7099944606361979,0.42613827407658533,0.12222550625704838,15.000000000001679,0.25520383298862725,
2130,212,ok,0.8475301958761131,1.1749948069112157,0.19409756386503269,0.11326494776100446,15.000000000001679,0.19478295900626108,
2131,213,ok,1.4893163095576456,0.6955942670335193,-0.7187410894881294,0.11175878167715476,15.000000000001679,0.214468999998644,
2132,213,ok,1.4029369718156774,0.702134228547923,0.5327068482575077,0.13210958519571472,15.000000000001679,0.24034762498922646,
2133,213,ok,1.5049459703006036,0.653769116890355,-0.6726996230754486,0.10071096299413934,15.000000000001679,0.24207620800007135,
2134,213,ok,1.1468674117550366,1.1131964095634783,-0.7272442864227882,0.11996088332015781,15.000000000001679,0.21926604199688882,
2135,213,ok,1.400868961197878,0.81502644014303,-0.7471756880998751,0.11375254150885186,15.000000000001679,0.241087417001836,
2136,213,ok,1.3137837353358426,0.8807211735221673,-0.6879263127918606,0.10028945809038659,15.000000000001679,0.2496410830062814,
2137,213,ok,1.5326803942328573,0.6210427158282488,-0.6690186838164199,0.10968215585677578,15.000000000001679,0.21655049998662435,
2138,213,ok,1.6118404836877427,0.4760917913106382,-0.5251033387285944,0.1158623922069043,15.000000000001679,0.20775879197753966,
2139,213,ok,1.1001018795580115,0.8998989891469639,-0.0013825075759797882,0.1101417496680325,15.000000000001679,0.22281683300388977,
2140,213,ok,0.9750719724593259,1.0640518929201208,0.27343462167273436,0.09446308843660539,15.000000000001679,0.2159011249896139,
2141,214,ok,0.9050291453732237,1.1060305537639772,0.14105453970520176,0.11655461517946987,15.000000000001679,0.21646166700520553,
2142,214,ok,0.9317011615601531,1.068413422071676,-0.014611717090522237,0.10084409156806635,15.000000000001679,0.24417904199799523,
2143,214,ok,1.3866961445501176,0.8829253009277819,-0.8216266268828405,0.11233732424650207,15.000000000001679,0.319173083989881,
2144,214,ok,0.8602018591091777,1.1522600703396595,-0.14589122685880188,0.11998999765864395,15.000000000001679,0.2516759580175858,
2145,214,ok,1.3230912076180845,0.9550000390765914,-0.8115081178561038,0.10810640488212526,15.000000000001679,0.2726324579853099,
2146,214,ok,0.8601306684281639,1.160502198358728,-0.18726507365270093,0.11311085090124655,15.000000000001679,0.2704295000003185,
2147,214,ok,1.5012017418000885,0.6916874003122089,-0.7361554258998523,0.11884192409091539,15.000000000001679,0.22608566700364463,
2148,214,ok,1.0570740521773188,1.1101014833188083,-0.5705139628398164,0.1323043182904309,15.000000000001679,0.3251518329780083,
2149,214,ok,0.8820138817815653,1.3410846921771757,-0.5863267900856465,0.10111261624653878,15.000000000001679,0.22382133398787118,
2150,214,ok,1.9410966833232228,0.3062096625753498,-0.9481195213976481,0.08561151181108573,15.000000000001679,0.26792245797696523,
2151,215,ok,0.8899037365415232,1.111921481285265,-0.05696669999224789,0.12307188427724532,15.000000000001679,0.26878695900086313,
2152,215,ok,0.9041048954284155,1.1011711069973862,-0.09753093376627725,0.11468704683591592,15.000000000001679,0.22493412499898113,
2153,215,ok,1.5700459181358977,0.5030834079344783,-0.47358726910057264,0.11101137384823816,15.000000000001679,0.2886472499812953,
2154,215,ok,1.426818304476985,0.7364017666004937,-0.6626688302162892,0.1070638759829282,15.000000000001679,0.23326120799174532,
2155,215,ok,1.2119334736909018,1.0317217348447718,-0.728848369608163,0.11376096993323888,15.000000000001679,0.2294524589960929,
2156,215,ok,1.343004822236458,0.9139164565023966,-0.7899901829099332,0.09825339535292733,15.000000000001679,0.287746749992948,
2157,215,ok,1.4533218382193724,0.7294858311594965,-0.7056473001584151,0.10223133641083185,15.000000000001679,0.2313738749944605,
2158,215,ok,1.3593046699978213,0.7945201180132958,-0.6281141934419311,0.09605414520923665,15.000000000001679,0.23587754199979827,
2159,215,ok,1.4960668758059437,0.5861944650129371,-0.48925454123973366,0.11109958915532323,15.000000000001679,0.23818316697725095,
2160,215,ok,0.889636776537371,1.1483608831105863,0.2572244326490464,0.09018881943778997,15.000000000001679,0.21638737499597482,
2161,216,ok,1.6896605107813465,0.43267038452587814,-0.6312135281753884,0.10302655241850477,15.000000000001679,0.21776383300311863,
2162,216,ok,1.5314382602631944,0.7276666193280876,-0.8523326307410403,0.09619633488856366,15.000000000001679,0.26163645897759125,
2163,216,ok,1.6124944696539159,0.5263731790158844,-0.6546467804401943,0.10642210979681094,15.000000000001679,0.22709470798145048,
2164,216,ok,0.6540041217730509,1.4597181471789906,-0.3685334595507398,0.11786341229511929,15.000000000001679,0.24663537502055988,
2165,216,ok,1.8590808424629965,0.19572969208657204,-0.4480962338548601,0.09709406987072229,15.000000000001679,0.24212333298055455,
2166,216,ok,1.7852557960908164,0.3988640771425875,-0.7896214371528908,0.11575276640115152,15.000000000001679,0.2758159170043655,
2167,216,ok,1.5886914822221732,0.5128544895537331,-0.5588728446120796,0.09156264804389896,15.000000000001679,0.2502717500028666,
2168,216,ok,1.0020727831774054,1.0585973596792952,0.34338161217822544,0.11113183121375698,15.000000000001679,0.24678833401412703,
2169,216,ok,1.3574100379655996,0.8330759645036226,-0.693433707394312,0.13243892555741388,15.000000000001679,0.26183245799620636,
2170,216,ok,1.0409961132491397,1.065841062133702,0.4593691180350782,0.11150448804590433,15.000000000001679,0.24774154199985787,
2171,217,ok,0.912938373174624,1.0873210944049634,0.02176438596825755,0.1163629692924307,15.000000000001679,0.23294454099959694,
2172,217,ok,1.2215781542482733,1.0167985185126094,-0.724960711857973,0.12091367390743987,15.000000000001679,0.2244845420063939,
2173,217,ok,0.9046945092016782,1.0981030983168587,-0.07109243077863837,0.113261443638847,15.000000000001679,0.25705174999893643,
2174,217,ok,1.5554503519944123,0.5655794921029315,0.6015509987057263,0.11729431927002938,15.000000000001679,0.22903262500767596,
2175,217,ok,1.890264342241514,0.21539769913407517,-0.6231323385074715,0.11011927597675748,15.000000000001679,0.24424029199872166,
2176,217,ok,1.381591444249543,0.9299177014494017,-0.8739100601047034,0.10859550338841925,15.000000000001679,0.23891245797858573,
2177,217,ok,1.0466783208227564,0.9849509172572746,0.2553641848488087,0.1256495978836567,15.000000000001679,0.22862008400261402,
2178,217,ok,1.670590191062924,0.5115261854366447,-0.7584967302730251,0.10090832619790152,15.000000000001679,0.2322464589960873,
2179,217,ok,0.9678059134338245,1.0863762680580156,0.31928038228159317,0.11531066068695908,15.000000000001679,0.2476699999824632,
2180,217,ok,1.728202383040428,0.46073996926427446,-0.7857238920422792,0.11406816401458489,15.000000000001679,0.286232291982742,
2181,218,ok,1.267729582978869,1.0324954030880393,-0.8191905459134656,0.11096693015755302,15.000000000001679,0.28767429100116715,
2182,218,ok,1.3250905589872006,0.8907326276322676,-0.7248385241675543,0.11851775956913886,15.000000000001679,0.29025183399789967,
2183,218,ok,1.0342084957883875,1.0001352739983225,-0.26430615289559484,0.1198657054254546,15.000000000001679,0.2627973749767989,
2184,218,ok,0.9320616683878702,1.1041094052916467,0.25713614291089654,0.11575188215450784,15.000000000001679,0.23034266699687578,
2185,218,ok,1.166927750501664,0.890198337884251,-0.36063921813357297,0.12392866560894719,15.000000000001679,0.25624579199939035,
2186,218,ok,1.199198464875173,0.9869317143072598,-0.6416927665811294,0.1156872822674053,15.000000000001679,0.27575629099737853,
2187,218,ok,1.4009279202802332,0.7704134877304775,-0.6713538907800939,0.10933790685015167,15.000000000001679,0.21474600001238286,
2188,218,ok,1.8628452947538774,0.20479893286500103,-0.4974391628571492,0.09374918647563048,15.000000000001679,0.22986991598736495,
2189,218,ok,1.6328499905739573,0.5733539857899292,-0.7942797000149828,0.10704897800060821,15.000000000001679,0.24149237500387244,
2190,218,ok,1.9121621402584756,0.24399211942723575,-0.7568357642211567,0.09913251045094322,15.000000000001679,0.28602462497656234,
2191,219,ok,1.497862175040696,0.6516086028739002,-0.6522512825391521,0.12321542368506738,15.000000000001679,0.38431287501589395,
2192,219,ok,1.5992547159331916,0.5703125115379604,-0.7166654252645782,0.11087444605939008,15.000000000001679,0.31466720800381154,
2193,219,ok,0.8498884788205544,1.1657424951599051,-0.1622493206454036,0.1139167366330765,15.000000000001679,0.2782820829888806,
2194,219,ok,1.772823064537376,0.31846412449849126,0.5615502805244312,0.13154722883550113,15.000000000001679,0.2728002500080038,
2195,219,ok,1.45180990710789,0.7330286123538865,-0.7088973897982005,0.11163510764040006,15.000000000001679,0.2215738329978194,
2196,219,ok,1.0979196888858074,1.1020912657587931,-0.6318129060223935,0.12265752905041813,15.000000000001679,0.2585049170011189,
2197,219,ok,1.7552461234335819,0.41754881448058734,-0.7594321558090773,0.1086149539044069,15.000000000001679,0.23800254098023288,
2198,219,ok,1.3749538741862284,0.8034278180056971,-0.6772836698290542,0.11201583501533105,15.000000000001679,0.2277475000009872,
2199,219,ok,1.3780589459236203,0.8156095669796327,-0.7044613265538049,0.10578951778375609,15.000000000001679,0.2625037080142647,
2200,219,ok,1.6393018768427499,0.3992170181283063,-0.3532767871940231,0.09458645768135268,15.000000000001679,0.21715775001212023,
2201,220,ok,1.0804468580462714,1.0799602340387486,-0.5664735140428241,0.13021816838870748,15.000000000001679,0.22189295798307285,
2202,220,ok,1.8697744360173907,0.2705754659601383,-0.7107370981207878,0.09431529141060724,15.000000000001679,0.24601258299662732,
2203,220,ok,1.589522492748351,0.4259283232996308,-0.22108846999022685,0.12172045191475926,15.000000000001679,0.2622624580108095,
2204,220,ok,0.7408519638771982,1.2594335269419152,-0.020565295111191057,0.11672191957723455,15.000000000001679,0.20404004197916947,
2205,220,ok,2.0697937724338726,-0.033555455630104356,0.3856144049216514,0.1304495970949514,15.000000000001679,0.21986262500286102,
2206,220,ok,1.190308404835164,1.0153325124989703,-0.6687780182389684,0.1108867683152552,15.000000000001679,0.2618097079975996,
2207,220,ok,0.8065383682685109,1.1973999605074068,-0.0796072615765663,0.11129347625440637,15.000000000001679,0.2434819170157425,
2208,220,ok,0.9712014183088682,1.0740119568250117,0.2928793929625525,0.10571512732546035,15.000000000001679,0.22385824998491444,
2209,220,ok,1.4569087349064722,0.745342194494995,0.7405517219831053,0.11223909589005676,15.000000000001679,0.22341575002064928,
2210,220,ok,1.2505771553906802,1.089645123742523,-0.8574364238002018,0.11063725498077803,15.000000000001679,0.2255732499761507,
2211,221,ok,1.5839464189142634,0.6413718129415041,-0.8142577646675921,0.10449524118064585,15.000000000001679,0.19945620800717734,
2212,221,ok,0.7868096089436102,1.217938001602365,0.08630406356768247,0.1154764705411316,15.000000000001679,0.2564472089870833,
2213,221,ok,1.1075419419399144,1.0088963256249064,0.4943305167559709,0.11264098366105295,15.000000000001679,0.21654087500064634,
2214,221,ok,0.896533924774824,1.1363794634059026,0.24069201699489953,0.12356967223570997,15.000000000001679,0.2428486669959966,
2215,221,ok,1.4595518124465814,0.8241257115705068,-0.8646451011984825,0.11346000477942828,15.000000000001679,0.19134966700221412,
2216,221,ok,1.2399730044712565,1.013806516268758,-0.7516351937366366,0.11540111295464553,15.000000000001679,0.2693962090124842,
2217,221,ok,0.6615944329873907,1.3783662247808002,-0.22644788200959692,0.11859325526752104,15.000000000001679,0.21611820900579914,
2218,221,ok,1.1868853633930594,0.8239223600226514,0.1598069165649116,0.10204860205928029,15.000000000001679,0.22845683299237862,
2219,221,ok,1.152068590325266,1.187918853724943,-0.8171818944877788,0.12239157210183765,15.000000000001679,0.23436833298183046,
2220,221,ok,1.5587529663055972,0.49297521428175883,-0.39822996521782245,0.09479780170771115,15.000000000001679,0.24540345900459215,
2221,222,ok,0.8197658978863189,1.2505456213499768,-0.3321660152087664,0.11312987391370849,15.000000000001679,0.2579628749808762,
2222,222,ok,1.6145509839485084,0.5531063605962849,0.716431208157607,0.1357547474042291,15.000000000001679,0.2541706250049174,
2223,222,ok,1.6993126490089616,0.4547520895041238,-0.7070165303512943,0.1138807384868086,15.000000000001679,0.2634304169914685,
2224,222,ok,1.5245387961361394,0.6763296310775635,-0.7563830348183188,0.11687838370145882,15.000000000001679,0.24276370799634606,
2225,222,ok,1.6835702095137983,0.4860007211180418,-0.7363523843291646,0.10087825127228554,15.000000000001679,0.2633435830066446,
2226,222,ok,1.2235199279082183,0.954511329950747,0.6355741143149046,0.12412833149145655,15.000000000001679,0.23533404199406505,
2227,222,ok,1.5031013451281394,0.6217547602740674,-0.5997947256343863,0.1227596382985838,15.000000000001679,0.24424954201094806,
2228,222,ok,1.6918246490179556,0.3085240560964725,0.03434784156828178,0.08293439783873875,15.000000000001679,0.23814779199892655,
2229,222,ok,1.7010635064763844,0.41269455881358375,-0.6116195626741584,0.10235758987369015,15.000000000001679,0.251013208006043,
2230,222,ok,1.1065945498875411,1.3085711982514994,-0.8639894154174821,0.1203527595921918,15.000000000001679,0.22372099998756312,
2231,223,ok,0.8558967213943617,1.2380391775931823,-0.38983958599755314,0.11201945329070313,15.000000000001679,0.20999708300223574,
2232,223,ok,0.7703282417742604,1.247658147255454,-0.16549119820681454,0.11189978456144692,15.000000000001679,0.21524870899156667,
2233,223,ok,1.2253121322962526,1.0886019475302795,-0.8189892621437659,0.11853717532361874,15.000000000001679,0.2764903749921359,
2234,223,ok,1.314415893927779,0.7796950690496087,-0.48841070597205705,0.12776472739280376,15.000000000001679,0.23470654201810248,
2235,223,ok,1.5168142867104708,0.5604793967860822,-0.4780230259010879,0.11717569769656502,15.000000000001679,0.21454712501144968,
2236,223,ok,1.5799452033757455,0.5799471064466836,-0.6925869080345656,0.10664894505262883,15.000000000001679,0.2650494579866063,
2237,223,ok,1.3589427230273288,0.9839605984475864,-0.9024351826928871,0.11206519935462982,15.000000000001679,0.2193057919794228,
2238,223,ok,0.8076919096121268,1.195122305671882,-0.06736555518910771,0.11725887118058992,15.000000000001679,0.21602312501636334,
2239,223,ok,0.8931752591469424,1.1870284599667744,0.36991798908435525,0.11487169367112558,15.000000000001679,0.2334025829914026,
2240,223,ok,1.32959631992933,0.9080813990403185,-0.7586436204489357,0.11339381371295873,15.000000000001679,0.21023691599839367,
2241,224,ok,1.7482207931986389,0.30119027794465286,-0.4127002181030591,0.10213541826475721,15.000000000001679,0.27736400000867434,
2242,224,ok,1.3308809751451194,1.0738475800295608,-0.9557645447421259,0.10897290072121553,15.000000000001679,0.21558329201070592,
2243,224,ok,0.9656860097888011,1.0351376696660677,-0.039876722588375504,0.10649532269263493,15.000000000001679,0.23653799999738112,
2244,224,ok,0.7792661754119287,1.359328437449333,-0.4436166375148948,0.12109713414833936,15.000000000001679,0.2549407089827582,
2245,224,ok,1.5636057821178282,0.6642965967674123,-0.812871121682391,0.11054338508732885,15.000000000001679,0.23435633300687186,
2246,224,ok,1.4269129799623859,0.7410102709312146,-0.671584331625182,0.11134984170508022,15.000000000001679,0.2372758330020588,
2247,224,ok,1.5130291413066637,0.7479161772720025,-0.8494370390476417,0.11446153238905457,15.000000000001679,0.2306167920178268,
2248,224,ok,1.8173738684164842,0.26696813656672164,-0.5472187295114038,0.09615164070564254,15.000000000001679,0.24936616700142622,
2249,224,ok,1.5793107850896504,0.5634332256622913,-0.6561238135972801,0.11249164668896705,15.000000000001679,0.23180870900978334,
2250,224,ok,0.9597486930933452,1.1496834445554385,0.4450610176495803,0.11335615576826548,15.000000000001679,0.22325591699336655,
2251,225,ok,0.9510955250557608,1.0852787469999559,0.2605143510271988,0.11005181266164436,15.000000000001679,0.2194205410196446,
2252,225,ok,1.306960923974515,0.8314436718148226,0.5853400419027337,0.11379955248655177,15.000000000001679,0.21261266700457782,
2253,225,ok,0.7632850744612147,1.2682982057707841,-0.21729378550020312,0.11600022192628863,15.000000000001679,0.22361137499683537,
2254,225,ok,1.158461036032758,1.1589820701873648,-0.796693676226792,0.1177931445031337,15.000000000001679,0.2149469159776345,
2255,225,ok,0.9103401887691805,1.1022097115152687,-0.15063816644798286,0.1103621694429385,15.000000000001679,0.2292172499874141,
2256,225,ok,1.2301036576240152,1.0334714738546995,-0.7609057869719311,0.11722682291042756,15.000000000001679,0.22906687500653788,
2257,225,ok,0.7424647359280058,1.2599717226845404,-0.060100190267224095,0.11282391739431745,15.000000000001679,0.2414873749949038,
2258,225,ok,1.5368650578307452,0.607387481539628,-0.6500650578277221,0.10555750792116955,15.000000000001679,0.23158004198921844,
2259,225,ok,0.8822712876743926,1.1329798995085563,0.16333637193974163,0.11360560432935173,15.000000000001679,0.24523758300347254,
2260,225,ok,1.3110433294443953,0.8776972909403223,-0.6776955370355882,0.11940911903924922,15.000000000001679,0.42897274999995716,
2261,226,ok,1.0448982972528646,1.1839001922619345,-0.6525285858963028,0.10443005686909464,15.000000000001679,0.4262980420025997,
2262,226,ok,0.8889272518746429,1.1675562819970648,-0.311815835843619,0.11352603573648067,15.000000000001679,0.3473254170094151,
2263,226,ok,1.4944469146433284,0.7012556415431812,-0.7393474636891304,0.1177441241988714,15.000000000001679,0.25056012501590885,
2264,226,ok,0.7463842913007356,1.2937590823705454,-0.24148142074786438,0.11471943723687303,15.000000000001679,0.2577590419969056,
2265,226,ok,0.7735359569337503,1.3047858953610052,-0.3391684321696429,0.10953184040086554,15.000000000001679,0.2300819169904571,
2266,226,ok,1.4733196576872252,0.8021778234816274,-0.8578419709762342,0.11221467487621369,15.000000000001679,0.2510557080095168,
2267,226,ok,1.8447116915178294,0.24105469702626167,-0.5559430240314155,0.10660439534610978,15.000000000001679,0.24120183300692588,
2268,226,ok,0.8932063936143408,1.1161440397747404,0.12890424030194325,0.10906118655041755,15.000000000001679,0.23509508301503956,
2269,226,ok,1.5654854483281826,0.5487186802395894,-0.5869644110521276,0.11269087794620541,15.000000000001679,0.2411649579880759,
2270,226,ok,1.8632101944195054,0.2467299263441536,-0.6305523589771069,0.1111417367282534,15.000000000001679,0.25110229197889566,
2271,227,ok,1.2299964623544948,1.0367545464138528,-0.7648852813005294,0.11870579876025569,15.000000000001679,0.2282872500072699,
2272,227,ok,1.2949296082753334,1.0047039062148375,-0.8283890246038426,0.11719098596048272,15.000000000001679,0.24756808299571276,
2273,227,ok,0.874568653562296,1.1501637709908223,0.20651564990873675,0.10746145000102116,15.000000000001679,0.19478770799469203,
2274,227,ok,1.6852835249543099,0.46434679240442694,0.6942260334241666,0.118987762831768,15.000000000001679,0.2348822089843452,
2275,227,ok,1.129836345268172,0.9830099890647427,0.49220065496385174,0.12398814744605409,15.000000000001679,0.23615158299799077,
2276,227,ok,1.4348282071697913,0.6971124998830791,-0.6010126006409164,0.10438598381467493,15.000000000001679,0.23323162499582395,
2277,227,ok,0.8960443976854724,1.2444966746019896,-0.4817782559809743,0.107245401360693,15.000000000001679,0.232574666995788,
2278,227,ok,1.0930340702208357,1.3162629664754464,-0.8527761415814645,0.11392094938770748,15.000000000001679,0.21345508299418725,
2279,227,ok,1.3386932304380532,0.977121852594599,-0.8636086270881997,0.10263437371949827,15.000000000001679,0.24417725001694635,
2280,227,ok,1.0998897778200565,0.9167046820364287,0.1903385862910052,0.10792798053944347,15.000000000001679,0.22726933300145902,
2281,228,ok,1.4422055806933871,0.823356075350227,-0.8339460483556048,0.1082601321022371,15.000000000001679,0.23663150001084432,
2282,228,ok,1.2278201406642724,0.9890636748148026,-0.6968142107060405,0.12309088018703235,15.000000000001679,0.22008537501096725,
2283,228,ok,1.3112998422079085,0.9920327958985329,-0.8387546671288078,0.11826501618711849,15.000000000001679,0.22470745799364522,
2284,228,ok,1.3248240685983572,1.0185226615148848,-0.8898657464908283,0.11193511586241602,15.000000000001679,0.22542037500534207,
2285,228,ok,1.2812255850148304,0.97266920604713,-0.7655915617956878,0.11959262467738255,15.000000000001679,0.23314629099331796,
2286,228,ok,0.9827321445555421,1.0571914582240007,0.27726254975554987,0.11251244001184016,15.000000000001679,0.23872525000479072,
2287,228,ok,1.211858373200608,0.8221275640132436,-0.2849863878136091,0.11376772137200783,15.000000000001679,0.24468449997948483,
2288,228,ok,0.9500780184680315,1.0947579564231757,0.2884182444246485,0.1109713648102464,15.000000000001679,0.2772226669767406,
2289,228,ok,1.3273937848287003,0.8714519781394968,-0.6988230264928362,0.10811847504415462,15.000000000001679,0.24450716699357145,
2290,228,ok,1.652059357293609,0.3840442243402405,-0.34349243242499183,0.1154814851972867,15.000000000001679,0.3008388330054004,
2291,229,ok,1.8548393141504167,0.31493367850298354,-0.7752292393057048,0.09708713019951394,15.000000000001679,0.2590440420026425,
2292,229,ok,0.9290562825369876,1.1101189745210038,0.2669406986839906,0.10776209943129288,15.000000000001679,0.21442125001340173,
2293,229,ok,2.108561005750145,0.01122270830005204,-0.7005671980536082,0.11151411781075886,15.000000000001679,0.21958487498341128,
2294,229,ok,1.2361094046479324,0.9675559076668525,-0.6797246916696857,0.11977573035036736,15.000000000001679,0.2416947089950554,
2295,229,ok,1.8603201322916916,0.25762314465478203,-0.6518541927203405,0.1068257558942266,15.000000000001679,0.25780350001878105,
2296,229,ok,1.7927625927180697,0.23081597786126118,-0.28980270816231074,0.09923134513498885,15.000000000001679,0.2193738750065677,
2297,229,ok,1.2645676192104705,0.9183480419196952,-0.6551032782215944,0.11679418432873676,15.000000000001679,0.21234745800029486,
2298,229,ok,1.441110595524409,0.727013657636116,-0.6755039013120037,0.11335160107354182,15.000000000001679,0.2399257920042146,
2299,229,ok,0.8514410850351715,1.202159353409673,-0.29732511487292673,0.11476885383987812,15.000000000001679,0.2019124579965137,
2300,229,ok,1.0062501314327994,1.0815057654149953,0.41098378075373265,0.11884812964282777,15.000000000001679,0.253900166018866,
2301,230,ok,1.4287203184208244,0.8817256458974946,-0.8892155066265578,0.11927070459809397,15.000000000001679,0.23632274998817593,
2302,230,ok,1.6374920629852248,0.5278346280184357,-0.7170142075844734,0.10046487830412006,15.000000000001679,0.24895454201032408,
2303,230,ok,0.7697289144931473,1.238277899606063,0.11073411208046002,0.10774085004331582,15.000000000001679,0.24076458299532533,
2304,230,ok,1.34287436186679,0.908564469121224,-0.782355439486748,0.11826490405092577,15.000000000001679,0.2507319999858737,
2305,230,ok,1.4241751933069882,0.8216430198025186,-0.799843614996625,0.10956354078596084,15.000000000001679,0.22306716701132245,
2306,230,ok,1.104883625218573,1.2272094732035637,-0.7896598172439969,0.12212450202904367,15.000000000001679,0.2530737089982722,
2307,230,ok,1.7164530847765946,0.4073501218010072,-0.6400605890943614,0.09812796709833663,15.000000000001679,0.27513374999398366,
2308,230,ok,1.5028893914576806,0.6215980599235018,-0.5989028423286898,0.11656886907654947,15.000000000001679,0.25057674999698065,
2309,230,ok,2.0408129132675397,0.00045837613512122625,-0.408351125125603,0.10307660623473702,15.000000000001679,0.2530992499960121,
2310,230,ok,1.4715926984216392,0.7675655896958727,-0.8041706873209192,0.11098611253389533,15.000000000001679,0.2545715839951299,
2311,231,ok,1.4777904992062145,0.7343204005795343,-0.7628367526247027,0.11353968386342954,15.000000000001679,0.24453024999820627,
2312,231,ok,1.5923321893381457,0.5948044490812231,-0.7489641278996529,0.1079931621999244,15.000000000001679,0.23583416701876558,
2313,231,ok,1.300408465129456,0.9549771605197886,-0.7739440814070895,0.10993434636292788,15.000000000001679,0.22293804201763123,
2314,231,ok,0.6286687750654453,1.3725271646487511,0.038759123294418635,0.12175877944240211,15.000000000001679,0.21323424999718554,
2315,231,ok,1.795914609539968,0.29590236178010293,-0.5668866942983095,0.10624810299897802,15.000000000001679,0.22148791697691195,
2316,231,ok,1.4720181616025956,0.7510047736407673,-0.7790047449276128,0.112906046014176,15.000000000001679,0.2452789589879103,
2317,231,ok,1.729419979444493,0.48964852612001086,-0.8424558686663272,0.09660740997487798,15.000000000001679,0.2710747089877259,
2318,231,ok,1.5254329051658584,0.556488368224837,-0.49317311067469705,0.10768115137788135,15.000000000001679,0.25689499999862164,
2319,231,ok,0.6671725834252069,1.3533181264464686,-0.16407867165344547,0.10950625658021221,15.000000000001679,0.22298958300962113,
2320,231,ok,1.2951417122875553,0.9782863459208025,-0.7959229007732308,0.1117663874810786,15.000000000001679,0.2503197920159437,
2321,232,ok,1.4858575317635792,0.7933877333779985,-0.8670982889706744,0.11312269048301708,15.000000000001679,0.2313542920164764,
2322,232,ok,1.7057272829309464,0.46005738322154194,-0.7335409332576501,0.11735148971261533,15.000000000001679,0.262688791990513,
2323,232,ok,0.8414732645728866,1.1603184156652033,-0.05488252836702314,0.1193587383084282,15.000000000001679,0.21499170898459852,
2324,232,ok,1.5338656473816108,0.608996975570528,-0.6464165918704977,0.11275192546925854,15.000000000001679,0.26690875002532266,
2325,232,ok,1.119509137008344,0.9113074425156419,0.2608624601649972,0.11415110551237623,15.000000000001679,0.2222952500160318,
2326,232,ok,1.5638594398433159,0.5914519996276844,-0.6794474801146891,0.1150757160766885,15.000000000001679,0.23833720799302682,
2327,232,ok,1.8047647939376847,0.3668889168503956,0.7681953862988626,0.13552697903482308,15.000000000001679,0.2321156669931952,
2328,232,ok,1.4055406737928808,0.9751644969794948,-0.9619026860524164,0.11738190784058838,15.000000000001679,0.2547057079791557,
2329,232,ok,0.9967942463415707,1.0271850082607958,0.2173240929743222,0.11193210311946918,15.000000000001679,0.2218241249793209,
2330,232,ok,0.7901956802313335,1.21780745877611,-0.11217861431651277,0.11514059246031344,15.000000000001679,0.2666790410003159,
2331,233,ok,1.4519449905139001,0.8509790656243539,-0.8876345801313325,0.1203713931809411,15.000000000001679,0.29425566701684147,
2332,233,ok,1.5644963148494058,0.6934705460222949,-0.86059834131033,0.1128648788886725,15.000000000001679,0.2174652910034638,
2333,233,ok,1.779357144278202,0.373268455914195,0.7210106312462322,0.14354387564927645,15.000000000001679,0.2564767909934744,
2334,233,ok,1.8617838145287644,0.19603597476870097,-0.46038328348514795,0.10315909798894307,15.000000000001679,0.2210434169974178,
2335,233,ok,0.7488525642467057,1.2538864054918448,0.06398958562912135,0.11608510350860259,15.000000000001679,0.2416797499754466,
2336,233,ok,1.3895400146549015,0.8329269472312056,-0.7541630737632748,0.11605684843475096,15.000000000001679,0.2200237500073854,
2337,233,ok,0.7636267965817621,1.2440671229093638,-0.1081266377503574,0.09858141194351815,15.000000000001679,0.20524687500437722,
2338,233,ok,1.1603341955134767,1.3549565271952921,-0.9645176843738789,0.11368752785647969,15.000000000001679,0.2697141249955166,
2339,233,ok,1.8169893391343441,0.2974219831269545,-0.6345694248768278,0.10706698845548403,15.000000000001679,0.2873059590056073,
2340,233,ok,1.3667806730485812,0.8312018103742426,-0.7085197245995938,0.11906385960549218,15.000000000001679,0.2708195839950349,
2341,234,ok,0.8444546595743859,1.3160831296725952,-0.49533966786283096,0.11618701518423576,15.000000000001679,0.2758410000242293,
2342,234,ok,1.1496958796660715,1.1011707521556207,-0.7168727913239903,0.11829987702202774,15.000000000001679,0.242325625004014,
2343,234,ok,1.5380890757486156,0.6097667610847284,-0.6580042145399859,0.12183367511775663,15.000000000001679,0.31013774999883026,
2344,234,ok,1.7411984605412272,0.3480848837261799,-0.550407601343941,0.10459945774815177,15.000000000001679,0.3350075419875793,
2345,234,ok,1.2406489307155504,0.997183857028653,-0.7304584537683916,0.11914322231113211,15.000000000001679,0.2688232919899747,
2346,234,ok,1.5168660419305708,0.6688758681727084,-0.7273177674367339,0.11322834470429977,15.000000000001679,0.23123962501995265,
2347,234,ok,0.9613439412106712,1.1394745099957593,0.4285767776669985,0.11943268866338037,15.000000000001679,0.2630608749750536,
2348,234,ok,1.2788378550020014,0.9264684008275953,-0.6949504766272627,0.12026770979721838,15.000000000001679,0.22497862498858012,
2349,234,ok,0.6984361673035492,1.3033372543806672,-0.0497403122608221,0.1149225518973633,15.000000000001679,0.2352660000033211,
2350,234,ok,1.2315830027544212,1.3821752721248888,-1.0654056965774312,0.1074605359195971,15.000000000001679,0.20184195798356086,
2351,235,ok,1.795861932480193,0.326264929095776,-0.6509462289288769,0.10236583227388515,15.000000000001679,0.24283800000557676,
2352,235,ok,0.7279971401392733,1.2733886730174795,-0.04489783459880146,0.11490682333673576,15.000000000001679,0.22630483398097567,
2353,235,ok,1.5148733168108295,0.6896935464279392,-0.7602224435734932,0.10801994781202835,15.000000000001679,0.2562819590093568,
2354,235,ok,1.4288250989085265,0.7739843967723858,-0.7337757858592705,0.12119983885946382,15.000000000001679,0.2333650829968974,
2355,235,ok,2.011369190535901,0.07758446361759773,-0.5915441877937834,0.07528429857635396,15.000000000001679,0.23849424999207258,
2356,235,ok,0.7627745306043282,1.3060298461233393,0.3165918667102128,0.11051200982246354,15.000000000001679,0.24457695899764076,
2357,235,ok,0.9343067615041708,1.165680627173985,0.42052385035764206,0.11370942899004223,15.000000000001679,0.22134812499280088,
2358,235,ok,1.1201635100231901,1.09994833159908,-0.6668382737937241,0.11897007094611553,15.000000000001679,0.2383934169774875,
2359,235,ok,1.335572069883489,1.1361378210753863,-1.0185749308109275,0.1085864197450654,15.000000000001679,0.21998704099678434,
2360,235,ok,1.243775137143593,1.037716198889601,-0.7880269525194464,0.11418632299932906,15.000000000001679,0.2255582080106251,
2361,236,ok,1.3780244645096031,0.8544396206229106,-0.7659261335066179,0.1139148960692998,15.000000000001679,0.24951591601711698,
2362,236,ok,0.9312902689259875,1.0825906014696338,0.16019226100030518,0.11564326377484639,15.000000000001679,0.23553800000809133,
2363,236,ok,1.279928727835351,0.873800498084462,-0.6081876603675992,0.1156089199341857,15.000000000001679,0.26914275001036003,
2364,236,ok,0.7334516590784901,1.266570457172971,-0.005695780326256399,0.11507169051822726,15.000000000001679,0.24857254201197065,
2365,236,ok,1.3394753808376045,0.8745927290315626,-0.7263971161296138,0.11577415408229105,15.000000000001679,0.2202765419788193,
2366,236,ok,1.3564043351782549,0.8967578141483751,-0.7891067100511135,0.11250153999431187,15.000000000001679,0.2300574579858221,
2367,236,ok,1.3728479940101463,0.8511827267777529,-0.7516185784052196,0.11360729086851269,15.000000000001679,0.2963945420051459,
2368,236,ok,0.7504644967030512,1.2605575867617473,0.1281478767524186,0.1124308759060905,15.000000000001679,0.2652660830062814,
2369,236,ok,0.7462692988611835,1.253992351081808,-0.019759913418687762,0.10875268773061411,15.000000000001679,0.2393203329993412,
2370,236,ok,0.8145826865750669,1.1972809812360377,0.13851761686686354,0.10785570110643197,15.000000000001679,0.2179046249948442,
2371,237,ok,1.0976342646163586,1.0233870516955565,0.5010270731846704,0.12988939184241938,15.000000000001679,0.2996833329962101,
2372,237,ok,1.6877453305726147,0.4017025731869269,0.5421527794933579,0.13205912052270286,15.000000000001679,0.26446299999952316,
2373,237,ok,1.0639572172969889,0.9620614842583578,0.23385593381051648,0.12918556297402273,15.000000000001679,0.2748020419967361,
2374,237,ok,0.7038992236656447,1.3177742819651874,-0.17332682057022133,0.1079549862377461,15.000000000001679,0.17465133301448077,
2375,237,ok,1.6055291329629724,0.5421541973909562,-0.6726138659052656,0.10588136259082442,15.000000000001679,0.27525479198084213,
2376,237,ok,1.6055572490274637,0.45880844722043196,-0.4500474169968545,0.1180003565981689,15.000000000001679,0.25511795800412074,
2377,237,ok,0.7392020161748154,1.2656597190162429,0.08464025308095847,0.11210307055169583,15.000000000001679,0.2363538749923464,
2378,237,ok,0.7921479359229651,1.2239591100478553,-0.15893045494585734,0.11178530798863277,15.000000000001679,0.30136666700127535,
2379,237,ok,1.693015282399225,0.4261204030020655,0.6238619723872799,0.12444431322517106,15.000000000001679,0.22626545900129713,
2380,237,ok,1.0850894280982448,1.1539666298358808,-0.6794458061827438,0.12230258919698064,15.000000000001679,0.27850191699690185,
2381,238,ok,1.2313011918202696,0.9965711235943564,-0.7136057139438587,0.11061419982017316,15.000000000001679,0.2160226669802796,
2382,238,ok,1.2759341197363334,1.1528955371164933,-0.954160315078225,0.11123516085341155,15.000000000001679,0.2457740840036422,
2383,238,ok,1.499481226324188,0.6422605254992546,-0.6363862565149648,0.11967450182348814,15.000000000001679,0.31968829201650806,
2384,238,ok,1.4177448806257762,0.8560702912939112,-0.8375114137014488,0.10565154384053266,15.000000000001679,0.2979808330128435,
2385,238,ok,0.9610111720166084,1.0585401428916865,-0.19286215334878232,0.11220453694719591,15.000000000001679,0.2569404999958351,
2386,238,ok,1.3094543704438941,0.826383445236483,0.5807709795260331,0.11279522549508236,15.000000000001679,0.26662079099332914,
2387,238,ok,0.8842714133362056,1.170730357297627,0.3069980327883053,0.12502808603343754,15.000000000001679,0.23122962500201538,
2388,238,ok,1.6557544164408708,0.3831544927665304,-0.35683790900406526,0.11162464599723151,15.000000000001679,0.2807054159929976,
2389,238,ok,0.7919105763074694,1.2175964260307317,-0.12233972497820954,0.11175498074798892,15.000000000001679,0.21065370901487768,
2390,238,ok,0.9276787036540706,1.1120952009844505,0.2687244780410846,0.12080707242889059,15.000000000001679,0.32596241700230166,
2391,239,ok,0.7747907737645097,1.2520015651170748,-0.20198783261202136,0.10874968768377964,15.000000000001679,0.24545175000093877,
2392,239,ok,1.814568417240757,0.2345239713606747,-0.4192289746040256,0.11494805656758933,15.000000000001679,0.26476533300592564,
2393,239,ok,0.7551927088269983,1.2534228636948075,-0.11374799783643459,0.10633388562444585,15.000000000001679,0.23537316598230973,
2394,239,ok,1.1302112663139885,1.2053124651590987,-0.8036474528495443,0.12140818972283486,15.000000000001679,0.2004896670114249,
2395,239,ok,1.7437935062947933,0.38621378057907463,-0.6606889060692683,0.09234416436029177,15.000000000001679,0.2554204589978326,
2396,239,ok,1.5665594992123077,0.5790303520264108,-0.6595103669466695,0.10536412398151444,15.000000000001679,0.2379045420093462,
2397,239,ok,0.936880222489455,1.0725727965260416,0.13275290410519774,0.11452226279009399,15.000000000001679,0.23623387498082593,
2398,239,ok,1.3965966976633193,0.7954402674897716,-0.7067660056475378,0.11657346576407077,15.000000000001679,0.21940979099599645,
2399,239,ok,1.5614321634776416,0.5588653865176427,-0.6010003552124786,0.1033559494298154,15.000000000001679,0.21907395901507698,
2400,239,ok,0.8290747949978994,1.187246702734996,0.16369817801574008,0.11795981898939951,15.000000000001679,0.26886020801612176,
2401,240,ok,0.7382788413879532,1.2672951089906765,0.09054938062821842,0.11412167472975908,15.000000000001679,0.22598899999866262,
2402,240,ok,1.5873658399718371,0.5175639142499846,-0.567550492534073,0.10314342244362033,15.000000000001679,0.25600108297658153,
2403,240,ok,0.8335461486240354,1.1700235554538294,0.07706025813906843,0.10798142486908928,15.000000000001679,0.24605700001120567,
2404,240,ok,1.9034464852487558,0.2504789152423193,-0.7498563170329036,0.09503472367233279,15.000000000001679,0.23323154202080332,
2405,240,ok,0.9322122122413762,1.0733921051706588,-0.10206575278660862,0.11004970384175175,15.000000000001679,0.22888254199642688,
2406,240,ok,1.1689067047675488,1.0919729715436053,-0.7360908911562343,0.11479220838321155,15.000000000001679,0.2369575419870671,
2407,240,ok,1.3416374088394534,0.8839322121380411,-0.7445694257047868,0.11431084885000702,15.000000000001679,0.2096465420036111,
2408,240,ok,0.8525168553353757,1.1560341701894186,-0.12044362475056376,0.1121938138164783,15.000000000001679,0.2385522080003284,
2409,240,ok,1.6700728322170157,0.33649882627268174,0.1480105061041236,0.12103020363165642,15.000000000001679,0.24897737501305528,
2410,240,ok,0.6899901242263496,1.3129350083109177,0.06346706803669654,0.11135960656465589,15.000000000001679,0.23254008300136775,
2411,241,ok,0.7691792742900573,1.2596918103440662,-0.20875952750888552,0.11070410213392018,15.000000000001679,0.24176212499151006,
2412,241,ok,1.6374010077844878,0.45047299597504153,-0.5291957332510274,0.11105646955142472,15.000000000001679,0.25766604201635346,
2413,241,ok,1.6294016857910167,0.5161060081081704,-0.6730590423476516,0.10865058092699036,15.000000000001679,0.2389194589923136,
2414,241,ok,1.649907234042137,0.4952673083337459,-0.6767373253895526,0.10082173039103458,15.000000000001679,0.23568237500148825,
2415,241,ok,1.4542109960797007,0.7334275582562553,-0.7145095317309657,0.10870330422424779,15.000000000001679,0.2477676669950597,
2416,241,ok,0.9190169857273883,1.1812244271130647,0.4173712751245892,0.10971333875247719,15.000000000001679,0.23136104200966656,
2417,241,ok,1.8323260532305679,0.35477307612543213,-0.806627010647261,0.11044598743484307,15.000000000001679,0.2855680829961784,
2418,241,ok,1.6164202802215168,0.6639568193015439,-0.9098368763798046,0.10354889411766546,15.000000000001679,0.31515354101429693,
2419,241,ok,0.667792703433633,1.3566349961178774,-0.17896526629197188,0.12102397432839125,15.000000000001679,0.24930020899046212,
2420,241,ok,0.749679350891614,1.2581779016019354,-0.10825480812215163,0.10951822291616853,15.000000000001679,0.2806391249760054,
2421,242,ok,1.8735364807080916,0.20479951555033474,0.5360915641714099,0.13212287074521772,15.000000000001679,0.3048266250116285,
2422,242,ok,1.344535399462168,0.78503939408592,-0.5758872862668384,0.11538685182644624,15.000000000001679,0.2646766660036519,
2423,242,ok,1.349845836340965,0.8037353916668097,-0.6253277290641112,0.11913955063447484,15.000000000001679,0.2784600830054842,
2424,242,ok,1.3974470765126603,0.7563039011989673,-0.6372427680883269,0.11191627226994931,15.000000000001679,0.246134416986024,
2425,242,ok,1.3920600381089139,0.8145845253251964,-0.729809086063815,0.11075034620297446,15.000000000001679,0.23550558401620947,
2426,242,ok,1.170749064656655,1.099984653168991,-0.7487494560018665,0.10902936210488229,15.000000000001679,0.24007904098834842,
2427,242,ok,1.1978713446941605,1.0834034699335116,-0.771198132459791,0.11389496680875319,15.000000000001679,0.22974808400613256,
2428,242,ok,0.9533050566990923,1.091561562931385,0.28901580784516195,0.12131658786088355,15.000000000001679,0.22832470800494775,
2429,242,ok,0.8913607469811533,1.1296451368728162,0.19237045898385957,0.11282032409906237,15.000000000001679,0.28487745800521225,
2430,242,ok,2.0161439360769156,0.20593800954490674,-0.9198793102271777,0.09518794431312168,15.000000000001679,0.21528112501255237,
2431,243,ok,1.3168757414465202,0.8629209448700133,-0.6642386173620282,0.1093131112201353,15.000000000001679,0.24349662501481362,
2432,243,ok,1.01160416154689,1.0688456156504307,0.3953409821477667,0.12452984206603553,15.000000000001679,0.20812862500315532,
2433,243,ok,1.4110645579845926,0.7138452272965591,0.580438702579707,0.12328722916180397,15.000000000001679,0.29160708299605176,
2434,243,ok,0.7306305081594284,1.2744199551026627,-0.08575860248443024,0.11085414625862061,15.000000000001679,0.2666207919828594,
2435,243,ok,1.1901626734011348,1.100283714245391,-0.7791006316935359,0.11565508872011886,15.000000000001679,0.20068479102337733,
2436,243,ok,1.5861279792511227,0.6189147547766046,-0.7800035333185891,0.1041582308395324,15.000000000001679,0.27449695800896734,
2437,243,ok,0.8596721223160638,1.194029181843723,0.29907724448360623,0.11410055731727813,15.000000000001679,0.2788456669950392,
2438,243,ok,1.3277277501313285,0.9033248192133725,-0.748441398050253,0.114195280171682,15.000000000001679,0.2693127919919789,
2439,243,ok,1.6615136816030258,0.5397543315002832,-0.792660268830131,0.11326730287771769,15.000000000001679,0.2262965000118129,
2440,243,ok,0.7298819883718458,1.2809162525014572,-0.12508509516761515,0.11124956588637624,15.000000000001679,0.2863287499931175,
2441,244,ok,0.9913806105827473,1.0703640807570267,0.34440176058303307,0.1211505281010856,15.000000000001679,0.27567333399201743,
2442,244,ok,0.6215431137510546,1.3794448630759313,-0.035030904762890475,0.11821748134979519,15.000000000001679,0.289271124987863,
2443,244,ok,1.2349668739858544,1.008600807839967,-0.7363904002815541,0.12196013672993698,15.000000000001679,0.24444700000458397,
2444,244,ok,1.7964682861001628,0.314719776999218,-0.6221968120507297,0.10644044200288438,15.000000000001679,0.28393308399245143,
2445,244,ok,1.7045552069270773,0.3296909784738138,-0.33996503654118015,0.11681164493963565,15.000000000001679,0.22072837498853914,
2446,244,ok,1.6727759222375578,0.48332507165862054,0.7056036052617527,0.1416515230223637,15.000000000001679,0.26717545799328946,
2447,244,ok,1.2133253037787897,0.973749887266553,-0.647278146475284,0.10814341731757185,15.000000000001679,0.36769366697990336,
2448,244,ok,1.5343413811001625,0.6367625917451429,-0.7041216105836646,0.08526677158385947,15.000000000001679,0.23334841700852849,
2449,244,ok,1.7997344134738062,0.31956407514873836,-0.6443439000341273,0.10700036904177827,15.000000000001679,0.3447555000020657,
2450,244,ok,1.451941179619154,0.916523536749042,-0.9665463996389698,0.10199211232512183,15.000000000001679,0.21601779101183638,
2451,245,ok,1.115110288260197,0.9741947143139896,0.4372578996912261,0.120986456857646,15.000000000001679,0.2585583750042133,
2452,245,ok,1.4391594029638868,0.7483380261500462,-0.710297184534339,0.11265807422659181,15.000000000001679,0.23534712500986643,
2453,245,ok,1.6660044450200258,0.5025944082393518,-0.7303063087434115,0.11924180320523108,15.000000000001679,0.21107337501598522,
2454,245,ok,1.1737352637967837,1.1261919161089813,-0.7836541979768961,0.12034355405881833,15.000000000001679,0.25771983398590237,
2455,245,ok,0.7735595591249306,1.248814214520749,0.18470058799981573,0.11639784349542075,15.000000000001679,0.22246854202239774,
2456,245,ok,1.7984381491140637,0.3707099986721601,-0.7614419661155711,0.1059917268164392,15.000000000001679,0.2256532920000609,
2457,245,ok,1.9074575449759463,0.14750672333139872,-0.4546019641216842,0.09987538571926667,15.000000000001679,0.24128849999397062,
2458,245,ok,0.8210345596173397,1.2716590244149675,0.37896856250866257,0.10943651001042075,15.000000000001679,0.25886858301237226,
2459,245,ok,1.4457149096882145,0.7605716759911595,-0.7442506498078719,0.10298788444765604,15.000000000001679,0.24132037500385195,
2460,245,ok,1.4163159442095428,1.0776978350101767,-1.074853278488396,0.10334587351322976,15.000000000001679,0.2597853750048671,
2461,246,ok,0.8836813128131861,1.1390137883584017,0.19898594417266025,0.11577201650643201,15.000000000001679,0.21329616699949838,
2462,246,ok,1.877547373094559,0.1304535567824458,-0.1731480143312994,0.10314280409356665,15.000000000001679,0.2873986249906011,
2463,246,ok,1.3979387567352919,0.7096393271189504,-0.5377751402441154,0.10011892431560465,15.000000000001679,0.2728729579830542,
2464,246,ok,1.4994056162250455,0.668980656528876,-0.6903656344814003,0.11067216040838072,15.000000000001679,0.2929772089992184,
2465,246,ok,0.9090708416202306,1.093302636225991,0.06564819578158032,0.1137498968160366,15.000000000001679,0.2136129999998957,
2466,246,ok,1.276241744845852,0.9844614424697096,-0.7729647013004421,0.11528538567370061,15.000000000001679,0.2273415420204401,
2467,246,ok,1.5411779274818116,0.571336882419361,-0.5780580426063641,0.10823892431772908,15.000000000001679,0.2227333750051912,
2468,246,ok,1.301128643729752,1.0792503343473523,-0.9193235560642191,0.11422224071587407,15.000000000001679,0.24120179199962877,
2469,246,ok,1.734549155544101,0.34920857968332586,-0.5324926850273267,0.10281266817703218,15.000000000001679,0.26243891697959043,
2470,246,ok,1.0888426684154386,1.0016993364189528,0.43471156144700546,0.12053929677117829,15.000000000001679,0.2175494590192102,
2471,247,ok,1.3028850079820322,1.1645760082529484,-0.9997880265525101,0.10168509772769006,15.000000000001679,0.2318361250218004,
2472,247,ok,1.5231932787459719,0.5519274635181328,-0.4724443813867145,0.11213362979617118,15.000000000001679,0.28445716699934565,
2473,247,ok,0.8018598493407841,1.2140775597621372,0.1590758809983084,0.10683384441059045,15.000000000001679,0.25950208300491795,
2474,247,ok,1.4100045788787434,0.909679642785945,-0.8940438641943907,0.10964461299940355,15.000000000001679,0.2904459580022376,
2475,247,ok,1.5911422461534075,0.5198233238721711,-0.5837899065085682,0.09720052356237871,15.000000000001679,0.29531545902136713,
2476,247,ok,1.596542415294699,0.6304466202575019,-0.8205310620999865,0.10347867932928943,15.000000000001679,0.2423161250189878,
2477,247,ok,1.7979411435573238,0.26087011268706284,-0.4560916473156556,0.10970570225203537,15.000000000001679,0.18182495798100717,
2478,247,ok,1.8099238747726678,0.36957468833412505,0.785835692464616,0.11707930079114988,15.000000000001679,0.2580517499882262,
2479,247,ok,0.7974659997010037,1.203809881061519,-0.04509229628050344,0.1251254556987025,15.000000000001679,0.23389462500927038,
2480,247,ok,1.3264341672590727,0.841135504151293,0.6453376483156643,0.11504491093018045,15.000000000001679,0.23417229199549183,
2481,248,ok,1.6679419704780225,0.47347490611427623,-0.6721246570535041,0.10778629942140057,15.000000000001679,0.24370225000893697,
2482,248,ok,1.2545517095368912,0.9672930821038204,-0.7123316738930746,0.11761006097619126,15.000000000001679,0.2197968749969732,
2483,248,ok,1.4429473856513364,0.6688196570428414,-0.5568267704434556,0.11208530431861946,15.000000000001679,0.2243175419862382,
2484,248,ok,1.4911042345853183,0.7713357484763892,-0.8448526471676542,0.09379709645132522,15.000000000001679,0.27132800000254065,
2485,248,ok,1.428628566395407,0.7085466728555138,-0.6108419472567612,0.1179509077645145,15.000000000001679,0.29636795801343396,
2486,248,ok,0.8617627064542227,1.3827970025630476,-0.6014111922720995,0.12372837731008147,15.000000000001679,0.255506042012712,
2487,248,ok,2.177734168145981,-0.12126070916987408,-0.4927262027156558,0.07794335595100269,15.000000000001679,0.2433446670183912,
2488,248,ok,1.5163687387246365,0.5757797556119749,-0.5205486022041163,0.10730904407653123,15.000000000001679,0.2499862920085434,
2489,248,ok,0.814616830760357,1.2049379527583297,0.17741736666384206,0.11679316882003625,15.000000000001679,0.23632991698104888,
2490,248,ok,1.3801795109977675,0.8452744589136733,-0.7559791050954557,0.10497315393242504,15.000000000001679,0.24192487500840798,
2491,249,ok,1.3272747756667458,0.8892153388738402,-0.7265093025750274,0.11498586406810746,15.000000000001679,0.22484245800296776,
2492,249,ok,2.0373677223765885,-0.014715518874621643,-0.3029663581781494,0.11792925929879244,15.000000000001679,0.23884483298752457,
2493,249,ok,2.023542812301399,0.11894999122349414,-0.7459064134987456,0.10543987508755569,15.000000000001679,0.28577083299751393,
2494,249,ok,1.3261729371091908,1.038523379142759,-0.913398799356425,0.1078872809452309,15.000000000001679,0.30548104201443493,
2495,249,ok,1.418587927813916,0.783148342686523,-0.7291527638518721,0.10076125423085448,15.000000000001679,0.2667196660186164,
2496,249,ok,1.7698432827881265,0.378419231171821,-0.7090987630766707,0.10660865631513833,15.000000000001679,0.24774537500343286,
2497,249,ok,1.5928588328721278,0.5754729630589107,-0.7126864545384587,0.1070939865665062,15.000000000001679,0.24895587502396666,
2498,249,ok,1.137122930926698,1.2424803877294648,-0.8480640288709467,0.11667552321747769,15.000000000001679,0.27330349999829195,
2499,249,ok,1.853520109089025,0.2976993491257974,0.7332866348370579,0.13230903287741697,15.000000000001679,0.24193612500675954,
2500,249,ok,1.3897686694578555,0.8858634480700188,-0.8307567022060253,0.1146626267095024,15.000000000001679,0.22955779198673554,
2501,250,ok,1.684642725801416,0.4780773616798596,-0.722338284022305,0.10496005125591155,15.000000000001679,0.21543283300707117,
2502,250,ok,1.6894315446252737,0.32599685405194195,0.2277990591089949,0.10427707608731777,15.000000000001679,0.24084141597268172,
2503,250,ok,0.9202996101557472,1.0835490618727914,0.08407764541529265,0.1165680729977689,15.000000000001679,0.3211914169951342,
2504,250,ok,1.397795461092697,0.9773000318154976,-0.9528467484998642,0.10874265431604879,15.000000000001679,0.2549007920024451,
2505,250,ok,1.3988158281409133,0.9014143722988607,-0.8659072350234998,0.10242047576218312,15.000000000001679,0.23101700001279823,
2506,250,ok,0.9022957420430877,1.1236463193701225,0.21480650026373263,0.10929578366982623,15.000000000001679,0.19687849999172613,
2507,250,ok,0.7661182279361705,1.2339420193597435,-0.00960778192042473,0.11077880754144052,15.000000000001679,0.24619079200783744,
2508,250,ok,1.4926977638775114,1.0692708888258369,-1.1670004009844535,0.09094805195366007,15.000000000001679,0.23775441700126976,
2509,250,ok,1.5505096991350062,0.5778692086796919,-0.6177575086475295,0.10450642442372257,15.000000000001679,0.25185470801079646,
2510,250,ok,1.7935333338140638,0.21999000438802355,0.21983228840104718,0.09347502389126418,15.000000000001679,0.2134034589980729,
2511,251,ok,0.8114319243253753,1.2768098924664333,0.3679916251492277,0.10843775526976536,15.000000000001679,0.23244150000391528,
2512,251,ok,1.5754567374711372,0.6093443593662831,-0.7403653292914426,0.11321150439886389,15.000000000001679,0.210903416009387,
2513,251,ok,1.4383612060186803,0.7401101670177408,0.6939456518542698,0.11829228726750202,15.000000000001679,0.22254191699903458,
2514,251,ok,0.8239237161347224,1.2577136089696432,0.3575768500621635,0.11671304103050664,15.000000000001679,0.23598883399972692,
2515,251,ok,1.2497092587994894,1.0942081150761407,-0.8609961049477812,0.08972960907454676,15.000000000001679,0.22581387497484684,
2516,251,ok,0.8453148486672771,1.166043778747981,0.13810942912210933,0.12318808536301705,15.000000000001679,0.24636833401746117,
2517,251,ok,1.3412338291460113,0.9033343590353159,-0.7721610300793417,0.11512721185369847,15.000000000001679,0.20975895802257583,
2518,251,ok,1.6886330094597617,0.3336733398687331,-0.27356334252401066,0.11731421642221856,15.000000000001679,0.23883454201859422,
2519,251,ok,2.0180180788109845,0.12753830296946458,-0.7525185443306397,0.1021248746354928,15.000000000001679,0.2375856250000652,
2520,251,ok,1.288010286218156,0.8674634559807947,-0.6134586162609592,0.1224896538977739,15.000000000001679,0.261765250004828,
2521,252,ok,1.6743418637488419,0.48914946712867313,-0.721631030391829,0.10862411495645391,15.000000000001679,0.2185182090033777,
2522,252,ok,1.0495727142454718,1.0860399840214636,-0.5160232278503756,0.11805653179117766,15.000000000001679,0.24831041699508205,
2523,252,ok,1.5236696689758715,0.6466857707499896,-0.7000784649355328,0.10581691271897858,15.000000000001679,0.23988316699978895,
2524,252,ok,1.6647369124755358,0.4522007094595788,0.6129162617855302,0.11381740181973171,15.000000000001679,0.21529000002192333,
2525,252,ok,1.3501358355291488,0.8228232405661472,-0.6611517612687767,0.11427877870955334,15.000000000001679,0.22741879199747927,
2526,252,ok,1.5210794386036086,0.6299248711094879,-0.660739585417974,0.11268352035267938,15.000000000001679,0.2629134170128964,
2527,252,ok,1.3060514574072302,1.0463221731934371,-0.89233906787334,0.11266127988242268,15.000000000001679,0.2578046249982435,
2528,252,ok,1.7538310378058541,0.31485423564071474,-0.4860113805592622,0.09888892799842797,15.000000000001679,0.2466531669779215,
2529,252,ok,1.7170460380971313,0.42480997436529117,-0.6833911618436256,0.11419484548299824,15.000000000001679,0.24851620799745433,
2530,252,ok,0.7725934924785952,1.2513762725302267,0.19095344796451233,0.1213840319251107,15.000000000001679,0.23157974999048747,
2531,253,ok,1.2701573334171887,1.0510792755460576,-0.8443039205968838,0.11916232061726059,15.000000000001679,0.23631487498641945,
2532,253,ok,1.841543548456411,0.3257053341782591,-0.7668246297963407,0.10446683711424988,15.000000000001679,0.22885529199265875,
2533,253,ok,1.4246245302397487,0.8049380867668015,-0.7754882821166488,0.10862530384091193,15.000000000001679,0.26510879199486226,
2534,253,ok,1.130671550508904,1.210868208755895,-0.8097463622505996,0.119366842458885,15.000000000001679,0.2499340419890359,
2535,253,ok,1.0132480957130328,1.050463978778246,0.35362840365056625,0.112964304728749,15.000000000001679,0.2048461250087712,
2536,253,ok,1.4850903207131647,0.7188908782064223,0.7511675437165921,0.11701773472344532,15.000000000001679,0.26189783299923874,
2537,253,ok,1.7581242613311487,0.33306750113512307,-0.5588711501851695,0.09863284616109966,15.000000000001679,0.24542304201168008,
2538,253,ok,1.2962561596990918,0.8874265987907042,0.6651770128916189,0.11777133406515544,15.000000000001679,0.22624179100967012,
2539,253,ok,1.4287684765297595,0.959838334747303,-0.9795116485595797,0.11191272248124919,15.000000000001679,0.3100406669836957,
2540,253,ok,0.864406890589234,1.21091379271349,0.35290541221174127,0.11847270617842864,15.000000000001679,0.25350254101795144,
2541,254,ok,0.7105209913297464,1.3249150515243593,-0.22158608138113522,0.11199997769999225,15.000000000001679,0.20728429200244136,
2542,254,ok,1.2700827277180191,1.1727497140824805,-0.9637256350730877,0.10404791931814324,15.000000000001679,0.25055495800916106,
2543,254,ok,1.7995680054169736,0.31281876151805393,-0.6259907943691759,0.10464357346225726,15.000000000001679,0.24273358401842415,
2544,254,ok,1.3210800252467798,0.9375768011588224,-0.7851811126549797,0.11072401057832558,15.000000000001679,0.24885979099781252,
2545,254,ok,0.9690405238110867,1.0309781678302214,0.00601876784656495,0.09593450823955099,15.000000000001679,0.22091320797335356,
2546,254,ok,1.4800577626243892,0.9775180987327904,-1.0700942679435792,0.08607374872500609,15.000000000001679,0.2621114579960704,
2547,254,ok,0.848592806795754,1.1526290694188723,0.04552205785736834,0.123815959375237,15.000000000001679,0.21631204200093634,
2548,254,ok,1.611514949415476,0.4865109126127779,-0.5534719636525022,0.11597818940655942,15.000000000001679,0.2643285419908352,
2549,254,ok,1.451191548307561,0.7469203267812843,-0.7319482512072645,0.11311539260768888,15.000000000001679,0.23094091701204889,
2550,254,ok,0.5759067526348036,1.4303824491256132,-0.08487893417232693,0.1096465738437208,15.000000000001679,0.2472794170025736,
2551,255,ok,1.4973107525945673,0.743096416191667,-0.8137154729050429,0.1077066395327541,15.000000000001679,0.21479045899468474,
2552,255,ok,1.0254288227258408,1.152356259658518,-0.5770652995431331,0.13618119328033984,15.000000000001679,0.2217402079841122,
2553,255,ok,1.6045926332258962,0.5753256586761414,-0.7382550641724345,0.10424476538263157,15.000000000001679,0.23716862499713898,
2554,255,ok,1.3091158264343967,0.8061239075889199,0.5370699423634352,0.12412161294741653,15.000000000001679,0.23561279100249521,
2555,255,ok,0.9068819247004138,1.120023621132603,0.2192633074268246,0.12062951166817587,15.000000000001679,0.24926387501182035,
2556,255,ok,1.6002155152972821,0.5837138092842772,0.744864498674822,0.12068931446147772,15.000000000001679,0.26128979100030847,
2557,255,ok,1.3959669518171707,1.194473203278452,-1.1401097799463193,0.11454663374205402,15.000000000001679,0.23854904199833982,
2558,255,ok,1.7599828315547326,0.35477793733892965,-0.6251271325903778,0.10589869924268344,15.000000000001679,0.2505384160031099,
2559,255,ok,1.6675974407337637,0.43049726658787313,-0.563509000951769,0.10363218307367084,15.000000000001679,0.24321270899963565,
2560,255,ok,1.5954089694115168,0.7199244517842079,-0.9522270582895433,0.10293486782977038,15.000000000001679,0.2509342500125058,
2561,256,ok,1.4674970170648143,0.7500463945471918,-0.7688715622974054,0.12190181853746472,15.000000000001679,0.22698224999476224,
2562,256,ok,0.6840144955145315,1.355996562746556,0.23051117734233315,0.11164408103606714,15.000000000001679,0.2438309580029454,
2563,256,ok,1.402819149567587,0.728325120958088,0.592236919152518,0.11150248992083357,15.000000000001679,0.21283537498675287,
2564,256,ok,0.7602882235340306,1.2431190607785605,-0.0718987252168187,0.09891282661866327,15.000000000001679,0.25802920799469575,
2565,256,ok,1.5797481565668245,0.5564650635759175,0.641725116774621,0.13141215237936363,15.000000000001679,0.2529211670043878,
2566,256,ok,2.041366665195782,0.03667718911430329,0.5590540242484938,0.12531558253921862,15.000000000001679,0.2554565840109717,
2567,256,ok,1.5245435550737965,0.5870951240466054,-0.5726542262344464,0.109730759338117,15.000000000001679,0.22768049998558126,
2568,256,ok,1.6740845448684862,0.5893284755403461,-0.9014238256481811,0.10551166474542112,15.000000000001679,0.2612217919959221,
2569,256,ok,1.327941982771581,1.018117043735421,-0.8940557979256378,0.12802683561931805,15.000000000001679,0.21499654100625776,
2570,256,ok,0.9395344276670576,1.102031159388118,0.27636371335943877,0.11518715374404356,15.000000000001679,0.2382749579846859,
2571,257,ok,1.3903139878463855,1.0022505566499722,-0.9682298451793506,0.10330575534687347,15.000000000001679,0.24625225001364015,
2572,257,ok,1.6207762958027478,0.5667978434581417,-0.756866817557649,0.0930959844687337,15.000000000001679,0.24776841700077057,
2573,257,ok,1.037927411294841,1.109308637114832,0.5328810441355291,0.12035798454870003,15.000000000001679,0.2131067919835914,
2574,257,ok,1.7110937212550195,0.3419619588828917,-0.4227902282774428,0.09948494891162638,15.000000000001679,0.2821170829993207,
2575,257,ok,1.5504358054570273,0.7357419068121549,-0.8974980003611233,0.09636942101877433,15.000000000001679,0.2421027919917833,
2576,257,ok,0.9153791803452174,1.1090466386872082,0.21005035533157246,0.1157931595031259,15.000000000001679,0.27444083397858776,
2577,257,ok,1.3678711322777002,0.9288655665570561,-0.8507305448915895,0.12346553613024601,15.000000000001679,0.23892758297733963,
2578,257,ok,0.9167339744719665,1.1072606430928944,0.20836895301425187,0.11821984131322244,15.000000000001679,0.213134000019636,
2579,257,ok,0.7075945216667962,1.2974913930795644,-0.084685679400776,0.1135488494806984,15.000000000001679,0.23895774999982677,
2580,257,ok,1.6904098115646196,0.33800146678435145,-0.30861984158988437,0.1113814894150123,15.000000000001679,0.2294658329919912,
2581,258,ok,0.7827715204076889,1.2917953067781016,0.3334327003457247,0.11628029099286928,15.000000000001679,0.2494603749946691,
2582,258,ok,1.0702628873606599,1.2336129007217718,-0.7470699178266246,0.11576403006010626,15.000000000001679,0.241738541983068,
2583,258,ok,0.6978096988248017,1.3047596406390374,0.05982657009724061,0.10873907505749277,15.000000000001679,0.21581741701811552,
2584,258,ok,1.045216366687844,1.0383487373896214,0.40951691334058715,0.11157377321708305,15.000000000001679,0.24950366700068116,
2585,258,ok,1.5235773816062939,0.6133154363962926,-0.6311845679399055,0.10816337778633592,15.000000000001679,0.2515973749978002,
2586,258,ok,1.3411122723442968,1.3150412122353028,-1.1530019887651537,0.1163868399385564,15.000000000001679,0.1923922499991022,
2587,258,ok,0.8048646347333885,1.273263597403951,0.34592091782120427,0.10539025138354917,15.000000000001679,0.30418687500059605,
2588,258,ok,2.002499705628798,0.08472720628776251,-0.5845812148103487,0.10575549967633736,15.000000000001679,0.2978905829950236,
2589,258,ok,0.634211116888228,1.387186860176252,-0.16335175678263492,0.11263924053768529,15.000000000001679,0.20628370900521986,
2590,258,ok,1.0826637239546755,1.0563783340811472,-0.5307908164012776,0.11442578883430424,15.000000000001679,0.2553595830104314,
2591,259,ok,1.5168414451009067,0.6636468360011362,-0.717612841751061,0.1136251555468925,15.000000000001679,0.26728145801462233,
2592,259,ok,0.765308636499805,1.304965090354369,0.3203494708518809,0.11196765589688121,15.000000000001679,0.22259804100031033,
2593,259,ok,1.4491325610984802,0.9180132235832883,-0.9639967817867511,0.10480161061935521,15.000000000001679,0.23795029098982923,
2594,259,ok,1.544252892950606,0.6908540121970359,-0.8190566402915719,0.09799181786273506,15.000000000001679,0.2478716670011636,
2595,259,ok,1.3976807875860626,0.722793494156557,-0.5676751935908243,0.1251603910339683,15.000000000001679,0.21590891701634973,
2596,259,ok,1.4919678541681756,0.6203766808911588,0.5679855414025035,0.13510770036223896,15.000000000001679,0.30897262500366196,
2597,259,ok,0.643299305348747,1.3855995717519507,-0.19064655787816912,0.10852622562128783,15.000000000001679,0.27706704099546187,
2598,259,ok,1.4010525130052223,0.7995351445236679,-0.722379592018239,0.11090048479226339,15.000000000001679,0.28377787498175167,
2599,259,ok,1.4160552750676927,0.7808450854336543,-0.720328977853706,0.10998869476031439,15.000000000001679,0.23377474999870174,
2600,259,ok,1.6333399496200716,0.4176467100319218,-0.40491660468804813,0.10121598296987845,15.000000000001679,0.23891608300618827,
2601,260,ok,1.222132199387647,0.9574109112819649,-0.6376637866981193,0.11659544762704357,15.000000000001679,0.218243707990041,
2602,260,ok,0.9610997416342669,1.0629995442835127,0.21387580357896907,0.11363488873293491,15.000000000001679,0.22967050000443123,
2603,260,ok,0.9230981644776995,1.0813445029005324,-0.09045606066498872,0.11604374586518974,15.000000000001679,0.21030212499317713,
2604,260,ok,0.8574675803624527,1.2160553197544612,0.3473922706212091,0.11796169269814208,15.000000000001679,0.24837204199866392,
2605,260,ok,1.329984611382843,0.8678471847947712,-0.6979176667330088,0.11875616751716454,15.000000000001679,0.2661628749920055,
2606,260,ok,1.596324996676573,0.5337846186297508,-0.6312415943580991,0.10566402595914075,15.000000000001679,0.25194754102267325,
2607,260,ok,1.671693743522268,0.4675846633555433,-0.6680293467717949,0.08996573454381482,15.000000000001679,0.26998216699576005,
2608,260,ok,1.3267366114441355,1.0382915338837517,-0.9139731190503361,0.11171474478927053,15.000000000001679,0.23043100000359118,
2609,260,ok,0.7108907192412857,1.308374009101431,0.16437488681962698,0.11182690553728714,15.000000000001679,0.288883708009962,
2610,260,ok,1.6935366919547388,0.702075802846541,-1.0878691582357451,0.10741775585547768,15.000000000001679,0.21677379100583494,
2611,261,ok,1.7370058644852586,0.4337907847333359,-0.7511178784118777,0.10356622260694168,15.000000000001679,0.24794629201642238,
2612,261,ok,1.785359059866323,0.43057412690936353,-0.851122436268986,0.08188166325366389,15.000000000001679,0.224236333015142,
2613,261,ok,1.5462266924782246,0.6517200771970555,-0.7569400467002896,0.11493347109040286,15.000000000001679,0.2512615830055438,
2614,261,ok,1.0223897451568376,1.0509407933019235,0.38022021669485273,0.10706887711273766,15.000000000001679,0.22599066700786352,
2615,261,ok,0.7319761159569255,1.268722741201071,0.031978197180435375,0.11536563828352504,15.000000000001679,0.22784441598923877,
2616,261,ok,1.04372149529398,1.0672273866598543,0.46828390057880104,0.12592999533198396,15.000000000001679,0.27362699998775497,
2617,261,ok,0.8828482290240303,1.176953303379014,0.31939807556112376,0.11995062871078496,15.000000000001679,0.22391716699348763,
2618,261,ok,0.7860136315502125,1.3294952884834208,-0.41017174551256225,0.1083433529059882,15.000000000001679,0.2285297499911394,
2619,261,ok,2.084031382290709,0.11678001716239804,-0.8925633303097686,0.0872574948964491,15.000000000001679,0.24979129200801253,
2620,261,ok,1.1334650955979522,1.2611964786798815,-0.8596001860306152,0.1197803103783977,15.000000000001679,0.20106624998152256,
2621,262,ok,1.0961563746343552,1.0192063485250782,0.48949219695315094,0.12182291892367395,15.000000000001679,0.2603200419980567,
2622,262,ok,1.373438865167907,1.0995909305129854,-1.03711032389965,0.1044746742808425,15.000000000001679,0.2373888340080157,
2623,262,ok,0.8304649790041332,1.244960432191328,-0.3458140141689301,0.11574866830963744,15.000000000001679,0.2561043749738019,
2624,262,ok,1.6052452315265464,0.582708518300497,-0.7537221697951727,0.10255824167229502,15.000000000001679,0.24468687499756925,
2625,262,ok,0.7328622546853214,1.286619410722475,0.1678547562165106,0.11164182970909922,15.000000000001679,0.276862833998166,
2626,262,ok,1.4489185438985852,0.7226361390982738,0.6838907176701785,0.12073851941929672,15.000000000001679,0.21108462501433678,
2627,262,ok,1.1644218292232305,1.1999732565098022,-0.8460705680213936,0.11427844726117228,15.000000000001679,0.24572358399746008,
2628,262,ok,1.3651682162073469,1.0285742492772425,-0.959174785623286,0.11441691566766411,15.000000000001679,0.22492512498865835,
2629,262,ok,1.7584428328783184,0.4239404735416005,-0.7798445778235887,0.10375185675696195,15.000000000001679,0.2862445419887081,
2630,262,ok,1.3418143006193826,1.0343203901790108,-0.9316268075375809,0.11439961111910768,15.000000000001679,0.22756941700936295,
2631,263,ok,1.5341132672787674,0.7700937882800918,-0.9169701343083749,0.10549065778128625,15.000000000001679,0.25709470800939016,
2632,263,ok,0.7072808387509109,1.2944107441094284,-0.04888749161065007,0.11236150396200893,15.000000000001679,0.23163179197581485,
2633,263,ok,0.6359408123250263,1.3793245900548454,-0.1385018132373314,0.10677450377214018,15.000000000001679,0.21516779100056738,
2634,263,ok,1.2457997071500413,0.9281213185272451,0.6348960564843326,0.12219200186936678,15.000000000001679,0.30871716598630883,
2635,263,ok,1.0067564502011839,0.9932589218668907,0.00556341811065809,0.09290228508975185,15.000000000001679,0.3283874999906402,
2636,263,ok,0.744825601704823,1.4030305385068182,-0.44541288598276124,0.11314428827100863,15.000000000001679,0.640793875005329,
2637,263,ok,1.116474894774161,1.1360442593755282,-0.7071751331197911,0.11041741039561016,15.000000000001679,0.36313808299019,
2638,263,ok,1.0233198002643316,1.2265124920551957,-0.6700003646762946,0.11495960444389691,15.000000000001679,0.30403249998926185,
2639,263,ok,1.7557239287954076,0.4129629401248654,0.7509193596703111,0.12300530992569057,15.000000000001679,0.3546982500120066,
2640,263,ok,1.8791927031500129,0.23791209762815482,0.6530018682109896,0.13701784573817094,15.000000000001679,0.254856750019826,
2641,264,ok,1.9219147699507393,0.15785661499802306,0.5479636229242423,0.1353901528097706,15.000000000001679,0.22195850001298822,
2642,264,ok,1.6788101168304934,0.5185416996813921,-0.7897371162542104,0.08550427753925681,15.000000000001679,0.23993066599359736,
2643,264,ok,1.596492808458498,0.7038675257425562,-0.9321104530231269,0.09642304347270692,15.000000000001679,0.24699541699374095,
2644,264,ok,1.2572152289767817,1.2470480023692823,-1.0068035663599197,0.11001507925605733,15.000000000001679,0.2752228750032373,
2645,264,ok,0.8096538365023325,1.3056394487787621,0.41641657012021555,0.11758650693258019,15.000000000001679,0.2889965419890359,
2646,264,ok,0.8121211422453349,1.309721558497169,-0.4278509353481541,0.10739951875695176,15.000000000001679,0.26011637499323115,
2647,264,ok,0.6514883002481524,1.3565263699124444,-0.10187586928301666,0.1159980800308869,15.000000000001679,0.22594375000335276,
2648,264,ok,0.9050478717370258,1.0949646310383523,0.004757211806733962,0.09658508735837634,15.000000000001679,0.2410739159968216,
2649,264,ok,1.215124004621694,1.0454337001835983,-0.7518839843105359,0.11142930109141672,15.000000000001679,0.245478541997727,
2650,264,ok,1.0318091358183783,1.2495584249034468,-0.7081437249067969,0.11058774550425118,15.000000000001679,0.2610205420060083,
2651,265,ok,1.352990947664433,1.0444708300320955,-0.9578875246094127,0.10763519725754014,15.000000000001679,0.22705124999629334,
2652,265,ok,0.7240621826522,1.3042949661681442,0.20065031833536728,0.11425433402355177,15.000000000001679,0.2320641670085024,
2653,265,ok,1.5049331858078325,0.6318985511589411,0.6269946725648537,0.1348199491393269,15.000000000001679,0.2103733330150135,
2654,265,ok,1.1870498206674627,0.9095369338921528,0.4690176736556182,0.1253715663036632,15.000000000001679,0.23811154198483564,
2655,265,ok,1.5323115925490691,0.9811103556876369,-1.14448359943395,0.09352884698719455,15.000000000001679,0.23201499998685904,
2656,265,ok,1.6754851055781155,0.5489168671878896,-0.8376204872627581,0.10327666404591754,15.000000000001679,0.21922100000665523,
2657,265,ok,1.3346638941809474,0.9166462802793557,-0.7795334684269143,0.11134159129590712,15.000000000001679,0.23477070897934027,
2658,265,ok,0.8642112945758967,1.1501021225649721,0.15663575455170384,0.11418124848847402,15.000000000001679,0.26899170799879357,
2659,265,ok,1.5988587347739665,0.7176357830671196,-0.954929981146853,0.08887741342393651,15.000000000001679,0.2434851249854546,
2660,265,ok,1.2987731290772355,1.031132727604296,-0.864932280177808,0.11366597879489648,15.000000000001679,0.25394875000347383,
2661,266,ok,0.9969834968248585,1.0209585394247298,0.1882920906882823,0.10466000514867516,15.000000000001679,0.2210611669870559,
2662,266,ok,0.968525390646631,1.0333237314489507,0.05981993102159942,0.11778743743428427,15.000000000001679,0.25618820800445974,
2663,266,ok,0.6512065161556355,1.3531933523151463,-0.07557173541901406,0.11558053046160417,15.000000000001679,0.2598701249808073,
2664,266,ok,1.5086254908223822,0.9803681028736123,-1.1118910314961252,0.11552887450201157,15.000000000001679,0.24684599999454804,
2665,266,ok,1.388265154738422,0.7879322299752018,0.6768839344584918,0.11771186751198134,15.000000000001679,0.2448935410066042,
2666,266,ok,0.9225897660980353,1.1842121104592356,0.43088513061772415,0.1271213400901709,15.000000000001679,0.2183524580032099,
2667,266,ok,2.102733732380849,0.07115759187183786,-0.8372909374277551,0.0996170165425678,15.000000000001679,0.23709587499615736,
2668,266,ok,1.2813921082606436,0.9409303999446552,-0.721344104676311,0.12075180022781096,15.000000000001679,0.25732112501282245,
2669,266,ok,1.5965814725693106,0.5982340718124618,-0.7642804989819628,0.08553929754094579,15.000000000001679,0.24794883298454806,
2670,266,ok,0.7903505114048561,1.2341410016455572,0.19522788099410188,0.11569571700943142,15.000000000001679,0.2445175000175368,
2671,267,ok,1.8445050375689271,0.19729572758711728,-0.3904563225784521,0.0828385974043661,15.000000000001679,0.24826737499097362,
2672,267,ok,1.0697625351989064,1.0760865849297938,0.5392363889506165,0.11981081052099618,15.000000000001679,0.23670099998707883,
2673,267,ok,0.9433944289104887,1.117335918118053,0.333012262619332,0.11647564467689732,15.000000000001679,0.2790708750253543,
2674,267,ok,2.1292603475958414,-0.04220633435347342,-0.602613404904432,0.10630943092116964,15.000000000001679,0.24356862501008436,
2675,267,ok,1.2598685147782522,0.8344546217741438,0.47830183548247557,0.11691273565263967,15.000000000001679,0.2371332079928834,
2676,267,ok,0.6435427293443351,1.4019047989243782,-0.23754867910023764,0.11427379542193038,15.000000000001679,0.25514904098236,
2677,267,ok,1.297610000990051,0.8474053106516449,0.5960848905612098,0.12149922067417863,15.000000000001679,0.3002409579930827,
2678,267,ok,0.6224284206382067,1.3815307573701048,-0.07009233010091838,0.11480951952253379,15.000000000001679,0.26124299998627976,
2679,267,ok,1.791496711041749,0.5639689668461385,-1.0711093956699553,0.08720558904356342,15.000000000001679,0.2541991249890998,
2680,267,ok,1.53265275955927,0.5360225336113696,-0.4536457420619894,0.10150974090224843,15.000000000001679,0.23559904101421125,
2681,268,ok,1.0854680106372927,1.097202716097572,0.6026589966932216,0.1178512165071111,15.000000000001679,0.2241143330174964,
2682,268,ok,1.5833139869019222,0.8568183878263819,-1.0954537793569328,0.08784779076717335,15.000000000001679,0.25223149999510497,
2683,268,ok,1.8503025644384785,0.29815907652346957,-0.7261935356006415,0.08507565907927811,15.000000000001679,0.24969695799518377,
2684,268,ok,0.7585653692370282,1.2420397474212266,-0.030293149661779577,0.11468560168228133,15.000000000001679,0.22177162498701364,
2685,268,ok,0.8761614196169825,1.188940767583569,0.3314238294651063,0.11495034618458487,15.000000000001679,0.20620020799105987,
2686,268,ok,1.639497344904264,0.5674399623083553,-0.7973225710821468,0.10822310656409728,15.000000000001679,0.2300857910013292,
2687,268,ok,1.4633178177758552,0.756822240369232,-0.7718860626930089,0.09856409691537697,15.000000000001679,0.2598603750229813,
2688,268,ok,0.7060161761231942,1.294918513849402,-0.03631719751414243,0.118059236437923,15.000000000001679,0.24413375000585802,
2689,268,ok,1.664628559231958,0.4285199946549078,-0.5490344552131986,0.1006261560724021,15.000000000001679,0.21966174998669885,
2690,268,ok,1.570029289965705,0.6614186569148833,-0.8204827599009379,0.10351181039410401,15.000000000001679,0.2676076249917969,
2691,269,ok,1.3532599739954807,1.214223295412314,-1.1017565646482737,0.10286186132970145,15.000000000001679,0.24386275000870228,
2692,269,ok,1.3731580506250916,0.9472073573500077,-0.8815841897280982,0.10837384017729958,15.000000000001679,0.25789479198283516,
2693,269,ok,1.5394559340072533,0.6755544664977421,0.7847092464958373,0.1161473425235118,15.000000000001679,0.2160114999860525,
2694,269,ok,1.8478860395975742,0.33194464549795183,-0.795156682457397,0.1127942027135458,15.000000000001679,0.22589437500573695,
2695,269,ok,1.9075079520575582,0.19100569734046197,-0.6050836306727783,0.108322475113738,15.000000000001679,0.23677762498846278,
2696,269,ok,1.4859022649819154,0.73863099768021,-0.785400395381339,0.11282445761722606,15.000000000001679,0.23684100000537,
2697,269,ok,1.5907200680165619,0.7995425329348252,-1.0436916233055051,0.1048220327233975,15.000000000001679,0.22826741699827835,
2698,269,ok,1.125154067977758,1.0184029560297596,0.5499444698838086,0.12939595153940087,15.000000000001679,0.23762800000258721,
2699,269,ok,1.5441449233758635,0.6504056899163293,-0.7503190938375703,0.10615043260278711,15.000000000001679,0.23280604201136157,
2700,269,ok,0.9582597420013533,1.1795494438848322,0.4950985943333026,0.11719768750707844,15.000000000001679,0.23052508299588226,
2701,270,ok,0.6469450429204024,1.3604501154874307,0.09753888342215442,0.09832243201439592,15.000000000001679,0.2516227909945883,
2702,270,ok,1.2225394493261859,0.897363926927456,-0.5280117380493856,0.1204115583824268,15.000000000001679,0.2669297499815002,
2703,270,ok,0.6164539583856585,1.3962344406286753,0.12442922537080528,0.11160323984389911,15.000000000001679,0.2488385839969851,
2704,270,ok,1.3618056978025386,0.8371525409027987,-0.7087316455744317,0.11357411736949859,15.000000000001679,0.30971366600715555,
2705,270,ok,0.9683092389343002,1.1242282493026157,0.41309396374912344,0.11662786713953782,15.000000000001679,0.26121937501011416,
2706,270,ok,1.7996411060826618,0.4435291452926938,-0.9033861794100759,0.09371643745367852,15.000000000001679,0.2338247089937795,
2707,270,ok,1.145503704237809,0.9158348891016005,-0.36981718285282905,0.11966701338907779,15.000000000001679,0.24361500001396053,
2708,270,ok,0.7360038030902042,1.2867275219256007,-0.1815047387393774,0.11380835447083634,15.000000000001679,0.227848249982344,
2709,270,ok,1.076643039915063,1.0279336790984286,-0.4628685592762068,0.11769994592692415,15.000000000001679,0.24342154199257493,
2710,270,ok,1.056850863962588,1.0532868204399835,0.46975302479689524,0.11585360222762207,15.000000000001679,0.2000138750008773,
2711,271,ok,1.3977054834461249,1.0973226827406373,-1.0671243036126605,0.11302740560266182,15.000000000001679,0.23807304201181978,
2712,271,ok,0.820755264384886,1.2181799557312045,0.24979315922387216,0.11411891673263218,15.000000000001679,0.23753437501727603,
2713,271,ok,2.011947261043266,0.02687172028075977,0.3933148522388787,0.12627291183721204,15.000000000001679,0.21838312500040047,
2714,271,ok,1.652273722210092,0.6928731334419976,-1.0106571168444076,0.09450235678899699,15.000000000001679,0.22472804199787788,
2715,271,ok,1.3898268929935362,1.051906218635045,-1.0162366723481138,0.09866910751353988,15.000000000001679,0.21560233397758566,
2716,271,ok,1.9197087564719046,0.16972696451158384,-0.5791220296612145,0.09134317234694389,15.000000000001679,0.243423707986949,
2717,271,ok,1.3044723883658829,0.8423626341621104,-0.6012686098782332,0.10495792393902754,15.000000000001679,0.221781958010979,
2718,271,ok,0.7623014099592317,1.2961437771719644,0.2927282993017302,0.11798414826589314,15.000000000001679,0.22965220801415853,
2719,271,ok,1.2951625546379335,1.0242552790561592,-0.8516855537617649,0.1098793232002248,15.000000000001679,0.22299091701279394,
2720,271,ok,1.4585265300918546,0.7090444227021538,-0.678773405802975,0.09899074931849929,15.000000000001679,0.24462029201094992,
2721,272,ok,1.5957483810563686,0.7401151810403649,-0.9793381125020454,0.09977568773927248,15.000000000001679,0.21626637497683987,
2722,272,ok,1.6523471746965546,0.6032052778477369,-0.8827319467965733,0.10191938149545926,15.000000000001679,0.29626283299876377,
2723,272,ok,0.7173671957036901,1.2927826604298056,0.1202469462524213,0.10822826920200475,15.000000000001679,0.3054227500106208,
2724,272,ok,1.6761542271676217,0.6003163306558774,-0.9221597578637123,0.09547661126510255,15.000000000001679,0.22332183399703354,
2725,272,ok,1.4618035589976694,0.9000180645839233,-0.962761334317366,0.10152665611183512,15.000000000001679,0.24941108300117776,
2726,272,ok,1.3529159537074835,1.0799075452660007,-0.9918726997643363,0.09912986487905324,15.000000000001679,0.2770960830093827,
2727,272,ok,1.659155830494267,0.6616248846282209,-0.9805866205576629,0.08820600565608727,15.000000000001679,0.22307304199784994,
2728,272,ok,1.7244165163894953,0.43843578485705614,-0.7315254773293166,0.09244815924895744,15.000000000001679,0.25700904201949015,
2729,272,ok,0.7048723329503142,1.3125913523502086,0.1559306156439573,0.11187559064599963,15.000000000001679,0.2181964999763295,
2730,272,ok,0.600582038161092,1.415757582544443,0.13913871570277667,0.11419328862313409,15.000000000001679,0.24095295800361782,
2731,273,ok,1.3354494552744052,1.1298388865583826,-1.013037454513282,0.08988650554453385,15.000000000001679,0.25969658300164156,
2732,273,ok,0.7771971144320936,1.33029025612791,0.39436558374730474,0.11205211716284166,15.000000000001679,0.2619417080131825,
2733,273,ok,1.777452137854414,0.36554512063202843,-0.6984936289426379,0.08502471405004788,15.000000000001679,0.2607891249936074,
2734,273,ok,1.5977331230195937,0.6578943986076404,-0.8668931232309997,0.10316152556050222,15.000000000001679,0.2620785420003813,
2735,273,ok,0.8008599291246531,1.2678100669108794,0.32446036423651736,0.1184742459026778,15.000000000001679,0.2511358339979779,
2736,273,ok,1.7550683645901395,0.5393143198433813,-0.9729657281582444,0.09412939706180747,15.000000000001679,0.23036633298033848,
2737,273,ok,0.9387616628375753,1.112221680414461,0.30516080168895515,0.12220763766712793,15.000000000001679,0.22929225000552833,
2738,273,ok,1.7924125026423403,0.5143043366026311,-1.002721783642317,0.1125677922199684,15.000000000001679,0.2521766250138171,
2739,273,ok,1.4580088983846458,0.9150255635226956,-0.9739714677338164,0.09097359204609788,15.000000000001679,0.23805929202353582,
2740,273,ok,0.7311501247219482,1.3701377029053061,-0.371286939683469,0.10776208616559234,15.000000000001679,0.252673833980225,
2741,274,ok,0.7667660846443524,1.3037263054235508,-0.32114353613562224,0.11293606923047644,15.000000000001679,0.26041283301310614,
2742,274,ok,1.3542764356114643,0.8413212180304048,-0.7010906819135081,0.11810870041422936,15.000000000001679,0.2521387079905253,
2743,274,ok,0.8991467265541124,1.156205192565785,0.3106045054728472,0.10617674453192918,15.000000000001679,0.24557912501040846,
2744,274,ok,1.165746748461117,0.9510067198975243,-0.5085062240007643,0.10359403454860928,15.000000000001679,0.22812941702432,
2745,274,ok,0.6185597286717281,1.3827054176373548,-0.039541579636749494,0.11268534006932923,15.000000000001679,0.23320925000007264,
2746,274,ok,0.8867662412822046,1.3991368568406404,-0.6521639746800063,0.12657933146820932,15.000000000001679,0.22240754202357493,
2747,274,ok,1.5828537717289282,0.8179505168792058,-1.0527037010148474,0.11117917076367612,15.000000000001679,0.24825504200998694,
2748,274,ok,1.3572501630312162,1.0982429399887934,-1.0143777451069242,0.11009148401510305,15.000000000001679,0.2322437500115484,
2749,274,ok,0.8029859317865494,1.2768805141059099,0.3491197728106787,0.11525076586591919,15.000000000001679,0.2118524580146186,
2750,274,ok,0.5929316264612108,1.408881456795104,-0.046333373903249576,0.10894805175692271,15.000000000001679,0.23515200000838377,
2751,275,ok,0.7777331230445009,1.331459656599624,0.39739479101601227,0.11358982934962358,15.000000000001679,0.22165133300586604,
2752,275,ok,0.682428250449261,1.3229933655850636,0.08585064920779588,0.11721666952183545,15.000000000001679,0.21667587500996888,
2753,275,ok,1.6324435936856794,0.7103118280075272,-1.0007879423674777,0.11154867904233985,15.000000000001679,0.2662828329775948,
2754,275,ok,1.3265523830859969,1.3293626952970996,-1.1445465611376264,0.10737326315857852,15.000000000001679,0.32875858299667016,
2755,275,ok,0.6517754906548527,1.3496988428409573,0.04381432660653498,0.11385781549253299,15.000000000001679,0.22914700000546873,
2756,275,ok,1.5105166606760112,0.7691610324522274,-0.8756117964861722,0.11406727675474936,15.000000000001679,0.24806700000772253,
2757,275,ok,1.5050800431093763,0.9709274938191259,-1.0983058377286068,0.0935806494641222,15.000000000001679,0.2003798329969868,
2758,275,ok,0.9493098085039049,1.2267622467803985,-0.5507199737776207,0.11202983065378501,15.000000000001679,0.23348658299073577,
2759,275,ok,0.8651042403608303,1.2210607684069859,0.3763761684479691,0.11882310738677594,15.000000000001679,0.19590579200303182,
2760,275,ok,1.9348399187405814,0.181119163546732,-0.6597560260695765,0.10235658478755583,15.000000000001679,0.22982716601109132,
2761,276,ok,0.6817949199149888,1.3468449842362626,0.19553219224607982,0.11325683698677029,15.000000000001679,0.22710770901176147,
2762,276,ok,1.8121428419573244,0.28784313420387747,0.5936164978876235,0.12791832457594582,15.000000000001679,0.21583679199102335,
2763,276,ok,0.8180044990154269,1.266986452017492,-0.3630736824441768,0.09581883960787412,15.000000000001679,0.2187751670135185,
2764,276,ok,0.8321886893013158,1.2086322498894788,0.2574395049056258,0.11331698497469894,15.000000000001679,0.2575777919846587,
2765,276,ok,1.6625234386349388,0.7554945172163171,-1.1023566969596967,0.09651456474905014,15.000000000001679,0.23185145799652673,
2766,276,ok,1.7492647145692208,0.49631941472624974,-0.8937962514509274,0.0888241532319717,15.000000000001679,0.2889074579870794,
2767,276,ok,0.8676313923920052,1.2704096325103116,0.4695552456637569,0.11360269809221742,15.000000000001679,0.25709758399170823,
2768,276,ok,0.9448733487001215,1.0880367803023707,0.2472018021829835,0.10431033418607541,15.000000000001679,0.3110456250142306,
2769,276,ok,1.429641373484901,1.0602582484601148,-1.0773856770871526,0.08784069087272635,15.000000000001679,0.20304775002296083,
2770,276,ok,0.9162480294653012,1.2591704167733238,0.5391493115225472,0.120036380476632,15.000000000001679,0.2516727920155972,
2771,277,ok,1.752443020360452,0.3905555702389614,-0.6933578925210475,0.08054481109918887,15.000000000001679,0.236337749985978,
2772,277,ok,1.763442578189099,0.37029428483499993,-0.6736386334888699,0.08462970171156865,15.000000000001679,0.20756566699128598,
2773,277,ok,0.8855030982840503,1.118005449062029,0.07874864561615892,0.11170145924470444,15.000000000001679,0.256962667015614,
2774,277,ok,1.3944663093026466,1.1196195321120055,-1.0814187530931116,0.09715621342934339,15.000000000001679,0.2305804170027841,
2775,277,ok,1.574270056664159,0.9320011538122897,-1.1565918363239014,0.08847420313005823,15.000000000001679,0.2771004999813158,
2776,277,ok,1.416315228086498,0.915404417042892,-0.9108244873408047,0.10309942598923694,15.000000000001679,0.2378522919898387,
2777,277,ok,0.9832684759117134,1.3529957833905806,-0.7404069417633625,0.11405785037455068,15.000000000001679,0.23689400000148453,
2778,277,ok,0.7581453624374478,1.2748228860823996,0.2211391960633586,0.1177588348806703,15.000000000001679,0.20762437500525266,
2779,277,ok,0.8045469759344102,1.3110438298548392,0.41549396157359103,0.11736582153095908,15.000000000001679,0.2463835829985328,
2780,277,ok,0.6643687936825998,1.3466326460069444,-0.12040346654223072,0.1141461650971875,15.000000000001679,0.23139366699615493,
2781,278,ok,0.8437913400544655,1.157530218238523,-0.04720691018992949,0.1125862972351569,15.000000000001679,0.2393785409803968,
2782,278,ok,1.4766347856403188,0.7431575544901347,-0.7751111902996963,0.08912805263746208,15.000000000001679,0.25942683400353417,
2783,278,ok,1.4459426721537836,0.9531358693825285,-0.9974094962359992,0.08585437629308663,15.000000000001679,0.2987792499770876,
2784,278,ok,1.4269409333557554,1.156798795581806,-1.151161220747946,0.1060739228485751,15.000000000001679,0.23518945899559185,
2785,278,ok,1.7058110907626838,0.5591977671413554,-0.9131705224975899,0.08319287080179381,15.000000000001679,0.252055457996903,
2786,278,ok,0.8607621921370111,1.2418754950156903,0.4076257920627792,0.11501850789216488,15.000000000001679,0.23658604198135436,
2787,278,ok,1.2035984451908301,1.3113885242712195,-0.9871491542621181,0.10913449806834516,15.000000000001679,0.24749249999877065,
2788,278,ok,0.7663636920371759,1.325522497575495,0.36385904852848316,0.11112067738919275,15.000000000001679,0.24281212501227856,
2789,278,ok,1.8732532635688324,0.3763663127737056,-0.9342865937041099,0.08755927507758492,15.000000000001679,0.23751004098448902,
2790,278,ok,1.4253528960051063,0.9701923678587306,-0.9854578219963221,0.08660340688776309,15.000000000001679,0.2558880829892587,
2791,279,ok,1.1662054880221362,0.9663810634588503,0.5400621578267558,0.12188552496119194,15.000000000001679,0.22761041700141504,
2792,279,ok,1.4219150692663933,0.9437222609628751,-0.9519032525532578,0.11121719433903166,15.000000000001679,0.2731834999867715,
2793,279,ok,1.6454005037350674,0.7957443623229035,-1.121209693507215,0.10205646715356378,15.000000000001679,0.21367425000062212,
2794,279,ok,1.4289098632768449,1.0142386519243412,-1.034436059894429,0.0911058650003404,15.000000000001679,0.22444358398206532,
2795,279,ok,1.1273480221118843,1.4009138187055545,-0.954991785483842,0.12355874980960946,15.000000000001679,0.23128595799789764,
2796,279,ok,0.7366006370626654,1.295866657736935,0.21627929821083225,0.11749164711323805,15.000000000001679,0.23274729200056754,
2797,279,ok,1.4048159266991291,1.0211404553719006,-1.0076416921693956,0.10022448671622843,15.000000000001679,0.2548585839977022,
2798,279,ok,0.6774417383078434,1.3263371630552654,0.07145411759391108,0.11359607903961395,15.000000000001679,0.2884175000071991,
2799,279,ok,1.4303789363562898,1.032663094993982,-1.0536807931176921,0.11050245923732284,15.000000000001679,0.28278058298747055,
2800,279,ok,0.871344197387362,1.2052766035290947,0.35728900545968983,0.11479687367817969,15.000000000001679,0.2249764580046758,
2801,280,ok,0.6922332901330625,1.3225639725621698,-0.14236346686455767,0.09697274664749114,15.000000000001679,0.26196316702407785,
2802,280,ok,1.5872630120937181,0.9520655344055411,-1.192156543990796,0.10355629811465686,15.000000000001679,0.22441991601954214,
2803,280,ok,0.6171541571669927,1.3868305534239687,0.07001773699673984,0.10899680746074944,15.000000000001679,0.20475870900554582,
2804,280,ok,0.7187770880839085,1.285257852065753,-0.07605369366915457,0.10148397246324395,15.000000000001679,0.29713799999444745,
2805,280,ok,0.7275220784469436,1.2994246514365253,0.19616971125259575,0.11128498006794928,15.000000000001679,0.2396160000062082,
2806,280,ok,1.4349985307758828,0.9865001062666846,-1.0158930793796663,0.11428601723518911,15.000000000001679,0.2688504590187222,
2807,280,ok,0.8015752507388803,1.2260210708034252,0.2085173847831929,0.11437047094557871,15.000000000001679,0.20510366599773988,
2808,280,ok,1.8378655483164286,0.3735535498498979,-0.855816404658486,0.09918293365160215,15.000000000001679,0.22472733299946412,
2809,280,ok,0.7095220424847031,1.3526772874357291,-0.29050789071916655,0.10999466325994449,15.000000000001679,0.21000649998313747,
2810,280,ok,0.945175596141629,1.1822463011783746,0.4739575884034713,0.12112320889356795,15.000000000001679,0.22592345901648514,
2811,281,ok,1.286856067800897,0.8950033424094911,0.659530837754983,0.11476272954155754,15.000000000001679,0.2186974999785889,
2812,281,ok,1.4169465851411345,0.9236205980289242,-0.9214906446380839,0.08544228015950335,15.000000000001679,0.20522449997952208,
2813,281,ok,1.0286479588910966,1.0497750939990351,0.3939406698302124,0.12001852480945757,15.000000000001679,0.23983325000153854,
2814,281,ok,0.7707922677790896,1.2976772969558337,0.31759020900646107,0.11158111058151525,15.000000000001679,0.22467958301422186,
2815,281,ok,1.4447667419522183,0.9603800240794322,-1.003265291096102,0.11381118936550438,15.000000000001679,0.21786441700533032,
2816,281,ok,1.0024983364359783,1.0083142435442352,0.146840985421854,0.12376006448699436,15.000000000001679,0.23866329100565054,
2817,281,ok,1.455351593151522,1.0302734001774823,-1.0852090035036255,0.0887945550410556,15.000000000001679,0.2504046669928357,
2818,281,ok,0.7704527425730232,1.2859854052434285,-0.289448764054888,0.10489869653041155,15.000000000001679,0.21099154200055636,
2819,281,ok,1.528301610548349,0.8550409078436929,-1.0123114590348576,0.0887755333468731,15.000000000001679,0.2194380419969093,
2820,281,ok,1.537862513237356,0.7529558731838465,-0.8999455846850156,0.08639364046205275,15.000000000001679,0.20088195899734274,
2821,282,ok,0.6644887667282389,1.3392550321948513,0.07043726732482535,0.11637369743972052,15.000000000001679,0.2574093329894822,
2822,282,ok,1.450021109662263,0.9897817034840741,-1.0402020053098542,0.09453563075666829,15.000000000001679,0.21278420797898434,
2823,282,ok,1.5570046021724355,0.752239321144121,-0.9313198266370475,0.09288935255016276,15.000000000001679,0.25959674999467097,
2824,282,ok,1.4074083580622685,1.0691603955897238,-1.055621104944786,0.10169524557775649,15.000000000001679,0.24615358299342915,
2825,282,ok,1.6979037820624094,0.5973293027169565,-0.9567612910885008,0.10018907053512402,15.000000000001679,0.22155725001357496,
2826,282,ok,0.5607731358967212,1.4392387364114285,-0.0036490001358195486,0.11117028206450137,15.000000000001679,0.263796542014461,
2827,282,ok,1.5177506652464798,0.9577261800399273,-1.1032825413655243,0.1093754028231578,15.000000000001679,0.19938945799367502,
2828,282,ok,1.7595994342339545,0.38907828482587614,-0.7078992841760134,0.08371572265467397,15.000000000001679,0.22605804199702106,
2829,282,ok,1.5719228728250003,0.47550868222634296,-0.38323327118498096,0.09610176313659372,15.000000000001679,0.2092477090191096,
2830,282,ok,0.6287008717533725,1.4658260462979598,-0.3315463366254876,0.10679222989502775,15.000000000001679,0.20907979097682983,
2831,283,ok,0.7907105467300787,1.2237989463476433,-0.1507816070319958,0.10755938209143802,15.000000000001679,0.2484301670046989,
2832,283,ok,1.0994659146483814,1.3316967032717364,-0.8730383731862742,0.11171749358460421,15.000000000001679,0.21963704098016024,
2833,283,ok,1.4365436354634984,1.1786257126705113,-1.1785592461580618,0.11088466780331781,15.000000000001679,0.24057900000480004,
2834,283,ok,0.7631694817562056,1.261340254639652,0.19185786006369698,0.11807553903365088,15.000000000001679,0.2317496660107281,
2835,283,ok,1.459229340303676,0.9910056782785004,-1.0541730058851215,0.09959077515514654,15.000000000001679,0.23696883401134983,
2836,283,ok,1.7276503165514518,0.5880569169787355,-0.9955864335097873,0.09269811123960613,15.000000000001679,0.23233133301255293,
2837,283,ok,0.6612708914940592,1.3484852260187954,0.11317107060361155,0.11188416390724593,15.000000000001679,0.20120287500321865,
2838,283,ok,0.7815686345527542,1.4253686254419464,-0.5297625070634752,0.11240865443360559,15.000000000001679,0.25462708398117684,
2839,283,ok,0.6657455642567605,1.342454822053964,-0.104170510642256,0.1122432697454887,15.000000000001679,0.26912129201809876,
2840,283,ok,1.7934321606878663,0.3501661650835868,-0.7031694192401645,0.08183419267279528,15.000000000001679,0.22062291600741446,
2841,284,ok,1.47849981908367,0.9755849398234968,-1.0660841896932982,0.10612772514043307,15.000000000001679,0.2353168330155313,
2842,284,ok,0.7469969567121192,1.2691413020264146,0.15443450693910082,0.11889382385453157,15.000000000001679,0.23737200000323355,
2843,284,ok,1.6425582305226611,0.9327280105505096,-1.2485703989740677,0.10357794709634568,15.000000000001679,0.297123249998549,
2844,284,ok,0.702743248344828,1.3267765631450572,0.2015397657125251,0.11556799443521408,15.000000000001679,0.2605211670161225,
2845,284,ok,1.50897507964506,0.903230422678736,-1.036389060754865,0.11002870428367335,15.000000000001679,0.2734962920076214,
2846,284,ok,0.6681295569052197,1.3375811965777826,-0.08716899496405224,0.10619256382786806,15.000000000001679,0.26190408298862167,
2847,284,ok,0.879418297459346,1.2190431721616726,0.40433027954753986,0.12241272806867666,15.000000000001679,0.2864304590038955,
2848,284,ok,1.6989488128426755,0.6647553566954837,-1.050499315176422,0.08697143880911705,15.000000000001679,0.2915012500016019,
2849,284,ok,1.6659254375375254,0.6055299375163921,-0.911460810057985,0.10364988735837972,15.000000000001679,0.29489324998576194,
2850,284,ok,1.5225111629098687,0.6196937370799377,0.642491137471026,0.12589833645233273,15.000000000001679,0.2532302920008078,
2851,285,ok,0.8268168118574681,1.244331926594757,0.3355470208572207,0.12227744332160945,15.000000000001679,0.24089049999020062,
2852,285,ok,1.5329736048160576,0.6652404387824123,0.753939644004062,0.1201551340225555,15.000000000001679,0.24468304100446403,
2853,285,ok,0.7602557903895284,1.3072210783062028,0.3131233502592647,0.11768395372789352,15.000000000001679,0.24087691598106176,
2854,285,ok,0.8715555336085731,1.2333867529576956,0.4146241401835877,0.1159616590267279,15.000000000001679,0.254194125009235,
2855,285,ok,1.4807885789441855,0.8332601406042358,-0.9118404005245069,0.08914773719209433,15.000000000001679,0.25771437500952743,
2856,285,ok,0.8157974684258251,1.2326150824490334,0.2768499554005405,0.10845807099653156,15.000000000001679,0.25061466699116863,
2857,285,ok,1.4124689972523599,0.9407961970080262,-0.9344281523618747,0.0859028475295093,15.000000000001679,0.23101625000708736,
2858,285,ok,0.7209913922205422,1.2874339162954695,0.10990070068067753,0.12106141124912556,15.000000000001679,0.2692297920002602,
2859,285,ok,0.7507738997327578,1.251478488482064,0.058111920591539544,0.1117175133947402,15.000000000001679,0.24791120798909105,
2860,285,ok,0.655410881700979,1.347159381738493,0.057987507275171206,0.11003362966029222,15.000000000001679,0.20454866599175148,
2861,286,ok,1.4398976022978476,1.106545918365441,-1.1291788649782801,0.11109622374739733,15.000000000001679,0.23707866700715385,
2862,286,ok,0.8309989978602603,1.205923490293819,0.24495271212543512,0.11857809629228253,15.000000000001679,0.21320420899428427,
2863,286,ok,1.6605705454801596,0.5930743091576846,-0.8820740541270599,0.10517317452744626,15.000000000001679,0.2617276670061983,
2864,286,ok,1.3973413501662761,1.0138053435956702,-0.9899408813480013,0.0905290280448655,15.000000000001679,0.21283679199405015,
2865,286,ok,1.607299278190147,0.7505993686283405,-1.0111424390256134,0.09756011882467629,15.000000000001679,0.2649514999939129,
2866,286,ok,0.6454340006633748,1.4207040364225187,-0.2846071604776779,0.10805504175906662,15.000000000001679,0.18349383299937472,
2867,286,ok,1.5894492917736163,0.6880376840078843,-0.8972758397149978,0.10174610656933636,15.000000000001679,0.249878250004258,
2868,286,ok,1.4100638618814985,0.8422710323673603,-0.8049495214536299,0.09208370944023807,15.000000000001679,0.2723204590147361,
2869,286,ok,0.7480418707090487,1.3004415478018636,0.26492378581781006,0.11669048808879609,15.000000000001679,0.21770941599970683,
2870,286,ok,0.9634549091466398,1.049051459556661,0.1547327870473577,0.12116690998599693,15.000000000001679,0.2599761250021402,
2871,287,ok,0.6255171922773507,1.3967693779880388,0.1654828525908425,0.11068563791802982,15.000000000001679,0.1962097080249805,
2872,287,ok,1.7981334841672802,0.34403982756033735,0.7007709570017621,0.12823623720297486,15.000000000001679,0.2270635839959141,
2873,287,ok,1.542890066600705,1.0168378015107464,-1.1890760484834035,0.09384227419224359,15.000000000001679,0.2675049159734044,
2874,287,ok,1.8196413216159628,0.4018902229784216,-0.8701377361776288,0.08470759410546275,15.000000000001679,0.2854091250046622,
2875,287,ok,1.5458613165597213,0.8071560302396316,-0.9832652103283631,0.09887320283212137,15.000000000001679,0.24603883299278095,
2876,287,ok,0.5780187013517084,1.4542300647524327,0.1903701575672554,0.11305459037749963,15.000000000001679,0.40523762500379235,
2877,287,ok,1.5868439943337804,0.7366004678054568,-0.9601538857932077,0.09187677308219179,15.000000000001679,0.3464013330230955,
2878,287,ok,1.602771646501486,0.605774148800335,-0.7905765153833335,0.08542858349566444,15.000000000001679,0.3068654160015285,
2879,287,ok,1.4789243109502745,0.82974967874678,-0.9042849678759896,0.10009746082098483,15.000000000001679,0.28743920801207423,
2880,287,ok,0.865762881470246,1.240056350461252,0.41476621904078925,0.11922957222131747,15.000000000001679,0.2692073749785777,
2881,288,ok,0.6858862309418255,1.330294968975702,-0.1481050073978841,0.1118173013233065,15.000000000001679,0.2878271249937825,
2882,288,ok,1.6815575431345158,0.5287873128806154,-0.8143518896223849,0.08689593017917108,15.000000000001679,0.23373412498040125,
2883,288,ok,1.4821128333046876,0.8033744445455616,-0.8744974160509598,0.11541792745024891,15.000000000001679,0.21865491700009443,
2884,288,ok,1.427420142906354,1.2323005002950662,-1.2033975828991805,0.0966596508436454,15.000000000001679,0.25101241597440094,
2885,288,ok,1.044093243273478,1.0197931454994473,0.3596181628331114,0.09345033810217232,15.000000000001679,0.2386930419888813,
2886,288,ok,1.352673901109652,1.066652438684196,-0.979075590814645,0.0956715209127847,15.000000000001679,0.2409508750133682,
2887,288,ok,1.493352526308632,0.8768602420797992,-0.9842046799377282,0.08513981494208714,15.000000000001679,0.25366575000225566,
2888,288,ok,1.4533748494660885,0.9838264093633984,-1.0390811742849024,0.0879995574047559,15.000000000001679,0.22410854100598954,
2889,288,ok,1.4275411912218336,1.0229456855041033,-1.0407875475619435,0.08862526680416792,15.000000000001679,0.22823004197562113,
2890,288,ok,0.8741067301749634,1.1397435772475655,0.15498858941983737,0.1181355929264153,15.000000000001679,0.21859733399469405,
2891,289,ok,0.7379913848977957,1.3091035102187027,-0.2594095691975302,0.11589577410112428,15.000000000001679,0.2080969589878805,
2892,289,ok,1.7958912375824114,0.5574618332445046,-1.0697237842915244,0.08507818710932884,15.000000000001679,0.21778079099021852,
2893,289,ok,0.7600154736198251,1.24022413078901,-0.01908268079311408,0.11148464688502864,15.000000000001679,0.2167308329953812,
2894,289,ok,1.3532390284738776,0.7694600037893745,0.5630516725051781,0.11135455579659832,15.000000000001679,0.2382647090125829,
2895,289,ok,1.1283146920312161,0.872958427814444,0.05358487490895293,0.0962082956920124,15.000000000001679,0.23917216699919663,
2896,289,ok,1.771880223474107,0.41526873271936965,-0.7925820694677481,0.08377624840869173,15.000000000001679,0.24005583298276179,
2897,289,ok,1.7345266665385837,0.3574521763606773,-0.5573323999115566,0.12012257710575529,15.000000000001679,0.2390224160044454,
2898,289,ok,1.4264332243160764,0.9433836511733503,-0.9582659520326274,0.09527847041337233,15.000000000001679,0.25844145799055696,
2899,289,ok,0.7996178614793796,1.2941984544688674,0.3758096628916305,0.1170452340180945,15.000000000001679,0.2357575000205543,
2900,289,ok,1.7534860811763855,0.5588718506359762,-0.9989309755883743,0.0840084709985431,15.000000000001679,0.2348022910009604,
2901,290,ok,1.6039339296621946,0.9567756584588354,-1.2183131879519375,0.09753244190001419,15.000000000001679,0.2391550420143176,
2902,290,ok,1.528970118682451,0.7157660767101989,-0.8297546951331539,0.08628470653666268,15.000000000001679,0.22316016600234434,
2903,290,ok,1.521276619622362,0.796534428116688,-0.9305660485431504,0.10888667353425924,15.000000000001679,0.21879729197826236,
2904,290,ok,0.7685824739987087,1.2315288250464804,0.01307947260147986,0.11576818226271993,15.000000000001679,0.2100981249823235,
2905,290,ok,1.974641518106123,0.20693763989822395,-0.8271254426111571,0.09398016166242441,15.000000000001679,0.21133041701978073,
2906,290,ok,0.7182606144254144,1.2960138359971505,0.1424843539737851,0.11543812054945318,15.000000000001679,0.29428641698905267,
2907,290,ok,0.7658652994562092,1.2428535088149317,-0.11523388302616679,0.11228384343162735,15.000000000001679,0.21312754199607298,
2908,290,ok,0.8348741540829603,1.1903184995869365,0.20354537834249326,0.11364478057828895,15.000000000001679,0.2202193340053782,
2909,290,ok,0.5512437008895932,1.574050514395545,-0.3499094932746973,0.10839850137836025,15.000000000001679,0.23120866698445752,
2910,290,ok,1.4614645747651542,0.9979569624161839,-1.063855466745033,0.10274880932515142,15.000000000001679,0.25243554200278595,
2911,291,ok,1.3332214661651531,0.6692626896419419,-0.08134917740556537,0.1014769696251571,15.000000000001679,0.24379845801740885,
2912,291,ok,0.980357635251237,1.0774007810844008,0.33152944703558945,0.1078136789616075,15.000000000001679,0.2226667090144474,
2913,291,ok,0.9953133337059457,1.0419220828698048,0.26969489605906527,0.12451579883569362,15.000000000001679,0.22206666701822542,
2914,291,ok,1.5622071189295552,0.5859351218342396,0.6640117489715336,0.12843348655747344,15.000000000001679,0.22091612499207258,
2915,291,ok,0.6613899510638427,1.4053230990089318,0.2894754752926258,0.11528788636299346,15.000000000001679,0.22686075000092387,
2916,291,ok,1.7328045723252636,0.41290552113138507,-0.6955162119002688,0.08755703716268314,15.000000000001679,0.21655770801589824,
2917,291,ok,0.8301332928437559,1.1734494986762336,0.07704253791930449,0.11239924626893921,15.000000000001679,0.2244343330094125,
2918,291,ok,1.9111615135945825,0.3321683057781276,-0.9332072496472229,0.08673553294436281,15.000000000001679,0.28060337499482557,
2919,291,ok,1.4678159646032454,1.1196324202962655,-1.174494202008143,0.10100198598621006,15.000000000001679,0.19386787500116043,
2920,291,ok,1.894786832728015,0.28522080210330897,-0.8060703715806976,0.09318605751823202,15.000000000001679,0.2474187919870019,
2921,292,ok,1.767550592601443,0.4823159337349406,-0.9060188587501182,0.09922366712580863,15.000000000001679,0.2433835830015596,
2922,292,ok,0.7773786310640215,1.2348844940103711,0.13753471754144964,0.10685408918193416,15.000000000001679,0.2303556670085527,
2923,292,ok,0.8041656971747498,1.195954365550449,0.013895547314532082,0.11458674518614002,15.000000000001679,0.19897395800217055,
2924,292,ok,1.8073158216320733,0.3981209887558995,-0.8368835716258497,0.09483306686538481,15.000000000001679,0.23621308300062083,
2925,292,ok,1.4487502014279952,1.1216305848620904,-1.1521042993965187,0.09988175303293712,15.000000000001679,0.21844837500248104,
2926,292,ok,1.7921666285568172,0.4123237092319099,-0.8313514420782512,0.10067227446231215,15.000000000001679,0.2172645830141846,
2927,292,ok,1.0195349226904753,1.0628306661059321,0.40145373107498,0.11466285828918543,15.000000000001679,0.23162870801752433,
2928,292,ok,1.774064267004234,0.4287962735781818,-0.8237856963673638,0.09482975956647666,15.000000000001679,0.2358652500261087,
2929,292,ok,0.7415665202866711,1.301862301833804,0.2500493119552366,0.11568398777139924,15.000000000001679,0.2358219169836957,
2930,292,ok,0.8438654132873858,1.1830598024305912,0.21146524380603504,0.11700195939867133,15.000000000001679,0.2246383750170935,
2931,293,ok,1.653812456164854,0.6060500170467608,-0.8899433044810724,0.09353878790857473,15.000000000001679,0.29250087501714006,
2932,293,ok,0.6330827577414536,1.371619151277079,-0.07701484991730874,0.10949323252762662,15.000000000001679,0.22919379200902767,
2933,293,ok,0.6840077564934475,1.3610855186157438,0.2442435186871625,0.12240396674188038,15.000000000001679,0.20449120900593698,
2934,293,ok,1.6997880559888745,0.5542073179080291,-0.8938472776105224,0.09753516111293214,15.000000000001679,0.24355070799356326,
2935,293,ok,1.4433727584548257,1.1840027448600445,-1.1905769187471893,0.09239845708505001,15.000000000001679,0.25125279198982753,
2936,293,ok,1.4283553529526845,0.9011156518667822,-0.9124977828665783,0.0911610304742185,15.000000000001679,0.19102537498110905,
2937,293,ok,1.7459984587256332,0.5575066715056706,-0.9837294420325324,0.107609646755942,15.000000000001679,0.22308529101428576,
2938,293,ok,2.0189849350547853,0.2565133624175031,-1.0181132120493546,0.09691260769111062,15.000000000001679,0.2529770419932902,
2939,293,ok,1.4541655367274404,1.046195378988868,-1.0976584865720376,0.09336711126139555,15.000000000001679,0.2538316670106724,
2940,293,ok,0.9731324815512344,1.0383681186383196,0.14916752796389274,0.09212218218018788,15.000000000001679,0.2677401249820832,
2941,294,ok,1.668487776958497,0.6727939379622613,-1.0111258728517358,0.08625134030955137,15.000000000001679,0.25701900001149625,
2942,294,ok,1.7521011688605448,0.48511414003708153,-0.8803291073268544,0.0962297815325979,15.000000000001679,0.26039195799967274,
2943,294,ok,0.8432814578299136,1.1977388133023024,0.2598087862989746,0.11242211889174183,15.000000000001679,0.24975925000035204,
2944,294,ok,1.0808665910010062,0.9726445622079375,0.3358770489051255,0.13133734369044547,15.000000000001679,0.24731100001372397,
2945,294,ok,1.7849059923502744,0.4816343079201059,-0.938325650636634,0.08609594610390582,15.000000000001679,0.24504275000072084,
2946,294,ok,1.5234960122751093,0.8448915816860411,-0.9933602777232359,0.08790227111401677,15.000000000001679,0.24835420801537111,
2947,294,ok,1.3831121839675422,1.0332019012622746,-0.9890908703029179,0.12533606410102846,15.000000000001679,0.24348504102090374,
2948,294,ok,1.5118401212194115,0.8422827198927927,-0.972291752237925,0.09757812361566763,15.000000000001679,0.20310574999894015,
2949,294,ok,1.546778260953038,0.7796663102141007,-0.9504255226636315,0.10032528476373358,15.000000000001679,0.24428004201035947,
2950,294,ok,1.6982339766563936,0.5575174531402829,-0.8962381053466162,0.10158800710811533,15.000000000001679,0.2556002920027822,
2951,295,ok,1.4973060898178185,0.8447812649291336,-0.9525729372319962,0.08855596670722278,15.000000000001679,0.21622937498614192,
2952,295,ok,0.8390366815357875,1.2460887374622471,0.3682395432070241,0.11312323983788619,15.000000000001679,0.22759241698076949,
2953,295,ok,0.5889689921066996,1.4391665909189204,0.1798620608179393,0.10773354693890985,15.000000000001679,0.2372837500006426,
2954,295,ok,0.6241876731661681,1.5938662820210492,-0.47398908685030827,0.11223192799740568,15.000000000001679,0.21198858399293385,
2955,295,ok,0.678682793086365,1.3440996089091348,0.17437032602584607,0.11597260483382123,15.000000000001679,0.21457745801308192,
2956,295,ok,1.7976272064679195,0.4556231290953438,-0.9199802465533696,0.10402142419539388,15.000000000001679,0.25346141698537394,
2957,295,ok,1.7288660285674315,0.4888680125164553,-0.8399153892735596,0.1003361125015888,15.000000000001679,0.21864833400468342,
2958,295,ok,1.9273464683161778,0.27741757957207513,-0.8645080761702089,0.09707014948903633,15.000000000001679,0.21190670898067765,
2959,295,ok,1.4652276612624113,0.941755057436698,-1.0134148907864484,0.09747573483473354,15.000000000001679,0.23790479198214598,
2960,295,ok,0.7380101611588014,1.2621171267402158,0.01370632421640544,0.10952551518677904,15.000000000001679,0.2419934580102563,
2961,296,ok,1.722719836156596,0.5331698345427667,-0.9034228797147628,0.0850589658997713,15.000000000001679,0.22376762502244674,
2962,296,ok,1.6439038872965697,0.7420522333319883,-1.0582945747776158,0.08824727737826843,15.000000000001679,0.2328290419827681,
2963,296,ok,1.589096779179868,0.7537300270500816,-0.985920751441636,0.11048713359661672,15.000000000001679,0.23031754198018461,
2964,296,ok,0.9715547236386356,1.320277023867823,-0.6941867592676783,0.10620515568343523,15.000000000001679,0.23631495898007415,
2965,296,ok,0.7668174152907552,1.310513333633239,0.3355846916884698,0.1021232566185746,15.000000000001679,0.21625800000037998,
2966,296,ok,1.8080538959649757,0.4345836242487994,-0.9047267329111611,0.08256745750106559,15.000000000001679,0.22319366701412946,
2967,296,ok,1.476324805870817,0.8514253377511765,-0.9275296101308607,0.08908997931304725,15.000000000001679,0.22139845800120384,
2968,296,ok,1.6442053554913572,0.5020166826471801,-0.6778327463018445,0.08028673626659646,15.000000000001679,0.26783279099618085,
2969,296,ok,1.3318794701675039,0.9360610632560983,-0.8012096242144915,0.10894687948731868,15.000000000001679,0.2580999170022551,
2970,296,ok,1.4437381679710388,0.9814603057228363,-1.0232090640910847,0.11695030523071596,15.000000000001679,0.2520047500147484,
2971,297,ok,0.8841134723741275,1.3418672188528036,-0.5903540246435978,0.10784560152129938,15.000000000001679,0.2219537500059232,
2972,297,ok,1.6698496463961285,0.6547583308040575,-0.9893041458662704,0.10651833224714775,15.000000000001679,0.2501947080017999,
2973,297,ok,1.9013251322268645,0.3676116556607039,-0.9748566826476165,0.08596592581266854,15.000000000001679,0.22570866599562578,
2974,297,ok,2.262517176723515,-0.11705528365523948,-0.7981609492554603,0.09492208456483868,15.000000000001679,0.2320857500017155,
2975,297,ok,0.9729202319422325,1.1419844865307525,0.45867543684901113,0.11211731706637483,15.000000000001679,0.23177679200307466,
2976,297,ok,1.4759652211841905,1.0831129089801206,-1.1566293254393993,0.08893997061028948,15.000000000001679,0.23384370800340548,
2977,297,ok,1.363834535045288,1.3390697178421462,-1.1929860858823698,0.11890399234226354,15.000000000001679,0.22832437499891967,
2978,297,ok,1.4313489805947557,0.6938316603538492,0.5853923237929108,0.1233377384412586,15.000000000001679,0.2448568329855334,
2979,297,ok,1.4937208289881048,0.6571995204651521,0.6542849433648105,0.12680438776786884,15.000000000001679,0.26055541599635035,
2980,297,ok,0.8891053217233059,1.165582721715302,0.30701152880089105,0.11623000496447111,15.000000000001679,0.18127804200048558,
2981,298,ok,0.8968780739672326,1.1415202394876642,0.2596204544211712,0.11614090201964229,15.000000000001679,0.23009345901664346,
2982,298,ok,0.9956754382699032,1.0237647686377616,-0.19579160201878074,0.12578723719208146,15.000000000001679,0.24403758300468326,
2983,298,ok,1.1541341060459382,0.9564068638117905,0.4928883249168255,0.10855683707904153,15.000000000001679,0.21857237498625182,
2984,298,ok,1.2264865042403013,0.8707234814210276,0.47854329968117887,0.11485456060778367,15.000000000001679,0.22071525000501424,
2985,298,ok,1.6504852261685776,0.791430588303409,-1.1240380148874398,0.09553079291638712,15.000000000001679,0.267379124998115,
2986,298,ok,0.8627367337064167,1.4206426552438716,-0.6392649988569256,0.11681431943398768,15.000000000001679,0.2103045420080889,
2987,298,ok,1.5921973365755484,0.8944115789425332,-1.1457602724051519,0.09678103293987146,15.000000000001679,0.2388442079827655,
2988,298,ok,1.5167460051736015,1.012087233334111,-1.1508895731861628,0.08684140499827633,15.000000000001679,0.2563930000178516,
2989,298,ok,0.9038002155234256,1.1584325383624778,0.3295740236929606,0.11646823944803693,15.000000000001679,0.2336752080009319,
2990,298,ok,1.381301179562342,0.8581868244719892,-0.77733880698892,0.12131130543169882,15.000000000001679,0.23721345799276605,
2991,299,ok,1.5668033412076576,0.9977584808701103,-1.2043191634079775,0.0875223775494443,15.000000000001679,0.2403088329883758,
2992,299,ok,1.6846905792942262,0.3176485875496082,0.08874724214806262,0.09325313911513193,15.000000000001679,0.22082249997765757,
2993,299,ok,1.4075567050062405,1.223327031826726,-1.1738803083436324,0.09403030253180258,15.000000000001679,0.23503016598988324,
2994,299,ok,1.4558198327378902,0.9205499803112673,-0.9768311217334207,0.09490003679276499,15.000000000001679,0.2144052920048125,
2995,299,ok,1.6597354487299598,0.5911993433410017,-0.8774978459050574,0.09933853248861028,15.000000000001679,0.23165045800851658,
2996,299,ok,0.6745168179138177,1.3449697086287944,0.16096041449603604,0.11249832422295102,15.000000000001679,0.25341475001187064,
2997,299,ok,0.6631408471195853,1.3370544916139975,-0.01609459627657541,0.11239882725159851,15.000000000001679,0.21702962499693967,
2998,299,ok,0.8416715412014838,1.172508476175058,0.15384655103822217,0.11774277122394948,15.000000000001679,0.20222341699991375,
2999,299,ok,0.7261745571650953,1.3153245176740533,0.24196894713093767,0.1117160602119309,15.000000000001679,0.2313380420091562,
3000,299,ok,1.794527511694287,0.4435552818000323,-0.8932014495146728,0.09533810858904604,15.000000000001679,0.28491899999789894,
3001,300,ok,0.7419547679920124,1.5511810535758528,-0.5908116714121341,0.10339148157275155,15.000000000001679,0.19313441700069234,
3002,300,ok,1.59437304404916,0.8402316467413619,-1.0940579373919515,0.0894438344245331,15.000000000001679,0.24930370802758262,
3003,300,ok,0.825812114188858,1.1959770881007428,0.188448414910051,0.1138741426225067,15.000000000001679,0.24415412501548417,
3004,300,ok,0.622768949210591,1.3778934673844998,0.028716305089324465,0.10787118005731267,15.000000000001679,0.22120291698956862,
3005,300,ok,1.704910095191309,0.7049180948776842,-1.1088197742239227,0.08386368829874563,15.000000000001679,0.25426174997119233,
3006,300,ok,1.7465123552712278,0.49038609048046733,-0.8782774341289907,0.08924701317297377,15.000000000001679,0.24381241601076908,
3007,300,ok,1.4631075025790727,1.0972186468729719,-1.1513771721505093,0.09205543046091098,15.000000000001679,0.22205820798990317,
3008,300,ok,0.6947328378099411,1.3306584367496614,0.18610638795336132,0.11524300261476966,15.000000000001679,0.24620900000445545,
3009,300,ok,1.6469536526175281,0.7531245690818347,-1.0759916327011363,0.08473247937218896,15.000000000001679,0.22331079101422802,
3010,300,ok,0.806435127621294,1.2185348032134173,0.19912247807035838,0.11904727894776165,15.000000000001679,0.23783225001534447,
3011,301,ok,1.4340602564058347,1.15130230452289,-1.1559589269064066,0.08807525065384374,15.000000000001679,0.2400387499947101,
3012,301,ok,0.7521420525034569,1.2718456924724546,0.18843824339340937,0.11641420820629479,15.000000000001679,0.2589754159853328,
3013,301,ok,1.1184038104748992,0.9283848361401096,0.32010626965168065,0.10142954855365872,15.000000000001679,0.26428441700409167,
3014,301,ok,0.5722969400559739,1.4277257280975033,0.005093654473774934,0.10998006866660406,15.000000000001679,0.204678416979732,
3015,301,ok,0.625618006526201,1.3776974921582459,0.06432323704293298,0.11297086030192256,15.000000000001679,0.27403975001652725,
3016,301,ok,0.6604828441333166,1.3409129479918986,-0.04291672482500502,0.11503456316067276,15.000000000001679,0.22936662498977967,
3017,301,ok,1.5688621151346167,0.8903440386491698,-1.109050036627396,0.09868255099690225,15.000000000001679,0.24845870901481248,
3018,301,ok,1.8109062671873393,0.43594483252421207,-0.9127502076859078,0.09146627321596894,15.000000000001679,0.2720941659936216,
3019,301,ok,1.4941860286778108,0.9882861847630785,-1.0995576584948694,0.10871480200066783,15.000000000001679,0.255908624996664,
3020,301,ok,1.0189334328983704,1.3188012970566818,-0.7577556781617666,0.10986015882239501,15.000000000001679,0.24892879201797768,
3021,302,ok,1.2509925450113817,1.266857195088949,-1.013648842193987,0.11951082367291974,15.000000000001679,0.2830372499884106,
3022,302,ok,1.445330614534373,1.007533453606459,-1.0507096361983101,0.08775538736092026,15.000000000001679,0.24358191702049226,
3023,302,ok,0.5799413164456088,1.449143588966215,0.181353646072097,0.1129576767947422,15.000000000001679,0.26806608302285895,
3024,302,ok,0.8376321916737246,1.1880432738605298,0.20580078572493504,0.11856995113081474,15.000000000001679,0.25199737498769537,
3025,302,ok,2.395879498841024,-0.27789480093810776,-0.7425859201640267,0.08904440924755941,15.000000000001679,0.2368147079832852,
3026,302,ok,1.459903091544051,1.1864573717863407,-1.2122150917964558,0.1035603019439943,15.000000000001679,0.22634470800403506,
3027,302,ok,1.686996828118484,0.6030900095281093,-0.9458333767644529,0.0908741990744908,15.000000000001679,0.21299150001141243,
3028,302,ok,1.1518173496044177,1.1469977031943688,-0.7739963103878877,0.1280263351350515,15.000000000001679,0.24918541699298657,
3029,302,ok,1.7664306791648299,0.5529878161697825,-1.013130339167487,0.0897020809314226,15.000000000001679,0.21218129200860858,
3030,302,ok,1.4576568053374552,0.932344187434875,-0.9924083978093385,0.10732241153512208,15.000000000001679,0.2522759170096833,
3031,303,ok,1.607600208604233,0.869504802982201,-1.142960646839628,0.093277520699093,15.000000000001679,0.21268308299477212,
3032,303,ok,0.5702327955296853,1.4336373478366355,-0.06632335434882419,0.10804795285579645,15.000000000001679,0.21933412499492988,
3033,303,ok,1.6838652648737997,0.6419275626057032,-0.9955106654568927,0.09051407602051038,15.000000000001679,0.2348125419812277,
3034,303,ok,1.8184541934046272,0.4286322538152588,-0.9151934548286285,0.09186239309355164,15.000000000001679,0.2477742499904707,
3035,303,ok,0.7678982782248853,1.298838460076059,0.3131138141830077,0.1117565610862277,15.000000000001679,0.24451362498803064,
3036,303,ok,1.5938351351193831,0.7692396723314275,-1.012689218752807,0.09796985708406383,15.000000000001679,0.2190094169927761,
3037,303,ok,1.2158887377452519,0.8959968413323494,0.5094727158814221,0.11911924859628811,15.000000000001679,0.2478950420045294,
3038,303,ok,1.4349845940349168,1.038441944474347,-1.0651698883141976,0.08932365344912241,15.000000000001679,0.2308761659951415,
3039,303,ok,1.8484700560283116,0.3607902733144684,-0.8543026512734547,0.09224376819634093,15.000000000001679,0.2429924579919316,
3040,303,ok,1.829283129960768,0.4158605130247557,-0.9147561726301026,0.0841081745435948,15.000000000001679,0.21848824998596683,
3041,304,ok,1.27992266200205,0.8349509608578802,0.5299648640244349,0.128861499751026,15.000000000001679,0.2310773329809308,
3042,304,ok,1.6223035165293365,0.6715330498682986,-0.9311521154737429,0.09355221732637473,15.000000000001679,0.24199908401351422,
3043,304,ok,1.538248118817053,0.8853167632220198,-1.0600417712007237,0.08595209677161825,15.000000000001679,0.2282757089997176,
3044,304,ok,0.710865737423998,1.3244875752818328,0.22138893534851029,0.11332686547395027,15.000000000001679,0.23878499999409541,
3045,304,ok,1.7953634529468296,0.4225357397801954,-0.8572843378403386,0.08825307774934958,15.000000000001679,0.21274541699676774,
3046,304,ok,1.29863219204848,0.7305968116368784,0.27397283733644356,0.11646710277691735,15.000000000001679,0.24613466701703146,
3047,304,ok,1.2831580042169317,1.194069808779488,-0.9984843467302069,0.11051230310917559,15.000000000001679,0.242966833000537,
3048,304,ok,1.4673963137022976,0.9334169074197933,-1.0077958365111133,0.10817022523557035,15.000000000001679,0.2235322909837123,
3049,304,ok,1.5452227023742071,0.764552669497417,-0.9281072639984501,0.09908449402855493,15.000000000001679,0.23356391600100324,
3050,304,ok,1.2181019000630366,0.8547048441267858,0.4148147114924086,0.10603456495576577,15.000000000001679,0.21758416600641795,
3051,305,ok,0.905239870407556,1.1437221829229667,0.2936792858839035,0.1201289255389103,15.000000000001679,0.22321612501400523,
3052,305,ok,0.7793265808990523,1.2674601433463897,0.26596104622616273,0.11708248441672855,15.000000000001679,0.21772266700281762,
3053,305,ok,1.834054279236064,0.21966557092654132,-0.44064091938879235,0.09150541498937033,15.000000000001679,0.24823183301487006,
3054,305,ok,1.524710317162713,0.9093531602760426,-1.0654722062365425,0.09228661074072725,15.000000000001679,0.27492762499605305,
3055,305,ok,1.8620743606007704,0.27157553668336665,-0.6927263521877705,0.09450039212793798,15.000000000001679,0.4377331660070922,
3056,305,ok,0.901774549071693,1.1163980004617025,0.1801245229428176,0.0979523711379439,15.000000000001679,0.29757941598654725,
3057,305,ok,1.5942786619289548,0.8112948581305309,-1.0624050722653122,0.08876259208916894,15.000000000001679,0.37947137499577366,
3058,305,ok,1.6776807714491815,0.8078267310755287,-1.1803964028038465,0.09724108474042997,15.000000000001679,0.3141399580053985,
3059,305,ok,1.0636482279260129,1.5290168411549536,-0.9536888469802345,0.10138670389158758,15.000000000001679,0.2869701249874197,
3060,305,ok,1.757973254949833,0.49983414104912166,-0.916500060423939,0.09995263977899248,15.000000000001679,0.28549354200367816,
3061,306,ok,1.5233104311807821,0.8486652968119981,-0.9974482798517301,0.10124547101331681,15.000000000001679,0.27935575001174584,
3062,306,ok,1.4292780672402385,1.0435313916169966,-1.0620751360764795,0.1074111289864709,15.000000000001679,0.21448824999970384,
3063,306,ok,1.425694209962581,1.228301403207952,-1.198784908159096,0.10733182675780219,15.000000000001679,0.23013158401590772,
3064,306,ok,1.6523448143200312,0.5020748781932631,-0.6974695082013055,0.08299176781030722,15.000000000001679,0.24265291698975489,
3065,306,ok,0.5414761960271217,1.4596109476960937,-0.03429494152332028,0.11267996255419165,15.000000000001679,0.22215904199401848,
3066,306,ok,1.4983072801105943,0.9947515382905218,-1.1110356591321155,0.10274300447622074,15.000000000001679,0.21373091600253247,
3067,306,ok,2.0918568193923166,0.08520645428599065,-0.8422770506965701,0.08131933559026759,15.000000000001679,0.2244234159879852,
3068,306,ok,1.8168946634953538,0.21911767483301228,0.35995049957698144,0.11754645924239865,15.000000000001679,0.21111954198568128,
3069,306,ok,0.7382504299515907,1.309392774059419,0.2609125462724316,0.11041267023965785,15.000000000001679,0.21300162500119768,
3070,306,ok,1.4818700103727005,1.206326030040756,-1.2514073505662016,0.10057670042828522,15.000000000001679,0.18973199999891222,
3071,307,ok,2.078583293712458,0.08932934986812532,-0.8184413086013985,0.10053119149349171,15.000000000001679,0.24668158299755305,
3072,307,ok,1.3588658617308706,0.7644709309406263,0.5656715917269127,0.11467348468012366,15.000000000001679,0.24092495799413882,
3073,307,ok,1.7852905556462806,0.40041007775165766,-0.7928268718461476,0.09417712845573496,15.000000000001679,0.22366658298415132,
3074,307,ok,1.5387947214611635,0.925368811202173,-1.1013886702067115,0.09564170268450423,15.000000000001679,0.2352649999957066,
3075,307,ok,1.2563955147747343,1.255428102687269,-1.0119991992478004,0.1149118249289903,15.000000000001679,0.2261797080282122,
3076,307,ok,1.705518920457055,0.5669592138684658,-0.9247642366141291,0.09848040882606618,15.000000000001679,0.23436070900061168,
3077,307,ok,0.9773419943475384,1.0435126751896933,-0.20082174033815794,0.09027853831888197,15.000000000001679,0.20526737498585135,
3078,307,ok,0.6526414040265828,1.349609003373393,0.05415121196093543,0.11698326056649723,15.000000000001679,0.2237828339857515,
3079,307,ok,1.681402539662446,0.6491485379796604,-1.001156744940988,0.10061675946934749,15.000000000001679,0.2176170829916373,
3080,307,ok,1.6602205516205233,0.7105572993116079,-1.0457866903267512,0.09314565677619639,15.000000000001679,0.23312833299860358,
3081,308,ok,1.4468249443222907,0.8435316456307131,-0.8694155306040913,0.08752988375410371,15.000000000001679,0.1991406670131255,
3082,308,ok,0.9307046382491969,1.3288024225576718,-0.6447518403960693,0.10581249952879909,15.000000000001679,0.23257787499460392,
3083,308,ok,1.6142643907705443,0.7605565248206873,-1.0342288891465101,0.08342267124328194,15.000000000001679,0.23373220799840055,
3084,308,ok,0.8213798807528618,1.2126190681029523,0.2338721372684703,0.10535471219137825,15.000000000001679,0.25364620800246485,
3085,308,ok,1.4439746284748112,1.1475059590276218,-1.1654684199005796,0.09857746815326646,15.000000000001679,0.24199524999130517,
3086,308,ok,0.8875062721314625,1.1671660250502536,0.306683800097251,0.11683619067950078,15.000000000001679,0.20544516600784846,
3087,308,ok,2.5060149459309677,-0.3854499064894552,-0.7679450845332891,0.08501000680366322,15.000000000001679,0.23600599999190308,
3088,308,ok,1.4958129297628473,0.6006040365330323,0.5283438825973756,0.11511697448762352,15.000000000001679,0.21844762499677017,
3089,308,ok,1.4883435900250286,0.8990088358541807,-1.001491437028507,0.10595479389241404,15.000000000001679,0.2625643750070594,
3090,308,ok,1.2285529201173737,0.8567467920816682,0.44979370839682675,0.10571421655505751,15.000000000001679,0.19328108298941515,
3091,309,ok,0.8906776849781235,1.1818197457071957,0.35197700209438626,0.11781882551934579,15.000000000001679,0.23276170800090767,
3092,309,ok,1.2329964755919995,0.7918310144470435,0.24618694354135112,0.10371394168459051,15.000000000001679,0.2236013340007048,
3093,309,ok,2.061751528686089,0.11495703049062996,-0.835124163907811,0.08498873541637585,15.000000000001679,0.2128073750063777,
3094,309,ok,1.4433025672771322,1.0960191705859084,-1.125140418241462,0.09221127001922638,15.000000000001679,0.25481820802087896,
3095,309,ok,1.653646272929299,0.6726931604045912,-0.9863075329410242,0.08320858297093722,15.000000000001679,0.2458432090061251,
3096,309,ok,2.145877982139599,0.035753435796476836,-0.8640183732109942,0.08978644315185504,15.000000000001679,0.24073545800638385,
3097,309,ok,1.5760495801440262,0.9116890295378086,-1.13996118821818,0.10316182436553363,15.000000000001679,0.2383742920064833,
3098,309,ok,1.8747528709253969,0.38830246609526753,-0.9576687246895045,0.0880428705815553,15.000000000001679,0.26074899997911416,
3099,309,ok,1.6038895572025043,0.905638486343257,-1.1725334064026354,0.10121575003159634,15.000000000001679,0.2512109999952372,
3100,309,ok,1.6845172526513341,0.7214521939446901,-1.0967743077366245,0.08741495427602294,15.000000000001679,0.24629100001766346,
3101,310,ok,1.3519378907247652,1.1612711874896997,-1.0603160092361092,0.11804298321710399,15.000000000001679,0.24792887500370853,
3102,310,ok,1.110106686531601,0.8962680134839512,-0.11879628539439678,0.09279674895722674,15.000000000001679,0.21288862501387484,
3103,310,ok,0.9407931154855035,1.1526017188538942,0.40866592622280756,0.11168266591943547,15.000000000001679,0.22749574997578748,
3104,310,ok,0.8645317753087962,1.1786059793257915,0.26967953819160395,0.11091590987617592,15.000000000001679,0.212779291003244,
3105,310,ok,1.4795106584090216,0.8010339720755701,-0.8668519205891001,0.10696198674212112,15.000000000001679,0.27376487498986535,
3106,310,ok,0.7274174691015373,1.2805303886416528,0.10723643357532373,0.11691871196091586,15.000000000001679,0.2009672089770902,
3107,310,ok,1.6015920651429083,0.6991417236604605,-0.9342723842689817,0.10037990101611899,15.000000000001679,0.22606333400472067,
3108,310,ok,1.5333569984901942,0.7334074496008459,-0.8642493830441675,0.09696161413509125,15.000000000001679,0.2610512079845648,
3109,310,ok,0.9162294166425156,1.1417964892696675,0.32087860335525076,0.10919339544052177,15.000000000001679,0.2472812499909196,
3110,310,ok,1.704254319180705,0.6944057889575523,-1.0954024559670008,0.08832827696276922,15.000000000001679,0.2480316250002943,
3111,311,ok,1.5716578555496605,0.963285734041282,-1.181241696550132,0.09993813986697087,15.000000000001679,0.22194916600710712,
3112,311,ok,0.7039954815247276,1.343593662594541,0.25444126674182355,0.11311604319916556,15.000000000001679,0.26520512500428595,
3113,311,ok,1.6705485077169713,0.6936300996768324,-1.041215635766692,0.08981289041744615,15.000000000001679,0.23236387499491684,
3114,311,ok,0.8294342289354298,1.2293685025972652,0.3067380565572681,0.11597908565151034,15.000000000001679,0.2241748750093393,
3115,311,ok,1.6708151619608909,0.667240537659956,-1.0076584346798643,0.09198987559012999,15.000000000001679,0.23428620799677446,
3116,311,ok,1.5507090293775136,0.522266436909094,0.47010850907806956,0.12067918249071688,15.000000000001679,0.23515466699609533,
3117,311,ok,0.9010450208280063,1.1879684229888923,0.39049564337620424,0.11578492740390359,15.000000000001679,0.18311129198991694,
3118,311,ok,1.6037277072876135,0.8431416921414107,-1.1106851104883626,0.09445790621066454,15.000000000001679,0.2287381250062026,
3119,311,ok,0.7314393244529759,1.3470881357763558,-0.3297113630317147,0.102372132427563,15.000000000001679,0.2569025840202812,
3120,311,ok,0.7413308068170599,1.2952308500086276,0.2299387100000156,0.11205272178201565,15.000000000001679,0.23941670800559223,
3121,312,ok,1.4352150672803445,1.135097444393665,-1.1453322044953396,0.09492320506341846,15.000000000001679,0.22731966600986198,
3122,312,ok,0.9129130694998384,1.1982704896121557,-0.43662348154546626,0.10652287637038511,15.000000000001679,0.21802541700890288,
3123,312,ok,0.731323840938745,1.2712407250120992,0.06119215182119294,0.09134372776510663,15.000000000001679,0.29359737498452887,
3124,312,ok,1.5416533634696619,0.8825151821870331,-1.0620370874196636,0.10726489564362769,15.000000000001679,0.2652212909888476,
3125,312,ok,1.4428163618930088,1.1733933027791792,-1.182556731094058,0.09944010380440536,15.000000000001679,0.2855742500105407,
3126,312,ok,1.6273160240679712,0.8321880295560767,-1.133301656169385,0.08872230427638508,15.000000000001679,0.24930241701076739,
3127,312,ok,0.5476424652947356,1.4784321604011421,-0.1669708312558683,0.11224786410267469,15.000000000001679,0.2816346670151688,
3128,312,ok,0.7225366027241276,1.2958974299029073,0.16216877954400605,0.09769244612395905,15.000000000001679,0.2628356250061188,
3129,312,ok,1.781166409951263,0.5029331041601958,-0.9650619095784698,0.106858024500586,15.000000000001679,0.26973645799444057,
3130,312,ok,1.568486268935109,0.7460475418064529,-0.9422061390313371,0.10005530539165461,15.000000000001679,0.25668954200227745,
3131,313,ok,1.1182171270349097,0.9670457494313274,0.4282698441710779,0.10129313037058654,15.000000000001679,0.203655583987711,
3132,313,ok,0.8567163622381951,1.1463783633702027,-0.07275319102357328,0.11131141359013567,15.000000000001679,0.25288941600592807,
3133,313,ok,1.6614427208636913,0.7388304981617647,-1.0815929929248076,0.0855165807514578,15.000000000001679,0.23311099997954443,
3134,313,ok,0.7520048761015594,1.2566749116859262,0.11392605831589236,0.0976615889275109,15.000000000001679,0.22684637500788085,
3135,313,ok,1.7776273840530143,0.45434336610405696,-0.8780117804611879,0.07959448013637063,15.000000000001679,0.21426179198897444,
3136,313,ok,1.467812034907692,1.0434268716873933,-1.1133014057343558,0.09777891665227359,15.000000000001679,0.21651950001250952,
3137,313,ok,1.3928049983339121,1.061882066746371,-1.0294855543871748,0.0979552395370558,15.000000000001679,0.27485387498745695,
3138,313,ok,0.626728155379117,1.3784872897432008,-0.08068538736449454,0.11299174637173408,15.000000000001679,0.25891604099888355,
3139,313,ok,0.6495242886084384,1.3896889638575307,0.2222661482435043,0.11906915781874046,15.000000000001679,0.2471446669951547,
3140,313,ok,1.4025391592743781,1.2692372084929215,-1.1971223144887333,0.11834811669107582,15.000000000001679,0.25020254199625924,
3141,314,ok,1.6239488660138828,0.562333155018386,-0.7551979623041812,0.08268423979312695,15.000000000001679,0.21491216702270322,
3142,314,ok,0.705341064456194,1.4124516988589193,-0.3902473715919517,0.11304943439744826,15.000000000001679,0.23192416699021123,
3143,314,ok,0.889388064605215,1.142383012354542,0.23559336146025076,0.1020175598951037,15.000000000001679,0.2384852499817498,
3144,314,ok,0.9329413114746818,1.0697970101060172,0.07142750344506177,0.09937008280898908,15.000000000001679,0.2125235830026213,
3145,314,ok,0.7792327334283082,1.303869665775771,0.3501516965816615,0.11422944644876402,15.000000000001679,0.2094881670200266,
3146,314,ok,0.7009683731133912,1.3026136330423308,-0.0707736906400783,0.11712696088684352,15.000000000001679,0.2340058329864405,
3147,314,ok,0.6367217698301623,1.3685442974517263,-0.08172091467256247,0.10847301315992634,15.000000000001679,0.25625599999330007,
3148,314,ok,1.4488348913326663,1.0490259862036637,-1.0930557933733414,0.09375782085941452,15.000000000001679,0.20276250000461005,
3149,314,ok,1.002060457510134,0.9999539830512781,0.06350688537801179,0.11925157139080989,15.000000000001679,0.25891683300142176,
3150,314,ok,0.777129815762065,1.2283116665796192,0.09180341284100692,0.11434969145850099,15.000000000001679,0.22112624999135733,
3151,315,ok,1.9486037152442852,0.18132131581488772,-0.6996172401781847,0.10227621992949,15.000000000001679,0.3159515830047894,
3152,315,ok,0.7401835350788089,1.2675236346958074,0.10653656589416274,0.11171536872454961,15.000000000001679,0.26657716699992307,
3153,315,ok,0.6354451383018862,1.3815431033049823,-0.1459506448148533,0.11189813665404434,15.000000000001679,0.24486445900402032,
3154,315,ok,0.9198047379309487,1.1930340761478464,0.44141449190263504,0.11570160398202303,15.000000000001679,0.20454924998921342,
3155,315,ok,1.5356632338849545,0.8363291721053832,-1.0020637565609554,0.08674977410966875,15.000000000001679,0.24156016600318253,
3156,315,ok,1.9529550421092914,0.2792234014142384,-0.9235590366943092,0.08883354615360017,15.000000000001679,0.222451708978042,
3157,315,ok,1.6085721605108492,0.615239580016066,-0.8185004427710836,0.08644111467752866,15.000000000001679,0.26240708300611004,
3158,315,ok,1.1956324169346104,1.3497773407676144,-1.0033680131664866,0.12394665716337341,15.000000000001679,0.2793438750086352,
3159,315,ok,0.7373534188970626,1.2897042459966068,0.197914138463977,0.11655259648934209,15.000000000001679,0.2025178330077324,
3160,315,ok,1.145888334687577,0.8838206157081245,0.25923668269532807,0.12123536916200159,15.000000000001679,0.22980758399353363,
3161,316,ok,1.1827403737407882,0.9697306514690792,0.5808785252995428,0.11888460744977208,15.000000000001679,0.2027690410031937,
3162,316,ok,1.561896671269188,0.6605656295866142,-0.8033908009661714,0.08298845884396516,15.000000000001679,0.19868650002172217,
3163,316,ok,2.4889344462478333,-0.42996767233609007,-0.5385645635581076,0.08086323155886303,15.000000000001679,0.24272904198733158,
3164,316,ok,1.6243319468003556,0.825144528207123,-1.1216812799519162,0.08723774924963469,15.000000000001679,0.23051233298610896,
3165,316,ok,0.9589588361855845,1.0685100067051585,0.22787812946833425,0.11479303711042814,15.000000000001679,0.2267968749802094,
3166,316,ok,1.0569477859126801,0.9816929174433903,0.28317716673623816,0.11839265919772335,15.000000000001679,0.22909820801578462,
3167,316,ok,0.8465711715648215,1.156153341135162,-0.06786431202984607,0.10919619048169787,15.000000000001679,0.22009095901739784,
3168,316,ok,1.5988238781768662,0.8255617194566064,-1.0848652075823944,0.08433669878910523,15.000000000001679,0.250371708010789,
3169,316,ok,1.5348062394027489,0.9576751725881716,-1.1265829515266552,0.08769852352046399,15.000000000001679,0.21509895802591927,
3170,316,ok,0.6902955640483912,1.309729394922844,0.005870052069899473,0.11532913372426247,15.000000000001679,0.2536703330115415,
3171,317,ok,1.5771372716114214,0.901153869711648,-1.131326281607668,0.08886190550836073,15.000000000001679,0.20352679200004786,
3172,317,ok,1.5982316187186316,0.49518924763356753,0.538413323232578,0.1256431875737864,15.000000000001679,0.2171446249994915,
3173,317,ok,1.484058635396853,1.072186032591486,-1.158270812538088,0.10191518138809982,15.000000000001679,0.2049122920143418,
3174,317,ok,0.6292270696536721,1.384363880657043,0.13007257107204312,0.10959310006630761,15.000000000001679,0.22038666700245813,
3175,317,ok,1.600936303350252,0.7450993665878152,-0.9940932791476196,0.08681871644756148,15.000000000001679,0.20472283399431035,
3176,317,ok,0.5223918740715301,1.5121392112626137,-0.18677558970192198,0.114183528178644,15.000000000001679,0.25431287501123734,
3177,317,ok,0.8139747591699845,1.1929633141702949,0.10605044220011606,0.10940935634579259,15.000000000001679,0.22227687502163462,
3178,317,ok,0.580231979796648,1.4381827390344728,-0.14501901826977887,0.11707584720442576,15.000000000001679,0.21134374997927807,
3179,317,ok,2.1682871376835884,0.042533486063232775,-0.932627448802751,0.09034373446766998,15.000000000001679,0.3166577499941923,
3180,317,ok,1.595447123354852,0.44994647482448324,0.3778698089451251,0.10998365772684536,15.000000000001679,0.24235520799993537,
3181,318,ok,2.0183833205733275,0.1253861818426281,-0.7481271693649757,0.08535448107329913,15.000000000001679,0.2587719580042176,
3182,318,ok,0.9115791228614719,1.0997651376886293,0.14336558135102695,0.11673250897313106,15.000000000001679,0.281496417010203,
3183,318,ok,0.7808090034461461,1.285749053701093,0.3154493391555602,0.09314082502720013,15.000000000001679,0.28803354100091383,
3184,318,ok,0.6143753026882414,1.3856977455423602,0.00947379129648608,0.11480023825914634,15.000000000001679,0.2762056249775924,
3185,318,ok,0.6234222541201154,1.3771374395077736,-0.026410938439845,0.11762892355138022,15.000000000001679,0.290234790998511,
3186,318,ok,0.7720026516417579,1.2524982256836712,0.19294867591109696,0.11074645008194609,15.000000000001679,0.2906862090167124,
3187,318,ok,0.8283137098049672,1.460319806543822,-0.6283700268488066,0.10733459653211284,15.000000000001679,0.2536339170183055,
3188,318,ok,0.6654022697021611,1.6182152118750621,-0.5449775739250046,0.10759528811240823,15.000000000001679,0.28983554200385697,
3189,318,ok,0.8845855127731933,1.163809748921796,0.2885782275397499,0.11431248561114456,15.000000000001679,0.3443715409957804,
3190,318,ok,1.660972871058769,0.7059538599726376,-1.0412854872096768,0.08811842658328686,15.000000000001679,0.29817566700512543,
3191,319,ok,1.0247146243045533,1.0296073352317934,0.329208349571636,0.11215087141976825,15.000000000001679,0.2651834999851417,
3192,319,ok,0.861888685095323,1.2084506607559065,0.3410304224516983,0.1156007002558274,15.000000000001679,0.2617209590098355,
3193,319,ok,1.4859435567226205,1.061125777155058,-1.151756678922583,0.11069174616296537,15.000000000001679,0.23934916700818576,
3194,319,ok,0.8958228781941899,1.1993279278631588,0.40177464080777836,0.12177535809690616,15.000000000001679,0.21160958299878985,
3195,319,ok,1.7430796817436,0.4524864199069909,-0.8022022789391017,0.0859920617382292,15.000000000001679,0.220155374991009,
3196,319,ok,1.7743494699558973,0.4612102337100294,-0.8834263391443744,0.09477415815889975,15.000000000001679,0.2883664170221891,
3197,319,ok,0.6371044818835632,1.3834513365629468,-0.16052995499316255,0.11178324641221762,15.000000000001679,0.23204404101124965,
3198,319,ok,1.0277004482928698,1.1198985601833955,0.5306502304287686,0.12045235612847016,15.000000000001679,0.27405854198150337,
3199,319,ok,1.65133349280715,0.7109207363266454,-1.0320741041388568,0.08866361768968357,15.000000000001679,0.2020074169849977,
3200,319,ok,0.700825563088644,1.3265678891160857,0.19402490022919802,0.11297739844497771,15.000000000001679,0.23133783298544586,
3201,320,ok,1.8776735191574605,0.31258513003777655,-0.8235829655690642,0.09362348483699486,15.000000000001679,0.21885616600047797,
3202,320,ok,0.8543952769274361,1.1688412849219874,0.1979052287984762,0.1136721038688437,15.000000000001679,0.23787087501841597,
3203,320,ok,1.4668531878787063,1.019965948349389,-1.0914172127995834,0.0894529184232654,15.000000000001679,0.20170574999065138,
3204,320,ok,0.5360298347086363,1.4664411573006744,0.05140958154978719,0.11641446371401797,15.000000000001679,0.2218730000022333,
3205,320,ok,1.532030645072589,0.9709925625502351,-1.1350161193192811,0.09235155366422534,15.000000000001679,0.24618320900481194,
3206,320,ok,1.5737701426420105,0.8585066802688832,-1.0833953400678298,0.09356688252880108,15.000000000001679,0.2411107080115471,
3207,320,ok,1.7931464898019562,0.523836050730311,-1.0179952498737859,0.09410887884933965,15.000000000001679,0.20321799998055212,
3208,320,ok,1.2184190672477317,0.7817835524418347,0.02221959341654723,0.09744963232058287,15.000000000001679,0.26901195899699815,
3209,320,ok,0.8189763704646998,1.2396812238891237,0.3043643442862392,0.11418354867611717,15.000000000001679,0.27725483299582265,
3210,320,ok,0.5449978002544097,1.499033063372494,-0.2146036595405535,0.10643672482882978,15.000000000001679,0.2724029170058202,
3211,321,ok,1.5392888338592086,0.9039319074617188,-1.0807612366120167,0.09903397264892114,15.000000000001679,0.2410257500014268,
3212,321,ok,1.5880172782226856,0.6766808708867904,-0.8778526974708473,0.08484825697742471,15.000000000001679,0.24084620899520814,
3213,321,ok,0.9496644453844724,1.0951266113804463,0.2882129584102068,0.11123028263782005,15.000000000001679,0.1921333750069607,
3214,321,ok,0.850727670390928,1.1762908656968651,0.21269892156368742,0.11177815182944413,15.000000000001679,0.27982887500547804,
3215,321,ok,1.5304694105845473,0.7022621529832557,-0.8113033323950769,0.10620958602155493,15.000000000001679,0.280706999998074,
3216,321,ok,1.382115317321781,0.718183887807393,-0.5169044446499931,0.0988030496884673,15.000000000001679,0.25770654101506807,
3217,321,ok,0.9468406945411895,1.112430491839944,0.3297387890797174,0.11166047882613617,15.000000000001679,0.23548416700214148,
3218,321,ok,1.7103531552310136,0.510487122173416,-0.8406303006657868,0.09435071840386713,15.000000000001679,0.24538120900979266,
3219,321,ok,0.6622814273394463,1.3457241666271194,-0.10266363943966135,0.11992683050065205,15.000000000001679,0.2783648339973297,
3220,321,ok,1.0487967756569505,1.002491395791191,0.3239618205249028,0.11766819219120231,15.000000000001679,0.21280475001549348,
3221,322,ok,1.8141581376196192,0.5340846317390542,-1.0687665233285804,0.08700764583125051,15.000000000001679,0.2249799580022227,
3222,322,ok,1.6346827138427404,0.3900873830704109,0.28349416358575824,0.11269565407431664,15.000000000001679,0.22884804199566133,
3223,322,ok,0.9566849015934041,1.043773222916145,0.029603238414145038,0.0915135517625631,15.000000000001679,0.20525195900700055,
3224,322,ok,1.8405615747927406,0.36334766963515486,-0.8420427899547952,0.10390304690007629,15.000000000001679,0.2058146249910351,
3225,322,ok,1.5527382554760536,0.9893251480720135,-1.1787843032969014,0.08858977854003396,15.000000000001679,0.2364884999988135,
3226,322,ok,0.7662616910129051,1.2554029734806815,0.18092055497523282,0.11333373973043946,15.000000000001679,0.21516016699024476,
3227,322,ok,0.6863797747653467,1.3345319502590751,0.16813527286366167,0.1143220319116684,15.000000000001679,0.1960796249913983,
3228,322,ok,1.6455561065509643,0.7416962135993407,-1.060436929259318,0.08771181232065263,15.000000000001679,0.22559079198981635,
3229,322,ok,1.7891492539765077,0.27833122958105894,-0.48673575784898476,0.08881436398732381,15.000000000001679,0.21904545798315667,
3230,322,ok,1.5581767139908167,0.904664703798385,-1.1082216659667594,0.0918917880749344,15.000000000001679,0.19622120802523568,
3231,323,ok,1.5078961999893845,0.9115046219217274,-1.043517494747771,0.08961642359513881,15.000000000001679,0.2028722499962896,
3232,323,ok,1.748305128239981,0.5475871262599913,-0.9731740161063215,0.10519528060363578,15.000000000001679,0.21670037499279715,
3233,323,ok,1.8136860941138464,0.36531165595657206,-0.7856534005720945,0.09625684954795338,15.000000000001679,0.23861766699701548,
3234,323,ok,1.6392427893241022,0.6552783105267883,-0.9374649327902211,0.0863555727536512,15.000000000001679,0.21350099999108352,
3235,323,ok,1.286671582627586,1.2423812202542186,-1.0399699736616872,0.0944234999080138,15.000000000001679,0.19349141599377617,
3236,323,ok,1.4764608901470995,0.886483101701391,-0.9695446752663907,0.09290057143853002,15.000000000001679,0.23977125002420507,
3237,323,ok,1.342976594313671,1.3868391663902635,-1.1948305005319204,0.10447787063737445,15.000000000001679,0.19905237498460338,
3238,323,ok,0.7282760243530765,1.2756079765548827,0.07511433962041737,0.10610834936561475,15.000000000001679,0.20365795798716135,
3239,323,ok,1.810200547540075,0.4759671414023263,-0.9768059521875319,0.09428549284350599,15.000000000001679,0.22083058301359415,
3240,323,ok,1.9881496025916985,0.15448799260893847,-0.7394756742861411,0.09419450034668352,15.000000000001679,0.29108162500779144,
3241,324,ok,0.8202150969229322,1.181114469079411,0.04668289268244036,0.1101831725187128,15.000000000001679,0.25807737500872463,
3242,324,ok,1.880238115132312,0.34843858594233834,-0.8986880800323138,0.08876932671364471,15.000000000001679,0.2046835410001222,
3243,324,ok,1.5445402527196244,0.7214967919725177,-0.8666222587348175,0.08909452362693987,15.000000000001679,0.2413157080009114,
3244,324,ok,1.6413906471970083,0.586560818826748,-0.8344776436970025,0.10485798367366492,15.000000000001679,0.2947219999914523,
3245,324,ok,1.6193696088469005,0.6918387489668282,-0.9545009540866319,0.09180517645249466,15.000000000001679,0.22830708301626146,
3246,324,ok,1.5561455079782665,0.7667974015088764,-0.9491049431309889,0.1004849085418475,15.000000000001679,0.22943008301081136,
3247,324,ok,1.4060699219485933,0.6657270443815597,0.44356319201862887,0.1106179708221987,15.000000000001679,0.20069387499825098,
3248,324,ok,1.5772248789157934,0.9170755135964801,-1.1466965053660065,0.09326659235619837,15.000000000001679,0.1925637079984881,
3249,324,ok,1.5656067067835313,0.5490963429456466,-0.5882201443948325,0.11407184104823401,15.000000000001679,0.2437714579864405,
3250,324,ok,1.693161517178689,0.4771349191238312,-0.7400526121181248,0.10173187038766737,15.000000000001679,0.2342731250100769,
3251,325,ok,1.1571339957978373,1.3478874699470391,-0.9558809195600649,0.09795333729995712,15.000000000001679,0.2847747089981567,
3252,325,ok,1.7919469722167722,0.44890427582134307,-0.8973160010116531,0.08172077945739739,15.000000000001679,0.19501525000669062,
3253,325,ok,1.7688123694480533,0.5397610727732132,-0.9981981134644563,0.09824354785711234,15.000000000001679,0.19765474999439903,
3254,325,ok,0.7337022823013138,1.3171621087742464,0.26842401785332615,0.11539125126531448,15.000000000001679,0.19707241700962186,
3255,325,ok,1.6593956997246841,0.7323588377937925,-1.0708314396511105,0.08867750250187356,15.000000000001679,0.2355167499918025,
3256,325,ok,1.6754314806483814,0.6032026820060815,-0.9252177574996187,0.08756453239437718,15.000000000001679,0.21556741601671092,
3257,325,ok,1.5330313271789648,0.7269164909054859,-0.8540746038746831,0.09501159518695267,15.000000000001679,0.1994328750006389,
3258,325,ok,1.5989068869317824,0.7832928265019993,-1.0373653585099079,0.09818933379541504,15.000000000001679,0.2257146250049118,
3259,325,ok,1.3474378435169263,0.9329898615032632,-0.8228475596893506,0.10454234097587886,15.000000000001679,0.20631883398164064,
3260,325,ok,1.4937709303926328,0.7321276809559545,-0.7898426267858335,0.10527344694742118,15.000000000001679,0.21898720800527371,
3261,326,ok,0.9142501305435825,1.092056910564544,0.1072037664700131,0.12452799393834839,15.000000000001679,0.22604866599431261,
3262,326,ok,1.632467292497391,0.7032184111513629,-0.9916183600039717,0.1027963795091116,15.000000000001679,0.22341445897473022,
3263,326,ok,1.5633938323640821,0.6188035200280992,-0.7324592540116361,0.10105795226646629,15.000000000001679,0.23296995801501907,
3264,326,ok,1.7018781233300762,0.5997687963030829,-0.9673374400192438,0.09038284270654903,15.000000000001679,0.20700179098639637,
3265,326,ok,1.4746048922378396,0.9533995990596273,-1.0387912152897816,0.10306677308846589,15.000000000001679,0.18564337500720285,
3266,326,ok,0.8363863712884849,1.553412986033771,-0.7071790445381188,0.10838053566302064,15.000000000001679,0.2538813750143163,
3267,326,ok,1.3166565433234385,1.375129516296544,-1.1589311160170972,0.10043512753125107,15.000000000001679,0.2116746669926215,
3268,326,ok,0.9417556008372927,1.1826199982370067,0.46775372198020976,0.11243130294945285,15.000000000001679,0.2081744159804657,
3269,326,ok,1.095034731268998,0.9565704346012828,0.33219844180430835,0.119531208086482,15.000000000001679,0.21418116698623635,
3270,326,ok,0.6082480679712599,1.4450743910901165,-0.24904473647673292,0.10450742357697743,15.000000000001679,0.2116820840165019,
3271,327,ok,0.7774200598502414,1.2285988250428599,0.09655142014645166,0.11484861528091814,15.000000000001679,0.2069392080011312,
3272,327,ok,0.7797648269704142,1.287772211405217,0.31743465868361814,0.11464179671708769,15.000000000001679,0.23520295901107602,
3273,327,ok,0.6374394497654208,1.3852715084064826,-0.16863550557460102,0.10846437317125553,15.000000000001679,0.2174679999880027,
3274,327,ok,1.43379440338785,1.0181418307120997,-1.044854500200355,0.09493460988660989,15.000000000001679,0.21835512499092147,
3275,327,ok,1.238527376552277,0.8437010590059105,0.44375986921466176,0.1104256599473185,15.000000000001679,0.23837870798888616,
3276,327,ok,0.7741041625764266,1.2345836664728584,0.11565072800470506,0.12206436761311952,15.000000000001679,0.2030617500131484,
3277,327,ok,0.600078661518783,1.4139811630863899,-0.12913683747325433,0.11770987019561402,15.000000000001679,0.21414412499871105,
3278,327,ok,1.7225483362535137,0.6669453034566607,-1.090934437422109,0.09905860450349577,15.000000000001679,0.20434974998352118,
3279,327,ok,0.6286489589320791,1.3781444585227884,0.09216940436213537,0.10477667149930568,15.000000000001679,0.2679793330025859,
3280,327,ok,1.8030940679375387,0.3030740533366902,-0.6095822744899747,0.08879709722416904,15.000000000001679,0.21063195902388543,
3281,328,ok,1.7709880168213727,0.7120685131038726,-1.2155784798960654,0.08989030167477073,15.000000000001679,0.20501474998309277,
3282,328,ok,0.9359166173233792,1.083609087993186,0.19017784038461502,0.1175760539490116,15.000000000001679,0.2006756659829989,
3283,328,ok,0.7962260937305147,1.2319109558165904,0.2097980279763627,0.11103390240001343,15.000000000001679,0.20959320798283443,
3284,328,ok,0.8577363008982382,1.1752051119107465,0.2354250506221222,0.11273925944600975,15.000000000001679,0.19466020798427053,
3285,328,ok,0.7453852477292517,1.264411942214427,0.12045487443705497,0.11312658628798679,15.000000000001679,0.21533041700604372,
3286,328,ok,1.4325545255879748,0.7762496095334274,-0.7447465680454651,0.08649047602953265,15.000000000001679,0.27333608400658704,
3287,328,ok,1.3072627458775652,0.8787697000283847,0.6721447025640483,0.124269533071382,15.000000000001679,0.28057266600080766,
3288,328,ok,1.485845318331974,0.9976358487657101,-1.0968146690892706,0.08542004612739161,15.000000000001679,0.21773662502528168,
3289,328,ok,0.7883385726710365,1.21178734185884,-0.014089382777610751,0.10652219682708527,15.000000000001679,0.2039057079819031,
3290,328,ok,1.4537792308111666,1.0213769006671076,-1.0750678496680992,0.09792698473841742,15.000000000001679,0.23255562499980442,
3291,329,ok,1.5806354601827513,0.4219119778254532,-0.08970313403870024,0.10596534476060059,15.000000000001679,0.21633204200770706,
3292,329,ok,1.5744456961584659,0.8576602338677245,-1.0834847063363535,0.09104405471260438,15.000000000001679,0.20129512500716373,
3293,329,ok,0.7211795073206231,1.3249904601014644,0.2538936840986477,0.11603555983922653,15.000000000001679,0.18866183300269768,
3294,329,ok,0.5431692506602718,1.4585968692312647,-0.043766252485822915,0.1074573711810408,15.000000000001679,0.1911439590039663,
3295,329,ok,0.7217742369516106,1.3103796234591345,0.21303001053071027,0.11968871821013935,15.000000000001679,0.21281525000813417,
3296,329,ok,1.3929271188979462,0.6486618722049988,0.3378331288207746,0.12700715954493574,15.000000000001679,0.1995466249936726,
3297,329,ok,1.3904814387346454,0.8945763469527974,-0.8434910661941518,0.10681084605016268,15.000000000001679,0.22530220900080167,
3298,329,ok,1.629925101735579,0.5568284171246439,-0.7575695477306207,0.08908879121298514,15.000000000001679,0.20490375001099892,
3299,329,ok,1.4513557708549152,0.8806667021577406,-0.9238650020081056,0.10140106596412551,15.000000000001679,0.21845691598718986,
3300,329,ok,1.5869507411466555,0.5915202233157987,-0.7311616603033435,0.0908942238355044,15.000000000001679,0.2243723330029752,
3301,330,ok,1.3975191005167782,1.0759439434892641,-1.0484178750551005,0.10948846840822526,15.000000000001679,0.17973074998008087,
3302,330,ok,0.7976921673724074,1.2028386894125753,0.029097058095766827,0.10700530345539043,15.000000000001679,0.20436279199202545,
3303,330,ok,1.0238860553469187,1.1200076457144197,0.5234081683856251,0.10713583405810818,15.000000000001679,0.1869687909784261,
3304,330,ok,1.4892094381678274,1.0953374525737476,-1.182932976128563,0.09722464639586854,15.000000000001679,0.2007169580028858,
3305,330,ok,1.3962878456757521,0.990800597211678,-0.9649540472963088,0.10415103363464538,15.000000000001679,0.22147729201242328,
3306,330,ok,0.6665728823865993,1.3342248083644062,-0.032600640112846475,0.11977160668635115,15.000000000001679,0.19346370798302814,
3307,330,ok,0.5182485940118426,1.4941290706587176,-0.1125886674698615,0.11040976080635395,15.000000000001679,0.20877274998929352,
3308,330,ok,1.5879603646325646,0.7850182227760484,-1.0224663322856724,0.09789085530702306,15.000000000001679,0.21699745798832737,
3309,330,ok,1.4745693704778378,0.9971035640862496,-1.0809965620587807,0.0884899385501376,15.000000000001679,0.1979200410132762,
3310,330,ok,0.7214706175114812,1.279930831901535,-0.04494713657601026,0.10916732525633727,15.000000000001679,0.18660441698739305,
3311,331,ok,0.736952561953518,1.280006651370859,0.15718987403662493,0.11358619580051521,15.000000000001679,0.2051504590199329,
3312,331,ok,0.9986321307519868,1.3372705531188451,-0.7470313332162526,0.12770717910309867,15.000000000001679,0.20456550002563745,
3313,331,ok,0.8067047730053128,1.2180913720324757,0.19847289059087406,0.11324083988725503,15.000000000001679,0.19786416698480025,
3314,331,ok,1.6512519493325786,0.7913543334308839,-1.1250816205317449,0.1046688043053067,15.000000000001679,0.22638816700782627,
3315,331,ok,1.5932332271570586,0.863647873247654,-1.116734507455875,0.08870446895066601,15.000000000001679,0.20541079199756496,
3316,331,ok,1.7477280211684036,0.4723956320907431,-0.8491043110959826,0.08693910266592195,15.000000000001679,0.22227112500695512,
3317,331,ok,1.3753224864244202,1.1535462405536343,-1.0839870731626664,0.10517970194165918,15.000000000001679,0.2265878329926636,
3318,331,ok,0.9245569038821368,1.1067196888448196,0.23844444681859753,0.11374932744115664,15.000000000001679,0.19975116700516082,
3319,331,ok,1.3324246757443057,0.7719864746706628,0.517047674920342,0.11884963668885606,15.000000000001679,0.24931516702054068,
3320,331,ok,1.7155886861832728,0.6820534710885332,-1.0982993613265306,0.09682531604488709,15.000000000001679,0.24283525001374073,
3321,332,ok,1.653865315545747,0.8574892593859044,-1.1958008569768899,0.08598866022919066,15.000000000001679,0.25117454200517386,
3322,332,ok,1.5781163481842482,0.9971482010440366,-1.2184988624275264,0.09441256013482739,15.000000000001679,0.23076137498719618,
3323,332,ok,0.6748350464955137,1.503831165578902,-0.45740444655448115,0.10691685820382356,15.000000000001679,0.27473412500694394,
3324,332,ok,1.4901053498055958,1.0240404687098335,-1.1260181822702222,0.10009928457473269,15.000000000001679,0.249051499995403,
3325,332,ok,1.4878512312461332,0.7954972194511181,-0.8734267788261626,0.10386531905475231,15.000000000001679,0.2621028749854304,
3326,332,ok,0.5774182039405067,1.4234806150858634,-0.03220529552893741,0.11625013825961239,15.000000000001679,0.2697735410183668,
3327,332,ok,0.517940120413653,1.5356160498631906,-0.22936764198431017,0.11157969686637761,15.000000000001679,0.23615466599585488,
3328,332,ok,0.686559010175831,1.3616624087510771,0.2527615359427535,0.11581185312475673,15.000000000001679,0.20357929199235514,
3329,332,ok,1.7357492184407817,0.4853666875405697,-0.8477684106558576,0.0885629524309657,15.000000000001679,0.24318858300102875,
3330,332,ok,1.7284264377543412,0.5023006500818608,-0.8627598785194784,0.08639895254512817,15.000000000001679,0.20182820802438073,
3331,333,ok,1.6424992315992366,0.6785513786854618,-0.9754882198314794,0.09693375366041458,15.000000000001679,0.24119129101745784,
3332,333,ok,1.4653768872712374,0.9344673876720863,-1.0059670341588698,0.1010101098752632,15.000000000001679,0.22755216699442826,
3333,333,ok,1.707766684197272,0.4632687096970398,-0.7449322043367064,0.07992724289422617,15.000000000001679,0.19673070800490677,
3334,333,ok,0.7370957694082961,1.2974021761241785,0.22285975671836356,0.10752621442754598,15.000000000001679,0.19799679101561196,
3335,333,ok,1.4075853101067526,0.8787860486648551,-0.8509851235831061,0.11995452326518827,15.000000000001679,0.22235179200652055,
3336,333,ok,1.3089602345573583,0.8872810668592035,0.6893717948121044,0.10946030114034483,15.000000000001679,0.19189758400898427,
3337,333,ok,0.9651922976776833,1.3396379301970054,-0.7039304711843568,0.12888997528328586,15.000000000001679,0.2509926669881679,
3338,333,ok,1.3382052044151391,1.3997504530373401,-1.1960324621409262,0.12144731531806885,15.000000000001679,0.2251894579967484,
3339,333,ok,1.4528623514145034,0.9235951920795663,-0.975787733907049,0.09608808820222299,15.000000000001679,0.2240560420032125,
3340,333,ok,1.2796213108800876,1.2032443863582227,-1.0013047445152694,0.09959331723919189,15.000000000001679,0.1966954589879606,
3341,334,ok,1.448930825859176,1.0691962503750094,-1.1104075458177558,0.10526762808223523,15.000000000001679,0.19130404200404882,
3342,334,ok,1.4648637614327182,0.946750733488869,-1.0180824240465878,0.11418585195748918,15.000000000001679,0.21266891600680538,
3343,334,ok,1.4264126029833089,0.8923604161052152,-0.8987699739861175,0.10898685936714946,15.000000000001679,0.3096477499930188,
3344,334,ok,1.8335834592982876,0.1755441759454498,-0.18272725107576623,0.08401364069649528,15.000000000001679,0.2825885000056587,
3345,334,ok,0.8092862583427914,1.207610293495434,0.16450775351965372,0.11454153275530234,15.000000000001679,0.2525712909991853,
3346,334,ok,0.6931397325468137,1.3069432010666149,0.010722046785843941,0.1122207894819807,15.000000000001679,0.2694632909842767,
3347,334,ok,2.0479305064530164,0.19259470504583054,-0.9629670082783414,0.09246383583160302,15.000000000001679,0.2642208750185091,
3348,334,ok,0.8385458703119568,1.1834970391450597,0.1910028573931629,0.11751472995017329,15.000000000001679,0.2147661669878289,
3349,334,ok,1.4597984634923467,1.0362427917862844,-1.0964413334194953,0.10099859934075366,15.000000000001679,0.22953108299407177,
3350,334,ok,1.5169388796796848,1.0566676348382147,-1.1879510147822296,0.08980331549142459,15.000000000001679,0.22659837501123548,
3351,335,ok,1.6143697696269197,0.6885050234632567,-0.9413663896720348,0.08876078871316982,15.000000000001679,0.24546237499453127,
3352,335,ok,1.36375121030379,1.0882053920943067,-1.0141242313440475,0.11059120467373514,15.000000000001679,0.22240887500811368,
3353,335,ok,1.911708286725852,0.25542752429696675,-0.781725943381491,0.09417673981074866,15.000000000001679,0.22367187499185093,
3354,335,ok,1.5301867049790765,0.6966825791620697,-0.801769949945175,0.09866153407227157,15.000000000001679,0.20312074999674223,
3355,335,ok,1.498546952624221,1.039401923662259,-1.1501714241605772,0.10554072287884901,15.000000000001679,0.21250920798047446,
3356,335,ok,1.492961264329145,0.9700821493004627,-1.080834195238902,0.10076047181659874,15.000000000001679,0.20891325001139194,
3357,335,ok,0.8288340528270975,1.3849136563295728,-0.5555489869992897,0.11557241379876343,15.000000000001679,0.1942294999898877,
3358,335,ok,0.8137592632576504,1.4302521955609415,-0.5810263142702801,0.12025443329350168,15.000000000001679,0.21124108400545083,
3359,335,ok,1.57533003218663,0.47262527134215493,-0.38573455713288407,0.08670721921932613,15.000000000001679,0.25301083401427604,
3360,335,ok,0.6135156662273902,1.3897960716144175,0.06366033686088501,0.11237102885621414,15.000000000001679,0.19591720798052847,
3361,336,ok,1.6566820604828676,0.622513875309952,-0.9203952552094958,0.12201455153692477,15.000000000001679,0.20174950000364333,
3362,336,ok,1.5705102209837205,0.7462606134018733,-0.9458540609982533,0.10051114474766105,15.000000000001679,0.2584063340036664,
3363,336,ok,0.6263199762556924,1.3940484228657581,-0.15842789787615055,0.09482868865694313,15.000000000001679,0.212165292003192,
3364,336,ok,1.5455383551899287,0.7705859508368258,-0.9366055215956174,0.09470224455006396,15.000000000001679,0.19581975002074614,
3365,336,ok,0.6496431433625056,1.386675761319467,-0.21417187482221267,0.11485464897370257,15.000000000001679,0.24122362499474548,
3366,336,ok,0.5143767714258286,1.4937186147952182,-0.0908989657674191,0.11394116961216184,15.000000000001679,0.20499699999345466,
3367,336,ok,1.0447551152227532,1.6061057856934509,-0.9676572733772711,0.10708804983642546,15.000000000001679,0.22032087499974295,
3368,336,ok,1.5918739916089713,0.41426766342670884,-0.13969882571764813,0.09336114753368963,15.000000000001679,0.24211299998569302,
3369,336,ok,0.7359937492103447,1.3570572159884309,0.35820577237692935,0.10753461516901648,15.000000000001679,0.20851604198105633,
3370,336,ok,0.7117335098919345,1.390842046121475,-0.36809126087102534,0.09308679050632156,15.000000000001679,0.1895889999868814,
3371,337,ok,1.649596040571703,0.6274840711061245,-0.9150776590008202,0.08851949387883686,15.000000000001679,0.2317059169872664,
3372,337,ok,1.3881871028091646,1.2217198552968151,-1.1494970416519097,0.0971637589713204,15.000000000001679,0.19353841699194163,
3373,337,ok,0.9524038799145105,1.0476915432095024,0.01348160233482331,0.10313708676693144,15.000000000001679,0.328154540999094,
3374,337,ok,0.6877271089545496,1.3260755455675675,0.1370926916685606,0.11174987591083982,15.000000000001679,0.2469542500039097,
3375,337,ok,1.6018010216085499,0.731952469149873,-0.9786837958866438,0.09848257842039265,15.000000000001679,0.19582808398990892,
3376,337,ok,1.900069166573154,0.377259091107531,-0.9884203459909366,0.08713364275712311,15.000000000001679,0.21754137499374337,
3377,337,ok,0.7903391663450934,1.2233845487062538,0.1466439179470734,0.11786524839235675,15.000000000001679,0.20832970799528994,
3378,337,ok,1.4083349174927138,1.0146855250025757,-1.0062617081007104,0.10024583585400586,15.000000000001679,0.19335220800712705,
3379,337,ok,1.7262265473078684,0.30828437364887157,-0.34344771390977996,0.09926501762251759,15.000000000001679,0.22178229098790325,
3380,337,ok,1.5906457230034259,0.6291530102728136,-0.8068037846124686,0.10179651928472795,15.000000000001679,0.20468029199400917,
3381,338,ok,1.4751674042473595,0.74263037465995,-0.7714534955693146,0.09826526930658228,15.000000000001679,0.21539125000708736,
3382,338,ok,1.466558481002543,0.6274800588688637,0.5167037733536195,0.10177987588358528,15.000000000001679,0.22814720901078545,
3383,338,ok,1.484965876545363,0.8647194003023542,-0.9572155527645235,0.09027734986239172,15.000000000001679,0.1997074170212727,
3384,338,ok,1.561049263614228,0.5198550919681647,-0.49603009450834107,0.09199447520643438,15.000000000001679,0.2705578340101056,
3385,338,ok,1.480410503747881,1.028474321279541,-1.117028699359961,0.10438246212125486,15.000000000001679,0.22050483300699852,
3386,338,ok,0.9796962403278847,1.0317720634331018,0.14946366168403247,0.09355971072280728,15.000000000001679,0.23373979100142606,
3387,338,ok,0.7996684177552403,1.498174041804148,-0.6226076501585768,0.13509829108510918,15.000000000001679,0.20671945900539868,
3388,338,ok,0.6071576070559868,1.4032256623144421,-0.11180675152206043,0.11868351881319063,15.000000000001679,0.22773070802213624,
3389,338,ok,1.6006101979634835,0.722905710840797,-0.9648746977829047,0.08528100826667483,15.000000000001679,0.25890312500996515,
3390,338,ok,1.3855626231907157,0.7763014518091104,0.649881255260256,0.12423723874266557,15.000000000001679,0.20708324998850003,
3391,339,ok,1.5440759135171302,0.82612062779383,-1.0030840673705312,0.09719037592916392,15.000000000001679,0.2617141249938868,
3392,339,ok,1.1821894002394129,1.2218195639891105,-0.8899477439986713,0.11716951956349618,15.000000000001679,0.19391058399924077,
3393,339,ok,1.1269689697997738,0.9239341402511551,0.33487508771860375,0.12672570075634207,15.000000000001679,0.20889858299051411,
3394,339,ok,1.516085303776762,0.9974401321740213,-1.1372723331518413,0.09519116840329318,15.000000000001679,0.21863704099087045,
3395,339,ok,1.7693716467414797,0.5280084168774648,-0.9817926479196455,0.11219317500953249,15.000000000001679,0.2261981250194367,
3396,339,ok,1.397865056140199,1.206975897171766,-1.151147031230727,0.11706466244315196,15.000000000001679,0.21007645901408978,
3397,339,ok,1.7171720445473369,0.5088490077618681,-0.8515565447591343,0.1011979946360988,15.000000000001679,0.20142237498657778,
3398,339,ok,1.5766924208175324,0.7273979716421513,-0.9308292363709575,0.09486326024239897,15.000000000001679,0.2439283329877071,
3399,339,ok,2.0245300752476156,0.12460551462297217,-0.7626385446589679,0.10526038776137413,15.000000000001679,0.27379241699236445,
3400,339,ok,0.6443907978085838,1.5036632270109713,-0.41096144354333364,0.11113751292177572,15.000000000001679,0.21039208400179632,
3401,340,ok,0.8020020069330657,1.2184088506501272,0.17978457771068668,0.11091814705670126,15.000000000001679,0.2275610829819925,
3402,340,ok,1.0653810423967693,0.9363455215912233,0.06062933332455727,0.12812708817505758,15.000000000001679,0.2080523750046268,
3403,340,ok,1.561815932622968,0.8024856697335563,-1.0026108099364686,0.08912364974239473,15.000000000001679,0.24888374999864027,
3404,340,ok,0.9489473357429806,1.1623466633123278,-0.44591247296942765,0.12351669657401079,15.000000000001679,0.19625141599681228,
3405,340,ok,1.6980301827745323,0.5708588583591185,-0.9169853318798016,0.10302135919330363,15.000000000001679,0.20749708398943767,
3406,340,ok,0.6215893768977206,1.4191297607853697,0.22127611409014475,0.13176888583698704,15.000000000001679,0.2160051660030149,
3407,340,ok,1.6105078158295947,0.7406575398068694,-1.0038884364325176,0.09699399205973032,15.000000000001679,0.25878925001597963,
3408,340,ok,1.0897745763630002,1.4716312580380642,-0.9531186179089766,0.13105190573155973,15.000000000001679,0.2118077499908395,
3409,340,ok,1.585512154642244,0.7559232959526144,-0.9829150253022307,0.09534755148606043,15.000000000001679,0.20968324999557808,
3410,340,ok,1.8022345469673318,0.45251265834667237,-0.923759865822964,0.091041108610314,15.000000000001679,0.24538616600329988,
3411,341,ok,1.2836579719142949,1.1684902296431392,-0.9779413533848548,0.11091294781843736,15.000000000001679,0.21857041600742377,
3412,341,ok,0.8797939251006341,1.2570163522738995,0.4711821832960135,0.12166804620511885,15.000000000001679,0.20411600000807084,
3413,341,ok,0.7073533379220177,1.2932064313490588,0.02813531558535469,0.11395437720497355,15.000000000001679,0.22615354202571325,
3414,341,ok,0.7023007839932164,1.3032271362693797,-0.0879429790609617,0.09453293899021911,15.000000000001679,0.2314498340128921,
3415,341,ok,1.643837999985034,0.6259347317458296,-0.9023015065777026,0.08931537025920548,15.000000000001679,0.19071091699879616,
3416,341,ok,1.2584591357614587,1.1642121215555727,-0.9408389971864692,0.11910287252228881,15.000000000001679,0.24805291698430665,
3417,341,ok,1.5001182248999907,0.738827854239537,-0.8122804364473198,0.09895285650224558,15.000000000001679,0.244694166991394,
3418,341,ok,1.9571467796400224,0.20522670684487046,-0.780520559134993,0.10184135617845153,15.000000000001679,0.22045437502674758,
3419,341,ok,1.2490040931002597,1.0933730427691526,-0.8590918373512447,0.08906421354078961,15.000000000001679,0.22605454199947417,
3420,341,ok,1.6236029704472672,0.7326674670574658,-1.0148669157040493,0.1001172793301503,15.000000000001679,0.22392033302458003,
3421,342,ok,1.5301600137198028,0.7432899607693861,-0.8729659471502744,0.11056128443837514,15.000000000001679,0.20451620797393844,
3422,342,ok,1.0704280109017081,0.9685687785416913,0.28629663275003636,0.1102492423106744,15.000000000001679,0.2052363340044394,
3423,342,ok,1.5396456131426568,0.8314622170651154,-1.0025108797030842,0.08885697428838205,15.000000000001679,0.22605695799575187,
3424,342,ok,1.395547908158173,1.320653875002146,-1.219033554261347,0.11580821936834532,15.000000000001679,0.21974441700149328,
3425,342,ok,0.7920314662655425,1.290718864636225,0.3524686008310806,0.10424964407088175,15.000000000001679,0.22105541700148024,
3426,342,ok,1.4366911643869433,0.8038984660925044,-0.7958785223962557,0.10456262162546706,15.000000000001679,0.2982675420062151,
3427,342,ok,1.880332566177062,0.32572099694017437,-0.8558273069603539,0.10902796670812516,15.000000000001679,0.223722958995495,
3428,342,ok,0.9865914001305102,1.0145528673715278,0.04750304838431655,0.11133710703240357,15.000000000001679,0.21137387500493787,
3429,342,ok,0.8178117837160365,1.325125407464962,-0.46190951271376934,0.11629674211512321,15.000000000001679,0.18173725000815466,
3430,342,ok,1.8238231500728252,0.32935833471311454,-0.7316333159097018,0.08678568954461705,15.000000000001679,0.20585379202384502,
3431,343,ok,1.8606280045369077,0.5102587620988652,-1.1147231115231215,0.0929006766595045,15.000000000001679,0.2298235000052955,
3432,343,ok,1.168224894711982,0.8882099040456843,0.3587090564269533,0.09381499244327314,15.000000000001679,0.2540922079933807,
3433,343,ok,1.5464235314276504,0.8217096346166218,-1.0015276099029273,0.08630511246971823,15.000000000001679,0.20217512498493306,
3434,343,ok,1.7140219900845937,0.5334058072767144,-0.8871149059529353,0.09263290439809223,15.000000000001679,0.23544504199526273,
3435,343,ok,1.5908000882207733,0.8566434875614621,-1.106065461963081,0.09248409028915956,15.000000000001679,0.1936017090047244,
3436,343,ok,0.7917675318754545,1.230277720401273,0.18553554058855648,0.10874611465125887,15.000000000001679,0.19163975000265054,
3437,343,ok,0.8409280705240006,1.254645564050734,0.3893671591261519,0.12080489046305197,15.000000000001679,0.2004478329909034,
3438,343,ok,1.5682581468680892,0.8017441782228913,-1.0117393937152983,0.09984093711336278,15.000000000001679,0.21005145797971636,
3439,343,ok,1.7752565885461846,0.42573902596346075,-0.8205110241807628,0.09859765868720313,15.000000000001679,0.21344962497823872,
3440,343,ok,1.782575396808103,0.4166496643712453,-0.8188875136243536,0.08354485234813816,15.000000000001679,0.20613474998390302,
3441,344,ok,1.393361395330819,1.156532601117921,-1.1090620925003916,0.1063005708579872,15.000000000001679,0.21497349999845028,
3442,344,ok,1.3255747146085275,1.093364247426939,-0.9670366777768867,0.10675944125582111,15.000000000001679,0.23207012499915436,
3443,344,ok,1.358003603650424,1.1934250841258602,-1.0925249162422623,0.11232611349593007,15.000000000001679,0.2904572499974165,
3444,344,ok,0.9748946809451471,1.11734307171686,0.41392799601973274,0.11857179493821382,15.000000000001679,0.23839491698890924,
3445,344,ok,2.0948170049764787,0.053643762178639504,-0.7745680601680558,0.08599363444882648,15.000000000001679,0.20208579098107293,
3446,344,ok,1.3914242637907663,1.11387045705499,-1.0727702060486877,0.11394134881114805,15.000000000001679,0.21360670801368542,
3447,344,ok,1.658524068449547,0.5791224181694279,-0.8554583467812698,0.09293704151339305,15.000000000001679,0.229963666992262,
3448,344,ok,1.1290907511351682,1.3389976681540632,-0.9153807085542127,0.12167401626515306,15.000000000001679,0.24031320799258538,
3449,344,ok,0.7012282060170706,1.3849441102370321,-0.3367896218439682,0.11067129158869944,15.000000000001679,0.22737100001540966,
3450,344,ok,1.6653906169340111,0.8182824266456927,-1.1734860390296316,0.09234158641327432,15.000000000001679,0.20511833298951387,
3451,345,ok,1.6288248717647913,0.6368741608233393,-0.8916044018781609,0.09583542650231175,15.000000000001679,0.23579100001370534,
3452,345,ok,1.6298261874970097,0.6686469686566416,-0.9401236660056421,0.09075003793972705,15.000000000001679,0.24069116698228754,
3453,345,ok,1.4645135317888256,1.0603955389205446,-1.1233625156253728,0.10142627371994471,15.000000000001679,0.233220916998107,
3454,345,ok,1.3102568815160611,0.7784625244815547,0.47394017709434344,0.12720401454995087,15.000000000001679,0.2556528340210207,
3455,345,ok,0.7079905332165422,1.4320981387608316,-0.4227742555138994,0.11556403809219976,15.000000000001679,0.2428807090036571,
3456,345,ok,1.6975003700820674,0.5997630228069725,-0.9596061244750832,0.09756762681608296,15.000000000001679,0.24128391602425836,
3457,345,ok,1.4499816793321436,1.0115300117294737,-1.0608364401204027,0.09347551912583002,15.000000000001679,0.22400754198315553,
3458,345,ok,1.2960479345204352,1.1354179794902668,-0.9655248201812285,0.09767248919981777,15.000000000001679,0.21987433300819248,
3459,345,ok,1.4025661177019184,1.259789937762099,-1.1913357118323928,0.10336634738199636,15.000000000001679,0.2717574999842327,
3460,345,ok,0.8435823910754678,1.175168325379161,0.17687271998469942,0.13668132362498786,15.000000000001679,0.21093166701029986,
3461,346,ok,0.8972869789677459,1.3134177130024878,-0.5776925530126988,0.11868718444774258,15.000000000001679,0.2112761249882169,
3462,346,ok,1.5384159278146587,0.7979637574471176,-0.9601210541089001,0.09379301467581226,15.000000000001679,0.26538900000741705,
3463,346,ok,0.9387314160315281,1.0634598341847745,-0.06410295827298412,0.10018683045163576,15.000000000001679,0.2955760420009028,
3464,346,ok,1.7329385976713476,0.8617382249676891,-1.306689065845211,0.09653363695305525,15.000000000001679,0.2811305000213906,
3465,346,ok,1.7662079301300446,0.4998948485587525,-0.9322955470631018,0.09307315362200039,15.000000000001679,0.23778020800091326,
3466,346,ok,1.4157120086575807,1.0455196237943956,-1.0455657334169333,0.10601731784271731,15.000000000001679,0.27264470898080617,
3467,346,ok,0.7838942930355902,1.3200830850655159,0.39013235118321227,0.12138946236096815,15.000000000001679,0.2742017910059076,
3468,346,ok,1.6365255749898073,0.7960085470114872,-1.108431567001919,0.0986219701885594,15.000000000001679,0.29910679199383594,
3469,346,ok,0.6383230934564204,1.3986688067501778,0.21414286741453456,0.11852183002014428,15.000000000001679,0.22433016600552946,
3470,346,ok,1.693591747962074,0.3120314598538006,-0.13789567158522745,0.09581352845785268,15.000000000001679,0.2528251670009922,
3471,347,ok,0.8473274783525029,1.1881361361564875,0.2425714784476811,0.12701359938644263,15.000000000001679,0.18836916700820439,
3472,347,ok,1.8242428691850172,0.24881781954013635,0.511099810812156,0.1124027761286439,15.000000000001679,0.19703829201171175,
3473,347,ok,0.795593679245592,1.2634155180707956,-0.3006868860403182,0.10672595885540014,15.000000000001679,0.2068776660016738,
3474,347,ok,0.7725447480265283,1.2930903714487487,0.3116154116293094,0.11995732422896459,15.000000000001679,0.24840904198936187,
3475,347,ok,1.7685725015017093,0.4190766752248781,-0.7927989242235314,0.11190928878580786,15.000000000001679,0.28229958401061594,
3476,347,ok,1.4991530822626788,1.0115822657898557,-1.1271603021560754,0.09323808937438252,15.000000000001679,0.23674087499966845,
3477,347,ok,0.6975667846552753,1.3086443815715567,0.09288071878341608,0.1088914191984584,15.000000000001679,0.2603460829996038,
3478,347,ok,1.6380280638991618,0.5749993645625032,-0.8077803705983252,0.09620478676043216,15.000000000001679,0.24343466700520366,
3479,347,ok,1.251349638372193,1.2845994685208044,-1.026683007073509,0.11383854389473014,15.000000000001679,0.24441804201342165,
3480,347,ok,1.26181446977276,1.3822610694397592,-1.1002610462059454,0.1220705966878334,15.000000000001679,0.2646924580039922,
3481,348,ok,1.3083620423351785,1.1023989364299676,-0.9519052287394086,0.10860701308178038,15.000000000001679,0.21399620900047012,
3482,348,ok,1.7498855947713086,0.4608269964677208,-0.8324938798487098,0.0890679776665152,15.000000000001679,0.23213879199465737,
3483,348,ok,1.4556067654590727,0.9223286211432412,-0.9784760880283158,0.11419533116265682,15.000000000001679,0.2780547500005923,
3484,348,ok,1.6096556758727945,0.8388549099004411,-1.1147795632353465,0.08990728933124886,15.000000000001679,0.21783362500718795,
3485,348,ok,1.651038635350246,0.5989333808682704,-0.8734648843393689,0.09591519756559141,15.000000000001679,0.22854883299442008,
3486,348,ok,0.6158999062962075,1.3876826881463906,-0.06633403485426471,0.1211437784576137,15.000000000001679,0.21243945899186656,
3487,348,ok,1.9007926265401882,0.2689676713423998,-0.7852004115203923,0.11069159935542934,15.000000000001679,0.2319879170099739,
3488,348,ok,1.2887268108216468,1.3870409863197408,-1.1336216478519878,0.11605947580477256,15.000000000001679,0.22841775001143105,
3489,348,ok,1.8250208955387706,0.44912178873594705,-0.9620176936935969,0.10708905441360637,15.000000000001679,0.2147939580027014,
3490,348,ok,0.6476508494242462,1.3538696911580903,-0.044353655495416096,0.11263581546910752,15.000000000001679,0.22035341698210686,
3491,349,ok,0.746776673794757,1.257841213101562,-0.08292005519414208,0.1084804132470325,15.000000000001679,0.23175883400836028,
3492,349,ok,1.3998930812184005,0.897767641454089,-0.8630089609137701,0.09130198796132202,15.000000000001679,0.220160416996805,
3493,349,ok,1.2983778082375956,1.1540314217008978,-0.9849477638202232,0.11744727736285247,15.000000000001679,0.2051172920037061,
3494,349,ok,0.6039658702402737,1.4022896744552764,0.0867014368526362,0.1131837149358666,15.000000000001679,0.20449654199182987,
3495,349,ok,1.7645408487264,0.46719989359501196,-0.8741442905086902,0.1179657955736501,15.000000000001679,0.2215041249874048,
3496,349,ok,1.5679119937597021,0.789214977164614,-0.9961664763748265,0.08830222303236736,15.000000000001679,0.2687888339860365,
3497,349,ok,0.7382094098271679,1.3783748240413856,-0.3981648821428092,0.10632940335920563,15.000000000001679,0.2829684169846587,
3498,349,ok,0.583988523983595,1.424755581257619,-0.10067996250634029,0.106332421040971,15.000000000001679,0.22648545901756734,
3499,349,ok,1.750994167964203,0.45929191308262207,-0.8319850762796437,0.11754495158683481,15.000000000001679,0.22248087500338443,
3500,349,ok,1.7881509363095154,0.24902278423879168,-0.362715537177171,0.08956547778529357,15.000000000001679,0.24848295899573714,
3501,350,ok,0.5644517531222989,1.472775513733819,-0.20159395497930524,0.11276772866070398,15.000000000001679,0.20439883397193626,
3502,350,ok,0.9807511188688105,1.1348554102290582,0.4619497764394876,0.11755881526134579,15.000000000001679,0.21079691598424688,
3503,350,ok,1.4394363734423234,0.6364048976732393,0.46106991888352333,0.12275997128540671,15.000000000001679,0.37823679199209437,
3504,350,ok,0.9444082121293722,1.2312930655835543,-0.5486314975623141,0.10527559428773878,15.000000000001679,0.278512791992398,
3505,350,ok,1.3002016321322196,1.0641511398981531,-0.9026135359307224,0.11138165383633725,15.000000000001679,0.21634099999209866,
3506,350,ok,1.7407208825726868,0.4813223747471683,-0.8507217298159571,0.1009565777747974,15.000000000001679,0.206969165999908,
3507,350,ok,1.572507967222487,0.8271669041310533,-1.0474940745477563,0.11045958852322488,15.000000000001679,0.24492304198793136,
3508,350,ok,1.1276324412907555,1.4499616307485692,-0.9843844345592709,0.10997675684173218,15.000000000001679,0.18501379201188684,
3509,350,ok,1.5958798343529557,0.8891033545034436,-1.145749138650741,0.1035956116787603,15.000000000001679,0.2203170830034651,
3510,350,ok,1.9974166675979934,0.008385978516973779,0.15214116284056858,0.1073938010534716,15.000000000001679,0.30911833298159763,
3511,351,ok,1.8613384553736132,0.4287063624014697,-0.9978061684991766,0.09038654901532454,15.000000000001679,0.2325020419957582,
3512,351,ok,1.795697894650854,0.4358111144574543,-0.8819546809211222,0.08478140376979484,15.000000000001679,0.2269747499958612,
3513,351,ok,1.7311145670750108,0.3432076840295658,-0.5017936489042357,0.08646173041173105,15.000000000001679,0.22356983300414868,
3514,351,ok,1.14675800224283,1.0027587239709725,0.5661834977213337,0.11280159848679228,15.000000000001679,0.21899833300267346,
3515,351,ok,1.8010676302683972,0.41993781023697574,-0.8644351249699983,0.10072430732340068,15.000000000001679,0.21372929200879298,
3516,351,ok,1.4533700072113174,1.0039303835143705,-1.0583617987132734,0.11246531611683197,15.000000000001679,0.242137041001115,
3517,351,ok,0.9920496935316426,1.056724532837623,0.30723604522553233,0.1082648578760867,15.000000000001679,0.21824412501882762,
3518,351,ok,1.5745308635590818,0.8822213897888578,-1.1089266967904394,0.09971648161525014,15.000000000001679,0.2094748750096187,
3519,351,ok,1.3932857851056868,1.158730445840328,-1.1106353209859468,0.10395717486578918,15.000000000001679,0.2542770830041263,
3520,351,ok,1.5369346540773619,0.7025166059743184,-0.823835525533767,0.09054227057324724,15.000000000001679,0.21187754202401266,
3521,352,ok,1.7811169912917342,0.3153161896677734,-0.5781160747398482,0.08342650934003648,15.000000000001679,0.24083654198329896,
3522,352,ok,1.9350596384876624,0.22376439438932275,-0.767751833514498,0.10144955605610798,15.000000000001679,0.23794225000892766,
3523,352,ok,1.1092662101352893,0.9122446770202299,0.21739338140128286,0.11203416603993058,15.000000000001679,0.27501541600213386,
3524,352,ok,1.257020056431098,1.2482180932796403,-1.0074340608684726,0.11750946646762586,15.000000000001679,0.23276774998521432,
3525,352,ok,1.5029810808642494,0.8376829831485234,-0.9528752708373492,0.10897091441632983,15.000000000001679,0.18848270899616182,
3526,352,ok,1.6164954794897197,0.5507864529690512,0.7161268953982068,0.11777371618395831,15.000000000001679,0.18826233400614,
3527,352,ok,1.6571225381169357,0.7817229889867938,-1.1233237426369314,0.09643998401214066,15.000000000001679,0.26578983300714754,
3528,352,ok,1.665769948434219,0.6310839159665341,-0.9491355414170419,0.10889368324301159,15.000000000001679,0.2294200420146808,
3529,352,ok,1.8050394364565436,0.3696563416936734,-0.7746915018145613,0.08583997117367902,15.000000000001679,0.23967454198282212,
3530,352,ok,1.5032166833573748,0.7690601296161348,-0.8628136720192251,0.10208491670785615,15.000000000001679,0.2211590420047287,
3531,353,ok,1.8187339631395127,0.3055869865131656,-0.6608765152459452,0.08337225353676367,15.000000000001679,0.2536441249831114,
3532,353,ok,1.3222566011194334,0.9666097148009398,-0.824904259693282,0.11344633946711613,15.000000000001679,0.22609908299637027,
3533,353,ok,1.640029135637176,0.49352858073751826,-0.6482587667622448,0.10650833325357116,15.000000000001679,0.2844096669869032,
3534,353,ok,1.5598701258510432,0.567538199095017,0.6174528309681657,0.13182314407700288,15.000000000001679,0.21987387500121258,
3535,353,ok,1.189005164602046,1.318547686146642,-0.9743490264757508,0.10367643033400747,15.000000000001679,0.24699662497732788,
3536,353,ok,1.598207564778544,0.7841479784834019,-1.0372903556330628,0.09584284224284262,15.000000000001679,0.2636459169734735,
3537,353,ok,1.7033349290188888,0.47328913637586145,-0.7553170323167754,0.09346754166002098,15.000000000001679,0.22466933299438097,
3538,353,ok,1.7194138100693914,0.5540548775677027,-0.9303905379847701,0.0970340962501688,15.000000000001679,0.2294160000164993,
3539,353,ok,1.699400301076446,0.5801991479925034,-0.933877360223227,0.08787067847906767,15.000000000001679,0.24408400000538677,
3540,353,ok,1.6699187623344345,0.6313711296531337,-0.9568091178754673,0.09654369373982227,15.000000000001679,0.2698442919936497,
3541,354,ok,1.5565080131279172,0.8009876560657428,-0.9925152865445925,0.10232702680093018,15.000000000001679,0.2699635000026319,
3542,354,ok,1.7221884400218457,0.5212103189864261,-0.8826744033179228,0.0924381221790982,15.000000000001679,0.37517504100105725,
3543,354,ok,1.204869527061004,1.2636175086635633,-0.9536516154725214,0.10763395316245992,15.000000000001679,0.3176812909950968,
3544,354,ok,1.3528367162085397,1.2702347597710806,-1.1391268036858464,0.12090673871177113,15.000000000001679,0.23304458300117403,
3545,354,ok,1.4811069992591823,0.8688939012534754,-0.9561782975120052,0.10296844168135699,15.000000000001679,0.24358120799297467,
3546,354,ok,1.8806705455721442,0.21036632660093538,0.5780423998451991,0.10956036367529895,15.000000000001679,0.25869837499340065,
3547,354,ok,1.7296066161550459,0.5549241037620702,-0.9504181715221209,0.10734933713066187,15.000000000001679,0.23815204098355025,
3548,354,ok,0.8340628072477034,1.2041285247670845,0.24949821912090378,0.11000074385293786,15.000000000001679,0.28046725000604056,
3549,354,ok,1.5355233690422867,0.8558168806263068,-1.0240493182534034,0.08675976246620459,15.000000000001679,0.22643862501718104,
3550,354,ok,1.6223654129996838,0.6380581149754954,-0.8815803055386014,0.10209875862407168,15.000000000001679,0.3009495419973973,
3551,355,ok,1.023700804239364,1.0118940494781592,0.2676003870394254,0.10209716346251548,15.000000000001679,0.24019899999257177,
3552,355,ok,0.9579026882124968,1.129384112015972,-0.3995066153075693,0.11226346233541233,15.000000000001679,0.20801370800472796,
3553,355,ok,1.8607739533505234,0.20080706682013555,-0.4747467689867647,0.0840626492703539,15.000000000001679,0.237493333988823,
3554,355,ok,0.7159120967566985,1.2925276077863603,0.10960357903865404,0.107662533760878,15.000000000001679,0.2725675830151886,
3555,355,ok,1.4914090181114417,0.8945258602270499,-1.0011132731101862,0.10010853930566832,15.000000000001679,0.2156443750136532,
3556,355,ok,1.0900276661586372,1.0421408664952139,0.5202558921845154,0.10721410375348334,15.000000000001679,0.22222595900529996,
3557,355,ok,1.0279841953989,1.0178311981112238,0.3034731464006157,0.1264004887097037,15.000000000001679,0.192920208995929,
3558,355,ok,0.7481923923543051,1.27329989661439,0.17804161231634136,0.12410131202886687,15.000000000001679,0.1986226250010077,
3559,355,ok,1.4361815982073798,0.8258134209356819,-0.826984558849038,0.10906759170894907,15.000000000001679,0.20115654199616984,
3560,355,ok,1.4909380796255942,1.042407844630317,-1.1427657770742436,0.09191658210058871,15.000000000001679,0.28542733399081044,
3561,356,ok,1.4905057227958367,1.0733365303913025,-1.1674339911874718,0.09550497779893226,15.000000000001679,0.22181254197494127,
3562,356,ok,1.4538508308781963,0.8879568961242025,-0.9365054049857395,0.1115534932662181,15.000000000001679,0.24145766597939655,
3563,356,ok,0.6677017289216818,1.3336355300679543,0.04223732966448956,0.114033002261644,15.000000000001679,0.20335016600438394,
3564,356,ok,1.726816619750866,0.45052893287356205,-0.7622565515532582,0.0847847992604547,15.000000000001679,0.24594945900025778,
3565,356,ok,1.0047817600042743,1.0283400960788005,0.25585819578261054,0.10267716414651855,15.000000000001679,0.1992065419908613,
3566,356,ok,1.4650244196351736,0.9846343318528491,-1.0560914307366889,0.09207337980206011,15.000000000001679,0.22169995799777098,
3567,356,ok,0.5451635784240122,1.4610632184986974,-0.08216126085383103,0.11429403728643354,15.000000000001679,0.18285745798493735,
3568,356,ok,1.6935859868811016,0.466067679017328,-0.7178336364400509,0.08958435817421788,15.000000000001679,0.2157912089896854,
3569,356,ok,1.5084060505457857,1.2085787947156672,-1.2841110890999383,0.09959639757762878,15.000000000001679,0.2080405000015162,
3570,356,ok,1.6322302099856316,0.6189243338111736,-0.869945666493505,0.10284886886555844,15.000000000001679,0.2599984999978915,
3571,357,ok,1.475908607447621,0.9666718882488513,-1.0538212519221566,0.10479638561393317,15.000000000001679,0.22497924999333918,
3572,357,ok,0.7827811932219221,1.2294449552560764,0.13780899637406166,0.11288041549797147,15.000000000001679,0.27541895798640326,
3573,357,ok,1.747987401252273,0.2732938802746002,-0.2719300112888006,0.08346499742876852,15.000000000001679,0.24253724998561665,
3574,357,ok,1.8120138223214262,0.5280681857337448,-1.0567927074099042,0.09161210646285685,15.000000000001679,0.2011194580118172,
3575,357,ok,1.5083523713051705,0.821108254705104,-0.940925676606545,0.1168893138431228,15.000000000001679,0.21970612500444986,
3576,357,ok,1.8376681967232893,0.3155830939044032,-0.7346863873160869,0.10395511426266273,15.000000000001679,0.22287162498105317,
3577,357,ok,1.7966866557803884,0.3778236744979725,-0.7724162789843673,0.08718536896870399,15.000000000001679,0.22713954199571162,
3578,357,ok,1.7202568807349377,0.4343398373981144,-0.7127355687471577,0.08344981862083034,15.000000000001679,0.20135020799352787,
3579,357,ok,0.8228640001089204,1.2240688278443557,0.27392695879088136,0.11344663049054779,15.000000000001679,0.19009004201507196,
3580,357,ok,1.749670209745203,0.3875440623472717,-0.6792140251778399,0.09036737191017716,15.000000000001679,0.2007145420066081,
3581,358,ok,1.6452830829209981,0.5939498237459895,-0.854388275201673,0.08800523479608878,15.000000000001679,0.20594591699773446,
3582,358,ok,0.7692962798129601,1.2312164275218196,0.02808175246929101,0.1096751807416863,15.000000000001679,0.23737016602535732,
3583,358,ok,0.9173912066050544,1.1513315931467205,0.34837990924476975,0.09680190332637102,15.000000000001679,0.25346291600726545,
3584,358,ok,0.5977420799220222,1.4275548090268604,0.17205260079763673,0.11438293171375186,15.000000000001679,0.19148029200732708,
3585,358,ok,1.8864482556899183,0.4383728499287082,-1.0583041460543137,0.08810422187889554,15.000000000001679,0.18793474999256432,
3586,358,ok,0.6325657688592508,1.3964728797316077,0.18945835171096753,0.115464910861842,15.000000000001679,0.19725816600839607,
3587,358,ok,1.8683633339568417,0.3162042017259068,-0.809699485851902,0.08605283075486661,15.000000000001679,0.23375012498581782,
3588,358,ok,1.1663164115941365,0.8530443050010097,0.21162846137324273,0.10102549509285065,15.000000000001679,0.2609681250178255,
3589,358,ok,1.2686046554315877,1.08363624362383,-0.8772885715560491,0.11702920788671813,15.000000000001679,0.22536083299200982,
3590,358,ok,1.4253532742358006,0.788850562040208,-0.7514978345307439,0.08726537801908335,15.000000000001679,0.2760314579936676,
3591,359,ok,0.7726220584858312,1.2360575794784465,-0.11548516522286757,0.1267106693108106,15.000000000001679,0.20492866699350998,
3592,359,ok,0.5782614740022577,1.4268648322495328,0.07682715537430414,0.10880301700789057,15.000000000001679,0.2297301670187153,
3593,359,ok,1.6666794031458054,0.8432794500555285,-1.1999240818512718,0.10709698209805868,15.000000000001679,0.21649391599930823,
3594,359,ok,1.5399406130904143,0.9333481800396526,-1.1107074262921623,0.08976729476266423,15.000000000001679,0.23602695899899118,
3595,359,ok,0.9525013377156883,1.0670820501659424,-0.1921533169830656,0.11535140429393827,15.000000000001679,0.20696012501139194,
3596,359,ok,1.5286546619894414,0.9743229443758079,-1.1334776809395681,0.09206242909301134,15.000000000001679,0.2166252080060076,
3597,359,ok,1.4291215985238526,0.7288117483831402,0.6530459189970049,0.11506604152474982,15.000000000001679,0.22941112497937866,
3598,359,ok,1.5322067973728672,0.7911711874673235,-0.9414831766454769,0.11478391321739757,15.000000000001679,0.2564841669809539,
3599,359,ok,1.6295563647659084,0.7489286393539151,-1.0441620547215051,0.10917577061337867,15.000000000001679,0.2072225830052048,
3600,359,ok,1.6298817496475417,0.6751241623984237,-0.9493253039783852,0.09148241733411554,15.000000000001679,0.2117071249813307,
3601,360,ok,0.907391704868223,1.1234817461371065,0.23468160709523955,0.11890929169591612,15.000000000001679,0.26400724999257363,
3602,360,ok,1.4947608088026525,0.932340944823877,-1.0461424460525381,0.09417513003452205,15.000000000001679,0.2255330000189133,
3603,360,ok,1.7352516161309857,0.5471795419024672,-0.9488998302341889,0.10346608784975377,15.000000000001679,0.2252940829785075,
3604,360,ok,0.605792667437256,1.3983181363113806,-0.07045346569854032,0.1230583910254708,15.000000000001679,0.24645604199031368,
3605,360,ok,1.297915337793771,0.7570248437262384,-0.3736267990475747,0.11583990891510208,15.000000000001679,0.18655295798089355,
3606,360,ok,0.6731317840243656,1.3334305576198735,-0.09376341050149782,0.09326213325767722,15.000000000001679,0.2277590840240009,
3607,360,ok,1.0248495571173952,1.5360663702766029,-0.9138283219157716,0.10654570889049392,15.000000000001679,0.18637912499252707,
3608,360,ok,0.6740429888230492,1.3891328482211225,0.2849127474492343,0.10684881065193151,15.000000000001679,0.23081641699536704,
3609,360,ok,1.1534666314428808,0.930195414451396,0.4312811363732083,0.11966150379285918,15.000000000001679,0.2219230410119053,
3610,360,ok,1.5514942390806274,0.7925340403302059,-0.9742485977095776,0.10809262745714429,15.000000000001679,0.30526779100182466,
3611,361,ok,0.6434033369778298,1.3588286799761766,0.05354617085389672,0.11236664532263306,15.000000000001679,0.26762450000387616,
3612,361,ok,1.7141882519277083,0.39680426858032886,-0.6067988215254849,0.09155940176264284,15.000000000001679,0.23229645899846219,
3613,361,ok,1.4136953203064146,0.9196555067272197,-0.9118060289948932,0.09973403475243325,15.000000000001679,0.2273078330035787,
3614,361,ok,1.6905869090916452,0.6385176729168054,-1.0022225153288924,0.10382036409008223,15.000000000001679,0.22995987499598414,
3615,361,ok,1.7087211426184425,0.3798988558071979,-0.5431392324408627,0.08970952709025434,15.000000000001679,0.2910103329923004,
3616,361,ok,1.6212929787038997,0.3789229637357864,-0.026460636640053957,0.09683623194802145,15.000000000001679,0.2647995000006631,
3617,361,ok,0.948050300396163,1.0519631539396253,0.005050801238626663,0.12292628687201468,15.000000000001679,0.3575523330073338,
3618,361,ok,1.7211653534761975,0.5766296737467851,-0.9676916287478468,0.08752623919200528,15.000000000001679,0.2821184170024935,
3619,361,ok,0.6337344633235417,1.3774488667516434,-0.11853040325234804,0.11327110249725546,15.000000000001679,0.23306495801080018,
3620,361,ok,2.0196453572002366,0.11117913937230464,-0.7150686158111843,0.08231728329394175,15.000000000001679,0.3203393750009127,
3621,362,ok,1.241928258778246,0.8155114962991795,0.3733266459182324,0.12193524136819349,15.000000000001679,0.22766387500450946,
3622,362,ok,1.4691351840940772,0.8055541678785362,-0.8553697114527744,0.11231801302195825,15.000000000001679,0.2631805830169469,
3623,362,ok,1.427505179132033,0.6791383949344385,-0.5413830960719094,0.10469684529722897,15.000000000001679,0.20133429201086983,
3624,362,ok,1.2830318895994393,0.8607507624716083,0.5901542209626958,0.12793152183217932,15.000000000001679,0.2732028329919558,
3625,362,ok,1.1567209738900261,0.8624783027178642,0.20987567665039084,0.10981890544773704,15.000000000001679,0.19604262500070035,
3626,362,ok,1.607800070973469,0.6309422874953208,-0.8430314632644188,0.08890441304797796,15.000000000001679,0.2175714170152787,
3627,362,ok,1.5734659448522241,0.4330176442152221,-0.1426932944075864,0.08921498612246045,15.000000000001679,0.20113358399248682,
3628,362,ok,1.5568240343089663,0.8285600618749442,-1.025392385951647,0.09674090548640775,15.000000000001679,0.2453971249924507,
3629,362,ok,1.5353299435143943,0.8085780310888212,-0.9683758193220868,0.10473297562872848,15.000000000001679,0.21048862501629628,
3630,362,ok,1.5033348573403003,0.8525631464115508,-0.9712900495327957,0.09445551479878918,15.000000000001679,0.19811516697518528,
3631,363,ok,1.3719963590792699,0.9210579085223835,-0.8475010162617381,0.10865124273158194,15.000000000001679,0.24764558300375938,
3632,363,ok,1.3279493587835567,0.6919736393154269,0.2291648735036193,0.0930249617478688,15.000000000001679,0.2183824589883443,
3633,363,ok,1.524656227149853,0.924374727791869,-1.0805585984915431,0.08999303257571598,15.000000000001679,0.2530761249945499,
3634,363,ok,1.499267949108394,0.8417797267482449,-0.9520137508735468,0.0918869060722003,15.000000000001679,0.25962279201485217,
3635,363,ok,0.6200552720279997,1.411184701794002,-0.19433240843538782,0.11226764231282792,15.000000000001679,0.33146129199303687,
3636,363,ok,1.930468330860613,0.2840899135189467,-0.884511476221957,0.09437088979278635,15.000000000001679,0.2194379169959575,
3637,363,ok,1.249131238675908,1.3929249911830899,-1.091690791893912,0.1158035125987308,15.000000000001679,0.22018770899740048,
3638,363,ok,1.4194339123576003,1.067645730614702,-1.0702841435384396,0.10114171841552091,15.000000000001679,0.21541545799118467,
3639,363,ok,1.1433988920713742,0.9429217404754683,0.4358286126800684,0.1012872977445944,15.000000000001679,0.2523895000049379,
3640,363,ok,1.3398478452891325,1.3468279400140772,-1.1698540543929732,0.11628478997358394,15.000000000001679,0.2051963340200018,
3641,364,ok,1.370950125670757,1.1046687451786732,-1.0382129796996054,0.1066419920156134,15.000000000001679,0.1991038749984,
3642,364,ok,1.3194673367371055,1.1138108339300712,-0.9775800809429345,0.10950915354826128,15.000000000001679,0.22588270899723284,
3643,364,ok,1.2259141635219766,0.8054439946735726,-0.275502244024175,0.09267305283331774,15.000000000001679,0.2483736249851063,
3644,364,ok,1.6648895390611806,0.5951085404554887,-0.893385227197228,0.09059006802108485,15.000000000001679,0.20214854201185517,
3645,364,ok,1.3841411286468084,1.1985779133520427,-1.1285252779820638,0.09377627116488504,15.000000000001679,0.24653929198393598,
3646,364,ok,1.576319791946448,0.8291903668322234,-1.055456720743977,0.0947830260946395,15.000000000001679,0.2259243750013411,
3647,364,ok,0.7229047820629042,1.4917274670519056,-0.5140528729420188,0.11619662485479962,15.000000000001679,0.22103333301492967,
3648,364,ok,1.6623376273140018,0.8723229292896458,-1.2213561361773475,0.1122073253758625,15.000000000001679,0.27422687501530163,
3649,364,ok,1.0775452780693853,0.9804638345394554,0.34878336199944776,0.13231301018998345,15.000000000001679,0.2100889580033254,
3650,364,ok,1.6263018819545092,0.8269663338692433,-1.1264323456704424,0.10705373206331614,15.000000000001679,0.2091194170061499,
3651,365,ok,1.7743835510779775,0.4703988643235982,-0.8993093750615277,0.10097455558612434,15.000000000001679,0.22748479098663665,
3652,365,ok,1.13862745450375,1.4070594511041945,-0.9720565753210202,0.11542805217479002,15.000000000001679,0.22809962500468828,
3653,365,ok,1.6230063581469865,0.7771692609587726,-1.0671619475231628,0.10394197787868427,15.000000000001679,0.2035682080022525,
3654,365,ok,1.4083044538193028,0.7686371349237483,0.6834229504183257,0.0927894970980142,15.000000000001679,0.19296945800306275,
3655,365,ok,1.8101911663408814,0.28772146018391725,-0.5872769881272928,0.08469557064773485,15.000000000001679,0.21788233300321735,
3656,365,ok,1.242436232461904,1.0562864826983633,-0.8081166926850998,0.12740523177017182,15.000000000001679,0.19299504198716022,
3657,365,ok,1.6858735221496726,0.7291374264213931,-1.107735461092811,0.10266792529743138,15.000000000001679,0.2633544160053134,
3658,365,ok,1.626426413890553,0.7148282266381468,-0.9967930541264991,0.09939018749403096,15.000000000001679,0.2309357910125982,
3659,365,ok,0.9983267815384763,1.0328663996744216,0.24760646570365855,0.10527763489864259,15.000000000001679,0.18738295801449567,
3660,365,ok,0.7931601693715183,1.2128199518014593,-0.09721433019672987,0.10954152834756824,15.000000000001679,0.2322379999968689,
3661,366,ok,1.8390894501324822,0.3009642187725215,-0.7039370850419289,0.08652268283627879,15.000000000001679,0.1968259169952944,
3662,366,ok,1.566890903156393,0.7689127700182999,-0.9693148789584537,0.09315872120061636,15.000000000001679,0.21145087500917725,
3663,366,ok,1.7012226934096726,0.5699411605166058,-0.9214609965633211,0.10051793791061803,15.000000000001679,0.22252495799330063,
3664,366,ok,1.4657121039147136,1.0234889217541578,-1.0930407520423193,0.11959340246604047,15.000000000001679,0.20143375001498498,
3665,366,ok,1.2468744918991965,0.9102643651588541,0.605947394339017,0.11300114820320342,15.000000000001679,0.1889769170084037,
3666,366,ok,0.766532443469555,1.2358110577892594,0.05989363483907044,0.118307795847825,15.000000000001679,0.18023033297504298,
3667,366,ok,0.7411343282250024,1.3053538630151231,-0.25835409198523107,0.1047178707790171,15.000000000001679,0.2014370420074556,
3668,366,ok,2.0314328282710568,0.3435051190312763,-1.175901375584602,0.09344784436084376,15.000000000001679,0.21699129199259914,
3669,366,ok,1.4314808697164685,1.1137844092424785,-1.124170541805163,0.10266267538180351,15.000000000001679,0.20580337499268353,
3670,366,ok,1.6730576727411468,0.3457790024767345,0.2503494910543152,0.0974976900214671,15.000000000001679,0.2177793750015553,
3671,367,ok,1.4963243013724334,0.9749778283617939,-1.0900990608783208,0.10457786390936064,15.000000000001679,0.19886791601311415,
3672,367,ok,1.6988205524148854,0.7316727258434914,-1.1301934325317666,0.10592088246604237,15.000000000001679,0.20491612498881295,
3673,367,ok,1.7619107039929454,0.5881092023193419,-1.0539894232247267,0.08764737570585845,15.000000000001679,0.22255179201602004,
3674,367,ok,1.5629225992317948,0.7665686113940781,-0.9598823161154372,0.10512339739120793,15.000000000001679,0.19461016700370237,
3675,367,ok,0.889158424850581,1.1502218947491616,0.26168659942584255,0.11374908792700929,15.000000000001679,0.17336791698471643,
3676,367,ok,0.6458538067479994,1.3635877013701967,0.11002965892709198,0.10781596055399899,15.000000000001679,0.1877765830140561,
3677,367,ok,0.5981402926217242,1.4076507465335601,0.08303114822374318,0.11923049429151701,15.000000000001679,0.2248936250107363,
3678,367,ok,1.700347855227058,0.5104179903460706,-0.8199562581568709,0.09123450336866218,15.000000000001679,0.21599516700371169,
3679,367,ok,1.4998257434364046,0.750952640801046,-0.8302758307651035,0.08736217534140693,15.000000000001679,0.1993142919964157,
3680,367,ok,0.820404426769839,1.1849796590040105,0.09383638540741622,0.11472705347283485,15.000000000001679,0.19806883300771005,
3681,368,ok,0.5619947149646429,1.4386291787774599,0.02647377434596686,0.1137313374772526,15.000000000001679,0.21274270801222883,
3682,368,ok,0.8727285648517644,1.2381479239991167,0.4257188769615047,0.11890024852338443,15.000000000001679,0.18150566701660864,
3683,368,ok,0.7197335756485465,1.2843749633295456,0.07679340340324013,0.11476558511215908,15.000000000001679,0.19137204199796543,
3684,368,ok,0.6923911992326701,1.3186559154517907,0.12319014256837987,0.11529886175728271,15.000000000001679,0.21049691599910147,
3685,368,ok,0.6219959504697621,1.3851087691605433,0.09374292846674206,0.10960968930494187,15.000000000001679,0.21232954200240783,
3686,368,ok,1.5183593468017473,0.7469439300807302,-0.8574762921846308,0.11630839024985395,15.000000000001679,0.20797333301743492,
3687,368,ok,1.1326586329806627,0.9906202502306601,0.5138755682275703,0.1227422519721433,15.000000000001679,0.19064995797816664,
3688,368,ok,1.4472074082198558,1.0635856003002615,-1.103420751319011,0.10467930095721253,15.000000000001679,0.19537887498154305,
3689,368,ok,1.408171284221618,1.081254141237016,-1.0671702829034495,0.09156358804066109,15.000000000001679,0.18802262499229982,
3690,368,ok,0.8971764944030552,1.476718220424515,-0.7287673437206617,0.10776502073357368,15.000000000001679,0.2078008749813307,
3691,369,ok,1.7822449276389942,0.4685844972090712,-0.9116817097575944,0.09698941734379894,15.000000000001679,0.2095653339929413,
3692,369,ok,0.632589721112557,1.460252724269324,-0.32991306976016593,0.11267916752184139,15.000000000001679,0.21374637499684468,
3693,369,ok,1.7009388255012183,0.5498463590298823,-0.888958551158925,0.10934755339555846,15.000000000001679,0.18149649997940287,
3694,369,ok,1.4099750783790737,0.9420000227466039,-0.9320224084118838,0.1155140109497628,15.000000000001679,0.24040333399898373,
3695,369,ok,1.2549653803417036,1.4285432476179594,-1.117307158311074,0.11798035885964857,15.000000000001679,0.2031146659865044,
3696,369,ok,0.6089589622878339,1.3911693470879216,0.012500153012173082,0.11750126875299058,15.000000000001679,0.20686912501696497,
3697,369,ok,1.2793560296089195,1.316880826748341,-1.081711627760684,0.12208361922953406,15.000000000001679,0.2595619580242783,
3698,369,ok,1.8195821716736496,0.5379523465069647,-1.0831878592322313,0.1001681207912523,15.000000000001679,0.24402429099427536,
3699,369,ok,1.0428777155192173,1.5126221769997126,-0.9219852423841078,0.12513443251540074,15.000000000001679,0.19730170798720792,
3700,369,ok,0.8209749111928097,1.2662283392545375,0.36821047607976565,0.11197948301265624,15.000000000001679,0.19269754202105105,
3701,370,ok,1.5435074161537472,0.8343898356874917,-1.0118142559644947,0.09610748270497212,15.000000000001679,0.2048550829931628,
3702,370,ok,0.6254338392574429,1.535656231223482,-0.4189896796899949,0.11511035418722067,15.000000000001679,0.21311987499939278,
3703,370,ok,0.9445330450332058,1.1140564916215903,0.3274855311641332,0.11115826565605975,15.000000000001679,0.20224687500740401,
3704,370,ok,1.8069743999320387,0.3429397927241565,-0.7206302460157288,0.11226108917863463,15.000000000001679,0.21425354201346636,
3705,370,ok,0.856056569716138,1.1812385597046258,0.24992509765848914,0.10656935041512416,15.000000000001679,0.21041408300516196,
3706,370,ok,0.7631750581669857,1.2870142593865355,0.2721901965355317,0.10831608457842998,15.000000000001679,0.20795062501565553,
3707,370,ok,1.549339963189085,0.6758270646168989,-0.8043757571767419,0.11485954012416791,15.000000000001679,0.2524109160003718,
3708,370,ok,1.3941543847835558,0.9845465381977352,-0.9552595016669613,0.10562260556487435,15.000000000001679,0.19030641700373963,
3709,370,ok,0.9222963098611107,1.30453476359058,-0.6057710690759434,0.1134947842955905,15.000000000001679,0.19850379199488088,
3710,370,ok,1.3207529019180926,1.3790094711792629,-1.1656581793304606,0.11551340299974751,15.000000000001679,0.21706420800182968,
3711,371,ok,1.2971109921349375,1.1128257701501278,-0.9462657194507093,0.10741115989118538,15.000000000001679,0.20338933399762027,
3712,371,ok,1.5935747728543164,0.7929976747449047,-1.0404931251606033,0.0974487884584677,15.000000000001679,0.1977285830071196,
3713,371,ok,1.1408645400391928,1.0003123297215577,0.5497239858438953,0.11256952624174223,15.000000000001679,0.20759645799989812,
3714,371,ok,1.827468472594235,0.26788273242076566,-0.5825897267200592,0.08747715528755096,15.000000000001679,0.21434129198314622,
3715,371,ok,1.805928243183587,0.44255294914530435,-0.9141857050469384,0.09443549972233804,15.000000000001679,0.20790924999164417,
3716,371,ok,0.8231005776753606,1.2010180277929334,0.19779375383873654,0.09366896481483257,15.000000000001679,0.18037070901482366,
3717,371,ok,0.601569925866896,1.417732248234145,-0.15116428467412327,0.12729124146469586,15.000000000001679,0.19209783399128355,
3718,371,ok,0.936404869021131,1.1113995854195668,0.29536990695391396,0.11796123396059505,15.000000000001679,0.21392866698442958,
3719,371,ok,1.754752711312512,0.44286982207823056,-0.8090134033895426,0.09569302336521218,15.000000000001679,0.20892233299673535,
3720,371,ok,0.6168654739095378,1.3841618675753726,-0.035586620426585246,0.11503046458697666,15.000000000001679,0.19933016700088046,
3721,372,ok,1.478894519717859,1.0630057021846029,-1.1441899695037305,0.10346764371305699,15.000000000001679,0.19012612500227988,
3722,372,ok,1.5525245333196949,0.9143536855388448,-1.1098218354566856,0.10084654261057042,15.000000000001679,0.2184529580117669,
3723,372,ok,1.3621165183334045,0.6417587964497862,-0.10267542303386293,0.10237928189312692,15.000000000001679,0.1930666659900453,
3724,372,ok,1.6091411724893208,0.9900042307146873,-1.2526946391783096,0.09811014725046699,15.000000000001679,0.19432020900421776,
3725,372,ok,1.6002759528128463,0.635024317023247,-0.8352990542513559,0.10055046616046479,15.000000000001679,0.21070666701416485,
3726,372,ok,0.8025267683795417,1.5391309462076188,-0.656999946135634,0.11564372486712314,15.000000000001679,0.21171379100997,
3727,372,ok,1.5082407561381326,0.8158534137977043,-0.934123675356521,0.11054905061719224,15.000000000001679,0.20692358302767389,
3728,372,ok,0.7302115700089393,1.294220409973961,-0.18730752061141676,0.11827636585742062,15.000000000001679,0.2003836250223685,
3729,372,ok,1.9814831112046605,0.22939692049793445,-0.8895167535505463,0.11408287951543736,15.000000000001679,0.2090189169975929,
3730,372,ok,1.540652662980477,0.6706944974118925,-0.7788180202960213,0.1019114604183672,15.000000000001679,0.20436795899877325,
3731,373,ok,0.6584366333079418,1.3530228685410377,0.12230859107613644,0.11184367175999956,15.000000000001679,0.3072505000163801,
3732,373,ok,1.7965186139872054,0.35306127313090785,-0.7176851401146075,0.08422569860002581,15.000000000001679,0.24017258299863897,
3733,373,ok,1.43739499628123,0.7890944268571473,-0.7744753503281412,0.09585040019157043,15.000000000001679,0.20277800000621937,
3734,373,ok,1.5151279862189964,0.9675001521556109,-1.1088538581911258,0.10399067240839639,15.000000000001679,0.19904720899648964,
3735,373,ok,1.4792622132820676,1.0348755292603418,-1.1210492636916791,0.09808168534479578,15.000000000001679,0.19108029099879786,
3736,373,ok,1.5426111394626774,0.8529145870200142,-1.0314282248042639,0.09291760892844401,15.000000000001679,0.2103778749878984,
3737,373,ok,1.4902599654462336,0.5799875349152758,0.4521497137186018,0.11262385010218263,15.000000000001679,0.20200804198975675,
3738,373,ok,1.5727987839842026,0.9152229320766916,-1.138839201911269,0.09585021789054121,15.000000000001679,0.21834979200502858,
3739,373,ok,1.9162724397158495,0.2094350150394418,0.6826251517837073,0.11876009813110869,15.000000000001679,0.21950795900193043,
3740,373,ok,1.4987383747980556,0.9325718537243143,-1.052052217635023,0.10314860335276829,15.000000000001679,0.2754819160036277,
3741,374,ok,0.880160901591488,1.1839986041229495,0.32988624496490615,0.1198887232270143,15.000000000001679,0.18450025000493042,
3742,374,ok,0.6632697871244853,1.3940490959328495,0.26972265824799196,0.12075360211377892,15.000000000001679,0.18613799999002367,
3743,374,ok,0.7465556679443157,1.3705508335842336,-0.40142136494994907,0.11322011857327197,15.000000000001679,0.19085620899568312,
3744,374,ok,1.4205222791316767,1.1425713619412488,-1.132563321031618,0.101038273288434,15.000000000001679,0.20138016701093875,
3745,374,ok,0.6724643496979198,1.371608148629671,0.23944097967143457,0.11510624246780757,15.000000000001679,0.19734462499036454,
3746,374,ok,0.6506265172439532,1.3833187806730003,-0.2074105558315704,0.11041956926754642,15.000000000001679,0.2028547499794513,
3747,374,ok,0.7641775317445232,1.3071182738743703,-0.322307638172476,0.11885548818714586,15.000000000001679,0.2130333750101272,
3748,374,ok,1.6270645420337875,0.5141833148114645,-0.6630895881847121,0.0845161334966577,15.000000000001679,0.22015924999141134,
3749,374,ok,1.7105381000250361,0.4167347831110537,-0.6474657092285722,0.09488051371152305,15.000000000001679,0.22542408399749547,
3750,374,ok,1.5899074767700727,0.6529808063724767,-0.8445975826915656,0.10206864691914957,15.000000000001679,0.21626345897675492,
3751,375,ok,1.2874481236611397,0.8181987815142098,0.5107529256931288,0.11048748867613603,15.000000000001679,0.19331320899073035,
3752,375,ok,1.3225096133864547,0.8449426333257777,0.6441072559684455,0.10891108299036886,15.000000000001679,0.24268866598140448,
3753,375,ok,1.6215677436748703,0.7944674100955059,-1.0845151552675383,0.09334894128306061,15.000000000001679,0.20311083397245966,
3754,375,ok,1.7793756398153011,0.35593269280195394,-0.6806029363517895,0.09924574684001342,15.000000000001679,0.2198990830220282,
3755,375,ok,1.5368737527454361,0.8405038700115215,-1.0087366635646697,0.08883246415917885,15.000000000001679,0.21009341700118966,
3756,375,ok,1.2454472845912354,1.23847418253747,-0.9855036113752741,0.11167922362127031,15.000000000001679,0.1991573330014944,
3757,375,ok,1.5417884750385609,0.8937682049310941,-1.073947353151148,0.10347677964556865,15.000000000001679,0.197438333008904,
3758,375,ok,0.8646991648790817,1.1427256241975037,0.11307205815329274,0.12051487902960474,15.000000000001679,0.21281420899322256,
3759,375,ok,1.9762947555762818,0.2096708875118736,-0.8369364551122099,0.11132311251270183,15.000000000001679,0.21401854098076,
3760,375,ok,0.8051596830061164,1.2620163668560622,0.32196625964560915,0.1178103967905769,15.000000000001679,0.1951174580026418,
3761,376,ok,0.6742778878048722,1.3322171873089501,-0.09336372452419622,0.1076383424332509,15.000000000001679,0.20708724998985417,
3762,376,ok,1.3841419924291078,1.0464379660273277,-1.0032788757725943,0.09918786674068426,15.000000000001679,0.20724008299293928,
3763,376,ok,1.4120591330289525,1.2465323826720542,-1.1942351296158664,0.11275290313358327,15.000000000001679,0.2115349159867037,
3764,376,ok,1.5660042751251746,0.6710566526509285,-0.8284195611204316,0.08775949784636099,15.000000000001679,0.21594466699752957,
3765,376,ok,1.426213822320536,1.167957514559783,-1.1583570992576597,0.10225091853800665,15.000000000001679,0.20462775000487454,
3766,376,ok,1.5026844147113043,0.5902673755223173,0.5203021984381003,0.11532008770690268,15.000000000001679,0.2210191250196658,
3767,376,ok,1.8178868497488203,0.3265236529264196,-0.710063035423585,0.08205907583875156,15.000000000001679,0.214776124979835,
3768,376,ok,1.959065439336819,0.23283074096188464,-0.845606412886422,0.10098376965165769,15.000000000001679,0.20005312500870787,
3769,376,ok,1.3942549089906655,1.1353140776748198,-1.0937390031343042,0.09339765790664585,15.000000000001679,0.2357418330211658,
3770,376,ok,1.5234947100156309,1.0109922540113712,-1.1588355404543402,0.10261810377188851,15.000000000001679,0.24573245900683105,
3771,377,ok,1.4344425493202821,1.0351562300617647,-1.0614621646162639,0.09673131288805982,15.000000000001679,0.2044482089986559,
3772,377,ok,1.7832251476305991,0.3645210550839249,-0.7107042618968695,0.08321910095186968,15.000000000001679,0.2098113749816548,
3773,377,ok,0.9737935733961148,1.026609615568917,-0.02801933412276408,0.09484485267347358,15.000000000001679,0.21217870799591765,
3774,377,ok,1.8112973446516942,0.40691392239918944,-0.8619018622190942,0.08662366940210135,15.000000000001679,0.20888425002340227,
3775,377,ok,0.8469150804675782,1.5529596349439458,-0.7193191680568191,0.1143086414146317,15.000000000001679,0.19706041700555943,
3776,377,ok,1.5805530811452888,0.9479294526466819,-1.1795319434884144,0.10469333358850196,15.000000000001679,0.19197891699150205,
3777,377,ok,1.358967368989225,1.1815456073150747,-1.084861611945158,0.09465053935618381,15.000000000001679,0.20041341599426232,
3778,377,ok,1.5934826400854445,0.6913828534639573,-0.9092348915684787,0.11123993401235274,15.000000000001679,0.2093961250211578,
3779,377,ok,1.4713985627523238,0.9182115963877153,-0.9973703325643833,0.08798107059321524,15.000000000001679,0.2215853329980746,
3780,377,ok,1.1073526810565917,0.9072212231498844,-0.17906564469262903,0.08787833607912847,15.000000000001679,0.19667487498372793,
3781,378,ok,0.9417518052571663,1.1562735455890405,0.41835646622496797,0.11589428442568735,15.000000000001679,0.19099450000794604,
3782,378,ok,0.9286969045397292,1.2947112218860828,-0.6041901025076897,0.10820653141755236,15.000000000001679,0.19960870902286842,
3783,378,ok,1.0348815792964494,1.0945278645492367,0.5010988875355319,0.12496108276615507,15.000000000001679,0.20011433298350312,
3784,378,ok,1.8424439941918667,0.15913573268873393,0.0762798864068003,0.09766536051393171,15.000000000001679,0.21168466602102853,
3785,378,ok,1.656659075364463,0.562716645707806,-0.8238542659123742,0.09347424350551711,15.000000000001679,0.22143004200188443,
3786,378,ok,1.881365076020607,0.37862408416553894,-0.9542927689247086,0.10828095593383796,15.000000000001679,0.21361025000805967,
3787,378,ok,1.9579096365893502,0.2594044944298806,-0.896514043971728,0.1116403431438075,15.000000000001679,0.19801429100334644,
3788,378,ok,1.5137010578132968,0.9838068103307336,-1.1218922825721265,0.10867275774047117,15.000000000001679,0.22266654201666825,
3789,378,ok,1.4732783688965556,1.047656782025142,-1.1240958800012513,0.1035203655900191,15.000000000001679,0.22475783398840576,
3790,378,ok,0.7294693979724417,1.273423961506569,0.06490657027966289,0.11830519139538175,15.000000000001679,0.2182458330062218,
3791,379,ok,0.8181848006211624,1.186972104470542,0.09171700528490757,0.10242335978764197,15.000000000001679,0.3006782500015106,
3792,379,ok,1.4886120720345308,1.09101328261342,-1.1788592149284445,0.10644715007139327,15.000000000001679,0.21108091602218337,
3793,379,ok,0.6632333762797255,1.3625632234517762,0.18317441774225354,0.11323240259685617,15.000000000001679,0.21371904099942185,
3794,379,ok,1.2850117941030015,1.2472115507507007,-1.0414244387667546,0.10971139173142667,15.000000000001679,0.20840233299531974,
3795,379,ok,1.4191326369979531,1.0439699257313877,-1.04878212155181,0.10859243583359364,15.000000000001679,0.2522537079930771,
3796,379,ok,0.772537216714039,1.466579145067311,-0.5588165555270828,0.10579505854050628,15.000000000001679,0.19693325000116602,
3797,379,ok,1.23799157077734,0.8223047747671346,0.38165047593243717,0.11046140622260807,15.000000000001679,0.19270604199846275,
3798,379,ok,1.6641172402016038,0.4538845710431895,-0.6154780820450882,0.08409023274430366,15.000000000001679,0.22504262498114258,
3799,379,ok,0.7773070165506019,1.2569905293524926,-0.2283486906178978,0.12427371705113396,15.000000000001679,0.18681070799357258,
3800,379,ok,1.380173998775215,1.0192729942888181,-0.9711100901359982,0.10089443915769611,15.000000000001679,0.19568091700784862,
3801,380,ok,0.9701614222869108,1.041587580248463,0.15052846561287228,0.09310566311923203,15.000000000001679,0.21518575001391582,
3802,380,ok,1.801859855563882,0.5698540100068958,-1.0960754474028411,0.0897302773130316,15.000000000001679,0.22756674999254756,
3803,380,ok,1.6072549191538559,0.4006278712910975,0.15898795254176115,0.11597055854803809,15.000000000001679,0.23097837500972673,
3804,380,ok,1.0597485718026574,1.308651151826139,-0.8031835441332495,0.11708197268238195,15.000000000001679,0.1969357920170296,
3805,380,ok,1.3836963033253844,0.7271899816824725,-0.5427431410039831,0.09355822974753995,15.000000000001679,0.19943599999533035,
3806,380,ok,1.4921521231003456,0.9279825137821911,-1.037928931919772,0.08809637140752488,15.000000000001679,0.19710083300014958,
3807,380,ok,0.7634834177453611,1.2475145000409138,0.1291220411992535,0.1171441086919048,15.000000000001679,0.20937875000527129,
3808,380,ok,1.8030425867875,0.3897629026369838,-0.8112330491574464,0.09625528760788507,15.000000000001679,0.23795308300759643,
3809,380,ok,1.8193714512472965,0.1822270133304641,0.07624858390953021,0.10129986924156782,15.000000000001679,0.2070283330103848,
3810,380,ok,1.6486523454605542,0.5658195394680013,-0.8131303479890601,0.103772805454459,15.000000000001679,0.23462691699387506,
3811,381,ok,1.4329853672651152,0.9549413554045559,-0.9804588171627963,0.08918854027572916,15.000000000001679,0.22839458400267176,
3812,381,ok,1.5644252905996976,0.8209397437117422,-1.0282234202299692,0.08765548699195576,15.000000000001679,0.21638658398296684,
3813,381,ok,0.6139021611510526,1.4509705985498909,-0.27466812667156676,0.1140727041677921,15.000000000001679,0.20996695800567977,
3814,381,ok,1.4984743609090354,0.8173763933508208,-0.9202319355998405,0.10855153455022894,15.000000000001679,0.22751591700944118,
3815,381,ok,1.4785572354080185,1.1001972211234834,-1.1732375963561266,0.10430608802611513,15.000000000001679,0.24441012501483783,
3816,381,ok,1.5452921546190614,0.8111635642098012,-0.9872161729149689,0.08920756025950158,15.000000000001679,0.22656312497565523,
3817,381,ok,0.9625125999924247,1.12568064201948,0.4024874723574744,0.1293474464684439,15.000000000001679,0.21720975000062026,
3818,381,ok,1.387658230981258,1.2313826039573676,-1.1553452577090009,0.10881666494255814,15.000000000001679,0.2141787500004284,
3819,381,ok,1.4536751558265948,0.8623835443885575,-0.9049863306092161,0.09846417006173597,15.000000000001679,0.22278970899060369,
3820,381,ok,1.0859475457451646,1.538277954449155,-0.9829012283857874,0.12043212487025791,15.000000000001679,0.2505020840035286,
3821,382,ok,0.907287490384437,1.1244322420089055,0.23780599524515347,0.11429726766619537,15.000000000001679,0.18361187502159737,
3822,382,ok,1.633477182233574,0.8732829503041581,-1.182690320752831,0.09121194437616421,15.000000000001679,0.18896366699482314,
3823,382,ok,1.5183172825647757,0.8049861708118566,-0.9366052095648284,0.10206322157332745,15.000000000001679,0.18738958300673403,
3824,382,ok,1.5494707934235967,0.9189247147671981,-1.110016201382469,0.09392932757758667,15.000000000001679,0.19793562500854023,
3825,382,ok,1.4860659191354002,0.9605760191742936,-1.0620685967018249,0.10546731938939925,15.000000000001679,0.1823976669984404,
3826,382,ok,1.2517516419647086,0.7742395271255704,0.25375861817876993,0.09211537989519077,15.000000000001679,0.18892337498255074,
3827,382,ok,0.9651579663055865,1.0595183086951534,0.21685038216132085,0.11285122137977745,15.000000000001679,0.19860541602247395,
3828,382,ok,1.5738875960140153,0.7414394984536993,-0.9450648807538562,0.10464766022149583,15.000000000001679,0.1905178330198396,
3829,382,ok,0.7027508224170348,1.3194394302867671,-0.17520282349157135,0.11723665776083296,15.000000000001679,0.17866266699275002,
3830,382,ok,1.4718199436381671,1.0034783441649395,-1.083142897286783,0.09775803054467123,15.000000000001679,0.19850058300653473,
3831,383,ok,1.349681534520401,1.2137880240147971,-1.0970464773394002,0.12019106677548695,15.000000000001679,0.2006352919852361,
3832,383,ok,1.6599633469434014,0.4797149896692798,0.6664921609135854,0.12382831995112156,15.000000000001679,0.18901866700616665,
3833,383,ok,1.8098745396098612,0.39626720816337063,-0.8388605256631747,0.10891427604069741,15.000000000001679,0.18552341699250974,
3834,383,ok,0.8721018176382409,1.1896967318849272,0.32244409439460375,0.11621836216642635,15.000000000001679,0.20099162502447143,
3835,383,ok,1.151770336443506,1.3939083189761245,-0.9794017470399159,0.12699106066965604,15.000000000001679,0.17661083297571167,
3836,383,ok,1.9507648438069074,0.20300984275345513,-0.7591507429964265,0.11119855167663958,15.000000000001679,0.18763583397958428,
3837,383,ok,1.430495050607243,1.0855304699800268,-1.1000279853153137,0.09455476172336151,15.000000000001679,0.19038966699736193,
3838,383,ok,0.6828430551662044,1.430051726783781,-0.37607659305860297,0.11531231860280458,15.000000000001679,0.19079595900257118,
3839,383,ok,1.5127929606837554,1.108150253948071,-1.2219437680848622,0.10785883383186179,15.000000000001679,0.19670274999225512,
3840,383,ok,1.7003867208491195,0.5324819673867554,-0.8588980291018095,0.10964093828129082,15.000000000001679,0.1807210829865653,
3841,384,ok,0.7115895229442604,1.303370211389475,0.1451433318636967,0.11600438695561678,15.000000000001679,0.18084904202260077,
3842,384,ok,1.0360034130456124,0.9678297844365376,-0.08903773326985324,0.12486848181142148,15.000000000001679,0.19427391697536223,
3843,384,ok,1.8230512991446564,0.35191629346024755,-0.7793177372235347,0.08609969900144092,15.000000000001679,0.1925600829999894,
3844,384,ok,1.7489507045580914,0.43365457948902947,-0.7780684999526426,0.09797180838349107,15.000000000001679,0.19134920800570399,
3845,384,ok,1.4296454952437219,0.906198936171925,-0.9205897429578708,0.09962863670147991,15.000000000001679,0.1905677909962833,
3846,384,ok,1.6716534365299025,0.799968781404272,-1.1637655632720385,0.08958482494242334,15.000000000001679,0.1821940419904422,
3847,384,ok,1.4111279247307555,1.1987789757100296,-1.1616053074046535,0.08961869037444357,15.000000000001679,0.19695554100326262,
3848,384,ok,1.6033755899925775,0.5493966754124302,-0.683054373589347,0.09947773584220079,15.000000000001679,0.19516849998035468,
3849,384,ok,1.5970116824664304,0.97485773245894,-1.2245528348074788,0.10776889912573234,15.000000000001679,0.18944970800657757,
3850,384,ok,1.59386157792269,0.7921577677551234,-1.0399576297060955,0.11264555224406034,15.000000000001679,0.19085820799227804,
3851,385,ok,0.6125507928663873,1.414845599023381,-0.18114303977501836,0.11061979963391631,15.000000000001679,0.2116127079934813,
3852,385,ok,0.6891297217877697,1.3593942253918923,-0.25401577704944844,0.11810108396047395,15.000000000001679,0.18812112498562783,
3853,385,ok,1.765946930398293,0.4154995297712049,-0.7796966210186378,0.11142283562438877,15.000000000001679,0.186993875016924,
3854,385,ok,1.812047866211357,0.4637435459035406,-0.9609545133293799,0.08922701694638871,15.000000000001679,0.18265791700105183,
3855,385,ok,1.493177515750219,0.8236972106747462,-0.9197232417241741,0.10215958226609577,15.000000000001679,0.203127000015229,
3856,385,ok,1.8026010052334576,0.4988688899230072,-0.9979858588315201,0.08036711168027949,15.000000000001679,0.2038650840113405,
3857,385,ok,1.3899745962114032,1.2810617913944828,-1.1896038123342338,0.10404552383957362,15.000000000001679,0.1895506670116447,
3858,385,ok,1.389461830653903,1.0224847623185185,-0.9874553857995874,0.09820572632356687,15.000000000001679,0.1811594589962624,
3859,385,ok,1.607492143852796,0.7238663450103654,-0.9775039064634239,0.11443972500752467,15.000000000001679,0.18664545900537632,
3860,385,ok,0.6862462570513818,1.3152322012220263,0.04502207318415765,0.11114902620100335,15.000000000001679,0.20168404199648649,
3861,386,ok,1.6512970052723195,0.7012240160025062,-1.0197856358140531,0.09497561413139934,15.000000000001679,0.19625512501806952,
3862,386,ok,1.8087500267739778,0.39096079392772354,-0.8261776399038911,0.0831023188063119,15.000000000001679,0.18462525002541952,
3863,386,ok,1.4216395274867126,1.329290815970192,-1.2534784148802534,0.11653583238868713,15.000000000001679,0.19209995900746435,
3864,386,ok,1.4613601391348188,1.196163299123105,-1.2204179671634985,0.11008778806875695,15.000000000001679,0.1975286669912748,
3865,386,ok,1.3997094981518439,1.1002731124018916,-1.0722304821956459,0.12232374268743228,15.000000000001679,0.1842273749934975,
3866,386,ok,1.0598146776988735,1.0084990865608885,0.37434354504301853,0.12993284646631834,15.000000000001679,0.17484083300223574,
3867,386,ok,0.4873477778361697,1.5180265472306085,-0.07217650162901898,0.11319440917267042,15.000000000001679,0.1994659999909345,
3868,386,ok,0.9922959291063341,1.0832874907374417,0.3798544277516675,0.12912598720593563,15.000000000001679,0.18338683299953118,
3869,386,ok,1.9368558467207604,0.23931665072149147,-0.8070964716499555,0.09696986157207392,15.000000000001679,0.17872887500561774,
3870,386,ok,0.8320547571376681,1.1904162195883579,0.1920656694201693,0.09171080417054002,15.000000000001679,0.1916967500001192,
3871,387,ok,1.440560945779037,1.0338476011950044,-1.06853422069073,0.11327815655473972,15.000000000001679,0.1937994160107337,
3872,387,ok,1.6535481834951151,0.677913357372768,-0.993130658335875,0.10367474771811674,15.000000000001679,0.18701575000886805,
3873,387,ok,0.9606019396895776,1.0658306558663801,0.22379392980226592,0.12226083706046627,15.000000000001679,0.19331420797971077,
3874,387,ok,0.8456522380325568,1.1872924571441725,0.23373950773182414,0.11069317139377172,15.000000000001679,0.1912082500057295,
3875,387,ok,1.732384335727977,0.502696084135222,-0.8713417642989839,0.0893620213306728,15.000000000001679,0.18774633298744448,
3876,387,ok,1.8954031699653047,0.3014815509945257,-0.8411826526400573,0.09724450659901078,15.000000000001679,0.19240937498398125,
3877,387,ok,2.0555165623024636,0.23862699599812323,-1.059581747046042,0.09808526069825105,15.000000000001679,0.19167141598882154,
3878,387,ok,1.6108549248105488,0.6357982640769339,-0.856625479711462,0.08191122079538474,15.000000000001679,0.19403866701759398,
3879,387,ok,0.8239829321109352,1.2809544715707768,0.40239458303520104,0.10793244498932807,15.000000000001679,0.188068875024328,
3880,387,ok,1.7020621279755979,0.6470870341560014,-1.0327836144807954,0.08691427788402,15.000000000001679,0.21143187501002103,
3881,388,ok,1.4953286173640268,1.115659670515785,-1.2057984307319205,0.10616716738329358,15.000000000001679,0.18985104199964553,
3882,388,ok,1.5962859441068937,0.7232252712225601,-0.9581101749321588,0.09888241317478037,15.000000000001679,0.209648209012812,
3883,388,ok,1.1036906809879976,0.9745262760942336,-0.4080891580017656,0.09969334940760433,15.000000000001679,0.2128296250011772,
3884,388,ok,0.6070999957940626,1.401060833480611,0.09920826428383044,0.11334764711986715,15.000000000001679,0.18947929199202918,
3885,388,ok,1.5340933160810735,0.8134504487919862,-0.9723900786066698,0.09771662852642359,15.000000000001679,0.19185524998465553,
3886,388,ok,1.6876049181938984,0.5577905587470342,-0.8763802185541631,0.09210102428852224,15.000000000001679,0.19680600002175197,
3887,388,ok,0.6017948866320595,1.4680699046743773,-0.28143819794648933,0.11336999163119402,15.000000000001679,0.20251954198465683,
3888,388,ok,0.9756798105515176,1.1511818547393955,0.481101703379018,0.125110763359134,15.000000000001679,0.19245158301782794,
3889,388,ok,0.8229998010955747,1.294697691415545,0.4241194715039546,0.12000625828602778,15.000000000001679,0.18679900001734495,
3890,388,ok,1.5157839919211713,1.0758498921498003,-1.201477294136242,0.10329905165872359,15.000000000001679,0.18847291698330082,
3891,389,ok,1.7151322028758966,0.5815238804411706,-0.9641597230662831,0.08416776615218612,15.000000000001679,0.20903279099729843,
3892,389,ok,1.4645919791750837,0.8791799207656651,-0.9427576652826155,0.10880381491192673,15.000000000001679,0.20421183301368728,
3893,389,ok,1.8716080023102053,0.30109839628079377,-0.7852705617759441,0.09587524950744357,15.000000000001679,0.22025345798465423,
3894,389,ok,1.6140357907577703,0.7919162987624913,-1.0703482165404596,0.10828347938729953,15.000000000001679,0.19071529200300574,
3895,389,ok,1.860098617768216,0.3036396408024232,-0.7631044486610566,0.08575199956060024,15.000000000001679,0.19358854202437215,
3896,389,ok,1.6707076365511897,0.5978160526846924,-0.9083744738386947,0.09755553393391339,15.000000000001679,0.1829779160034377,
3897,389,ok,1.4395551584402615,0.9666671545105724,-1.0022685691094424,0.08966888023912363,15.000000000001679,0.19108070898801088,
3898,389,ok,0.7411740168396691,1.2592055793276247,0.02371812680061264,0.11117664299410436,15.000000000001679,0.22535158300888725,
3899,389,ok,1.7846448940110904,0.4402427963438003,-0.8672455611661837,0.10009213494802047,15.000000000001679,0.24143762499443255,
3900,389,ok,0.6770946359011778,1.328537092207835,-0.08714763006209104,0.11438321700410367,15.000000000001679,0.22229287499794737,
3901,390,ok,1.550739635460594,0.65857827113577,-0.7780624411442545,0.10580838834629314,15.000000000001679,0.22567458299454302,
3902,390,ok,0.7346527532534891,1.6364956789131087,-0.6384193578002552,0.11322771802246703,15.000000000001679,0.2677206250082236,
3903,390,ok,1.659848465467453,0.6364042425534143,-0.9464161550757315,0.0915408203581138,15.000000000001679,0.24205970799084753,
3904,390,ok,0.8903318426082422,1.1464257959674682,0.2531834674152669,0.1230267488932848,15.000000000001679,0.2355131660006009,
3905,390,ok,1.5041917395163167,1.08547212009204,-1.1942493651244594,0.0992048850666142,15.000000000001679,0.2243951249984093,
3906,390,ok,1.5511762708289598,0.928963565155964,-1.1220645161573444,0.10428166828346701,15.000000000001679,0.2461002919881139,
3907,390,ok,1.3723359334232137,0.7943836346118964,0.6555875942030492,0.1209352366381433,15.000000000001679,0.19338008301565424,
3908,390,ok,2.019100185959445,0.148881387125457,-0.8063035669094446,0.09055081436395877,15.000000000001679,0.2070986669859849,
3909,390,ok,0.7969910129712573,1.2106411926130307,0.11003339473801717,0.11511734603051403,15.000000000001679,0.2003301249933429,
3910,390,ok,1.6812600726441507,0.7351586195918913,-1.1076153277536045,0.10005806486238301,15.000000000001679,0.18009604199323803,
3911,391,ok,1.427654148577575,1.045601523512825,-1.0617532274637644,0.1108962744927114,15.000000000001679,0.17877808399498463,
3912,391,ok,0.5129535167455093,1.5317961862851213,-0.20953877723330486,0.1167483446697386,15.000000000001679,0.18965745900641195,
3913,391,ok,1.0782075986306232,0.9927917430515156,0.38478975152622125,0.12095891773984875,15.000000000001679,0.20363795800949447,
3914,391,ok,1.4772261568545355,1.0147640294870395,-1.100684878111172,0.10573080740853431,15.000000000001679,0.1865536250115838,
3915,391,ok,0.6772677964109171,1.3227463834831092,-0.004382575737126878,0.11609025203347187,15.000000000001679,0.2056767080212012,
3916,391,ok,1.4366258772941096,0.688969139065368,0.5874453106358649,0.11866310395654944,15.000000000001679,0.19783091699355282,
3917,391,ok,1.6525424538320619,0.4896526597499654,-0.6706321447089594,0.0875359073715432,15.000000000001679,0.19902050000382587,
3918,391,ok,0.8169026803525624,1.2100263285314423,0.20801823851212686,0.11517937097369904,15.000000000001679,0.20320016701589338,
3919,391,ok,1.4815984040236458,1.0291246659158102,-1.1191670637006466,0.0999373499076523,15.000000000001679,0.18943058399599977,
3920,391,ok,0.7327297197555867,1.3070996909930979,-0.23828974797762534,0.11272888886208751,15.000000000001679,0.20243974999175407,
3921,392,ok,1.3014752514280026,0.7685602135472731,0.4211815314337095,0.10265771012554874,15.000000000001679,0.17859362499439158,
3922,392,ok,0.6439860145275702,1.384644966876418,-0.18988462317043783,0.10267428006523091,15.000000000001679,0.1948845830047503,
3923,392,ok,1.7485381029894365,0.4705318883613843,-0.8474153604263401,0.08765592575909202,15.000000000001679,0.19804612500593066,
3924,392,ok,1.2206307312463152,0.7903963122491003,0.16370186511563597,0.09748994761396909,15.000000000001679,0.18350870802532881,
3925,392,ok,1.5229389000750855,0.8655745388771315,-1.0160815747360434,0.09677219685804996,15.000000000001679,0.20578558300621808,
3926,392,ok,1.6188107917534358,0.5252991445300407,-0.6676868774909057,0.10881865673387227,15.000000000001679,0.21518408300471492,
3927,392,ok,1.5138607774638624,0.9265214011509725,-1.0674353148348705,0.09073286702150114,15.000000000001679,0.19572312498348765,
3928,392,ok,0.8323975293605392,1.2707773287501023,-0.40139748706325173,0.10184197106575758,15.000000000001679,0.20288525000796653,
3929,392,ok,1.355122550495431,1.3682723478981407,-1.1988650050906957,0.1160622751860663,15.000000000001679,0.20264254097128287,
3930,392,ok,1.6784426675217086,0.7895975218599401,-1.1627964693228952,0.09278380571692893,15.000000000001679,0.19813137498567812,
3931,393,ok,0.7856992429321292,1.2361103015693093,0.18383641906757586,0.11968249554053925,15.000000000001679,0.19501012499677017,
3932,393,ok,1.628962900052521,0.7632059720326311,-1.060122946705603,0.08693776194445803,15.000000000001679,0.18640670899185352,
3933,393,ok,0.5230039672347643,1.4769995655547425,0.0019223197898232715,0.11024223792050157,15.000000000001679,0.20487237500492483,
3934,393,ok,1.610961272553747,1.0596633076615523,-1.3080378919243796,0.09868840951776434,15.000000000001679,0.18640020801103674,
3935,393,ok,1.2452992537619445,1.3673056427468684,-1.0725987515003468,0.11407911816984141,15.000000000001679,0.2002678340068087,
3936,393,ok,1.5385317898081894,1.003938080585736,-1.1725786630086543,0.11387136368999831,15.000000000001679,0.1852538329840172,
3937,393,ok,1.3893501260932979,1.2419051707035738,-1.1642963551731516,0.12169734565851457,15.000000000001679,0.19685354101238772,
3938,393,ok,0.7297881502586554,1.283813383038508,-0.1402407713298906,0.11523823094867947,15.000000000001679,0.18659900000784546,
3939,393,ok,0.5564657302184237,1.4439473159645,-0.021436452235384245,0.11374491878077117,15.000000000001679,0.184183999983361,
3940,393,ok,1.1399115316981723,1.498483735585558,-1.0236599711946623,0.1257449605435383,15.000000000001679,0.1947423749952577,
3941,394,ok,1.7842277914080984,0.22667188526240983,0.1969167568142562,0.10337781781668533,15.000000000001679,0.18322891698335297,
3942,394,ok,0.5149960055118415,1.5057921838414932,-0.144843087998676,0.11244891062682405,15.000000000001679,0.18889900000067428,
3943,394,ok,1.10810928609649,0.9645976020421475,-0.3947759671464336,0.10615356171967477,15.000000000001679,0.17848679202143103,
3944,394,ok,0.7334641018178476,1.2734507635519876,0.10047783672169731,0.11322346314805037,15.000000000001679,0.19421583399525844,
3945,394,ok,1.504824189434629,0.8233571049708464,-0.9380870634887791,0.09339231686455622,15.000000000001679,0.21324958401964977,
3946,394,ok,1.5528572462461177,0.9865755353454086,-1.176578293892349,0.11263796588764305,15.000000000001679,0.18399454199243337,
3947,394,ok,0.5321391316613986,1.49110520622043,-0.15555752733119727,0.11948166211838575,15.000000000001679,0.21160525002051145,
3948,394,ok,1.5619761135721528,0.5944209542825785,-0.6812612755838023,0.0925731010079616,15.000000000001679,0.1864688330097124,
3949,394,ok,1.5374098589449228,0.920613398361723,-1.0947847453197452,0.09241911010670617,15.000000000001679,0.22233866600436158,
3950,394,ok,1.6342489087840124,0.6235308048046249,-0.8809665433715014,0.10443914773779844,15.000000000001679,0.19865220901556313,
3951,395,ok,0.7359188866982677,1.3447376427739157,0.3349744035023172,0.11463251894655732,15.000000000001679,0.19320641699596308,
3952,395,ok,1.7692259216720836,0.40315353560342476,-0.7617359982701298,0.08992370462643857,15.000000000001679,0.19884295799420215,
3953,395,ok,0.6811852429107484,1.3241843840706111,-0.08536151606758267,0.10624542286915549,15.000000000001679,0.2039912500185892,
3954,395,ok,0.6004390584411508,1.4928907894925032,-0.3215078716301655,0.1148440146163942,15.000000000001679,0.19858945900341496,
3955,395,ok,0.7897885019880295,1.4256285179426709,-0.5420915775694758,0.11295429616372982,15.000000000001679,0.2070077499956824,
3956,395,ok,0.8120210114996432,1.197168833917105,0.12182053145050159,0.11475587387332517,15.000000000001679,0.20215149997966364,
3957,395,ok,1.5557428897288772,0.768553325627804,-0.9507234230414312,0.1211498957998018,15.000000000001679,0.190746834006859,
3958,395,ok,0.8623617699111277,1.18122451673776,0.2706926859243484,0.11387920786276984,15.000000000001679,0.21560020800097845,
3959,395,ok,0.9234399828224817,1.0810229074247042,0.090678030398998,0.12786687594220209,15.000000000001679,0.17876483299187385,
3960,395,ok,1.493968687526428,1.0206869355227826,-1.1282235421465372,0.11146584547730003,15.000000000001679,0.19674679098534398,
3961,396,ok,0.5163698105300142,1.4837591333672906,0.011539014044183664,0.11649574745364183,15.000000000001679,0.19555708300322294,
3962,396,ok,1.5364150168851896,0.8401847210765894,-1.0076703939712273,0.10349851407497719,15.000000000001679,0.20141012500971556,
3963,396,ok,1.7302390946520596,0.511570091338038,-0.882215241119151,0.08765834094308823,15.000000000001679,0.18967920800787397,
3964,396,ok,1.7505195672684684,0.40608260058956974,-0.7237030324977755,0.08312346308579882,15.000000000001679,0.20996737497625872,
3965,396,ok,0.6973117981679922,1.3362343847431277,0.2136795541621716,0.10081246726351233,15.000000000001679,0.187137916975189,
3966,396,ok,0.8391278096898013,1.1751253745920751,0.15400432900713837,0.10791566868121621,15.000000000001679,0.19973187500727363,
3967,396,ok,1.1161422680273263,0.8899381874512242,-0.11634575539361255,0.09990894801593748,15.000000000001679,0.21088133298326284,
3968,396,ok,1.3250677068988002,1.1779803353120517,-1.039272870199332,0.09498999602128459,15.000000000001679,0.20727625000290573,
3969,396,ok,1.3959570920140059,1.0163015268102489,-0.9904713608117864,0.09679220762115402,15.000000000001679,0.19203529201331548,
3970,396,ok,0.7861705090944956,1.2599710259544403,0.265369905872868,0.11737638375024777,15.000000000001679,0.19259016701835208,
3971,397,ok,0.8729760627762619,1.1991042984688651,0.347351812215361,0.11506959660904285,15.000000000001679,0.1865260830090847,
3972,397,ok,0.5780521113052803,1.4228857588261767,0.03291498167786815,0.11820093316285545,15.000000000001679,0.176115165988449,
3973,397,ok,0.9383804610736355,1.097270953962865,0.2561994519230139,0.11587679772913206,15.000000000001679,0.1923837500216905,
3974,397,ok,1.6107273583057997,1.1072626164731014,-1.3406948149554123,0.09005298502140142,15.000000000001679,0.2449043339875061,
3975,397,ok,1.1110270973820253,0.9060965676017907,0.19431029747428477,0.11748062877447352,15.000000000001679,0.19724825001321733,
3976,397,ok,1.313239655815021,1.4278674635148787,-1.1820586932552275,0.12100409938421819,15.000000000001679,0.2060583749844227,
3977,397,ok,0.7117731175382179,1.371091390518092,-0.3333090634375347,0.12094350008878266,15.000000000001679,0.215619541995693,
3978,397,ok,1.655047405044615,0.6845633451378769,-1.0043945041616171,0.10564893364723023,15.000000000001679,0.21760187498875894,
3979,397,ok,1.5659165689487948,0.9212013108966134,-1.13502779230166,0.11204532838585814,15.000000000001679,0.21872154201264493,
3980,397,ok,0.8954950336975258,1.3978949293633989,-0.6628580838238501,0.11444574788522707,15.000000000001679,0.21634791602264158,
3981,398,ok,0.8758451837999852,1.159953775326764,-0.24784496443920914,0.10708154845148536,15.000000000001679,0.19928920798702165,
3982,398,ok,0.9593289794322065,1.1360121451520748,0.416937738102129,0.11525070978691399,15.000000000001679,0.2042911250027828,
3983,398,ok,1.5193692770803202,0.9147204542641653,-1.0633208865356665,0.09073100351035268,15.000000000001679,0.19152975000906736,
3984,398,ok,1.7150425321543796,0.5433243988670455,-0.9052442102341511,0.08544506645469203,15.000000000001679,0.19914158299798146,
3985,398,ok,0.5672093690239532,1.4940396482743359,-0.25637977843463683,0.12331656507167015,15.000000000001679,0.17819491602131166,
3986,398,ok,1.4412182049208457,1.228499466294941,-1.2173318531477249,0.11874997487663054,15.000000000001679,0.1934349579969421,
3987,398,ok,0.9461423054000231,1.101046421635049,0.2950724080840506,0.11073829520232742,15.000000000001679,0.19531045798794366,
3988,398,ok,0.758228830085952,1.2473699600221422,0.091972722567289,0.11757454806634299,15.000000000001679,0.17445495800348,
3989,398,ok,1.9518841922348078,0.12373389316824165,0.5380310365123231,0.12395714490161744,15.000000000001679,0.17962450001505204,
3990,398,ok,1.0365332646854324,0.9937404290990752,0.24868229685630475,0.11601681514797914,15.000000000001679,0.19314920899341814,
3991,399,ok,0.7466679717085262,1.3573854744001377,0.38020998338206263,0.11517340988750603,15.000000000001679,0.17448549999971874,
3992,399,ok,1.4504458181656972,1.1645064386142925,-1.1856405780494295,0.09431045542216979,15.000000000001679,0.17205366599955596,
3993,399,ok,0.919118700375272,1.1008714500540182,0.1906489864949854,0.10568336201878048,15.000000000001679,0.19139862500014715,
3994,399,ok,0.5987880618396286,1.4045691670178682,0.06331876606396813,0.1149458002372754,15.000000000001679,0.17736645799595863,
3995,399,ok,0.6219627887001767,1.3997485352168149,0.16289840254999838,0.11414330860477612,15.000000000001679,0.2161211250058841,
3996,399,ok,1.7351192405287201,0.598490057985293,-1.0229411817337764,0.09607701380158223,15.000000000001679,0.26406308298464864,
3997,399,ok,1.5623749718493245,0.8769169728320868,-1.086139984876965,0.10011499730378857,15.000000000001679,0.2028229999996256,
3998,399,ok,1.7731281678377107,0.40850171238467886,-0.7817395346897947,0.09219114666927815,15.000000000001679,0.2222687090106774,
3999,399,ok,0.976272523355544,1.0419252368033323,0.1876187303673338,0.09356256320643185,15.000000000001679,0.20349791701301,
4000,399,ok,1.7394251151354578,0.42735369969766346,-0.7432249627867555,0.08284473571417342,15.000000000001679,0.20416229200782254,
4001,400,ok,1.6165360487631857,0.6729911472586894,-0.923166453949169,0.08234586166675704,15.000000000001679,0.20565154199721292,
4002,400,ok,1.2106219299337029,1.4955658868662824,-1.1005233676498665,0.12424913565843555,15.000000000001679,0.20117154202307574,
4003,400,ok,0.8373441663909477,1.1919147493440685,0.2194162269780688,0.11704284267731724,15.000000000001679,0.17504050000570714,
4004,400,ok,1.4084040781559117,0.9533025566372064,-0.9423515848259579,0.1164383921524123,15.000000000001679,0.1761854580254294,
4005,400,ok,1.5026775029625616,1.110602207130652,-1.2112023959474865,0.10571345475772163,15.000000000001679,0.19713054099702276,
4006,400,ok,1.5515520742854247,0.763037151765482,-0.9366091774624854,0.10411414450126984,15.000000000001679,0.18760304199531674,
4007,400,ok,1.6669942974644192,0.4495244005158785,-0.6122870267964577,0.08956612877464601,15.000000000001679,0.2051811249984894,
4008,400,ok,0.7518454285248264,1.2822957755108946,0.22399150551789165,0.12008577161700101,15.000000000001679,0.19560808298410848,
4009,400,ok,1.5143136459415532,0.8428048520907547,-0.9767523780058587,0.09912433217940655,15.000000000001679,0.19611858399002813,
4010,400,ok,1.6212029093684557,0.6708920455501631,-0.9283161739207798,0.10346299700876956,15.000000000001679,0.18597500000032596,
4011,401,ok,0.9459459097922425,1.0933591294677765,0.2698443924435806,0.11832685072824546,15.000000000001679,0.2004111670248676,
4012,401,ok,1.4832861002066153,0.5827728043432776,-0.4377267766051467,0.09817174322055848,15.000000000001679,0.18966249999357387,
4013,401,ok,0.7735533039453515,1.3135755010609178,0.35665967153716616,0.11899626458673813,15.000000000001679,0.18541975002153777,
4014,401,ok,0.9577501248165106,1.1601092765551124,0.46029216184643534,0.12286097735992554,15.000000000001679,0.211923916998785,
4015,401,ok,1.7704524052951787,0.24106541532814643,0.20162055019451208,0.10239480872679738,15.000000000001679,0.1829274999909103,
4016,401,ok,0.9324319908348879,1.0678062772210448,0.021077968209127305,0.09372749243763663,15.000000000001679,0.22111270899767987,
4017,401,ok,1.5741396346478393,0.7277597306485202,-0.9269953001011962,0.09217045682666779,15.000000000001679,0.19722162501420826,
4018,401,ok,0.7262297899011714,1.3128892353985393,0.23513507800559164,0.12400466396935551,15.000000000001679,0.2360940839862451,
4019,401,ok,1.0527529375404188,1.0792679133684286,-0.5104323384612828,0.10113815090324044,15.000000000001679,0.18122558301547542,
4020,401,ok,1.4218441921153007,1.2480206273569319,-1.2067178335349775,0.10679429005112669,15.000000000001679,0.1945090840163175,
4021,402,ok,1.5478341975444563,0.7648414173120343,-0.932831163019518,0.10479053954525847,15.000000000001679,0.19798216701019555,
4022,402,ok,1.073880673649103,1.0042466159588412,0.40211304307076606,0.10957416184387987,15.000000000001679,0.19754770799772814,
4023,402,ok,1.2270067695457676,1.3146426108277962,-1.0177577617577775,0.11426679736439115,15.000000000001679,0.18791933401371352,
4024,402,ok,1.6815445522754702,0.8423033229121276,-1.2195615954706878,0.1134605076042399,15.000000000001679,0.2002977080119308,
4025,402,ok,1.977156153443488,0.21761227773086733,-0.8557105016322414,0.09964407858149181,15.000000000001679,0.2156332920130808,
4026,402,ok,0.7780224998717931,1.283818424911444,0.30397855485285313,0.11286104605030808,15.000000000001679,0.18214145800448023,
4027,402,ok,1.198033374747641,0.9165294374013475,0.51124896771669,0.12273775099423792,15.000000000001679,0.2173911670106463,
4028,402,ok,1.4982574789095682,0.987189309853618,-1.1040787920405248,0.09832897980062542,15.000000000001679,0.18992583302315325,
4029,402,ok,1.9282857696421278,0.22970769038614014,-0.764428641487457,0.09700260123240022,15.000000000001679,0.1822244579961989,
4030,402,ok,1.5519310604035539,0.7368401296712634,-0.9016191869278228,0.09787027267682075,15.000000000001679,0.2078083329834044,
4031,403,ok,1.4577971620994057,0.8244511273220593,-0.8621237810028812,0.09932071055037496,15.000000000001679,0.18471908397623338,
4032,403,ok,1.818295419703915,0.5713103914158039,-1.1247418528888182,0.09685942264909188,15.000000000001679,0.2125838749925606,
4033,403,ok,2.057951251101228,0.16339598096239255,-0.9284659547684115,0.09280090524142308,15.000000000001679,0.18582241600961424,
4034,403,ok,1.0296492266945365,1.0552743046861242,0.40947636152331324,0.10924792812603033,15.000000000001679,0.20599541600677185,
4035,403,ok,1.4223008991495836,1.189807983531605,-1.168986203585222,0.10727217407474732,15.000000000001679,0.18824179100920446,
4036,403,ok,1.7295343922735782,0.6023597522482353,-1.0187693320479967,0.0971716195681105,15.000000000001679,0.20319045899668708,
4037,403,ok,0.5447995176478013,1.5674268887160265,-0.33119030454314347,0.11337068999344391,15.000000000001679,0.19032624998362735,
4038,403,ok,1.4883782608050207,0.7650562100829542,-0.8307729430971506,0.08357540696886157,15.000000000001679,0.20791729100164957,
4039,403,ok,1.620154700229767,0.7995033989677994,-1.0879839905011193,0.09392313894039914,15.000000000001679,0.21884933399269357,
4040,403,ok,1.3289399469873957,0.9476793765746069,-0.8116050075082426,0.10734181862143059,15.000000000001679,0.19338766697910614,
4041,404,ok,1.3799195520322034,1.1517612181752988,-1.0884249809193576,0.10258766712703145,15.000000000001679,0.19494112499523908,
4042,404,ok,1.787443123468123,0.4378149528667457,-0.8686373225614654,0.09503284042335614,15.000000000001679,0.21605833299690858,
4043,404,ok,1.3943263603645897,1.026591159233292,-0.9983091845339185,0.12292679511254012,15.000000000001679,0.2222288750053849,
4044,404,ok,0.7298854591129229,1.2876219545706673,0.15890344179647556,0.11671902750505825,15.000000000001679,0.1797346249804832,
4045,404,ok,0.6007908619408524,1.4218738111389932,-0.16346182901423806,0.11767516634635886,15.000000000001679,0.18812754200189374,
4046,404,ok,1.7073687088392158,0.294504920501219,-0.07996525325876515,0.10332574903616626,15.000000000001679,0.18571579200215638,
4047,404,ok,1.4620773067995383,0.9749803560160978,-1.0425952141197012,0.09635483776862648,15.000000000001679,0.19366062499466352,
4048,404,ok,1.0375609110313957,1.1047574983947963,-0.5244745059771322,0.12031738847442511,15.000000000001679,0.2703323330206331,
4049,404,ok,1.9468631638467677,0.05851092057612249,0.14455564057231288,0.09235126926653343,15.000000000001679,0.20803650000016205,
4050,404,ok,0.6389997892383349,1.3699385289652855,0.1065048044184295,0.11837228713307497,15.000000000001679,0.2148681250109803,
4051,405,ok,1.6939512115791102,0.7165793268742041,-1.1055777145925403,0.11134212492394976,15.000000000001679,0.1870710419898387,
4052,405,ok,1.6689903178794239,0.642721046119163,-0.9712479202177996,0.09422679504389504,15.000000000001679,0.18524116699700244,
4053,405,ok,1.4246937831623032,1.0516028136162017,-1.063153400333466,0.09415360189668236,15.000000000001679,0.20748241699766368,
4054,405,ok,1.0976857411101235,0.9510223763755631,0.3233572813030664,0.10923155123661239,15.000000000001679,0.21885908400872722,
4055,405,ok,0.6599394182305457,1.3525538825624381,0.12780281980260805,0.11688866372825257,15.000000000001679,0.18936704099178314,
4056,405,ok,0.6618891738955683,1.3403150120415415,0.053972170443722864,0.11125301340745225,15.000000000001679,0.21326683400548063,
4057,405,ok,1.6899796226610775,0.48373427381740025,-0.7463038071815199,0.09039049773667512,15.000000000001679,0.23572962498292327,
4058,405,ok,1.048824829820036,0.967902869166151,0.18657179897177478,0.09565366659757865,15.000000000001679,0.175001916999463,
4059,405,ok,0.6840825532227217,1.3166530789201494,-0.03171632189277667,0.11751730551327684,15.000000000001679,0.17426383300335146,
4060,405,ok,1.4461088569144944,0.7172564843566293,0.6676824837611299,0.09646823316134427,15.000000000001679,0.21084595800493844,
4061,406,ok,1.9245698165188647,0.07611799860765849,0.0514492310346377,0.0931457700549805,15.000000000001679,0.2055609580129385,
4062,406,ok,1.9044065013495328,0.26524849662059546,-0.7857489063977527,0.09581139221477031,15.000000000001679,0.20256437500938773,
4063,406,ok,0.9672388195036695,1.0882290066013942,0.3228383334608388,0.1064196499893436,15.000000000001679,0.18955554100102745,
4064,406,ok,1.5370487606433672,0.5792670814650421,0.5865465597771856,0.13459604752858162,15.000000000001679,0.1849729160021525,
4065,406,ok,1.4230538783522788,0.9665058831841133,-0.9782495853310712,0.09671258203699357,15.000000000001679,0.2024907080049161,
4066,406,ok,0.7202260993651117,1.2797831403332964,-0.0036481856470886196,0.11341090144965334,15.000000000001679,0.1772914579778444,
4067,406,ok,0.7154189034607021,1.33637781821694,-0.2672635539582691,0.12491978388962294,15.000000000001679,0.19561329198768362,
4068,406,ok,1.620703599625211,0.6993740141037419,-0.9669809732613681,0.0960454299397539,15.000000000001679,0.18352804199093953,
4069,406,ok,0.7234888939735723,1.2848832447883565,0.10974609842118896,0.1178627410233057,15.000000000001679,0.18597479097661562,
4070,406,ok,0.5675186937729001,1.4427616853242948,0.10753105802082699,0.11423822612761941,15.000000000001679,0.20228245801990852,
4071,407,ok,0.8342250828115455,1.1657749921609413,0.00035367761081591087,0.12467420907668385,15.000000000001679,0.1772228749759961,
4072,407,ok,0.8683413222365746,1.1916458520170927,0.3171438527583194,0.11768967406869278,15.000000000001679,0.1863529580004979,
4073,407,ok,1.4992063629013375,0.7903611943558307,-0.8856600241873879,0.11359467752832529,15.000000000001679,0.19702012499328703,
4074,407,ok,0.973618256828417,1.120353723025836,0.41731874800336677,0.10559540918556384,15.000000000001679,0.18318766698939726,
4075,407,ok,1.0286654878684256,1.0327690404928909,0.3501670414281488,0.11110451111722619,15.000000000001679,0.17605249999905936,
4076,407,ok,1.3979830196703247,1.2597148648265075,-1.1858897258715597,0.11867450359116209,15.000000000001679,0.1843988329928834,
4077,407,ok,1.4897527803467903,1.0246957104545442,-1.12611939391222,0.09510217973039241,15.000000000001679,0.1867754999839235,
4078,407,ok,1.6428124203033072,0.6604572570996263,-0.9510299092277559,0.0914902491841322,15.000000000001679,0.21131495898589492,
4079,407,ok,0.8275361558778397,1.215819443182041,0.26434247406300015,0.11831842461646949,15.000000000001679,0.17874574998859316,
4080,407,ok,0.6745128064493588,1.327215806068265,-0.04825924222173329,0.1133926828659206,15.000000000001679,0.18186237500049174,
4081,408,ok,1.4904772329905462,1.1009365424012452,-1.1887839506292668,0.10478879839964764,15.000000000001679,0.18613400001777336,
4082,408,ok,1.0024770787602924,1.146862724594968,0.5264191132113728,0.1144131298584697,15.000000000001679,0.18914279199088924,
4083,408,ok,1.5749534218484278,0.7327915625363773,-0.9352331564979267,0.09571801781954548,15.000000000001679,0.1878775420191232,
4084,408,ok,1.4070404409536692,0.91513400477887,-0.8960070172113401,0.09829133468339503,15.000000000001679,0.18226812497596256,
4085,408,ok,1.3773655619874026,1.0701448566959715,-1.016122681480892,0.10289911927156128,15.000000000001679,0.18318333302158862,
4086,408,ok,1.497748534559888,1.1780250248833428,-1.252041458202668,0.09484553799246859,15.000000000001679,0.17958937500952743,
4087,408,ok,1.9086262209684117,0.3528844076466775,-0.964294704327844,0.08906447497682053,15.000000000001679,0.19615083301323466,
4088,408,ok,0.7150160936932606,1.2851524751173973,0.015525154092190385,0.10913210871813601,15.000000000001679,0.1872371670033317,
4089,408,ok,0.7371994894420774,1.4179264832255534,0.45238645901871066,0.11003398208205595,15.000000000001679,0.18007595799281262,
4090,408,ok,1.7610975269651081,0.5108947597545827,-0.9402287396991531,0.12401984514886594,15.000000000001679,0.177879082999425,
4091,409,ok,1.664558289544586,0.8361448017147668,-1.190040073575692,0.10215918338896955,15.000000000001679,0.19796558300731704,
4092,409,ok,1.8477753004804802,0.20952439883530874,-0.4565858984897214,0.0899843409747755,15.000000000001679,0.18189879099372774,
4093,409,ok,1.6199895198305119,0.9719681873169839,-1.2520050465043517,0.0880451584120063,15.000000000001679,0.18492241701460443,
4094,409,ok,1.5510541491241694,0.9081828740194894,-1.1016825027797068,0.1037001476731328,15.000000000001679,0.17525937501341105,
4095,409,ok,1.601391921362569,0.39861036312424614,0.002704942188200546,0.09234346107857305,15.000000000001679,0.19859433299279772,
4096,409,ok,0.6965129877635136,1.345602505659309,0.2385251800625706,0.11966776639470444,15.000000000001679,0.18820483298623003,
4097,409,ok,1.5441604597008518,0.9386103270036685,-1.1215540501287873,0.09346184010765471,15.000000000001679,0.1739109169866424,
4098,409,ok,1.4728850770054356,0.9635614068364828,-1.0465111048940365,0.09612793282898674,15.000000000001679,0.18989945799694397,
4099,409,ok,1.4478029607055367,1.0760309464980202,-1.1146365332243393,0.09896810240194696,15.000000000001679,0.20578029099851847,
4100,409,ok,1.5523296716104344,0.6865925281426738,-0.8274588945872212,0.09668424694433303,15.000000000001679,0.1754553329956252,
4101,410,ok,1.580709855283731,0.6642726637457598,-0.8452668985440431,0.09490263209722478,15.000000000001679,0.19801575000747107,
4102,410,ok,1.7813999446133724,0.43679418048762697,-0.8542677147775024,0.08623718512997877,15.000000000001679,0.19008800000301562,
4103,410,ok,1.6481921908002966,0.5144410036594488,-0.7138991288737756,0.10565245516279913,15.000000000001679,0.18934316601371393,
4104,410,ok,1.099268746914776,0.9250746439753438,0.23005924654064117,0.11616614123751746,15.000000000001679,0.17018662500777282,
4105,410,ok,1.672176921425746,0.6190492610248134,-0.9429478846006132,0.10325146731767927,15.000000000001679,0.1796936249884311,
4106,410,ok,1.5947235703032667,0.51441201870905,-0.5798030834039072,0.09421816189974375,15.000000000001679,0.18144924999796785,
4107,410,ok,0.7786951681178365,1.2231318052869073,-0.05331015750573133,0.09352685539408283,15.000000000001679,0.17284691700479016,
4108,410,ok,0.5487986453767326,1.452234420077831,0.03365743038121918,0.11246904585649457,15.000000000001679,0.18443037499673665,
4109,410,ok,1.3787997937764542,1.260464977628826,-1.1636910337389645,0.09518466372238041,15.000000000001679,0.17189620900899172,
4110,410,ok,0.9338472134961894,1.1982770180907796,0.47886415446678127,0.1172424775913627,15.000000000001679,0.17174325001542456,
4111,411,ok,1.9711079658063395,0.314244639178662,-1.0215162633689814,0.09083514109251617,15.000000000001679,0.18592920797527768,
4112,411,ok,1.722787324980544,0.3946949686711374,0.6252934699034193,0.10969519286320448,15.000000000001679,0.17392524998285808,
4113,411,ok,1.4138883838774936,0.7776970954632588,-0.7106729005841977,0.09292391124930974,15.000000000001679,0.19486833299743012,
4114,411,ok,1.7328646881111396,0.520974372081075,-0.9029414262628266,0.09542974458945887,15.000000000001679,0.17841145899728872,
4115,411,ok,0.6736113188002076,1.3623847772426272,0.2172533924333996,0.1274363156102956,15.000000000001679,0.1787623749987688,
4116,411,ok,0.893217001594014,1.1489382383043276,0.27116505991012063,0.11841952705393942,15.000000000001679,0.1726156669901684,
4117,411,ok,1.5270563147718514,0.6814827085304506,-0.770333136104368,0.09504410232251478,15.000000000001679,0.20877662498969585,
4118,411,ok,0.930729432602186,1.1697324093106745,0.420610276340141,0.12216177036162458,15.000000000001679,0.1698685830051545,
4119,411,ok,1.729246550025658,0.4528723895396949,-0.7724569811497767,0.08634316066139798,15.000000000001679,0.20016908401157707,
4120,411,ok,1.7049174731594048,0.4215259470277196,-0.6443316338482171,0.07853151397829387,15.000000000001679,0.19785425000009127,
4121,412,ok,0.8194358345903191,1.2075892491257112,0.20871101770050052,0.10044493331799574,15.000000000001679,0.18715820799116045,
4122,412,ok,2.054005466842217,0.06879269847099109,-0.6995547271934889,0.10450463381479112,15.000000000001679,0.17846016699331813,
4123,412,ok,0.5653810630962827,1.442197601353581,0.09226175032040278,0.12286798571887791,15.000000000001679,0.17478754100739025,
4124,412,ok,0.8431509342647404,1.3405171193321326,0.5253435333736544,0.11208233678642271,15.000000000001679,0.18136758299078792,
4125,412,ok,0.6660487349211783,1.3948747855861137,0.27828832560969957,0.11352749096425645,15.000000000001679,0.20003954198909923,
4126,412,ok,1.638368997059985,0.7712060485826987,-1.0836597231085021,0.10279464552958624,15.000000000001679,0.22227179098990746,
4127,412,ok,0.855054807344048,1.3501821967135101,-0.5557477360224582,0.12674917790534357,15.000000000001679,0.18846562501857989,
4128,412,ok,1.4778126649510528,1.1281963566238342,-1.1932680671524634,0.09218932185381801,15.000000000001679,0.1948101250163745,
4129,412,ok,1.5104340899871371,0.8352574204481957,-0.9616578724131987,0.09952673110031988,15.000000000001679,0.19727229201816954,
4130,412,ok,1.4539272816410413,0.8870171320668038,-0.9355071758074899,0.1122902995014237,15.000000000001679,0.19162729100207798,
4131,413,ok,1.4833410200883879,0.9000770433512397,-0.9952236287960152,0.08490593825974348,15.000000000001679,0.17911425000056624,
4132,413,ok,0.9552228263183731,1.0578375585511435,0.15741849269634933,0.11243935683981095,15.000000000001679,0.19009583300794475,
4133,413,ok,0.6863755809720341,1.3540089965399367,0.23196349196232977,0.1171529614812445,15.000000000001679,0.18279325001640245,
4134,413,ok,1.4630266392771796,0.9139276870785734,-0.9802519463587824,0.0967418599248345,15.000000000001679,0.1832955409772694,
4135,413,ok,1.5104303869971132,0.8994651063061815,-1.0345157812844543,0.09901599033661312,15.000000000001679,0.17474820799543522,
4136,413,ok,0.9240817948338667,1.0795419368788965,0.08175645282622772,0.11376100389393619,15.000000000001679,0.1809300000022631,
4137,413,ok,1.8331865263659606,0.36406283767012454,-0.8272136612494808,0.09941907371997556,15.000000000001679,0.18784520801273175,
4138,413,ok,1.1243366397590757,0.877028579487929,-0.055390145493861065,0.11315351670842401,15.000000000001679,0.1740709170117043,
4139,413,ok,1.1310731606422137,0.8729511007881359,0.09532719187352805,0.10676805349356236,15.000000000001679,0.18496179100475274,
4140,413,ok,1.5397662250124806,0.5275840597371358,0.4504123960871977,0.11760022781925614,15.000000000001679,0.17292512499261647,
4141,414,ok,0.6033090387533221,1.5424622849192904,-0.39324424410305225,0.1077195583744043,15.000000000001679,0.1763399159826804,
4142,414,ok,1.2697290180944145,1.1231740745050018,-0.9183616258156948,0.09333165144506868,15.000000000001679,0.20059875000151806,
4143,414,ok,1.7715647235196736,0.48924968467672425,-0.9252432406507819,0.09151588559856075,15.000000000001679,0.1766688339994289,
4144,414,ok,1.2212495597998163,0.7905436513740958,0.16930985818829333,0.09477506566302821,15.000000000001679,0.17304479199810885,
4145,414,ok,1.5427453135229972,0.5643138229394932,0.564684251059438,0.11674845175838876,15.000000000001679,0.17599800002062693,
4146,414,ok,1.4190582245350962,0.9229893804096839,-0.9239991179164533,0.10352997766419055,15.000000000001679,0.17764037498272955,
4147,414,ok,1.382181458397743,0.7733295077935014,0.6369498312177955,0.1256311749627423,15.000000000001679,0.1938877499778755,
4148,414,ok,1.7001516059296595,0.46115930979208464,-0.7228311098075588,0.09222013068002027,15.000000000001679,0.18416908298968337,
4149,414,ok,1.2852862785552237,0.8366314113682038,0.546382965352324,0.12458120031764368,15.000000000001679,0.17754741699900478,
4150,414,ok,1.63564309341144,0.46093001273900563,-0.5537074167256456,0.07805665026622305,15.000000000001679,0.1969604580081068,
4151,415,ok,0.8163012136457097,1.1858575255092434,0.05932708175468017,0.10559360701700257,15.000000000001679,0.1729022089857608,
4152,415,ok,0.7733140575291864,1.2289275209564559,-0.05883760391022794,0.11450772420091328,15.000000000001679,0.19258912501391023,
4153,415,ok,1.3942820567595307,1.2603906293880307,-1.1819477284146511,0.12036752480133088,15.000000000001679,0.17236804199637845,
4154,415,ok,1.606497708889572,0.7670217810108629,-1.0298541645135098,0.09358563719161127,15.000000000001679,0.19402370802708901,
4155,415,ok,0.9011389666426268,1.1197171791813294,0.19275267202626684,0.09402721156846619,15.000000000001679,0.17742374999215826,
4156,415,ok,1.4597584059074258,1.1097251101005778,-1.1568514269481454,0.10000272781232666,15.000000000001679,0.18439245800254866,
4157,415,ok,0.849284090156416,1.2684096578687416,0.4313456121175683,0.11431868296213511,15.000000000001679,0.1838177920144517,
4158,415,ok,0.8936285730619342,1.1454282368728121,-0.2613027521064375,0.10915897168154755,15.000000000001679,0.20037191599840298,
4159,415,ok,0.8730756033156253,1.3400388807939068,-0.5715875525596965,0.11395078592861929,15.000000000001679,0.184203915996477,
4160,415,ok,0.6778269464261099,1.3228341289207752,0.029929122052928497,0.12214212108378526,15.000000000001679,0.18098133301828057,
4161,416,ok,0.9662639964165417,1.042856476604919,0.13244767417254488,0.10451688977984647,15.000000000001679,0.18665287501062267,
4162,416,ok,0.7032820419599012,1.33614643202494,-0.23217250231254952,0.11938788093045395,15.000000000001679,0.17880170798161998,
4163,416,ok,1.5464453811833836,1.0970154132074594,-1.255433053969237,0.1093052321593284,15.000000000001679,0.18015591701259837,
4164,416,ok,1.5070156464715343,0.7845367000644271,-0.8909237482634211,0.08974202950965429,15.000000000001679,0.18364916698192246,
4165,416,ok,1.5299345300017526,0.9193738106190471,-1.0830266409076394,0.09711730776387292,15.000000000001679,0.18536520897760056,
4166,416,ok,1.798394794668664,0.4296893027287061,-0.8765547053816374,0.08681519796096338,15.000000000001679,0.18774625001242384,
4167,416,ok,1.3623345604913788,1.3424488432304766,-1.1931395270211693,0.11692440001617856,15.000000000001679,0.19301233399892226,
4168,416,ok,1.7577667096957863,0.6449935164452956,-1.119688007991273,0.09488875765830274,15.000000000001679,0.1825840000237804,
4169,416,ok,0.8398145980516564,1.1617405793000184,0.05108524942090807,0.09704520659367515,15.000000000001679,0.17953783401753753,
4170,416,ok,1.5308504741552609,0.9721953880418401,-1.1345134877377718,0.0882367653340737,15.000000000001679,0.17391799998586066,
4171,417,ok,0.7362090000374564,1.2678284036197263,-0.07699639725411105,0.11217338127053839,15.000000000001679,0.18612737499643117,
4172,417,ok,1.138348585471134,1.3114745453043093,-0.9065154164603182,0.09508798978910786,15.000000000001679,0.19183787499787286,
4173,417,ok,0.8998182587191816,1.2172611324236993,0.44383866878606965,0.11492944567623016,15.000000000001679,0.1752794579952024,
4174,417,ok,0.941982000281346,1.073765650326815,0.17152264672496642,0.11771816589894339,15.000000000001679,0.1891663339920342,
4175,417,ok,1.614104319412859,0.7545000488616908,-1.0266755211174163,0.111748786258306,15.000000000001679,0.20344524999381974,
4176,417,ok,1.787797271079568,0.49632005850086963,-0.9670396662044024,0.08881859140049804,15.000000000001679,0.18791266600601375,
4177,417,ok,1.231814726068772,1.4829619272040373,-1.1180514973109783,0.1166765616736569,15.000000000001679,0.18627095900592394,
4178,417,ok,1.5805356424490298,0.8655282198733412,-1.1004847555273163,0.0955887838937731,15.000000000001679,0.18094024999300018,
4179,417,ok,0.5357900212933401,1.4693787558689493,-0.07424312893684995,0.11755331258172488,15.000000000001679,0.1784678330004681,
4180,417,ok,1.7801725537789075,0.48144914634965014,-0.9289874197778522,0.09109218238798118,15.000000000001679,0.1760079170053359,
4181,418,ok,1.606566875644938,0.732396034761887,-0.9870346058939122,0.09814701388031147,15.000000000001679,0.18865962498239242,
4182,418,ok,1.5003961069857594,0.9024793396765859,-1.023052724946901,0.11344644702961484,15.000000000001679,0.17874183299136348,
4183,418,ok,1.387374998276403,1.2345761591928253,-1.1571239042412191,0.10996164415683873,15.000000000001679,0.16848470800323412,
4184,418,ok,0.6527670959892563,1.3491773880263345,0.05034689017230938,0.11923607885866197,15.000000000001679,0.1809704169863835,
4185,418,ok,1.3493522498147303,1.3290973576389955,-1.1707438398527223,0.10957674363954853,15.000000000001679,0.17823366698576137,
4186,418,ok,0.6330592681093591,1.3799813924505815,0.1278317770808087,0.11985179749404577,15.000000000001679,0.18160250000073574,
4187,418,ok,0.7946750250743702,1.2266064006614308,0.18267658848107357,0.11604920737914429,15.000000000001679,0.17085441699600779,
4188,418,ok,1.7363249157737144,0.26655772475280837,0.10001045706542823,0.09421688812953127,15.000000000001679,0.18070450000232086,
4189,418,ok,0.8014223245760465,1.2189919609296747,0.17973365081809012,0.10815937766950592,15.000000000001679,0.178416541981278,
4190,418,ok,0.737231601121906,1.2784308616850337,0.15115691292218855,0.11727126281743278,15.000000000001679,0.17987741701654159,
4191,419,ok,1.822225154055755,0.3294696284925942,-0.7278961395314917,0.08853540820283412,15.000000000001679,0.1871523750014603,
4192,419,ok,1.513434175989377,0.8514443016850677,-0.9855469612965901,0.10458483723884725,15.000000000001679,0.1850772500038147,
4193,419,ok,1.6393630367239853,0.6223294105759897,-0.8885577714549501,0.08976387813592067,15.000000000001679,0.18968508299440145,
4194,419,ok,1.4930101759064516,0.8063207054265854,-0.8967770776881672,0.10881483756912308,15.000000000001679,0.17583370799547993,
4195,419,ok,0.9226884823984305,1.1067939272778897,0.231380524684043,0.1036700891573038,15.000000000001679,0.1728238330106251,
4196,419,ok,0.9692213394743451,1.0676201354653998,0.26468432727096697,0.11000599310675616,15.000000000001679,0.18034720898140222,
4197,419,ok,0.8124107666213322,1.2109890374725192,0.19357932413798448,0.10404930782612574,15.000000000001679,0.1754814999876544,
4198,419,ok,1.7724103779223,0.3345512243533827,0.6063983207957071,0.12434103609414339,15.000000000001679,0.1974215839873068,
4199,419,ok,0.9767350206746145,1.0972212896976232,0.37282958685841566,0.1166483449735673,15.000000000001679,0.17932704201666638,
4200,419,ok,1.5640342980995978,0.8947650379177574,-1.1066431060748383,0.10004863995290214,15.000000000001679,0.1798955410195049,
4201,420,ok,0.7369219453019982,1.2656351304421949,-0.061336708641963465,0.12052642009722923,15.000000000001679,0.17899783301982097,
4202,420,ok,0.7507367076465226,1.2552262088139552,-0.09443306714443833,0.111205564006458,15.000000000001679,0.17415962502127513,
4203,420,ok,0.8638472578163119,1.1406366630867635,0.08790187714781043,0.12375857979868198,15.000000000001679,0.18364308300078847,
4204,420,ok,1.6878011776550124,0.7094746816056587,-1.087757885688185,0.08714748746884517,15.000000000001679,0.17965999999432825,
4205,420,ok,1.9896289764795039,0.3049795936709093,-1.0418873673170443,0.10662903106836852,15.000000000001679,0.1807684999948833,
4206,420,ok,0.7969358110972485,1.2065364983992275,-0.0743125738799998,0.0981863191733062,15.000000000001679,0.19997937500011176,
4207,420,ok,1.4187023835925332,1.2152803359582942,-1.1819185682936908,0.09459493680976347,15.000000000001679,0.17514241597382352,
4208,420,ok,1.6726792745813865,0.5246053268993393,-0.7880777336026622,0.09989464192386137,15.000000000001679,0.18631295798695646,
4209,420,ok,0.6229883936074005,1.4393261598786968,0.27158678828904925,0.11709329458585097,15.000000000001679,0.18880875001195818,
4210,420,ok,0.6569858680432686,1.3702803397447516,-0.18730611387934396,0.11315057827751328,15.000000000001679,0.181518875004258,
4211,421,ok,0.9810327646613273,1.039146157020256,0.19795246341004344,0.11489109369019289,15.000000000001679,0.17854391600121744,
4212,421,ok,0.6631217486746647,1.3631354592606553,-0.18475391826483314,0.11745138288409118,15.000000000001679,0.17199974998948164,
4213,421,ok,1.571340192360976,0.7921997209413195,-1.0051509767367302,0.09250398222967966,15.000000000001679,0.17991691699717194,
4214,421,ok,1.6810431877118748,0.46393867116799603,0.6829507983884047,0.09548878071976888,15.000000000001679,0.17940720802289434,
4215,421,ok,0.9396216224099829,1.1925542942893421,0.48054159614937225,0.12558282403537144,15.000000000001679,0.20628204199601896,
4216,421,ok,0.6753827271280345,1.3249288301108761,-0.02051203762259647,0.11980809808572732,15.000000000001679,0.17561887501506135,
4217,421,ok,1.197330397208971,1.4467933553622694,-1.0618674533147987,0.12270942428676403,15.000000000001679,0.18034983301186003,
4218,421,ok,0.878820637693946,1.1976178201146137,0.35848089299036495,0.12254561122836542,15.000000000001679,0.17595420801080763,
4219,421,ok,0.551679408222061,1.45750569032407,-0.10025015424167433,0.10442010540267445,15.000000000001679,0.1834345000097528,
4220,421,ok,1.6211050974080214,0.715941332662379,-0.9895327562427648,0.10787466377038894,15.000000000001679,0.1884462909947615,
4221,422,ok,1.7624108774190972,0.5067389070512235,-0.9360894236826829,0.09140890572592268,15.000000000001679,0.18821637498331256,
4222,422,ok,1.5077899813825186,0.8314355309930141,-0.9528314172674605,0.09241306553418403,15.000000000001679,0.18680649998714216,
4223,422,ok,1.4759617624237498,1.1627297896834452,-1.2155006042999292,0.09127667000690234,15.000000000001679,0.18165604199748486,
4224,422,ok,2.0138691911899866,0.2849614335611201,-1.0556096981609644,0.09225377980241782,15.000000000001679,0.18137541599571705,
4225,422,ok,1.1113689163863045,1.0078448316505946,0.5007683997889963,0.11038507126311234,15.000000000001679,0.1760230420040898,
4226,422,ok,0.7057771681493148,1.2970692700887003,0.0633229818251921,0.12027749692062434,15.000000000001679,0.19505574999493547,
4227,422,ok,1.7150364543616274,0.5050723093998079,-0.840560074989336,0.0838368044477384,15.000000000001679,0.18674666600418277,
4228,422,ok,1.1644452051533394,1.4683720744415962,-1.0360040465997569,0.1149895993167076,15.000000000001679,0.1821839589974843,
4229,422,ok,1.0679472590723496,1.0748575359319055,0.5335004867271993,0.11963399844985406,15.000000000001679,0.1719075419823639,
4230,422,ok,1.5786364873311127,0.7552201616024152,-0.9708842943687972,0.10858697089805623,15.000000000001679,0.17876979100401513,
4231,423,ok,1.978104827179251,0.258603951486085,-0.9383168492199087,0.09496420912370589,15.000000000001679,0.18338887501158752,
4232,423,ok,1.5532491236238704,0.8893510416571768,-1.085836880645672,0.10568571870583031,15.000000000001679,0.1821837090246845,
4233,423,ok,1.4302150225544106,0.8941620983630469,-0.9069936857792856,0.12323260449884588,15.000000000001679,0.17383958300342783,
4234,423,ok,1.354298293195481,1.3477023761017861,-1.1868579008495235,0.11905660832789348,15.000000000001679,0.1893770000024233,
4235,423,ok,1.4620826479623088,0.9697748344572986,-1.0374592896856194,0.09872782461983697,15.000000000001679,0.16980787500506267,
4236,423,ok,1.7405647352040596,0.4582775119781053,-0.8078721231504132,0.09538230761987776,15.000000000001679,0.18167595801060088,
4237,423,ok,0.5839345110899654,1.4313779046159423,-0.13284737815598965,0.11232748900932293,15.000000000001679,0.18243375001475215,
4238,423,ok,1.5773313812201175,0.7408289313328652,-0.9499802661178964,0.0988080308409832,15.000000000001679,0.18318291701143607,
4239,423,ok,1.3624294181369137,1.2939955802267544,-1.1652346024151239,0.11118320131746456,15.000000000001679,0.18774637498427182,
4240,423,ok,1.7497270918914751,0.5384327843740266,-0.9619595471257294,0.08642980625911484,15.000000000001679,0.1913834580045659,
4241,424,ok,1.45833610482991,0.6841518129864713,0.6287191291695237,0.10912529251165286,15.000000000001679,0.1722618330095429,
4242,424,ok,1.4357182499584953,1.1419731888915712,-1.1511198394098614,0.12252746589810601,15.000000000001679,0.17744862497784197,
4243,424,ok,1.414568027026786,1.0236656197691993,-1.0236082654344838,0.10980771437394099,15.000000000001679,0.18036100000608712,
4244,424,ok,0.664976519393286,1.378486726022307,-0.23646357354556408,0.11043192307558812,15.000000000001679,0.1797296250006184,
4245,424,ok,0.6315201064635025,1.3718226832489622,0.06489147545818202,0.11526744902183962,15.000000000001679,0.1859114170074463,
4246,424,ok,1.367007700807986,0.6511136503474144,-0.22184604974905117,0.11782658769252576,15.000000000001679,0.1735917089972645,
4247,424,ok,0.6113654414983792,1.4086006904854633,-0.15496631816055184,0.11698837763284017,15.000000000001679,0.17526012499001808,
4248,424,ok,1.6081512779312652,0.810026605520071,-1.081718009992381,0.10708707442193528,15.000000000001679,0.17085991700878367,
4249,424,ok,0.8553532627247868,1.217697663071328,0.34587896393084794,0.11906878257251483,15.000000000001679,0.1818397089955397,
4250,424,ok,0.9099775803968484,1.1317389521212469,0.2723636347998613,0.11902591830565513,15.000000000001679,0.17065033299149945,
4251,425,ok,1.5386494352729672,0.900786460173288,-1.0766483541655791,0.09228408555635477,15.000000000001679,0.19695604097796604,
4252,425,ok,0.7110957480402248,1.4351465650502282,-0.43196962845358794,0.12996885495593788,15.000000000001679,0.1788061670085881,
4253,425,ok,1.5297930559849418,1.115773382342849,-1.2483629611480556,0.10978407134312906,15.000000000001679,0.17576120799640194,
4254,425,ok,0.5781282658078585,1.4352221350968386,-0.12352430951609567,0.11734925152133269,15.000000000001679,0.18727733302512206,
4255,425,ok,0.7718520483833538,1.2906541472323243,0.30427626551355935,0.1186590067920986,15.000000000001679,0.17623654199996963,
4256,425,ok,0.8427169876028263,1.3803942997918826,-0.5711923471686141,0.11654834152125904,15.000000000001679,0.17517341702478006,
4257,425,ok,1.486702105162636,0.9782722341316801,-1.0799794081132958,0.1073440943932999,15.000000000001679,0.19615583299309947,
4258,425,ok,1.7971967337003227,0.43098037085891533,-0.8764094379872239,0.10486962592260105,15.000000000001679,0.19374295801389962,
4259,425,ok,1.90590203653868,0.22542467471917535,-0.6952301689273439,0.08422852168837094,15.000000000001679,0.19740458400337957,
4260,425,ok,1.2296180569539041,0.9281626085040383,0.6025986825228103,0.11940534331471965,15.000000000001679,0.17404162499587983,
4261,426,ok,1.5776024242772226,0.7712093224858245,-0.9893952091755971,0.09968931694057061,15.000000000001679,0.1785727090027649,
4262,426,ok,0.7888099474230393,1.2385083151733192,0.20579491512999304,0.11858361544513517,15.000000000001679,0.17819274999783374,
4263,426,ok,1.5143430888655665,0.734421781718627,-0.8315929077419133,0.10804591097025679,15.000000000001679,0.19250558398198336,
4264,426,ok,0.72195141566948,1.2951194549069092,0.15606813812060855,0.12073907438333682,15.000000000001679,0.1927434999961406,
4265,426,ok,0.5417289870962417,1.4948988525364146,-0.19581400943571264,0.12569814461795262,15.000000000001679,0.17776233298354782,
4266,426,ok,0.6829643975127204,1.3354515381048129,0.1575300290822488,0.12127353574801336,15.000000000001679,0.17018316601752304,
4267,426,ok,1.599177096836233,0.8661140025748346,-1.1276834360265742,0.09175643196179574,15.000000000001679,0.1920695829903707,
4268,426,ok,1.40949269197224,1.0598548981204154,-1.050141341027472,0.0950580550078275,15.000000000001679,0.17598866700427607,
4269,426,ok,1.8476136684228917,0.16655834132719582,0.22840304723495192,0.10024716538233008,15.000000000001679,0.1913344579807017,
4270,426,ok,1.4421144278559932,1.050412181073185,-1.0853464871534035,0.09799654064920822,15.000000000001679,0.1759319579869043,
4271,427,ok,1.5078676977071572,0.6980583969253545,0.7606661922105548,0.10129143731665811,15.000000000001679,0.1914788750000298,
4272,427,ok,1.2968533443908565,1.2719105978102168,-1.073179583889236,0.11627809327325932,15.000000000001679,0.18069879201357253,
4273,427,ok,0.9977442190355865,1.0321478360439513,0.24239578243964227,0.12423601507495795,15.000000000001679,0.18045366698061116,
4274,427,ok,0.6271364953266307,1.3781156532717116,0.08099409277780119,0.11548666344986692,15.000000000001679,0.17929633299354464,
4275,427,ok,1.2465958807985813,0.7904252316565185,0.30154629795572535,0.10937163915853775,15.000000000001679,0.21674095900380053,
4276,427,ok,0.8167477238772378,1.2481586199315555,0.31907896150549553,0.0974047648415139,15.000000000001679,0.19295579098979943,
4277,427,ok,0.6983248045420176,1.343641945779078,0.23843581379057216,0.11488015646417749,15.000000000001679,0.19146529101999477,
4278,427,ok,0.8049391964223342,1.2657220789735224,0.3297924265808224,0.11824774830429403,15.000000000001679,0.17044045799411833,
4279,427,ok,0.5590824461630683,1.4413464337803288,0.021894623945701564,0.11819921700947038,15.000000000001679,0.17866733399569057,
4280,427,ok,1.833060943910639,0.16755173948629692,0.047389836788766126,0.09774520523889697,15.000000000001679,0.1690053330094088,
4281,428,ok,0.5725825691164669,1.4489042672675294,-0.1553843358259606,0.11704076172744478,15.000000000001679,0.1850264169916045,
4282,428,ok,1.4221284162690928,0.666390579667028,0.49389791086741036,0.12550455176523226,15.000000000001679,0.17845779200433753,
4283,428,ok,1.604487522867131,0.8878383309721224,-1.1564932481348207,0.08700763782227135,15.000000000001679,0.18296520799049176,
4284,428,ok,1.769569411915941,0.5087316500228497,-0.9526251161632038,0.09316127101969382,15.000000000001679,0.1811728329921607,
4285,428,ok,0.6247607573329526,1.390658623727229,0.13794597154411473,0.11407177424918684,15.000000000001679,0.17827845801366493,
4286,428,ok,1.3597809043171876,0.6402193737525528,-0.0008696135741416435,0.1018599446248079,15.000000000001679,0.18026345799444243,
4287,428,ok,1.7103324614571072,0.6951413368804913,-1.1057038473279792,0.1065844761391712,15.000000000001679,0.19545033300528303,
4288,428,ok,0.757359472904894,1.4580063983706841,-0.5289955642457329,0.11863461776994408,15.000000000001679,0.1802398750151042,
4289,428,ok,1.5859983297473415,0.9491742735482543,-1.187920870508014,0.0955671672323538,15.000000000001679,0.18403879198012874,
4290,428,ok,1.0854812490098635,1.0292473923202525,0.4857045569427814,0.12584991259960068,15.000000000001679,0.18127000000094995,
4291,429,ok,1.2997737371019076,1.3028086665706484,-1.0969667325178378,0.10673430233870512,15.000000000001679,0.1833112910098862,
4292,429,ok,0.46848364501038037,1.5585101003595765,-0.15672777085667003,0.11463518683063768,15.000000000001679,0.19309245800832286,
4293,429,ok,1.8361609672902968,0.3137900083320985,-0.7267619705238944,0.08372519057501143,15.000000000001679,0.19633425000938587,
4294,429,ok,1.5528215628873638,0.7621776720838509,-0.9375770318646893,0.10295698881329786,15.000000000001679,0.18917837500339374,
4295,429,ok,1.6639733192275863,0.550569948733167,-0.8172880358759065,0.0940790582424332,15.000000000001679,0.2029840420000255,
4296,429,ok,0.8155420315707251,1.2254180566528643,0.2552089698640709,0.1213249996458213,15.000000000001679,0.18342920899158344,
4297,429,ok,1.7701160288408793,0.2452230225090787,0.23252637447659813,0.08391341715319897,15.000000000001679,0.19015545799629763,
4298,429,ok,1.4873148182709428,0.7568498293714137,-0.8165065963692175,0.10949911742763141,15.000000000001679,0.17542983300518245,
4299,429,ok,0.7876798898139676,1.2701549001644463,0.2962528296293133,0.10601648047660087,15.000000000001679,0.1867810410039965,
4300,429,ok,0.6191689967197425,1.38178863130911,-0.03442310445425775,0.11048550063370992,15.000000000001679,0.18123920800280757,
4301,430,ok,1.0757531655963695,1.0508195739923176,0.5062621773098248,0.11288316227014782,15.000000000001679,0.1792647500114981,
4302,430,ok,1.4479408742722488,1.0444143840024442,-1.0878368011272903,0.0947654968240367,15.000000000001679,0.1838683329988271,
4303,430,ok,1.491779304786457,0.8109403858493999,-0.900856663507126,0.093541230323943,15.000000000001679,0.18820645898813382,
4304,430,ok,1.7874730736923656,0.33028226733358457,0.6380459876800088,0.1287181672424329,15.000000000001679,0.19223595800576732,
4305,430,ok,0.7808338421121328,1.3257474686851958,-0.39380834552250676,0.11372067890503339,15.000000000001679,0.1966180409945082,
4306,430,ok,1.8585321994418869,0.30924028568957956,-0.7716693105386808,0.09552849686180082,15.000000000001679,0.20204450000892393,
4307,430,ok,1.7063816834241727,0.6033775326971919,-0.9803999864088787,0.09130755076330405,15.000000000001679,0.18032366601983085,
4308,430,ok,1.8166055862751362,0.2405850072503344,-0.4522330586917832,0.09635050039490665,15.000000000001679,0.2055296670005191,
4309,430,ok,1.9218837430606628,0.2578712146894127,-0.8115567862036035,0.08677781648612047,15.000000000001679,0.19983691701781936,
4310,430,ok,1.3224425946085274,1.2454123026434252,-1.0860257009081489,0.11308581842360294,15.000000000001679,0.19289445798494853,
4311,431,ok,1.6174760058417013,0.7106438541118135,-0.9766213997931772,0.09680610861447576,15.000000000001679,0.2031589160033036,
4312,431,ok,1.0283213088088572,0.9906191419105363,0.1964560955352091,0.12230456769196817,15.000000000001679,0.18238766698050313,
4313,431,ok,1.4737213356283771,0.8585190841858795,-0.9321351264266594,0.11251974913825993,15.000000000001679,0.1792303329857532,
4314,431,ok,0.9503360409993662,1.0581937693756744,0.12704178359716428,0.11190592758750464,15.000000000001679,0.18141908399411477,
4315,431,ok,1.1896589051420288,0.9026270574414659,0.45941368669659255,0.11947966165630473,15.000000000001679,0.18726679199608043,
4316,431,ok,1.5185573685032017,0.8556279878799895,-0.9982129929588007,0.08828763767231053,15.000000000001679,0.186724208004307,
4317,431,ok,1.9491042892129686,0.2566199613759335,-0.8715696020144001,0.08961469634608277,15.000000000001679,0.2220302920031827,
4318,431,ok,0.8102040281593512,1.4435919602688188,-0.5889317961938743,0.11290168836123508,15.000000000001679,0.20673133301897906,
4319,431,ok,1.5562132916430613,0.7231960979742798,-0.8897030992743739,0.08653356192131026,15.000000000001679,0.19867741700727493,
4320,431,ok,1.5066296280200162,0.9763790749232384,-1.105501260864377,0.10336769504121679,15.000000000001679,0.19760208402294666,
4321,432,ok,0.7742566741870702,1.3051852460838953,0.34162238694752706,0.11497589512261912,15.000000000001679,0.1898523750132881,
4322,432,ok,1.9742132640389314,0.1682845522440698,-0.7364350143492255,0.08669462749767862,15.000000000001679,0.18699641598504968,
4323,432,ok,0.9784885831681672,1.1085556704545951,0.4034438185321359,0.11967068044686434,15.000000000001679,0.1756744579761289,
4324,432,ok,1.4246661746781752,1.2040926967038676,-1.181611304038694,0.11142498346687155,15.000000000001679,0.1899944580218289,
4325,432,ok,0.7938675330045,1.2074881498729593,0.04637485705493689,0.11029703438293394,15.000000000001679,0.18753629198181443,
4326,432,ok,1.4306723889715907,0.6178820837450253,0.369558588227476,0.11068873330496164,15.000000000001679,0.19356291598523967,
4327,432,ok,1.7273335534225607,0.5528233315915088,-0.9430593275046435,0.09254536650820595,15.000000000001679,0.1975870419992134,
4328,432,ok,1.102511865654669,0.9306840642779599,0.2685066917606286,0.0934555662945245,15.000000000001679,0.19031449998146854,
4329,432,ok,1.3885650736187345,0.7139747008321501,0.523690646826963,0.12449213036918008,15.000000000001679,0.19093454102403484,
4330,432,ok,1.7083811880420994,0.5312166433595044,-0.8724916818583508,0.08803945217997036,15.000000000001679,0.18269524999777786,
4331,433,ok,1.7573265839352532,0.49072975876677,-0.9001666854162813,0.08833154746688072,15.000000000001679,0.18361366700264625,
4332,433,ok,1.0073581520387573,1.1288465392669094,0.5058281272642907,0.11448351198239001,15.000000000001679,0.20940987500944175,
4333,433,ok,1.0623197180980912,1.0672677427251929,0.5084621123535666,0.12063178431182321,15.000000000001679,0.18961045899777673,
4334,433,ok,1.8453204115690944,0.37084723797739894,-0.8666421979961874,0.0859699753029263,15.000000000001679,0.19666679101646878,
4335,433,ok,1.2207808895465688,0.8920262463016068,0.5125428190869559,0.13018906533738855,15.000000000001679,0.18724908301373944,
4336,433,ok,1.4725700494892289,0.8466756239485007,-0.9155902108793704,0.10623021943187314,15.000000000001679,0.19010358399827965,
4337,433,ok,1.3344370270128245,0.9387675566731267,-0.8090166131132908,0.10140940703561448,15.000000000001679,0.23060433301725425,
4338,433,ok,1.6790454745827261,0.6389371989211705,-0.9832099253141124,0.09045342231629866,15.000000000001679,0.20856291701784357,
4339,433,ok,1.4686599792580173,0.5647673963503113,0.3115597985862344,0.1270744905495226,15.000000000001679,0.1789227499975823,
4340,433,ok,1.8209410214251147,0.1802164513370738,0.0649156338989925,0.09146418080051043,15.000000000001679,0.18027920901658945,
4341,434,ok,1.9162942910502396,0.09330218613298671,0.19153917747158936,0.09366381030425255,15.000000000001679,0.17926733300555497,
4342,434,ok,1.3506491854532048,1.2852258112083297,-1.1460153058326121,0.10646351403855354,15.000000000001679,0.18235091702081263,
4343,434,ok,0.5459671438182503,1.455995941292171,0.04625695881126384,0.11545616077326645,15.000000000001679,0.18058954199659638,
4344,434,ok,0.8974016043835954,1.174572624097333,0.3521353243579639,0.11351513352249451,15.000000000001679,0.17809891601791605,
4345,434,ok,1.5082948729796393,0.6700074049244709,-0.7113881647180571,0.089760733621429,15.000000000001679,0.18282337501295842,
4346,434,ok,1.524974725766124,0.929012104609244,-1.0856025249380845,0.10482015783979311,15.000000000001679,0.19662349999998696,
4347,434,ok,1.791984361631992,0.2652916686170881,-0.44943849119132095,0.08792714431513725,15.000000000001679,0.18073858399293385,
4348,434,ok,0.7254943962236092,1.3963695933052884,-0.4024580115557849,0.11548965197313975,15.000000000001679,0.17104241700144485,
4349,434,ok,0.8709500482688218,1.161889286569459,0.23690592776967984,0.12056660573263091,15.000000000001679,0.1808838340220973,
4350,434,ok,1.9670598443220255,0.17927665079795643,-0.7445071637094464,0.0970977023025449,15.000000000001679,0.1895172500226181,
4351,435,ok,1.5912024061617651,0.8865730337907383,-1.1367521666102205,0.10081136667459373,15.000000000001679,0.17916712499572895,
4352,435,ok,1.7021299320640602,0.4055016992974419,0.5956689304345626,0.12568644780652458,15.000000000001679,0.1765470840036869,
4353,435,ok,0.6403910776915347,1.3736677545522562,0.13344905656958597,0.11306997966263824,15.000000000001679,0.17417187499813735,
4354,435,ok,0.47684651756132884,1.5234860319722232,-0.017805605431706954,0.11493677707956665,15.000000000001679,0.17508195800473914,
4355,435,ok,0.5732973979408651,1.4363495748841133,0.104728719807161,0.1166117479393485,15.000000000001679,0.1687739169865381,
4356,435,ok,0.8061899314933175,1.2725203156200142,0.3474413827620369,0.11588073386001553,15.000000000001679,0.16531329200370237,
4357,435,ok,0.6716223468336825,1.3598581774439953,-0.2032117707738895,0.11708618536876114,15.000000000001679,0.16679204200045206,
4358,435,ok,1.4597077500269142,0.7035130548158751,-0.6707222349495893,0.10752072835526448,15.000000000001679,0.16995816701091826,
4359,435,ok,1.6942270658086007,0.6874918048828461,-1.0713204881214267,0.11493816301915845,15.000000000001679,0.17614541601506062,
4360,435,ok,1.3791705344197935,1.175047213795961,-1.1052439837185146,0.1171661203523669,15.000000000001679,0.17147299999487586,
4361,436,ok,1.6482968010295438,0.5038152551793522,0.6916021642897022,0.09678350867173062,15.000000000001679,0.17776854100520723,
4362,436,ok,1.4127413455064854,0.6654666067714958,0.463528566176336,0.12152563896323977,15.000000000001679,0.1720350419927854,
4363,436,ok,1.6129561705369306,0.7527791035005086,-1.0227744831624246,0.09521482679441683,15.000000000001679,0.17520104197319597,
4364,436,ok,0.6174483273591437,1.4348127622236202,0.24860776981685456,0.11794051964808246,15.000000000001679,0.16646912501892075,
4365,436,ok,1.6607743391802854,0.7799561607052111,-1.126793874618843,0.09786144412349737,15.000000000001679,0.1720154159993399,
4366,436,ok,0.800540478755735,1.2178254584778492,0.17049353278372364,0.11532824707290493,15.000000000001679,0.1729220409761183,
4367,436,ok,1.8445284439177436,0.4154106461009353,-0.9441195686624426,0.08268928659874845,15.000000000001679,0.18466941700899042,
4368,436,ok,0.9598225164206972,1.0819951613498222,0.2802255863461086,0.11021829987092165,15.000000000001679,0.17488941698684357,
4369,436,ok,0.5685928101389718,1.4408783533466005,0.1033478010667086,0.11417584692195513,15.000000000001679,0.1667238750087563,
4370,436,ok,0.7213360769449614,1.2830399409564963,-0.07933479462810054,0.10457107571250847,15.000000000001679,0.1693179170251824,
4371,437,ok,1.5050829049044052,0.8198431182187246,-0.9340793783291546,0.12302295645912029,15.000000000001679,0.1708279160084203,
4372,437,ok,1.3402229981415157,1.2584960443063353,-1.116409229824835,0.11071914943066602,15.000000000001679,0.16976408401387744,
4373,437,ok,0.8071636212797275,1.200511291202678,0.11104465778683101,0.11144080990829737,15.000000000001679,0.1670394159737043,
4374,437,ok,1.6304268792136325,0.6282741959071382,-0.8812832273725045,0.08298356379263791,15.000000000001679,0.17342591701890342,
4375,437,ok,1.5588188924699138,0.8031974929133803,-0.9987893163987641,0.10172397478761663,15.000000000001679,0.17073129198979586,
4376,437,ok,1.653361824303572,0.6549947162201453,-0.9615436072631901,0.0906853316784067,15.000000000001679,0.17567862500436604,
4377,437,ok,0.7137470058821335,1.291111213258648,0.08313528996812432,0.11229686186166761,15.000000000001679,0.1715999159787316,
4378,437,ok,1.5491614953665687,0.950302755704441,-1.13931428238423,0.09739476396138604,15.000000000001679,0.17158783398917876,
4379,437,ok,1.5873172031796585,0.4698546289215154,0.4221741902072895,0.10949914526283769,15.000000000001679,0.1663283749949187,
4380,437,ok,1.7452624296966255,0.49921591745750843,-0.8908356111526191,0.10220269462553234,15.000000000001679,0.17147612501867115,
4381,438,ok,1.7077319363161565,0.5453104595370621,-0.8945539151900548,0.08560483159258163,15.000000000001679,0.19079245801549405,
4382,438,ok,1.3942367504781505,1.032111317992689,-1.0035375506806026,0.11727245139804106,15.000000000001679,0.19985583299421705,
4383,438,ok,1.6728421799230182,0.5649597536875248,-0.8596862511364399,0.09390487758784899,15.000000000001679,0.18823837500531226,
4384,438,ok,1.6805994116206997,0.6364908244277672,-0.9824749922874231,0.09277732195329941,15.000000000001679,0.19283879100112244,
4385,438,ok,0.7747754247831149,1.2654858911595488,0.24650757140942736,0.11936156009945628,15.000000000001679,0.18214737498783506,
4386,438,ok,0.9587821925276478,1.1345986945493067,0.4127273594424768,0.11529142898095476,15.000000000001679,0.18807204099721275,
4387,438,ok,0.7293127049751542,1.324782176814198,0.2756409129472681,0.10476201551595363,15.000000000001679,0.18938687499030493,
4388,438,ok,1.4989943723797163,0.9777881592154376,-1.0963881981241388,0.09879491817640815,15.000000000001679,0.17967949999729171,
4389,438,ok,0.7407752448283055,1.325046023102757,0.3052623337738081,0.11428316764406427,15.000000000001679,0.1812699169968255,
4390,438,ok,1.4729681874531821,0.5270373553007363,-0.004040862490020402,0.10384609799816984,15.000000000001679,0.16872645801049657,
4391,439,ok,0.5864202677833694,1.4239439685511692,0.10976419770827978,0.11388557453886418,15.000000000001679,0.1743590830010362,
4392,439,ok,1.6348246453904676,0.480907796090276,0.6041609861591245,0.10618797952110992,15.000000000001679,0.17703529098071158,
4393,439,ok,1.049258910504374,1.0523923987994566,0.45053756271789125,0.12452278918463289,15.000000000001679,0.17396695900242776,
4394,439,ok,0.6029829273769225,1.3970171358404853,-0.0002761123524726167,0.11904954254979937,15.000000000001679,0.17578049999428913,
4395,439,ok,0.8714788683889835,1.211095144661636,0.370276312059114,0.12114813602142467,15.000000000001679,0.17161833398859017,
4396,439,ok,1.5432229062224234,0.911890123216994,-1.0943280286718668,0.09352316027961129,15.000000000001679,0.17785858301795088,
4397,439,ok,1.2206545501662915,0.9701349354937965,0.6552674871770342,0.1205343713413089,15.000000000001679,0.17226754099829122,
4398,439,ok,1.3564024268234391,0.7903117319541674,0.6135811581565956,0.108129360735304,15.000000000001679,0.17861862501013093,
4399,439,ok,1.8824655611663708,0.30433584074000497,-0.8175571221501978,0.09521045510530399,15.000000000001679,0.1740388750040438,
4400,439,ok,0.5670089168489237,1.504726506105612,-0.2760494123011954,0.12094857211425904,15.000000000001679,0.170158499997342,
4401,440,ok,1.656443620091797,0.6455145917003887,-0.9535065522828104,0.08709171370741352,15.000000000001679,0.1762935830047354,
4402,440,ok,1.5420696380232077,1.045117065264369,-1.2108581045951239,0.10631984484405167,15.000000000001679,0.1685105840151664,
4403,440,ok,1.8131052245608354,0.4781102452791152,-0.9854958801564837,0.08614387595293599,15.000000000001679,0.1729757499997504,
4404,440,ok,1.86332520360356,0.3725224832957255,-0.9073575629300368,0.08570891755619285,15.000000000001679,0.17829716700362042,
4405,440,ok,1.734695280292244,0.5301448041800547,-0.9212455800649992,0.08843282865792423,15.000000000001679,0.17208691698033363,
4406,440,ok,0.4896740445585831,1.5121725853215298,0.042486273106511194,0.12093422491008751,15.000000000001679,0.1701482080097776,
4407,440,ok,1.8567276491114915,0.34854906462411983,-0.8486149721877501,0.09344442781044815,15.000000000001679,0.1732864580117166,
4408,440,ok,1.7033098651815248,0.4530037895240365,-0.71278834277625,0.08164917629942503,15.000000000001679,0.17490258399629965,
4409,440,ok,2.104015132298563,0.0235823397140938,-0.7215628240502172,0.09129301072491669,15.000000000001679,0.18805720898672007,
4410,440,ok,1.7088246595535257,0.5994093707370726,-0.9789931594853459,0.10050494885344742,15.000000000001679,0.1773443749989383,
4411,441,ok,1.6643959893807374,0.7649866861648533,-1.1157760187943695,0.09430337602871375,15.000000000001679,0.18416237502242438,
4412,441,ok,1.450698341582275,0.667349506026218,0.5732088094063084,0.09747458432092405,15.000000000001679,0.16553412500070408,
4413,441,ok,1.692938375727139,0.5843250377539874,-0.9283882513686793,0.08882059300690935,15.000000000001679,0.1705064159759786,
4414,441,ok,2.063397559733618,-0.06317371646140588,0.030392519103908687,0.09337638202323197,15.000000000001679,0.17555962500046007,
4415,441,ok,0.6325470091379493,1.3675689765320111,-0.012112775264036223,0.11836390248582726,15.000000000001679,0.16913391702109948,
4416,441,ok,1.5561456050097076,0.8235787246058398,-1.0186373872929493,0.0899420344104254,15.000000000001679,0.17712308300542645,
4417,441,ok,0.7942499481560825,1.2337401334292077,0.2089947296676434,0.11111041935033947,15.000000000001679,0.17229587497422472,
4418,441,ok,1.402932251656159,0.9318407637422871,-0.9095354576564674,0.09366866017042111,15.000000000001679,0.17154337497777306,
4419,441,ok,1.7675544620627097,0.4784627901435833,-0.899540602407777,0.1027902599002975,15.000000000001679,0.1741430000110995,
4420,441,ok,1.7724794123832361,0.2739025877891226,0.402828736414539,0.12056943502816198,15.000000000001679,0.16549749998375773,
4421,442,ok,1.1876401113375563,0.9538934944181294,0.5622723655286387,0.118872941904857,15.000000000001679,0.18500837500323541,
4422,442,ok,1.3082585931213115,1.4462797497970974,-1.1852993001731622,0.12133555223622904,15.000000000001679,0.17149125001742505,
4423,442,ok,1.7675444521843304,0.4955923091792928,-0.9278851708304818,0.09444879520789654,15.000000000001679,0.18198358299559914,
4424,442,ok,1.1406591803356445,0.9699927720271151,0.4900902733248211,0.1267739005395913,15.000000000001679,0.16943929201806895,
4425,442,ok,1.7578450511097778,0.24435490033798368,-0.08791761907539526,0.09826548510461278,15.000000000001679,0.16858604201115668,
4426,442,ok,1.3358284891933359,1.1571062718035159,-1.0363242328092024,0.10260296972745606,15.000000000001679,0.1690319160115905,
4427,442,ok,1.6082820025072715,0.6949465156003511,-0.93989701693597,0.09841555766274655,15.000000000001679,0.17007495899451897,
4428,442,ok,1.668140860126307,0.3321278156664638,-0.029938369184269835,0.09074925240040649,15.000000000001679,0.1684135840041563,
4429,442,ok,0.6937579625821866,1.3110506497022503,0.08154080800737253,0.11422526705311195,15.000000000001679,0.17511316697346047,
4430,442,ok,1.7274783158546674,0.5000096789830694,-0.856860763837161,0.09444164951223051,15.000000000001679,0.1736115000094287,
4431,443,ok,1.5384912280761,0.9515523390044769,-1.1259275114411775,0.08980941306578315,15.000000000001679,0.17692091697244905,
4432,443,ok,1.375195413802848,1.0547021248545239,-0.9987864403313823,0.10116352888768931,15.000000000001679,0.16915837497799657,
4433,443,ok,1.9466064468997395,0.06530786843073455,0.21504189162951645,0.10361702856609199,15.000000000001679,0.18193758302368224,
4434,443,ok,1.4229252361989484,1.061360817957067,-1.0694263479761505,0.0940693050358601,15.000000000001679,0.18437979198643006,
4435,443,ok,1.5120936485415575,0.7997577482454238,-0.9196987218990924,0.0986973820265384,15.000000000001679,0.18131462502060458,
4436,443,ok,1.7010670680749178,0.5176536645913669,-0.8344330482367014,0.08444023059305417,15.000000000001679,0.17985020898049697,
4437,443,ok,1.7044192561865616,0.6053308452518124,-0.979766783297703,0.08776900536460837,15.000000000001679,0.17271312500815839,
4438,443,ok,1.3973534218603967,1.350390994747977,-1.2371761094849985,0.12059048760021583,15.000000000001679,0.17618145799497142,
4439,443,ok,0.7843935820707283,1.3322734543288366,-0.4115999900386348,0.11710812701251802,15.000000000001679,0.17394549999153242,
4440,443,ok,1.4440418275333422,1.0833638821197595,-1.1158113761130404,0.09848583011531784,15.000000000001679,0.17458795799757354,
4441,444,ok,1.4300105780384194,1.0986330452109652,-1.1101656930909531,0.1172967629492398,15.000000000001679,0.18163229199126363,
4442,444,ok,1.5085784477423059,0.7737332325498106,-0.8786801170163395,0.09220145886732159,15.000000000001679,0.18871254098485224,
4443,444,ok,1.0141880067488225,1.0457753945400474,0.34355889650531196,0.12242613857086629,15.000000000001679,0.17334795798524283,
4444,444,ok,1.0583132694955835,1.0430462606107458,0.4519585346681207,0.1266979691670826,15.000000000001679,0.1757707500073593,
4445,444,ok,1.7974501150486348,0.30660048535736245,-0.6026815078434304,0.08336259601918534,15.000000000001679,0.17277687499881722,
4446,444,ok,1.631137941496227,0.6676869217557542,-0.9410381744264635,0.08745413044756849,15.000000000001679,0.17197225001291372,
4447,444,ok,1.7657748331566514,0.5069341557408741,-0.9427168960595668,0.09934038954344293,15.000000000001679,0.17685424999217503,
4448,444,ok,1.4428996711704754,1.0739555069049997,-1.1065265735048073,0.10532366611976457,15.000000000001679,0.1699196659901645,
4449,444,ok,1.7592213527360296,0.3770929888394854,-0.6789938151768626,0.0799257449451474,15.000000000001679,0.17867154098348692,
4450,444,ok,1.7019591967364305,0.5742473987134936,-0.9294593198631533,0.08627893522154119,15.000000000001679,0.17926850001094863,
4451,445,ok,0.9471116811855422,1.0681815546300384,0.1695137796947851,0.11011718702363056,15.000000000001679,0.17185133299790323,
4452,445,ok,0.7778567293773234,1.2479364604855225,0.19864924860301544,0.11894793345983644,15.000000000001679,0.1670126669923775,
4453,445,ok,1.5541597763265145,0.8729964558095942,-1.0701755097803094,0.0980671979111945,15.000000000001679,0.16971437499159947,
4454,445,ok,1.8626087326348704,0.2611736826781681,-0.6676783125702629,0.11155874500322356,15.000000000001679,0.17773720802506432,
4455,445,ok,0.7984145531161262,1.2885027762469707,0.36226716552753624,0.11560740791982113,15.000000000001679,0.17810770799405873,
4456,445,ok,1.2409452450098661,0.8783320139133128,0.5308540572519269,0.12353085612131648,15.000000000001679,0.17170504201203585,
4457,445,ok,1.5994090402880412,0.7302164618595309,-0.9725014367200624,0.0852942097239946,15.000000000001679,0.1747423329798039,
4458,445,ok,1.430668223695007,0.6805669331422134,0.5530894578392198,0.09793219601443974,15.000000000001679,0.1652117079938762,
4459,445,ok,1.7585770027418832,0.4581125149686089,-0.8456808251794509,0.09030817841060065,15.000000000001679,0.1853519580035936,
4460,445,ok,1.7584556929737467,0.4758771474143349,-0.8770495735007883,0.08278003830552168,15.000000000001679,0.1748724169738125,
4461,446,ok,1.0498465985062737,1.0037362563518148,0.3311139282592868,0.10575988272268166,15.000000000001679,0.17098100000293925,
4462,446,ok,1.191851270980163,1.4078310850287226,-1.0343333255187952,0.1234912483182149,15.000000000001679,0.17451608297415078,
4463,446,ok,1.81243433571933,0.33581472048161093,-0.7179175278043224,0.09250876815820774,15.000000000001679,0.17146354098804295,
4464,446,ok,1.1257051850699031,0.9454190321928008,0.3937907388856363,0.11728708627739536,15.000000000001679,0.18045729197910987,
4465,446,ok,1.352622627499994,0.7554287180546355,0.5297455017098867,0.11085192543668225,15.000000000001679,0.17193879099795595,
4466,446,ok,1.932299287313281,0.287281333351798,-0.8946369680860603,0.08773852901076527,15.000000000001679,0.1732461659994442,
4467,446,ok,1.40632046060391,1.1041191851841676,-1.0840363478952695,0.1076044533532721,15.000000000001679,0.17223016600473784,
4468,446,ok,1.657890396692155,0.7187609580882905,-1.052153546268431,0.09130020968403207,15.000000000001679,0.19929279200732708,
4469,446,ok,1.8702751581868382,0.24909937324743023,-0.6574771194256581,0.08159299480499625,15.000000000001679,0.2055309579882305,
4470,446,ok,1.3701208545707948,0.730895815006096,0.5163387684076838,0.11512556170820987,15.000000000001679,0.19301320798695087,
4471,447,ok,1.731698051213724,0.5713306049062503,-0.9786122317342397,0.09821749123588498,15.000000000001679,0.19096604199148715,
4472,447,ok,1.8112678265655346,0.18890135595491148,0.024755627430501224,0.09871014341245132,15.000000000001679,0.18778283399296924,
4473,447,ok,1.2868595188708074,1.2911963535019806,-1.0740599666776136,0.10399768570441602,15.000000000001679,0.18774179098545574,
4474,447,ok,0.6380647742783233,1.598938081613682,-0.4962620213104505,0.11306702849758446,15.000000000001679,0.1795394170039799,
4475,447,ok,0.9450278109792684,1.0628521790525036,-0.12178474952812027,0.11180786635262838,15.000000000001679,0.16830966697307304,
4476,447,ok,1.556481861280609,0.8919234069389187,-1.0930700107521456,0.08608081596115601,15.000000000001679,0.17074404199956916,
4477,447,ok,1.6764171627293871,0.6713277914919685,-1.022254697143544,0.08601573790636874,15.000000000001679,0.17123487501521595,
4478,447,ok,1.7107212393929307,0.5868142211745137,-0.9640918594384505,0.09493648682090594,15.000000000001679,0.18069141698651947,
4479,447,ok,1.5906439999631572,0.7237774876367161,-0.9494232109844062,0.09831565313933502,15.000000000001679,0.20769058298901655,
4480,447,ok,1.6677826245692389,0.6681516796849589,-1.003832124654846,0.09369299627396628,15.000000000001679,0.20736112500890158,
4481,448,ok,1.2084968060934036,0.7932104210585017,0.06421403659760203,0.10210576695887826,15.000000000001679,0.19664904099772684,
4482,448,ok,0.9595734903182427,1.0845724163201114,0.28770405342910116,0.11940345241309845,15.000000000001679,0.20789441699162126,
4483,448,ok,1.4996986635865204,0.8002024506753602,-0.8997677045759,0.09448703639805456,15.000000000001679,0.20626233299844898,
4484,448,ok,1.5747278633953412,0.6908296274244673,-0.8751232937844231,0.09321665950880752,15.000000000001679,0.20948541699908674,
4485,448,ok,1.8156685708238438,0.48377025533339973,-0.9988491980603256,0.09642312951624202,15.000000000001679,0.20062529100687243,
4486,448,ok,1.285943708936714,0.7360908676832933,0.23703360057245543,0.11428045282596963,15.000000000001679,0.2218030829972122,
4487,448,ok,0.7409133895339449,1.3031857034122865,0.2517985044865223,0.11152296296690639,15.000000000001679,0.21173891602666117,
4488,448,ok,1.4850314395645743,0.868590298390518,-0.9618890079417557,0.09177646221342706,15.000000000001679,0.21439687500242144,
4489,448,ok,1.645283284059368,0.6608453622779955,-0.9558357291254739,0.09064721564861851,15.000000000001679,0.18907562497770414,
4490,448,ok,1.6231481438640967,0.6895418587053534,-0.9577626829460639,0.09009160774171016,15.000000000001679,0.17413187498459592,
4491,449,ok,1.7267076700238655,0.804301722619236,-1.245722684704714,0.09797091655583703,15.000000000001679,0.17381154198665172,
4492,449,ok,1.4464288562339298,1.173888803669962,-1.1873065010536865,0.09678802792014447,15.000000000001679,0.18458054200164042,
4493,449,ok,1.183545531619487,1.231314296103602,-0.8999457283868584,0.11206352163524404,15.000000000001679,0.17115158299566247,
4494,449,ok,1.5757563270638226,0.7336805683236367,-0.937786275886207,0.09602785528948567,15.000000000001679,0.1854783330054488,
4495,449,ok,1.6474986767542013,0.46609421846016197,-0.6011530115249384,0.08255755027423695,15.000000000001679,0.17837329200119711,
4496,449,ok,0.9851320633028651,1.181705370356445,0.5485244582002496,0.11413720708205821,15.000000000001679,0.1800909579906147,
4497,449,ok,1.499618611596128,0.985620930354008,-1.1044867963491598,0.0975157193588307,15.000000000001679,0.17238308399100788,
4498,449,ok,0.9247972111247416,1.1461489002443954,0.3552297582554766,0.1215192845484383,15.000000000001679,0.173187958978815,
4499,449,ok,1.3515599136377123,0.744410991067455,0.5002103965334683,0.10982260647698455,15.000000000001679,0.18100050001521595,
4500,449,ok,1.5906467662546915,0.7203475475411907,-0.9447998390731561,0.10361338607430298,15.000000000001679,0.179570792010054,
4501,450,ok,1.150021412872332,1.01665986809806,0.596314879116688,0.12370739428140401,15.000000000001679,0.17948641697876155,
4502,450,ok,1.7394732920639548,0.40469278139731923,-0.6933701840128338,0.08154753376673944,15.000000000001679,0.19811583298724145,
4503,450,ok,1.5262371128487373,0.8978699812413802,-1.0557978719376044,0.08464578418589183,15.000000000001679,0.18473429200821556,
4504,450,ok,1.6654545707301054,0.6396756606410211,-0.9608624349579692,0.11126616459883945,15.000000000001679,0.18432429200038314,
4505,450,ok,0.9131968751704922,1.1753206491772272,0.3922148660462548,0.10866702789572473,15.000000000001679,0.1757010830042418,
4506,450,ok,1.3475678954028953,0.8034179525513875,0.6197827332576111,0.11321124130837622,15.000000000001679,0.16741416600416414,
4507,450,ok,0.5846234344298112,1.4350074470633567,0.15022641315907834,0.11839965788361739,15.000000000001679,0.1665764999925159,
4508,450,ok,0.6897717720847427,1.3325417429686988,0.17402463241065538,0.11663276598469373,15.000000000001679,0.18778358399868011,
4509,450,ok,1.8171072282954663,0.39010436326429754,-0.8426830471434557,0.08317278275380799,15.000000000001679,0.20173549998435192,
4510,450,ok,1.1103311532243363,0.9065943722175988,-0.1931305334592574,0.12277777044961184,15.000000000001679,0.18377541602239944,
4511,451,ok,0.8945506250601042,1.1589322218958216,0.30467328965684476,0.11139929678571864,15.000000000001679,0.18738141699577682,
4512,451,ok,1.5314673043898415,0.9181455525147199,-1.0839663550458596,0.10052721146866335,15.000000000001679,0.17060625000158325,
4513,451,ok,0.6481047583291836,1.459652510315032,-0.3578608223319266,0.11099955268328134,15.000000000001679,0.18303562499932013,
4514,451,ok,1.6548961870690784,0.35333226110313837,-0.1648233832078172,0.09135231409324385,15.000000000001679,0.16932683301274665,
4515,451,ok,0.8507897117654786,1.2855115092146627,0.461897532122956,0.12683291107168337,15.000000000001679,0.16593754099449143,
4516,451,ok,0.84459444084638,1.1758621438421342,0.18476082798073348,0.11830055399861729,15.000000000001679,0.1768042919866275,
4517,451,ok,0.7620659336160944,1.2714534421578145,0.2235271800799014,0.11932060136190649,15.000000000001679,0.1810045419842936,
4518,451,ok,1.7161582579862744,0.46562464837558526,-0.7686946381899237,0.09430261151510201,15.000000000001679,0.19488283398095518,
4519,451,ok,1.8942587187969373,0.2676362634650859,-0.7662453771978041,0.08229257842422597,15.000000000001679,0.1985586249793414,
4520,451,ok,1.2543133325136482,0.7975297438206372,0.3568854425798721,0.10265129504182718,15.000000000001679,0.17525329100317322,
4521,452,ok,1.430047776889306,1.0917385107166815,-1.1045803326471528,0.10257549891475486,15.000000000001679,0.19168175000231713,
4522,452,ok,1.463650983133472,0.9019197734719012,-0.9677262094908757,0.09888018919912722,15.000000000001679,0.18191220797598362,
4523,452,ok,1.9239059209754763,0.09329786207342525,0.2567118033724303,0.09534915325610838,15.000000000001679,0.17213245801394805,
4524,452,ok,1.1521871892158089,0.9048246620209588,0.3579473398078538,0.11603897656117704,15.000000000001679,0.1647224579937756,
4525,452,ok,1.6680700204291834,0.5992664494256329,-0.9057610685771069,0.08679872167915932,15.000000000001679,0.17238129099132493,
4526,452,ok,1.410940137070896,1.0030127431781586,-0.9983829326127818,0.08490789891860316,15.000000000001679,0.17009283299557865,
4527,452,ok,0.8124376658160438,1.1941330131309216,0.10311818613209928,0.11146898577573609,15.000000000001679,0.16868208299274556,
4528,452,ok,1.6588394705739995,0.6238192298507124,-0.9262153513117458,0.08995485487844665,15.000000000001679,0.17280308401677758,
4529,452,ok,1.3882139527808546,1.131292269692421,-1.0828133994365323,0.10763639825815015,15.000000000001679,0.17744820899679326,
4530,452,ok,0.9553261785994606,1.0727859795918135,0.23004840333272403,0.12039676358403978,15.000000000001679,0.17383550002705306,
4531,453,ok,1.680424258972463,0.5983134638946116,-0.9268767688555091,0.08881104893696808,15.000000000001679,0.1718237920140382,
4532,453,ok,1.737640213275564,0.5310928817160573,-0.9282808781005404,0.0875409935617031,15.000000000001679,0.17088029201840982,
4533,453,ok,1.4035311057858615,1.0592883158077537,-1.0416146562585757,0.10420198512219718,15.000000000001679,0.16936150001129135,
4534,453,ok,1.5859594097692318,0.862509056325655,-1.1051613468152142,0.09811817252729009,15.000000000001679,0.16963166699861176,
4535,453,ok,0.6920112442629048,1.3102570988262257,-0.05598475209089281,0.124646494738161,15.000000000001679,0.16758762497920543,
4536,453,ok,1.6733360742156838,0.5762928489005473,-0.8792676300079723,0.08263373738034915,15.000000000001679,0.17887695800163783,
4537,453,ok,1.7815587003306903,0.4604129859094215,-0.8964503493042071,0.08355175119061546,15.000000000001679,0.17286237500957213,
4538,453,ok,1.7875989649617283,0.3193302118264352,-0.6089820380379605,0.08181190591481419,15.000000000001679,0.18386749998899177,
4539,453,ok,1.0960654024899061,1.0816100422405326,0.5982635305798971,0.12945943770918436,15.000000000001679,0.18268929200712591,
4540,453,ok,1.4519252646397285,1.0380611025265594,-1.0875479445186436,0.09517447812008005,15.000000000001679,0.16904224999598227,
4541,454,ok,1.7581533430777545,0.570468257230039,-1.023495077754926,0.09737883869929481,15.000000000001679,0.17717174999415874,
4542,454,ok,1.9225571241052601,0.26691361256632806,-0.8322484419570831,0.08995531041732911,15.000000000001679,0.1866657079954166,
4543,454,ok,0.9985517325969632,1.037696443052577,0.266603501399991,0.11335264615375674,15.000000000001679,0.16977766700438224,
4544,454,ok,0.8404742770518931,1.248055635792233,0.37546861855830194,0.12610108114470409,15.000000000001679,0.18151858300552703,
4545,454,ok,0.7929210285474456,1.289706206338892,0.3524294031423178,0.11041581427715312,15.000000000001679,0.1865651669795625,
4546,454,ok,1.8803089905528123,0.37315733057252,-0.9428387077776382,0.09573758821409933,15.000000000001679,0.17575891700107604,
4547,454,ok,1.9331373117518869,0.18500227893621715,-0.665434548712784,0.08365484140789356,15.000000000001679,0.17960458400193602,
4548,454,ok,1.2055008143393369,1.5099002419769265,-1.101378427498255,0.11841066471794748,15.000000000001679,0.17753625000477768,
4549,454,ok,1.6944031490220794,0.5857765242044856,-0.9332598737354957,0.09522539289712979,15.000000000001679,0.19392941700061783,
4550,454,ok,1.0495221262769587,0.9893565460600958,0.2830132550841553,0.10567615949494616,15.000000000001679,0.17102929201791994,
4551,455,ok,2.0352135825237547,0.12333430510895758,-0.78754059965712,0.09613845574578425,15.000000000001679,0.17926316600642167,
4552,455,ok,0.8688990650452628,1.1584581841633408,0.21631679878102444,0.09420697703857728,15.000000000001679,0.17589687500731088,
4553,455,ok,0.825803469419448,1.1783287353868865,0.08250880567723755,0.11824426610618531,15.000000000001679,0.17493512498913333,
4554,455,ok,1.1354439287699458,0.9447113472449827,0.41904507483924774,0.11629444628722051,15.000000000001679,0.19433116598520428,
4555,455,ok,0.7634304571331272,1.3222591817694012,0.35141634307842584,0.11197723683942254,15.000000000001679,0.17073558300035074,
4556,455,ok,1.7424094201263478,0.539517983621843,-0.9502541066372873,0.09020889374560186,15.000000000001679,0.1732913329906296,
4557,455,ok,0.857288480977629,1.177192640136169,0.2406898173393353,0.12549373881096496,15.000000000001679,0.19093466599588282,
4558,455,ok,1.4898894438026744,0.951354101403046,-1.0583535959736845,0.10164306223628984,15.000000000001679,0.18819474999327213,
4559,455,ok,0.9057157132532148,1.2087589010956399,0.44074763372977993,0.11679049230040357,15.000000000001679,0.1913068750000093,
4560,455,ok,1.2821861044083058,1.3994772352012192,-1.1328608102040494,0.12112259709037711,15.000000000001679,0.18132183299167082,
4561,456,ok,1.9895270876287738,0.05241078579292739,-0.4063425711304543,0.07839674738301239,15.000000000001679,0.21150208299513906,
4562,456,ok,1.4094864565260437,1.215746887475429,-1.171152904887259,0.11502694489587874,15.000000000001679,0.181219666992547,
4563,456,ok,1.0045022150303429,1.1105547610950943,0.4668103115723348,0.11901169341887455,15.000000000001679,0.16796037499443628,
4564,456,ok,1.415430251496131,0.7243935755463079,0.6134093631033583,0.09417032320178587,15.000000000001679,0.18450920798932202,
4565,456,ok,1.7196602517706128,0.46760822913582,-0.7803889043979991,0.08721577892890008,15.000000000001679,0.19938299999921583,
4566,456,ok,0.9441141826134654,1.1204590664878957,0.34316080208635136,0.09279867235593894,15.000000000001679,0.1858506670105271,
4567,456,ok,1.6041621606602876,0.5776697979888032,-0.7418308662633756,0.10134157311294494,15.000000000001679,0.17042049998417497,
4568,456,ok,1.8335935359536635,0.16903580930263076,0.09816000955066156,0.10161377454335549,15.000000000001679,0.18546166698797606,
4569,456,ok,0.8166092160641121,1.2424612409018627,0.30493546895187207,0.11896372921006468,15.000000000001679,0.1879737080016639,
4570,456,ok,0.7485635758684461,1.2804534339114158,0.20639807738223123,0.1188185875376797,15.000000000001679,0.18741275000502355,
4571,457,ok,1.5176147621045584,0.7798734345404458,-0.902466470522616,0.0952489144067114,15.000000000001679,0.19922324997605756,
4572,457,ok,0.6124238518844553,1.404349328355702,0.14234904891389294,0.11255383171773577,15.000000000001679,0.18618533300468698,
4573,457,ok,1.7643527655397762,0.4584048354973883,-0.8581521019318321,0.08903762324828918,15.000000000001679,0.18323808402055874,
4574,457,ok,1.6247534688849044,0.425573006103432,-0.40125238384755535,0.0860979794992159,15.000000000001679,0.19242641699383967,
4575,457,ok,1.5244191258918072,0.7464875771810122,-0.8675023211630115,0.08461368615861944,15.000000000001679,0.24759787501534447,
4576,457,ok,1.7408728430974632,0.36925092866720344,-0.6093403992691325,0.08629530073830136,15.000000000001679,0.21502404098282568,
4577,457,ok,1.2789380863698643,0.861765034183094,0.5831841830495725,0.11729560252063523,15.000000000001679,0.18515866697998717,
4578,457,ok,0.7791400335111972,1.22395351543638,0.06936170136521143,0.11331868808909883,15.000000000001679,0.1858972920163069,
4579,457,ok,1.54702988758727,0.8152408322346631,-0.994810126347871,0.10411116123944794,15.000000000001679,0.19277283400879242,
4580,457,ok,0.8776474417924831,1.1225240393890588,-0.01734850526114114,0.10675006075984787,15.000000000001679,0.1693061249970924,
4581,458,ok,1.1473401921216755,0.8546692199133409,0.06787430031969527,0.10171320668498778,15.000000000001679,0.1753091250138823,
4582,458,ok,0.9274887029795297,1.1069748229772665,0.250482189702513,0.11394759991542812,15.000000000001679,0.1817366250033956,
4583,458,ok,0.7735742042304027,1.441808418299475,-0.5355737181465936,0.11686447514715373,15.000000000001679,0.17426991599495523,
4584,458,ok,1.6262565194411687,0.7593928959815088,-1.0514771897115776,0.10552754958118289,15.000000000001679,0.17505508300382644,
4585,458,ok,1.579108727736142,0.9000958556686469,-1.1330468866270145,0.10065565423024408,15.000000000001679,0.1790115410112776,
4586,458,ok,0.8263309838084147,1.2312666294460304,0.303103777275236,0.11520403819453717,15.000000000001679,0.17273016599938273,
4587,458,ok,0.8238099966036527,1.205015577127605,0.21601545753569407,0.12132811652597526,15.000000000001679,0.17575629201019183,
4588,458,ok,1.76155971346519,0.4626249929186188,-0.859982971752979,0.09493068448882226,15.000000000001679,0.17695312498835847,
4589,458,ok,1.5600939516865306,0.8720828211755003,-1.07782001085593,0.09447878346372654,15.000000000001679,0.1833464169758372,
4590,458,ok,0.7417937412357493,1.274765752349356,0.15586289029507405,0.12144240165685141,15.000000000001679,0.18142245800117962,
4591,459,ok,0.7129981649834106,1.314775478068177,-0.1970627763252501,0.10863912236165449,15.000000000001679,0.1821100410015788,
4592,459,ok,1.7990855094611904,0.3712465962658632,-0.7641145334160935,0.08127429473435932,15.000000000001679,0.17231545801041648,
4593,459,ok,0.6552822103397905,1.354403113072744,-0.11224720387447248,0.1125971965092061,15.000000000001679,0.1772138329979498,
4594,459,ok,1.533418191961623,0.8673311835012856,-1.0336501843323274,0.10564832391769496,15.000000000001679,0.17481112500536256,
4595,459,ok,0.9034826355194128,1.0966496809800548,-0.015462011889376553,0.0930871526355481,15.000000000001679,0.1792858749977313,
4596,459,ok,1.541799541704352,0.5368714237853491,0.4862104444207652,0.10531934548430275,15.000000000001679,0.17150191598921083,
4597,459,ok,1.5283319217108309,0.8122347778688916,-0.9617755663439157,0.10075560875309077,15.000000000001679,0.1765692500048317,
4598,459,ok,1.5056706464058567,0.5224392745308183,-0.2895831452264037,0.09880868583740804,15.000000000001679,0.16849183398880996,
4599,459,ok,0.8802663944026945,1.1315567115077032,-0.14378866362618947,0.11776359420217368,15.000000000001679,0.17860358298639767,
4600,459,ok,1.4855658146899178,0.7272763968028726,-0.7662117329043191,0.0944902717248458,15.000000000001679,0.18637808301718906,
4601,460,ok,0.7239323049949108,1.2981255219318497,0.17734204028319434,0.12021955633573174,15.000000000001679,0.17601616602041759,
4602,460,ok,1.8423678395808338,0.4148651935414433,-0.9389711932084731,0.08874067744596899,15.000000000001679,0.1782578749989625,
4603,460,ok,1.5449046516366813,0.8077756295266774,-0.9825128157424436,0.10701813784469609,15.000000000001679,0.17156725001404993,
4604,460,ok,1.718167984786427,0.4862986978920428,-0.8129019571521072,0.08304673453618668,15.000000000001679,0.1824502079980448,
4605,460,ok,1.3798119603634957,1.12047206306929,-1.0631611609349554,0.1053175532754184,15.000000000001679,0.17221954101114534,
4606,460,ok,1.81255961762478,0.3530497364080296,-0.7569195444024601,0.08488335398588381,15.000000000001679,0.17609258301672526,
4607,460,ok,0.6935559898778253,1.3119746273432655,-0.08741280041259299,0.12128338849364229,15.000000000001679,0.16626583400648087,
4608,460,ok,0.8297371451323426,1.6260482025985648,-0.7406914224105785,0.11398585482365675,15.000000000001679,0.16851966601097956,
4609,460,ok,1.4954214570131563,0.6438833953669675,0.6302643006976728,0.11550789533361586,15.000000000001679,0.1910455000179354,
4610,460,ok,1.6514152183406572,0.5719369455523537,-0.8293419897055616,0.09265364426081663,15.000000000001679,0.18499095900915563,
4611,461,ok,1.8022711315822706,0.48561033455141045,-0.9771413269928497,0.08917239539059071,15.000000000001679,0.19392566601163708,
4612,461,ok,0.6762229859368306,1.3361677364081692,0.12885748920365095,0.11322960423760116,15.000000000001679,0.16954270799760707,
4613,461,ok,1.5165325621899666,0.7904784143314999,-0.914837988927232,0.0849237829100582,15.000000000001679,0.18822675000410527,
4614,461,ok,1.919311468906409,0.08069065392567355,-0.002854601096268239,0.10152431111583696,15.000000000001679,0.17882016600924544,
4615,461,ok,1.1936826881326756,0.9396408766148933,0.5481942077417623,0.1316440750790044,15.000000000001679,0.16653754201252013,
4616,461,ok,0.8408676315456429,1.2154972113317013,0.30267763107445145,0.11039841875672034,15.000000000001679,0.1675123749882914,
4617,461,ok,1.3181905357533772,0.7950909882350705,0.5346218868671916,0.1349632580149402,15.000000000001679,0.16700124999624677,
4618,461,ok,1.818616730402135,0.4326529477645594,-0.9223828001146956,0.09109688252346952,15.000000000001679,0.17639300000155345,
4619,461,ok,0.8992981418293544,1.2139252673471066,0.43683367839763887,0.11641085941281443,15.000000000001679,0.16522212501149625,
4620,461,ok,0.5029273932965252,1.4971778215526579,-0.010286874622888536,0.12124557515550055,15.000000000001679,0.1706942919990979,
4621,462,ok,1.5786755175320024,0.7663997799017771,-0.9851126263674383,0.08802891287267783,15.000000000001679,0.17124154197517782,
4622,462,ok,2.0274660631883297,-0.025089574040688546,0.09813691707041497,0.09142084702207999,15.000000000001679,0.17293845798121765,
4623,462,ok,1.821103547441997,0.3882154373822543,-0.8476842892332898,0.08936997165977473,15.000000000001679,0.1739246670040302,
4624,462,ok,1.332427656158983,0.7793498893589212,0.5342066700156812,0.13201038481854796,15.000000000001679,0.16706087498459965,
4625,462,ok,0.9575141635356347,1.1019803549097993,0.3322560614998861,0.13067717452096694,15.000000000001679,0.1685349170002155,
4626,462,ok,1.637307207401149,0.5995880544857253,-0.8483049417919674,0.10426225626973987,15.000000000001679,0.17039700000896119,
4627,462,ok,1.0320237214600314,0.9732559481293296,0.10425743908427362,0.1182035314690494,15.000000000001679,0.1672213750134688,
4628,462,ok,0.565753942959694,1.5513708834312037,-0.3446874522536931,0.12438401369290428,15.000000000001679,0.1908852499909699,
4629,462,ok,0.9907052699420348,1.0741419547041915,0.35253909265774286,0.1058737609270961,15.000000000001679,0.17383045799215324,
4630,462,ok,1.4382973969365431,1.1657135003688832,-1.1716080567184977,0.10369653468599242,15.000000000001679,0.16947087500011548,
4631,463,ok,1.5475198699373516,0.860986270449005,-1.047599862421359,0.0977006835775388,15.000000000001679,0.17246349999913946,
4632,463,ok,1.5387389681007435,0.8148152200381494,-0.9813534782628126,0.09168196796986194,15.000000000001679,0.17402079101884738,
4633,463,ok,1.5485352733216906,0.7047373282081009,-0.8486790346084873,0.08707287996618539,15.000000000001679,0.17277012497652322,
4634,463,ok,0.4614362173653804,1.5386246623143693,-0.007495363362827833,0.11393503140081451,15.000000000001679,0.1671249170030933,
4635,463,ok,0.8833655718196438,1.1400510297610598,-0.20204579199090636,0.09203913640417943,15.000000000001679,0.16936854098457843,
4636,463,ok,1.4168614268647313,0.9464396545306573,-0.9473684084830366,0.11260589523861522,15.000000000001679,0.16837112500797957,
4637,463,ok,1.647507490685244,0.47927383457135203,-0.6337766654308679,0.09310332786738225,15.000000000001679,0.17501454197918065,
4638,463,ok,1.78972903413535,0.44278471659712193,-0.8821624435236103,0.08775046694201027,15.000000000001679,0.17094308300875127,
4639,463,ok,1.652490790461513,0.6080592739505554,-0.8906328243025072,0.08695260486751627,15.000000000001679,0.18279591700411402,
4640,463,ok,0.7782532701623014,1.3834361877619765,-0.47489706037922724,0.11445311838476246,15.000000000001679,0.17690520800533704,
4641,464,ok,1.598533145309367,0.7658623121826507,-1.0159785352858122,0.09166713587237721,15.000000000001679,0.18229283302207477,
4642,464,ok,1.5546082599585123,0.7438507764360723,-0.9159126432531515,0.10246106629007169,15.000000000001679,0.17149579199030995,
4643,464,ok,0.8249835582483066,1.2030651604450338,0.21329025501306262,0.10623852068911407,15.000000000001679,0.16614849999314174,
4644,464,ok,1.6408005212306693,0.7559643388370862,-1.06986056298276,0.09620490706727812,15.000000000001679,0.16897370800143108,
4645,464,ok,1.8139519835274274,0.36315711513834475,-0.7817718137799944,0.08832398701104491,15.000000000001679,0.17460220897919498,
4646,464,ok,1.4043783283693962,0.5969672421241052,-0.06146193554372323,0.10626855687084676,15.000000000001679,0.16760720798629336,
4647,464,ok,1.5679906877264584,0.8664284953883344,-1.0833330239263164,0.10015124656924602,15.000000000001679,0.16946425000787713,
4648,464,ok,1.4210828558679403,1.0631969631107105,-1.0685862404676498,0.09385590274712208,15.000000000001679,0.1714324999775272,
4649,464,ok,0.543667272270661,1.4586997926427818,0.05067729721733104,0.11418225336952663,15.000000000001679,0.1680324170156382,
4650,464,ok,1.4287926120008203,1.078939665107526,-1.0922894248302006,0.10599619212509123,15.000000000001679,0.16837937501259148,
4651,465,ok,1.717155661144496,0.5449622880159283,-0.9118600886675267,0.09609198103621996,15.000000000001679,0.17203866699128412,
4652,465,ok,1.161271820850644,1.110897797135825,0.7470271178236045,0.12425446451007029,15.000000000001679,0.1681983750022482,
4653,465,ok,1.7051789672409792,0.38865664925137183,-0.5578601225389708,0.09002728698822936,15.000000000001679,0.17592379200505093,
4654,465,ok,1.585894733386348,0.5523428046166748,-0.6475729688903339,0.10767536126189599,15.000000000001679,0.1761801669781562,
4655,465,ok,0.7875282151390556,1.4118734781903783,-0.5237441016223698,0.11966073585448238,15.000000000001679,0.1692579590016976,
4656,465,ok,1.6553327422427189,0.6441036269749308,-0.9495638541763594,0.08142155771890452,15.000000000001679,0.17452129200682975,
4657,465,ok,1.3768049831295543,1.1137163712764264,-1.0536096483171304,0.10763066067290014,15.000000000001679,0.17396675000782125,
4658,465,ok,1.5391054300263982,0.7409668444411245,-0.8852576110603083,0.10032659760978052,15.000000000001679,0.17065841701696627,
4659,465,ok,0.6197433525103948,1.5540820689377444,-0.4303940307880453,0.12731948446806565,15.000000000001679,0.16857954201987013,
4660,465,ok,1.4997149421356055,0.5032614293742871,0.09443812188994376,0.09686505363466244,15.000000000001679,0.16746612498536706,
4661,466,ok,0.7965695509642193,1.2719781920444513,0.32327588320886586,0.12239892806432005,15.000000000001679,0.16672745801042765,
4662,466,ok,1.732048452584742,0.5464575491419781,-0.941916230699341,0.10115877692328679,15.000000000001679,0.17538241599686444,
4663,466,ok,1.1449289939484646,0.8979186257556626,0.31028864904723197,0.11743392883449785,15.000000000001679,0.1906939579930622,
4664,466,ok,1.815477227451031,0.25917988601185865,-0.5152697294889313,0.08379138066018393,15.000000000001679,0.20512279201648198,
4665,466,ok,1.4522824242287002,1.0921942497735668,-1.1335841210864828,0.10450434118025978,15.000000000001679,0.19400495800073259,
4666,466,ok,1.5129029544853032,0.8169480595572639,-0.9430076648177554,0.10073694550822991,15.000000000001679,0.19973175000632182,
4667,466,ok,1.6728538847998273,0.8286002638096986,-1.1942624409832063,0.08988115166789613,15.000000000001679,0.1999476669880096,
4668,466,ok,1.840891096022141,0.34819956284463993,-0.8126717315293801,0.08537308992581959,15.000000000001679,0.20016983299865387,
4669,466,ok,1.703856209066821,0.4374864281458668,-0.6794684090869845,0.10146815097460092,15.000000000001679,0.1990127089957241,
4670,466,ok,0.7717670903067888,1.2398326645359232,-0.13330440268067978,0.12522377660207987,15.000000000001679,0.22425683398614638,
4671,467,ok,1.7015060964386854,0.3360557928959199,0.35554559744537356,0.09707230116469255,15.000000000001679,0.20538133298396133,
4672,467,ok,1.8652020433996634,0.38109237687818515,-0.9263459237781294,0.10171019254857423,15.000000000001679,0.19429099999251775,
4673,467,ok,1.948964418261067,0.055537840644456146,0.13239793987096218,0.10788562299958461,15.000000000001679,0.19608524997602217,
4674,467,ok,0.8681582160768184,1.1954842962274042,0.32627162077779387,0.10476153218883594,15.000000000001679,0.18870445800712332,
4675,467,ok,1.6087629647426394,0.566310183070846,0.7298299703089591,0.13151604398623767,15.000000000001679,0.19917545799398795,
4676,467,ok,1.6369388422623161,0.7826933459434183,-1.094410016080199,0.08710749382097516,15.000000000001679,0.1964119999902323,
4677,467,ok,1.2117671792538907,1.4479909350864482,-1.0787333725115753,0.12353886578270044,15.000000000001679,0.19820745798642747,
4678,467,ok,1.6939516434663926,0.5180407683565258,-0.8205297107047225,0.07976851925568153,15.000000000001679,0.22198933400795795,
4679,467,ok,1.7535155659391788,0.42701879890376476,-0.7749496635194079,0.08313753009741956,15.000000000001679,0.2092798330122605,
4680,467,ok,1.3750622507504837,0.9783324840747575,-0.9203215092249721,0.108128247258393,15.000000000001679,0.18228666600771248,
4681,468,ok,0.9540949556232845,1.5423872115502675,-0.8371903727307533,0.125773516330846,15.000000000001679,0.17382991698104888,
4682,468,ok,1.56186412356687,0.7575670314360734,-0.9464564750218238,0.10652048715888039,15.000000000001679,0.16930662500089966,
4683,468,ok,0.887171705221299,1.1515588084103476,0.2592704745226463,0.10642974027502797,15.000000000001679,0.168356957990909,
4684,468,ok,1.636031804284021,0.6827991665544877,-0.9703514976539566,0.0932594149639124,15.000000000001679,0.1702361249772366,
4685,468,ok,1.45102953114806,0.5846306325207151,-0.3197127677541954,0.08724662535239909,15.000000000001679,0.1764292920124717,
4686,468,ok,1.6389681921361061,0.7450446016225084,-1.0541838942599564,0.08720372679863916,15.000000000001679,0.18319362500915304,
4687,468,ok,0.8212526975212298,1.2985039806161514,0.42703551137406776,0.12036161218701978,15.000000000001679,0.17118237499380484,
4688,468,ok,1.4287493716747286,0.9776955340546304,-0.9981073819830631,0.10617224032518609,15.000000000001679,0.16802150002331473,
4689,468,ok,1.5114074402826858,1.025090215723316,-1.1549473421171417,0.11138065408508817,15.000000000001679,0.16899904201272875,
4690,468,ok,1.8731046578383863,0.4336443657067589,-1.0271567972484417,0.10092232847964944,15.000000000001679,0.17433075001463294,
4691,469,ok,1.4151885336286585,1.061578055167169,-1.0593029968664298,0.09645553238081468,15.000000000001679,0.17196466700988822,
4692,469,ok,0.7755006929789287,1.2254613137782002,0.038615390152203236,0.1151099268222832,15.000000000001679,0.1673986249952577,
4693,469,ok,1.5998340444518917,0.6723577027934079,-0.892656093047765,0.08530162607277293,15.000000000001679,0.17135495800175704,
4694,469,ok,1.4335464607619186,1.1569691193354181,-1.159462974574403,0.09919853109431007,15.000000000001679,0.16774795899982564,
4695,469,ok,1.5825857396449723,0.6244590800331873,-0.7826013038734848,0.1136754747840116,15.000000000001679,0.16713087499374524,
4696,469,ok,1.347819995554293,1.2179468808874758,-1.0977302306588568,0.10095952681497919,15.000000000001679,0.16999570801272057,
4697,469,ok,0.7453129498417429,1.2573452166424546,0.06289090520860369,0.12397895349342093,15.000000000001679,0.1661411249951925,
4698,469,ok,1.0866694272243835,0.9419871522546172,0.2479097780844368,0.12171076677369076,15.000000000001679,0.16818983299890533,
4699,469,ok,1.8993611505537047,0.365134836316095,-0.9668447014932082,0.09398283194101206,15.000000000001679,0.17350070900283754,
4700,469,ok,0.5821559055807335,1.4656885230818368,0.23112062659151625,0.11504549409575134,15.000000000001679,0.16809362499043345,
4701,470,ok,0.6754938988999714,1.3825509954513922,0.27395024043248806,0.1203221797862566,15.000000000001679,0.16735179198440164,
4702,470,ok,1.0795663310992691,1.0254021489094898,0.46435168987836817,0.12331422245760311,15.000000000001679,0.16870295902481303,
4703,470,ok,1.520859079009151,1.0179321804704662,-1.1612730669610272,0.10501537262644375,15.000000000001679,0.16733891700278036,
4704,470,ok,1.4029035629665576,1.112969574228359,-1.0868833565473544,0.1026658880736524,15.000000000001679,0.16845337499398738,
4705,470,ok,1.7469099274762478,0.37570378008653693,-0.6429277445326997,0.07931797694198768,15.000000000001679,0.17638762498972937,
4706,470,ok,0.7466004072305747,1.2867076687035255,0.220513532896511,0.115841609830988,15.000000000001679,0.16821354100829922,
4707,470,ok,1.4423819792565078,0.5910797097558353,0.3088841041915559,0.10215464620137786,15.000000000001679,0.16890216700267047,
4708,470,ok,1.9122015931658218,0.1837113876260487,-0.5980055262843426,0.08796677435129338,15.000000000001679,0.17490058302064426,
4709,470,ok,1.8573188553931557,0.3221875637544373,-0.7966045188038235,0.0994819070747526,15.000000000001679,0.17288879200350493,
4710,470,ok,1.3333785133540272,1.2514132911571527,-1.103411165077656,0.10987264372080988,15.000000000001679,0.16899079200811684,
4711,471,ok,0.8029363979817958,1.5309815812247607,-0.6517120392117633,0.11394709102892632,15.000000000001679,0.16941029200097546,
4712,471,ok,1.5042967636394964,0.772946414256799,-0.870200121127902,0.11290725537697367,15.000000000001679,0.17215129200485535,
4713,471,ok,1.6104574360105421,0.8919022337591564,-1.1686284669019928,0.09724534211804035,15.000000000001679,0.16802387501229532,
4714,471,ok,1.5913382707295554,0.742802639972965,-0.9756086765858458,0.10957139291259584,15.000000000001679,0.16722075000870973,
4715,471,ok,1.665824193961499,0.6050707694285565,-0.9105727246545652,0.09882069809411244,15.000000000001679,0.17244304198538885,
4716,471,ok,1.4018947007738818,0.5981059008720987,-0.0012988026260397896,0.1020656939946021,15.000000000001679,0.16735699999844655,
4717,471,ok,1.2885970752073748,0.7195360890160636,0.14454962781246558,0.12175483514270435,15.000000000001679,0.16727129099308513,
4718,471,ok,1.663977469171857,0.6332059536068755,-0.9490495522657852,0.09041737465316284,15.000000000001679,0.17358987499028444,
4719,471,ok,1.0267578801902129,1.0096327953448068,-0.2709327305368587,0.1040053722009403,15.000000000001679,0.17000045799068175,
4720,471,ok,1.0449978600136802,1.1347757911228202,0.5860098939489242,0.11625329059119277,15.000000000001679,0.16688274999614805,
4721,472,ok,1.3418103363193583,1.207173093173826,-1.082534283275089,0.09443576027131108,15.000000000001679,0.1705969579925295,
4722,472,ok,1.2358965690556196,0.790940741195902,0.2561562767209447,0.11946606282493072,15.000000000001679,0.16746370799955912,
4723,472,ok,1.0073834035093439,0.9928452353232278,-0.02146163215939459,0.1182818640091439,15.000000000001679,0.16732737500569783,
4724,472,ok,0.7982726527903921,1.2624625044508853,0.30541393362476005,0.09989509146810069,15.000000000001679,0.1693700419855304,
4725,472,ok,1.5977505540646169,0.7702705336501913,-1.0200844438598229,0.08866330390311557,15.000000000001679,0.17210558301303536,
4726,472,ok,1.104502739121526,1.0211990580507109,0.5117372536430571,0.11494940078485022,15.000000000001679,0.18667799999821,
4727,472,ok,1.6880031558934274,0.6782779692425008,-1.049955012234545,0.08632543161823297,15.000000000001679,0.1769647919863928,
4728,472,ok,1.8043816311085117,0.3266401944681332,-0.6750259490657864,0.08052068329223157,15.000000000001679,0.19021129101747647,
4729,472,ok,0.98974964691194,1.038958407630677,-0.2366504200261348,0.11541684200105629,15.000000000001679,0.17802691701217555,
4730,472,ok,1.5242632009959418,0.7812530465751971,-0.915442062300043,0.10001648494335126,15.000000000001679,0.16908454199437983,
4731,473,ok,1.7840789201079352,0.5009143186652627,-0.9673053877605885,0.09992806486007083,15.000000000001679,0.17144583401386626,
4732,473,ok,1.4020922953772605,1.1231633876677105,-1.0940842563668984,0.10017407554601704,15.000000000001679,0.1690361670043785,
4733,473,ok,1.961336737808472,0.2484008766282144,-0.8824637726730608,0.08447149701353183,15.000000000001679,0.1720366250083316,
4734,473,ok,1.7386881904082692,0.5416243913981115,-0.9466663655693344,0.08799544461364579,15.000000000001679,0.17031929100630805,
4735,473,ok,0.6244806569830528,1.3928363393892347,-0.146042391721447,0.11154280778998146,15.000000000001679,0.1681027080048807,
4736,473,ok,1.6662734520656308,0.48584546516478144,-0.6955596751513542,0.08206179514222825,15.000000000001679,0.17441762500675395,
4737,473,ok,0.9188767792715876,1.1330434991975376,0.3045011678152907,0.11837835421276377,15.000000000001679,0.16724058301770128,
4738,473,ok,1.751417878313273,0.48816892327303324,-0.8842122934668727,0.08655585757664279,15.000000000001679,0.17301204201066867,
4739,473,ok,0.9992922541186188,1.0042648807236516,0.08424120951877608,0.11230496381194362,15.000000000001679,0.1661297919927165,
4740,473,ok,0.7507610015165277,1.3028338767759269,0.2785704184345785,0.10978074173732048,15.000000000001679,0.16925229199114256,
4741,474,ok,1.4103119576408534,0.591373358855524,0.0689260743319064,0.09854123111424828,15.000000000001679,0.16756637499202043,
4742,474,ok,1.3395339650372795,1.203214811645961,-1.076793669700985,0.11982580483830833,15.000000000001679,0.1677309590158984,
4743,474,ok,1.4503815016794193,0.9535626847139603,-1.0042785697159893,0.10962984693226961,15.000000000001679,0.16782583299209364,
4744,474,ok,1.6228948997466441,0.6885296204661694,-0.9559462846986022,0.08235026507788398,15.000000000001679,0.1706842499843333,
4745,474,ok,1.6142322882025284,0.7569211559514895,-1.029806228255874,0.09198595824308564,15.000000000001679,0.16919708298519254,
4746,474,ok,1.0137941345831758,1.062220394094247,0.38515965269288127,0.12402907671679846,15.000000000001679,0.1674678339913953,
4747,474,ok,1.0231572489422485,1.04871603002741,0.3767088591157084,0.11172625715229056,15.000000000001679,0.16717479200451635,
4748,474,ok,1.3769550710853946,0.9662838867838428,-0.9096352373699388,0.10811682307773918,15.000000000001679,0.17022620898205787,
4749,474,ok,0.9806910189963242,1.075360102039142,0.3267964715828225,0.12052540491401578,15.000000000001679,0.16435770798125304,
4750,474,ok,1.6088666675790742,0.6271958312328657,-0.8389640446780614,0.0860000999508868,15.000000000001679,0.17164950000005774,
4751,475,ok,1.4029321578887293,0.8051978368442556,-0.7353002315766535,0.10120294272664698,15.000000000001679,0.17451654199976474,
4752,475,ok,1.4949190022137255,0.6200329169497313,0.5748683961372499,0.13374323207340855,15.000000000001679,0.16671033299644478,
4753,475,ok,1.174259535556981,0.9296839202429559,0.48302064786094734,0.1251461896529279,15.000000000001679,0.16719549999106675,
4754,475,ok,1.5472961776994556,0.8356123837035742,-1.018983287664166,0.0819367455138557,15.000000000001679,0.1741763330064714,
4755,475,ok,0.8289303360676317,1.173125271226358,0.058341108737431646,0.11928478036785249,15.000000000001679,0.16729591699549928,
4756,475,ok,1.7776560618432224,0.2223879854547027,-0.012513990257466858,0.09880598044736014,15.000000000001679,0.16723254098906182,
4757,475,ok,1.4759128860827275,0.6304832836514909,0.5502206929469701,0.10424845343224376,15.000000000001679,0.1655419580056332,
4758,475,ok,1.7744207736328987,0.22683403142344732,0.0667197855358555,0.09064870629679116,15.000000000001679,0.1707760420104023,
4759,475,ok,1.4965786127150533,0.7696529591221705,-0.8520526410024689,0.08786899741663626,15.000000000001679,0.17208683298667893,
4760,475,ok,1.515047974582906,1.0023398895176976,-1.1401950136885384,0.10125301646792213,15.000000000001679,0.16917020798427984,
4761,476,ok,1.282646701342482,1.3217135825241906,-1.088627620599708,0.10208451340576105,15.000000000001679,0.1709621670015622,
4762,476,ok,1.6086431582460203,0.6736228818763229,-0.9101958861089517,0.09270214299054297,15.000000000001679,0.17070137499831617,
4763,476,ok,1.6245491944247152,0.7737417407948821,-1.0655753219914703,0.0939170194219665,15.000000000001679,0.16970887500792742,
4764,476,ok,1.2336534012069935,0.7673478305232294,0.049692488303501904,0.09984459603780824,15.000000000001679,0.17073962499853224,
4765,476,ok,0.8490336776018742,1.1643356558680706,0.15007761208359985,0.11418845653308458,15.000000000001679,0.1674120420066174,
4766,476,ok,1.5431293247530322,0.973745426195116,-1.1524103707695905,0.09115002679613277,15.000000000001679,0.16947783398791216,
4767,476,ok,1.7307054729757785,0.5682972536968599,-0.9724035584140771,0.08637479467003792,15.000000000001679,0.17211979199782945,
4768,476,ok,0.6502472127877525,1.3503123148714118,0.026969418430829648,0.1150070360443001,15.000000000001679,0.16659483400871977,
4769,476,ok,1.6223817263222624,0.4288715123298728,0.4045710582033567,0.11702198356105598,15.000000000001679,0.1653870409936644,
4770,476,ok,0.8132181929302071,1.2040377776576359,0.16663724048506218,0.1169414017656354,15.000000000001679,0.16995070900884457,
4771,477,ok,1.8672854693427134,0.20662033741678085,-0.5201388370919215,0.08007825030542755,15.000000000001679,0.1744217500090599,
4772,477,ok,1.6591907529185348,0.6477718693290568,-0.9614536063651437,0.09821179590578974,15.000000000001679,0.1718708330008667,
4773,477,ok,1.0594616610165768,1.054414117712599,0.47783506608741205,0.1083619401751699,15.000000000001679,0.1679115000006277,
4774,477,ok,1.5957701715149204,0.8880258927405832,-1.1445505777733813,0.09434441151962542,15.000000000001679,0.16882387499208562,
4775,477,ok,1.7286452573188258,0.5078377993205355,-0.8727350070406752,0.08631204219052725,15.000000000001679,0.17482149999705143,
4776,477,ok,1.5204100933086078,0.7741646948862783,-0.8994301843786643,0.08368888219964837,15.000000000001679,0.17243070801487193,
4777,477,ok,1.8912153284826974,0.10933481998845616,0.045613548204816175,0.10668128024388963,15.000000000001679,0.18453845899784938,
4778,477,ok,0.9683260131097823,1.135918567670584,0.4370566850748668,0.11681891443247826,15.000000000001679,0.1739734589937143,
4779,477,ok,1.5663263292998528,0.4735009432851228,-0.35096837422557203,0.08463283908387843,15.000000000001679,0.17922808401635848,
4780,477,ok,1.9984563679540825,0.0033257654913593088,0.08437923835610915,0.09192166187508434,15.000000000001679,0.17013791698263958,
4781,478,ok,1.619107779090977,0.6933417224526182,-0.9561140863044665,0.09972710664723752,15.000000000001679,0.1707777499977965,
4782,478,ok,1.3790771806627256,1.2762234939619599,-1.1738830604161636,0.10320909332635589,15.000000000001679,0.18378595900139771,
4783,478,ok,1.575469543064194,0.7852990423518039,-1.00329749556722,0.09461895413117037,15.000000000001679,0.16911820901441388,
4784,478,ok,1.538504173770469,0.8091863942992037,-0.9741447783502315,0.08324002943119045,15.000000000001679,0.17037741700187325,
4785,478,ok,1.1260515150729966,0.9411482387624454,0.383177455394129,0.1279712262280754,15.000000000001679,0.1673697080113925,
4786,478,ok,1.286509306455205,0.938216215238797,0.7264443474995368,0.1198920136141937,15.000000000001679,0.17387020902242512,
4787,478,ok,1.0759273611076705,0.9744901145453227,0.325498327514675,0.11927436817340449,15.000000000001679,0.1708470000012312,
4788,478,ok,1.5758536440536348,0.76353714168851,-0.9769720095751465,0.10202004076607792,15.000000000001679,0.16942954101250507,
4789,478,ok,1.320151044211741,0.7278839432023656,-0.3528732315874755,0.08714219528963633,15.000000000001679,0.1729433330183383,
4790,478,ok,1.6466493229280077,0.7708829460753268,-1.0957760995982704,0.08533788037187985,15.000000000001679,0.16993166698375717,
4791,479,ok,1.7663303974510516,0.5065204312959283,-0.943102248339537,0.08893043126393342,15.000000000001679,0.16988612498971634,
4792,479,ok,0.7599583545752733,1.332702218849115,-0.3636624423278579,0.12307031161933688,15.000000000001679,0.1683734169928357,
4793,479,ok,0.9485242969807646,1.0779548851226313,0.22255594373917204,0.11943552956190719,15.000000000001679,0.1662486660061404,
4794,479,ok,1.7186787495681708,0.37080424824407376,-0.5473370503425234,0.0927455394930157,15.000000000001679,0.17104670801199973,
4795,479,ok,1.6587638968641278,0.7209802807234948,-1.0562226201145841,0.0885400653780685,15.000000000001679,0.16783225000835955,
4796,479,ok,1.5006517371116506,0.9299081770123436,-1.0520737267279174,0.08623358866573676,15.000000000001679,0.17106525000417605,
4797,479,ok,1.73050821957259,0.5493282209359416,-0.9435094527536094,0.08274111058739612,15.000000000001679,0.17188883398193866,
4798,479,ok,1.4819623325975584,0.9239576752494594,-1.0189922819057307,0.08463936395516665,15.000000000001679,0.16897674999199808,
4799,479,ok,0.6276029082733636,1.3728317858318926,-0.023354691399610317,0.11781583401094511,15.000000000001679,0.16706629199325107,
4800,479,ok,0.8922097985904565,1.1408566813559866,0.24064721633580988,0.11224124706843135,15.000000000001679,0.16650941598345526,
4801,480,ok,1.555274127124118,0.8800389205907923,-1.079150031789023,0.08824019653838737,15.000000000001679,0.170454167004209,
4802,480,ok,1.3353936869166645,0.8054163022473577,0.5968635422946408,0.12324432900309572,15.000000000001679,0.16729983399272896,
4803,480,ok,1.9832616082260222,0.03010347084646653,0.22985706665693245,0.09748880343977359,15.000000000001679,0.16950608300976455,
4804,480,ok,0.9001461731619327,1.1383847558272928,0.26054232682479517,0.1042013771785433,15.000000000001679,0.1673449170193635,
4805,480,ok,1.3085523762554219,1.1542001409590794,-0.9984647814770785,0.09728963460501154,15.000000000001679,0.17138587500085123,
4806,480,ok,1.243703847734247,0.7904034502333154,0.2892670870692062,0.09747060142318154,15.000000000001679,0.1688348750176374,
4807,480,ok,0.7173712593809535,1.2828920044007268,-0.01943312721638324,0.09395063457708204,15.000000000001679,0.16926912497729063,
4808,480,ok,1.3012867536161214,1.3117759484843459,-1.104397967243766,0.11299810840107813,15.000000000001679,0.16841824998846278,
4809,480,ok,1.353401145182501,0.8415062826152837,0.6997049139183219,0.10745189209501504,15.000000000001679,0.16611129199736752,
4810,480,ok,1.064541788371971,1.006131549954207,0.3814114880201788,0.11010502010345127,15.000000000001679,0.1684707079839427,
4811,481,ok,1.3938008388026097,1.1798673067655794,-1.1269707821123465,0.09311799331075395,15.000000000001679,0.16896787501173094,
4812,481,ok,1.8059914276041316,0.45932677856185233,-0.942300939892882,0.09179025729445074,15.000000000001679,0.17173999999067746,
4813,481,ok,1.3496300787486049,0.743767449173957,0.49333672852125887,0.11071868279795985,15.000000000001679,0.16521199999260716,
4814,481,ok,1.126667752293547,0.9793772253253897,0.4771890357852887,0.12418879547887336,15.000000000001679,0.166638624999905,
4815,481,ok,0.7308834889641223,1.2701249696681693,-0.03838117427173607,0.12936659355190377,15.000000000001679,0.16715941700385883,
4816,481,ok,1.7259676909034605,0.549258028074978,-0.9350466303547227,0.0900628911274877,15.000000000001679,0.17192258301656693,
4817,481,ok,1.748086893672672,0.6249743264457525,-1.0794036246450442,0.09775179157257569,15.000000000001679,0.16958929199608974,
4818,481,ok,1.2764685989979805,0.8289903219447865,0.5080437167497422,0.11664833358044555,15.000000000001679,0.16911479100235738,
4819,481,ok,0.58716923744454,1.4264068464380613,0.125533292747672,0.11401757106566529,15.000000000001679,0.16909391700755805,
4820,481,ok,1.5617532572378054,0.8114818793061765,-1.0131623331309334,0.0899112122261629,15.000000000001679,0.1728134170116391,
4821,482,ok,0.7244624374655922,1.370114448313819,0.3578966541832748,0.11676938423045835,15.000000000001679,0.16715266701066867,
4822,482,ok,1.2677898438557158,0.7329859544203939,-0.04434519689549923,0.10728459811731648,15.000000000001679,0.1742053749912884,
4823,482,ok,1.1293886962731763,0.91184374603527,0.3023818682181039,0.09749519547969861,15.000000000001679,0.18129804098862223,
4824,482,ok,1.643502945155265,0.6232913160721616,-0.8976497815583252,0.08912911313224192,15.000000000001679,0.1766376249724999,
4825,482,ok,0.9375932919346646,1.1589510858684475,0.41438859192672944,0.11907879407949154,15.000000000001679,0.16828058299142867,
4826,482,ok,1.739685029887794,0.4804239014241718,-0.8469902501521253,0.08713906283897369,15.000000000001679,0.17229354198207147,
4827,482,ok,1.500591936418277,0.754924366857725,-0.8375934738277975,0.10335872739360466,15.000000000001679,0.17289458398590796,
4828,482,ok,1.9270432434020608,0.07298054107270582,0.009574281022235509,0.100381187300066,15.000000000001679,0.16891425001085736,
4829,482,ok,1.8190609523727956,0.3813139393771975,-0.8299627615699725,0.08217404957574716,15.000000000001679,0.1733910000184551,
4830,482,ok,1.4966058758754723,1.1437731082007603,-1.2274789845308158,0.10285062818691211,15.000000000001679,0.16751833297894336,
4831,483,ok,0.747310605806229,1.2742925459380832,0.17838675026313985,0.12697771331879032,15.000000000001679,0.16605829197214916,
4832,483,ok,0.9332333076074844,1.0924364909786808,0.21737728381989552,0.09921393312773602,15.000000000001679,0.16862554199178703,
4833,483,ok,1.409542578854177,0.917389863619815,-0.9026436584886426,0.11800678773844979,15.000000000001679,0.16949500000919215,
4834,483,ok,1.7223854115304154,0.6315886541439995,-1.0459741365757413,0.09558790568780544,15.000000000001679,0.17068379098782316,
4835,483,ok,1.4412607512121303,0.6290010106186716,0.4445158311015822,0.10975752121324997,15.000000000001679,0.1660336670174729,
4836,483,ok,1.775477785076032,0.34707865521142434,-0.6482070604681961,0.08280023482447843,15.000000000001679,0.17876262500067241,
4837,483,ok,1.870272313414081,0.36533675281414374,-0.9087324109016094,0.08319513275950424,15.000000000001679,0.1878279589873273,
4838,483,ok,1.682703068980081,0.6426033812514562,-0.9944667102346882,0.1026042382105454,15.000000000001679,0.17348075000336394,
4839,483,ok,1.9073791029668408,0.09694569563409763,0.12837194813899871,0.10566010052730582,15.000000000001679,0.16818333297851495,
4840,483,ok,1.2387187172181255,1.1132941171359154,-0.8649721022557564,0.10878712701175906,15.000000000001679,0.17554720799671486,
4841,484,ok,0.760057638630441,1.2982320008753352,0.2919063025099774,0.12149793100633378,15.000000000001679,0.1714874999888707,
4842,484,ok,1.0921380230101005,0.9431872735844379,0.2755219094564294,0.11023186740051691,15.000000000001679,0.16643262500292622,
4843,484,ok,0.4886180868912594,1.5334587645593032,-0.1452133274556528,0.11937930420812397,15.000000000001679,0.16550299999653362,
4844,484,ok,0.753319510656404,1.247247054745059,0.029211103122198663,0.0932455605573284,15.000000000001679,0.1720189999905415,
4845,484,ok,0.7551170800426182,1.2517428746300328,0.10155333034993476,0.11906709845471851,15.000000000001679,0.1646558329812251,
4846,484,ok,1.639296045877005,0.5992390109144903,-0.8515633725590646,0.08332089270534049,15.000000000001679,0.17092608398525044,
4847,484,ok,0.5796453803510262,1.4238708115784078,-0.06374892321414745,0.11353335890548728,15.000000000001679,0.16744158300571144,
4848,484,ok,1.9331526538823849,0.18246887718101124,-0.6585285117569729,0.09280862200541995,15.000000000001679,0.17009858301025815,
4849,484,ok,1.526762460349633,1.1328819860103134,-1.256626420280684,0.09278816588908621,15.000000000001679,0.1683700829744339,
4850,484,ok,0.7502766910744921,1.3117036333578926,-0.2986021179378381,0.11863146384763758,15.000000000001679,0.1686337910068687,
4851,485,ok,0.9727659618411199,1.0363331784668,0.13273987190282524,0.10697396075291388,15.000000000001679,0.168049209023593,
4852,485,ok,1.6370445757106131,0.61406410801007,-0.8712615256957114,0.09847439111467017,15.000000000001679,0.1711043750110548,
4853,485,ok,1.4620036384307196,0.8864062010423501,-0.947292715958342,0.09364139746888339,15.000000000001679,0.1672812500037253,
4854,485,ok,1.7650665748786138,0.3370400084267422,-0.5916283294268385,0.08076639140009413,15.000000000001679,0.17287912499159575,
4855,485,ok,1.6384148886393468,0.668325847877385,-0.9544879778622662,0.08544719731480171,15.000000000001679,0.17124254201189615,
4856,485,ok,1.7287002687053061,0.4542123776188102,-0.7739155286689279,0.08893661508955271,15.000000000001679,0.17136879099416547,
4857,485,ok,1.5120313129359044,0.9581873039533659,-1.0958398594934933,0.1025433261844652,15.000000000001679,0.17084425000939518,
4858,485,ok,1.2732873159332603,0.7345737307771277,0.1412690556251045,0.09425058248022596,15.000000000001679,0.16741116598132066,
4859,485,ok,1.727998806085755,0.5184481974447896,-0.8893728859028712,0.08193832066793215,15.000000000001679,0.17170741700101644,
4860,485,ok,1.530031125261388,0.8296328495511917,-0.9855130528912166,0.09551546100856023,15.000000000001679,0.1703368330199737,
4861,486,ok,0.6030705149533172,1.420656292312266,-0.16749601299341044,0.12528101694144209,15.000000000001679,0.16799483299837448,
4862,486,ok,1.5522743507686483,0.8454318899434964,-1.0375587401659636,0.08750181023536881,15.000000000001679,0.17352775001199916,
4863,486,ok,1.544103177406101,0.8036399919823265,-0.9762055898690444,0.09152300576473071,15.000000000001679,0.1707082919892855,
4864,486,ok,0.777350182269413,1.31438517778138,-0.36634085416237666,0.12460050084219217,15.000000000001679,0.16878495801938698,
4865,486,ok,0.749005500586222,1.3209199873345248,0.3160056586624278,0.11599484762679703,15.000000000001679,0.169127875007689,
4866,486,ok,1.7384598994672025,0.5450894021231332,-0.9515660640444749,0.0875831177952467,15.000000000001679,0.16813333399477415,
4867,486,ok,1.5451499527077175,0.7457342730710648,-0.9023889752230414,0.10091911872994168,15.000000000001679,0.17108470798120834,
4868,486,ok,1.6277403532148864,0.7505475045901187,-1.0432675204367015,0.08954821390342296,15.000000000001679,0.16861525000422262,
4869,486,ok,0.8226425730123148,1.2013516908827901,0.19723509139233616,0.11699629731711343,15.000000000001679,0.16781520799850114,
4870,486,ok,1.8661850399685156,0.3870786995594957,-0.9386860401580512,0.09486276692745388,15.000000000001679,0.1716779579874128,
4871,487,ok,0.758295013570677,1.313530949117563,0.3221359492306305,0.12048986352297568,15.000000000001679,0.21438862499780953,
4872,487,ok,1.7460150161764039,0.5374823698458384,-0.9537350880625829,0.09772554007397025,15.000000000001679,0.17426199998590164,
4873,487,ok,1.3496184030868303,1.1442647554534289,-1.0436412339455863,0.0953518991058492,15.000000000001679,0.1829417499830015,
4874,487,ok,1.5337444921338372,0.9427278062345682,-1.1111020094668687,0.09580756269160251,15.000000000001679,0.177558625000529,
4875,487,ok,1.549712448736692,0.7144672850569128,-0.8654561297839014,0.09799898511721979,15.000000000001679,0.1986277920077555,
4876,487,ok,1.3752993591817815,0.6800655001792348,0.38629165606925225,0.10641066688763816,15.000000000001679,0.18334612500621006,
4877,487,ok,1.7873719378473385,0.5663108595314817,-1.0673490022981191,0.09221784850186411,15.000000000001679,0.19907912498456426,
4878,487,ok,1.451658724246602,1.015490778312172,-1.0667964398576233,0.09737676580957,15.000000000001679,0.19526020798366517,
4879,487,ok,1.3064954903043882,1.448738017046625,-1.1845001867184388,0.11086199987531224,15.000000000001679,0.19466495799133554,
4880,487,ok,1.4238487597341636,1.0188684202458718,-1.0318556652001696,0.10056000034156123,15.000000000001679,0.19127379098790698,
4881,488,ok,0.8118332590045172,1.1945501984835505,0.10160638593615798,0.11615492656716926,15.000000000001679,0.19991854100953788,
4882,488,ok,1.3179241954630627,0.8393487015032892,0.6243498604827746,0.11918614136049063,15.000000000001679,0.18883858298067935,
4883,488,ok,1.7232221546707043,0.44065369309854574,-0.7334396290770905,0.08424069803552987,15.000000000001679,0.21330875001149252,
4884,488,ok,1.6452725121708551,0.536291807179251,-0.7513188175298239,0.08333926061463723,15.000000000001679,0.19801166601246223,
4885,488,ok,0.8351512442432621,1.2554516558808846,0.3783191298765531,0.11489097963310187,15.000000000001679,0.17517508298624307,
4886,488,ok,0.8839015603973365,1.2160156286874637,0.4082284581095903,0.12462989763401147,15.000000000001679,0.16982500001904555,
4887,488,ok,1.2733460784972161,0.7609937367895344,0.29372387602896105,0.10705500352920813,15.000000000001679,0.16633675000048243,
4888,488,ok,0.8066899470468549,1.1963867381954394,-0.07038747131622436,0.12311728246905834,15.000000000001679,0.16677362500922754,
4889,488,ok,1.7502702670843178,0.3159807305508668,0.47699592027963605,0.13000001462883792,15.000000000001679,0.1880170829826966,
4890,488,ok,1.8571149255982538,0.14397765674287943,0.06369386320639213,0.10039697479629475,15.000000000001679,0.17012316701584496,
4891,489,ok,1.40443354214047,0.6770730910581071,0.4714848543555516,0.132997446153564,15.000000000001679,0.1687073750072159,
4892,489,ok,1.9110299168189184,0.25607704214302834,-0.7815165129645779,0.08357421802178912,15.000000000001679,0.17352562499581836,
4893,489,ok,1.4030017515374977,1.0538831501710355,-1.035990743823034,0.09176421783715273,15.000000000001679,0.17083400001865812,
4894,489,ok,1.6748374514581685,0.6183960970648045,-0.946705415745113,0.08905712845447723,15.000000000001679,0.17183075001230463,
4895,489,ok,0.8455289182397877,1.1765389490323346,0.1919141712301974,0.12649881616020042,15.000000000001679,0.1665211669751443,
4896,489,ok,1.6103539717742252,0.6497843449853086,-0.8775862347155808,0.1010163697705361,15.000000000001679,0.16929570800857618,
4897,489,ok,0.4666394812378039,1.5333650102217689,-0.0020473799248942014,0.1132964418979212,15.000000000001679,0.16732383400085382,
4898,489,ok,0.9099623114078835,1.1768942469346775,0.38797980289384426,0.11402377468046819,15.000000000001679,0.1677579999959562,
4899,489,ok,1.7141067197641835,0.5132501223973659,-0.8530748198073139,0.08644724058579244,15.000000000001679,0.1718481249990873,
4900,489,ok,1.3144057807327298,1.2329242174807868,-1.067359967534924,0.1186358994085753,15.000000000001679,0.16837779100751504,
4901,490,ok,0.931456156020869,1.0685545000813408,-0.00445547645626826,0.10609160797583786,15.000000000001679,0.16957437500241213,
4902,490,ok,1.5475783094697975,0.8782809552358188,-1.0661824461857967,0.09452259170675201,15.000000000001679,0.1711564580036793,
4903,490,ok,1.6798885055839372,0.5332456966594961,-0.818936630530804,0.0889887173366222,15.000000000001679,0.1736458330124151,
4904,490,ok,0.9236162563479384,1.0925067298990674,0.17182244821820114,0.11389027538677585,15.000000000001679,0.16807350001181476,
4905,490,ok,0.7835468475704729,1.2857503910112826,0.3221694560275543,0.09505407766253754,15.000000000001679,0.16807579100714065,
4906,490,ok,1.672235539408798,0.5935669913318772,-0.904609247902411,0.08598242323301634,15.000000000001679,0.1742895839852281,
4907,490,ok,0.6932988118914925,1.3170081451955955,0.11910234607678478,0.10648396691447293,15.000000000001679,0.16790837500593625,
4908,490,ok,1.5614724570923149,0.766401956168536,-0.9573046017402698,0.09354725591212121,15.000000000001679,0.17007699998794124,
4909,490,ok,1.086941062111225,0.9226276759920744,-0.14390881823307203,0.0906627076680004,15.000000000001679,0.1693780829955358,
4910,490,ok,1.8436242650305894,0.15868364727191706,-0.0922199532949943,0.09561200309052938,15.000000000001679,0.1678353339957539,
4911,491,ok,1.1998666810219687,0.8496241152867966,0.3410504011095559,0.11638508766920114,15.000000000001679,0.16783754201605916,
4912,491,ok,1.650873249552581,0.6379363629498918,-0.9328264226071911,0.08574358423444546,15.000000000001679,0.1713847089849878,
4913,491,ok,1.442969468923993,1.0540136964490727,-1.0896195674366551,0.11508939797712157,15.000000000001679,0.16784366700449027,
4914,491,ok,1.0253016720241843,1.124859269440827,0.534202415168581,0.11949200400833034,15.000000000001679,0.16702816702309065,
4915,491,ok,0.6764716972542085,1.4482858972334935,-0.3914402968455577,0.11785798143469879,15.000000000001679,0.16763912499300204,
4916,491,ok,1.1269975774932106,0.9597108342472408,0.43349970160657975,0.11773277425403228,15.000000000001679,0.1672987500205636,
4917,491,ok,0.5580543979982258,1.4433329836655608,-0.039326124274779065,0.11413703241161657,15.000000000001679,0.16868295799940825,
4918,491,ok,1.9143572165853882,0.2822812474474649,-0.8451069990373515,0.10077321214808975,15.000000000001679,0.1705239999864716,
4919,491,ok,0.6323329620746739,1.3735926348263428,0.08636427376136155,0.11953209189237256,15.000000000001679,0.16865166698698886,
4920,491,ok,0.9809915035045699,1.1369920493580665,0.4664349976973925,0.12188819248308921,15.000000000001679,0.16849666598136537,
4921,492,ok,1.7622216795984798,0.4545429249945321,-0.8467512488106708,0.08241051007442682,15.000000000001679,0.17432170797837898,
4922,492,ok,1.6377900294177026,0.36845535832667325,-0.142892486461307,0.08962000413781952,15.000000000001679,0.1760463330138009,
4923,492,ok,1.713129474509013,0.49059175802494176,-0.8102464782331925,0.07997737599556337,15.000000000001679,0.17377958400174975,
4924,492,ok,1.4695615591785693,1.0047298692823141,-1.0812254820880558,0.0992050816080247,15.000000000001679,0.17033583301235922,
4925,492,ok,1.6422789693578128,0.6043508404597309,-0.8655886070585148,0.08415080986317407,15.000000000001679,0.17318837501807138,
4926,492,ok,1.5715764969061126,0.5122584101462949,0.5064362224873512,0.11341510973936518,15.000000000001679,0.16597400000318885,
4927,492,ok,0.6307601137621599,1.375106164457232,0.08582549396246382,0.12378879858117989,15.000000000001679,0.16847975002019666,
4928,492,ok,1.1203337032974825,0.9653458923506307,0.4296958043413261,0.10711643572994732,15.000000000001679,0.16808887501247227,
4929,492,ok,1.6700347574265855,0.45731733063132496,-0.639645427281719,0.09038943933806406,15.000000000001679,0.17332483301288448,
4930,492,ok,1.0410427579511454,1.0535072588622456,-0.4334991520822928,0.0898889947265715,15.000000000001679,0.16972249999525957,
4931,493,ok,0.6581546460735939,1.3718540001415294,0.19646918590471096,0.11633805642234682,15.000000000001679,0.16846912499750033,
4932,493,ok,1.3755737824528185,1.2854166845447992,-1.1754037247876183,0.1006131146998919,15.000000000001679,0.16749412499484606,
4933,493,ok,1.7798093557535042,0.3189078572585695,0.5845088112601295,0.1091547728353948,15.000000000001679,0.1665671250084415,
4934,493,ok,1.71884874278732,0.781364226236904,-1.2121748436122453,0.10684412013354466,15.000000000001679,0.16789833302027546,
4935,493,ok,0.8512606760377316,1.175147820960884,0.2103892138457629,0.11200788194594559,15.000000000001679,0.1682389169873204,
4936,493,ok,1.6332374440514983,0.5910323100074584,-0.8259991508524402,0.08270612557050765,15.000000000001679,0.17385912500321865,
4937,493,ok,1.5757027310551797,0.7631489311693174,-0.9762369231836858,0.08531398960327308,15.000000000001679,0.16953225000179373,
4938,493,ok,1.3654598866275152,1.1585963541233504,-1.0754164805759248,0.102878718528286,15.000000000001679,0.1680983750266023,
4939,493,ok,1.80666506105956,0.4611270836445425,-0.9465245850800669,0.0997239398128308,15.000000000001679,0.17198533299961127,
4940,493,ok,0.7733163397931608,1.2266932458631359,0.0038503762672086753,0.09843111094162035,15.000000000001679,0.18748491699807346,
4941,494,ok,0.9761612294251342,1.145275385498524,0.47152579908006376,0.12136495775826445,15.000000000001679,0.17013858299469575,
4942,494,ok,0.9854191627583274,1.0205880900108222,0.10864270294259792,0.11549274442615744,15.000000000001679,0.16591629100730643,
4943,494,ok,1.3240932479101606,1.055855782467483,-0.9283397145771528,0.09110956986038851,15.000000000001679,0.18321129199466668,
4944,494,ok,1.4865679983958986,0.8728618449638057,-0.969249190516243,0.09243636718805345,15.000000000001679,0.16920316699543037,
4945,494,ok,1.028789465756059,0.9949044633146953,0.2195238642742899,0.09452745439536292,15.000000000001679,0.16856887500034645,
4946,494,ok,1.751219736429927,0.545440834174244,-0.9752067464768606,0.0857150489800423,15.000000000001679,0.17185620902455412,
4947,494,ok,1.8535723136731328,0.1573645299656797,-0.20105931111731554,0.08922585446063927,15.000000000001679,0.17285141700995155,
4948,494,ok,0.6240918912127006,1.3880270899987783,-0.12239218153984333,0.09687859320705368,15.000000000001679,0.16634420800255612,
4949,494,ok,1.2719318380998574,1.3630984925080827,-1.1009845914119802,0.11203898329939749,15.000000000001679,0.16780779097462073,
4950,494,ok,1.4179030292832593,1.2183598354457548,-1.1829994309407996,0.09713163854955917,15.000000000001679,0.16829695898923092,
4951,495,ok,1.5835116653381502,0.7655537993747533,-0.9917922020382568,0.08591725092013035,15.000000000001679,0.17599649998010136,
4952,495,ok,1.1509816314488779,0.8580029828591005,0.14353232658188425,0.09294287414014081,15.000000000001679,0.1744972080050502,
4953,495,ok,1.769422119412638,0.6809910344514951,-1.1794362998777743,0.09157436233167081,15.000000000001679,0.17632608400890604,
4954,495,ok,1.76841348444777,0.3899326982257247,-0.7314161166764157,0.07922174032135619,15.000000000001679,0.18206049999571405,
4955,495,ok,1.495578927633974,1.1255124607802627,-1.2132715576210447,0.10446478415438304,15.000000000001679,0.17365704200346954,
4956,495,ok,1.6292526792571613,0.9484152915485544,-1.2444411974126084,0.09657465243007522,15.000000000001679,0.17516541699296795,
4957,495,ok,0.6869811907589509,1.4338988968751392,-0.3891949350870356,0.11744124999743474,15.000000000001679,0.17440733397961594,
4958,495,ok,0.6567772510145147,1.3553664575900715,0.12571377589671548,0.12589237564520855,15.000000000001679,0.17127749999053776,
4959,495,ok,1.1178772835303188,0.9035682825198624,0.21791537333717578,0.11024310676498844,15.000000000001679,0.17227558401646093,
4960,495,ok,1.6200726648272372,0.6608818487003627,-0.9118102961582893,0.0817582688642923,15.000000000001679,0.17764729200280271,
4961,496,ok,0.5137651335955311,1.4874643479893608,-0.0355220764660915,0.12115846786054896,15.000000000001679,0.1703230419952888,
4962,496,ok,1.293689153906003,1.0189984839387392,-0.8433668551819768,0.11779173284756274,15.000000000001679,0.17596208298346028,
4963,496,ok,1.4140475976433404,1.0344155403006818,-1.0330427191496383,0.09933753063616205,15.000000000001679,0.17412999999942258,
4964,496,ok,1.8484441605503605,0.346759502560867,-0.826765790475111,0.10301317675947846,15.000000000001679,0.17510316701373085,
4965,496,ok,1.578050813880322,0.8868405267986899,-1.1185349160444336,0.09361299721702745,15.000000000001679,0.17435691598802805,
4966,496,ok,1.7408060853877667,0.4735249204124206,-0.8368271376581744,0.08607266323604222,15.000000000001679,0.17678508299286477,
4967,496,ok,0.7368068772770818,1.2632082086115364,0.00471492792982997,0.12221180650979083,15.000000000001679,0.16981479100650176,
4968,496,ok,1.4721532287304515,1.014152545791703,-1.0933160228829142,0.09483050474428055,15.000000000001679,0.17398079199483618,
4969,496,ok,1.6247787029136866,1.06345363139393,-1.327699790198321,0.11394010577690533,15.000000000001679,0.17150975001277402,
4970,496,ok,1.5033128414931207,0.7795842990461397,-0.8778012396114615,0.08991904339214815,15.000000000001679,0.17470520897768438,
4971,497,ok,1.0078732111728035,1.065679240843191,0.3779591628845933,0.10664419349527167,15.000000000001679,0.1759025829960592,
4972,497,ok,1.4432543013175194,1.0503630287271069,-1.0868176484871634,0.10150574173867824,15.000000000001679,0.17468395800096914,
4973,497,ok,1.6574370391946027,0.5822099599141946,-0.8584689517551938,0.0875864269806956,15.000000000001679,0.1747444579959847,
4974,497,ok,1.3868273840218208,1.0994468080464053,-1.0546535647002757,0.0969220909036057,15.000000000001679,0.17174062499543652,
4975,497,ok,0.6629350903033968,1.5602431881199548,-0.49608152592156807,0.10730085531116675,15.000000000001679,0.16898204199969769,
4976,497,ok,1.885078665660272,0.12397948113760518,-0.18457678222025267,0.09418492491426919,15.000000000001679,0.17112883398658596,
4977,497,ok,1.618738565133738,0.7883726235112289,-1.0734400974410128,0.08786996206932124,15.000000000001679,0.17149883302045055,
4978,497,ok,1.005273161889321,1.0590906654750505,0.35392619883073023,0.1186511041935435,15.000000000001679,0.16897162501118146,
4979,497,ok,1.5692118752157203,0.7108850931139895,-0.8947673810339257,0.09220894523108562,15.000000000001679,0.1721676250163,
4980,497,ok,0.5960405284705795,1.4039618337956852,-0.0016780963277792597,0.11792758182747222,15.000000000001679,0.16912079200847074,
4981,498,ok,1.8793366107050944,0.41726879143225165,-1.0133449648378317,0.08864642945185484,15.000000000001679,0.1733352500014007,
4982,498,ok,1.6542611499158013,0.637146850560227,-0.937662649988172,0.08839097539963658,15.000000000001679,0.17298370800563134,
4983,498,ok,1.5562719922405162,0.766379244889674,-0.9487688582543666,0.10496973148483661,15.000000000001679,0.17184541700407863,
4984,498,ok,1.8972685035436403,0.21327007021300817,-0.6381409973838821,0.08191187769171066,15.000000000001679,0.17417420897982083,
4985,498,ok,1.7592004630504086,0.5154694627352235,-0.943904313543023,0.09077387974648508,15.000000000001679,0.17272179198334925,
4986,498,ok,1.4938484419291405,0.8959396540953387,-1.0062971330849553,0.10558331641162955,15.000000000001679,0.16957100000581704,
4987,498,ok,1.5486962894359302,0.7671901368792491,-0.9373580096765664,0.09587416406139254,15.000000000001679,0.17326887501985766,
4988,498,ok,1.6423187107149821,0.6290112577230376,-0.9042127051277007,0.08459780819115034,15.000000000001679,0.19565641600638628,
4989,498,ok,1.8884523517642333,0.315312516319476,-0.8532762549221958,0.08194681197551973,15.000000000001679,0.1731562089989893,
4990,498,ok,1.6643487912971113,0.6107932983950026,-0.9166033162213189,0.08388451100739026,15.000000000001679,0.1724609170050826,
4991,499,ok,1.179023477985028,1.4824142817300987,-1.0593400709323433,0.12351524512062,15.000000000001679,0.16902216701419093,
4992,499,ok,1.714553708150364,0.2856724001342167,0.027844181988096416,0.09775365084532059,15.000000000001679,0.16917041598935612,
4993,499,ok,0.9318834044016002,1.1076592857344831,0.26857909275150865,0.11521691559589463,15.000000000001679,0.17067725001834333,
4994,499,ok,1.8384079113131293,0.16191892612188719,0.03466430772114332,0.10734811922734623,15.000000000001679,0.17008083401015028,
4995,499,ok,1.111120076695725,0.9966037012248515,0.4772668985385923,0.11029437538208214,15.000000000001679,0.16952495800796896,
4996,499,ok,1.6122388774416319,0.7853533586181702,-1.0601640130253875,0.09741764235510514,15.000000000001679,0.17200679099187255,
4997,499,ok,1.3257646976560973,0.7583182308120984,0.46462718131590774,0.1294812438296476,15.000000000001679,0.16924724998534657,
4998,499,ok,0.8604677695813829,1.1504976136974507,0.13693238533902088,0.12040218303107361,15.000000000001679,0.16910425000241958,
4999,499,ok,0.7531602810331584,1.3101409359227203,0.30223315608378526,0.1140207494433167,15.000000000001679,0.16932620899751782,
5000,499,ok,0.7072800332551507,1.3343504103038053,-0.23907251866054094,0.11891819717721815,15.000000000001679,0.17002945800777525,
5001,500,ok,1.825231994809645,0.32472978144329007,-0.7245284878414022,0.09143790154221103,15.000000000001679,0.17673270899103954,
5002,500,ok,0.6923741351696296,1.3732910202231152,0.2943090173931284,0.11272718164327163,15.000000000001679,0.168127083015861,
5003,500,ok,1.2989836994911212,1.0639344859558988,-0.9006331134046717,0.09221265830787138,15.000000000001679,0.1749439999985043,
5004,500,ok,0.8157660567089557,1.2272394835735143,0.26137223175148183,0.10770351803601685,15.000000000001679,0.16862512499210425,
5005,500,ok,0.880636128213384,1.1348857302556823,0.16461254690762644,0.11723015005833021,15.000000000001679,0.16874616598943248,
5006,500,ok,1.8413959154964719,0.2789723329356765,-0.6548302732817278,0.07969631195766565,15.000000000001679,0.1789662500086706,
5007,500,ok,1.5250749432229616,1.0241528238077713,-1.1719965320614958,0.104788578194299,15.000000000001679,0.1719710000033956,
5008,500,ok,1.6364985147613165,0.669852461866459,-0.9533283356815084,0.08843780202993345,15.000000000001679,0.1746287919813767,
5009,500,ok,0.7618361247163989,1.302140251449328,0.3055913157727057,0.11675656605412012,15.000000000001679,0.16888262500287965,
5010,500,ok,0.7594447612726778,1.2603153196284405,0.17211309958320536,0.11636378517090117,15.000000000001679,0.1699312090058811,
5011,501,ok,0.6194241786017388,1.3872363005951258,-0.09059228293895559,0.11608494724727025,15.000000000001679,0.1698569580039475,
5012,501,ok,1.3970478727325502,1.038006920401365,-1.0130706162508507,0.087713749649442,15.000000000001679,0.17273495899280533,
5013,501,ok,1.4065535954346335,1.0110245765423536,-1.000160301465152,0.08975769095560972,15.000000000001679,0.17802008299622685,
5014,501,ok,1.8414969470336162,0.32063378303406154,-0.7555396185824019,0.08947644694846235,15.000000000001679,0.17604508399381302,
5015,501,ok,1.6173525008815168,0.4872756286484888,-0.572270992124249,0.08081083146096792,15.000000000001679,0.17617116597830318,
5016,501,ok,1.1229632269694716,0.9461115995213917,0.38777009743187957,0.10554342905455348,15.000000000001679,0.16989879199536517,
5017,501,ok,1.58982960359403,0.7037506267611813,-0.9204866815125141,0.1017053142031435,15.000000000001679,0.1716909590177238,
5018,501,ok,1.117139490563216,0.9141358299259379,0.2624874197465657,0.10293861628824878,15.000000000001679,0.1693741670169402,
5019,501,ok,1.7107082203563972,0.610027927058811,-0.9972463344823717,0.0879407246888797,15.000000000001679,0.17255849999492057,
5020,501,ok,1.6970912474085826,0.4886218959358261,-0.771916399998214,0.08197491706703561,15.000000000001679,0.17597229199600406,
5021,502,ok,1.6895939036560896,0.6022690844146216,-0.9492501497965031,0.08731056687115477,15.000000000001679,0.17421891700359993,
5022,502,ok,1.5106883064985346,0.940232098625895,-1.076601669424925,0.08751973729841134,15.000000000001679,0.17437862500082701,
5023,502,ok,1.6077466726773666,0.6530937158158758,-0.8778911237337227,0.09788331883514725,15.000000000001679,0.17356383299920708,
5024,502,ok,1.5721438284952136,0.4333601315962772,-0.13143721011781265,0.09354160271659917,15.000000000001679,0.17303279100451618,
5025,502,ok,1.5168303389686992,0.8628063708711732,-1.0037753369577813,0.09125089318314039,15.000000000001679,0.1723352909903042,
5026,502,ok,1.6125355825273284,0.5838302230778678,-0.7711900983862986,0.09062990823450914,15.000000000001679,0.17774170899065211,
5027,502,ok,1.3421228127040448,1.2608166509900878,-1.1202239155307776,0.10628738185642506,15.000000000001679,0.17232820799108595,
5028,502,ok,1.5119990007668813,0.8402409547568302,-0.9701030539570001,0.08267450354067508,15.000000000001679,0.17339375001029111,
5029,502,ok,1.5182829823417785,0.976945292622237,-1.1218477081051796,0.10916623809566438,15.000000000001679,0.17176249998738058,
5030,502,ok,0.9490551921992133,1.0869006054454553,0.2587571322773725,0.11567343306595347,15.000000000001679,0.16889970799093135,
5031,503,ok,1.5529181570396187,0.8299407161163956,-1.0210367645981768,0.08782957071756493,15.000000000001679,0.17370449998998083,
5032,503,ok,1.1466403468864474,0.9132942189802034,0.3658614910126868,0.1291568887851938,15.000000000001679,0.16830675001256168,
5033,503,ok,1.8201880772796566,0.19116227932082794,0.20295501205732874,0.09600994446524148,15.000000000001679,0.1708695830020588,
5034,503,ok,1.048811369376903,0.9606635404563783,-0.1406592065866428,0.11596193100944178,15.000000000001679,0.16990012500900775,
5035,503,ok,1.4950337928901192,1.061105875934459,-1.1634448270883395,0.08863723416142043,15.000000000001679,0.1717521249956917,
5036,503,ok,1.719261390044118,0.5482170983297907,-0.9209702132612436,0.0902343315860619,15.000000000001679,0.1715818329830654,
5037,503,ok,1.781907035637504,0.5512830516771877,-1.0375027167659245,0.08548999886438863,15.000000000001679,0.1727757080225274,
5038,503,ok,1.8224130969692818,0.3266777144103804,-0.7219293764311712,0.09138687551978006,15.000000000001679,0.1766204169834964,
5039,503,ok,0.6282953340250392,1.381172935918004,0.1086650427565965,0.13168665226133214,15.000000000001679,0.1692417089943774,
5040,503,ok,1.7524178661773493,0.5166679717859791,-0.9331101069927674,0.09020412276180333,15.000000000001679,0.17413991602370515,
5041,504,ok,1.315133032146517,0.7862154792002578,0.5062628065637762,0.11939146761514896,15.000000000001679,0.17083120901952498,
5042,504,ok,1.597757340238475,0.7247734088096267,-0.9626139721648065,0.09938875543278664,15.000000000001679,0.17443370801629499,
5043,504,ok,0.809429191311624,1.2018867121726509,0.13487325732260105,0.11133597935300116,15.000000000001679,0.17271341700688936,
5044,504,ok,1.0270302700997846,1.004092216151783,0.250916045265681,0.10090337879982411,15.000000000001679,0.16979775001527742,
5045,504,ok,1.4088987462958709,1.0450142357238525,-1.0358561035896727,0.1106176190711765,15.000000000001679,0.1725009169895202,
5046,504,ok,1.8215331076588506,0.18960604345699392,-0.20113822215051513,0.1038651279185088,15.000000000001679,0.18110183399403468,
5047,504,ok,0.793936801067898,1.220413174150373,0.1502665134074468,0.1340691431650282,15.000000000001679,0.16518000001087785,
5048,504,ok,1.5598078650102114,0.7156731181124585,-0.885158198407911,0.0965109123647018,15.000000000001679,0.1770160419982858,
5049,504,ok,1.2014492459510473,1.4510557136340578,-1.0687097178666087,0.12002335366102579,15.000000000001679,0.17063416598830372,
5050,504,ok,0.6966634398680764,1.3623650347459486,0.2806449706199732,0.11407933531195334,15.000000000001679,0.17165583299356513,
5051,505,ok,1.5248203702041219,0.8190074746236167,-0.9645381363090565,0.08755601746461569,15.000000000001679,0.17333054199116305,
5052,505,ok,1.4443164360924678,0.6905489730930802,0.6094160940599292,0.0994387154191446,15.000000000001679,0.16643595800269395,
5053,505,ok,1.48618050455531,0.89196345046761,-0.9904481293942815,0.10232544119813025,15.000000000001679,0.16947550000622869,
5054,505,ok,0.7092793026052172,1.2914177989505413,-0.031438725483831316,0.09752637638011968,15.000000000001679,0.1713922500202898,
5055,505,ok,0.6654189807858493,1.3654712363439976,0.20038879230950904,0.12165089679348917,15.000000000001679,0.16826891698292457,
5056,505,ok,0.5172212263137239,1.5127127168207084,0.17340386558902668,0.10738300622000777,15.000000000001679,0.17042970898910426,
5057,505,ok,0.73595644948058,1.2751787376600476,0.12753835968828897,0.1198794950364812,15.000000000001679,0.17021295899758115,
5058,505,ok,1.7053231653902972,0.8319380146140481,-1.2424807027527678,0.10019122960415378,15.000000000001679,0.17105533299036324,
5059,505,ok,1.5783559508951033,0.9474121889628354,-1.1761234662151656,0.10880907046074138,15.000000000001679,0.1717862089863047,
5060,505,ok,1.5474132974808188,0.724924731808307,-0.8767388286521496,0.08315730589509264,15.000000000001679,0.17318770801648498,
5061,506,ok,0.9736218556290536,1.066471174141214,0.27652025070377406,0.11640267865292392,15.000000000001679,0.17136995799955912,
5062,506,ok,1.6882880690419892,0.4644107378981553,-0.7016282649573353,0.0856461923774193,15.000000000001679,0.17826141600380652,
5063,506,ok,0.7556543033179293,1.3063794425603465,0.29983987129801376,0.11834988630461629,15.000000000001679,0.16877329198177904,
5064,506,ok,1.503864171025101,1.087002298239955,-1.1950073813470319,0.10394828110435063,15.000000000001679,0.1704641249962151,
5065,506,ok,1.6438308298506377,0.48900050606219325,0.6473486900327582,0.12371334491851146,15.000000000001679,0.16910958400694653,
5066,506,ok,1.7174623663578643,0.47721232050242834,-0.7942258262144062,0.11830784208269507,15.000000000001679,0.16992929199477658,
5067,506,ok,0.6650789643233401,1.351231450944161,0.1463878360431226,0.11936331824374144,15.000000000001679,0.16897229201276787,
5068,506,ok,1.6197130366327877,0.5682027632117331,-0.7572496244724654,0.09316317446955678,15.000000000001679,0.17449741601012647,
5069,506,ok,0.6812174595781244,1.3763283405032876,0.2740271672201323,0.11044807807252902,15.000000000001679,0.168161167006474,
5070,506,ok,1.6252975713875,0.685314060478339,-0.955611362417878,0.10920199132723063,15.000000000001679,0.1718663329957053,
5071,507,ok,1.0928395925214527,0.9435096964738852,0.2795113835566502,0.10948774737820703,15.000000000001679,0.169573292019777,
5072,507,ok,0.481365847347384,1.5196036485773268,-0.03053562726142174,0.1112233659563714,15.000000000001679,0.16930574999423698,
5073,507,ok,0.9170320121065945,1.1525560194559434,0.35040891978931393,0.12015023997691232,15.000000000001679,0.16768208300345577,
5074,507,ok,0.8232471070288737,1.1891683442379186,0.14243533706749723,0.11262139066335464,15.000000000001679,0.16955012499238364,
5075,507,ok,1.0626353207900148,1.5522047763598843,-0.9636769493329165,0.116082004205181,15.000000000001679,0.17122433299664408,
5076,507,ok,1.7704851310907113,0.5247285793960088,-0.9788727368572355,0.08806201418743158,15.000000000001679,0.17181379199610092,
5077,507,ok,1.6107835555745846,0.6761377777151254,-0.9176123796660846,0.08528114982660177,15.000000000001679,0.174350624991348,
5078,507,ok,1.2877625353620448,1.3854308101273702,-1.1316523575468667,0.12287969547258097,15.000000000001679,0.17024587499327026,
5079,507,ok,1.6115332516692569,0.7708613981967883,-1.0422368822839339,0.08689649319385638,15.000000000001679,0.17220825000549667,
5080,507,ok,1.5077104969615278,0.8831926341026666,-1.0128831374474732,0.10186935903542117,15.000000000001679,0.17595766700105742,
5081,508,ok,0.7165415359586371,1.2933846317474003,0.11885492881326212,0.12045943894093909,15.000000000001679,0.16967858298448846,
5082,508,ok,1.4253874285585084,1.1473389677750636,-1.1422339889960125,0.10117167451657962,15.000000000001679,0.17170054200687446,
5083,508,ok,1.9560496730151617,0.050816004314974184,0.16374392895029252,0.09379898371939745,15.000000000001679,0.1722662090032827,
5084,508,ok,0.7098845703478984,1.292684697556754,0.06034207609653415,0.1303321058868538,15.000000000001679,0.16931437500170432,
5085,508,ok,1.6749094250988277,0.5055949205330603,-0.7563564244113323,0.08936651725831467,15.000000000001679,0.17525587501586415,
5086,508,ok,1.1695641626488822,0.8986621323724089,0.39361812951398883,0.12263717977371802,15.000000000001679,0.16903775001992472,
5087,508,ok,1.3687335095944753,1.3218501291905358,-1.18892563813214,0.10180277507339602,15.000000000001679,0.17127454100409523,
5088,508,ok,0.7563411491771029,1.3423179964113876,-0.3735054431922098,0.11538544023140877,15.000000000001679,0.17122083299909718,
5089,508,ok,1.8471022919891817,0.40461960004617964,-0.9308857376256644,0.08418923214042497,15.000000000001679,0.1757907499850262,
5090,508,ok,0.9337236564834233,1.1738315637057128,0.43506962839047514,0.11488405751181101,15.000000000001679,0.1685782079875935,
5091,509,ok,1.5045578000362065,0.8215389446196681,-0.9353735695440961,0.08995486611634383,15.000000000001679,0.17309699999168515,
5092,509,ok,1.7434336759634264,0.40262664750290866,-0.6985408758373046,0.08151236544694737,15.000000000001679,0.17778691701823846,
5093,509,ok,1.473405476804834,0.9517797474277366,-1.0354506271067783,0.10333356700074896,15.000000000001679,0.17069937498308718,
5094,509,ok,1.7181882196026583,0.5438497967129228,-0.9120292448427061,0.09108227615553971,15.000000000001679,0.1738075420144014,
5095,509,ok,0.7037423404219287,1.3307770192249186,0.21770136358105086,0.12222240963030145,15.000000000001679,0.16962225001771003,
5096,509,ok,1.7541323896733674,0.5554233295574645,-0.9950772250003296,0.08556513702590537,15.000000000001679,0.17530654100119136,
5097,509,ok,1.3049977763072118,1.1588373733311121,-0.9977297387881474,0.10524137793084443,15.000000000001679,0.16932449999148957,
5098,509,ok,1.112015196253168,1.3724716111040425,-0.9180337236875428,0.11899881255791894,15.000000000001679,0.16965404199436307,
5099,509,ok,1.7293795286254834,0.49318221637042375,-0.8486776307683326,0.08360042035717614,15.000000000001679,0.19382166702416725,
5100,509,ok,0.9993764897469704,1.0027078301377412,-0.06451120980421886,0.1042655877167433,15.000000000001679,0.17058466700837016,
5101,510,ok,1.696172585992519,0.49648029310608593,-0.7851305193750829,0.08213756261755938,15.000000000001679,0.17581779201282188,
5102,510,ok,1.8121750002708166,0.43235932549377276,-0.9091099753276253,0.08987720907438994,15.000000000001679,0.1761660829943139,
5103,510,ok,0.49758270835559976,1.523431280609166,-0.14307622916709287,0.11936028119167982,15.000000000001679,0.16910220801946707,
5104,510,ok,1.856591333231173,0.14688286749621618,0.11352652487440079,0.09885318388171088,15.000000000001679,0.16985399997793138,
5105,510,ok,0.680323758497428,1.3246196292521566,0.08186434623553887,0.12709647642050012,15.000000000001679,0.1694739579979796,
5106,510,ok,1.8366164424114937,0.25474913325846915,-0.5720658779145867,0.07987608522554218,15.000000000001679,0.18297500000335276,
5107,510,ok,1.6814887753920296,0.42584925685358954,0.5911462929097927,0.09837935752103505,15.000000000001679,0.1700447500043083,
5108,510,ok,0.8646583817326882,1.198440729652303,0.32424813526103535,0.11135896715409072,15.000000000001679,0.16896195901790634,
5109,510,ok,1.4653946599558896,0.8285975082448693,-0.8804531286429212,0.10468874123945235,15.000000000001679,0.17213470899150707,
5110,510,ok,0.956189980954406,1.1795291666640113,0.49104673028392676,0.11753635999758683,15.000000000001679,0.16841920898878016,
5111,511,ok,1.4813304296459366,0.5197505660343014,0.056581401884756105,0.10113774192064523,15.000000000001679,0.16950629200437106,
5112,511,ok,1.5266737808832367,0.47430025647958945,0.054526377635695955,0.10746667750517906,15.000000000001679,0.17256466698017903,
5113,511,ok,1.9317580345712486,0.2936440876499014,-0.9055598293422892,0.08408234727754671,15.000000000001679,0.17834524999489076,
5114,511,ok,1.231448490869079,0.8222722285791877,0.35975364082646766,0.11181947888516862,15.000000000001679,0.1670374579844065,
5115,511,ok,0.9223745647675237,1.0869610670570773,0.13089975042194663,0.11036863703389797,15.000000000001679,0.1825077079993207,
5116,511,ok,0.8058132552464207,1.2441034422028985,0.27920493591862994,0.09523156085290231,15.000000000001679,0.17217733300640248,
5117,511,ok,0.8883161186823911,1.1442361894240556,0.2382725901556596,0.10005859998113316,15.000000000001679,0.17084412497933954,
5118,511,ok,1.8499564010810767,0.4191747386822461,-0.9609007123946285,0.10117203363780565,15.000000000001679,0.17661504200077616,
5119,511,ok,1.7184371036161352,0.47613350066375315,-0.794265051028499,0.08048127299230957,15.000000000001679,0.17742849999922328,
5120,511,ok,1.4731178210172136,0.9113957919010449,-0.9924802228295284,0.09880151320646686,15.000000000001679,0.17476650001481175,
5121,512,ok,1.6267967101335463,0.730157182787789,-1.0168415587867585,0.0997904890707481,15.000000000001679,0.17954433299019001,
5122,512,ok,1.5100474297329458,1.0092503822373022,-1.1395869580449507,0.09244784271914379,15.000000000001679,0.18190379202133045,
5123,512,ok,1.3894962357055174,1.0075535621920815,-0.9724967131678007,0.11063891609367571,15.000000000001679,0.20134475000668317,
5124,512,ok,1.6425644940340356,0.5829510757810262,-0.8306566459320822,0.08302905458479663,15.000000000001679,0.18052541601355188,
5125,512,ok,1.4249112352069593,1.0879608941126873,-1.0947861423818324,0.10389296552023808,15.000000000001679,0.1677246670005843,
5126,512,ok,1.5324200238521033,0.9197552443832127,-1.0869141628782415,0.11295338097342866,15.000000000001679,0.17971979200956412,
5127,512,ok,1.332658433187252,0.8737195704766002,-0.7123699134703033,0.10259373030522129,15.000000000001679,0.1831803749955725,
5128,512,ok,1.4220113898718054,0.991490939795607,-1.002509784695788,0.09837218201259047,15.000000000001679,0.17897287500090897,
5129,512,ok,1.7544345750336399,0.25005901172237677,0.12548791025195824,0.1065259866136162,15.000000000001679,0.17750525000155903,
5130,512,ok,1.5300373749078278,0.7779741535181969,-0.9206884376081135,0.08508960620133083,15.000000000001679,0.1713481250044424,
5131,513,ok,1.5805680147274905,0.8938663231828745,-1.129009981439769,0.09169463351482852,15.000000000001679,0.17966304198489524,
5132,513,ok,1.2868451419793792,0.8496085258337238,0.5766887163812645,0.11986647008030848,15.000000000001679,0.16624066699296236,
5133,513,ok,0.9586026009009347,1.0540545582575238,0.1552616105180815,0.09283699450277662,15.000000000001679,0.16819370799930766,
5134,513,ok,1.77098565510981,0.4730077596727487,-0.8970423003320882,0.10207155259402409,15.000000000001679,0.18244983299518935,
5135,513,ok,1.8816787908098889,0.2707717926465057,-0.7419466818288127,0.09475391336278621,15.000000000001679,0.183435584011022,
5136,513,ok,1.0448596896251172,0.972549300898729,0.18993902158273238,0.09439370870453354,15.000000000001679,0.16845375002594665,
5137,513,ok,1.1655430271550022,0.8874340142509062,0.34740102979667925,0.12548956648165496,15.000000000001679,0.17821275000460446,
5138,513,ok,1.7373292787878705,0.3659575159003811,-0.5901001466625214,0.08456023162396606,15.000000000001679,0.1946186670102179,
5139,513,ok,0.7230587765654337,1.2947639042959518,-0.15954950230073536,0.11342290043866571,15.000000000001679,0.170469457982108,
5140,513,ok,1.3819691508707412,1.2653332836206703,-1.1705142245196387,0.11515192741863241,15.000000000001679,0.1706622920173686,
5141,514,ok,1.8070402925020175,0.35761414521432666,-0.7536334140188518,0.09647343846073346,15.000000000001679,0.17780541701358743,
5142,514,ok,1.6882969642887447,0.44173094598834134,-0.6497262461500236,0.08235983261717084,15.000000000001679,0.1778789579984732,
5143,514,ok,1.4538082542926032,0.9238400118329451,-0.9774651503340622,0.10367536755081047,15.000000000001679,0.17593433399451897,
5144,514,ok,1.2963998441485902,1.182124948192236,-1.005849370203579,0.11106015370087505,15.000000000001679,0.18212320801103488,
5145,514,ok,0.850299655443321,1.2291646512178522,0.358918332096502,0.12138036039620008,15.000000000001679,0.17297445799340494,
5146,514,ok,1.5409790381508357,0.8707294864200429,-1.0485058431783463,0.0924240712045384,15.000000000001679,0.17592066701035947,
5147,514,ok,1.352165060648836,1.1005146169179398,-1.0095921933440204,0.10664841591218081,15.000000000001679,0.18000095899333246,
5148,514,ok,1.571039719463116,0.7224397502477112,-0.914333422982894,0.08808661351821838,15.000000000001679,0.18049345799954608,
5149,514,ok,1.6232929726397511,0.6389940308110753,-0.8847275438538781,0.08356092854644734,15.000000000001679,0.17813508299877867,
5150,514,ok,0.7004512612786464,1.3180028821054022,0.15972445213651124,0.12012103024772083,15.000000000001679,0.16745541701675393,
5151,515,ok,1.5605776777182616,0.8777376512630434,-1.0844030195457461,0.09103753963283995,15.000000000001679,0.1795860830170568,
5152,515,ok,1.3162022035183154,0.6870348035338741,0.0922530943390904,0.10134168284185693,15.000000000001679,0.17141470799106173,
5153,515,ok,1.3398614021788686,0.9835572663434968,-0.8729677807603321,0.1099415143238868,15.000000000001679,0.17810983399976976,
5154,515,ok,1.073339637411725,1.0045451057974462,0.40140693921171233,0.11741423299289368,15.000000000001679,0.16617016700911336,
5155,515,ok,1.6245060451490596,0.6585120348397239,-0.9162040875569045,0.08528128089070314,15.000000000001679,0.18235020799329504,
5156,515,ok,1.3040604606539823,1.2186366610881543,-1.0440522102105856,0.09766591345727507,15.000000000001679,0.1694182910141535,
5157,515,ok,1.7985521718262776,0.3713751490269094,-0.763132367007126,0.08816607139313792,15.000000000001679,0.17253766700741835,
5158,515,ok,0.8398100859527889,1.1666634569493874,0.10407298633403957,0.09497896667729272,15.000000000001679,0.16718604197376408,
5159,515,ok,1.2866448068927112,1.2838515373252568,-1.0689182562350519,0.11721152727195681,15.000000000001679,0.17400370797258802,
5160,515,ok,0.5010601334120421,1.6034184842095507,-0.30624232011308145,0.11036868149651173,15.000000000001679,0.18063462499412708,
5161,516,ok,0.8754676124914148,1.1533281389816619,-0.22268879693680557,0.10463741509096537,15.000000000001679,0.17694837498129345,
5162,516,ok,1.6303874268034229,0.6305147450425873,-0.8846882490080431,0.08389117678609634,15.000000000001679,0.1796007500088308,
5163,516,ok,0.6951758106878728,1.333890665689683,0.19891647118880681,0.11799188456004088,15.000000000001679,0.17469045898178592,
5164,516,ok,1.7974187271161643,0.4616737374825125,-0.9296592873934358,0.0831021290978454,15.000000000001679,0.19681316599599086,
5165,516,ok,1.9096703512648563,0.21369614623429498,-0.6752476527332991,0.08498793388374937,15.000000000001679,0.2026783330074977,
5166,516,ok,0.7975936050318349,1.2576559315012723,0.29168620596873407,0.12529367798659088,15.000000000001679,0.17765141700510867,
5167,516,ok,1.7116221476311488,0.2961606061752208,-0.16303894109161318,0.09279985987676434,15.000000000001679,0.16854687497834675,
5168,516,ok,1.6821996901863547,0.4472599684247204,-0.6471431000997131,0.08127699411788135,15.000000000001679,0.17312337501789443,
5169,516,ok,1.526173703570059,0.6565952733291158,-0.7242029507169088,0.08943095049239724,15.000000000001679,0.17269974999362603,
5170,516,ok,1.7720054199964457,0.36883552797426533,-0.6923190548423369,0.07929087672640245,15.000000000001679,0.17670450001605786,
5171,517,ok,1.4051427509381753,0.7843872484885995,-0.7047778294448438,0.10720818190849922,15.000000000001679,0.17146983300335705,
5172,517,ok,1.832774049303379,0.36620424430167287,-0.8305252220505026,0.08241032119602779,15.000000000001679,0.17341666700667702,
5173,517,ok,1.1172191911242817,0.92443857526461,0.30223557473860085,0.09308134889440872,15.000000000001679,0.1693555829988327,
5174,517,ok,1.384927020388225,1.1603571497958585,-1.1013731138458358,0.11463688637345583,15.000000000001679,0.16971337498398498,
5175,517,ok,1.5925615746684147,0.6296980009816059,-0.811495410089628,0.08278027349991887,15.000000000001679,0.17282708300626837,
5176,517,ok,1.543203018276675,0.8554434680907542,-1.0351163706956428,0.09494935537489038,15.000000000001679,0.17051741597242653,
5177,517,ok,1.6377606044384019,0.47128562501115545,-0.5876156542782927,0.08999289674246722,15.000000000001679,0.17056187501293607,
5178,517,ok,1.1745981339618596,0.9825229059187738,0.5868740404266538,0.10357128345941051,15.000000000001679,0.168322250014171,
5179,517,ok,1.6368412879425696,0.42510835176131456,-0.4460557120153565,0.09251600254914381,15.000000000001679,0.17641720798565075,
5180,517,ok,1.4669853436525784,0.5355485166706075,-0.08618498399266272,0.09650132285322782,15.000000000001679,0.17008870901190676,
5181,518,ok,1.1091791675165477,1.046590115660981,0.5668227395732812,0.12107735529080679,15.000000000001679,0.173606166994432,
5182,518,ok,1.6836617566840766,0.524138906854689,-0.8102783130878165,0.08400323840582163,15.000000000001679,0.17316941698663868,
5183,518,ok,1.6103817708433896,0.6675330700169007,-0.904356858970012,0.09592118313955424,15.000000000001679,0.17154287500306964,
5184,518,ok,1.671803004904518,0.6908898491901969,-1.0397864685859837,0.0894687656753872,15.000000000001679,0.1694255839975085,
5185,518,ok,1.5566039033894545,0.8129996639193514,-1.0069984678199435,0.10218312409986247,15.000000000001679,0.17096391698578373,
5186,518,ok,1.7857763583153294,0.4681774545921641,-0.9178871887646208,0.08915144646979103,15.000000000001679,0.17218191697611474,
5187,518,ok,0.8484773686374073,1.229853194040981,0.35607266443940877,0.13746777073789979,15.000000000001679,0.16722441601450555,
5188,518,ok,0.8441239067479072,1.2848237690112783,0.44840620933715425,0.12012448068961053,15.000000000001679,0.1661644999985583,
5189,518,ok,0.5952836533632564,1.4202942841105872,-0.13529194701329797,0.11217872397097571,15.000000000001679,0.16610079200472683,
5190,518,ok,1.389053945863387,0.9231102749161236,-0.8773707224015503,0.10947782156170041,15.000000000001679,0.17102058400632814,
5191,519,ok,1.3659373646456527,0.9480546039437091,-0.871318407845883,0.11183059910299771,15.000000000001679,0.1716322079882957,
5192,519,ok,0.787762720713026,1.261891856342496,-0.2752571023818681,0.09635079205916446,15.000000000001679,0.17109166699810885,
5193,519,ok,0.5798304966298152,1.4453453206658642,0.16900175003450446,0.11640334786677795,15.000000000001679,0.16783187500550412,
5194,519,ok,0.7485731749860356,1.3402484399642747,-0.35368019076434104,0.11174537006839831,15.000000000001679,0.16948045798926614,
5195,519,ok,1.8682226640355606,0.37019134890759475,-0.9132248809797517,0.0880004950652405,15.000000000001679,0.17305683399899863,
5196,519,ok,1.764344809201588,0.5260231381090373,-0.9696931557800432,0.08277909715819222,15.000000000001679,0.1713392919918988,
5197,519,ok,1.7493730324367336,0.4809265578807043,-0.8675954610673844,0.08685593156976523,15.000000000001679,0.17390549997799098,
5198,519,ok,1.2925661895718021,1.0272740303303225,-0.8511941860435571,0.0976938364274475,15.000000000001679,0.17146487499121577,
5199,519,ok,0.6563455619195364,1.3876974668328241,0.23637915417509112,0.11001670837616463,15.000000000001679,0.16589558401028626,
5200,519,ok,1.5154333633195574,1.0582723610069777,-1.187302544686338,0.09324589484178514,15.000000000001679,0.16941562498686835,
5201,520,ok,1.4611386092052112,0.9942168344494141,-1.059870869118112,0.11005704429941535,15.000000000001679,0.16974633300560527,
5202,520,ok,0.6414690400121132,1.551296782285424,-0.45841896961911155,0.12310609298405535,15.000000000001679,0.16979908401845023,
5203,520,ok,1.4855782669283764,1.002487017925985,-1.1008681291434157,0.1034565784603873,15.000000000001679,0.17140375002054498,
5204,520,ok,1.0877728038138423,0.9152658585169857,-0.08124970780338768,0.10380429571666612,15.000000000001679,0.17170866701053455,
5205,520,ok,1.8602025140779,0.15404716074507396,0.22980754693529176,0.10178924716895572,15.000000000001679,0.16765583300730214,
5206,520,ok,1.7617008406785095,0.44249146481243007,-0.8232599922656496,0.08629971486537666,15.000000000001679,0.1727226250222884,
5207,520,ok,1.5338443922782312,0.5729441824703131,-0.5623080235760947,0.09889212746083804,15.000000000001679,0.17252033401746303,
5208,520,ok,1.7870467007219093,0.4026006264875435,-0.8011561346348617,0.08088084030968944,15.000000000001679,0.1753672920167446,
5209,520,ok,1.4655624825135025,1.094009250697099,-1.1519783645228363,0.0960377079466028,15.000000000001679,0.17056304099969566,
5210,520,ok,1.5064462108831713,0.976628103630988,-1.1054818623597387,0.09187624922640289,15.000000000001679,0.17148645900306292,
5211,521,ok,1.4649799705906645,0.9433584736188392,-1.0147290273559315,0.09333224202555883,15.000000000001679,0.170784709014697,
5212,521,ok,0.8909244758101715,1.1620864104970594,0.3027329485271241,0.11486859848176809,15.000000000001679,0.18433116699452512,
5213,521,ok,1.469895057179422,0.9990942649907542,-1.0764660648372049,0.10005701158605172,15.000000000001679,0.16972066697780974,
5214,521,ok,0.5423391334295784,1.4695809439914242,-0.11308121272836358,0.11338051807509693,15.000000000001679,0.1672312089940533,
5215,521,ok,1.3990688096338553,1.172735446157111,-1.1282849338910002,0.1011867616133623,15.000000000001679,0.16852945898426697,
5216,521,ok,1.3796129853039265,0.8815411262090767,-0.8077015147054951,0.09865821886221376,15.000000000001679,0.1727844169945456,
5217,521,ok,1.3116176247221374,0.7737557549632956,0.4654737855090277,0.11119512035600669,15.000000000001679,0.16672783298417926,
5218,521,ok,0.6756073351511344,1.340182354892055,-0.14521000831286804,0.12432245636643756,15.000000000001679,0.16883199999574572,
5219,521,ok,1.5799707685836928,0.6530175378041204,-0.8258001429617646,0.09855376683402411,15.000000000001679,0.17907450001803227,
5220,521,ok,1.9041418222964723,0.18660255905843542,-0.5808147730603237,0.09045068646332487,15.000000000001679,0.17873479198897257,
5221,522,ok,1.5014777019090682,0.6219066876649175,0.5960655264544807,0.11314195107445041,15.000000000001679,0.16778558300575241,
5222,522,ok,1.4965520883021886,0.9558964311282964,-1.072154788484859,0.10373720800679283,15.000000000001679,0.17239733299356885,
5223,522,ok,1.566474859530733,0.8391440864659833,-1.051787542023071,0.09407773061847229,15.000000000001679,0.172452291008085,
5224,522,ok,1.6648812758123235,0.6376757110816353,-0.9570277918501333,0.08353235340703409,15.000000000001679,0.17440283301402815,
5225,522,ok,1.5016933271223085,0.8065341622168578,-0.9114395990784312,0.09339620182994146,15.000000000001679,0.17411325001739897,
5226,522,ok,0.7792686213214074,1.3763315818430932,-0.46722295359905924,0.11613717648025963,15.000000000001679,0.1716902920161374,
5227,522,ok,1.1867054048065135,0.9097363383026595,0.4686095024423834,0.1198340596790322,15.000000000001679,0.16837925001163967,
5228,522,ok,1.4789833317934582,0.8983934354620506,-0.9868407534601393,0.10491459651605659,15.000000000001679,0.1797728750098031,
5229,522,ok,1.814435837650515,0.3188849503700762,-0.6826636059277692,0.07963180565922957,15.000000000001679,0.17803191699204035,
5230,522,ok,1.622659991474399,0.6883608930271276,-0.9553158121747503,0.09409248771249852,15.000000000001679,0.1732152079930529,
5231,523,ok,0.9772785725927682,1.227552476320305,0.5986637049379773,0.11803527705414452,15.000000000001679,0.16742920901742764,
5232,523,ok,1.8377210459131363,0.16620168797040955,0.12000997204189649,0.09661721269605973,15.000000000001679,0.17263387501589023,
5233,523,ok,1.6057522872194132,0.6442432233122507,-0.8604440541811083,0.08327152633364511,15.000000000001679,0.17344345801393501,
5234,523,ok,1.596758197050984,0.7634158970074676,-1.010196266116473,0.0957652553829151,15.000000000001679,0.17221704201074317,
5235,523,ok,1.2071445467821795,0.8276821556501773,0.28786946459278856,0.11140648920003408,15.000000000001679,0.16886220901506022,
5236,523,ok,1.0284890248758847,1.0136300084532828,-0.2913141158033319,0.0889086588361576,15.000000000001679,0.1750397910072934,
5237,523,ok,1.7756300817973292,0.45103886715694297,-0.868090776546522,0.097993386334606,15.000000000001679,0.1727252499840688,
5238,523,ok,0.5468419862276345,1.4590575092573623,0.08010854892291897,0.11841561442705673,15.000000000001679,0.16974904199014418,
5239,523,ok,1.0894183763421916,0.9315917182658924,0.21292285512370165,0.09389822961536738,15.000000000001679,0.1697511249803938,
5240,523,ok,0.6499524387395109,1.3976506458388902,0.24415861271954278,0.11672874935044694,15.000000000001679,0.16750041602062993,
5241,524,ok,0.9713872091156068,1.0637227222480867,0.2588010224069337,0.11189799989911978,15.000000000001679,0.1695718749833759,
5242,524,ok,1.5965268836627147,0.7982284653713555,-1.0510201086630513,0.08507719987754304,15.000000000001679,0.1723431250138674,
5243,524,ok,1.6951878901987296,0.561437015809108,-0.8967711656784105,0.08734407838330796,15.000000000001679,0.17392724999808706,
5244,524,ok,1.4808001751142252,0.8354528156215729,-0.9146578671692482,0.09453081128159026,15.000000000001679,0.17365208399132825,
5245,524,ok,0.5464397112425052,1.454379803173589,0.02991586264678033,0.11271542086042272,15.000000000001679,0.168420874979347,
5246,524,ok,2.0041891816503523,0.016331726911786453,0.2860672266924894,0.10522322075717108,15.000000000001679,0.17034608300309628,
5247,524,ok,1.5251838885940376,0.8364813979405714,-0.9861086941552148,0.09764004615859954,15.000000000001679,0.17124833300476894,
5248,524,ok,1.6613282002208927,0.4602210315386362,-0.6237724882785779,0.08372143619198948,15.000000000001679,0.17705691698938608,
5249,524,ok,1.6951555026008067,0.5277325520456057,-0.8402266002047588,0.08190735543455269,15.000000000001679,0.1747640420217067,
5250,524,ok,1.4787255235103487,0.899056335700067,-0.9871941156220451,0.10780296517177472,15.000000000001679,0.17069062500377186,
5251,525,ok,1.6531358015836404,0.7010847662114142,-1.022583587737222,0.085466099864845,15.000000000001679,0.1704208749870304,
5252,525,ok,1.7624517410171623,0.3494350803847852,-0.6179575920320471,0.09828237690391681,15.000000000001679,0.1767012079944834,
5253,525,ok,1.7183039489607046,0.5622629793879675,-0.9409998515279312,0.0817934407590056,15.000000000001679,0.1714049580041319,
5254,525,ok,1.4260525309041692,1.2990368637902052,-1.2418842549018467,0.09981587771167921,15.000000000001679,0.16926004199194722,
5255,525,ok,1.8215674798729187,0.3258720976136145,-0.7179163253346009,0.09002445918639752,15.000000000001679,0.1755892499932088,
5256,525,ok,0.6446798178256906,1.3754910646412735,0.16000205363955664,0.11883245445643661,15.000000000001679,0.17101462499704212,
5257,525,ok,1.7351316952880282,0.285211851479226,-0.26492188600756106,0.0894522244742168,15.000000000001679,0.1710319999838248,
5258,525,ok,1.7918278381228008,0.4435251956909485,-0.8877123323593795,0.08719573928254779,15.000000000001679,0.1722837499983143,
5259,525,ok,0.7504583632717833,1.5767547262208959,-0.619718640374981,0.12670766481457474,15.000000000001679,0.16868958401028067,
5260,525,ok,1.3421682757708844,1.2307460172359268,-1.0998472577987362,0.11589652413949655,15.000000000001679,0.17073008298757486,
5261,526,ok,1.5547866377886645,0.9732641544048127,-1.1675508521756628,0.09762308945354625,15.000000000001679,0.1694588329992257,
5262,526,ok,0.9120422977333278,1.479287315430388,-0.7487853183543305,0.10798431426597607,15.000000000001679,0.1683195829973556,
5263,526,ok,1.6870561090182752,0.5134264897108887,-0.7976575164082588,0.08593275792343116,15.000000000001679,0.17337237499305047,
5264,526,ok,0.9150770015123914,1.194957160458782,0.43505395665402474,0.09525530005131196,15.000000000001679,0.16909095799201168,
5265,526,ok,1.2217048605664094,1.4638455655318359,-1.0977710092417785,0.11642204063343818,15.000000000001679,0.16959845801466145,
5266,526,ok,0.8302531799619713,1.1835227181056762,0.15061603828086328,0.12095934053453275,15.000000000001679,0.1687420420057606,
5267,526,ok,1.7786184500183724,0.4922781506246465,-0.9435350632922561,0.07947998664553213,15.000000000001679,0.17524120799498633,
5268,526,ok,0.6773382888712803,1.3227071780779072,0.007847989798807607,0.11533662610356801,15.000000000001679,0.1693724160140846,
5269,526,ok,0.8850579609829924,1.151784953533213,0.2527030455825937,0.1131155349367511,15.000000000001679,0.16936120900209062,
5270,526,ok,1.8333563197002678,0.16925016329557832,0.09772630347887025,0.09817659648885274,15.000000000001679,0.17059858402353711,
5271,527,ok,1.6048699145389598,0.5191447993532791,0.6186075632497943,0.10665458550718644,15.000000000001679,0.16560875001596287,
5272,527,ok,1.7613666392192004,0.5719737817174505,-1.0310933796955453,0.09114930856779434,15.000000000001679,0.18438254101783969,
5273,527,ok,1.6422937800791026,0.5080333599917132,0.6864141644727991,0.1157630848523784,15.000000000001679,0.16661266700248234,
5274,527,ok,1.915424113633579,0.09792055623797226,0.2257062797241521,0.10983266517350712,15.000000000001679,0.16896162499324419,
5275,527,ok,1.7208138931905201,0.5302146565776279,-0.8949477634243769,0.10037541465522162,15.000000000001679,0.16999562497949228,
5276,527,ok,0.8716339861594254,1.183833508979691,0.305970692654975,0.11496584536660275,15.000000000001679,0.16717933397740126,
5277,527,ok,1.532840515734916,0.8191700059485003,-0.9773640937883991,0.09012423366994349,15.000000000001679,0.17274258300312795,
5278,527,ok,1.2148230325967644,0.8911615792902638,0.4962583573961624,0.1213860734533252,15.000000000001679,0.16847691699513234,
5279,527,ok,0.7826989302072416,1.2955233512185182,0.3410722308678518,0.12428244968583332,15.000000000001679,0.16597029200056568,
5280,527,ok,1.2836560354238766,1.1333664115359892,-0.9469525017793323,0.10045440751665966,15.000000000001679,0.17393854199326597,
5281,528,ok,1.7774864347250976,0.42557448381475105,-0.825010496670528,0.08090509587836969,15.000000000001679,0.17262987498543225,
5282,528,ok,1.1396025426324141,1.005040954142305,0.5556531762171512,0.11767508183809358,15.000000000001679,0.16571862500859424,
5283,528,ok,1.821314047999088,0.4403573902671989,-0.9405848134775942,0.08575814481361961,15.000000000001679,0.17362233297899365,
5284,528,ok,1.0457035854686703,1.5651338621801671,-0.9509928658195573,0.12259595989777268,15.000000000001679,0.16757508300361224,
5285,528,ok,1.6653135650046083,0.6396110554493755,-0.9605265167254863,0.0829880478187066,15.000000000001679,0.1714151670166757,
5286,528,ok,0.5795232656030468,1.4209042384377923,0.022255658065001276,0.11751262633801232,15.000000000001679,0.1685592920111958,
5287,528,ok,1.5277729928015256,0.6437647402267842,0.7033606739657886,0.12238743774959228,15.000000000001679,0.1648656660108827,
5288,528,ok,1.8668574684745611,0.29006139426582184,-0.7491773970289693,0.09475767930549593,15.000000000001679,0.17524645797675475,
5289,528,ok,0.9117167647292062,1.166431174613481,0.36931080735882815,0.12245540693550223,15.000000000001679,0.16508604097180068,
5290,528,ok,1.5059243718650348,0.8507570442573467,-0.9731643450378714,0.11268816638635172,15.000000000001679,0.16852433298481628,
5291,529,ok,1.6548126446858458,0.6164840336824335,-0.9079033318346912,0.08724487542530815,15.000000000001679,0.17031266598496586,
5292,529,ok,1.8049364910721428,0.4202612343524403,-0.8730527871292457,0.08307292512900422,15.000000000001679,0.1725246660062112,
5293,529,ok,1.7002346448725947,0.5226531710566128,-0.8415724535867107,0.08540913651999739,15.000000000001679,0.17009787500137463,
5294,529,ok,1.7628010790272077,0.5341667616233362,-0.9791836199046997,0.09031809244342959,15.000000000001679,0.16849754200666212,
5295,529,ok,0.6554563106455961,1.3546360344323498,0.1145789121607153,0.0913430238045349,15.000000000001679,0.16828537499532104,
5296,529,ok,1.0310401277526295,0.9876993211270044,0.19568106855143386,0.11432674286208365,15.000000000001679,0.16586670800461434,
5297,529,ok,1.537764313020069,0.8637862747222562,-1.0362130345100646,0.08624453986931907,15.000000000001679,0.17005124999559484,
5298,529,ok,1.7885698218769999,0.37061166438351206,-0.7376148449469097,0.08721085705096349,15.000000000001679,0.17231308299233206,
5299,529,ok,1.8456435142232026,0.17355623607271414,0.2655243092549193,0.09254842637367801,15.000000000001679,0.1694926670170389,
5300,529,ok,1.9250524012744819,0.07527339037434902,0.03541505120137012,0.10123562872064472,15.000000000001679,0.1653234999976121,
5301,530,ok,1.60590349628064,0.6833720213471203,-0.9194654997305858,0.0971079047733351,15.000000000001679,0.17092629201943055,
5302,530,ok,1.7253223763342727,0.46956562872984037,-0.796560065227132,0.08041256035174592,15.000000000001679,0.1729974169866182,
5303,530,ok,0.7374433607240461,1.5240446975431174,-0.5632843512287139,0.10891218444268398,15.000000000001679,0.16683004100923426,
5304,530,ok,0.8737474180422903,1.1753728045421212,0.28883306432408706,0.12121161113720061,15.000000000001679,0.16488433300401084,
5305,530,ok,1.6410409431783544,0.6648117808097475,-0.9540900358578666,0.09825349315116495,15.000000000001679,0.17013808400952257,
5306,530,ok,0.9102308674755077,1.090054736639014,0.022800214738491354,0.10960587804285332,15.000000000001679,0.16682137502357364,
5307,530,ok,1.663618975256263,0.5942432671175908,-0.8896494269027958,0.08778352698646555,15.000000000001679,0.16887933399993926,
5308,530,ok,0.9329362818053389,1.0750279968574328,0.12164250618594356,0.1120472928692785,15.000000000001679,0.16864116699434817,
5309,530,ok,1.5407954290346777,0.7726141851580697,-0.9314368554330277,0.09055053653889948,15.000000000001679,0.1678422910044901,
5310,530,ok,1.511680900328971,0.8799090739522536,-1.0151726266034315,0.09865759657578801,15.000000000001679,0.16762612498132512,
5311,531,ok,1.3172739479909272,0.8676675257776858,0.6730778720751236,0.11468124632883103,15.000000000001679,0.17733766601304524,
5312,531,ok,0.8808491986336788,1.312846454566335,0.5511037250205612,0.11234897276013517,15.000000000001679,0.17625741599476896,
5313,531,ok,1.769194902250466,0.5144853389983135,-0.9608833405247904,0.1032826716273778,15.000000000001679,0.1704577079799492,
5314,531,ok,1.1643545709839975,0.8779655966567769,0.31106328083775253,0.10234500743598476,15.000000000001679,0.16633962499327026,
5315,531,ok,1.8655690335494972,0.3128881084158766,-0.7962419759182796,0.09296612068023083,15.000000000001679,0.168407416989794,
5316,531,ok,1.5704117532762847,0.7341820948258299,-0.9294611911041635,0.09664725256491435,15.000000000001679,0.16965395800070837,
5317,531,ok,1.6899325528733475,0.5738030171667212,-0.9065507153040482,0.08402792328762973,15.000000000001679,0.17037795900250785,
5318,531,ok,1.7168071973771568,0.552095110911823,-0.9224957371828671,0.08613184434292058,15.000000000001679,0.17026574999908917,
5319,531,ok,0.7173385773863692,1.285023692098374,-0.05816797870013365,0.11471617842844062,15.000000000001679,0.16679783299332485,
5320,531,ok,1.6702268027034435,0.6396956095447784,-0.9691385544787778,0.09079672641289023,15.000000000001679,0.16934379099984653,
5321,532,ok,0.5312385598886924,1.4795061483899326,-0.10630408246501563,0.11527181397448497,15.000000000001679,0.1654215829912573,
5322,532,ok,1.7811160604329002,0.33738090021297207,-0.6388052518220144,0.09048691824206219,15.000000000001679,0.16965504200197756,
5323,532,ok,1.8260585055556766,0.1760134970712199,0.08696495182469031,0.09945135517738678,15.000000000001679,0.1685302080004476,
5324,532,ok,1.717595400625293,0.59873683200073,-0.9932751352257894,0.09555108321572447,15.000000000001679,0.1693283339845948,
5325,532,ok,0.8528076253891477,1.2953359344083621,0.4803430030569206,0.11609563824500907,15.000000000001679,0.177678374981042,
5326,532,ok,2.005229844589289,0.1423037490874513,-0.7549247439162692,0.0902837948330675,15.000000000001679,0.172118499991484,
5327,532,ok,0.6831906337213387,1.3168673693682014,0.00890230142395004,0.1047733552790779,15.000000000001679,0.1655932499852497,
5328,532,ok,1.7343183798730262,0.5402845309275588,-0.9365313620568299,0.08920969000572025,15.000000000001679,0.17239845800213516,
5329,532,ok,1.4542437422814718,0.9315410366508481,-0.9865192880038767,0.10535615391712114,15.000000000001679,0.16974379197927192,
5330,532,ok,1.3145589182028214,1.2431590189261637,-1.074828767196787,0.11299574210982084,15.000000000001679,0.16776783400564454,
5331,533,ok,0.4754079651216786,1.534493965964776,-0.09652391194896798,0.11189534798266891,15.000000000001679,0.1656917920045089,
5332,533,ok,0.8544382105572934,1.2129282505237873,0.3325397973728911,0.11518794513921256,15.000000000001679,0.16607133398065343,
5333,533,ok,1.6742358595994107,0.5997196387019551,-0.91775847766806,0.09282989147971736,15.000000000001679,0.17127358299330808,
5334,533,ok,1.6061943752374694,0.4776961297224599,-0.5123000074004552,0.08082573960339859,15.000000000001679,0.1750197079963982,
5335,533,ok,1.4766131927643942,0.9465629500907531,-1.0347255205726593,0.1017402819669793,15.000000000001679,0.1671437920012977,
5336,533,ok,1.5540209577094526,0.7818586214699567,-0.9649418215173022,0.09618586498039065,15.000000000001679,0.16925795798306353,
5337,533,ok,0.8939207330661615,1.1457161681555392,0.26323641779717427,0.11898653387982774,15.000000000001679,0.16378029200132005,
5338,533,ok,1.638997951446635,0.7150700342084433,-1.0174818267945502,0.08530131167623545,15.000000000001679,0.16741883399663493,
5339,533,ok,1.6852121630123171,0.5163590563218458,-0.7992181082823695,0.08342635296551051,15.000000000001679,0.17182362501625903,
5340,533,ok,0.6030105544155084,1.4568052667279474,-0.26184195706953173,0.11420450567173794,15.000000000001679,0.16738624998833984,
5341,534,ok,1.5589012849953658,0.7570889782610063,-0.940927950695447,0.09882723433823612,15.000000000001679,0.16994391600019298,
5342,534,ok,1.8026777083843817,0.5212013446738799,-1.0309226243087424,0.0866036679191353,15.000000000001679,0.1725209590222221,
5343,534,ok,0.6983441011275409,1.3675216748323595,0.29606697176951263,0.12052380636076547,15.000000000001679,0.16516400000546128,
5344,534,ok,1.525548214683776,0.8158874837087964,-0.9618601270909249,0.10966266092206808,15.000000000001679,0.1645795420045033,
5345,534,ok,1.7765577981220773,0.33650233524027723,-0.623645034781255,0.09150423726017508,15.000000000001679,0.17283525000675581,
5346,534,ok,1.5232595631194854,0.9717503797219675,-1.1238427003068747,0.08992127885905225,15.000000000001679,0.1679226669948548,
5347,534,ok,1.7390829343079557,0.505534153381441,-0.8893712867480281,0.0970288472941176,15.000000000001679,0.16899320899392478,
5348,534,ok,1.8638735012374712,0.13795571982010144,0.08255620669914944,0.09907123930522178,15.000000000001679,0.166602209006669,
5349,534,ok,1.4348382828788362,1.1377383627396738,-1.1468503681491446,0.09974910453689947,15.000000000001679,0.16433320901705883,
5350,534,ok,1.5294340541357048,0.9354683834338787,-1.0981534333967629,0.0986166954489833,15.000000000001679,0.16643408298841678,
5351,535,ok,1.3769614017854266,1.2064506299878124,-1.1253008928105173,0.09825426068609831,15.000000000001679,0.16946745800669305,
5352,535,ok,0.5418521939809248,1.4612221481838634,-0.05763875878548108,0.10507746741594792,15.000000000001679,0.16716037498554215,
5353,535,ok,2.0459197839756884,-0.03261909080527037,0.2329106999626344,0.09879896499553475,15.000000000001679,0.1666549590008799,
5354,535,ok,0.8551089003632374,1.1904314978653283,-0.2753362886214769,0.09188993174549824,15.000000000001679,0.16848420799942687,
5355,535,ok,1.841860381356791,0.32803386098323134,-0.7726440929646351,0.07934004437144813,15.000000000001679,0.17399666699930094,
5356,535,ok,1.3738758189330267,0.6283694810591596,-0.07851423666428572,0.09654546406982117,15.000000000001679,0.16741404199274257,
5357,535,ok,1.129557509937719,0.9588978288670601,-0.43818539172247567,0.11029777307213547,15.000000000001679,0.16790108400164172,
5358,535,ok,0.7798065853776294,1.220289770377266,-0.0122584020158167,0.11323993702246449,15.000000000001679,0.16789079099544324,
5359,535,ok,0.8901887775471395,1.1496191398363271,0.2632269977380026,0.1176619189970004,15.000000000001679,0.16689933300949633,
5360,535,ok,1.5176528471340436,0.7622900619569435,-0.8782620757402213,0.08517165911662809,15.000000000001679,0.17134791598073207,
5361,536,ok,1.2078831030730985,1.3082983698115687,-0.9902173728450557,0.1083478303309657,15.000000000001679,0.16874845800339244,
5362,536,ok,1.7495654749031642,0.3710988033708212,0.6384827660893937,0.10146726523041594,15.000000000001679,0.16557479201583192,
5363,536,ok,0.8021347551102394,1.2308891618645512,0.22779087782075733,0.12031536975429055,15.000000000001679,0.16510087499045767,
5364,536,ok,0.8110333256166167,1.2799992310701316,0.37332820413296824,0.1114712615553413,15.000000000001679,0.1644856670172885,
5365,536,ok,0.8092970381683722,1.213674043118101,-0.19145021682376262,0.11832165066561491,15.000000000001679,0.16593029201612808,
5366,536,ok,0.9333022677218904,1.096623279860141,0.2344432222184596,0.09617054689255056,15.000000000001679,0.17181545798666775,
5367,536,ok,1.6659727954950543,0.649638008105739,-0.9756986451650789,0.08489531535593862,15.000000000001679,0.17164812501869164,
5368,536,ok,1.6963812438991546,0.5357187971192128,-0.856498618529439,0.09237347508451611,15.000000000001679,0.1702613749948796,
5369,536,ok,1.5889229614909102,0.6026692800235338,0.7564013726607687,0.12505766532489831,15.000000000001679,0.16675270898849703,
5370,536,ok,1.6554689741181736,0.357733349925934,-0.20865707350191628,0.10108030644000915,15.000000000001679,0.16720279201399535,
5371,537,ok,1.5643384192851768,0.8569070580001946,-1.067938769781243,0.08287559905404608,15.000000000001679,0.1724260420014616,
5372,537,ok,1.8981656562531741,0.10271532430472806,0.05782489041001191,0.09753361365007572,15.000000000001679,0.16838058299617842,
5373,537,ok,0.8863526009171303,1.1946791751407868,0.3702422209859893,0.10713393152455243,15.000000000001679,0.16837225001654588,
5374,537,ok,0.6019791653378626,1.4124367278259085,0.1309515814831731,0.12712804874760208,15.000000000001679,0.16764962501474656,
5375,537,ok,0.9413675390842977,1.1219838799018398,0.33950042192816166,0.12144397745399137,15.000000000001679,0.16486933300620876,
5376,537,ok,0.9531324735878114,1.6434186209933968,-0.8839181140543332,0.12170719139514692,15.000000000001679,0.16733450000174344,
5377,537,ok,1.2891043757639276,1.0557164136184047,-0.8775640148183023,0.10239031825144855,15.000000000001679,0.1669751669978723,
5378,537,ok,1.6503499704799327,0.4537798082550412,-0.5769385961289969,0.08722782799158989,15.000000000001679,0.1729031249997206,
5379,537,ok,1.4087287777430917,1.0572126445141776,-1.0467419794665707,0.09863278080723525,15.000000000001679,0.16842000000178814,
5380,537,ok,0.7959472041189967,1.3005396683184764,-0.3798515448814455,0.11565833123847538,15.000000000001679,0.1672153330000583,
5381,538,ok,0.9743562373222568,1.1262266482450416,0.43114986602304756,0.1100082520926972,15.000000000001679,0.16743716702330858,
5382,538,ok,1.5004309749247298,0.5802497504348401,0.48538885377936014,0.10456451243944163,15.000000000001679,0.16571050000493415,
5383,538,ok,1.4606693818805305,0.9716395099718433,-1.0373185362810695,0.11261450835448411,15.000000000001679,0.1684463749988936,
5384,538,ok,1.4238822666905806,1.1389675759928943,-1.1340475625847242,0.09852050283868344,15.000000000001679,0.16711991699412465,
5385,538,ok,1.789471074271125,0.35488130913177596,-0.7041244340378162,0.07872990521150655,15.000000000001679,0.17341570800635964,
5386,538,ok,1.5986936877433187,0.5492126543183776,0.6715933180432961,0.1029819645902505,15.000000000001679,0.16320695899776183,
5387,538,ok,1.5867009855445682,0.915831937177181,-1.1585333957565143,0.09495400430631112,15.000000000001679,0.18454120800015517,
5388,538,ok,0.7909569943653528,1.3874064967887318,-0.50034204976078,0.12084357724920948,15.000000000001679,0.16904695800621994,
5389,538,ok,0.674519911213211,1.4159496315391626,0.3374348495989086,0.11756928379151482,15.000000000001679,0.16447745799086988,
5390,538,ok,1.5323757704830634,0.900383690969417,-1.0672485534670542,0.08773322424003765,15.000000000001679,0.16856537500279956,
5391,539,ok,1.672633125047558,0.5065809322432407,-0.7532602863996564,0.08037185493679441,15.000000000001679,0.1741580419766251,
5392,539,ok,1.7878252804554708,0.36517691477318037,-0.7236523429417923,0.08443292993194412,15.000000000001679,0.173055374994874,
5393,539,ok,0.8391249755581257,1.188779907172903,0.21459889468266438,0.11173161897217873,15.000000000001679,0.1665437500050757,
5394,539,ok,1.8667980305404688,0.14684442790867405,0.22527608052485953,0.0926258867016677,15.000000000001679,0.17098366701975465,
5395,539,ok,1.6090076414363896,0.7754447977157927,-1.043728962307446,0.09039150632001304,15.000000000001679,0.17486883400124498,
5396,539,ok,0.870276561575045,1.2291175602835571,0.40388309913105774,0.1256072248574245,15.000000000001679,0.16513508299249224,
5397,539,ok,0.9022732932125371,1.1003504088395792,0.0687583359999714,0.11488656376197082,15.000000000001679,0.16682295798091218,
5398,539,ok,0.8937119998205794,1.2021654229917285,0.4027171791137444,0.11527309822920803,15.000000000001679,0.16638783301459625,
5399,539,ok,1.417106624461269,1.0230512764193007,-1.0265292867649,0.10620154702821341,15.000000000001679,0.16960187500808388,
5400,539,ok,0.9026671138073232,1.1455891082005458,0.2911871328264769,0.11185079694198898,15.000000000001679,0.16921370901400223,
5401,540,ok,1.067425074936606,1.0888468218207437,0.5560541129218086,0.12321539026133622,15.000000000001679,0.16608320898376405,
5402,540,ok,1.4742291257712323,1.0568749447396584,-1.1330783933216577,0.09583970230944891,15.000000000001679,0.1668475829937961,
5403,540,ok,1.1425326262778983,0.8734436673654093,0.19039861215453563,0.11311472363022042,15.000000000001679,0.16292820899980143,
5404,540,ok,0.7057178591837365,1.374786282267759,0.32733087836363056,0.12404832424431823,15.000000000001679,0.16297766598290764,
5405,540,ok,1.6980092755729614,0.6536185701079564,-1.0346460965826285,0.0899109897752946,15.000000000001679,0.16794399998616427,
5406,540,ok,0.7878267650065045,1.4039159205849256,-0.5151259864620473,0.11256720826187631,15.000000000001679,0.17108295898651704,
5407,540,ok,1.5098683464833615,0.9860674452413514,-1.1187686079404446,0.09478210556166143,15.000000000001679,0.1686829590180423,
5408,540,ok,1.4796895208002467,1.0743643025272267,-1.154417443358405,0.09850267697173509,15.000000000001679,0.16866558298352174,
5409,540,ok,1.8196784607621697,0.3401777109342212,-0.7458013604722222,0.08112882256849514,15.000000000001679,0.17339087498839945,
5410,540,ok,1.5832007014136948,0.7536185407670223,-0.9762467511019375,0.09229389686334302,15.000000000001679,0.1710980829957407,
5411,541,ok,1.6544799434469242,0.5800905288772013,-0.8492119741760074,0.08951797606091971,15.000000000001679,0.1695229170145467,
5412,541,ok,1.6473230219516188,0.6989284575957574,-1.01038902418705,0.08603096531062811,15.000000000001679,0.1703762089891825,
5413,541,ok,0.9731635627736354,1.0425154478742964,0.17398463251366766,0.12984815921856777,15.000000000001679,0.16523054201388732,
5414,541,ok,0.6351130569676792,1.4300619619838806,0.280248511063247,0.11952756449429507,15.000000000001679,0.16643604199634865,
5415,541,ok,1.5894817809899937,0.7783926362324947,-1.0169207348107956,0.09172251018408045,15.000000000001679,0.1695077080221381,
5416,541,ok,0.8737716974750415,1.2299195931528732,0.41285971745688504,0.1223428098354285,15.000000000001679,0.16401545799453743,
5417,541,ok,1.694443752873437,0.49344565926152006,-0.7755215342296187,0.08187418580129217,15.000000000001679,0.17096612497698516,
5418,541,ok,1.7795702628295236,0.263943969901224,-0.3911262976390334,0.08470189790544755,15.000000000001679,0.1730429579911288,
5419,541,ok,1.6613108501491822,0.3387053275815157,-0.007331590370427845,0.09429436996980572,15.000000000001679,0.1698473330179695,
5420,541,ok,1.6929109004443612,0.6842517164356627,-1.065248220435424,0.08946473198876893,15.000000000001679,0.16865983299794607,
5421,542,ok,1.4624970478121373,0.870161828307023,-0.9286351924435602,0.09247490317110511,15.000000000001679,0.1693071250047069,
5422,542,ok,1.7340904916115387,0.4009731364919409,-0.670956722059722,0.08428460992940917,15.000000000001679,0.17291458300314844,
5423,542,ok,1.5715401634272197,0.7504874489204423,-0.9531300383260973,0.09282032383158285,15.000000000001679,0.17032783399918117,
5424,542,ok,1.5902217313129832,0.8047982282544789,-1.0489508470640694,0.09783436374967334,15.000000000001679,0.17084987499401905,
5425,542,ok,0.7374673783512349,1.2630793091338899,-0.02839065877464594,0.12100353413904108,15.000000000001679,0.16798829199979082,
5426,542,ok,1.8086758648633434,0.4150118418996412,-0.871275457487926,0.0966709602023742,15.000000000001679,0.16881487501086667,
5427,542,ok,1.6560122103984318,0.3550985550824,0.19150894886843264,0.11479245065406725,15.000000000001679,0.16685029200743884,
5428,542,ok,1.505018933796979,0.8525467105678275,-0.9738752177043435,0.1107739302264999,15.000000000001679,0.16838579199975356,
5429,542,ok,1.656142520963225,0.6959883401168903,-1.020961135710524,0.10456941746119047,15.000000000001679,0.16892949998145923,
5430,542,ok,1.2174963988213077,0.898067581846713,0.5177281400172314,0.1128802405956607,15.000000000001679,0.16459387500071898,
5431,543,ok,0.8505763265391502,1.1825130655921192,0.2349365857869743,0.11498247732845426,15.000000000001679,0.16621374999522232,
5432,543,ok,1.5451790344932104,0.9573674024984371,-1.140392702214686,0.0896194988890248,15.000000000001679,0.16701375000411645,
5433,543,ok,1.6622644081547122,0.6586710665832478,-0.9818144707616677,0.08455256396547242,15.000000000001679,0.1669559589936398,
5434,543,ok,0.959021207395136,1.146540825964129,0.4374118362454692,0.11884072372450519,15.000000000001679,0.16737975002615713,
5435,543,ok,0.8472086490532647,1.4114779793119605,-0.6094295087997664,0.11750352144279873,15.000000000001679,0.1667953340220265,
5436,543,ok,0.6592924619866641,1.3460776850313565,0.08397711842214622,0.1353904393403517,15.000000000001679,0.16459016702719964,
5437,543,ok,0.8012810565581925,1.2861867796746551,0.3640357373772167,0.11192309276369121,15.000000000001679,0.16398804198252037,
5438,543,ok,1.072414028420011,0.9534274957679608,0.23400393530347874,0.10745966657747093,15.000000000001679,0.1669174589915201,
5439,543,ok,1.3873004147223058,1.0078040024671266,-0.9696130894168188,0.10600716228966568,15.000000000001679,0.16919495799811557,
5440,543,ok,0.7934433624107435,1.2507867618588318,0.2612123525939988,0.11373414059173322,15.000000000001679,0.16531124999164604,
5441,544,ok,1.063571684181513,1.0223184567362926,0.41871652386094754,0.10458009346283471,15.000000000001679,0.1632449160097167,
5442,544,ok,1.5366088149963446,1.1316188069082538,-1.2677068879709636,0.09193206549130001,15.000000000001679,0.16458049998618662,
5443,544,ok,1.8985794005781051,0.10277684650507317,0.07174988600884369,0.0952676026119398,15.000000000001679,0.16659933401388116,
5444,544,ok,1.68905836631399,0.6144039070442645,-0.9659408014992872,0.08595249201017692,15.000000000001679,0.1703629169787746,
5445,544,ok,1.6800094231914737,0.61677117908949,-0.953472438518633,0.08554339509084667,15.000000000001679,0.17012833402259275,
5446,544,ok,1.5512061826312007,0.7580763562539568,-0.9294440726250357,0.09752411180932452,15.000000000001679,0.16947774999425747,
5447,544,ok,0.8181764844717129,1.2418548020785896,0.3076176500319777,0.1067428501884266,15.000000000001679,0.1633106250083074,
5448,544,ok,0.954604520092553,1.0540048227508936,0.12791760786758474,0.12005465232924706,15.000000000001679,0.18329620800795965,
5449,544,ok,1.5869818650536076,0.8910269242175513,-1.1352048965709416,0.0960562566720477,15.000000000001679,0.16948512502131052,
5450,544,ok,1.652966152444128,0.5732760361324627,-0.834719013831628,0.0881335697121306,15.000000000001679,0.17130091600120068,
5451,545,ok,1.0885609019365454,1.4222424670106817,-0.9225839096250281,0.11627859054804134,15.000000000001679,0.1669460829871241,
5452,545,ok,1.5880008361498559,0.75362791874708,-0.9840240295266706,0.11531532605096967,15.000000000001679,0.16838187500252388,
5453,545,ok,1.3696888306470907,1.2906325757966342,-1.171684834022561,0.10017171506125727,15.000000000001679,0.16821612499188632,
5454,545,ok,1.1907925435191586,0.9398721310757271,0.5423244261794842,0.13219499383581532,15.000000000001679,0.16479350000736304,
5455,545,ok,1.3957598922730532,1.097788279016082,-1.0649693363648185,0.09754129576164713,15.000000000001679,0.16824012500001118,
5456,545,ok,1.720141759439157,0.2830452774949497,-0.10466209167623343,0.11000568099132074,15.000000000001679,0.1666325000114739,
5457,545,ok,1.5891986636946909,0.9688112563882907,-1.2092155174895398,0.08978976044627497,15.000000000001679,0.16690883302362636,
5458,545,ok,1.6231813402683246,0.7192492738060063,-0.9971936826659265,0.08970923409585972,15.000000000001679,0.16915508400416002,
5459,545,ok,1.5184941637457425,0.8590843125692168,-1.0020658259337187,0.10062319186204398,15.000000000001679,0.1680482090159785,
5460,545,ok,1.3207486578216543,0.8323578534650424,0.6172429301117495,0.10041176722785995,15.000000000001679,0.1673746669839602,
5461,546,ok,1.5992961217215995,0.6781573758200106,-0.9002667170648422,0.09272536350433758,15.000000000001679,0.1714582499989774,
5462,546,ok,1.8288424951765345,0.174767395885724,0.11485126486787645,0.09404796512643528,15.000000000001679,0.16855616599787027,
5463,546,ok,0.9031213048734292,1.133946969509625,0.25608639107676706,0.11730785330717768,15.000000000001679,0.16555350000271574,
5464,546,ok,1.7204171794429735,0.61359939563247,-1.0186896659591007,0.09642532415084076,15.000000000001679,0.1685857090051286,
5465,546,ok,0.616374430251236,1.4093375820008258,0.17616851657122096,0.1154583463345396,15.000000000001679,0.1660479169804603,
5466,546,ok,0.7540125559025707,1.301912919345618,-0.28497256408673743,0.11205110071639379,15.000000000001679,0.16663724998943508,
5467,546,ok,1.814882709011821,0.4193611450465674,-0.891840825305496,0.10089186417167102,15.000000000001679,0.16961566600366496,
5468,546,ok,1.5759416732194356,0.8911186128163815,-1.1198099064338591,0.08849053357813899,15.000000000001679,0.1687005840067286,
5469,546,ok,1.697246639109185,0.6270116130208205,-0.9977720396902968,0.09575850478487125,15.000000000001679,0.17076733300928026,
5470,546,ok,0.5370619309181127,1.4643282085902665,0.038616700135804066,0.11834552575741973,15.000000000001679,0.16638999999850057,
5471,547,ok,1.9859488909735636,0.03257037935163146,0.2705802752503298,0.10288680223161924,15.000000000001679,0.16683791601099074,
5472,547,ok,1.2857176753567796,1.2137616139784535,-1.0172999268018628,0.09777881700665454,15.000000000001679,0.16777987498790026,
5473,547,ok,1.3446075439656673,0.7318311919523566,0.4468974396708972,0.11295051638882712,15.000000000001679,0.16495195901370607,
5474,547,ok,0.9165481984298809,1.0835016806026134,0.009561934261759747,0.0945503374589557,15.000000000001679,0.16654129198286682,
5475,547,ok,1.492455495636827,1.0550416454478806,-1.1551957040340473,0.10850940431325444,15.000000000001679,0.16902204099460505,
5476,547,ok,1.8841299526449364,0.36014594424638574,-0.9278062051324253,0.09677562771757812,15.000000000001679,0.17062466699280776,
5477,547,ok,1.0372658562429677,1.0541892476080388,0.4258667364178722,0.10684132581314755,15.000000000001679,0.1656965420115739,
5478,547,ok,0.8811599249051255,1.1216614037626553,0.07045653708930909,0.10633254556159655,15.000000000001679,0.16750795798725449,
5479,547,ok,0.92073081885906,1.144185485596314,0.3395979354072379,0.10635912459960531,15.000000000001679,0.16646308300551027,
5480,547,ok,1.5158250130539692,0.7447267279987321,-0.8497143536502705,0.08314373656551892,15.000000000001679,0.16993979099788703,
5481,548,ok,1.4350675544566822,1.0027520606827827,-1.0319473985537473,0.10047205350767964,15.000000000001679,0.16826520900940523,
5482,548,ok,1.843559224860065,0.41013506310565406,-0.9332952898202049,0.08507698399383519,15.000000000001679,0.17168154200771824,
5483,548,ok,1.4916346871372859,1.0389718160919337,-1.1407887050657157,0.09828430482781153,15.000000000001679,0.16678608299116604,
5484,548,ok,0.7333160120658703,1.2750382749608022,-0.11037604260156395,0.11785132260964647,15.000000000001679,0.16731187497498468,
5485,548,ok,0.45316364430671424,1.5477189980306054,-0.028269838678398804,0.11257735593063911,15.000000000001679,0.16566816699923947,
5486,548,ok,1.9072971649132326,0.0992874160452261,0.1583481874920622,0.10125020747860754,15.000000000001679,0.16825945899472572,
5487,548,ok,1.0700359772313703,0.9663611342563276,0.276708669531021,0.09479327700999778,15.000000000001679,0.16706708300625905,
5488,548,ok,0.8349421115726279,1.2366446287020423,0.3382556825655936,0.1157584795285483,15.000000000001679,0.1652524580131285,
5489,548,ok,1.2704434793496882,0.751291445751174,0.2339948306436448,0.11511838316647104,15.000000000001679,0.16375791700556874,
5490,548,ok,1.5873105680487671,0.5544904151441862,-0.6557872212305392,0.0948322235602611,15.000000000001679,0.17003554198890924,
5491,549,ok,1.7821212228651744,0.44415005456095474,-0.8690724942510749,0.08477501302342254,15.000000000001679,0.170544874999905,
5492,549,ok,1.6296938391329072,0.7453238371814305,-1.0400431412987754,0.08931548217395287,15.000000000001679,0.1679853749810718,
5493,549,ok,1.60847598419489,0.6857690888937301,-0.9273575923151244,0.08573432277080655,15.000000000001679,0.17063912498997524,
5494,549,ok,1.2994544400975274,0.7245731488211623,0.24873316863903308,0.09711487375841178,15.000000000001679,0.1650260000023991,
5495,549,ok,1.4581172882490168,0.6775356037280763,0.6141611733769908,0.11741122445737644,15.000000000001679,0.16324083297513425,
5496,549,ok,0.5915813511347565,1.426709379951777,-0.14596698248284795,0.11625903332050566,15.000000000001679,0.16460166600882076,
5497,549,ok,1.1564555441688091,1.0164472407119958,0.608287263828308,0.1164727196156876,15.000000000001679,0.1663380420068279,
5498,549,ok,0.626232219974545,1.373971476336856,0.015971252123465382,0.12059923110572845,15.000000000001679,0.16680920799262822,
5499,549,ok,0.9809194626296932,1.0385308615929423,0.19437100621367392,0.11617960489702141,15.000000000001679,0.1642983329948038,
5500,549,ok,1.8721070813089438,0.2996455616583942,-0.7833132884734526,0.09804825415971846,15.000000000001679,0.17312541700084694,
5501,550,ok,1.817552802450855,0.39391140512934236,-0.8508687414186471,0.08347967749356124,15.000000000001679,0.17124758299905807,
5502,550,ok,1.4350091491283088,0.9216229222722211,-0.9467598091983249,0.1090294018631212,15.000000000001679,0.16734083299525082,
5503,550,ok,1.0073707488486576,0.9955423519731365,-0.07655494076966193,0.10566781952627165,15.000000000001679,0.16793229200993665,
5504,550,ok,1.6961336710508796,0.5287989884586567,-0.8440598401252496,0.08083886145392882,15.000000000001679,0.17308533401228487,
5505,550,ok,1.5573909013266156,0.9588733064812177,-1.1582407468128446,0.10150060772212383,15.000000000001679,0.16815312500693835,
5506,550,ok,1.5421623880230848,0.8618397208994517,-1.0406036758107409,0.10554903994557521,15.000000000001679,0.16869254197808914,
5507,550,ok,1.6579041715507983,0.576420016551805,-0.8497448280343783,0.0874598805622455,15.000000000001679,0.18666070900508203,
5508,550,ok,1.0200127176172624,0.9891108651995079,0.13612164134796997,0.10710569494713304,15.000000000001679,0.1678914160002023,
5509,550,ok,1.9702413519393904,0.03951075791591004,0.19578793774006462,0.09605906937690996,15.000000000001679,0.16647500000544824,
5510,550,ok,0.8939810603871045,1.270197290276416,0.5163236787238853,0.12084538156896425,15.000000000001679,0.16670562501531094,
5511,551,ok,1.1593419864733208,0.8635687241803065,0.2293420958714931,0.09561088095782028,15.000000000001679,0.16664616702473722,
5512,551,ok,1.3714066714110345,0.9032432576339061,-0.8233352333437494,0.10886073364025832,15.000000000001679,0.16977395801222883,
5513,551,ok,1.4980144855309516,0.8058841073129784,-0.9045079511495954,0.09142176266516343,15.000000000001679,0.17069724999601021,
5514,551,ok,2.0331800327496907,-0.026513461037314695,0.16451212054616746,0.09267174572599778,15.000000000001679,0.16805316699901596,
5515,551,ok,1.7850853566312799,0.36568500122414843,-0.7180140773241924,0.08123058319872944,15.000000000001679,0.17255316700902767,
5516,551,ok,1.7800208742458656,0.39038188006690405,-0.7600025136366735,0.08284802806131035,15.000000000001679,0.17126412500510924,
5517,551,ok,1.6631753591537386,0.7392589176165204,-1.084750754084412,0.09880060610609978,15.000000000001679,0.16932770897983573,
5518,551,ok,0.9490509244819794,1.093340920418091,0.2804763281843684,0.11179033062278129,15.000000000001679,0.16752787498990074,
5519,551,ok,1.4647017666722622,0.681712704540765,0.6383336681733316,0.11672316499883806,15.000000000001679,0.16663387499284,
5520,551,ok,1.9028993682230348,0.10893018061202699,0.21185123030930128,0.10268498181820852,15.000000000001679,0.1683043329976499,
5521,552,ok,1.8297291571909855,0.35567302883936475,-0.8025569142363213,0.0804119534936154,15.000000000001679,0.17157100001350045,
5522,552,ok,1.136588913636103,0.8644335010408926,0.04819839252767615,0.09635592786107942,15.000000000001679,0.16640266598551534,
5523,552,ok,0.9346733025660432,1.0695584145485548,0.08884052336808491,0.10171674862140785,15.000000000001679,0.166033832996618,
5524,552,ok,1.8502733526101278,0.25803718911241375,-0.6237604066175911,0.07984480251271431,15.000000000001679,0.17618370801210403,
5525,552,ok,1.5490017626811265,0.7552890519743082,-0.9220092823037198,0.0939098758934649,15.000000000001679,0.1705008330172859,
5526,552,ok,0.6371347428830272,1.3853189888192154,0.16765421283817897,0.11459681357047377,15.000000000001679,0.16745954198995605,
5527,552,ok,0.987660378134972,1.1087437227195776,0.42559989514326546,0.12155366972651396,15.000000000001679,0.165634000004502,
5528,552,ok,1.574600681467012,0.8763975644409232,-1.10312504861511,0.09528750122832641,15.000000000001679,0.16875679098302498,
5529,552,ok,1.8870121198466119,0.28051380277043475,-0.7772914241036063,0.08289395710970737,15.000000000001679,0.17509829200571403,
5530,552,ok,1.687315125616156,0.5758666695441415,-0.9049180019304341,0.08241738544030394,15.000000000001679,0.17046645798836835,
5531,553,ok,1.4805578610944277,1.1586605004226092,-1.2182772371260049,0.10241940622794989,15.000000000001679,0.16812537499936298,
5532,553,ok,0.656154262176831,1.3741940158707886,0.19724422932215474,0.11997460696854054,15.000000000001679,0.1642271669988986,
5533,553,ok,1.623199832035745,0.6949159364270706,-0.9651597182481458,0.09875072360299976,15.000000000001679,0.17068683399702422,
5534,553,ok,1.8689638813456637,0.2517286967412744,-0.6607370429881203,0.08730469037847373,15.000000000001679,0.1703827919845935,
5535,553,ok,1.4777309084411934,1.159623427646718,-1.2155064189062037,0.11233546170494794,15.000000000001679,0.16827120797825046,
5536,553,ok,1.116883699913351,1.000991095041772,0.4994100589158155,0.11353466215943817,15.000000000001679,0.16530583400162868,
5537,553,ok,0.6136848115337836,1.4156945220958248,0.18760638688069486,0.12063937622693195,15.000000000001679,0.165966375003336,
5538,553,ok,1.6090579587213625,0.6529119532053598,-0.8800121071369185,0.08229793418831054,15.000000000001679,0.16934983298415318,
5539,553,ok,1.726175462651768,0.4581956129491063,-0.7762222361744494,0.08185535354831454,15.000000000001679,0.17336283400072716,
5540,553,ok,1.8200286715014211,0.18026019154210485,-0.032425215509717595,0.11087043450628692,15.000000000001679,0.16725916601717472,
5541,554,ok,1.6188121707492777,0.6517941314280101,-0.8960434030302524,0.09866395920795454,15.000000000001679,0.17182754198438488,
5542,554,ok,1.1268620737177992,0.941565852122662,0.38669792835073774,0.1150912356358057,15.000000000001679,0.16504212497966364,
5543,554,ok,1.7285088207235413,0.34600754203074136,0.5020475000434695,0.1104092484123308,15.000000000001679,0.16555725000216626,
5544,554,ok,1.3953689955125654,0.774512761826769,0.6672598164975112,0.11418044763411002,15.000000000001679,0.16439737501787022,
5545,554,ok,1.945412086511392,0.08083897109362684,0.3185108027550061,0.09850316787380024,15.000000000001679,0.16759004202322103,
5546,554,ok,1.31025916730612,1.0940220994845582,-0.9465638537823844,0.12033374380994624,15.000000000001679,0.16620420798426494,
5547,554,ok,1.4763899834303091,0.8563128606389753,-0.9336525640909175,0.08546457208128225,15.000000000001679,0.17100895798648708,
5548,554,ok,1.625214547030456,0.6712256139287581,-0.9357782615558053,0.0934386702799393,15.000000000001679,0.17230791700421833,
5549,554,ok,1.522616173702683,0.842130271839393,-0.9887859753406103,0.10052539184980783,15.000000000001679,0.16954274999443442,
5550,554,ok,1.6126693915167876,0.6198560229444835,-0.8342093076275927,0.09705110827640182,15.000000000001679,0.1716043750056997,
5551,555,ok,1.5698160903926852,0.724494932423058,-0.9151007486836162,0.0903363697445823,15.000000000001679,0.1693343330116477,
5552,555,ok,1.126286448721355,0.899932361855349,0.24160371702482303,0.10160140379290841,15.000000000001679,0.1665496249916032,
5553,555,ok,0.9239430742596755,1.1271630636555474,0.3030288551033553,0.11912452083686295,15.000000000001679,0.16294520898372866,
5554,555,ok,1.7710447495965234,0.24063140349226306,0.2030311471075518,0.08378130679041111,15.000000000001679,0.1708961660042405,
5555,555,ok,0.9411389185569536,1.1543403482582828,0.4130402128590265,0.11146663193181072,15.000000000001679,0.16646375000709668,
5556,555,ok,0.9102476712083681,1.0911829344161967,0.05101337318686576,0.12416342144238379,15.000000000001679,0.16494520800188184,
5557,555,ok,1.6116668137140309,0.6671102665015753,-0.9060214549124291,0.09547808683806143,15.000000000001679,0.17067029100144282,
5558,555,ok,1.5970198865813692,0.6812821881553293,-0.9008084429333311,0.08108391359367363,15.000000000001679,0.17271583300316706,
5559,555,ok,1.9076034946140896,0.10591396058353486,0.22669179065757034,0.09717629410332711,15.000000000001679,0.168599833996268,
5560,555,ok,1.7339233243973635,0.4647968401269492,-0.806003320591798,0.08562628912799877,15.000000000001679,0.17239845800213516,
5561,556,ok,0.7149313667924033,1.3457583635160904,0.2882615831402267,0.1176297768060447,15.000000000001679,0.16607141701388173,
5562,556,ok,1.3835416634064486,0.7244434114005137,0.5358571858825104,0.10725454799319437,15.000000000001679,0.16653487499570474,
5563,556,ok,1.3190707969193314,0.8441811495944986,0.6356339766978361,0.11705989479393161,15.000000000001679,0.16485683401697315,
5564,556,ok,1.35460425575846,0.9018917176952549,-0.7931651089481014,0.09342193882330058,15.000000000001679,0.1683267919870559,
5565,556,ok,1.6762680735834998,0.4974553364149286,-0.7431246116549779,0.08833135709301618,15.000000000001679,0.17069687499315478,
5566,556,ok,0.9174592028163446,1.1511330953400534,0.34807523181841554,0.10294836944880675,15.000000000001679,0.1667207089776639,
5567,556,ok,0.6631268132647831,1.3903511896539742,-0.26089365364911027,0.11951221343018673,15.000000000001679,0.1651859580015298,
5568,556,ok,0.9143621029388068,1.1062851651006544,0.1932145159440995,0.09210107777133433,15.000000000001679,0.16904979199171066,
5569,556,ok,1.51261158689279,0.8487858156206136,-0.9811726221649422,0.09655134760295224,15.000000000001679,0.18133650001254864,
5570,556,ok,1.5028850654480643,0.8247809289544361,-0.9367623257783344,0.09631881380097497,15.000000000001679,0.17127220798283815,
5571,557,ok,1.8213623667153795,0.3546602442202063,-0.7811644890402644,0.09271547191315695,15.000000000001679,0.16914179199375212,
5572,557,ok,1.6479285998549154,0.5430500542583853,-0.7700425480603574,0.10518587072910705,15.000000000001679,0.17213587497826666,
5573,557,ok,1.8169155332689002,0.18785109459338103,0.1315233806872574,0.0962092435496449,15.000000000001679,0.16826395801035687,
5574,557,ok,1.7714723509638002,0.43551970818170516,-0.8309727472916041,0.08402130210427344,15.000000000001679,0.17406387501978315,
5575,557,ok,0.9215729653595216,1.176223258455512,0.4131447816103789,0.12061477810413726,15.000000000001679,0.1667164170066826,
5576,557,ok,1.508284530327992,0.6541134038784707,-0.6808167850509672,0.08928738631849806,15.000000000001679,0.16981854100595228,
5577,557,ok,0.8434827459528861,1.1565373645963648,0.00582455132824423,0.09370085482878404,15.000000000001679,0.16945670801214874,
5578,557,ok,1.7880099279274029,0.41832492433023544,-0.8338365891300289,0.08736247447824044,15.000000000001679,0.17449791700346395,
5579,557,ok,0.8361846779620478,1.189701893558001,0.206450464651946,0.11714981459491257,15.000000000001679,0.16641899998649023,
5580,557,ok,1.4499091939678068,0.9894525038472787,-1.0397261316192068,0.10236118924953844,15.000000000001679,0.1662780409969855,
5581,558,ok,1.3704766853834411,1.139365790347259,-1.0665435304547983,0.0957899161600821,15.000000000001679,0.1720715000119526,
5582,558,ok,1.6993831248027411,0.4451522565877082,-0.6858217696093009,0.08057745864167128,15.000000000001679,0.1712592089897953,
5583,558,ok,1.2313184196040476,1.0580319254870032,0.7929950800947548,0.12121642876579011,15.000000000001679,0.16470120899612084,
5584,558,ok,1.570114065577441,0.8907137104611336,-1.1111895008346753,0.09831335240189419,15.000000000001679,0.16879700002027676,
5585,558,ok,1.7991461405119127,0.48436829295598305,-0.9694263063904085,0.08946328038974195,15.000000000001679,0.16879575001075864,
5586,558,ok,1.742535207090733,0.36110133371930847,-0.5919798219653388,0.0818895001411464,15.000000000001679,0.1743142909836024,
5587,558,ok,1.3883044737830925,0.7225438369607261,0.54359457635183,0.12498075336162454,15.000000000001679,0.16605937501299195,
5588,558,ok,1.6983210067352177,0.7426838706260213,-1.1416875197417897,0.0932646565086439,15.000000000001679,0.16717124998103827,
5589,558,ok,1.6155009681113868,0.5483389683360715,-0.7088890090255644,0.08452637340580689,15.000000000001679,0.17046374999335967,
5590,558,ok,1.4762878501023577,0.9131818163585887,-0.999125643783716,0.09954932573307354,15.000000000001679,0.16979995899600908,
5591,559,ok,1.5025342260090104,0.921325037551908,-1.0459777367210563,0.09978612623046838,15.000000000001679,0.16745999999693595,
5592,559,ok,0.675991567646084,1.3580952871424585,-0.211950322339664,0.11501500873308457,15.000000000001679,0.16775158297969028,
5593,559,ok,0.8684115125700874,1.174614165443228,0.26995699523681216,0.1199961082036354,15.000000000001679,0.16566866700304672,
5594,559,ok,1.8380648231669283,0.27321581553484314,-0.6298401975459129,0.08162479696301282,15.000000000001679,0.1727719999908004,
5595,559,ok,1.6454798668324782,0.5037067950267307,-0.6846244495355479,0.08180054732068597,15.000000000001679,0.1737543749914039,
5596,559,ok,1.6303109279204353,0.5595792545900177,-0.7636110252539196,0.08340701060373024,15.000000000001679,0.17188195799826644,
5597,559,ok,0.91662038757385,1.195166712338737,0.43867563641989277,0.12076105450239132,15.000000000001679,0.16645287501160055,
5598,559,ok,1.5608643739771568,0.694027292855379,-0.8548291537754499,0.07952223113242428,15.000000000001679,0.17203729099128395,
5599,559,ok,1.1374812118923971,0.9207123938936599,0.35916816494984893,0.11199566700150554,15.000000000001679,0.1632338749768678,
5600,559,ok,1.7495285912236611,0.4760895403906666,-0.8593876905112839,0.08454333407976385,15.000000000001679,0.17064516700338572,
5601,560,ok,1.603984194844436,0.598387339938528,-0.7799020762032614,0.08976347252848435,15.000000000001679,0.1700002500147093,
5602,560,ok,1.69108297503787,0.6674803318752346,-1.0412266624148647,0.10269856097446209,15.000000000001679,0.16787666600430384,
5603,560,ok,1.5936567687363252,0.6439016247194775,-0.8371016026150184,0.08914777228677911,15.000000000001679,0.1716934159921948,
5604,560,ok,1.5370709191234244,0.863173506505973,-1.0345107704151775,0.09142303976846267,15.000000000001679,0.1687263750063721,
5605,560,ok,0.9145026636831791,1.0857395774430587,-0.02104760389291391,0.11320649582940559,15.000000000001679,0.16718758302158676,
5606,560,ok,1.7590744201156057,0.44859822567280416,-0.8291533936006549,0.08700577240227278,15.000000000001679,0.17173287499463186,
5607,560,ok,1.8143356746097274,0.4213952247871009,-0.8943270675969541,0.08467509087901039,15.000000000001679,0.17066149998572655,
5608,560,ok,1.7826775220256603,0.5399494441089171,-1.0228350413325153,0.10001690040088082,15.000000000001679,0.16918191697914153,
5609,560,ok,1.4225384300760933,0.714505887812179,0.6091965795815031,0.10399919241374966,15.000000000001679,0.1646958750206977,
5610,560,ok,1.5413157819383783,0.6831706252076579,-0.8010085750704072,0.08203795542807356,15.000000000001679,0.16935104201547801,
5611,561,ok,1.2919291752875584,1.3114056019304563,-1.093123391436865,0.11072142540731772,15.000000000001679,0.1678419169911649,
5612,561,ok,0.9562047703417006,1.1398287012538189,0.4176516486709138,0.10387378690540625,15.000000000001679,0.16445625000051223,
5613,561,ok,1.5951361751278748,0.6265990997085175,-0.8113133699626375,0.09366647069260942,15.000000000001679,0.17114295798819512,
5614,561,ok,1.4271315450530673,1.0685187866462587,-1.0812248591549294,0.10931888881005875,15.000000000001679,0.16836829099338502,
5615,561,ok,1.694716559563795,0.532743476381055,-0.8480698739829132,0.0836724700504904,15.000000000001679,0.1697810410114471,
5616,561,ok,1.666854936831162,0.6602761045014179,-0.9917385059926438,0.0947944579697333,15.000000000001679,0.16999529200256802,
5617,561,ok,1.0011740827498254,1.106844536467786,0.45235258585810023,0.1235684242446632,15.000000000001679,0.16698658402310684,
5618,561,ok,0.7972609578192043,1.2251986305463172,0.18790389233726004,0.12270428378200952,15.000000000001679,0.16484720798325725,
5619,561,ok,1.5635752402514114,0.6648883421568333,-0.8137839965362617,0.08991368338808008,15.000000000001679,0.17192454199539497,
5620,561,ok,1.6699424724783216,0.6653253300691065,-1.003668962772024,0.08762846875664572,15.000000000001679,0.16843820799840614,
5621,562,ok,1.6610621343063576,0.5918805796570435,-0.8810942696893497,0.08636702775215326,15.000000000001679,0.17199595799320377,
5622,562,ok,1.588688104548685,0.7059351402187253,-0.9215888628959029,0.09190920202228535,15.000000000001679,0.17123179099871777,
5623,562,ok,1.677855936016792,0.3226417192892892,-0.04086245413571077,0.09662871609137531,15.000000000001679,0.16790816601132974,
5624,562,ok,0.661947394160839,1.3550266320576312,-0.14894195943857805,0.10394757089405535,15.000000000001679,0.1827602909761481,
5625,562,ok,1.7240001381703112,0.5058775317966289,-0.8601014628641891,0.08812152418512247,15.000000000001679,0.16980741600855254,
5626,562,ok,1.8227457764382244,0.4232363556068679,-0.9144498757414065,0.09807203657919494,15.000000000001679,0.16957745898980647,
5627,562,ok,0.6003817770592599,1.548166302008553,-0.39535374993062683,0.11675072765439373,15.000000000001679,0.16834870798629709,
5628,562,ok,1.461636310908011,0.8981019938655768,-0.9603132246521249,0.09848138343212962,15.000000000001679,0.1699397089832928,
5629,562,ok,1.6252256871621944,0.6485074935393315,-0.9026774280951566,0.09762306186283772,15.000000000001679,0.16997683298541233,
5630,562,ok,1.5146245834422087,0.8184743511360025,-0.9476733455384269,0.09860025891836095,15.000000000001679,0.16965345898643136,
5631,563,ok,1.6958365873449943,0.5032687067453934,-0.7972811090012791,0.08351969169746089,15.000000000001679,0.17250920800142922,
5632,563,ok,0.8385477499017688,1.5299860650959476,-0.6944416677168275,0.12461807191270048,15.000000000001679,0.16664687500451691,
5633,563,ok,1.5429788759854668,0.746109971903717,-0.8991905299646327,0.09216347242437749,15.000000000001679,0.1683357499714475,
5634,563,ok,1.6739809248299684,0.4554932718859905,0.6455316440773088,0.11178625584395832,15.000000000001679,0.1661664160201326,
5635,563,ok,0.8474249115951019,1.2155581519623564,0.32059315001923044,0.11491812806383993,15.000000000001679,0.16481783401104622,
5636,563,ok,0.792675601277427,1.2580584959113383,0.27902941309328816,0.12148419604212918,15.000000000001679,0.16576145801809616,
5637,563,ok,1.5914090696925656,0.627523763141392,-0.8055382091236836,0.08662761485737203,15.000000000001679,0.17105700002866797,
5638,563,ok,1.545427922619233,0.7791824396667014,-0.9476032652925224,0.09014186200628475,15.000000000001679,0.16832120800972916,
5639,563,ok,0.8192991213819655,1.2074648466061966,0.20769949670695198,0.10237082941016395,15.000000000001679,0.16719429200747982,
5640,563,ok,1.6248150176712517,0.6457844906896232,-0.8978441936067005,0.08628014545044174,15.000000000001679,0.17052724998211488,
5641,564,ok,0.8687646601602141,1.1805167842238213,0.28844287788819734,0.11440693749645178,15.000000000001679,0.16850620799232274,
5642,564,ok,1.7764858184355037,0.4519955820468937,-0.8715412698777526,0.08308363123442519,15.000000000001679,0.17115154198836535,
5643,564,ok,0.7577104640961456,1.3220810679457222,-0.3384539392047075,0.11868770746149317,15.000000000001679,0.16508224999415688,
5644,564,ok,1.4536538585084016,1.1690778380571534,-1.1927606218971976,0.0979794043202876,15.000000000001679,0.16757108399178833,
5645,564,ok,0.6617633405179029,1.350489768170777,0.12675637105314627,0.13697179600866177,15.000000000001679,0.16601162499864586,
5646,564,ok,1.7815816428197933,0.3406192746561832,0.6484510454844694,0.09595379888468668,15.000000000001679,0.16356120799900964,
5647,564,ok,1.8755704559560311,0.20299316558057834,-0.5371507910307899,0.08130502561607846,15.000000000001679,0.17605379200540483,
5648,564,ok,1.7289252609911754,0.5765549207095445,-0.9813188392857811,0.08663948710345684,15.000000000001679,0.16888229199685156,
5649,564,ok,1.4766855375229726,0.5410572372792203,-0.22822399486944678,0.09776808782870933,15.000000000001679,0.16892904197447933,
5650,564,ok,1.8246355805041259,0.5407369916130585,-1.0953750380555156,0.09629798633332279,15.000000000001679,0.16793654099456035,
5651,565,ok,1.495543891896155,0.8499501415533524,-0.956052747328694,0.10965136935645879,15.000000000001679,0.16808554099407047,
5652,565,ok,1.8005394498960643,0.3789402764307216,-0.7836502301751188,0.08428115680443786,15.000000000001679,0.17452237498946488,
5653,565,ok,1.759894398746116,0.4654424593935237,-0.8616039979629595,0.08828695706914128,15.000000000001679,0.17079454101622105,
5654,565,ok,0.8505016653828096,1.3037651440447957,0.48847733639542423,0.12577248688391637,15.000000000001679,0.16612012500991113,
5655,565,ok,1.6830256484683637,0.6218891753037532,-0.9661189824537069,0.08864922642053912,15.000000000001679,0.16940787501516752,
5656,565,ok,0.6094189632649213,1.4330875792356486,0.2236107778484625,0.11687276025984455,15.000000000001679,0.16514858297887258,
5657,565,ok,1.8174160699215904,0.18275927967152342,0.025245506318523278,0.0857492851700087,15.000000000001679,0.17386112501844764,
5658,565,ok,1.5583183772526166,0.5210352439749045,0.4909372824698268,0.10760421068063031,15.000000000001679,0.16433104197494686,
5659,565,ok,1.6466926431312467,0.5058055138180195,-0.6920834475740189,0.08803743905668834,15.000000000001679,0.17039937499794178,
5660,565,ok,1.5991747734057944,0.7428081272306587,-0.9883463719466927,0.09200995186266579,15.000000000001679,0.1688638330087997,
5661,566,ok,1.6185020446263665,0.7899705030561793,-1.0748848705724783,0.086714277317942,15.000000000001679,0.17025116700096987,
5662,566,ok,1.5781729205685062,0.7469622728988247,-0.9594405774600373,0.09754494046866746,15.000000000001679,0.16846791698480956,
5663,566,ok,1.4195713010222106,1.2879278703381096,-1.228061871749413,0.10854775731908875,15.000000000001679,0.1662624590098858,
5664,566,ok,0.968827260710337,1.2337126435812282,0.5928152734943876,0.12729323804922338,15.000000000001679,0.16386141700786538,
5665,566,ok,1.81631048024234,0.3525085628963758,-0.7646932230040975,0.08443277447564221,15.000000000001679,0.172165916999802,
5666,566,ok,1.565372150912186,0.7829026313667273,-0.9844104662778671,0.08548697815529661,15.000000000001679,0.1707227500155568,
5667,566,ok,1.7735766711168408,0.4951101710876663,-0.9385525084757386,0.0933148615590105,15.000000000001679,0.1709952079982031,
5668,566,ok,1.698848871672924,0.5318516554939425,-0.8547677622070742,0.08486823532897186,15.000000000001679,0.17056999998749234,
5669,566,ok,1.7703364192664859,0.48679303165311627,-0.9188556515186244,0.0896661600566269,15.000000000001679,0.1706621249904856,
5670,566,ok,0.5481267844201846,1.4614123081225974,-0.10181488082291057,0.12832733017943504,15.000000000001679,0.1658926249947399,
5671,567,ok,1.3248611019014038,0.7963491326006924,0.5536077390538326,0.10564654061385753,15.000000000001679,0.16660995900747366,
5672,567,ok,1.6375407029902376,0.7143642223836907,-1.014238729916517,0.09369408450619265,15.000000000001679,0.16583137499401346,
5673,567,ok,1.7619536881968645,0.24054104234823562,0.09372820114299146,0.1033803418861944,15.000000000001679,0.1668364999932237,
5674,567,ok,1.187027694962705,0.8152740851235523,0.0738867730289819,0.10022426606615382,15.000000000001679,0.16499716701218858,
5675,567,ok,1.531449978636814,0.7811652272275587,-0.9272436754960639,0.09197117749834186,15.000000000001679,0.17096795901306905,
5676,567,ok,1.679646520438816,0.3866206468219902,-0.4671396968371758,0.07649651910222396,15.000000000001679,0.17129391699563712,
5677,567,ok,1.6875324691282036,0.6168751969083537,-0.9668151909411777,0.08828426820844895,15.000000000001679,0.18408683300367557,
5678,567,ok,1.639926050187395,0.5412566844427632,-0.7492832504469252,0.08193101311030347,15.000000000001679,0.17306950001511723,
5679,567,ok,0.8773186490402162,1.1345059905216792,0.14355532560964165,0.09964240763629424,15.000000000001679,0.1673348329786677,
5680,567,ok,1.501629295645687,0.7290445534808121,-0.7997266998822617,0.08605290039221333,15.000000000001679,0.1722429159854073,
5681,568,ok,1.7355030691943336,0.4221390271949504,-0.7227210068080587,0.08305003534264209,15.000000000001679,0.17227574999560602,
5682,568,ok,1.5894187437244849,0.7104861952611957,-0.9291964756125437,0.0844112516211337,15.000000000001679,0.16949116700561717,
5683,568,ok,1.615796686470336,0.6838680588072075,-0.937334329564755,0.08544495608382106,15.000000000001679,0.17088516597868875,
5684,568,ok,1.0695266987013086,0.9889621378156684,0.34884065196684905,0.10770891080343876,15.000000000001679,0.16634420899208635,
5685,568,ok,1.5415207856573632,0.7504862787282232,-0.9027744972955598,0.08914743018089366,15.000000000001679,0.16940587499993853,
5686,568,ok,1.786715241828777,0.3974213458794749,-0.78999557767149,0.08571993571678745,15.000000000001679,0.17184650001581758,
5687,568,ok,0.8107301971218519,1.2617248019214888,0.3350122153405333,0.11029446615444699,15.000000000001679,0.16682424998725764,
5688,568,ok,0.9171905871755023,1.1950167671008827,0.439591364740742,0.12563289184585621,15.000000000001679,0.16419258300447837,
5689,568,ok,1.744418943773027,0.28161841272882365,0.30027016488754926,0.12084638660305025,15.000000000001679,0.1649198749801144,
5690,568,ok,1.5992986815045982,0.7252413535927412,-0.9657881061973583,0.08958587100545648,15.000000000001679,0.17005904100369662,
5691,569,ok,0.6170716397134679,1.4062141333185232,0.16791591070531534,0.12288268955863861,15.000000000001679,0.16631337499711663,
5692,569,ok,0.5994419502286918,1.4323179611475922,0.19252987939109834,0.11215246847874208,15.000000000001679,0.1637703329906799,
5693,569,ok,1.7449316782624802,0.4479211488493596,-0.7973943827334272,0.09036125831933145,15.000000000001679,0.17018541600555182,
5694,569,ok,1.810246732721167,0.3940358258955167,-0.8353875177548237,0.08504505936393694,15.000000000001679,0.17306929201004095,
5695,569,ok,1.4621199380457917,0.8606056038438988,-0.9162833203977376,0.0853227479061335,15.000000000001679,0.17184779100352898,
5696,569,ok,1.6455299999063893,0.7373694562776706,-1.055240773781688,0.08713058758519081,15.000000000001679,0.16718366698478349,
5697,569,ok,1.7977151769105568,0.3866825220845999,-0.7930867372155755,0.08230368744142559,15.000000000001679,0.17096358301932923,
5698,569,ok,1.7283297744995,0.35840633293446317,0.5406422492478885,0.12026673660461461,15.000000000001679,0.16437983300420456,
5699,569,ok,1.8869546535293165,0.3910025789215283,-0.9857612101512058,0.09794646250522684,15.000000000001679,0.16900374999386258,
5700,569,ok,1.5031121877320528,0.7777405492378571,-0.874887469296059,0.08953968290211664,15.000000000001679,0.16957033300423063,
5701,570,ok,1.8895300071633392,0.23646330500710777,-0.6784261001643691,0.08174325008977702,15.000000000001679,0.17404991600778885,
5702,570,ok,1.8589474273469226,0.32611984812888967,-0.8085856632489168,0.08876297499490178,15.000000000001679,0.1705062499968335,
5703,570,ok,1.68452309536978,0.5764265949703746,-0.9005869304662062,0.08965296913744268,15.000000000001679,0.16890975000569597,
5704,570,ok,1.8365211935298436,0.17054081050529393,0.16090111328904505,0.09516610372609362,15.000000000001679,0.168542500003241,
5705,570,ok,1.5869600773614208,0.7756067289357669,-1.0096055689781003,0.08875562915757335,15.000000000001679,0.16777654099860229,
5706,570,ok,1.0625320390886785,0.9902111123488869,0.3306066189087462,0.11893985307415084,15.000000000001679,0.1671512500033714,
5707,570,ok,1.8047980281490101,0.45494953078668016,-0.9327995336588972,0.09046323627627993,15.000000000001679,0.17007900000317022,
5708,570,ok,1.8650720446574454,0.1831891420520719,-0.4215353344682006,0.08029286476963732,15.000000000001679,0.17414554100832902,
5709,570,ok,1.5090837402289414,0.8166258022404868,-0.936461020598508,0.1044438239394505,15.000000000001679,0.1693206669879146,
5710,570,ok,1.0103971736079942,1.0137055329046287,0.21937564270465557,0.09447778589809072,15.000000000001679,0.16598091699415818,
5711,571,ok,1.5426301282225223,0.8149302737727546,-0.9875816201608437,0.09506693482035398,15.000000000001679,0.16690116698737256,
5712,571,ok,0.5309989684154078,1.4696275547903397,-0.02578708631375735,0.11194517802651498,15.000000000001679,0.16204133300925605,
5713,571,ok,1.3930207358699873,0.9778365590241401,-0.9464083000989324,0.10118452216573212,15.000000000001679,0.16925408301176503,
5714,571,ok,0.9633260292585958,1.044101236002807,0.11939259456001317,0.11105947999007973,15.000000000001679,0.16693970799678937,
5715,571,ok,0.9151982743477961,1.2105789190487743,0.4630358931216697,0.10740004332414495,15.000000000001679,0.16898058299557306,
5716,571,ok,0.8031533754593163,1.2056094471873497,0.11831734494023038,0.10649456660944694,15.000000000001679,0.1684793749882374,
5717,571,ok,0.9563411316991526,1.1143593619034287,0.36087258185059434,0.11394119514787551,15.000000000001679,0.16602291600429453,
5718,571,ok,1.4911848422235556,0.8575523114236332,-0.9583556294736351,0.09240713897335387,15.000000000001679,0.16933616599999368,
5719,571,ok,1.981453670657947,0.04227799677020978,0.3057502363593364,0.10028366310332916,15.000000000001679,0.16710833300021477,
5720,571,ok,1.4604248102690114,0.9239728033716015,-0.987423971030331,0.10227504459634368,15.000000000001679,0.16965441597858444,
5721,572,ok,0.8822587417143565,1.2288620739372016,0.4286336271444012,0.11102170335624904,15.000000000001679,0.16591279199928977,
5722,572,ok,1.6022874703444583,0.6910217310630602,-0.924067653948398,0.10372423392433548,15.000000000001679,0.1701419999881182,
5723,572,ok,1.418905236269289,1.103218375190277,-1.0995793681749584,0.10516898185212607,15.000000000001679,0.16878500001621433,
5724,572,ok,1.7861559113431986,0.38922565001827925,-0.7718542174965539,0.08398369391195863,15.000000000001679,0.17265404199133627,
5725,572,ok,1.6123598104612162,0.7016398744021826,-0.9560152418492861,0.09084012573304918,15.000000000001679,0.1695769170182757,
5726,572,ok,1.7563469697146814,0.30040484241228166,-0.44286677266455954,0.07945724499447404,15.000000000001679,0.17396750001353212,
5727,572,ok,1.1111492327984929,0.9002783518916195,0.1589494077701038,0.10756485929519206,15.000000000001679,0.16702820800128393,
5728,572,ok,0.8444188325311032,1.2612174443344202,0.4089541541266278,0.11407407574916431,15.000000000001679,0.16530912497546524,
5729,572,ok,0.8481059091046449,1.2511408383260902,0.39811253313010037,0.11829186442785983,15.000000000001679,0.16379558300832286,
5730,572,ok,1.0256975319930703,1.0338224666755638,0.3443202016085951,0.10135412010389956,15.000000000001679,0.1679781659913715,
5731,573,ok,1.690929857843107,0.6051106622158982,-0.9557863356846757,0.08898469440094021,15.000000000001679,0.170821125007933,
5732,573,ok,1.6225741150190216,0.6201510809497199,-0.8536765894210377,0.09250559070745965,15.000000000001679,0.17180774998269044,
5733,573,ok,1.7046673295302455,0.6334570320924622,-1.0190441704019688,0.08870869244279622,15.000000000001679,0.18590341697563417,
5734,573,ok,1.6766159155159026,0.4468369842225532,0.6314472064886624,0.11030235927320273,15.000000000001679,0.16548600001260638,
5735,573,ok,1.6791454611094978,0.36255881114914196,0.3719083658904661,0.12082387734667761,15.000000000001679,0.16680770899984054,
5736,573,ok,1.4034436934242989,0.670189213165711,0.4486172888237884,0.10389957899766261,15.000000000001679,0.16674441698705778,
5737,573,ok,1.637269395798462,0.6787195332198733,-0.9668862407354606,0.09603893932170761,15.000000000001679,0.17024154198588803,
5738,573,ok,1.9358712079139466,0.06744373345666474,0.11324138057392355,0.09716576963814302,15.000000000001679,0.1697177919850219,
5739,573,ok,0.6212215191718824,1.3925063918249068,0.1298756786647438,0.11098655541412107,15.000000000001679,0.16709462500875816,
5740,573,ok,1.884748220876024,0.25596973527877015,-0.7145867979691023,0.08077180608043402,15.000000000001679,0.17376295899157412,
5741,574,ok,1.469976123959953,0.9497239547871188,-1.0284697534999834,0.08591313045315216,15.000000000001679,0.16871058399556205,
5742,574,ok,0.564692955511029,1.4410714996919332,-0.08048021835927358,0.11366094506400239,15.000000000001679,0.16558412500307895,
5743,574,ok,0.795184320434806,1.2118532289373325,0.10555932326827137,0.10140480673752733,15.000000000001679,0.1653602920123376,
5744,574,ok,1.4403609179171137,0.9822033125149644,-1.0191807871067422,0.10510544241926009,15.000000000001679,0.16815070799202658,
5745,574,ok,0.7904160166261917,1.2140702615352275,0.08409474142840526,0.11737009029856978,15.000000000001679,0.16573054101900198,
5746,574,ok,1.5204355735612476,0.9009397814990425,-1.050614567507584,0.09124060645447439,15.000000000001679,0.1681119589775335,
5747,574,ok,1.6487234604706917,0.6742860336721872,-0.9801895370742496,0.08933952919159664,15.000000000001679,0.16908829199383035,
5748,574,ok,0.555669562098236,1.4503265972674,0.08141137863229174,0.12945654260683775,15.000000000001679,0.1655479579931125,
5749,574,ok,1.4002824478448557,0.9180041626978699,-0.8888621613069394,0.09003396625496979,15.000000000001679,0.17080962500767782,
5750,574,ok,1.6472320197455368,0.5544038536175401,-0.7896993785227017,0.09371086503034112,15.000000000001679,0.17051387499668635,
5751,575,ok,1.8975808910346752,0.10981153056110712,0.16733435995099036,0.09666158859698294,15.000000000001679,0.1679719169915188,
5752,575,ok,1.3935860277411332,1.1535426244265625,-1.1070645546004256,0.09556732917371952,15.000000000001679,0.16669741601799615,
5753,575,ok,1.6713602012141748,0.6249769079709645,-0.9501349475677636,0.08242855081233469,15.000000000001679,0.17082212498644367,
5754,575,ok,0.7559057967399301,1.289492195154367,0.2580159545424825,0.12203342653690624,15.000000000001679,0.16526970799895935,
5755,575,ok,1.6755148070576673,0.38321862303717397,-0.4397361115210807,0.07771453431216126,15.000000000001679,0.17513049999251962,
5756,575,ok,0.5379015166531741,1.462745744979684,0.026380050802642736,0.11226662006549876,15.000000000001679,0.16795874998206273,
5757,575,ok,0.7258940096264571,1.281131958562639,0.10075143776436991,0.12083860666312417,15.000000000001679,0.16745762500795536,
5758,575,ok,1.6173752442306397,0.5972049465071658,-0.8050271539185235,0.08532078766646019,15.000000000001679,0.17122137499973178,
5759,575,ok,1.0040587195717612,1.0984149542850579,0.44190306368169713,0.11919695851290435,15.000000000001679,0.16638850001618266,
5760,575,ok,1.7720920059867258,0.3835911171794456,-0.7263142578945185,0.0862345632319978,15.000000000001679,0.170481082983315,
5761,576,ok,0.7356489056458396,1.2666911224157538,0.0586293649467084,0.10562979255544305,15.000000000001679,0.16684833401814103,
5762,576,ok,1.0902801955320403,0.9407126368176878,0.25811080367092,0.09434225372627379,15.000000000001679,0.16498450000653975,
5763,576,ok,0.7065293595693777,1.304342138327794,-0.12346609019147274,0.1201857625237995,15.000000000001679,0.16611575000570156,
5764,576,ok,1.7809497893945927,0.2528915429980598,0.3455346463336831,0.09274466093938363,15.000000000001679,0.17018137499690056,
5765,576,ok,1.0487738841124676,0.9642570614731134,0.16481269759348613,0.11499363788730639,15.000000000001679,0.16875179202179424,
5766,576,ok,0.529930002159025,1.4741378249274522,0.06553457115319512,0.11525235477838272,15.000000000001679,0.1663980419980362,
5767,576,ok,0.8037764876506073,1.2582078217359434,0.30951737651739836,0.11531268442696048,15.000000000001679,0.1650514169887174,
5768,576,ok,0.8331650804303885,1.1838702809292694,0.1676196077375979,0.10651612500837936,15.000000000001679,0.1678486670134589,
5769,576,ok,0.5152937815834807,1.5042766741841183,-0.14066295027705444,0.11448593786715383,15.000000000001679,0.16726195899536833,
5770,576,ok,1.8333806678664721,0.27195459749286605,-0.6124898041440924,0.09144256966992088,15.000000000001679,0.1700493750104215,
5771,577,ok,0.8430339697149911,1.2270768972149324,0.33659493649566424,0.12390288424893381,15.000000000001679,0.16382699998212047,
5772,577,ok,0.6950665079929472,1.3175849652506317,-0.13201201036848237,0.11917527052830246,15.000000000001679,0.16698783400352113,
5773,577,ok,1.7264194971920792,0.4234263229583373,0.7035195243518707,0.11036254420485163,15.000000000001679,0.16655049999826588,
5774,577,ok,1.754538621932504,0.3898456375898676,-0.6969997884249537,0.08197149144387285,15.000000000001679,0.17104762501548976,
5775,577,ok,1.4690803756225794,0.906311535523698,-0.9808377504515452,0.0839112863450489,15.000000000001679,0.16935045801801607,
5776,577,ok,1.7662224688700805,0.4087805010080275,-0.7665261349551351,0.08674974823236581,15.000000000001679,0.17061949998605996,
5777,577,ok,0.7646605958935281,1.3098316364130154,0.3292012406050578,0.1202922298226019,15.000000000001679,0.16506933301570825,
5778,577,ok,1.6082933963303154,0.5709378228999759,-0.7378271766896642,0.09647345573225242,15.000000000001679,0.1713644159899559,
5779,577,ok,0.9450099223266156,1.1467475130549876,0.4062067783997549,0.1139226480063522,15.000000000001679,0.16700279197539203,
5780,577,ok,1.8713484399298588,0.24516043025935144,-0.6499869753313307,0.08593491714754196,15.000000000001679,0.17083650000859052,
5781,578,ok,0.8562986362883905,1.2169867837988095,0.3466087964314021,0.11623911033360192,15.000000000001679,0.1671666250040289,
5782,578,ok,1.340568449627179,1.1528079316023814,-1.0389366522459313,0.10353860139051935,15.000000000001679,0.16635250000399537,
5783,578,ok,1.085620908561309,0.959292847660955,0.3090329758712458,0.0929394570867709,15.000000000001679,0.16768670800956897,
5784,578,ok,1.5369834840012409,0.7466676574682152,-0.8896495204609406,0.09547241257082588,15.000000000001679,0.16984079201938584,
5785,578,ok,1.6931761367048979,0.6028137173366522,-0.9564078217184855,0.08773984440723911,15.000000000001679,0.17040262499358505,
5786,578,ok,1.5011490556359557,0.7271566728221429,-0.7958130130222325,0.08676344418608205,15.000000000001679,0.17004133301088586,
5787,578,ok,1.903904875811017,0.21504812373054125,-0.6624202408887455,0.08030347239435187,15.000000000001679,0.1747317079862114,
5788,578,ok,0.6137758342522006,1.3862595722065374,0.006592571871604211,0.12172307816509806,15.000000000001679,0.16518295899732038,
5789,578,ok,1.7715774282765169,0.45958984530443014,-0.8749989369648444,0.098273127178362,15.000000000001679,0.1728984999936074,
5790,578,ok,1.6525712565047392,0.6547379917442662,-0.9598238833084966,0.09550695508290866,15.000000000001679,0.1691636670148,
5791,579,ok,1.5788742090576398,0.6516023837026137,-0.8213815413015526,0.08925290753672302,15.000000000001679,0.169636000005994,
5792,579,ok,1.4573030738960797,1.02715354526142,-1.0850354946680496,0.09674582988333921,15.000000000001679,0.1681903339922428,
5793,579,ok,1.7189234810487748,0.5154460925987293,-0.866485793144041,0.0892184158656685,15.000000000001679,0.18372525001177564,
5794,579,ok,1.5670348860833865,0.7744072552096292,-0.9764838749920943,0.08083965643448929,15.000000000001679,0.17286887500085868,
5795,579,ok,0.9982280944574163,1.0338648331601854,0.2510819944948028,0.1059812087888729,15.000000000001679,0.1654459580022376,
5796,579,ok,1.554693205689912,0.7907244103567718,-0.9770995405338175,0.09125545023953001,15.000000000001679,0.1706017079995945,
5797,579,ok,1.6779666931047685,0.45394049752684035,-0.6521290040945876,0.09314147330343811,15.000000000001679,0.17083666700636968,
5798,579,ok,1.6143929678045466,0.6905589758627425,-0.9442610120105254,0.08526089460503114,15.000000000001679,0.17085033399052918,
5799,579,ok,0.5151272132307252,1.4940977398839168,0.09705127006016909,0.10452506609190927,15.000000000001679,0.165320125001017,
5800,579,ok,0.8845768892081524,1.1217397683601735,0.10552363925268245,0.107371669137846,15.000000000001679,0.16746954200789332,
5801,580,ok,1.5861736215106057,0.6609932751664543,-0.8502986230887427,0.08805670206739531,15.000000000001679,0.17097158302203752,
5802,580,ok,1.8537897448200997,0.15109555886628573,0.1344945558608148,0.09675079343306306,15.000000000001679,0.16813183299382217,
5803,580,ok,1.65944665008476,0.5433012744432045,-0.7948534502905172,0.08155521238616247,15.000000000001679,0.17118320800364017,
5804,580,ok,1.6646827372075652,0.5874559195356073,-0.8808449558814961,0.08263176796183454,15.000000000001679,0.17138029198395088,
5805,580,ok,1.120183239782106,0.982496920837587,0.4685061094412148,0.12721798522658145,15.000000000001679,0.16502683400176466,
5806,580,ok,1.5821373847427334,0.6414040788173737,-0.8107871651342952,0.08598832720069718,15.000000000001679,0.16925849998369813,
5807,580,ok,0.6871011381366058,1.3132832192846842,0.022979058131521863,0.11993284822644218,15.000000000001679,0.16855287499492988,
5808,580,ok,0.867140678949502,1.2427675516548835,0.4225304441839235,0.11932614417079127,15.000000000001679,0.16571608401136473,
5809,580,ok,0.7308178200697122,1.300581984254769,0.21191773258141963,0.11925760865461263,15.000000000001679,0.16452858300181106,
5810,580,ok,1.6938356446142322,0.4790939248632799,-0.7456030455798377,0.08267963495749361,15.000000000001679,0.17352087498875335,
5811,581,ok,1.0604201986145059,1.0311230060689012,0.4310085477814396,0.11600490255970292,15.000000000001679,0.1662189170019701,
5812,581,ok,1.567486916176853,0.7865689471082659,-0.9922702818605817,0.09412159543126737,15.000000000001679,0.16878079099114984,
5813,581,ok,1.6583839482986864,0.6246945022278754,-0.9266995779498923,0.0948031278429758,15.000000000001679,0.17009766699629836,
5814,581,ok,1.589605373602142,0.6892258015380869,-0.8992865196539618,0.0849729430356374,15.000000000001679,0.17258758397656493,
5815,581,ok,0.9112691765898149,1.1303927751085132,0.2723871998079322,0.1081030241504805,15.000000000001679,0.16803629201604053,
5816,581,ok,1.7530288163918268,0.2606663116266468,0.21869694005558585,0.11002070462150208,15.000000000001679,0.16731795799569227,
5817,581,ok,1.7018085636846676,0.5839800700724699,-0.9439491222934127,0.09514212687480483,15.000000000001679,0.16932733298745006,
5818,581,ok,1.542114359836172,0.7279922887109211,-0.8718446428315345,0.08860027618402863,15.000000000001679,0.1696684169874061,
5819,581,ok,1.6460338921548088,0.6747770588638378,-0.9763256272416128,0.08552266198135437,15.000000000001679,0.16960512497462332,
5820,581,ok,1.7772526047966055,0.4392417678384414,-0.8500944429863339,0.0795273368787244,15.000000000001679,0.17334937502164394,
5821,582,ok,1.5443344559347907,0.8621862376894597,-1.0441976604475511,0.08644572767666125,15.000000000001679,0.17112987500149757,
5822,582,ok,1.7112284724826994,0.4103357579485177,0.633459140417406,0.09361732869898856,15.000000000001679,0.1657114999834448,
5823,582,ok,1.6421502221339406,0.6533204161239421,-0.9397400972747508,0.0833723319967565,15.000000000001679,0.17062704201089218,
5824,582,ok,0.8412306724958183,1.2644021926858975,0.4081236457526705,0.12244074273346482,15.000000000001679,0.16691454200190492,
5825,582,ok,1.5073472962273289,0.8026913841585985,-0.9157226380710408,0.09307675346539222,15.000000000001679,0.1698997909843456,
5826,582,ok,1.7112109301827192,0.3025152530950768,0.21630622182899797,0.09360053866471969,15.000000000001679,0.1722582499787677,
5827,582,ok,1.893572897891467,0.22382795950844586,-0.6563773321841305,0.08730857839184365,15.000000000001679,0.17109450002317317,
5828,582,ok,0.8944866574288064,1.2412950308329458,0.4737859749711658,0.1135810094819869,15.000000000001679,0.16541804099688306,
5829,582,ok,1.0481309901443894,0.9943935611297673,0.29552370903835573,0.11343983858277111,15.000000000001679,0.1645202910003718,
5830,582,ok,1.7246235593644306,0.27817186054503423,-0.09815436666745356,0.09560374225400767,15.000000000001679,0.16668041600496508,
5831,583,ok,1.2534820735151946,0.7900057634870831,0.3273091141863834,0.11535033890249947,15.000000000001679,0.16354020897415467,
5832,583,ok,0.6934313279969502,1.3881869029421108,0.3263920049818128,0.11038301307345876,15.000000000001679,0.16770366701530293,
5833,583,ok,1.6691719846799484,0.4871165859767795,-0.705208401831574,0.08240066195541407,15.000000000001679,0.17188195799826644,
5834,583,ok,0.5921829815238226,1.417550895721611,0.10692859548196795,0.11679496524636451,15.000000000001679,0.16520962500362657,
5835,583,ok,1.5171000556411554,0.7643121486419875,-0.8801523236534772,0.09145515028755466,15.000000000001679,0.17077962501207367,
5836,583,ok,1.504359799006117,0.942611863131665,-1.0700601538585746,0.10546185698047125,15.000000000001679,0.16789587499806657,
5837,583,ok,1.08760189716711,0.997756426907344,0.42235732137132714,0.12495112986142877,15.000000000001679,0.1651064170000609,
5838,583,ok,1.6027520410365061,0.7522163904445938,-1.0059076343141888,0.0985677907287696,15.000000000001679,0.16882320801960304,
5839,583,ok,0.5362701005410264,1.4713681280519424,0.09018849535819433,0.11503949395587544,15.000000000001679,0.1661012499826029,
5840,583,ok,1.1985232098075853,1.0037153843222144,0.6662393331313039,0.11994461684961669,15.000000000001679,0.16566920801415108,
5841,584,ok,0.563389835975422,1.463966780842104,-0.17342576290631073,0.11962422038713279,15.000000000001679,0.16837229201337323,
5842,584,ok,1.5458177342595003,0.7841546519112313,-0.954605969540352,0.09597925977859399,15.000000000001679,0.17008683399762958,
5843,584,ok,1.3348029452846062,1.039682246054409,-0.9270861417351436,0.09486241605691172,15.000000000001679,0.16700845799641684,
5844,584,ok,0.8329078580668027,1.1926456338835807,0.20473013344933824,0.10918614955246872,15.000000000001679,0.16647691701655276,
5845,584,ok,1.5109016210417976,0.854297053707196,-0.9849814553191953,0.08915011760586264,15.000000000001679,0.16998216701904312,
5846,584,ok,1.2144902657833534,1.29539680565448,-0.9892021755943574,0.10500943869678811,15.000000000001679,0.16779333300655708,
5847,584,ok,0.7509217830085188,1.2961372244427751,0.2616499902189422,0.12153315699534224,15.000000000001679,0.16437266700086184,
5848,584,ok,1.4603369674067708,0.9719164270228351,-1.0371249805830107,0.10307681293915702,15.000000000001679,0.16830370901152492,
5849,584,ok,1.0448603551913622,1.040424746151529,0.41345918063608417,0.12237264537106592,15.000000000001679,0.1649945839890279,
5850,584,ok,1.163012770196782,0.8926089462098622,0.3553642604798083,0.12536483662816542,15.000000000001679,0.16461633300059475,
5851,585,ok,0.832794626293181,1.2722177283475842,0.4048207685522673,0.09458854953801188,15.000000000001679,0.16738470899872482,
5852,585,ok,1.6505986281096856,0.49424596320037767,0.6761513231364836,0.13170013720096205,15.000000000001679,0.164706917013973,
5853,585,ok,1.69855259216364,0.4931405359848762,-0.7838720967440252,0.0923757505071453,15.000000000001679,0.17101533399545588,
5854,585,ok,1.1616727805388751,0.839957332991778,-0.06151958846882063,0.10289745842809367,15.000000000001679,0.16706875001545995,
5855,585,ok,1.4640353957599492,0.9502122828725741,-1.0204633207550278,0.08669323154534056,15.000000000001679,0.16817162500228733,
5856,585,ok,0.81833043823718,1.2906876389980355,0.4080939605964217,0.11603861278466365,15.000000000001679,0.16511316600372083,
5857,585,ok,1.332321230431396,0.7049954049394996,0.3131181244042226,0.09706142089410769,15.000000000001679,0.16253912498359568,
5858,585,ok,1.6567576572305363,0.6122198512612018,-0.9049376738530307,0.08400392594996572,15.000000000001679,0.18208412500098348,
5859,585,ok,0.5622444891068059,1.53656811482611,-0.3183547601892388,0.12893854240273475,15.000000000001679,0.16298620798625052,
5860,585,ok,0.8358899270151925,1.1914235848910202,0.2119343082537005,0.11926316407686119,15.000000000001679,0.16561429100693204,
5861,586,ok,0.6612491942365224,1.3577542150984805,-0.15738757465149913,0.12019705878157513,15.000000000001679,0.1649743750167545,
5862,586,ok,1.5744527217071966,0.6764488655836876,-0.8527096618876152,0.0842175290999815,15.000000000001679,0.1698784590116702,
5863,586,ok,1.8365748620992055,0.37256782337397903,-0.8511590536304056,0.09744255054437602,15.000000000001679,0.17075137500069104,
5864,586,ok,1.5692547759318856,0.8064281515883183,-1.0187967385421657,0.10215832659773814,15.000000000001679,0.1681843749829568,
5865,586,ok,1.6571666389997328,0.514895668415017,-0.7353002065287291,0.09710233746264674,15.000000000001679,0.16905933400266804,
5866,586,ok,0.7378079412125714,1.3350659865817414,0.31972381193120475,0.11796055522259422,15.000000000001679,0.16687891699257307,
5867,586,ok,0.4997644837944615,1.5432217899330762,-0.20277624631697333,0.11650921013822764,15.000000000001679,0.16572933402494527,
5868,586,ok,0.6061033684219594,1.3990389376245316,-0.07878511738262411,0.11453191080991937,15.000000000001679,0.16603908300749026,
5869,586,ok,1.9088154775388109,0.10069806406021341,0.19033833935152628,0.10607872887708229,15.000000000001679,0.16588395801954903,
5870,586,ok,0.9375233082063511,1.1206869683094203,0.3252053900680345,0.11763385443559665,15.000000000001679,0.16688870801590383,
5871,587,ok,1.709570973405662,0.5215209238105296,-0.858331249798767,0.09128848688138722,15.000000000001679,0.16828425001585856,
5872,587,ok,1.9730736824791668,0.17244305491412099,-0.7436769251229115,0.09449142188448122,15.000000000001679,0.17485695899813436,
5873,587,ok,1.477648222416783,1.0326419423360926,-1.1169882083013192,0.09799589776471336,15.000000000001679,0.16742700000759214,
5874,587,ok,1.5827983517597985,0.6506454309188647,-0.8273408422369821,0.08312255527579905,15.000000000001679,0.17232174999662675,
5875,587,ok,1.7198626859847563,0.6383417521010641,-1.0506257538112707,0.08872384543697812,15.000000000001679,0.168413999985205,
5876,587,ok,1.4346065623349233,0.7187020172753054,-0.645268524073548,0.09134884816276131,15.000000000001679,0.170829708018573,
5877,587,ok,1.4026457230166414,1.0684258998485476,-1.0486108526159208,0.09380960117454684,15.000000000001679,0.1654425419983454,
5878,587,ok,1.699809901713954,0.5937499698319998,-0.9548898128147042,0.08202146356384535,15.000000000001679,0.16975283401552588,
5879,587,ok,1.6539290918551128,0.52165148095263,-0.7415976652573323,0.08159284912457643,15.000000000001679,0.17218641701037996,
5880,587,ok,1.5962376125954054,0.5824242199498649,-0.7337938563926051,0.0864444985923513,15.000000000001679,0.17198520799865946,
5881,588,ok,1.8324570749345688,0.3489148308166157,-0.7948689801347333,0.0784687009182598,15.000000000001679,0.17392545798793435,
5882,588,ok,1.6828105634905528,0.32367032674677665,0.14754734550690107,0.11982108170034297,15.000000000001679,0.16630683300900273,
5883,588,ok,1.7861174192672051,0.493504602395609,-0.9595243886460257,0.08751441740286467,15.000000000001679,0.170174875005614,
5884,588,ok,0.6935694907892261,1.3466668056437971,0.2327968550173013,0.1177119601703834,15.000000000001679,0.1655241249827668,
5885,588,ok,1.7180772658855104,0.5980858329890649,-0.993189891152073,0.09598950512113595,15.000000000001679,0.16802029201062396,
5886,588,ok,1.6969331505242544,0.30940563120679593,0.14653599405224427,0.10300559448349111,15.000000000001679,0.16994700001669116,
5887,588,ok,1.7906524643105526,0.315441824100371,0.6072067192902012,0.10936239810856022,15.000000000001679,0.1643900419876445,
5888,588,ok,1.6386756276351642,0.6177542123245302,-0.8801445307782801,0.09800570509712632,15.000000000001679,0.1677620830014348,
5889,588,ok,1.8166247920905145,0.4145478691084845,-0.8868298460750282,0.08749556899001987,15.000000000001679,0.16916187497554347,
5890,588,ok,0.6064614542480837,1.3944018072576023,0.03234693858531663,0.12030889365594069,15.000000000001679,0.16672979202121496,
5891,589,ok,1.7020293399593223,0.46312457089791587,0.7313807418196432,0.12204493602211867,15.000000000001679,0.16540604099282064,
5892,589,ok,1.8774941741279092,0.12551375763116615,0.10623418025386155,0.09757448705255148,15.000000000001679,0.16657970900996588,
5893,589,ok,1.7288870807877177,0.5181915928711089,-0.8906707487488377,0.09445374716182267,15.000000000001679,0.1690307499957271,
5894,589,ok,1.4776307618085,0.9053558626691598,-0.9925456568087881,0.09269174760710785,15.000000000001679,0.1684162089950405,
5895,589,ok,1.0059002323293464,1.0582154488126354,0.35337959271164393,0.1191808668358896,15.000000000001679,0.16445654100971296,
5896,589,ok,0.8702029816601071,1.2034610428711863,0.3503982292567737,0.09977861412707113,15.000000000001679,0.16696770800626837,
5897,589,ok,1.3038044861435503,0.8938737608708953,0.6902107512913355,0.10467374805193878,15.000000000001679,0.1639255000045523,
5898,589,ok,1.3947992444150723,1.0627566743386092,-1.032976224665424,0.10463045799268156,15.000000000001679,0.16861720802262425,
5899,589,ok,0.5165368398883716,1.4890206275997984,-0.07556710887258658,0.12181364731430117,15.000000000001679,0.16441991701140068,
5900,589,ok,1.6374124109566706,0.6367543864978029,-0.9070175306034362,0.09785652936220646,15.000000000001679,0.16984091702033766,
5901,590,ok,1.0321666293217056,1.0133143909983606,0.3030172596971916,0.09392098984266227,15.000000000001679,0.16558391699800268,
5902,590,ok,0.8404768029012777,1.1971114329241053,0.24853813605555514,0.10863308037612694,15.000000000001679,0.1679610419960227,
5903,590,ok,1.7815904151280382,0.4891160664245178,-0.9440837603409843,0.08929616808508269,15.000000000001679,0.17179908300749958,
5904,590,ok,1.9016693411509247,0.27631491248248846,-0.8032782843716991,0.08020693802887693,15.000000000001679,0.17200079199392349,
5905,590,ok,1.5205705263540243,0.907860374251438,-1.058000833405317,0.08762088346262037,15.000000000001679,0.16890312498435378,
5906,590,ok,1.2555896909700723,0.8332930602322042,0.46400472925174663,0.1274010037487852,15.000000000001679,0.1655495000013616,
5907,590,ok,1.0736012814454245,1.0818336404176667,0.5564083461385021,0.11408200684668149,15.000000000001679,0.16586737500620075,
5908,590,ok,1.5869954182209431,0.8261218698128272,-1.067972187335669,0.09895708625801751,15.000000000001679,0.16980441700434312,
5909,590,ok,1.5898057491330226,0.6429376555638027,-0.8281691332630934,0.08526830224466402,15.000000000001679,0.1707122910011094,
5910,590,ok,1.7942368188660154,0.20578617859586054,0.009084341296587648,0.09747335461048626,15.000000000001679,0.16566554200835526,
5911,591,ok,1.1132505652187346,1.0740325166465334,0.6179895150662991,0.12040494254187675,15.000000000001679,0.16586537499097176,
5912,591,ok,1.5767528401444126,0.7685937263061687,-0.9847782024450706,0.10974186321102929,15.000000000001679,0.167608666990418,
5913,591,ok,1.101684652258188,0.9841215913154477,0.42626298430638604,0.11816920332609249,15.000000000001679,0.1649984170217067,
5914,591,ok,1.7617725877875592,0.46635866362129186,-0.8670564586174324,0.08411761548336637,15.000000000001679,0.17038374999538064,
5915,591,ok,1.6199549184766937,0.6520622655193525,-0.8985086543044598,0.09339206085113635,15.000000000001679,0.16831470798933879,
5916,591,ok,1.4878062857719596,0.8628955005573212,-0.9594586501406764,0.09389324054010047,15.000000000001679,0.16915629198774695,
5917,591,ok,1.810269738472239,0.3441846995959485,-0.7316776728698163,0.08653908751556118,15.000000000001679,0.16902416700031608,
5918,591,ok,1.389796560745242,1.0292241751870832,-0.9945495353264734,0.0986362833780141,15.000000000001679,0.16759066699887626,
5919,591,ok,0.7899533858726593,1.2187245447374566,0.11676906634885836,0.12402725368998391,15.000000000001679,0.174538791005034,
5920,591,ok,0.791645899195427,1.2615118136542072,0.28519892766389876,0.1146874370793329,15.000000000001679,0.16461487498600036,
5921,592,ok,1.6738132737544225,0.6750410954279168,-1.0228073017883883,0.09957631828580148,15.000000000001679,0.17023883300134912,
5922,592,ok,1.8471979630695357,0.4324757452122566,-0.9772451204382507,0.08004633153551113,15.000000000001679,0.17097654100507498,
5923,592,ok,1.7163501697512151,0.47005090681458866,-0.7778905305158059,0.08988123839953965,15.000000000001679,0.17031437502009794,
5924,592,ok,0.9765196116651014,1.0428708709908465,0.19363466210557323,0.10885133531836397,15.000000000001679,0.16638383298413828,
5925,592,ok,1.6672859460598406,0.6327982929380269,-0.9542546400911469,0.08993375400876663,15.000000000001679,0.169680207996862,
5926,592,ok,1.6389038639179294,0.9063229563705133,-1.220604931746134,0.09549304984556371,15.000000000001679,0.167171209002845,
5927,592,ok,0.8398727612056528,1.177735424211733,-0.1710766565576641,0.09425307921752171,15.000000000001679,0.16825504100415856,
5928,592,ok,1.7535475960947222,0.4461659254791879,-0.8127292541970116,0.09165791594536808,15.000000000001679,0.17059316698578186,
5929,592,ok,1.6242185496879342,0.731900149417577,-1.014893425982853,0.08544798713795872,15.000000000001679,0.1722302919952199,
5930,592,ok,1.1126967282601994,0.8895763133276811,0.07108618120287356,0.09120154554726237,15.000000000001679,0.1692471660207957,
5931,593,ok,1.7142186596203413,0.5208794552302478,-0.8664571697612012,0.08378122385968273,15.000000000001679,0.1710794579994399,
5932,593,ok,0.7476164735208047,1.2530354114550408,-0.031213697947280163,0.11918275237281728,15.000000000001679,0.1647767910035327,
5933,593,ok,1.1068218980845124,1.0360128846386554,0.5438598675180184,0.12271434524374777,15.000000000001679,0.16505920901545323,
5934,593,ok,1.5713506849520333,0.5252240994756207,0.542382723113237,0.11166566300061062,15.000000000001679,0.18122733401833102,
5935,593,ok,1.704883188301069,0.476168257691314,-0.7645675293158168,0.09030184781561156,15.000000000001679,0.1699722500052303,
5936,593,ok,1.2731479972592865,0.971480640249057,-0.7503690755507204,0.11583580624610729,15.000000000001679,0.16988570900866762,
5937,593,ok,0.7736637085803197,1.2264241900862747,-0.01166191624811042,0.09276242814702404,15.000000000001679,0.16913195798406377,
5938,593,ok,0.9135450666892683,1.0970519366523437,-0.13874214849502794,0.11009058149411426,15.000000000001679,0.16832008297205903,
5939,593,ok,1.611250503515237,0.7135043410438349,-0.9700809783544088,0.0971066830623182,15.000000000001679,0.16879620801773854,
5940,593,ok,1.5320475415079744,0.8058129779202091,-0.9597327887161249,0.09191703826509576,15.000000000001679,0.16814566700486466,
5941,594,ok,1.563337255253693,0.8562966404682866,-1.065817057031845,0.08411264354352044,15.000000000001679,0.1690370830183383,
5942,594,ok,1.5984367302397886,0.6653209197117403,-0.8795633764661602,0.0943640888449097,15.000000000001679,0.1695980420045089,
5943,594,ok,1.8561623418240494,0.3151036404424855,-0.7787572771766395,0.07995130244109201,15.000000000001679,0.17306470801122487,
5944,594,ok,1.685464051192378,0.6149769901886525,-0.9604688074867079,0.08406350409230764,15.000000000001679,0.17062900000019,
5945,594,ok,0.5694710952556942,1.4305312747634105,0.0016429574351103993,0.1210772417244791,15.000000000001679,0.1660280420037452,
5946,594,ok,1.5696858321804106,0.7623975655320036,-0.9655329232847507,0.10079673889776047,15.000000000001679,0.16932858299696818,
5947,594,ok,0.8004073274918613,1.2866195211363873,-0.36296030399891716,0.11812665962749815,15.000000000001679,0.16475483399699442,
5948,594,ok,1.4343482206251637,0.8654005431542643,-0.8775185983988801,0.10210971130656071,15.000000000001679,0.16682516600121744,
5949,594,ok,1.5604575408270405,0.7469969557583988,-0.9300597334823473,0.09391534756031573,15.000000000001679,0.16812025001854636,
5950,594,ok,0.8474100971542975,1.2169443215992009,0.3239254193225966,0.11556027234068121,15.000000000001679,0.16478341701440513,
5951,595,ok,0.9439853645478,1.459714446616373,-0.7740800277008771,0.1211187866187827,15.000000000001679,0.16517541601206176,
5952,595,ok,1.5798794088226809,0.6341293950067184,-0.7939876805323813,0.09544774557444038,15.000000000001679,0.17422379201161675,
5953,595,ok,1.7522363073046603,0.35077030841404144,-0.5919235601223828,0.0819313617710432,15.000000000001679,0.17621166701428592,
5954,595,ok,1.1565455531822033,0.9121364441096653,-0.3926200457836628,0.08984556627102756,15.000000000001679,0.17034066599444486,
5955,595,ok,1.6076723029686895,0.7604723929707875,-1.023807376973366,0.09464837260233669,15.000000000001679,0.1685100830218289,
5956,595,ok,1.577740794197816,0.6374542005618846,-0.7954463892114306,0.08071473933867636,15.000000000001679,0.17349083398585208,
5957,595,ok,1.9935134742601306,0.02044534820842571,0.2354980947418369,0.0934701780702909,15.000000000001679,0.17063924999092706,
5958,595,ok,1.7654089395063322,0.4410587605016027,-0.828475066299568,0.08188684565182881,15.000000000001679,0.17422191699733958,
5959,595,ok,1.7794947904352352,0.25083902446277706,0.327165998911581,0.09469365230541082,15.000000000001679,0.16860379200079478,
5960,595,ok,1.7200523286132388,0.4355053899020749,0.7147983129123671,0.09364408984267791,15.000000000001679,0.16669074998935685,
5961,596,ok,0.8727258211026337,1.2047440598001562,-0.35946953750787924,0.1066986037245756,15.000000000001679,0.1677514580078423,
5962,596,ok,1.5637059621949745,0.6520567512043198,-0.792606670568863,0.08285007482386457,15.000000000001679,0.17049258298357017,
5963,596,ok,1.6808638141235182,0.5722577407913293,-0.8870485910589012,0.08395260274003703,15.000000000001679,0.16986399999586865,
5964,596,ok,0.7321043430546896,1.2679713280483715,0.010525804495326469,0.09382235140349678,15.000000000001679,0.16887241700896993,
5965,596,ok,1.6112458713624254,0.5276400133751347,-0.6544228967330583,0.08318504848290549,15.000000000001679,0.17158437499892898,
5966,596,ok,1.0921208622544052,1.5288101106448195,-0.9852451806229545,0.11649549494162706,15.000000000001679,0.16723987500881776,
5967,596,ok,1.6250644215588632,0.6289599460428843,-0.8724010228454069,0.0837348421523078,15.000000000001679,0.16968166700098664,
5968,596,ok,1.4922743394138098,0.970919539055902,-1.0806831677119828,0.0934495371700608,15.000000000001679,0.16809395799646154,
5969,596,ok,0.9155751567952387,1.1062926692512178,0.1989097149626252,0.11127127525879422,15.000000000001679,0.16972574999090284,
5970,596,ok,0.8204304218420172,1.3220540668124856,-0.4620556121922777,0.11673485311301005,15.000000000001679,0.17316458298591897,
5971,597,ok,1.9244190336064013,0.09852630213609326,0.2962876866127843,0.09936544077090254,15.000000000001679,0.17252216598717496,
5972,597,ok,1.0398258796015252,0.9858858024943361,0.2298048178488187,0.10314127061312965,15.000000000001679,0.16862204202334397,
5973,597,ok,1.8518208540920345,0.24552925651657853,-0.5925140385770474,0.08309289476390634,15.000000000001679,0.1722192089946475,
5974,597,ok,1.5047644826936522,0.8012485867385246,-0.9095664888175631,0.10256848453846555,15.000000000001679,0.17468441699747927,
5975,597,ok,1.4334789895336302,0.7377920129776268,0.6794799562395393,0.11193266552751528,15.000000000001679,0.17380404198775068,
5976,597,ok,1.0446983539395427,1.1112349763094787,0.5490823102125736,0.11689384303900338,15.000000000001679,0.17611787500209175,
5977,597,ok,0.8612229733130362,1.1648876090539886,0.2104573691999943,0.1307112039542661,15.000000000001679,0.1679818749835249,
5978,597,ok,1.749369966875163,0.40932862973054673,-0.7280521085814591,0.08068832004684945,15.000000000001679,0.176106750004692,
5979,597,ok,1.8227530745108704,0.24157315426726936,-0.4799622889824479,0.09540052985929581,15.000000000001679,0.19612179201794788,
5980,597,ok,1.5696616530717975,0.7364220682288479,-0.9312403102663811,0.08197296651272354,15.000000000001679,0.17743537499336526,
5981,598,ok,1.044959080085344,1.0408173433901944,0.4146180294099191,0.12066853584717452,15.000000000001679,0.168496791011421,
5982,598,ok,0.52439984238496,1.4858537703319867,0.10319326146380582,0.1187074780362304,15.000000000001679,0.17154729200410657,
5983,598,ok,1.5171308638523564,0.7768691103363451,-0.8975727740991215,0.0962813187222815,15.000000000001679,0.1698365830234252,
5984,598,ok,0.7114712479164461,1.2886313670559086,-0.012083239426564014,0.1188611717238256,15.000000000001679,0.16644041700055823,
5985,598,ok,1.0772142937842506,1.0691857065883759,0.5421949703877017,0.1213360968441782,15.000000000001679,0.16654308402212337,
5986,598,ok,1.6976539107571165,0.5849596082086415,-0.9379176351406824,0.09326920610380947,15.000000000001679,0.17077454199898057,
5987,598,ok,0.7590457941249682,1.2509837958209882,0.1229847285481755,0.11694486432902691,15.000000000001679,0.17297404099372216,
5988,598,ok,1.9329959590007368,0.08789873186702987,0.28344685201544584,0.10154106651251074,15.000000000001679,0.1716502909839619,
5989,598,ok,1.4017931546732358,1.2737723043956681,-1.1990068317678446,0.11447649782559097,15.000000000001679,0.17203170800348744,
5990,598,ok,1.2649570110347768,0.8888007133062376,0.6044438642399389,0.11586411131707801,15.000000000001679,0.1703768330044113,
5991,599,ok,0.8295379008844588,1.1705318723800453,-0.010758915672158064,0.128628544410695,15.000000000001679,0.171765916980803,
5992,599,ok,1.3736643355123184,1.1389088372341396,-1.0702689923869781,0.0997485301709923,15.000000000001679,0.17141124999034218,
5993,599,ok,1.973726560471312,0.09768503473161398,-0.5261124484612152,0.08155489416514071,15.000000000001679,0.17457462497986853,
5994,599,ok,1.8946960809103754,0.10932507273278683,0.1233756800194212,0.09248285312575107,15.000000000001679,0.1712505410250742,
5995,599,ok,1.5533430049743897,1.0372674897782304,-1.2190244480177408,0.09299238553295054,15.000000000001679,0.1671049159776885,
5996,599,ok,1.4346741374519922,0.6762548785329081,0.5531624843259817,0.12458277712963174,15.000000000001679,0.16613095899811015,
5997,599,ok,0.6855402906067856,1.3227572273943093,-0.10633774964043925,0.1124673162276017,15.000000000001679,0.16641949999029748,
5998,599,ok,0.8474533967625194,1.1750040063228282,-0.1938011096483922,0.12279105098466365,15.000000000001679,0.20211179202306084,
5999,599,ok,0.9282650701273201,1.1095701841994325,0.2623180961196653,0.10848512481380594,15.000000000001679,0.17350520798936486,
6000,599,ok,1.6685033767386432,0.634227200854851,-0.9584196258964438,0.08577062952209902,15.000000000001679,0.17956779201631434,
6001,600,ok,1.6541962391401963,0.5015979602084765,-0.7008256022250984,0.0903737142989041,15.000000000001679,0.17573324998375028,
6002,600,ok,0.7941526238153667,1.5792736959696512,-0.673548637449289,0.12682714090314315,15.000000000001679,0.16842033399734646,
6003,600,ok,1.7755687050003333,0.5306036182944083,-0.9967539814854391,0.09118270261169711,15.000000000001679,0.16580758400959894,
6004,600,ok,1.4817074149650806,0.9834780887646694,-1.0780260050392902,0.09271865209627718,15.000000000001679,0.1693674580019433,
6005,600,ok,1.7968273552497045,0.37159599429928464,-0.75953205251096,0.08275944996748968,15.000000000001679,0.173866958997678,
6006,600,ok,1.1253595993811962,1.08286994163955,0.6521554139705995,0.10293463740263377,15.000000000001679,0.17119041699334048,
6007,600,ok,0.6632428008468859,1.3799932570633786,0.23554755695685817,0.1217478008846614,15.000000000001679,0.1711415419995319,
6008,600,ok,0.7735069900718431,1.2948720821593616,0.3179743435746478,0.11901801108470225,15.000000000001679,0.1695654169889167,
6009,600,ok,1.684189051530839,0.3158110718343928,0.000644624487826129,0.09381433711052752,15.000000000001679,0.17302599997492507,
6010,600,ok,1.272747162654784,0.7929945332857057,0.40376124549987624,0.10479152745771637,15.000000000001679,0.16347966599278152,
6011,601,ok,0.8821000869537831,1.2557122964912173,-0.47343043608274066,0.1176775076973025,15.000000000001679,0.16771216702181846,
6012,601,ok,1.591129953000962,0.7238248890836462,-0.950300801648865,0.09734440860246646,15.000000000001679,0.17132041699369438,
6013,601,ok,1.4417527488899962,1.0091950801841798,-1.0473569591121388,0.10038832673104192,15.000000000001679,0.1693769169796724,
6014,601,ok,1.7994930535845144,0.3867470412040147,-0.7972390738259878,0.09364135656253944,15.000000000001679,0.16966166699421592,
6015,601,ok,1.6932780536224838,0.4898886568791708,-0.7659988892011217,0.08732701935018403,15.000000000001679,0.16948841701378115,
6016,601,ok,1.5839434519070916,0.707099738389645,-0.9150332083412213,0.09569829637286631,15.000000000001679,0.17013854201650247,
6017,601,ok,0.5203089587159038,1.4849087387661155,0.07350105523401844,0.11554385552683778,15.000000000001679,0.16567337498418055,
6018,601,ok,1.4582450290574667,0.6936357385471141,0.647989954528207,0.09904079152006033,15.000000000001679,0.16443791598430835,
6019,601,ok,0.8596315951761214,1.1408980535785356,0.030171593923662834,0.11187172690740449,15.000000000001679,0.16622337501030415,
6020,601,ok,1.364817172780567,0.6859942066169044,0.3689372440841418,0.11268511913596288,15.000000000001679,0.1640679579868447,
6021,602,ok,1.6943865677072618,0.5933033900721935,-0.9445371821397037,0.09685485552861668,15.000000000001679,0.17486783300410025,
6022,602,ok,1.60096408458178,0.6905449066673005,-0.9210935667269794,0.09418399354451105,15.000000000001679,0.17968058300903067,
6023,602,ok,1.5411153331847858,0.7725898566377277,-0.9319339086805779,0.09670076113883232,15.000000000001679,0.17565670801559463,
6024,602,ok,1.4479310650297865,0.9013648878917436,-0.9431358648260445,0.10217642887197256,15.000000000001679,0.16985487498459406,
6025,602,ok,0.7649650138521175,1.2947709039548208,0.2963501214932593,0.11558797638056217,15.000000000001679,0.16522287501720712,
6026,602,ok,1.9227179343471679,0.08795078081236135,0.20226724515892897,0.09184463515355591,15.000000000001679,0.1705956670048181,
6027,602,ok,1.778880236668293,0.40715805030152147,-0.7920034215139429,0.08642555550868859,15.000000000001679,0.1729842080094386,
6028,602,ok,1.5384768329352585,0.7692869689071206,-0.923177339722266,0.09020967423862991,15.000000000001679,0.17217770899878815,
6029,602,ok,1.7267846422850108,0.6016098515152981,-1.013059817312041,0.09909387215129911,15.000000000001679,0.1691832499927841,
6030,602,ok,1.7658256501470715,0.4095663557592692,-0.7672424975094095,0.08740255262970273,15.000000000001679,0.17248187499353662,
6031,603,ok,1.8191427792415324,0.2528872968976116,-0.5068309914802686,0.07868277638872989,15.000000000001679,0.1760377500031609,
6032,603,ok,1.67225474377835,0.5616439491315325,-0.8529758490246143,0.08319273688275115,15.000000000001679,0.1727690419938881,
6033,603,ok,0.6394612922094374,1.41388949173923,0.2557053310755669,0.11246069968203229,15.000000000001679,0.16643029198166914,
6034,603,ok,1.074003631141402,1.0006202093302945,0.39334950579083305,0.11708102108097174,15.000000000001679,0.1666426669980865,
6035,603,ok,1.4776926878638628,0.8329921912860745,-0.9064592953724118,0.08686095244984376,15.000000000001679,0.17414824999286793,
6036,603,ok,1.8499396445776464,0.32607208884156996,-0.7875544659417807,0.08231609355926542,15.000000000001679,0.1736027919978369,
6037,603,ok,1.5629869622159074,0.7902862980044196,-0.9897075342044529,0.0969158245005737,15.000000000001679,0.1677283340250142,
6038,603,ok,1.6265124801983921,0.6017733591547748,-0.8309663706022061,0.08450962600035382,15.000000000001679,0.17050333399674855,
6039,603,ok,0.7856082269305198,1.3626732338753242,0.4593417893050642,0.10602418782249923,15.000000000001679,0.16466054201009683,
6040,603,ok,1.722333349545218,0.559263959415895,-0.9437753060541931,0.08934654742432327,15.000000000001679,0.1689704169984907,
6041,604,ok,1.537295660398344,0.9081276783283366,-1.0821704027771748,0.0940864101768253,15.000000000001679,0.17245262500364333,
6042,604,ok,1.459207526304135,0.9663528974827829,-1.0299807145186723,0.10010050548377632,15.000000000001679,0.16964024998014793,
6043,604,ok,1.4243281093373834,1.125886083777468,-1.1245601026689118,0.09794790294661947,15.000000000001679,0.1826691669994034,
6044,604,ok,1.6787684312061564,0.6545171927479717,-1.0039618822463232,0.08595265770679363,15.000000000001679,0.17706533300224692,
6045,604,ok,0.8866621777957442,1.1572204648753242,0.27548588477184643,0.09390537176035471,15.000000000001679,0.17218233301537111,
6046,604,ok,1.3661066345172745,1.0860866942142011,-1.015386530529033,0.1073239170087396,15.000000000001679,0.16886199999134988,
6047,604,ok,0.7678598039503083,1.3469322942750308,0.40387033842773223,0.12270185716647716,15.000000000001679,0.16617908401531167,
6048,604,ok,1.6664084082608888,0.6367129058201427,-0.9583137701010196,0.09393418255300255,15.000000000001679,0.17222754101385362,
6049,604,ok,1.5462917722648881,0.8301559588787139,-1.0111790961185396,0.09095023675098829,15.000000000001679,0.17140341599588282,
6050,604,ok,1.2121516689878045,1.165826408505523,-0.8794692080358044,0.11433413750988589,15.000000000001679,0.16961645800620317,
6051,605,ok,1.7697170271284854,0.5344681560422229,-0.9920255896166198,0.09250111269757892,15.000000000001679,0.1667784170131199,
6052,605,ok,1.3993145440532595,0.965906857853917,-0.9427261355056525,0.09778223705655058,15.000000000001679,0.17095104200416245,
6053,605,ok,1.6790558419240205,0.7107332441357197,-1.0756485264817572,0.08660557476914987,15.000000000001679,0.16773279098561034,
6054,605,ok,1.6610262807590503,0.5789976021523995,-0.860093303475625,0.08333412645623271,15.000000000001679,0.17062008299399167,
6055,605,ok,1.7489933827973294,0.3425242569098282,-0.5583475746670062,0.08230714819829717,15.000000000001679,0.1729863749933429,
6056,605,ok,1.936977843772007,0.08088266819429643,0.2624344375774865,0.09615498817986015,15.000000000001679,0.16662254100083373,
6057,605,ok,1.7002460248564213,0.3261834071225362,0.2986210951157693,0.09764305548888734,15.000000000001679,0.1660914590174798,
6058,605,ok,1.9057016406230802,0.17172619359688843,0.5376928787828391,0.12754254619106722,15.000000000001679,0.16469079101807438,
6059,605,ok,1.835853485010035,0.1768426403566231,0.21553482410432165,0.09743616332271546,15.000000000001679,0.16926887500449084,
6060,605,ok,0.8294128361522184,1.2867706921672561,0.42335517857053756,0.12164347927436661,15.000000000001679,0.16357224999228492,
6061,606,ok,1.5359423432760033,0.687199678445202,-0.797291789493532,0.09362950085893793,15.000000000001679,0.16807312500895932,
6062,606,ok,1.3798789711229127,0.6696393661458344,0.36634213358330925,0.09978397137950527,15.000000000001679,0.16762283400748856,
6063,606,ok,1.4930527334978323,0.8901341893469652,-0.9987013304030546,0.08975773747666377,15.000000000001679,0.16863854200346395,
6064,606,ok,1.4456236332745838,0.9094793565766012,-0.9489954769910257,0.1058185424136196,15.000000000001679,0.17227833397919312,
6065,606,ok,1.430885886512295,0.7097433548596441,0.61860505162117,0.12442729902820415,15.000000000001679,0.1695413749839645,
6066,606,ok,0.5027607924141582,1.4988146592525835,-0.039770197495214085,0.11848728647159862,15.000000000001679,0.17218412499642,
6067,606,ok,1.3568779423405424,0.6599510109532589,0.2130409757889577,0.11134802342495709,15.000000000001679,0.16886016601347364,
6068,606,ok,1.6284502924531623,0.5297708479594195,-0.7001975403276034,0.09126903982402752,15.000000000001679,0.16985608299728483,
6069,606,ok,1.5691884357324617,0.6262915376942311,-0.7584704393883853,0.10546640650257388,15.000000000001679,0.1684327499824576,
6070,606,ok,1.64389133259489,0.5369971923629095,-0.7496675918209308,0.0823582786910881,15.000000000001679,0.17521570800454356,
6071,607,ok,0.6744049612092059,1.398120837029094,0.3042425428585428,0.12056494401127446,15.000000000001679,0.1673808339983225,
6072,607,ok,1.4740745210987352,0.9627492253354955,-1.0473807923627159,0.10354759242344491,15.000000000001679,0.1682604590023402,
6073,607,ok,1.775949455748995,0.39301454174956024,-0.7560384952810117,0.08508350832255245,15.000000000001679,0.16996283299522474,
6074,607,ok,0.974173354886799,1.1012591672047625,0.3758705107319861,0.09476475831855039,15.000000000001679,0.16738670799531974,
6075,607,ok,1.664253435030782,0.6023458052213613,-0.9034944647475339,0.09130423878306422,15.000000000001679,0.17187237500911579,
6076,607,ok,1.6879844733552765,0.496818384861104,-0.7679431060937457,0.08663240365969138,15.000000000001679,0.17196599999442697,
6077,607,ok,1.248065757669495,0.8539532280418618,0.4942114243433284,0.11301765983746571,15.000000000001679,0.1662034580076579,
6078,607,ok,0.7038449260340213,1.2982440029889268,-0.05418671943226991,0.09436076704379627,15.000000000001679,0.16866233298787847,
6079,607,ok,0.8772821459317445,1.1550498706050714,0.2359729696513986,0.10954150281464899,15.000000000001679,0.16709149998496287,
6080,607,ok,1.427438486732674,0.641532849078939,0.43834647628797135,0.1246961236327909,15.000000000001679,0.1664122500224039,
6081,608,ok,0.7049355608050168,1.3601137667425203,0.295769764132573,0.11806117884155724,15.000000000001679,0.17276945800404064,
6082,608,ok,1.498719070683884,0.8929993448840631,-1.0103011444141057,0.09254706083523749,15.000000000001679,0.17210791699471883,
6083,608,ok,1.6981193968463688,0.5400349013511201,-0.8672435624857885,0.08726976166409255,15.000000000001679,0.1731863750028424,
6084,608,ok,1.3440891518897986,1.2272693132022146,-1.099755851954815,0.1042132723360905,15.000000000001679,0.16885733301751316,
6085,608,ok,1.7544526121461614,0.49574104541267366,-0.902944608384331,0.08396055425934798,15.000000000001679,0.1705443329992704,
6086,608,ok,1.2642453463873142,0.8863358365773137,-0.5983881908677914,0.12038325411255903,15.000000000001679,0.1766393750149291,
6087,608,ok,1.4520579209581168,0.922329125358929,-0.9731894428977111,0.09997601368988317,15.000000000001679,0.1778990829770919,
6088,608,ok,0.6523079058569766,1.3772127878998726,0.19401467080626938,0.11287356771639559,15.000000000001679,0.171028209006181,
6089,608,ok,1.5178111560673602,1.0318861678448625,-1.1689766094633505,0.08896331265874913,15.000000000001679,0.16891408400260843,
6090,608,ok,1.3432940613417346,0.7727414729528361,0.5461459905794396,0.11971298886075166,15.000000000001679,0.1670937090239022,
6091,609,ok,1.8292955705721825,0.3354304067429208,-0.7586371686906517,0.0818751955392232,15.000000000001679,0.17427362498710863,
6092,609,ok,1.6681753461234814,0.570910168166562,-0.860529626430417,0.0909825186086407,15.000000000001679,0.17140145800658502,
6093,609,ok,1.722175828851869,0.5488045561026469,-0.9273194536367637,0.08341378613964481,15.000000000001679,0.16962308398797177,
6094,609,ok,1.6513440658701317,0.5986692165631514,-0.873618486112082,0.08027520356978547,15.000000000001679,0.17416587501065806,
6095,609,ok,1.9303304880625431,0.2334682493523406,-0.7781653854403263,0.08764156663848834,15.000000000001679,0.17749529200955294,
6096,609,ok,1.3099282563893773,0.6907829780608534,0.04316047210244663,0.1290797760480862,15.000000000001679,0.1718504999880679,
6097,609,ok,1.7575064186367004,0.42948113800294563,-0.7888595031186973,0.08637863396860383,15.000000000001679,0.17400291698868386,
6098,609,ok,1.8180728905038102,0.4193647035871206,-0.8983212648705627,0.08628488748581964,15.000000000001679,0.17214424998383038,
6099,609,ok,1.4781743774338982,0.9372492806173343,-1.027404690739593,0.09042369836863369,15.000000000001679,0.17172962499898858,
6100,609,ok,1.582298423508052,0.5685829583713551,0.6743245168100926,0.09941212278997243,15.000000000001679,0.17685650000930764,
6101,610,ok,1.6222461382744402,0.5092339982547455,0.6397650046593686,0.09917147263951576,15.000000000001679,0.1661695420043543,
6102,610,ok,0.9213853231322469,1.1215801645465762,0.27808183393651376,0.11059622348109795,15.000000000001679,0.17033254099078476,
6103,610,ok,0.97810015326118,1.0514309491091616,0.23853021926288073,0.1115975734398861,15.000000000001679,0.17294908402254805,
6104,610,ok,0.949341112806035,1.0905077050572083,0.2721622933168642,0.11585240883272788,15.000000000001679,0.19397045898949727,
6105,610,ok,1.662484473136065,0.5958491356686031,-0.8900645895753247,0.10067316231904022,15.000000000001679,0.17262408300302923,
6106,610,ok,1.7399150748151253,0.4961379895514479,-0.8750448680488118,0.08878491512103034,15.000000000001679,0.16944970798795111,
6107,610,ok,1.4003475422577853,1.0252315689471874,-1.0053853713528251,0.08917062206588712,15.000000000001679,0.19021000000066124,
6108,610,ok,1.7634751734331613,0.23812307846015723,-0.07506264490680743,0.09499425362340562,15.000000000001679,0.16635095799574628,
6109,610,ok,1.000424975150563,1.0336479351946513,0.2588702720503915,0.1105725790546595,15.000000000001679,0.16533845799858682,
6110,610,ok,1.8102561343801093,0.3529210969785843,-0.7511047591931413,0.08557722568380964,15.000000000001679,0.17458533300668932,
6111,611,ok,0.5969324008756569,1.4533659491918147,0.2398322449384365,0.1173921716225418,15.000000000001679,0.16532795899547637,
6112,611,ok,0.9180217643620785,1.146107930344697,0.3370938937777528,0.11098073083450204,15.000000000001679,0.16703933299868368,
6113,611,ok,1.8360386074686905,0.34986043342562817,-0.8050324086279457,0.08297588623958325,15.000000000001679,0.17120587502722628,
6114,611,ok,1.8659997286635535,0.15184034769723154,0.25741190138096753,0.09442607257183493,15.000000000001679,0.16769820800982416,
6115,611,ok,1.5765838797403073,0.6763700556936255,-0.8565164916056809,0.10705501455498313,15.000000000001679,0.1696563749865163,
6116,611,ok,1.7968365703241544,0.36957137305112314,-0.7551980885038512,0.08686536778255603,15.000000000001679,0.17331412501516752,
6117,611,ok,0.8579023891460392,1.2057545290543947,0.3243002330940819,0.11505175887679607,15.000000000001679,0.16591166600119323,
6118,611,ok,1.498039991476569,0.8488368712662492,-0.9586173726294765,0.09322592230839379,15.000000000001679,0.1702234580006916,
6119,611,ok,1.6945306778381195,0.5210823456564941,-0.8271860672216494,0.08473822728116111,15.000000000001679,0.1717975840147119,
6120,611,ok,1.7466327362375196,0.4039496189391839,-0.7094709975835434,0.11161784312563991,15.000000000001679,0.1713105410162825,
6121,612,ok,0.7663634462568146,1.319416971426204,-0.3523062204616054,0.11290650907584276,15.000000000001679,0.16697062499588355,
6122,612,ok,0.6132341508889364,1.3876981675722944,-0.03380221623131704,0.13099976532563234,15.000000000001679,0.16545137501088902,
6123,612,ok,1.496752557531789,0.8166210605889951,-0.9164510375554369,0.09372729363004614,15.000000000001679,0.1703051249787677,
6124,612,ok,1.6103937042648555,0.7135927692675704,-0.9687746484375016,0.09404730143972585,15.000000000001679,0.17009116697590798,
6125,612,ok,0.5128444604368049,1.4880011787363094,0.029438879484603383,0.10736487355170611,15.000000000001679,0.1673190000001341,
6126,612,ok,1.4491569242993265,0.7292799841060057,0.6966537392787401,0.12516777635649187,15.000000000001679,0.16562512499513105,
6127,612,ok,1.6648143194922855,0.5954886277033156,-0.8938425607878862,0.08747280574982196,15.000000000001679,0.1690864579868503,
6128,612,ok,1.3731749053922577,0.8638870216543416,-0.771269486777218,0.11129371982063778,15.000000000001679,0.16745791700668633,
6129,612,ok,1.1562620001000055,0.9622795541386822,0.5099785182894009,0.11951348289252646,15.000000000001679,0.16321025000070222,
6130,612,ok,1.664807255017444,0.6143663719136734,-0.9228231927487738,0.08248549941672949,15.000000000001679,0.17045587502070703,
6131,613,ok,1.8558478481627765,0.2808869408707649,-0.699157725739858,0.08230822072597518,15.000000000001679,0.17415041697677225,
6132,613,ok,0.7797066980921363,1.339040291985066,-0.41361189469181725,0.11236628903699022,15.000000000001679,0.16561629102216102,
6133,613,ok,1.7799766178133571,0.4454988602971605,-0.8670887882015609,0.08120366604869927,15.000000000001679,0.17046495800605044,
6134,613,ok,1.7764398337805187,0.4018705283742776,-0.7757065649866879,0.08075853651552765,15.000000000001679,0.17406104199471883,
6135,613,ok,1.464932441981355,0.7266352582289222,-0.7242715609381143,0.09475379622015877,15.000000000001679,0.1695298330159858,
6136,613,ok,1.6131428617960841,0.38820251078624024,-0.06586916067386833,0.10449512904649214,15.000000000001679,0.16445174999535084,
6137,613,ok,1.8369241176197049,0.4224566042934962,-0.9410882257024176,0.09372346211127155,15.000000000001679,0.17031816698727198,
6138,613,ok,0.5457266406077645,1.4718896084723927,-0.13753901493610254,0.11450213829202172,15.000000000001679,0.16722858298453502,
6139,613,ok,1.7884647711232309,0.3275205634688252,-0.6335761768952765,0.07722098627428861,15.000000000001679,0.1749299590010196,
6140,613,ok,1.627031707820963,0.601740423073897,-0.8319268800737447,0.08318016316016247,15.000000000001679,0.17010541702620685,
6141,614,ok,2.001185061330456,0.009880417706489418,0.21015636527139325,0.10157678340709082,15.000000000001679,0.1668817919853609,
6142,614,ok,1.5941992086616776,0.7010655334926105,-0.9242512475602521,0.08128875381162869,15.000000000001679,0.17319458301062696,
6143,614,ok,1.8694092339723465,0.31643893163072323,-0.812596463893595,0.08301451212731584,15.000000000001679,0.16971420898335055,
6144,614,ok,0.7530797105118245,1.2505534767267157,0.0738847693246722,0.11328196006992353,15.000000000001679,0.16882745898328722,
6145,614,ok,0.8970618791784326,1.1595200969264556,0.31354991246151914,0.11356356493266183,15.000000000001679,0.1659097079827916,
6146,614,ok,0.8874566620178309,1.1887354518567306,0.35976264381634665,0.0982191802553916,15.000000000001679,0.16812933300388977,
6147,614,ok,0.7184055337043989,1.3284220079808682,0.25512646176485315,0.11578495294477288,15.000000000001679,0.1644416669732891,
6148,614,ok,1.5597873903837391,0.5348168410434859,0.534953281988554,0.1284346996294295,15.000000000001679,0.1722043749759905,
6149,614,ok,1.7467340419294262,0.44910687452418074,-0.8036232491578095,0.10613994016176197,15.000000000001679,0.17049545899499208,
6150,614,ok,1.6398577713737517,0.6351807670651369,-0.9090665386790888,0.09890370959828863,15.000000000001679,0.17156220899778418,
6151,615,ok,1.777016644541563,0.33207104769791684,-0.6130262352055013,0.0866294469223983,15.000000000001679,0.17461408299277537,
6152,615,ok,0.6105762180309335,1.3938110251422373,-0.073063293012653,0.1123186592618848,15.000000000001679,0.16655637498479337,
6153,615,ok,1.1996436113517688,0.8877981198080706,0.44961291346518395,0.12280420808179486,15.000000000001679,0.16481258400017396,
6154,615,ok,0.815086321948023,1.1995012211896896,0.15351683083609383,0.11049925853211645,15.000000000001679,0.23950525000691414,
6155,615,ok,0.6093853746979309,1.4167378155184034,-0.17650994037020573,0.11832882220129137,15.000000000001679,0.1702298749878537,
6156,615,ok,1.593818334346062,0.5683605159540783,-0.7004750321163359,0.08576262314932458,15.000000000001679,0.17185187499853782,
6157,615,ok,1.5984812153253585,0.5097182604393337,0.5781025276541082,0.1203504942504516,15.000000000001679,0.16725058300653473,
6158,615,ok,0.979418153637938,1.0837913383031206,0.34615257894050233,0.12155752135557761,15.000000000001679,0.16816466598538682,
6159,615,ok,0.8835021838674192,1.2165716655729206,0.408431332925513,0.11997989527602253,15.000000000001679,0.194247124978574,
6160,615,ok,1.9286020042825067,0.2616420313639685,-0.8352348554760584,0.08976464229306075,15.000000000001679,0.17545095898094587,
6161,616,ok,1.5440371337708882,0.7520230934935591,-0.909177821600392,0.09138426068539843,15.000000000001679,0.17245141600142233,
6162,616,ok,0.7250272361675044,1.2834266610121778,0.1103953940911207,0.1212805336797542,15.000000000001679,0.16769141700933687,
6163,616,ok,1.2877768794063844,1.1402771821619633,-0.9587731575415905,0.10676296574434394,15.000000000001679,0.16971908300183713,
6164,616,ok,1.539908548290049,0.7916517179055365,-0.9545746520079635,0.0869270887848958,15.000000000001679,0.17249220801750198,
6165,616,ok,1.6484739025204982,0.6317334889510594,-0.9194090286880587,0.08422320870122092,15.000000000001679,0.17021479198592715,
6166,616,ok,1.8884765922345625,0.11494700441216205,0.11366196920335829,0.10752881803015797,15.000000000001679,0.1673032919934485,
6167,616,ok,1.4687838919727432,0.9366966622252045,-1.0132680460744716,0.09857401199713463,15.000000000001679,0.1691090840031393,
6168,616,ok,1.856323517492152,0.3332947842335495,-0.8173314660107893,0.08792865413100458,15.000000000001679,0.1752015000092797,
6169,616,ok,1.4984161787062413,0.5070896473631398,-0.12833442094114747,0.09830792024125677,15.000000000001679,0.1669979160069488,
6170,616,ok,1.6446512006192626,0.8142161519594139,-1.1396465405661715,0.09260698689750366,15.000000000001679,0.17021266699885018,
6171,617,ok,1.3065402718934926,1.1053167925832472,-0.9521499043984584,0.10327953559117699,15.000000000001679,0.16731904199696146,
6172,617,ok,0.7246779671615101,1.3306974013907673,0.2778348206835622,0.11309798110801694,15.000000000001679,0.17831241700332612,
6173,617,ok,1.655294182089016,0.5874647662668548,-0.8629849608887706,0.08371548934546033,15.000000000001679,0.17251025000587106,
6174,617,ok,0.6030352554239952,1.4605163035051523,-0.26946031340540316,0.11351710441889541,15.000000000001679,0.1657662499928847,
6175,617,ok,1.9117429899721805,0.25578732309795865,-0.7826131850678132,0.08695538264862544,15.000000000001679,0.17327541700797155,
6176,617,ok,0.9879260634287569,1.1137415856076938,0.4365133786273628,0.11270167170038388,15.000000000001679,0.16408995797974057,
6177,617,ok,1.15343459675971,0.8563473324654686,0.1498997833333486,0.12666229871628706,15.000000000001679,0.1642421669967007,
6178,617,ok,1.6656529081199842,0.6777245430144123,-1.0129102754845152,0.09482354087039843,15.000000000001679,0.16879320901352912,
6179,617,ok,1.5879404203752345,0.6292095071969179,-0.8015536186071147,0.10068625671285655,15.000000000001679,0.16927408301853575,
6180,617,ok,1.4682334783214803,0.8642160776933282,-0.9304323880291704,0.09479300510932122,15.000000000001679,0.16855020800721832,
6181,618,ok,1.6549686437718636,0.4684727032747102,-0.627172505179721,0.08560568885208049,15.000000000001679,0.17271937502664514,
6182,618,ok,1.8109572362630613,0.3810702823777701,-0.8115618774764817,0.08522961511054009,15.000000000001679,0.17245437498786487,
6183,618,ok,1.7174129873103507,0.3669749463941012,-0.531729765273409,0.08024652588995694,15.000000000001679,0.17516979199717753,
6184,618,ok,1.6767594749548558,0.5520254093808358,-0.8455128158532829,0.08184542800865931,15.000000000001679,0.17089033301454037,
6185,618,ok,0.8468695389103539,1.2737233075717789,0.43555732340273945,0.11507489169144987,15.000000000001679,0.1666814579803031,
6186,618,ok,1.715474591821542,0.4463332978512649,-0.727305199912361,0.08534608356806453,15.000000000001679,0.1716843339963816,
6187,618,ok,1.8455710034456159,0.38046102578522306,-0.8850004744397629,0.08805459175269481,15.000000000001679,0.17117020901059732,
6188,618,ok,1.5821007264386753,0.7515081042067352,-0.9717564997139576,0.09064518305780442,15.000000000001679,0.16745224999613129,
6189,618,ok,1.6448202592166092,0.5751846876235021,-0.8217876920147054,0.08613027160366753,15.000000000001679,0.1728334579966031,
6190,618,ok,1.3520564859653599,1.0726662102191147,-0.9839251920606656,0.09746775995752108,15.000000000001679,0.1701449170068372,
6191,619,ok,1.6124291796907995,0.716340522954327,-0.9757797940668655,0.09584235625822024,15.000000000001679,0.17046766701969318,
6192,619,ok,1.4065260790130234,0.7660530046676176,0.6750484602263274,0.11925044452916206,15.000000000001679,0.16663170800893568,
6193,619,ok,1.6739664151426468,0.5516307423189745,-0.839279484099331,0.08038742755599369,15.000000000001679,0.1885271249921061,
6194,619,ok,0.5222324148425693,1.486987613714808,0.09769844743021394,0.11148692487055999,15.000000000001679,0.16789112499100156,
6195,619,ok,0.7053951624641674,1.2973439186652713,0.06210287103807939,0.10771175439004274,15.000000000001679,0.16621033300179988,
6196,619,ok,1.5699216874991297,0.7987419722468886,-1.010758752442352,0.096386072140428,15.000000000001679,0.16964654199546203,
6197,619,ok,1.6689487284758897,0.508010678681806,-0.7479022151015224,0.09629681071270547,15.000000000001679,0.17023420898476616,
6198,619,ok,1.6095510400373954,0.8415101243073152,-1.1173879176020334,0.0864547680947204,15.000000000001679,0.17336491600144655,
6199,619,ok,1.5832428837730697,0.41783240750909406,-0.05834156571087867,0.0959529817111538,15.000000000001679,0.17269074998330325,
6200,619,ok,0.8757647465208575,1.1705472626768643,0.28101965731225786,0.10467753700442183,15.000000000001679,0.17065337501117028,
6201,620,ok,1.7130263741712506,0.44540370615798175,-0.7195065821651404,0.09478929238664678,15.000000000001679,0.17257545801112428,
6202,620,ok,1.6125744568368434,0.6680010475596313,-0.9089417855618702,0.09261069702111203,15.000000000001679,0.17230775000643916,
6203,620,ok,1.0595963845908318,1.2152268524469418,-0.7119519682658572,0.12193642048070208,15.000000000001679,0.16666583297774196,
6204,620,ok,1.0016583579011635,1.0239201429872007,0.2249168261538669,0.11143040841057548,15.000000000001679,0.16624870800296776,
6205,620,ok,1.6511347751460386,0.7191561714560701,-1.0419621550600997,0.0985717404663169,15.000000000001679,0.16813558401190676,
6206,620,ok,1.7716808367896184,0.4898046597180391,-0.9263708877324541,0.08163497906080155,15.000000000001679,0.1714647919870913,
6207,620,ok,1.5523409528617003,0.506440266654176,-0.4231332613486246,0.08686986543723743,15.000000000001679,0.17274191600154154,
6208,620,ok,0.8321991516084886,1.1997212808402566,0.22827483347475874,0.11775721761638748,15.000000000001679,0.16854841701569967,
6209,620,ok,1.5890490639343593,0.6716531229699129,-0.8721075059160297,0.09226500346252328,15.000000000001679,0.17187129202648066,
6210,620,ok,1.4248722699673553,0.7337684502460117,0.6533901193999928,0.1275849541646153,15.000000000001679,0.16793262501596473,
6211,621,ok,1.723589567827133,0.5586858349075666,-0.9451848897577788,0.09608609672003003,15.000000000001679,0.17288591599208303,
6212,621,ok,1.7508116222139465,0.4526936964494813,-0.819258530301797,0.08308117280790166,15.000000000001679,0.17449820798356086,
6213,621,ok,0.8654263665000014,1.1633550008936302,0.2213321967172808,0.09848766151448408,15.000000000001679,0.16662275002454408,
6214,621,ok,0.6305061593409791,1.3781194999683712,0.10393584871122886,0.12073581761485438,15.000000000001679,0.18386416698922403,
6215,621,ok,0.6195337967185968,1.3805537717539074,0.010416121555031577,0.12521781513333385,15.000000000001679,0.16610299999592826,
6216,621,ok,1.6170566185989188,0.5647795460673003,-0.7449928565884272,0.0844045672147883,15.000000000001679,0.1728550409898162,
6217,621,ok,1.566629639853289,0.6244575844830152,-0.7498076363845233,0.0922022220058082,15.000000000001679,0.16922312500537373,
6218,621,ok,1.6851524142902252,0.5172303841497405,-0.8007077654796717,0.08243991286255185,15.000000000001679,0.1712790839956142,
6219,621,ok,1.5058272894967477,0.7685263314561659,-0.8665958859101011,0.10177208842996513,15.000000000001679,0.18461316701723263,
6220,621,ok,1.6348743417361693,0.5910697325917453,-0.8292946489928513,0.08411749196472891,15.000000000001679,0.17879020899999887,
6221,622,ok,0.7444165517535117,1.2932988062523807,0.23394320951948716,0.11560198229577315,15.000000000001679,0.1671492499881424,
6222,622,ok,1.5658865626861687,0.895085550177975,-1.1095786523611546,0.10216853267319707,15.000000000001679,0.17039087499142624,
6223,622,ok,1.8916394977672844,0.24785324909127335,-0.7129388142002483,0.08431089576369903,15.000000000001679,0.1756131669972092,
6224,622,ok,1.7900536178808355,0.35615967891305134,-0.7085767097901443,0.08091755214835836,15.000000000001679,0.1761685829842463,
6225,622,ok,0.5740730169752251,1.4764649640990928,0.23552259977181142,0.11534939922840286,15.000000000001679,0.16664287500316277,
6226,622,ok,1.62736238645646,0.7105274483343172,-0.99275821595898,0.09114811718557182,15.000000000001679,0.1709017500106711,
6227,622,ok,1.536008382422871,0.7880558978856154,-0.9436700928944834,0.09304966361741744,15.000000000001679,0.16904449998401105,
6228,622,ok,0.8678941403351869,1.255209732334705,0.4455644689819995,0.11488682578918955,15.000000000001679,0.16557587499846704,
6229,622,ok,0.9391847377554223,1.16926763652909,0.4381229415526618,0.10586080583194937,15.000000000001679,0.16603125000256114,
6230,622,ok,1.7762031367457352,0.23624258130831532,-0.2098984301881128,0.1044012204275475,15.000000000001679,0.16597641701810062,
6231,623,ok,1.4042484409624487,0.9819330185979962,-0.967188350490472,0.1106877544898935,15.000000000001679,0.1673647089919541,
6232,623,ok,0.6626551546332778,1.5267179129186021,-0.46380590769192404,0.1150277056725968,15.000000000001679,0.1679476659919601,
6233,623,ok,1.321241164480632,1.1004856753633934,-0.9677562681231705,0.11148987277428246,15.000000000001679,0.16873658300028183,
6234,623,ok,1.6659401982566022,0.6489359393538527,-0.9746705331534297,0.09156753730514058,15.000000000001679,0.17098020800040103,
6235,623,ok,1.619330386957205,0.6536993091398835,-0.8998362917289703,0.09962768716448032,15.000000000001679,0.17192770898691379,
6236,623,ok,0.7277090392103217,1.2723384230467114,0.008311147590004224,0.12027603103552745,15.000000000001679,0.16489345900481567,
6237,623,ok,1.1407956428070243,0.9486187213321766,0.44273254399728135,0.11493265736057935,15.000000000001679,0.1668464579852298,
6238,623,ok,0.9420919821049706,1.2005822501550478,0.4984662114720572,0.11175135186286898,15.000000000001679,0.16442191699752584,
6239,623,ok,1.4514620511520122,1.1074410678982416,-1.1445875408459483,0.09752166684089168,15.000000000001679,0.16818462501396425,
6240,623,ok,1.7038949308593994,0.500017730880167,-0.8082766405968155,0.08135928607314935,15.000000000001679,0.17151641700183973,
6241,624,ok,1.1409644030181958,0.8774872578338637,0.20436465601793552,0.09938661030289661,15.000000000001679,0.16587620798964053,
6242,624,ok,0.8419343591275731,1.247353097766922,0.37732758398838123,0.09470322146599655,15.000000000001679,0.16519437497481704,
6243,624,ok,1.6570402432952627,0.6501065897914222,-0.9610255714472327,0.08968233873519267,15.000000000001679,0.16880516600213014,
6244,624,ok,1.605586360042697,0.6412641967452735,-0.8554207014731934,0.09172363932609907,15.000000000001679,0.1716934590076562,
6245,624,ok,1.936022536062217,0.18644237307712153,-0.6776370665560114,0.08372988382579596,15.000000000001679,0.17374158301390707,
6246,624,ok,1.7609765108339803,0.3745285550147322,-0.6774074499490869,0.08191225244683227,15.000000000001679,0.1736614579858724,
6247,624,ok,1.587902345706737,0.6454971655193578,-0.8287073855619143,0.09150603321774407,15.000000000001679,0.1713779580022674,
6248,624,ok,2.041817178327689,-0.022765960256801922,0.27827191690938774,0.10242764291946725,15.000000000001679,0.16742795798927546,
6249,624,ok,1.6722823608600301,0.5893448127226012,-0.8980981221731641,0.08981081442972574,15.000000000001679,0.16930904201581143,
6250,624,ok,1.3947600952965875,1.1190656673820896,-1.0813465795233193,0.10404264662773276,15.000000000001679,0.1660037910041865,
6251,625,ok,1.450796573059659,0.8173121920856461,-0.8402739109435631,0.10671012683839749,15.000000000001679,0.16816649999236688,
6252,625,ok,0.5743827087505714,1.4637372403527125,0.20576138784310158,0.12368491492844766,15.000000000001679,0.1662917500070762,
6253,625,ok,1.7332888060318643,0.5820261107448877,-0.9968149951250216,0.08972378438097722,15.000000000001679,0.16975570798967965,
6254,625,ok,1.5072523667419186,0.8298099557173434,-0.9499815563003683,0.09780856304716266,15.000000000001679,0.1684845419949852,
6255,625,ok,1.9453761695070033,0.2721523034910192,-0.8938852155362843,0.09780479941003685,15.000000000001679,0.16993329199613072,
6256,625,ok,1.5091215448847293,0.8345861618682507,-0.9587796530623168,0.09296190563379761,15.000000000001679,0.16810716700274497,
6257,625,ok,1.932425669619087,0.08183344717573916,0.23432038799274052,0.09228425616270723,15.000000000001679,0.16825816698838025,
6258,625,ok,1.7980734349233203,0.3401519298293861,-0.6913555245514684,0.08974239299454856,15.000000000001679,0.1691502500034403,
6259,625,ok,1.8596992981596738,0.3305430156071752,-0.8193868786096095,0.08640395078595546,15.000000000001679,0.1704642089898698,
6260,625,ok,0.7228719935502561,1.362370433167528,0.3405472868198417,0.12071852377471466,15.000000000001679,0.16477812500670552,
6261,626,ok,1.3562897260729372,0.7436841763136574,0.5110698310469024,0.13217470431571648,15.000000000001679,0.16466729098465294,
6262,626,ok,0.8389841098717584,1.2151123119010327,0.29638767465595633,0.12441508798773306,15.000000000001679,0.1651052919914946,
6263,626,ok,1.5408701015204131,0.7599095436019501,-0.9145798651348084,0.0917648175286006,15.000000000001679,0.16783983301138505,
6264,626,ok,1.726368093522215,0.4958987798134356,-0.8473643335453858,0.08309970752214732,15.000000000001679,0.17228158400394022,
6265,626,ok,1.7175178030687335,0.3615345443092268,-0.5150712129075706,0.09589754822522963,15.000000000001679,0.16998366700136103,
6266,626,ok,1.1935282898434714,0.8937004452604862,0.4478962757601754,0.11919189261241869,15.000000000001679,0.16538470800151117,
6267,626,ok,1.8673884288616993,0.14115571639705615,0.1784305847191702,0.09834360298557189,15.000000000001679,0.16894345899345353,
6268,626,ok,1.1216707644177657,0.9826788358975929,0.4724435975001226,0.11998300595450749,15.000000000001679,0.16404129198053852,
6269,626,ok,1.3639349805961225,0.6988449934635064,0.4090406828895659,0.10730300507003067,15.000000000001679,0.16627883299952373,
6270,626,ok,0.8535242797309074,1.2135538597236581,0.33167177229093314,0.1165714103379307,15.000000000001679,0.16629491600906476,
6271,627,ok,1.6850615738522263,0.31771167867915734,0.09663597477566871,0.10762321850222442,15.000000000001679,0.16901025001425296,
6272,627,ok,2.0201613309322286,-0.019668766993723594,0.04460801075957238,0.09748750072213822,15.000000000001679,0.16599683300592005,
6273,627,ok,1.5298138854327743,0.6982709458774523,-0.8036367299446551,0.10478479632945158,15.000000000001679,0.17244466600823216,
6274,627,ok,1.6465334054092124,0.5810114793213551,-0.8351908963289107,0.09018744461764094,15.000000000001679,0.16961733301286586,
6275,627,ok,1.59523128302039,0.6768953097710099,-0.8911547705202096,0.08915591567850008,15.000000000001679,0.169917124992935,
6276,627,ok,1.5990473639147684,0.7049176953637584,-0.9379308589980664,0.08326016734688593,15.000000000001679,0.1820973749854602,
6277,627,ok,1.4419182064616156,0.8444576665093757,-0.8624674078691468,0.08450424771442916,15.000000000001679,0.16986720799468458,
6278,627,ok,1.8262656663285612,0.22584691622745484,-0.43315946180462483,0.07860212350317258,15.000000000001679,0.17730520802433603,
6279,627,ok,1.356498324701357,0.7042046584277741,0.40125071673120605,0.1089417345085789,15.000000000001679,0.16941187498741783,
6280,627,ok,1.5181596184161055,0.8652793714000009,-1.0085721203855267,0.0869648107464308,15.000000000001679,0.17645624998840503,
6281,628,ok,1.596002053992891,0.764280317928925,-1.010059118909229,0.09389858398033114,15.000000000001679,0.17094545799773186,
6282,628,ok,1.6949284209961606,0.616590348777,-0.9792650760665349,0.07970402713640865,15.000000000001679,0.17338120899512433,
6283,628,ok,1.7304803306509395,0.4589837169881782,-0.7872934587955203,0.08723820939663911,15.000000000001679,0.17280991602456197,
6284,628,ok,1.4330732812584646,1.1064309206031562,-1.1203719604679419,0.09321603082026696,15.000000000001679,0.16690233402187005,
6285,628,ok,0.761174635379718,1.3899802983713956,0.45526123178939254,0.0968512953073698,15.000000000001679,0.1669295830070041,
6286,628,ok,1.3021477607592373,0.8749933110922944,0.6557047664637015,0.1161588596277853,15.000000000001679,0.16871483300928958,
6287,628,ok,0.9662544363545341,1.036795705676762,0.0767145564550282,0.09392783806132254,15.000000000001679,0.17523304198402911,
6288,628,ok,0.8101367606710939,1.3130507832862444,0.42944422763265877,0.11469890014041689,15.000000000001679,0.16916366698569618,
6289,628,ok,0.9043548871751612,1.0957312269425779,0.012479905080680871,0.0956933307152748,15.000000000001679,0.16767966601764783,
6290,628,ok,1.2455705179897307,0.7587815190601803,0.1040317156383223,0.09312217050412183,15.000000000001679,0.16705912500037812,
6291,629,ok,1.1733438038318356,0.8809950266686972,0.35293561969624343,0.10101003573045463,15.000000000001679,0.16326795797795057,
6292,629,ok,0.865999775180492,1.1504812301124334,0.16814716834183754,0.11124779399262377,15.000000000001679,0.16819962501176633,
6293,629,ok,1.6556761137034808,0.34798830205725145,-0.11009424757260405,0.1029517937168828,15.000000000001679,0.16900629200972617,
6294,629,ok,1.5979085938755233,0.7137699431412325,-0.9481160874145865,0.08338849577663242,15.000000000001679,0.17123308399459347,
6295,629,ok,0.8740160809401224,1.3065655342968632,0.5320270214161456,0.1163593583136074,15.000000000001679,0.16519933298695832,
6296,629,ok,1.5667783781871392,0.7786385777261331,-0.9813616879295214,0.08884651405678823,15.000000000001679,0.17059195798356086,
6297,629,ok,1.5754521954207026,0.7364417888342956,-0.9409942970345977,0.10435918157950945,15.000000000001679,0.17623962499783374,
6298,629,ok,1.3010333255759474,0.766337240489839,0.4132359012198524,0.12387623141165557,15.000000000001679,0.16865037500974722,
6299,629,ok,1.4644478602065076,0.8945392644028757,-0.9605020027654723,0.09978792781713393,15.000000000001679,0.17060208399198018,
6300,629,ok,1.702869920378995,0.44706940933010453,-0.6986934565982521,0.08034457039636549,15.000000000001679,0.17999350000172853,
6301,630,ok,1.1721711941658992,0.8356049741508388,0.13479440719125257,0.10879742782899396,15.000000000001679,0.17175458298879676,
6302,630,ok,0.5867306184553736,1.472738767881558,0.2573876681932675,0.11189857861223498,15.000000000001679,0.1721498340193648,
6303,630,ok,1.5962973017914706,0.5767490259573359,-0.722856652866484,0.09381654873589888,15.000000000001679,0.17538566701114178,
6304,630,ok,1.646132582341679,0.774439099055635,-1.0989781420589406,0.09739486600808935,15.000000000001679,0.17091504100244492,
6305,630,ok,1.5948362615969036,0.5228508220476231,0.6012761490189048,0.1014347550046675,15.000000000001679,0.16327354099485092,
6306,630,ok,1.6237764707151139,0.6970662699957266,-0.9690272039861327,0.09093227983603634,15.000000000001679,0.16848091597785242,
6307,630,ok,0.7523198471269205,1.2533551653242911,-0.0922314655264479,0.10873879347094398,15.000000000001679,0.16682570899138227,
6308,630,ok,1.4834937170417615,1.002762622330108,-1.098303792709676,0.09230607280182897,15.000000000001679,0.1671044999966398,
6309,630,ok,1.493937712537937,0.6744304514534775,0.6889958351900626,0.1163978194486599,15.000000000001679,0.1637095829937607,
6310,630,ok,0.6283483891475609,1.6060442439903775,-0.4895105315018476,0.1195552813267051,15.000000000001679,0.1719251660106238,
6311,631,ok,1.8366435313016058,0.16897652113475725,0.1435704736923895,0.098209212471522,15.000000000001679,0.17197691698675044,
6312,631,ok,1.6746613958309997,0.577914361308792,-0.8843999247596367,0.0841137604559662,15.000000000001679,0.1743403330037836,
6313,631,ok,0.9160590416447617,1.1694045821906864,0.38636177307452557,0.121844086172633,15.000000000001679,0.16532504200586118,
6314,631,ok,1.0559503026472685,0.9559356009052489,-0.15798915217119813,0.10988287575446067,15.000000000001679,0.17377095800475217,
6315,631,ok,1.9844972892804038,0.015502732349853087,0.00029300234179307377,0.09661631541464547,15.000000000001679,0.16915133301517926,
6316,631,ok,0.7659659600305673,1.293398978875043,0.2956667868914545,0.11938126319752683,15.000000000001679,0.1665385419910308,
6317,631,ok,1.810194724920869,0.1936901578284274,-0.11853141442439892,0.1020550754904183,15.000000000001679,0.16873087498242967,
6318,631,ok,1.628113339359965,0.37613137770327115,-0.1174893328008136,0.10048576735132636,15.000000000001679,0.17011883298982866,
6319,631,ok,1.9000152896442362,0.11141308255787284,0.2080806481831361,0.09741796321403365,15.000000000001679,0.16745795900351368,
6320,631,ok,1.6828841698177228,0.5942786738743205,-0.9252279083007316,0.0838304611596422,15.000000000001679,0.2025950830138754,
6321,632,ok,1.7420440376226272,0.4595671163107807,-0.8135010509307662,0.08179281844409095,15.000000000001679,0.1742286249937024,
6322,632,ok,1.603134977398094,0.8111384341405676,-1.0754766073604045,0.09915785600173166,15.000000000001679,0.1729182499984745,
6323,632,ok,1.6223542567299598,0.7753411564335405,-1.0640695706598708,0.09790157271019978,15.000000000001679,0.17476983298547566,
6324,632,ok,1.357367952186426,0.7325896769049988,0.4859206010604981,0.11436539724635111,15.000000000001679,0.16855900001246482,
6325,632,ok,1.8241396201636233,0.5415429076919182,-1.0956223180215632,0.0917717159165826,15.000000000001679,0.17177675000857562,
6326,632,ok,1.6304367395886266,0.6261525041450063,-0.8779903302049256,0.08213413092676358,15.000000000001679,0.17030525000882335,
6327,632,ok,1.6906916859745278,0.46087318189275506,-0.6996620718650245,0.08042357876929355,15.000000000001679,0.17387658299412578,
6328,632,ok,0.9618972338168525,1.0614227455126928,0.21052084405963503,0.11247632553398555,15.000000000001679,0.16902929201023653,
6329,632,ok,0.8635885742230776,1.1674171357158958,0.2293272762431996,0.11264292284330187,15.000000000001679,0.16721341697848402,
6330,632,ok,1.1837720402424254,1.2970767918955386,-0.9524784547525715,0.12610208703314327,15.000000000001679,0.1665013750025537,
6331,633,ok,1.3170788788448682,1.2345202306784235,-1.0717917222383466,0.10278963176069446,15.000000000001679,0.16806929200538434,
6332,633,ok,1.5690151356355875,0.7086486097583631,-0.8911902618265936,0.0830767024730505,15.000000000001679,0.170507250004448,
6333,633,ok,1.856939411746442,0.2937592775864706,-0.7327800325302125,0.0870589235610987,15.000000000001679,0.1720718749857042,
6334,633,ok,1.4467665269915255,0.5542762939246552,0.05492130110340224,0.1045713282183552,15.000000000001679,0.16525824999553151,
6335,633,ok,1.771502325316799,0.42005558488092715,-0.8012466123091423,0.08408525085787087,15.000000000001679,0.1723805829824414,
6336,633,ok,0.767631073502433,1.2542795038787438,0.1820944992885977,0.09473121410145861,15.000000000001679,0.16793299998971634,
6337,633,ok,1.3195886362494131,1.2007781981639765,-1.050027942670368,0.10230659200624964,15.000000000001679,0.16879208400496282,
6338,633,ok,1.4619254158075567,0.9206040597796081,-0.9859666959993294,0.10411082438089159,15.000000000001679,0.17022154200822115,
6339,633,ok,1.6855522116798318,0.604735121597471,-0.9456860881894948,0.09395833389790263,15.000000000001679,0.17102116599562578,
6340,633,ok,1.062774316219879,1.0168342524165062,0.40357695671980726,0.11719674413465142,15.000000000001679,0.16724487498868257,
6341,634,ok,0.8220877425242155,1.2298688479715507,0.2876217395884642,0.10693485798201115,15.000000000001679,0.16680533299222589,
6342,634,ok,1.1697711724392013,0.975047026013011,0.5637694537530477,0.12395488228381474,15.000000000001679,0.17824941698927432,
6343,634,ok,1.3989844469501997,0.8977189724146384,-0.8614720071098746,0.1032715796406647,15.000000000001679,0.17762345800292678,
6344,634,ok,0.7265139044987791,1.2773687047496194,-0.07500976306333898,0.11804797341438864,15.000000000001679,0.17875966700376011,
6345,634,ok,1.6815082630921492,0.5317610277553446,-0.8196001215404585,0.08371915108391259,15.000000000001679,0.19969058298738673,
6346,634,ok,0.5253410074980697,1.4820452520064107,0.08778412834894604,0.11590623994267654,15.000000000001679,0.19368283299263567,
6347,634,ok,0.9119222708534254,1.0886632412787418,0.032673234946961845,0.11318575094904877,15.000000000001679,0.1805627080029808,
6348,634,ok,1.736062107646256,0.47975392511164067,-0.8383099148833307,0.08318159919148276,15.000000000001679,0.17737362498883158,
6349,634,ok,1.2441339215996783,1.2705852688606876,-1.0078806302692591,0.1050098175809193,15.000000000001679,0.17398616601713002,
6350,634,ok,1.7465588418318452,0.5298234570186096,-0.9428938012566865,0.09085501891576439,15.000000000001679,0.18389404198387638,
6351,635,ok,1.4141948653858518,1.2094361312862518,-1.172585129859687,0.08963348674150003,15.000000000001679,0.19096583299688064,
6352,635,ok,1.7558282099100222,0.38144131327029845,-0.6805883339638263,0.09930472632517989,15.000000000001679,0.1984054580098018,
6353,635,ok,1.2601136101197041,0.7455940169765517,0.11979958332102231,0.10911454064981632,15.000000000001679,0.17809825000585988,
6354,635,ok,1.2943368480141664,1.0514552309683445,-0.8806649177013529,0.10744494708408796,15.000000000001679,0.17732274997979403,
6355,635,ok,1.9062676948934902,0.30230832778945876,-0.8670060615137112,0.08618656415822536,15.000000000001679,0.18543070799205452,
6356,635,ok,0.7022878290176808,1.297715835923642,0.0022688485931006692,0.11501013630073513,15.000000000001679,0.17549583400250413,
6357,635,ok,0.6066799660041364,1.421796080931434,0.1836867146108596,0.10248866769641958,15.000000000001679,0.1758370419847779,
6358,635,ok,1.718576170453626,0.624972880816884,-1.0309240879725485,0.09361485153646486,15.000000000001679,0.18646787499892525,
6359,635,ok,1.6279744962802987,0.7089681365361982,-0.9917346863250655,0.09287382378025023,15.000000000001679,0.17975700000533834,
6360,635,ok,0.8864085413278815,1.2011133384436885,0.38405755314331996,0.1108730459903505,15.000000000001679,0.180752208980266,
6361,636,ok,1.6953741655538794,0.6049252069035903,-0.9633586470751807,0.0959897518771405,15.000000000001679,0.21809141599806026,
6362,636,ok,1.488596869537184,0.9371763709987351,-1.0422699140014,0.10341065757837813,15.000000000001679,0.1801293330208864,
6363,636,ok,1.4261162207052167,0.69890528006604,0.5839178064749357,0.120587267196146,15.000000000001679,0.17904441701830365,
6364,636,ok,1.5612330491375024,0.7416689003284301,-0.924149055790526,0.0840342636899295,15.000000000001679,0.1874667079828214,
6365,636,ok,1.4244850157800788,0.925768075339076,-0.9355123367552448,0.09764274512073201,15.000000000001679,0.18637774998205714,
6366,636,ok,1.3434948015658412,0.754610114283664,0.503966580628012,0.13565442155569227,15.000000000001679,0.18374058298650198,
6367,636,ok,1.5925937442782505,0.6661832826433983,-0.8702228443417681,0.08671753355138218,15.000000000001679,0.1758112079987768,
6368,636,ok,0.6307958233867417,1.3884847524313737,0.1547658644315314,0.11339616669955078,15.000000000001679,0.18051812498015352,
6369,636,ok,0.7637160255008247,1.3100115564273027,0.3273806887140765,0.12140416763746079,15.000000000001679,0.17841625001165085,
6370,636,ok,1.6408052462178,0.6189199389260569,-0.8859230897317492,0.09752220201649758,15.000000000001679,0.17861245799576864,
6371,637,ok,0.9882246235254708,1.023943957457052,0.15460436073234518,0.10678106470356358,15.000000000001679,0.18263920900062658,
6372,637,ok,1.9435062148926328,0.06968954438549825,0.22609279570924834,0.10304420247368655,15.000000000001679,0.18161100000725128,
6373,637,ok,0.7798555747236223,1.221240764270622,0.041337273660781465,0.11727953861628324,15.000000000001679,0.17679145900183357,
6374,637,ok,1.0548826083445653,1.0241286658026691,0.4005651713264083,0.10574721986707145,15.000000000001679,0.17387216701172292,
6375,637,ok,1.282255593772641,0.7215079818278092,0.09817111199954222,0.0989269721697562,15.000000000001679,0.176729874976445,
6376,637,ok,1.6919724594477188,0.5654568961404243,-0.8971381647764722,0.09536889597911889,15.000000000001679,0.1731019590224605,
6377,637,ok,0.9648327635405752,1.0871894977912215,0.3125367956876457,0.10520685954640906,15.000000000001679,0.1792038750136271,
6378,637,ok,1.7037417700873383,0.4350854808986034,-0.6736308833819753,0.08344077346013237,15.000000000001679,0.18071866600075737,
6379,637,ok,1.243648682838881,1.2806484858845755,-1.01449270350591,0.11384770908297334,15.000000000001679,0.17100104200653732,
6380,637,ok,1.8528053130149575,0.14849036891614878,0.06927924610008325,0.10020297285756978,15.000000000001679,0.1688790830085054,
6381,638,ok,1.456848597359262,0.8724000812665553,-0.9224566433713716,0.09087851580234103,15.000000000001679,0.17756250000093132,
6382,638,ok,0.4966804901519843,1.5054367238946604,-0.045811300195137905,0.12211641487336705,15.000000000001679,0.17567062500165775,
6383,638,ok,1.5634463610897464,0.7667102404111017,-0.9609166940468495,0.08669977858379686,15.000000000001679,0.17159783400711603,
6384,638,ok,1.6775069555220847,0.5300024784820727,-0.8081688391395233,0.09306652877555564,15.000000000001679,0.172479624976404,
6385,638,ok,0.6281559502296339,1.3933057766588286,0.16279440154178282,0.1209999750276541,15.000000000001679,0.16749937500571832,
6386,638,ok,0.8748762863754534,1.1491302886276944,0.2035417665525035,0.09604694082754602,15.000000000001679,0.16900145797990263,
6387,638,ok,1.4804374324902843,0.5198989002590602,-0.031555127381864126,0.09725539586205295,15.000000000001679,0.16614387501613237,
6388,638,ok,1.7503589838517295,0.3700606728242334,-0.6380081206977444,0.08000026078617349,15.000000000001679,0.17599474999587983,
6389,638,ok,1.5252407355831985,0.7342515448480178,-0.8510230018999174,0.08502758194226377,15.000000000001679,0.1703272089944221,
6390,638,ok,0.7692907723976194,1.2391828905559705,0.11386666972102792,0.11065313806382349,15.000000000001679,0.1662072079780046,
6391,639,ok,1.1391273428055488,0.8780836633483188,0.19726843812759812,0.09830015863651291,15.000000000001679,0.16807975000119768,
6392,639,ok,1.4370202312411051,0.9329086699054013,-0.9624672660580096,0.08863644902653642,15.000000000001679,0.16878637502668425,
6393,639,ok,1.6762945572928885,0.4928795176461251,-0.7338605415739319,0.08332417713427501,15.000000000001679,0.17129491601372138,
6394,639,ok,1.693349572976583,0.5879209291216861,-0.9345937480463983,0.09965573142280203,15.000000000001679,0.16965674998937175,
6395,639,ok,1.834568276782687,0.3359452405582814,-0.7723745980783943,0.08463871834751399,15.000000000001679,0.17151674997876398,
6396,639,ok,0.8212590944238802,1.2163145133751643,0.24556782816062503,0.10219572939186326,15.000000000001679,0.16313237498980016,
6397,639,ok,1.637076982024855,0.44318677966739384,0.5063137782770951,0.11386810498791491,15.000000000001679,0.16419891698751599,
6398,639,ok,1.422734413575342,1.0361176264155672,-1.0464721599090976,0.09787425920061099,15.000000000001679,0.16896216600434855,
6399,639,ok,1.9394211475484253,0.07370060845892124,0.2252222051808412,0.09946473537279976,15.000000000001679,0.1655353750102222,
6400,639,ok,1.644890819792051,0.7803219016177375,-1.10365354408111,0.08709505845155507,15.000000000001679,0.16941370800486766,
6401,640,ok,0.5158644378438956,1.4841738589370215,0.006285732103306749,0.11131547645414033,15.000000000001679,0.17189245898043737,
6402,640,ok,0.9407381948778933,1.0743343445071756,-0.1677243141084705,0.11181989838864417,15.000000000001679,0.16696320800110698,
6403,640,ok,1.5858645836049872,0.6554652403401572,-0.8409475355805902,0.08255637843506432,15.000000000001679,0.16971020901110023,
6404,640,ok,1.6032139100857117,0.625052330386764,-0.824508185112463,0.09710880957731496,15.000000000001679,0.16856354198534973,
6405,640,ok,0.5916285153945804,1.416285190080182,-0.09644335595709062,0.13013830756486852,15.000000000001679,0.16541666598641314,
6406,640,ok,0.8444660539384388,1.2344453417158059,0.3564393096078614,0.1241472602135375,15.000000000001679,0.16579558397643268,
6407,640,ok,1.0185039259235829,1.015677213638993,0.26164651607131095,0.11394974475303762,15.000000000001679,0.16717474997858517,
6408,640,ok,1.3011048927874023,0.7071784783747115,0.14658258852193626,0.11415035196651242,15.000000000001679,0.1666373749903869,
6409,640,ok,0.8667538757479157,1.2331435080016295,0.40397203096747497,0.12849398852219487,15.000000000001679,0.1664664999989327,
6410,640,ok,0.9272902457624649,1.1226924270835417,0.3003308548744963,0.1031948583888183,15.000000000001679,0.1673296249937266,
6411,641,ok,1.8037531488721634,0.1966706729863146,0.039099365706023716,0.10880021298021052,15.000000000001679,0.16681679099565372,
6412,641,ok,1.8311124129036385,0.34386527266422307,-0.7811468706986138,0.08268054993277345,15.000000000001679,0.17056254201452248,
6413,641,ok,1.5172965614111944,0.4892796700788474,-0.14111321707465202,0.10783440441587226,15.000000000001679,0.16594908401020803,
6414,641,ok,1.209513391434792,0.8624607700796036,0.4110074749347073,0.123045036560105,15.000000000001679,0.16602754101040773,
6415,641,ok,1.2462839527181453,0.7541519988682728,-0.03296132398499778,0.10353693557767038,15.000000000001679,0.17324520798865706,
6416,641,ok,0.843480091528943,1.1739614448475268,0.17064281469575154,0.10668628322557744,15.000000000001679,0.16797166600008495,
6417,641,ok,1.69688154772034,0.5645467508106724,-0.9049204143932099,0.08124087630423399,15.000000000001679,0.17074216701439582,
6418,641,ok,0.696450890343146,1.321405304020563,0.15669422850997558,0.1189085902690848,15.000000000001679,0.17425241699675098,
6419,641,ok,1.551369887914213,0.7658256524134652,-0.9399798981288425,0.09500631367425157,15.000000000001679,0.19219020899618044,
6420,641,ok,1.4947302274815564,1.0011840305297142,-1.1120184854930237,0.12046567627178148,15.000000000001679,0.19608337499084882,
6421,642,ok,1.46621384677415,0.7759843795989194,-0.8071981203437034,0.09725703247065093,15.000000000001679,0.18310291698435321,
6422,642,ok,1.1656914697586676,0.8479691412613747,0.17793679546981836,0.1200504363078737,15.000000000001679,0.17189337499439716,
6423,642,ok,0.7844390627166893,1.2524147452980139,0.23761508804788556,0.11917938318505374,15.000000000001679,0.17101195800933056,
6424,642,ok,1.84825401233531,0.1646035853388819,0.21763017980667343,0.10892447794649765,15.000000000001679,0.17348720799782313,
6425,642,ok,1.6079989354271276,0.6179607690530462,-0.8219660214743235,0.08332539318659635,15.000000000001679,0.1766544579877518,
6426,642,ok,1.8657654792632459,0.24010684160897494,0.6195618570077337,0.09920281110486444,15.000000000001679,0.16555883298860863,
6427,642,ok,0.9476662216571232,1.1508053506188756,0.42064202730154887,0.12696339671645657,15.000000000001679,0.1674981659743935,
6428,642,ok,1.7895599152363695,0.36375603319074556,-0.7247277911748091,0.08406518155745563,15.000000000001679,0.1716313340002671,
6429,642,ok,1.6527470053086766,0.47054873050898194,0.6263796594790669,0.0939420742031165,15.000000000001679,0.16518820798955858,
6430,642,ok,1.7470712483415471,0.4731981394329099,-0.8491961053552729,0.09334070681890065,15.000000000001679,0.17474724998464808,
6431,643,ok,0.5313259893120449,1.5405702426185361,-0.2668924969923892,0.1285563110042589,15.000000000001679,0.16646533299353905,
6432,643,ok,1.6112805439044657,0.5694155944980026,-0.7413860329811774,0.10374641088126621,15.000000000001679,0.17043762502726167,
6433,643,ok,0.9372276127950278,1.1994213511539544,-0.48730834714511767,0.10660023146550261,15.000000000001679,0.16845733299851418,
6434,643,ok,1.8080777512985742,0.4441389387383625,-0.9211088495887549,0.08108126201287245,15.000000000001679,0.17185887499363162,
6435,643,ok,1.5910512776606698,0.6704826359688985,-0.8739723948074337,0.08546205260404136,15.000000000001679,0.1697924170002807,
6436,643,ok,1.4493846378953532,0.9411468372660718,-0.9897200656425035,0.09717084562816532,15.000000000001679,0.16771383400191553,
6437,643,ok,1.6467880371297778,0.6312421512439695,-0.9156488359095482,0.09145381989944314,15.000000000001679,0.17028929200023413,
6438,643,ok,1.5563697039553535,0.7930747490809601,-0.9826586864644752,0.09386046664406932,15.000000000001679,0.16949112500878982,
6439,643,ok,1.5547423436528565,0.7596709429150488,-0.9374473773486874,0.09500434953752128,15.000000000001679,0.1720137920056004,
6440,643,ok,1.594541711975283,0.6120635190841502,-0.7849812712237112,0.08050241523479267,15.000000000001679,0.17162429200834595,
6441,644,ok,0.6993503964555076,1.3125339049616647,0.12837969152174394,0.11848497882119016,15.000000000001679,0.16449175000889227,
6442,644,ok,1.4800552759765828,0.617295165713762,0.5279118877119412,0.12110870898163757,15.000000000001679,0.17269137501716614,
6443,644,ok,0.7498850241231949,1.250962187677919,0.03563572808285656,0.11477232024286227,15.000000000001679,0.16807179199531674,
6444,644,ok,0.8430675478039803,1.2207286103057005,0.32171259124276097,0.11684307885761555,15.000000000001679,0.1642391250061337,
6445,644,ok,1.0254867339793432,1.0147443704523886,0.28441938403062533,0.1217476683574133,15.000000000001679,0.16587745799915865,
6446,644,ok,0.9924114515136515,1.1770728441553886,0.5546813366870488,0.10257536457841045,15.000000000001679,0.1665295000129845,
6447,644,ok,1.3865660265756372,1.1590186342268187,-1.1024135741526522,0.09932564202882196,15.000000000001679,0.16757995801162906,
6448,644,ok,1.6730241600783335,0.4678097220819184,-0.6718651594324011,0.09526662199430196,15.000000000001679,0.17035533301532269,
6449,644,ok,1.6703801298298764,0.6196129153115488,-0.9405856019288164,0.08842815445884622,15.000000000001679,0.16781487502157688,
6450,644,ok,1.9064510659854195,0.3193805689477306,-0.9000411073759289,0.08769932397936483,15.000000000001679,0.17185099999187514,
6451,645,ok,1.522549982638259,0.7883013355567956,-0.9219245067890957,0.08358821955399376,15.000000000001679,0.1711280839808751,
6452,645,ok,0.5401621054127282,1.4763321084062058,0.13246523860100642,0.11376545313762383,15.000000000001679,0.1630709589808248,
6453,645,ok,1.808687215853511,0.5399013872078751,-1.067455612994956,0.0880965226885942,15.000000000001679,0.16773037501843646,
6454,645,ok,0.9994297972276105,1.086889890362835,0.4063124995183229,0.11581971190966107,15.000000000001679,0.1657187080127187,
6455,645,ok,1.7676911914694173,0.3410634243291239,0.6104601430887653,0.13186361342813152,15.000000000001679,0.17614229102036916,
6456,645,ok,1.7752739747762611,0.43464028381037534,-0.8374047076823984,0.08417862926713625,15.000000000001679,0.17650900001171976,
6457,645,ok,1.5927372551623098,0.45047697078753207,-0.368497416438957,0.07946101337641168,15.000000000001679,0.17832608401658945,
6458,645,ok,1.7068702718335724,0.435586407268837,-0.6826538183788246,0.08213358274855255,15.000000000001679,0.17469320801319554,
6459,645,ok,1.8473939178477294,0.31988900860960173,-0.7681740325668114,0.0831339013510011,15.000000000001679,0.17210925000836141,
6460,645,ok,1.6579188404935508,0.5940906905542723,-0.8787001168073877,0.08190256586958211,15.000000000001679,0.1738113750179764,
6461,646,ok,1.113407759613473,1.0078935256515915,0.5053727166393771,0.12496502020966738,15.000000000001679,0.16642454100656323,
6462,646,ok,1.6226178157068598,0.6723481349132041,-0.932860708241511,0.09850442639402539,15.000000000001679,0.16950970800826326,
6463,646,ok,1.6670180198269633,0.4798081240050569,-0.6840802135618197,0.08640013038659665,15.000000000001679,0.17555308301234618,
6464,646,ok,0.8391753414195117,1.2513678081168593,-0.3791636782746975,0.13040898734364528,15.000000000001679,0.17192058300133795,
6465,646,ok,0.5700441940437189,1.4306780773628343,0.028686783850304848,0.11909668544162975,15.000000000001679,0.16782854200573638,
6466,646,ok,0.9372286605533958,1.1274514437276508,0.34213532280334863,0.11696403671690386,15.000000000001679,0.18011824999121018,
6467,646,ok,0.8572375985288911,1.1755676797619914,0.23487794634352951,0.09423305619483438,15.000000000001679,0.1684921249980107,
6468,646,ok,1.5012075125237105,0.9548407391828405,-1.0776205803462346,0.09214368252866952,15.000000000001679,0.176266124995891,
6469,646,ok,1.5389178926153313,0.4621824211318501,-0.05818396974867216,0.09318842911253435,15.000000000001679,0.18660241598263383,
6470,646,ok,1.351987475409771,0.6507741893082727,0.08637039671170399,0.09374558871605587,15.000000000001679,0.1813979169819504,
6471,647,ok,1.2822284993767703,1.1026590380626577,-0.9159089052102122,0.10595926911426574,15.000000000001679,0.18729908400564454,
6472,647,ok,0.8050060776663668,1.2463755159060512,-0.2829927950565492,0.09352548090044253,15.000000000001679,0.19713308301288635,
6473,647,ok,1.9581515373658478,0.11589953817945266,-0.5334068738363179,0.07829031660489418,15.000000000001679,0.23860287500428967,
6474,647,ok,1.5214051778579138,0.8220996627980379,-0.9629249767413735,0.09836047892475351,15.000000000001679,0.2081770829972811,
6475,647,ok,1.728166823141155,0.45016211560165686,-0.7645672636789128,0.08173579362102575,15.000000000001679,0.17966083300416358,
6476,647,ok,1.032799065157337,1.0101064312032044,0.2945923139605192,0.1159950208706301,15.000000000001679,0.17977462499402463,
6477,647,ok,1.5936859896318953,0.4808247673861626,-0.48160320406086066,0.10034315422841526,15.000000000001679,0.1841539170127362,
6478,647,ok,1.4744101175650766,1.0133246639011462,-1.0956080393610104,0.09035183593717895,15.000000000001679,0.1697509590012487,
6479,647,ok,1.7500066145638493,0.532484055163221,-0.9533730133935197,0.09231072151996586,15.000000000001679,0.1802015000139363,
6480,647,ok,1.8292765139050349,0.31254282209835255,-0.7062158572793205,0.09243901871654926,15.000000000001679,0.17563170799985528,
6481,648,ok,1.1074855272568151,0.8964869325911111,0.09371821136327091,0.09874854503684444,15.000000000001679,0.16564262498286553,
6482,648,ok,1.6779434468424848,0.5631695027025926,-0.8666096773275289,0.09109272540550194,15.000000000001679,0.1742209579970222,
6483,648,ok,1.1888666523030267,0.8697201910293684,0.3686074746821041,0.1123126850369327,15.000000000001679,0.1685150419943966,
6484,648,ok,1.4523294041937256,0.550187038008075,-0.08545802201024334,0.09260238398918968,15.000000000001679,0.1709978750150185,
6485,648,ok,1.722890525965727,0.5211713089784906,-0.8839782050899609,0.08724266352781025,15.000000000001679,0.17561129201203585,
6486,648,ok,1.7709608123089595,0.30317091122476847,-0.5070239069513653,0.08061974916416988,15.000000000001679,0.1789971670077648,
6487,648,ok,1.5645247959882187,0.6504719474697965,-0.7915250297343812,0.09134191168298372,15.000000000001679,0.17063670797506347,
6488,648,ok,0.710833968778477,1.3945013362672236,-0.37236581393460805,0.11782737468917204,15.000000000001679,0.17314687502221204,
6489,648,ok,0.8542373301591843,1.1700054468217858,0.20206547931793734,0.11701108923387527,15.000000000001679,0.1664992499863729,
6490,648,ok,1.673972609117616,0.523720505692034,-0.7891661110069633,0.09217843108106875,15.000000000001679,0.1709243749792222,
6491,649,ok,1.4302820224987127,0.9084845527940687,-0.9242838808471369,0.09331491572596605,15.000000000001679,0.17101125000044703,
6492,649,ok,0.7056881159214918,1.349933044997294,0.274606392799466,0.119525910753949,15.000000000001679,0.16483191700535826,
6493,649,ok,1.7698361779736242,0.3635390084080066,-0.67402931676748,0.08223653627721751,15.000000000001679,0.1752334159973543,
6494,649,ok,1.3086141975012666,1.183798762813712,-1.022881546571966,0.10580153951740734,15.000000000001679,0.16755625000223517,
6495,649,ok,1.573982503886534,0.7596457524096702,-0.9689903317502967,0.0883426048455936,15.000000000001679,0.16986470800475217,
6496,649,ok,1.4460251609558024,0.7542628181756172,-0.7342531170771416,0.09402537178449505,15.000000000001679,0.17618929099990055,
6497,649,ok,1.0542154875184846,0.9570015729341781,0.1533772318894093,0.12828696594635852,15.000000000001679,0.16736670798854902,
6498,649,ok,1.7976465637179477,0.4111938573782018,-0.8409686136914909,0.0957336077381918,15.000000000001679,0.17164183399290778,
6499,649,ok,0.7707815353184475,1.3092507057410387,0.3420081690085928,0.12630104062844025,15.000000000001679,0.16731462499592453,
6500,649,ok,1.6338333043271906,0.6994790044865943,-0.988967343524308,0.08058029374299659,15.000000000001679,0.16905962501186877,
6501,650,ok,0.7583911558515664,1.2602374800572793,0.16705855069965922,0.12256002281736997,15.000000000001679,0.16428345799795352,
6502,650,ok,1.7846825304040057,0.35295887866778036,-0.6872752570622265,0.08625844103367596,15.000000000001679,0.17234600000665523,
6503,650,ok,1.5975575221218896,0.6266927392766845,-0.8162212960544803,0.09344237122281783,15.000000000001679,0.16722224999102764,
6504,650,ok,1.7065311127330807,0.5797873089249496,-0.9461735310371827,0.09027633324480012,15.000000000001679,0.1699609580100514,
6505,650,ok,1.782900500376738,0.3353259314829679,-0.6384312334547664,0.0841810549235328,15.000000000001679,0.1713692499906756,
6506,650,ok,0.9812378954976073,1.0642508971463762,0.2952988724482562,0.09898559027761682,15.000000000001679,0.16662495798664168,
6507,650,ok,1.4147434685835454,0.8262071388076033,-0.7897527466958049,0.09996378862813414,15.000000000001679,0.16949274999205954,
6508,650,ok,1.5070227001951486,0.9310133067531332,-1.0622546156946582,0.09663125818341325,15.000000000001679,0.16606404198682867,
6509,650,ok,1.6762332864100664,0.5217710127703732,-0.7903145524303367,0.08871402081163533,15.000000000001679,0.1848649169842247,
6510,650,ok,1.5724117779214075,0.7586557198891094,-0.9651648447710558,0.09393362277768309,15.000000000001679,0.1691553330165334,
6511,651,ok,1.6349513143880685,0.6042047218223067,-0.8513644001460997,0.09022259221913888,15.000000000001679,0.16956841701176018,
6512,651,ok,0.8626118148431636,1.2384544635130807,-0.40515125442711736,0.11965458571931482,15.000000000001679,0.1673808750056196,
6513,651,ok,0.8857325155288663,1.1302188292914868,0.16734038408591528,0.11599596948828424,15.000000000001679,0.1649091249855701,
6514,651,ok,0.9674600583633532,1.2574143489506187,0.6201173400123474,0.10918218112578208,15.000000000001679,0.1647407499840483,
6515,651,ok,1.6240490027720789,0.7333247999548576,-1.0164000693602802,0.0966608525062394,15.000000000001679,0.1689211670018267,
6516,651,ok,0.797145536602089,1.2638229120604334,-0.30575202651405586,0.1107602785911437,15.000000000001679,0.16621237501385622,
6517,651,ok,1.7133281160762834,0.5899325422304458,-0.9732435449962219,0.0834245527014371,15.000000000001679,0.17354683400481008,
6518,651,ok,1.5133090138731649,0.6039129802094573,0.5839907573259457,0.11844920566861782,15.000000000001679,0.16825508399051614,
6519,651,ok,0.8517049149925484,1.1710744890954725,0.19566236120964114,0.1006545658269078,15.000000000001679,0.16988904200843535,
6520,651,ok,1.5882862292616184,0.6774316497202352,-0.8794692177105188,0.09213132508341305,15.000000000001679,0.17151516600279137,
6521,652,ok,1.5396776059029662,0.6549773698411083,-0.7493472189042587,0.08326438196776319,15.000000000001679,0.17316237499471754,
6522,652,ok,1.6558774984978417,0.5765719015586427,-0.8460394426970244,0.0980773765628657,15.000000000001679,0.1714842080255039,
6523,652,ok,1.7185933565991105,0.4963061103001851,-0.8321465083902222,0.08785849702577235,15.000000000001679,0.16950887502753176,
6524,652,ok,0.8949348333853396,1.105126113829303,-0.010444321720432016,0.1105982669971626,15.000000000001679,0.1639095830032602,
6525,652,ok,1.6842180457869989,0.46289093409205706,-0.6883938881615586,0.08464034628779162,15.000000000001679,0.1726511660090182,
6526,652,ok,1.8616416674063232,0.16675582090925367,0.3239220240324676,0.09472965713933781,15.000000000001679,0.16791241598548368,
6527,652,ok,1.6587727669664651,0.574413138173263,-0.8480738127171352,0.08456084049533732,15.000000000001679,0.1705117079836782,
6528,652,ok,0.4794007313393179,1.5224956853524745,0.042599186631551746,0.10812925814411599,15.000000000001679,0.16735441598575562,
6529,652,ok,0.6466905094119921,1.4013005433436105,0.24447407953172845,0.1144298102656288,15.000000000001679,0.16673941700719297,
6530,652,ok,1.4546119920314953,0.9015602679171443,-0.9535859700853299,0.08814816336373982,15.000000000001679,0.1690544589946512,
6531,653,ok,1.7047564427913438,0.49494000831494755,-0.8006178555762954,0.08534285582328299,15.000000000001679,0.17104704200755805,
6532,653,ok,1.748144587158632,0.46267465309900907,-0.8322501278989224,0.09120508856480845,15.000000000001679,0.18200641599833034,
6533,653,ok,1.620421321420816,0.6640978046872927,-0.9171317154443374,0.09156283761598305,15.000000000001679,0.16862945799948648,
6534,653,ok,1.7396756716225592,0.5427417889287565,-0.950194689892993,0.09170415358595109,15.000000000001679,0.1700860420241952,
6535,653,ok,0.7483625236057666,1.3253272222139802,0.32382573963798433,0.12435664497618555,15.000000000001679,0.16623624999192543,
6536,653,ok,1.7651983199176202,0.4126992222882722,-0.7722702569151119,0.08554968331008604,15.000000000001679,0.1731566670059692,
6537,653,ok,1.4969882539094352,0.5032728129729688,0.027956393847738063,0.09164537501200644,15.000000000001679,0.16896908299531788,
6538,653,ok,1.4120867735057425,0.9218633449775514,-0.9119267563828051,0.08588758918118246,15.000000000001679,0.16900979200727306,
6539,653,ok,1.7425239812938513,0.4682864006843986,-0.830808807762544,0.09320676611576546,15.000000000001679,0.17276279200450517,
6540,653,ok,1.14431496416536,0.8807729309273613,0.23830129052911145,0.10861834656369398,15.000000000001679,0.1669535409891978,
6541,654,ok,0.9700881878553603,1.125483700655202,0.4198718070992345,0.0991408012573492,15.000000000001679,0.16439558399724774,
6542,654,ok,1.8380284722655218,0.31308550994660245,-0.7298411937583499,0.08217080677615558,15.000000000001679,0.1728335419902578,
6543,654,ok,1.2422060242811437,0.9080946812431295,0.5922994020179512,0.11915361646361308,15.000000000001679,0.16555870900629088,
6544,654,ok,1.7413165981462562,0.408511439977367,0.7066453553917527,0.12754046706804337,15.000000000001679,0.16362616600235924,
6545,654,ok,2.0374251128617806,-0.02855489711222651,0.18991082097090695,0.10095228584566876,15.000000000001679,0.16604354200535454,
6546,654,ok,1.6683067984143627,0.6211990497323078,-0.9392313416706717,0.08451479304120595,15.000000000001679,0.1698411660036072,
6547,654,ok,1.8363240383560369,0.3258357184513997,0.7544931624813327,0.1059594549191166,15.000000000001679,0.16573787498055026,
6548,654,ok,1.7672285905416982,0.5375932748680969,-0.9922013210619,0.09016711450485834,15.000000000001679,0.16919579199748114,
6549,654,ok,1.8737060457207237,0.4257616535813399,-1.0161436780472697,0.0876865589252027,15.000000000001679,0.16762795799877495,
6550,654,ok,0.920907596572404,1.0839999479431237,0.0949458058924214,0.1029930598233882,15.000000000001679,0.1668550840113312,
6551,655,ok,1.7122877088511876,0.4800612851130943,-0.7884893790475501,0.08063574042875409,15.000000000001679,0.17125524999573827,
6552,655,ok,1.545962865511891,0.6970051121872954,-0.83198888446643,0.08379677604433777,15.000000000001679,0.1698539589997381,
6553,655,ok,1.7201856350223212,0.5018464462722654,-0.8453251140183323,0.08323796165981169,15.000000000001679,0.17109758299193345,
6554,655,ok,1.4930354780698027,0.6462633613385237,0.6297237901815783,0.11381380515800354,15.000000000001679,0.16668654198292643,
6555,655,ok,0.9581519882769429,1.1849135280190743,0.5036757645874443,0.11995083092571217,15.000000000001679,0.16516237499308772,
6556,655,ok,1.7807910901084671,0.5232430464555324,-0.9951913417869781,0.09836117798054217,15.000000000001679,0.16817404099856503,
6557,655,ok,0.6661704313291019,1.3858730848629262,0.2581301526002395,0.11702360070021835,15.000000000001679,0.1667592499870807,
6558,655,ok,1.6199394105116525,0.7444818455530104,-1.0236590533878285,0.10270284988111912,15.000000000001679,0.16938133299117908,
6559,655,ok,1.6953804350792179,0.49651752099889324,-0.7834891543512805,0.0854192395140376,15.000000000001679,0.1695832500117831,
6560,655,ok,1.89741876958799,0.11877589656137705,0.24737392713532172,0.10034644184158333,15.000000000001679,0.1682062500040047,
6561,656,ok,1.7402825824266692,0.5583920094626073,-0.9748588966185707,0.08459820581678645,15.000000000001679,0.1689699160051532,
6562,656,ok,1.8027774739852662,0.42382355091978696,-0.8750282407291707,0.09702116061850817,15.000000000001679,0.1685733330086805,
6563,656,ok,1.2475105021388173,1.2990054044300232,-1.031934605451493,0.11120425736255475,15.000000000001679,0.1669238329923246,
6564,656,ok,1.6707167100131575,0.809475010005155,-1.1721538181121807,0.08696407591098027,15.000000000001679,0.16866675001801923,
6565,656,ok,0.5183513580484378,1.5021590580284578,0.1443694111906928,0.1253451236540171,15.000000000001679,0.16511195900966413,
6566,656,ok,0.7094051696675445,1.2912310713227104,-0.03003831707477603,0.10677353328346412,15.000000000001679,0.16693633300019428,
6567,656,ok,1.8068529340259172,0.3350387277123165,-0.7018699929333376,0.08647239480067405,15.000000000001679,0.17393220801022835,
6568,656,ok,0.8310783164598469,1.1699092615082367,-0.04050350552646588,0.10615871957298993,15.000000000001679,0.16609683400020003,
6569,656,ok,0.7939290689836455,1.3018997426992711,0.378126165894261,0.12312709228925248,15.000000000001679,0.16520137499901466,
6570,656,ok,1.8164048282329015,0.3130662646185639,-0.6734842778119114,0.08094975263091718,15.000000000001679,0.17416333299479447,
6571,657,ok,0.6946488807705152,1.3383679202149736,0.2116129924061137,0.11584783970049851,15.000000000001679,0.16409608299727552,
6572,657,ok,1.5749948579687991,0.8697263251327819,-1.096854695267478,0.09552610889938204,15.000000000001679,0.1692336659762077,
6573,657,ok,0.9014581816607498,1.1967604166624461,0.4091858074797049,0.12662294521399764,15.000000000001679,0.16404595898347907,
6574,657,ok,0.9817932910161278,1.090047484439235,0.36865225580337163,0.10540381701238645,15.000000000001679,0.165736333001405,
6575,657,ok,1.783264657193227,0.3922582468775006,-0.77149160258623,0.08769619941012048,15.000000000001679,0.1725396669935435,
6576,657,ok,1.9233245164028174,0.24582610121380527,-0.7887021796682018,0.08533204161145798,15.000000000001679,0.17067129199858755,
6577,657,ok,1.5316522959131367,0.7693773948504129,-0.9118808909450979,0.0932131009974389,15.000000000001679,0.1693639580043964,
6578,657,ok,0.7489127230612749,1.3747559606849975,0.41223798716774435,0.12231187704782087,15.000000000001679,0.16377474999171682,
6579,657,ok,1.7518495834479535,0.44557092842007984,-0.8079153572336372,0.08749455581208095,15.000000000001679,0.17180845799157396,
6580,657,ok,1.1834970105192808,0.8181863476268214,0.06310043559629643,0.12167183939296339,15.000000000001679,0.16743337499792688,
6581,658,ok,0.8074781611375698,1.2087475442124507,0.1610606467275087,0.12662838812281846,15.000000000001679,0.16562558300211094,
6582,658,ok,1.8021327696455913,0.42400732059188906,-0.8740306595781027,0.08795072642921015,15.000000000001679,0.1719232499890495,
6583,658,ok,1.6621594082269957,0.5206416813639843,-0.7578079330806302,0.08385016299283786,15.000000000001679,0.1728034160041716,
6584,658,ok,1.0480515341000822,1.0102067469936862,0.3445596239153904,0.11744461671089708,15.000000000001679,0.1670903750055004,
6585,658,ok,0.5499605340927755,1.4654479422350981,0.12926982091315786,0.10979765920755469,15.000000000001679,0.16572870800155215,
6586,658,ok,0.8776869727353068,1.1325701774886288,0.13379060178935698,0.10757871452893497,15.000000000001679,0.16580899999826215,
6587,658,ok,1.7786391273070947,0.4623270597583922,-0.8939346027738675,0.08263383411092877,15.000000000001679,0.17209604097297415,
6588,658,ok,1.4413703455176692,1.130506587673072,-1.1495780438307788,0.10060183348139508,15.000000000001679,0.16831404098775238,
6589,658,ok,0.8943811051094458,1.1919911592871577,0.3834570047693511,0.10179465064335765,15.000000000001679,0.1662215840187855,
6590,658,ok,1.555365019769306,0.6114675088469458,0.7008122899423688,0.09733191295266105,15.000000000001679,0.16384445800213143,
6591,659,ok,1.5454527006438912,0.8922687658784612,-1.0776620819529046,0.09635351247537906,15.000000000001679,0.1684531669889111,
6592,659,ok,1.6561659701843645,0.6048371147823441,-0.8924159593529596,0.0963574644885191,15.000000000001679,0.17006808400037698,
6593,659,ok,1.462436642717025,0.6959031327246682,0.6618551916575927,0.10647187615832933,15.000000000001679,0.1622047080018092,
6594,659,ok,1.7894674771864292,0.34054240504568384,-0.669622537297245,0.08808666262545675,15.000000000001679,0.17289166699629277,
6595,659,ok,0.5111236423234896,1.5789231927182767,-0.28972694060349485,0.11683571314382973,15.000000000001679,0.18171016601263545,
6596,659,ok,1.6114987030184924,0.6817927168375049,-0.9269615032177099,0.0824552973093999,15.000000000001679,0.17208504199516028,
6597,659,ok,1.311090843625086,0.7141089612073442,0.25581914820881724,0.10939155641986387,15.000000000001679,0.1638443340198137,
6598,659,ok,1.3939044428977037,1.0388902779171287,-1.0095730275952024,0.09853491621718569,15.000000000001679,0.16950854199239984,
6599,659,ok,0.786518041186432,1.225620730145133,0.13764946614783852,0.09444693877719294,15.000000000001679,0.16874787499546073,
6600,659,ok,1.5928944973535553,0.6459476651169902,-0.8389607583773541,0.0954469609560268,15.000000000001679,0.1719399580033496,
6601,660,ok,1.6566004062605229,0.3435164904439862,-0.019679649171695773,0.10159295944225444,15.000000000001679,0.16579679198912345,
6602,660,ok,1.4245906764122367,0.7194409247586686,0.6242011295550021,0.11835759744660895,15.000000000001679,0.16612795801484026,
6603,660,ok,1.6245894720792777,0.7823354935208374,-1.0754460016438219,0.09397146959487722,15.000000000001679,0.1691831249918323,
6604,660,ok,1.3478613346899044,1.1048062099117728,-1.0076498676323664,0.10042959109147172,15.000000000001679,0.16872104202047922,
6605,660,ok,1.7218099679501526,0.5399954991624117,-0.9126973338771674,0.09548033902940804,15.000000000001679,0.16633958299644291,
6606,660,ok,1.9702142752137246,0.15442445209145994,-0.6896340966179346,0.10270172242646555,15.000000000001679,0.17335054199793376,
6607,660,ok,1.6152248738894388,0.7906946287176309,-1.070762304257469,0.10846389856360952,15.000000000001679,0.16614795802161098,
6608,660,ok,1.9760955920049414,0.03809524257398759,0.23639693638145862,0.09771654727292022,15.000000000001679,0.16811224998673424,
6609,660,ok,1.6638052406031723,0.44426195676560304,-0.5898533881328392,0.08145507565116504,15.000000000001679,0.17706200000247918,
6610,660,ok,1.5263594238571214,0.6599185557064048,0.7307221178104815,0.111360725591789,15.000000000001679,0.16483737499220297,
6611,661,ok,1.7716739108821378,0.28032523791267533,0.42608351193200567,0.11810154794741716,15.000000000001679,0.1662080830137711,
6612,661,ok,0.6866137105792086,1.3137841253543254,0.023370086427334194,0.11900034130034451,15.000000000001679,0.16845754202222452,
6613,661,ok,0.6655664212712941,1.3562986117503122,-0.16919569701769133,0.11668325036562896,15.000000000001679,0.16454670898383483,
6614,661,ok,1.2435420870347023,0.7881835747142935,0.2791019054653602,0.12037575923985679,15.000000000001679,0.16714399997727014,
6615,661,ok,0.82557103072937,1.204932946369735,0.22234186967650416,0.11489854668307325,15.000000000001679,0.16641562501899898,
6616,661,ok,1.7472206468537614,0.3446007944516007,-0.558957475181972,0.09420199678426944,15.000000000001679,0.170819916005712,
6617,661,ok,1.3598310386383539,1.1446960753750852,-1.0571639656011182,0.11463290727765335,15.000000000001679,0.16753058301401325,
6618,661,ok,1.7428455180758515,0.4178870661130161,-0.7310466225245851,0.08370363214764417,15.000000000001679,0.17020366599899717,
6619,661,ok,1.9323413289222269,0.07289414577269887,0.1421479442826437,0.09479878737405066,15.000000000001679,0.1682776250236202,
6620,661,ok,1.5460032012670335,0.754823684575611,-0.9163306400170507,0.08962407159535025,15.000000000001679,0.16951541698654182,
6621,662,ok,1.64197285377033,0.7074785758507242,-1.0126515790901671,0.09022207390839482,15.000000000001679,0.1684340420179069,
6622,662,ok,0.9110300959525184,1.1164729494724766,0.22216162296263037,0.09692877743559662,15.000000000001679,0.1637297910056077,
6623,662,ok,1.8421953381786296,0.37201466230342334,-0.8621759705837544,0.08793576908482284,15.000000000001679,0.17028470800141804,
6624,662,ok,1.3885094837554401,1.1098019193999311,-1.065601221740456,0.10024159690814768,15.000000000001679,0.1668901660013944,
6625,662,ok,1.7584586450502717,0.5111578040618526,-0.935695314697104,0.08796302389457805,15.000000000001679,0.17052474999218248,
6626,662,ok,1.744536058032425,0.25564380422679917,0.025050350156425708,0.09909682046036686,15.000000000001679,0.16806749999523163,
6627,662,ok,0.7838789105911438,1.3193377160968454,0.3887994363952959,0.11347031071792743,15.000000000001679,0.16300512498128228,
6628,662,ok,1.5716658692758783,0.649389307025166,-0.8037315227541725,0.09795733255635154,15.000000000001679,0.16617712497827597,
6629,662,ok,1.9486531651245995,0.05257544032850375,0.06918628721356712,0.09714714188491642,15.000000000001679,0.1664172500022687,
6630,662,ok,1.6774633394479885,0.5463338101213316,-0.8371008682325165,0.08711405768965819,15.000000000001679,0.1731522910122294,
6631,663,ok,0.9541920861035464,1.1562043712833316,0.4455238199482494,0.1126958413225585,15.000000000001679,0.16480745800072327,
6632,663,ok,1.5220558768082755,0.9675871344121929,-1.1183817626800703,0.09113409789849358,15.000000000001679,0.16721633399720304,
6633,663,ok,1.5119812645690482,0.4892259835542244,-0.06040873811062016,0.09349808770800791,15.000000000001679,0.16352541698142886,
6634,663,ok,1.6164306737158085,0.6533320325342663,-0.8940545331975291,0.08388626192761978,15.000000000001679,0.17170454197912477,
6635,663,ok,0.8620017855187732,1.1430251502097986,-0.09295797472306858,0.10347480530966562,15.000000000001679,0.16661162502714433,
6636,663,ok,1.741879008053951,0.4164592866265443,-0.7256316474546186,0.07918779392132913,15.000000000001679,0.17373595800017938,
6637,663,ok,1.7469204356372292,0.45700932354687,-0.8190914361813817,0.0846396447238689,15.000000000001679,0.17040941698360257,
6638,663,ok,1.5769788660421717,0.6658813796954024,-0.840826885214912,0.08536284466401882,15.000000000001679,0.17284837499028072,
6639,663,ok,1.6853458372872454,0.5330316021709255,-0.82969531216721,0.08787131078892045,15.000000000001679,0.17569566698512062,
6640,663,ok,1.0569904976595668,1.0215197599239294,0.399756590844096,0.10913330093524269,15.000000000001679,0.16587324999272823,
6641,664,ok,1.4954875722174013,0.8410293034565441,-0.9451296224382525,0.09524043758210457,15.000000000001679,0.17263174999970943,
6642,664,ok,1.0018768369120399,1.032850980760987,0.26149564226940625,0.11207707075405068,15.000000000001679,0.16919383400818333,
6643,664,ok,1.6315423043679524,0.6499368315006948,-0.916111200675936,0.09257640652132934,15.000000000001679,0.17049008299363777,
6644,664,ok,1.667246472089925,0.5303773676616442,-0.7873500601480786,0.08354650120298944,15.000000000001679,0.17623420798918232,
6645,664,ok,0.5679661502192943,1.4393610200986993,0.09093669232028853,0.10888937826119202,15.000000000001679,0.17460433300584555,
6646,664,ok,0.7766592908015699,1.2234828768278567,-0.014859724386951349,0.11143864662197767,15.000000000001679,0.17293954198248684,
6647,664,ok,1.584145388883826,0.7597777366684272,-0.9855786882124631,0.09557261353068407,15.000000000001679,0.17733158299233764,
6648,664,ok,0.7933516275023869,1.3743976297475657,0.48788162416227787,0.11773341304696473,15.000000000001679,0.17468941598781385,
6649,664,ok,1.5975347068310726,0.6832635418656139,-0.9046116511241457,0.09011831277409091,15.000000000001679,0.17567983298795298,
6650,664,ok,1.579251188126281,0.7346575283912276,-0.944956477696869,0.10328212964746353,15.000000000001679,0.18028199998661876,
6651,665,ok,1.5711754020821305,0.7865845647467903,-0.9981057687425757,0.09335140050631847,15.000000000001679,0.17956891699577682,
6652,665,ok,1.568465581465956,0.635036694407531,-0.7726315128374068,0.08649725119039249,15.000000000001679,0.17947004199959338,
6653,665,ok,1.5945417543994118,0.7180999130077997,-0.9483119600071187,0.1004018699088139,15.000000000001679,0.1750217920052819,
6654,665,ok,0.645480387846804,1.377399591887459,-0.17033397462913222,0.1172351288167454,15.000000000001679,0.17583770799683407,
6655,665,ok,0.9242634316484881,1.0800615820148025,0.08930956386374042,0.10116174226240056,15.000000000001679,0.17076883299159817,
6656,665,ok,1.6254517633607384,0.6641301161987944,-0.9260373040895743,0.08589946897226722,15.000000000001679,0.1720056670019403,
6657,665,ok,1.9435012143686297,0.2705059355967601,-0.8865930585371733,0.09389108635531153,15.000000000001679,0.16662570898188278,
6658,665,ok,1.722648885249815,0.7304779434564322,-1.1644023917022073,0.10140201514216435,15.000000000001679,0.175396875012666,
6659,665,ok,1.601650465833841,0.6450542713067069,-0.8540528596062199,0.0880725382376494,15.000000000001679,0.170462750014849,
6660,665,ok,1.0012364972053167,1.1622981351724657,0.5483886477676609,0.11442117624977169,15.000000000001679,0.16723758302396163,
6661,666,ok,1.85098413535507,0.15662946220509058,0.16771204406917828,0.09532983392263246,15.000000000001679,0.16812820799532346,
6662,666,ok,1.57717622390717,0.522278846823675,0.5512032607970604,0.10324050411339744,15.000000000001679,0.16560558299534023,
6663,666,ok,1.4254127529402922,0.9402785206393963,-0.9533057759326732,0.10565268165892612,15.000000000001679,0.1694902080052998,
6664,666,ok,1.7458062680454876,0.4564772584514666,-0.8157064863475165,0.08985006368680516,15.000000000001679,0.17026758400606923,
6665,666,ok,1.6658550273678112,0.3884566232718312,0.42190154909668504,0.12889172538924054,15.000000000001679,0.16781608300516382,
6666,666,ok,1.9080188316110798,0.19069515668684633,-0.6057655039254665,0.08000142592384688,15.000000000001679,0.176935625000624,
6667,666,ok,1.479184722978986,1.0077473214252979,-1.0970059555698632,0.08813930475518487,15.000000000001679,0.16867591597838327,
6668,666,ok,1.9001439981370962,0.2201301663622275,-0.6652898533441477,0.079529515345857,15.000000000001679,0.17922995900153182,
6669,666,ok,0.5433570217127262,1.4714873258302603,0.12613963011866872,0.11610629054387982,15.000000000001679,0.16582175000803545,
6670,666,ok,1.6978976307274332,0.6089221019316665,-0.9735289651241084,0.08643255066077758,15.000000000001679,0.1692979999934323,
6671,667,ok,0.5843756768275846,1.4171439544555466,0.04211605204645543,0.11290550574549447,15.000000000001679,0.1646088330016937,
6672,667,ok,1.7034590968290093,0.6057107783089238,-0.9786370424450513,0.09418954393894767,15.000000000001679,0.1699605000030715,
6673,667,ok,1.8496410821761686,0.4439276170717327,-0.9999054315092862,0.08662976987418988,15.000000000001679,0.16934049999690615,
6674,667,ok,0.9209125269252927,1.0830864195068888,0.08572845592468559,0.1199848824623938,15.000000000001679,0.16477766699972562,
6675,667,ok,0.5631832621017212,1.4474664214404986,0.10900473052013565,0.11204327150658694,15.000000000001679,0.16774099998292513,
6676,667,ok,1.6117057652991431,0.6499669154293606,-0.8803443328966122,0.09736376916234388,15.000000000001679,0.16982400001143105,
6677,667,ok,0.5911154267446282,1.4543442604295471,-0.22732633285500844,0.1127372340327869,15.000000000001679,0.1666349160077516,
6678,667,ok,1.9110652538079334,0.20151683735934323,-0.6462419964765844,0.09227787822625977,15.000000000001679,0.17128899999079295,
6679,667,ok,1.9023913104242756,0.21192547085118663,-0.6495245770461977,0.0819966965250572,15.000000000001679,0.1754054159973748,
6680,667,ok,1.3075353285050992,1.2236190078439344,-1.0520842125551078,0.1064924819422795,15.000000000001679,0.16765133300214075,
6681,668,ok,0.9909252308164193,1.1423689859370285,0.4963888161370006,0.12148688029694688,15.000000000001679,0.1650331249984447,
6682,668,ok,1.851700007817888,0.23236756330832073,-0.5516053731683572,0.08518472578769111,15.000000000001679,0.1738337500137277,
6683,668,ok,1.2350635581710416,0.8086521752941589,0.32568750865020013,0.10494707510481487,15.000000000001679,0.1657992499822285,
6684,668,ok,1.7016237096076277,0.5348895787021521,-0.8654332455500344,0.08301734213476154,15.000000000001679,0.17191879198071547,
6685,668,ok,0.5639486019592213,1.4428581879579625,0.08735574924568572,0.11711949344076385,15.000000000001679,0.16616529200109653,
6686,668,ok,1.677845446293132,0.6220291872214807,-0.9572678730517945,0.0793124464003101,15.000000000001679,0.17312308397958986,
6687,668,ok,1.0245595838902768,1.051345812801484,0.38701107742820523,0.11440083922621823,15.000000000001679,0.1661213330226019,
6688,668,ok,1.528318165771142,0.7156555160000294,-0.8283813507346218,0.08951606838606363,15.000000000001679,0.17037970799719915,
6689,668,ok,1.6467934047588382,0.586550780650934,-0.8450383555074422,0.08466679834861837,15.000000000001679,0.1719688749872148,
6690,668,ok,1.4749552765441722,0.7054309558697516,0.7068126044328794,0.11376246009162974,15.000000000001679,0.16991020800196566,
6691,669,ok,1.782699628912067,0.32814412485128863,-0.6188019874353649,0.08211430826659744,15.000000000001679,0.17658262501936406,
6692,669,ok,1.7533979990119202,0.4584473239534174,-0.8354758463969055,0.08166741189939992,15.000000000001679,0.17445716701331548,
6693,669,ok,0.6877469661778489,1.3415607466569317,-0.19862940150908673,0.12741300161465377,15.000000000001679,0.16655933400033973,
6694,669,ok,1.8205787628651886,0.37809099536092716,-0.8269934778862729,0.09024510287636464,15.000000000001679,0.1726645830203779,
6695,669,ok,1.0814316906577364,0.9281976787872288,0.14399404779978078,0.11002587008153492,15.000000000001679,0.16696487501030788,
6696,669,ok,1.290341316544917,1.1265973379268595,-0.9498149835975537,0.10738302336226141,15.000000000001679,0.1667673340125475,
6697,669,ok,1.6143093142820661,0.3857280228898638,-0.010979348558390927,0.08941960900458155,15.000000000001679,0.17537820799043402,
6698,669,ok,1.6048017799096936,0.6502106469026181,-0.8680192711376126,0.08731679921765294,15.000000000001679,0.17397858301410452,
6699,669,ok,1.5951786712465843,0.8448127312619905,-1.1000624379305188,0.10362255394885926,15.000000000001679,0.16891675000078976,
6700,669,ok,1.634233698336774,0.7959566622553018,-1.104988426008208,0.08810698478240686,15.000000000001679,0.17261854201206006,
6701,670,ok,1.4948514132071986,0.9563493628092863,-1.0702215168174185,0.10146108223600045,15.000000000001679,0.16569966700626537,
6702,670,ok,1.4818539166528772,0.897910321367255,-0.9906005100698494,0.0961484180149922,15.000000000001679,0.17279399998369627,
6703,670,ok,1.7331968147238408,0.44168802463294865,-0.7587061262415811,0.09814071981631182,15.000000000001679,0.17975962499622256,
6704,670,ok,1.9593519795990881,0.22552509979870491,-0.8308423487728998,0.08032234132027216,15.000000000001679,0.1723855840100441,
6705,670,ok,0.7285030324937918,1.3011554162237742,0.20574964417778305,0.11508193088422072,15.000000000001679,0.16999712499091402,
6706,670,ok,1.6038213894406692,0.7353830979821641,-0.9864011052093413,0.09955138092498138,15.000000000001679,0.17655091601773165,
6707,670,ok,1.1507847172510197,0.9325793682472484,0.4300216975538163,0.11083034244318633,15.000000000001679,0.17370112499338575,
6708,670,ok,1.838469136194943,0.1790491406738769,0.25319307388006107,0.10090028163156749,15.000000000001679,0.1701816660061013,
6709,670,ok,1.778474678376818,0.44101565705354145,-0.8558855064056904,0.08231725192306873,15.000000000001679,0.17264933299156837,
6710,670,ok,0.766514333904053,1.2669191799141863,0.22391233843333652,0.11643107747183358,15.000000000001679,0.16700987497461028,
6711,671,ok,1.5597575373559138,0.7208958088075147,-0.8926007189177045,0.08637957512394243,15.000000000001679,0.17265550000593066,
6712,671,ok,1.6014655220573826,0.7251195674447473,-0.9692118968658281,0.09180572113542812,15.000000000001679,0.17066729097859934,
6713,671,ok,1.5303640902954183,0.5000834713356477,-0.30375097679711716,0.09360796638496877,15.000000000001679,0.17214591699303128,
6714,671,ok,1.6247236549741593,0.6133909525130794,-0.8467835050708097,0.08080525864534499,15.000000000001679,0.17148995801107958,
6715,671,ok,1.5675049448654497,0.7108252385659415,-0.8916839051250589,0.09365114221993506,15.000000000001679,0.17080862500006333,
6716,671,ok,1.5351218550198966,0.5993634528172832,0.6283441512863834,0.1228839399657323,15.000000000001679,0.17094654199900106,
6717,671,ok,0.6556798914218623,1.4480896606661824,-0.35399307528737844,0.11850618974964208,15.000000000001679,0.16915037500439212,
6718,671,ok,0.8045531703068586,1.2144595809626948,0.1738736722724633,0.11848928430063398,15.000000000001679,0.18028975001652725,
6719,671,ok,1.7742131459928538,0.45233162079897343,-0.8674992077432275,0.07968486435149282,15.000000000001679,0.17207616701489314,
6720,671,ok,2.0992809674324233,-0.06230074822493248,0.3922960668868549,0.10043822052304674,15.000000000001679,0.16910020800423808,
6721,672,ok,0.9322078878341827,1.1437228414980756,0.36851183694440337,0.09906822378861535,15.000000000001679,0.1697562919871416,
6722,672,ok,1.7375420053313908,0.3862754244352599,-0.6441624131454975,0.09138502430345989,15.000000000001679,0.17242024998995475,
6723,672,ok,1.6406893302231862,0.608506282296924,-0.8692564132067591,0.08620531444144408,15.000000000001679,0.17021329200360924,
6724,672,ok,1.689142548797168,0.6447912813741772,-1.0082717288100211,0.08675087599308257,15.000000000001679,0.17086341601680033,
6725,672,ok,0.766647611127995,1.2926612539508862,0.2956695080422204,0.10700933717664159,15.000000000001679,0.16606158300419338,
6726,672,ok,1.8569480133699323,0.15210352311398168,0.1831243704993409,0.10093908318280295,15.000000000001679,0.16739124999730848,
6727,672,ok,1.8055092762026197,0.39439046581032,-0.8257613276079881,0.10494153550484325,15.000000000001679,0.18115470799966715,
6728,672,ok,1.6998973846435506,0.5373374477123101,-0.8661809143898542,0.08792847635380081,15.000000000001679,0.17859450000105426,
6729,672,ok,1.805090326112317,0.3241897028118925,-0.670828542373219,0.08333236080814996,15.000000000001679,0.17823058299836703,
6730,672,ok,1.5316953085412317,0.8219531434158204,-0.9789260043023437,0.08472775437112563,15.000000000001679,0.171687624999322,
6731,673,ok,1.2636089043172587,0.7790742720055519,-0.3256498576555655,0.11775751255746399,15.000000000001679,0.16637233400251716,
6732,673,ok,1.8895705833326506,0.33746543585323496,-0.8980288483191504,0.08439378417685807,15.000000000001679,0.17453758299234323,
6733,673,ok,0.8067308347498576,1.2339802271113214,0.2530382328419549,0.11849893742342199,15.000000000001679,0.16445758400368504,
6734,673,ok,0.6797567711759999,1.3354570785412636,0.14301039647070551,0.10011766489845667,15.000000000001679,0.16788225001073442,
6735,673,ok,0.9676894819105948,1.1533468558000524,0.46861646024946446,0.12323642351772672,15.000000000001679,0.16623454200453125,
6736,673,ok,1.614637673513288,0.7994753207243425,-1.0797200151791584,0.09099018435938093,15.000000000001679,0.16768687500734814,
6737,673,ok,0.6825632783081018,1.3417608067302749,0.18059289393086522,0.11684889167141899,15.000000000001679,0.16484300000593066,
6738,673,ok,1.6556299980168157,0.641031850388212,-0.9456829588577103,0.09509954014930279,15.000000000001679,0.1695862920023501,
6739,673,ok,1.7252805729775866,0.4573498394200123,-0.7725435505888376,0.09725072185864188,15.000000000001679,0.17771737498696893,
6740,673,ok,1.6254284901187048,0.49753130336714957,-0.6201657779400249,0.080449056480346,15.000000000001679,0.17658404100802727,
6741,674,ok,1.9500954296887731,0.05405461373372917,0.12715635478439535,0.0912236204377622,15.000000000001679,0.1713659170200117,
6742,674,ok,1.4602525848317467,1.068193437683824,-1.124310518465565,0.09279239271814747,15.000000000001679,0.16755345798446797,
6743,674,ok,1.6230286191440004,0.6880136726225531,-0.9554652140895131,0.08395397323422507,15.000000000001679,0.17523062499822117,
6744,674,ok,1.704755838709555,0.4774786470890859,-0.7668906046788148,0.08392518308241712,15.000000000001679,0.17955095900106244,
6745,674,ok,1.456372368861895,0.8343806990683441,-0.8731277810721666,0.08159764036694646,15.000000000001679,0.1788631250092294,
6746,674,ok,0.7356072485541587,1.264424068770539,-0.006787747883584764,0.09398859646555263,15.000000000001679,0.17601891700178385,
6747,674,ok,1.2841481886207096,1.2986890629728058,-1.0757320948748756,0.10699494354829281,15.000000000001679,0.1770307499973569,
6748,674,ok,1.758828336695595,0.5104448171955706,-0.9352552995540072,0.08617776953989431,15.000000000001679,0.17735358301433735,
6749,674,ok,1.3776107456750262,1.123072662166148,-1.062454615858454,0.09292949849413706,15.000000000001679,0.17702312499750406,
6750,674,ok,1.8795261670070103,0.3024798906087775,-0.8068730325624198,0.08819211537218495,15.000000000001679,0.17967349998070858,
6751,675,ok,1.6206813157067173,0.5797127271069658,0.78063563173796,0.117316980809039,15.000000000001679,0.17147141598979943,
6752,675,ok,0.5874658308071774,1.412802580644286,-0.01775649368420126,0.11417873430631391,15.000000000001679,0.1735917909827549,
6753,675,ok,1.2286493517633177,0.9646601319383765,0.6615516511887495,0.11154466981995345,15.000000000001679,0.169660790998023,
6754,675,ok,1.6534920182240769,0.6111726221441262,-0.8973262332333258,0.09227608608545312,15.000000000001679,0.17060258297715336,
6755,675,ok,1.6306962888638266,0.7045677405409936,-0.9904673884925189,0.09539535087210062,15.000000000001679,0.17418891700799577,
6756,675,ok,1.7504059380228851,0.46596091418261654,-0.842997645934046,0.09258285528778934,15.000000000001679,0.17796716699376702,
6757,675,ok,1.3847874047519377,1.1181427517465623,-1.0676909431396717,0.09627994217390959,15.000000000001679,0.17842300000484101,
6758,675,ok,1.7869705977356156,0.31378500842475726,-0.5915597343958494,0.0824550939905358,15.000000000001679,0.17610625000088476,
6759,675,ok,1.7236773947762127,0.6332424702031721,-1.0502559764201225,0.09669431093372088,15.000000000001679,0.16782070900080726,
6760,675,ok,0.8920035861210854,1.1459635077017103,-0.257472459645124,0.10778415303791579,15.000000000001679,0.1703984590130858,
6761,676,ok,0.9618936796779713,1.1508371485436277,0.4518427853921214,0.116846032727315,15.000000000001679,0.168098291993374,
6762,676,ok,0.9491972408285717,1.1704411459888313,0.4613106434153129,0.11132691755148721,15.000000000001679,0.17166649998398498,
6763,676,ok,1.7730317028434712,0.4044125220186973,-0.773137775171596,0.08330063586420981,15.000000000001679,0.17993537499569356,
6764,676,ok,1.6419571947994607,0.5419576018931599,-0.7550733705253871,0.0894459573147486,15.000000000001679,0.17823970899917185,
6765,676,ok,1.7161732206143052,0.441406793806366,-0.7183576691041341,0.08162676423273442,15.000000000001679,0.1813764580001589,
6766,676,ok,1.707717797210467,0.35852758964315734,-0.4710290871556311,0.08207953339563306,15.000000000001679,0.20539991700206883,
6767,676,ok,1.8217307349933431,0.17836842938075861,-0.019007675887962386,0.0946483956699025,15.000000000001679,0.16716758301481605,
6768,676,ok,0.9720475154724035,1.0363730188354214,0.12766915644631469,0.10833180705405572,15.000000000001679,0.16846587497275323,
6769,676,ok,1.6689604630959607,0.3343309929310728,0.10476538678159757,0.09112248442627857,15.000000000001679,0.1750146249833051,
6770,676,ok,1.7060101047281175,0.43189786789230633,-0.6719569783205975,0.08771952610514579,15.000000000001679,0.17323316598776728,
6771,677,ok,0.8281727043325332,1.3263091279792605,0.48167482512312915,0.12890779428522306,15.000000000001679,0.16698812501272187,
6772,677,ok,1.7725304865828906,0.46661563142483825,-0.8891550506380375,0.0873946322935288,15.000000000001679,0.17860470799496397,
6773,677,ok,1.556679508428225,0.6846595557042577,-0.8325446579975272,0.08467497307627754,15.000000000001679,0.17440966700087301,
6774,677,ok,0.9639723195019007,1.1032037675951512,0.3535521889485947,0.11811720523208366,15.000000000001679,0.16651004101731814,
6775,677,ok,0.9662261543359909,1.1384640089327263,0.43743424353684124,0.11423685345846081,15.000000000001679,0.17136558299534954,
6776,677,ok,0.8876500592445573,1.1666946672243985,0.30581832849685453,0.10717863785090138,15.000000000001679,0.1737193749868311,
6777,677,ok,1.022447995089279,1.1432580424152265,0.5580260932751235,0.12033646650448351,15.000000000001679,0.17346295798779465,
6778,677,ok,1.5945369040987092,0.7547138353117963,-0.9958967348921475,0.09752594810278517,15.000000000001679,0.17171679198509082,
6779,677,ok,1.4791990644461193,0.7793739680257143,-0.8355249621196156,0.08664141739980201,15.000000000001679,0.17086300000664778,
6780,677,ok,1.7712788755909208,0.5295226502421478,-0.9874842879579196,0.09029196371531689,15.000000000001679,0.18059395800810307,
6781,678,ok,1.5373864390986935,0.868376201697004,-1.040665480468561,0.09345494119878148,15.000000000001679,0.1685050000087358,
6782,678,ok,1.7448750673354165,0.4334507656539584,-0.7684481094899024,0.08425311790724538,15.000000000001679,0.16980829197564162,
6783,678,ok,1.723833168554825,0.46064598197263956,-0.7758801455075318,0.08150881145070187,15.000000000001679,0.17478720901999623,
6784,678,ok,1.7605562791312923,0.5059705428332513,-0.9313615802182581,0.08818669754855742,15.000000000001679,0.171350499993423,
6785,678,ok,1.8941025392875155,0.2556154604200256,-0.7380697849185908,0.0796751422033861,15.000000000001679,0.17748858302365988,
6786,678,ok,0.7205479463805464,1.3103331656315447,0.20868397304396982,0.11398271335323189,15.000000000001679,0.1664218750083819,
6787,678,ok,1.73959668925014,0.5491211626931829,-0.9597641588980422,0.0924406808224708,15.000000000001679,0.16971929199644364,
6788,678,ok,1.3184388882169011,0.6826147587499759,0.05269941270292946,0.10519904499851415,15.000000000001679,0.1678629579837434,
6789,678,ok,1.2560610895537745,0.748771416455817,-0.11007493998650446,0.09812396605192635,15.000000000001679,0.1665970419999212,
6790,678,ok,1.594817746070487,0.40741066929266967,-0.08427850792774513,0.09389973536567571,15.000000000001679,0.1724333750025835,
6791,679,ok,1.552566894902929,0.7069570224971397,-0.8593624505870967,0.0985333655779813,15.000000000001679,0.16918504098430276,
6792,679,ok,1.7529766874004171,0.596192753814416,-1.049882127729674,0.09068743851961696,15.000000000001679,0.1685996660089586,
6793,679,ok,0.7243088101601026,1.360284280394085,0.33968669471239243,0.10783489355571785,15.000000000001679,0.16497995797544718,
6794,679,ok,0.8512303620205989,1.2200227488114315,0.3409231832158742,0.12277014297100078,15.000000000001679,0.16952354100067168,
6795,679,ok,0.7421536790874366,1.2913438983508312,0.22045093099921506,0.1018067070116459,15.000000000001679,0.16631983299157582,
6796,679,ok,1.3478452633875917,0.9690323214673688,-0.868212243554192,0.12023470060052473,15.000000000001679,0.16742170799989253,
6797,679,ok,1.4014233460773353,1.0073703028691283,-0.9892793737385152,0.09988988525076634,15.000000000001679,0.17014979099621996,
6798,679,ok,1.7487837789807044,0.43315298408995057,-0.7766821321234364,0.08397203681174355,15.000000000001679,0.17329949999111705,
6799,679,ok,0.8853117759849787,1.1674054814136523,0.30093738271880566,0.10879749939046754,15.000000000001679,0.1666877499956172,
6800,679,ok,1.6469734674648633,0.6574499452874294,-0.9539816314397823,0.09601261220372087,15.000000000001679,0.16982666600961238,
6801,680,ok,0.5516032061053061,1.4653738103337761,-0.13579740170057625,0.11696789279259069,15.000000000001679,0.1648914999968838,
6802,680,ok,0.8729947924611364,1.1318835754850305,-0.09216171196113976,0.10228980481147812,15.000000000001679,0.16829495900310576,
6803,680,ok,1.280429426341305,0.7327850864215357,0.1834826385384961,0.09821821850367211,15.000000000001679,0.1675260000047274,
6804,680,ok,1.3449382242551662,1.1132887699871825,-1.0112378659997834,0.1002297034375209,15.000000000001679,0.16897779199643992,
6805,680,ok,1.4417203133850356,0.9681420930536673,-1.0068896274663766,0.10310498393174773,15.000000000001679,0.17070970899658278,
6806,680,ok,1.5116773523890603,0.7789268057246459,-0.8911501960658386,0.09678875383139905,15.000000000001679,0.17365129198879004,
6807,680,ok,1.5893694600819122,0.7292772057566435,-0.9546511723302001,0.10212672732352271,15.000000000001679,0.17196924999007024,
6808,680,ok,1.6037717838558376,0.8295129169561719,-1.0963776370939378,0.09089669591962736,15.000000000001679,0.16888316598488018,
6809,680,ok,1.5695985798729564,0.5988257129886516,-0.7073544510056051,0.08634685111285433,15.000000000001679,0.17019579201587476,
6810,680,ok,0.6931534318580437,1.3437704221524371,0.22321384646699913,0.12069796986496321,15.000000000001679,0.16396016598446295,
6811,681,ok,1.540276994289806,0.8492265208298185,-1.023803505940957,0.09733975114804946,15.000000000001679,0.16926887500449084,
6812,681,ok,1.8185946235881927,0.3529483309242598,-0.7710429328764374,0.08322142848020428,15.000000000001679,0.17371166602242738,
6813,681,ok,1.8009245643251768,0.3370670425838528,-0.6913633382882072,0.08042888601922171,15.000000000001679,0.17262291599763557,
6814,681,ok,2.0284159552264804,0.15857921678740042,-0.8506707862446273,0.09398660409681034,15.000000000001679,0.17183220898732543,
6815,681,ok,1.528741935291301,0.8742142974293325,-1.0342429388715504,0.08948931682041483,15.000000000001679,0.17051254198304377,
6816,681,ok,0.6836532640764136,1.3406505006588678,0.18066550085982885,0.11302037906584667,15.000000000001679,0.1680367089866195,
6817,681,ok,1.7452727680702513,0.4144517079083467,-0.7293926572243778,0.08267400497642594,15.000000000001679,0.17353058300795965,
6818,681,ok,1.6684039539393474,0.6364002451469983,-0.9613362897994031,0.09386010267392206,15.000000000001679,0.16887941700406373,
6819,681,ok,1.7142346248429445,0.5228813929815556,-0.8698971030014532,0.08889509795094393,15.000000000001679,0.17112237500259653,
6820,681,ok,1.7748018762937288,0.3720387022723395,-0.706868950511063,0.08016736722320181,15.000000000001679,0.17480745899956673,
6821,682,ok,1.801287291748866,0.39297030690486223,-0.8136900349190171,0.08521132623704002,15.000000000001679,0.18351712499861605,
6822,682,ok,1.476064148644125,0.9059009772042566,-0.9908141597847223,0.09843709021877707,15.000000000001679,0.17502925000735559,
6823,682,ok,1.6222989317183563,0.6217733344904779,-0.8557716297780755,0.08289547062358117,15.000000000001679,0.1739037079969421,
6824,682,ok,1.165767177998911,1.0258117139137166,0.6402892288269532,0.12111901847491922,15.000000000001679,0.17186637499253266,
6825,682,ok,0.844312785360002,1.256699846797707,0.4004609366365371,0.12202519902552428,15.000000000001679,0.16734683298273012,
6826,682,ok,1.6419343966406088,0.4797074924040165,0.6202090407427776,0.12214085505388805,15.000000000001679,0.1763467910059262,
6827,682,ok,1.6992321583251846,0.6083759066687812,-0.9750755410461941,0.09206642897976205,15.000000000001679,0.179884499986656,
6828,682,ok,1.101294099244326,0.9026219543904478,-0.09279072175886707,0.11133592829125002,15.000000000001679,0.1745562500145752,
6829,682,ok,0.9419666778061503,1.1359784510745132,0.3751905983491035,0.0980800126837175,15.000000000001679,0.16882600000826642,
6830,682,ok,1.7689123882590252,0.29963907666642253,-0.4876717827970289,0.08493481841563992,15.000000000001679,0.1733752499858383,
6831,683,ok,1.6747125654049388,0.5810338733373003,-0.8894927251580236,0.08698579164035547,15.000000000001679,0.17054812499554828,
6832,683,ok,0.8194361445616665,1.271448187823365,0.3750837932892188,0.11390282345025018,15.000000000001679,0.16657112498069182,
6833,683,ok,1.7127848063857571,0.4375182045719817,-0.7016284144345435,0.0813348132797206,15.000000000001679,0.17343487500329502,
6834,683,ok,0.7552845354373302,1.2641102406144114,0.1700617285052818,0.10242164685871678,15.000000000001679,0.1666339589864947,
6835,683,ok,1.7040686665510087,0.5370966495239394,-0.8739358142832058,0.08470680220971702,15.000000000001679,0.17202504200395197,
6836,683,ok,1.796931482123967,0.4097786830589389,-0.8367549907795439,0.08354156535392221,15.000000000001679,0.1762860000017099,
6837,683,ok,1.5796961530588611,0.7552917269659326,-0.9726979238332496,0.0869911195839966,15.000000000001679,0.1756910000112839,
6838,683,ok,1.7754952608574377,0.36430698574734843,-0.69057351849915,0.08280774166479682,15.000000000001679,0.18047858297359198,
6839,683,ok,0.7075313381802156,1.292645222648837,0.015805488463611114,0.12236051265519007,15.000000000001679,0.16760320801404305,
6840,683,ok,1.6563016181567527,0.5852482298400635,-0.8612853645209605,0.08450733280462847,15.000000000001679,0.2007817910052836,
6841,684,ok,1.6654729120263012,0.5639504060244668,-0.8435410981902857,0.08899592953781317,15.000000000001679,0.20223462497233413,
6842,684,ok,1.0074579908570938,1.0350009872887904,0.28939334617126683,0.10778445696477981,15.000000000001679,0.17835291600204073,
6843,684,ok,1.9395683635569567,0.0769700493630919,0.2527473953662455,0.10054824036502784,15.000000000001679,0.1798865839955397,
6844,684,ok,0.8470874580882268,1.2122177601768964,0.3113780728787234,0.10535666363873504,15.000000000001679,0.1698897919850424,
6845,684,ok,0.8449109450621917,1.2389412577790109,0.3669660692419558,0.10442005253067846,15.000000000001679,0.16451770800631493,
6846,684,ok,1.4675929961653078,0.6597583755205317,0.597981262587801,0.09483533673168064,15.000000000001679,0.1679972080164589,
6847,684,ok,0.9623269099544617,1.0615179098775798,0.21289539248644188,0.117207790532614,15.000000000001679,0.16722033399855718,
6848,684,ok,0.9497112476024673,1.064034005363908,0.1609941325250888,0.11874980047802676,15.000000000001679,0.1674419589980971,
6849,684,ok,1.2907209885378923,1.3002524996247857,-1.0845801519347813,0.10915218516589076,15.000000000001679,0.16976020799484104,
6850,684,ok,1.4956119125954348,0.910916222115145,-1.025061714164287,0.08998985678355613,15.000000000001679,0.1726362089975737,
6851,685,ok,1.5916636741363224,0.5324547162098346,0.6162013401400386,0.1120352453840811,15.000000000001679,0.16408612500526942,
6852,685,ok,0.7806473394946817,1.3004898556482467,0.3465484477084179,0.11582287260369371,15.000000000001679,0.1674888749839738,
6853,685,ok,1.520585062744551,0.6270128736897049,0.6535176233492466,0.09780103941194765,15.000000000001679,0.16740291600581259,
6854,685,ok,0.6472926492374051,1.3533983271506844,0.029900675999802062,0.11814657540625188,15.000000000001679,0.16679541699704714,
6855,685,ok,0.8849251495393093,1.162181879129515,0.2848742119396183,0.12810401313330588,15.000000000001679,0.16628000000491738,
6856,685,ok,1.6624861540857063,0.5633617135898424,-0.8366185788919395,0.08517606660826517,15.000000000001679,0.17440849999547936,
6857,685,ok,1.8467391163559277,0.15730801293223792,0.12219494537555635,0.09314061494056698,15.000000000001679,0.17221058302675374,
6858,685,ok,1.4710222249575247,1.0570234165718324,-1.129026815193123,0.08628416560016719,15.000000000001679,0.17066854200675152,
6859,685,ok,0.7860507313808945,1.2641442037247377,0.2763910262518282,0.12145796292480598,15.000000000001679,0.16494499999680556,
6860,685,ok,1.7661780007926426,0.4417963579334127,-0.8314963261099343,0.08493479111379586,15.000000000001679,0.16994183300994337,
6861,686,ok,1.678148254546714,0.6222527531784628,-0.9581200802163875,0.09115675257008103,15.000000000001679,0.16937300001154654,
6862,686,ok,1.7615175997732928,0.2389098369222608,-0.038803244991687864,0.09547892949405752,15.000000000001679,0.17019358300603926,
6863,686,ok,1.0043933786845658,1.0373102744781018,0.28641674448252835,0.09434178260370639,15.000000000001679,0.16810070900828578,
6864,686,ok,1.0235705074235648,1.0874085264374267,0.46354437333250526,0.1140567078028915,15.000000000001679,0.16765666601713747,
6865,686,ok,1.4689029393793192,0.8194225550106182,-0.8740210190261715,0.08542782334841567,15.000000000001679,0.1749579590104986,
6866,686,ok,1.5548829101410129,0.8327484016890725,-1.0272217727877315,0.08533721921768593,15.000000000001679,0.17123516701394692,
6867,686,ok,1.4023879541786781,0.9821598111481462,-0.964724480866678,0.09614033040448464,15.000000000001679,0.16929262501071207,
6868,686,ok,0.6593721240934455,1.3407117055586808,-0.010513935712115379,0.10788585753248628,15.000000000001679,0.16713879199232906,
6869,686,ok,1.8248763399024395,0.37682771242519963,-0.8339576612663939,0.07795848876247857,15.000000000001679,0.17447191700921394,
6870,686,ok,0.9426128818075266,1.4032862508247173,-0.7296929124602127,0.11180122331619305,15.000000000001679,0.17166249998263083,
6871,687,ok,1.187076997374907,0.8129454417826372,-0.007298870597986145,0.09290848158865851,15.000000000001679,0.1778912500012666,
6872,687,ok,1.5352897946579,0.7784792654778887,-0.9300547557607878,0.0833039791016693,15.000000000001679,0.1731821670255158,
6873,687,ok,1.4953210970166653,0.8074422057630322,-0.9021037027901954,0.0832011669305083,15.000000000001679,0.1701920840132516,
6874,687,ok,1.8563854117885445,0.15146554386183206,0.17054958683998986,0.09584083163044116,15.000000000001679,0.17000124999321997,
6875,687,ok,1.4963837116920151,0.6100455067302024,0.554247886108979,0.11553655311484418,15.000000000001679,0.16582829199614935,
6876,687,ok,1.698807017378203,0.4400626589492488,-0.6727115089612622,0.07856544082207141,15.000000000001679,0.17195837499457411,
6877,687,ok,1.5636609051468493,0.4809571428432088,0.3708695517369911,0.09464550117088374,15.000000000001679,0.16414804200758226,
6878,687,ok,1.8231168556979034,0.441689799553197,-0.9462686662429725,0.08365071064705178,15.000000000001679,0.17152204099693336,
6879,687,ok,0.9269686286502086,1.1421936410910862,0.3513389945865389,0.10086130913101583,15.000000000001679,0.16609558401978575,
6880,687,ok,1.557255362033355,0.754070431999157,-0.9341861560539568,0.09061832561322107,15.000000000001679,0.17030949998297729,
6881,688,ok,1.7859950445313126,0.21424392512513787,-0.029215409254894416,0.10477789295445214,15.000000000001679,0.16632833299809135,
6882,688,ok,1.4710778523073684,1.0305956882777416,-1.10649235332358,0.10498410958605973,15.000000000001679,0.16899145799106918,
6883,688,ok,0.5534355997712654,1.4511859919735925,-0.07137329814552987,0.11931919079370436,15.000000000001679,0.16683145801653154,
6884,688,ok,1.9745525343727157,0.03949500016740233,0.23511243401636717,0.0993577443216694,15.000000000001679,0.17165033300989307,
6885,688,ok,0.8177170294594429,1.2308926695260753,0.27773198317667475,0.1045792342065248,15.000000000001679,0.16877045799628831,
6886,688,ok,1.25221739552493,0.875149266737535,0.5502356163809595,0.10792921535481863,15.000000000001679,0.16631862500798889,
6887,688,ok,1.4253783219142147,0.986030726276515,-1.0017832462801777,0.08864770199920667,15.000000000001679,0.17189433297608048,
6888,688,ok,1.7908709543905497,0.2149066016845206,0.14373703270282084,0.09999795750133597,15.000000000001679,0.17075800002203323,
6889,688,ok,1.7101884179144762,0.42294143187876676,-0.6615366184000885,0.08262442140086342,15.000000000001679,0.17249454199918546,
6890,688,ok,1.7949299556181983,0.4016681934170958,-0.8167673975135008,0.08586671690990319,15.000000000001679,0.1732299999857787,
6891,689,ok,0.8193489164920705,1.3398130082768103,0.48526877389361767,0.1235079566690619,15.000000000001679,0.16503024997655302,
6892,689,ok,1.8957419837855458,0.1172371010551567,0.22145323534319097,0.09443413626097658,15.000000000001679,0.1685091670078691,
6893,689,ok,0.6390480708043498,1.3977214446128896,-0.2136421740190279,0.11811859205379159,15.000000000001679,0.1666385410062503,
6894,689,ok,0.8642842039122315,1.1700957067042999,0.24134218259882434,0.11067386334815041,15.000000000001679,0.16770687501411885,
6895,689,ok,1.5395165401658604,0.5249158339972732,-0.44072426828154204,0.09274595335336885,15.000000000001679,0.18415899999672547,
6896,689,ok,0.8961617977085193,1.1369241805034571,0.24125939872373064,0.11176693736376614,15.000000000001679,0.1702092920022551,
6897,689,ok,1.5600622562705806,0.5721225947287025,-0.6284587169860572,0.09040671605975828,15.000000000001679,0.17491912498371676,
6898,689,ok,1.646065133443008,0.6121411901648145,-0.8850866327651831,0.08656616255382747,15.000000000001679,0.17413562498404644,
6899,689,ok,1.4589763929847652,0.9614864530517269,-1.0247447136198131,0.092514767343702,15.000000000001679,0.1680229580088053,
6900,689,ok,0.5097156918472906,1.496055267151424,0.07648393785324786,0.1259302763189408,15.000000000001679,0.1682865420007147,
6901,690,ok,1.0085795389746226,1.2324757724050537,0.6543235029349345,0.1293737920099597,15.000000000001679,0.1681240419857204,
6902,690,ok,1.9066911787718674,0.289045700020565,-0.8414907216293807,0.08517174796927866,15.000000000001679,0.1800995410012547,
6903,690,ok,1.6982915655135982,0.6262894024346087,-0.9985556747779079,0.0954083048582048,15.000000000001679,0.17734475000179373,
6904,690,ok,1.445960071157947,0.6963050826918439,0.6254439143264366,0.10161827201677714,15.000000000001679,0.17196616699220613,
6905,690,ok,1.702940531403924,0.59214025444986,-0.9580904917374842,0.08971925366359626,15.000000000001679,0.17918320899480022,
6906,690,ok,1.434518579898938,0.8481322767685214,-0.8550112889621958,0.09247566618032792,15.000000000001679,0.18731895799282938,
6907,690,ok,1.258264306645119,0.866931995981146,0.5471617344495612,0.12221031983773359,15.000000000001679,0.16388812501099892,
6908,690,ok,1.1876890994592453,0.8152381821478774,-0.0833356582385149,0.09535746411618426,15.000000000001679,0.17218166700331494,
6909,690,ok,1.8727857649345026,0.2886062061239873,-0.760564135115493,0.09597192441977992,15.000000000001679,0.1775258750130888,
6910,690,ok,0.7976309404281984,1.2116770408931228,0.12149909165647686,0.09614362190935666,15.000000000001679,0.16891862501506694,
6911,691,ok,1.979623783693649,0.042527168391918294,0.2953141352556603,0.09925161517177598,15.000000000001679,0.1734264999977313,
6912,691,ok,0.7390089029223216,1.2723525208541164,0.12908642334147416,0.10201049075804244,15.000000000001679,0.1719879170123022,
6913,691,ok,1.783887391773726,0.41203293824420695,-0.8127821585812152,0.08199906077562032,15.000000000001679,0.18099183298181742,
6914,691,ok,1.761527133550844,0.4329023512001313,-0.8044767251833806,0.09815734689371922,15.000000000001679,0.17444375000195578,
6915,691,ok,1.6959643373627487,0.3041278694268536,-0.017684749123592663,0.08949156155249054,15.000000000001679,0.17501037498004735,
6916,691,ok,1.242321257815587,0.7609874371179244,0.09060892141998567,0.1049913792706775,15.000000000001679,0.17063583299750462,
6917,691,ok,1.7484501186614423,0.5665864551653463,-1.0012009922746599,0.08673128226827401,15.000000000001679,0.17345879098866135,
6918,691,ok,1.7453165208903598,0.26544679066290217,0.19353274159997744,0.11388423722255593,15.000000000001679,0.16727520900894888,
6919,691,ok,1.5571149682694272,0.828961468656025,-1.0262922500518288,0.09202083977400288,15.000000000001679,0.16781316700507887,
6920,691,ok,0.5578674647457478,1.4497565507685453,0.09191438842596729,0.09393389326775808,15.000000000001679,0.16597066598478705,
6921,692,ok,1.8323838527677645,0.4532625783640928,-0.9824631964583416,0.08796730129172495,15.000000000001679,0.1678519580163993,
6922,692,ok,1.4035612032844158,0.716882631488394,0.5688531181149037,0.14106303368854525,15.000000000001679,0.16560666699660942,
6923,692,ok,1.5627118230855153,0.688325950712604,-0.8494583158915221,0.08589942162006559,15.000000000001679,0.1702346249949187,
6924,692,ok,0.9071455075388718,1.3099126862032426,-0.5888059707448058,0.11624601996385492,15.000000000001679,0.17089066602056846,
6925,692,ok,1.3840830615554223,1.1382601225839608,-1.0830929345885425,0.1037779720437857,15.000000000001679,0.16923208298976533,
6926,692,ok,0.8128384377505705,1.217822763646578,0.22114496787245908,0.11787777902302488,15.000000000001679,0.1679805000021588,
6927,692,ok,1.5929717481566323,0.6361723173930073,-0.8231239533509137,0.08383646715282762,15.000000000001679,0.17164383400813676,
6928,692,ok,0.8573601358518248,1.212201029082463,0.33828861046320946,0.11742402696312206,15.000000000001679,0.16672158299479634,
6929,692,ok,1.6349954669283233,0.6325651793028451,-0.8962880050637214,0.09293495744915523,15.000000000001679,0.17143545800354332,
6930,692,ok,0.8626640376187784,1.139509400549501,0.061197794552205954,0.10601705187781138,15.000000000001679,0.1692500830104109,
6931,693,ok,1.7366455869365998,0.5030798811359987,-0.8804362852396257,0.08445630711783238,15.000000000001679,0.17321566701866686,
6932,693,ok,1.199512656694055,0.8263356289526342,0.2476742976233529,0.1021697051429368,15.000000000001679,0.16592133400263265,
6933,693,ok,1.767622055882365,0.4538763277584691,-0.8567317681609348,0.0915445327897117,15.000000000001679,0.1718479160044808,
6934,693,ok,0.5719371903539073,1.4405410777161078,0.11881861801446567,0.1142631406521906,15.000000000001679,0.16642895800760016,
6935,693,ok,1.559747869148782,0.941503726696254,-1.145599866758131,0.09378418699313103,15.000000000001679,0.16742129201884381,
6936,693,ok,1.3210782863015178,1.1716863746978352,-1.0291474027932734,0.11135236874433051,15.000000000001679,0.16868316702311859,
6937,693,ok,0.757144294141296,1.2592627602321,0.15676678146773995,0.1139745374159345,15.000000000001679,0.16706633399007842,
6938,693,ok,1.3036092896138456,0.8257127092018652,0.5660799754782816,0.12224766825172229,15.000000000001679,0.16582545900018886,
6939,693,ok,1.4329276470757812,0.8783370406662653,-0.8917139941779669,0.09857579489654875,15.000000000001679,0.1680040409846697,
6940,693,ok,1.533751098367968,0.9670886936601495,-1.1337930432756465,0.09178783040098441,15.000000000001679,0.16675249999389052,
6941,694,ok,1.110393943605399,1.2216092058042842,-0.791885396700124,0.12860562985941748,15.000000000001679,0.16709629201795906,
6942,694,ok,0.656168413557614,1.4644190876151468,-0.3790911146937161,0.11681003676039264,15.000000000001679,0.16626054100925103,
6943,694,ok,0.8907646696605817,1.3905795321741259,-0.6496679075577136,0.11516905266134995,15.000000000001679,0.16674679098650813,
6944,694,ok,1.8829010209186863,0.446880846569713,-1.064489149697929,0.0955108399691045,15.000000000001679,0.1686677499965299,
6945,694,ok,1.6076331295026287,0.7228035489967385,-0.9763470205921096,0.08428689694103601,15.000000000001679,0.1695040830236394,
6946,694,ok,1.693919232548681,0.6591422908564816,-1.0351149550792453,0.08498331901590271,15.000000000001679,0.17060383400530554,
6947,694,ok,1.820222336535443,0.32566422188340005,-0.714009143177612,0.08606763130231918,15.000000000001679,0.171991707989946,
6948,694,ok,1.5517651869211433,0.6863162809433768,-0.8259602179439209,0.09914871052931344,15.000000000001679,0.1694016250257846,
6949,694,ok,1.7691828373042495,0.45046772721416045,-0.8537901659114288,0.08484816339166713,15.000000000001679,0.17130591699969955,
6950,694,ok,0.8933091233413709,1.1565856965728745,0.2943696700060406,0.11266814776221297,15.000000000001679,0.1651017919939477,
6951,695,ok,1.2085314618553753,0.9659043658929036,0.625455445107749,0.12868270166929996,15.000000000001679,0.1658446659857873,
6952,695,ok,1.596502985116126,0.6298406740381177,-0.8194420070782202,0.08230474876953267,15.000000000001679,0.17139191698515788,
6953,695,ok,1.6958033429550068,0.5313378564712199,-0.8478092274461425,0.08501309431822883,15.000000000001679,0.17161179200047627,
6954,695,ok,1.144323721008767,0.8837103922659432,0.25174250759118055,0.11180978000914044,15.000000000001679,0.18561366701032966,
6955,695,ok,1.5807460203555765,0.8242082274631414,-1.056537594458723,0.0914984393082607,15.000000000001679,0.17055641699698754,
6956,695,ok,1.819880292990843,0.35525011454440236,-0.7789493533665941,0.10357510270073796,15.000000000001679,0.1721667909878306,
6957,695,ok,0.5227331631216157,1.4779608693084332,0.02692778962192936,0.11995003795133215,15.000000000001679,0.16598504199646413,
6958,695,ok,0.8718297108404666,1.1673640548659505,0.2584655249252784,0.10725674613972705,15.000000000001679,0.16819895801017992,
6959,695,ok,1.5445588915775026,0.7945480053341201,-0.9656850719086295,0.08117566071092829,15.000000000001679,0.1739587080082856,
6960,695,ok,0.978397173128266,1.0884324883615832,0.3553951323678012,0.11740061427651297,15.000000000001679,0.1670201660017483,
6961,696,ok,1.5197700307484965,0.9696326684111013,-1.1171589449830577,0.10488005898780671,15.000000000001679,0.16784233300131746,
6962,696,ok,1.2245157199554997,0.9452405479835314,0.6220299404369977,0.12578236491857758,15.000000000001679,0.16322950000176206,
6963,696,ok,1.6251274676530036,0.3905357906686014,-0.2250871942193071,0.09339969655484744,15.000000000001679,0.17040312502649613,
6964,696,ok,1.7145213922492641,0.4174482798019363,-0.6596314557224393,0.08073316924048846,15.000000000001679,0.17481570900417864,
6965,696,ok,1.484644823323059,0.7979343367893936,-0.8713256525260816,0.08038492374855409,15.000000000001679,0.1703564159979578,
6966,696,ok,0.58828130763377,1.4723315567831512,0.2600786629933443,0.1148639336974366,15.000000000001679,0.16783804199076258,
6967,696,ok,1.6989003954532733,0.5453457517593209,-0.8776352156486387,0.08379821431766367,15.000000000001679,0.1729097500210628,
6968,696,ok,1.0478215103148572,1.066911826714469,0.4767351238929006,0.11578647607012843,15.000000000001679,0.16645758302183822,
6969,696,ok,1.744836644221826,0.4311491929897566,-0.7636504831155355,0.08411386493526773,15.000000000001679,0.17226770802517422,
6970,696,ok,1.6071822458246652,0.630963782331306,-0.8418875257452212,0.08970628489124623,15.000000000001679,0.17480695902486332,
6971,697,ok,1.298146453401845,0.966893708151961,-0.7860506371880777,0.11967888057913649,15.000000000001679,0.16807054201490246,
6972,697,ok,1.4070120961846753,0.9878988196265897,-0.9774120111277246,0.111089564592666,15.000000000001679,0.18300754099618644,
6973,697,ok,1.5865228213428353,0.7851255440855806,-1.0203600928144305,0.08426370510868406,15.000000000001679,0.1685024169855751,
6974,697,ok,0.5915039554283903,1.4432621808062662,0.19979972464154316,0.12279538889485779,15.000000000001679,0.16576962498947978,
6975,697,ok,1.58111987892494,0.6022818630525646,-0.7391373899213918,0.09521781648648986,15.000000000001679,0.17233208299148828,
6976,697,ok,1.7820100603271944,0.32496143487930174,-0.6081164859348277,0.07974602040497777,15.000000000001679,0.17694550001760945,
6977,697,ok,0.6611369204989912,1.3427422032357175,-0.07151374860438053,0.11782422898024388,15.000000000001679,0.17113295799936168,
6978,697,ok,1.8848090651572633,0.18569779668206357,-0.5106982740666731,0.07979161156266433,15.000000000001679,0.17696054198313504,
6979,697,ok,1.6829488385321185,0.6674585047916476,-1.0279348017576284,0.08719947882354562,15.000000000001679,0.16817099999752827,
6980,697,ok,1.4663845462953942,0.8472636290243521,-0.9063567160030548,0.10096052073359225,15.000000000001679,0.16787179201492108,
6981,698,ok,1.670365526419708,0.6439974952812005,-0.9753861794426504,0.10161963489538198,15.000000000001679,0.17060791698168032,
6982,698,ok,1.7370595579103432,0.4265359052352789,-0.7359257097111863,0.08436433525078464,15.000000000001679,0.17453095800010487,
6983,698,ok,1.7086113526918199,0.43119784443240605,-0.6769139910164669,0.08239143880507009,15.000000000001679,0.17165524998563342,
6984,698,ok,1.7033863284033017,0.5039583344214371,-0.814484081271206,0.0844050030388593,15.000000000001679,0.17277629100135528,
6985,698,ok,1.5523567302194663,0.8817449611039384,-1.0767158798128877,0.09042867634242258,15.000000000001679,0.17023395898286253,
6986,698,ok,0.8212851373423264,1.2673700040598557,0.3711637992425288,0.11802982827417717,15.000000000001679,0.1657702079974115,
6987,698,ok,1.7074753197997026,0.5462448996499618,-0.8955825344050358,0.0982203806821949,15.000000000001679,0.16953054099576548,
6988,698,ok,1.7678450454331724,0.362385848158615,0.6659549491905868,0.09951682577995771,15.000000000001679,0.16674016599426977,
6989,698,ok,1.5957841238403045,0.5879000524464361,-0.7433039136315578,0.08197811406260097,15.000000000001679,0.17528791702352464,
6990,698,ok,0.705660033740414,1.3012430040999727,0.09846189059372921,0.11103409495683329,15.000000000001679,0.16840583400335163,
6991,699,ok,0.6965759245673316,1.3048526555429751,0.044589103839159566,0.12477152598668856,15.000000000001679,0.16827950000879355,
6992,699,ok,1.5887655675251495,0.7252820889523653,-0.9482986216418672,0.08103618890063653,15.000000000001679,0.17227183398790658,
6993,699,ok,1.698702336210438,0.5411234153558858,-0.8702118924859195,0.08341529776081619,15.000000000001679,0.1721554579853546,
6994,699,ok,1.6249851289166712,0.7359840372300005,-1.021195532238054,0.08890572370393628,15.000000000001679,0.16801758398651145,
6995,699,ok,1.499030506360982,1.0456209025203487,-1.1559640986184596,0.09173150488754774,15.000000000001679,0.16675100001157261,
6996,699,ok,1.6466914270461042,0.553839568148425,-0.7875358158547466,0.0866161828430726,15.000000000001679,0.16992220800602809,
6997,699,ok,1.9062105423505187,0.15808886393799604,-0.4909195439367195,0.08018227895907873,15.000000000001679,0.17688800001633354,
6998,699,ok,0.9454652112730426,1.0717908078170508,0.17981146035405016,0.11404895557505934,15.000000000001679,0.1656995000084862,
6999,699,ok,0.8693841579915521,1.195878965332936,0.3304817328879927,0.10944042064863096,15.000000000001679,0.16355250001652166,
7000,699,ok,0.9905747663800105,1.0787185870360378,0.36397654583219746,0.12233912388792018,15.000000000001679,0.16639933301485144,
7001,700,ok,0.634086673725739,1.4731110636664806,0.3527803262171862,0.11425373745721397,15.000000000001679,0.16631150001194328,
7002,700,ok,1.6954727418549242,0.3045798992122038,0.013360397365106351,0.11433932082040377,15.000000000001679,0.1990959999966435,
7003,700,ok,0.9076969515008815,1.1891166746229478,0.40789948319340535,0.12061893897371564,15.000000000001679,0.16589458400267176,
7004,700,ok,1.8313890312519172,0.4521455669710033,-0.978842396886403,0.08268405930548907,15.000000000001679,0.1712546670169104,
7005,700,ok,1.5016755539251954,0.9238467540044588,-1.0473412339776387,0.08914832956610297,15.000000000001679,0.18386758299311623,
7006,700,ok,1.7658107582788136,0.3463100376472418,0.6191907157467168,0.12655959018226798,15.000000000001679,0.16842962501686998,
7007,700,ok,1.4650393886981834,0.9223017749029075,-0.9924247810588587,0.08544646285839576,15.000000000001679,0.17040000000270084,
7008,700,ok,1.6462484033223395,0.630046106286368,-0.9128856086828243,0.08967005796743258,15.000000000001679,0.1693811249861028,
7009,700,ok,1.410952625910955,1.1055743282596293,-1.0912332611759992,0.09966818960606867,15.000000000001679,0.16862412501359358,
7010,700,ok,1.608985466835636,0.7252063790952701,-0.9817002885753359,0.08698071744765613,15.000000000001679,0.17039716700674035,
7011,701,ok,0.9642806436541078,1.0869430326646479,0.31010342488652093,0.11003353793887585,15.000000000001679,0.16772041699732654,
7012,701,ok,1.5976881665354097,0.5304604913020767,0.6269458587973492,0.10255819391684554,15.000000000001679,0.16682291598408483,
7013,701,ok,0.6191694059333185,1.4426067835436036,0.269598878877883,0.11258107488774576,15.000000000001679,0.16447687498293817,
7014,701,ok,0.592235872101673,1.4169878137156173,0.10411589142841488,0.1182473904473126,15.000000000001679,0.16584554201108404,
7015,701,ok,1.7205554252478341,0.5634392313892643,-0.946891825626501,0.10136662939242967,15.000000000001679,0.1692096669867169,
7016,701,ok,1.5454044102682563,0.6256840654412726,-0.706774718912999,0.08967509063327916,15.000000000001679,0.17189675002009608,
7017,701,ok,1.5692857465510814,0.7623279667505801,-0.9647930827077026,0.0845865176883052,15.000000000001679,0.1695361669990234,
7018,701,ok,1.5708461322756577,0.8553840738515593,-1.0758308198284436,0.0925665001447265,15.000000000001679,0.1692941250221338,
7019,701,ok,1.6967516854015836,0.6060320915356875,-0.9673777711342885,0.08523292668486819,15.000000000001679,0.17174212500685826,
7020,701,ok,1.6589592586139172,0.681200220184428,-1.006435771671117,0.08566840189853603,15.000000000001679,0.16850449997582473,
7021,702,ok,1.6413913304191028,0.8111723957330015,-1.1317483938171862,0.08972691903434143,15.000000000001679,0.17005062501993962,
7022,702,ok,0.7808641310677552,1.3552819312337228,0.4405535188765178,0.10295061842826497,15.000000000001679,0.16406708298018202,
7023,702,ok,1.7051114290977996,0.5366178427528612,-0.8751672111606162,0.08481710370994601,15.000000000001679,0.1714533340127673,
7024,702,ok,1.1806026330472186,0.8766732569122528,0.3632624470295543,0.11906857681601447,15.000000000001679,0.1650419580109883,
7025,702,ok,1.1515258366727241,0.8725284023309551,-0.2341357490312595,0.11206784435023869,15.000000000001679,0.165559791988926,
7026,702,ok,1.615598736013557,0.7188082609858369,-0.98422914186203,0.09983744810425652,15.000000000001679,0.17094304200145416,
7027,702,ok,0.6932580892173154,1.4489943132359857,0.42071309870143114,0.11664385801852946,15.000000000001679,0.16693274999852292,
7028,702,ok,0.6351131719676614,1.3666607657864998,0.04743580517585069,0.11643695403848704,15.000000000001679,0.1652018750028219,
7029,702,ok,1.7107337639385642,0.5092396569390051,-0.8391922369970253,0.08402324053269153,15.000000000001679,0.1706865000014659,
7030,702,ok,1.7014285561990459,0.5779666089900928,-0.934173520660072,0.0840014020931666,15.000000000001679,0.17140512500191107,
7031,703,ok,0.8252396897120576,1.2254955645759908,0.2848919531762701,0.11094174129874855,15.000000000001679,0.16861845800303854,
7032,703,ok,1.3598599870169084,1.0476811415949723,-0.9707254896291594,0.08947366165869965,15.000000000001679,0.16918020800221711,
7033,703,ok,1.5497263707855031,0.7721538467640487,-0.9455398713389529,0.08346129014701457,15.000000000001679,0.17074337499798276,
7034,703,ok,1.4671571412898285,0.9289033872685113,-1.002647556937568,0.09002511600781092,15.000000000001679,0.16909183299867436,
7035,703,ok,1.4669273041032926,1.0094764618750047,-1.082006855774997,0.10421488584637592,15.000000000001679,0.16717591701308265,
7036,703,ok,1.5043042865466745,0.8281592772569292,-0.9432500766200322,0.09522897451762811,15.000000000001679,0.18815695800003596,
7037,703,ok,1.0040287173271416,1.0681934934346975,0.3739121548440919,0.10802633503975821,15.000000000001679,0.1670807919872459,
7038,703,ok,1.1117980776672656,0.9141666207685815,0.23887410502502243,0.10774488054506909,15.000000000001679,0.16853808300220408,
7039,703,ok,0.9374474905733714,1.1344721731445129,0.3600963461646469,0.11273509222884064,15.000000000001679,0.16499545800616033,
7040,703,ok,1.7533955772621788,0.41752225314147845,-0.7550895516825442,0.08151623375631066,15.000000000001679,0.1719901249743998,
7041,704,ok,1.5074901445404465,1.0267803435014495,-1.151247165508528,0.09981690790681993,15.000000000001679,0.167276459018467,
7042,704,ok,1.5900513535189311,0.6091529464505011,-0.7705892423723952,0.08570900074498618,15.000000000001679,0.1715741250081919,
7043,704,ok,1.6784483941298938,0.6683343277670301,-1.0216924924621558,0.08816832271380853,15.000000000001679,0.17305762498290278,
7044,704,ok,1.5207142266197118,0.7793083647863962,-0.9069088657429288,0.08225965077949467,15.000000000001679,0.1727640839817468,
7045,704,ok,1.4601412466688843,0.9018691434357111,-0.9623518494215847,0.08273486387047949,15.000000000001679,0.17167529099970125,
7046,704,ok,0.8312283932054558,1.2011329988106498,0.2296783753026364,0.1101354309471596,15.000000000001679,0.16684749998967163,
7047,704,ok,1.6622243966445571,0.6588708793041964,-0.9820196670240686,0.08514354248562944,15.000000000001679,0.17093154101166874,
7048,704,ok,1.55287156423649,0.6747634331841362,-0.8094183942735587,0.08129435265837405,15.000000000001679,0.17265408299863338,
7049,704,ok,1.1867921613455672,0.8711489297153993,0.3662934552358177,0.10795919183644541,15.000000000001679,0.1649819589802064,
7050,704,ok,1.5690409668403973,0.6276492749179705,-0.7606201699864897,0.09406578338629588,15.000000000001679,0.16802637500222772,
7051,705,ok,0.9842999823305252,1.1861781675427123,0.5536609795097851,0.10166043822410886,15.000000000001679,0.16682645797845908,
7052,705,ok,0.8763404311523995,1.1428785746285002,0.1825251035926342,0.1115983465091097,15.000000000001679,0.1661460420000367,
7053,705,ok,1.0538370927576983,1.051006616057495,0.45824030301289576,0.1260776453611938,15.000000000001679,0.16485808297875337,
7054,705,ok,1.670497904914395,0.6353131282782869,-0.9634277307996629,0.08198457251810705,15.000000000001679,0.17030795899336226,
7055,705,ok,1.7076656499044587,0.44401865029815263,-0.7035936407072156,0.08170256481486007,15.000000000001679,0.1732189169852063,
7056,705,ok,1.0228339640330426,1.1236100301714615,-0.5273802601192816,0.09375047803886655,15.000000000001679,0.1691462080052588,
7057,705,ok,1.8034796670404027,0.32883421619743397,-0.6780441228089193,0.0832575388092167,15.000000000001679,0.1749284590187017,
7058,705,ok,1.5841469603255809,0.660525970019962,-0.8457723777221702,0.108211393202415,15.000000000001679,0.16711775001022033,
7059,705,ok,1.5253126595517486,0.8180557769359748,-0.9641506951480182,0.09758302847739066,15.000000000001679,0.1686127500142902,
7060,705,ok,0.8684307042590169,1.1529156054596292,0.19136331055347486,0.11283546270328458,15.000000000001679,0.16615162501693703,
7061,706,ok,1.443294260797265,0.895766965011846,-0.9293910520825849,0.10281034898600738,15.000000000001679,0.1682124159997329,
7062,706,ok,1.8310603125110225,0.43835592616470825,-0.9560594409910279,0.10203439158869422,15.000000000001679,0.1661630409944337,
7063,706,ok,1.437657554512772,1.0698159106687402,-1.0961828332913353,0.09805581494423186,15.000000000001679,0.16742375001194887,
7064,706,ok,1.4584718644955716,0.9604927854242694,-1.0230175611250254,0.10134485037799408,15.000000000001679,0.16973829199559987,
7065,706,ok,1.6631446239021248,0.5507995419032267,-0.8160073971886789,0.08987005753786025,15.000000000001679,0.17250195797532797,
7066,706,ok,1.626517823342055,0.6544821898907105,-0.9138610683950151,0.09617425296809183,15.000000000001679,0.17041316701215692,
7067,706,ok,1.6708817152756217,0.5088312946675191,-0.7538312799821038,0.08401491551170313,15.000000000001679,0.17236012499779463,
7068,706,ok,0.8225089847097515,1.239672013893758,0.3137234187495294,0.1108621558847829,15.000000000001679,0.166259124991484,
7069,706,ok,0.9380629356366041,1.1879685794385613,0.46964565710345446,0.12444167405281747,15.000000000001679,0.17740200000116602,
7070,706,ok,1.7478221381970929,0.3661941467818255,0.6209353112538296,0.1192520720864081,15.000000000001679,0.16885954199824482,
7071,707,ok,1.783082634979988,0.3952915860526712,-0.7773638719247411,0.08101422999845832,15.000000000001679,0.17135587500524707,
7072,707,ok,1.6967991930636213,0.4984687312309248,-0.790272959483043,0.08183978907808998,15.000000000001679,0.1752685839892365,
7073,707,ok,1.8402572942229598,0.351807986698613,-0.8185413833339946,0.08755782625902266,15.000000000001679,0.17191470897523686,
7074,707,ok,1.65007386112261,0.5627806187252162,-0.8106443099462339,0.09121045608326411,15.000000000001679,0.17211487499298528,
7075,707,ok,1.7560370321235004,0.5299994350983348,-0.9606062655312514,0.0941599191642922,15.000000000001679,0.17074812500504777,
7076,707,ok,1.6512635712962882,0.542890630099592,-0.7768549839182388,0.09618652884827036,15.000000000001679,0.17697512501035817,
7077,707,ok,1.7184838740222284,0.3822656712310605,-0.5797606978719358,0.07873880308895159,15.000000000001679,0.17284712500986643,
7078,707,ok,1.7329611216597307,0.4976944099986779,0.8638473033094053,0.11500636469839778,15.000000000001679,0.16600925000966527,
7079,707,ok,1.660398645536778,0.5579764691943754,-0.8230988997096566,0.08956878944327366,15.000000000001679,0.1700613749853801,
7080,707,ok,1.8063137402407785,0.21439971151783177,0.27276535328928536,0.09337330926995423,15.000000000001679,0.1703808750025928,
7081,708,ok,1.6489970939760699,0.4457659366769296,0.5509518058304019,0.10399472508478154,15.000000000001679,0.16458220800268464,
7082,708,ok,1.824095755403756,0.3492455327476736,-0.7761024505363244,0.08334648815988353,15.000000000001679,0.17304808300104924,
7083,708,ok,0.8806467822237803,1.1473613288424196,0.22033168516519339,0.11496791370793119,15.000000000001679,0.16445058301906101,
7084,708,ok,1.1140328248089897,0.9690355278054563,0.42211537738457633,0.10757915093807939,15.000000000001679,0.18963254199479707,
7085,708,ok,1.570572318132262,0.7078874581652778,-0.8928284189679223,0.09068120964328458,15.000000000001679,0.17428062498220243,
7086,708,ok,1.7724626280783833,0.40945200675102994,-0.782164208530538,0.08454007893897839,15.000000000001679,0.17145229200832546,
7087,708,ok,1.494736644713945,1.003614946869444,-1.1142057543150283,0.09984418661154029,15.000000000001679,0.16968654200900346,
7088,708,ok,1.6616476470397479,0.5631383370346689,-0.834566632698213,0.08837685063523953,15.000000000001679,0.17418833301053382,
7089,708,ok,1.683255437166084,0.3205661526389293,0.11336145326863425,0.1114015523593805,15.000000000001679,0.1679885000048671,
7090,708,ok,0.5686519973533275,1.4446002789753627,0.12205016992894292,0.1158785009437994,15.000000000001679,0.16781283300952055,
7091,709,ok,1.858892000897499,0.1425559631505774,0.07335612430620718,0.09001778478651207,15.000000000001679,0.17186941698309965,
7092,709,ok,1.329550643272756,0.8337711594325983,0.6384474954573892,0.12680653202828035,15.000000000001679,0.168950124992989,
7093,709,ok,0.7926305035803729,1.2190292106689928,0.13545383500580216,0.11131947964814241,15.000000000001679,0.16939649998676032,
7094,709,ok,0.9147013285925152,1.1257568879035798,0.2690306701491085,0.12288927954070396,15.000000000001679,0.16684350001742132,
7095,709,ok,1.6809488546000575,0.6022545318887862,-0.9337540672767155,0.08415225409185279,15.000000000001679,0.17310858401469886,
7096,709,ok,1.2170647124749312,0.9846274420642556,0.671017945320921,0.11951935860135847,15.000000000001679,0.1681905830046162,
7097,709,ok,1.499775068508294,0.9253387231579989,-1.0461493182980037,0.09469204453522505,15.000000000001679,0.18476741699851118,
7098,709,ok,1.3822550670978822,0.7538155902244181,0.5980413759515769,0.12034493041706305,15.000000000001679,0.1685896249837242,
7099,709,ok,1.8123539763064613,0.3959794648087952,-0.8436498433110518,0.08555810375133774,15.000000000001679,0.17442304198630154,
7100,709,ok,1.7525169282250515,0.48213005937846465,-0.8760059515054374,0.08289731055728837,15.000000000001679,0.17824179198942147,
7101,710,ok,1.719171103203884,0.5045963712872538,-0.8481257391000525,0.09224213456581117,15.000000000001679,0.17826529100420885,
7102,710,ok,0.762529165211218,1.2378582887391478,0.0243051384299066,0.10692597915634948,15.000000000001679,0.17160400000284426,
7103,710,ok,1.7369644483979898,0.4643282864250886,-0.8116390103515408,0.08500767489842723,15.000000000001679,0.17349112499505281,
7104,710,ok,1.6849042833583319,0.6731374818333845,-1.038430691940392,0.08835323920996728,15.000000000001679,0.17002762499032542,
7105,710,ok,1.670410095937916,0.6611975198233991,-0.998938340281471,0.09212661098820614,15.000000000001679,0.17036412499146536,
7106,710,ok,1.3928862254702565,1.0742018015517392,-1.0406871445610986,0.10048486736523275,15.000000000001679,0.1693843750108499,
7107,710,ok,0.8196460673411855,1.2059306627237076,0.20315896068217387,0.11511922538079059,15.000000000001679,0.1704904579964932,
7108,710,ok,1.740975076837065,0.45301953982370496,-0.7986524112532077,0.08157568933386927,15.000000000001679,0.1801904170133639,
7109,710,ok,1.6901846458249952,0.5890340080279584,-0.9305369989854873,0.09790312812570638,15.000000000001679,0.18081654200796038,
7110,710,ok,1.3484998253109637,0.8139517192920446,0.6416706746403504,0.11673454327600014,15.000000000001679,0.1709510000073351,
7111,711,ok,1.599806321743315,0.7663782222840712,-1.0186057022395203,0.09391946687758541,15.000000000001679,0.17605991699383594,
7112,711,ok,1.566604796498284,0.7854578727253458,-0.9895140269276568,0.090426113562332,15.000000000001679,0.17721058300230652,
7113,711,ok,1.5673888079912257,0.6942537273893132,-0.8670261512661849,0.09047204445480929,15.000000000001679,0.17728862501098774,
7114,711,ok,0.7601746925931337,1.2792666988025536,0.2416796884392572,0.11879396639488508,15.000000000001679,0.17186508400482126,
7115,711,ok,1.158279067724905,0.8450393815006247,-0.08761488712094362,0.09797118440382782,15.000000000001679,0.16991933301324025,
7116,711,ok,1.4605858152368196,0.9663495371959022,-1.0319290888505275,0.090257820196119,15.000000000001679,0.1820514169812668,
7117,711,ok,1.3481225139320694,0.9856483112686247,-0.8879892815447324,0.11749270561688657,15.000000000001679,0.17909612497896887,
7118,711,ok,0.6844418752018491,1.4064581004338426,0.34083528865013524,0.12669278145068225,15.000000000001679,0.17058054197696038,
7119,711,ok,1.600990800962106,0.6943282808101463,-0.9264949576080258,0.08257128040148841,15.000000000001679,0.17781412502517924,
7120,711,ok,1.5871778843837727,0.5974609119966764,-0.7429789655836521,0.0848335724024767,15.000000000001679,0.17925520899007097,
7121,712,ok,1.8015808496321586,0.27187477162163426,0.5091922552470258,0.10352725356438172,15.000000000001679,0.1752893750090152,
7122,712,ok,1.726155640890742,0.41452629240328825,-0.6825587294134215,0.08247611716674201,15.000000000001679,0.17784620900056325,
7123,712,ok,1.091961496986199,0.9501889624570201,0.3004608066841211,0.11232201924394977,15.000000000001679,0.17128879198571667,
7124,712,ok,1.4845711746949797,0.9463878341016683,-1.0458742642432015,0.09260028529165477,15.000000000001679,0.17606633401010185,
7125,712,ok,1.3516922811698737,0.7633191124837011,0.5456119549882648,0.11850004630868141,15.000000000001679,0.16791512499912642,
7126,712,ok,1.522304532543596,0.767122543883981,-0.8929861521903182,0.10530234451051697,15.000000000001679,0.17410816700430587,
7127,712,ok,1.5452189708644832,0.5656270703511016,0.5746964125605173,0.10783641734523258,15.000000000001679,0.16807033398072235,
7128,712,ok,1.765422851529597,0.45910984169136615,-0.8616120732269756,0.09751308175862673,15.000000000001679,0.18099454199546017,
7129,712,ok,1.7333889205811803,0.5516266381036592,-0.9522876427543735,0.0834463484272199,15.000000000001679,0.17577225001878105,
7130,712,ok,1.0185436283600533,1.1282591337866006,-0.526781724290407,0.11781010652203,15.000000000001679,0.16281962499488145,
7131,713,ok,0.9121644124051466,1.124304279239397,0.25534470799292897,0.11502611450311323,15.000000000001679,0.16664379197754897,
7132,713,ok,1.5114158784719014,0.8360762918343283,-0.9641885496451729,0.09332480182438589,15.000000000001679,0.16785699999309145,
7133,713,ok,1.4657051645486545,0.9845133485529611,-1.0569193394566487,0.09256391418296357,15.000000000001679,0.1721923750010319,
7134,713,ok,1.8771316771090396,0.14227329221989624,-0.2692114641071084,0.09704273556155066,15.000000000001679,0.17537062501651235,
7135,713,ok,0.9878644599944386,1.0709500434218329,0.3357713053585871,0.11679432065967374,15.000000000001679,0.16646512498846278,
7136,713,ok,1.6952132357721297,0.6882567606444854,-1.0738145038795643,0.08673826130201379,15.000000000001679,0.17063045798568055,
7137,713,ok,1.5731243247523163,0.740003425587003,-0.9418751369448842,0.08532296600764104,15.000000000001679,0.1755512919917237,
7138,713,ok,0.5425022318225817,1.4580656888838794,0.024816808166606037,0.11752468325465493,15.000000000001679,0.16774249999434687,
7139,713,ok,1.6636928185390447,0.6050639083416547,-0.906657098713362,0.0943401504806103,15.000000000001679,0.16961562502547167,
7140,713,ok,1.5576095745026075,0.7556073041950835,-0.9368214372064545,0.0957244451755983,15.000000000001679,0.16916212500655092,
7141,714,ok,0.8795606455924135,1.2249712602552016,0.41588145167166685,0.11990655675601912,15.000000000001679,0.16616837499896064,
7142,714,ok,1.5392373202775547,0.8735035015175437,-1.0489314405822685,0.09994574814689522,15.000000000001679,0.1703470000065863,
7143,714,ok,1.5929799304312124,0.8377655992717293,-1.0894017883776528,0.0902170790355132,15.000000000001679,0.16608837500098161,
7144,714,ok,1.8758900824627638,0.20819769019946788,-0.5553450135507055,0.08133483754168096,15.000000000001679,0.17630733299301937,
7145,714,ok,0.9296215108196952,1.0761453958713147,0.10338676805531258,0.10942179794727527,15.000000000001679,0.16578050001407973,
7146,714,ok,0.6472519909074329,1.3551532171269174,0.05574734389969612,0.09692897293085975,15.000000000001679,0.16692133402102627,
7147,714,ok,1.78503742968567,0.3228594351289729,-0.6111940371460728,0.09325609241996251,15.000000000001679,0.17012424999848008,
7148,714,ok,1.6466929581419585,0.5742748756394375,-0.8239572611254616,0.08188909175421308,15.000000000001679,0.17801091697765514,
7149,714,ok,1.9899967569471333,0.1724420226685785,-0.7874763057720476,0.08678910250178161,15.000000000001679,0.17378224999993108,
7150,714,ok,1.7524476178797703,0.3860773701028439,-0.6828809545728517,0.08025139710879185,15.000000000001679,0.17535450001014397,
7151,715,ok,1.5925787513160223,0.8270381400218547,-1.0772499961382738,0.09177832536683907,15.000000000001679,0.16915062500629574,
7152,715,ok,1.7678672252720313,0.3497073990457385,-0.633947046232293,0.08323095093718894,15.000000000001679,0.174423292017309,
7153,715,ok,1.7604049605912235,0.5149399096139148,-0.9453159012820316,0.09853549324124279,15.000000000001679,0.16991645900998265,
7154,715,ok,1.6218123323823972,0.628590954264251,-0.8657438828786456,0.0890659326652352,15.000000000001679,0.17271074999007396,
7155,715,ok,1.873973725044972,0.13066077514789531,0.13171326656135024,0.09675759153657296,15.000000000001679,0.16807287497795187,
7156,715,ok,1.5725930893991074,0.4704030980621643,-0.365215473943812,0.08276163867601323,15.000000000001679,0.18728933300008066,
7157,715,ok,0.6739701539629706,1.3907083633808572,-0.2880962859511325,0.12038897962178217,15.000000000001679,0.16530766698997468,
7158,715,ok,1.542944179621711,0.7983154976896533,-0.9677970336468534,0.091025229646192,15.000000000001679,0.16970862497691996,
7159,715,ok,1.4636773380070034,0.9626894116054727,-1.0326364766944212,0.09488260625069588,15.000000000001679,0.16964908299269155,
7160,715,ok,1.8197648184038266,0.3899051653019692,-0.8480204110627485,0.08273748843343998,15.000000000001679,0.1726661669963505,
7161,716,ok,0.8826170412089371,1.1643745448294092,0.28415302233719353,0.11596871220428975,15.000000000001679,0.1676087919913698,
7162,716,ok,1.650505885677977,0.6739221874163858,-0.9826939063773114,0.09967501696301537,15.000000000001679,0.16797066599247046,
7163,716,ok,1.7942564573776079,0.3717225766554039,-0.7537034346926694,0.07986277869517559,15.000000000001679,0.18328379199374467,
7164,716,ok,0.6200926346337648,1.395324524997224,0.13741341076187194,0.11972248750221438,15.000000000001679,0.17438629202661105,
7165,716,ok,1.7320192025810608,0.5335736988978759,-0.9216747916404551,0.0885088355009465,15.000000000001679,0.19884158298373222,
7166,716,ok,1.6262260418551013,0.692575757673736,-0.967084789346469,0.08150466443955866,15.000000000001679,0.17077804199652746,
7167,716,ok,1.8626767797378472,0.274451784088458,-0.7014614318257637,0.081717307582999,15.000000000001679,0.17087304199230857,
7168,716,ok,1.4867195203875272,0.7746985695623485,-0.8420043567991582,0.09268175175211966,15.000000000001679,0.17215620799106546,
7169,716,ok,1.690029613512896,0.3293231675232329,-0.25502748082499893,0.08257835823258222,15.000000000001679,0.17893708299379796,
7170,716,ok,1.8216576888380904,0.17984392770006868,0.07395003564989616,0.07708535437653477,15.000000000001679,0.18028229201445356,
7171,717,ok,2.0237321628184386,-0.015857995951689963,0.17834911545458149,0.10282798472929984,15.000000000001679,0.16649858298478648,
7172,717,ok,0.7587271556697033,1.3002115014648337,-0.29319439637983463,0.11648034628305551,15.000000000001679,0.1691243750101421,
7173,717,ok,1.3998126688833732,1.0574720074192878,-1.0349475789469555,0.10973646875642881,15.000000000001679,0.17296562498086132,
7174,717,ok,1.579644492074203,0.7366079787462384,-0.9482179717621376,0.08846795896201926,15.000000000001679,0.17542504100129008,
7175,717,ok,1.669630178209525,0.4510582281607116,-0.6232530139833553,0.08442181488417276,15.000000000001679,0.17225837500882335,
7176,717,ok,1.813187069707456,0.4378722898482481,-0.9205456897570892,0.09210425798079679,15.000000000001679,0.17331204199581407,
7177,717,ok,0.8762238422877785,1.1766589417686013,0.29979613677290473,0.11669542242287448,15.000000000001679,0.16463537499657832,
7178,717,ok,0.6184765195958365,1.4160039803281428,0.20362184140903655,0.1124723235855026,15.000000000001679,0.17433904099743813,
7179,717,ok,0.6551145171984506,1.350678994557568,0.08693251713477543,0.10958970913568797,15.000000000001679,0.1724053749931045,
7180,717,ok,1.5748993237014672,0.7805220224201178,-0.9965848393353266,0.08776199154487176,15.000000000001679,0.16867354200803675,
7181,718,ok,0.7975691044234209,1.281529835438489,0.3462904835044314,0.1156933184929437,15.000000000001679,0.16622012498555705,
7182,718,ok,1.7238351292362646,0.5888656865096814,-0.9901047934836069,0.08718974393700368,15.000000000001679,0.16923041600966826,
7183,718,ok,1.6961439220361354,0.5541147332542378,-0.8867468633537193,0.08383368652049243,15.000000000001679,0.17760862500290386,
7184,718,ok,1.4323098208947502,1.0548861521236457,-1.0762301043847005,0.09196822128651937,15.000000000001679,0.1745053330087103,
7185,718,ok,1.691659753800603,0.4750061097723268,-0.7321928416728647,0.084635957630916,15.000000000001679,0.17450670900871046,
7186,718,ok,1.8277900970338066,0.4485902166506769,-0.9664079485097677,0.08898528861607988,15.000000000001679,0.1713771250215359,
7187,718,ok,0.6595795411983834,1.349356078822412,0.10820193622168899,0.10213820370498776,15.000000000001679,0.1637777500145603,
7188,718,ok,1.5505376683334429,0.6978533539236058,-0.8417726373747887,0.0955883326255567,15.000000000001679,0.16830654197838157,
7189,718,ok,0.8747125289963067,1.2256147105164041,0.4067547563514436,0.1158953677337424,15.000000000001679,0.16355058399494737,
7190,718,ok,1.6346927079961295,0.6322351654005701,-0.8952315939514836,0.08480165732538847,15.000000000001679,0.1726309579971712,
7191,719,ok,0.5576211688339721,1.4455630767777037,0.05950685758430365,0.12269718461032991,15.000000000001679,0.16556470899377018,
7192,719,ok,1.7765231083237532,0.37154074563447537,-0.7100385984434712,0.08096218161170717,15.000000000001679,0.1724112090014387,
7193,719,ok,1.701445638636291,0.44563505600115166,-0.6920020824404456,0.082660262935389,15.000000000001679,0.17263979100971483,
7194,719,ok,1.8472876672567,0.3245038539275025,-0.7779359807175066,0.10017814737992659,15.000000000001679,0.17231516700121574,
7195,719,ok,1.6760164922085343,0.5572298654291853,-0.852904227299591,0.09102896859626673,15.000000000001679,0.17026362498290837,
7196,719,ok,1.3049059756821757,1.2502088067454782,-1.067985379997784,0.12685084912530384,15.000000000001679,0.176841875014361,
7197,719,ok,0.6274372093051349,1.4203231121243847,0.24010863641996905,0.11829410688379172,15.000000000001679,0.17535137498634867,
7198,719,ok,1.5485808363572557,0.5799503152984095,0.6177066453518614,0.11533680617835365,15.000000000001679,0.16702654198161326,
7199,719,ok,1.7353156981778368,0.5672785522541423,-0.9790964332033117,0.0934039953228195,15.000000000001679,0.17095508400234394,
7200,719,ok,1.7192517753127263,0.37962522117322856,-0.5746409688301493,0.0905680745481828,15.000000000001679,0.16935899999225512,
7201,720,ok,1.887336412670907,0.11552804335177179,0.10394315369415025,0.1030877329429926,15.000000000001679,0.16909683402627707,
7202,720,ok,0.8493032501662022,1.1726833874192362,-0.1919980033509854,0.1268844454248249,15.000000000001679,0.17271929199341685,
7203,720,ok,0.9212056764601921,1.1484667347048192,0.3514413129360397,0.09797684438397418,15.000000000001679,0.16980270799831487,
7204,720,ok,1.6740964121615047,0.595829533168388,-0.9115394107167916,0.08324667839211494,15.000000000001679,0.17649645899655297,
7205,720,ok,1.3513578874284202,0.6486570132242027,-0.006346022917570214,0.09606258726236343,15.000000000001679,0.17334874998778105,
7206,720,ok,1.6083076648612236,0.6404765713965398,-0.8592727110351256,0.08519769471385502,15.000000000001679,0.17853458400350064,
7207,720,ok,0.8491445600638214,1.193798875458321,0.2666200117652709,0.11741953063208423,15.000000000001679,0.16685416700784117,
7208,720,ok,1.5154252918321793,0.7780356421517611,-0.8962794894859454,0.08650549185633209,15.000000000001679,0.17031441599829122,
7209,720,ok,1.7708290025681763,0.42109083330805713,-0.8017987276572329,0.08296334711771045,15.000000000001679,0.1708087080041878,
7210,720,ok,0.8173804778263412,1.2171618106305548,0.23510681571657258,0.09723498288737416,15.000000000001679,0.1661955419986043,
7211,721,ok,1.5435123628618668,0.7278924343910019,-0.8741697522951545,0.08509380535960383,15.000000000001679,0.17268245900049806,
7212,721,ok,1.7631051717490336,0.44219503348057926,-0.8257018426378954,0.08268487239791418,15.000000000001679,0.1729690830106847,
7213,721,ok,1.6290231407378617,0.6402919560821665,-0.8971680045368239,0.09005081796538954,15.000000000001679,0.1693350840068888,
7214,721,ok,1.3767682673798014,1.0073363342304216,-0.953996702680299,0.1061176426877539,15.000000000001679,0.16816337499767542,
7215,721,ok,1.5667544969008969,0.7741638064107913,-0.9757280768974018,0.0964055343955917,15.000000000001679,0.1681050829938613,
7216,721,ok,1.472973716100866,0.7467808303987961,-0.7740111635293538,0.08335673068217629,15.000000000001679,0.17009970798972063,
7217,721,ok,0.9749467489598512,1.0857397693001993,0.3385991640097926,0.10929926575510295,15.000000000001679,0.16535183301311918,
7218,721,ok,1.7831887038297642,0.4010250518286742,-0.7893295057113858,0.08730234229722977,15.000000000001679,0.1707982080115471,
7219,721,ok,1.666868383421299,0.6884681262739965,-1.028753785825497,0.08800100116293523,15.000000000001679,0.18314345899852924,
7220,721,ok,1.7330990879699444,0.5369903478554217,-0.9291045185844556,0.08560386382569703,15.000000000001679,0.16851491702254862,
7221,722,ok,0.8624505455011957,1.3260441538904906,-0.5381491065960485,0.11420355645302524,15.000000000001679,0.16674137499649078,
7222,722,ok,0.7711298149138718,1.2886798701100384,0.29776645926368267,0.12587318969090155,15.000000000001679,0.16578295899671502,
7223,722,ok,1.9052185325023425,0.2360692829906399,-0.720004223724573,0.09040679671364205,15.000000000001679,0.1732506250264123,
7224,722,ok,1.6652690717969454,0.45230581881813386,-0.6146249287323556,0.08126288375089144,15.000000000001679,0.17569216701667756,
7225,722,ok,0.9318217576676819,1.0994378180282294,0.23933145314632542,0.10809170274457285,15.000000000001679,0.1659635829855688,
7226,722,ok,0.5268767209820763,1.4764723127218264,0.05931137973434388,0.11186264307218532,15.000000000001679,0.16581174999009818,
7227,722,ok,1.5315055794617394,0.9321477984411569,-1.0978164762602034,0.09470325299975665,15.000000000001679,0.16847929198411293,
7228,722,ok,1.8011897933920127,0.4275372791705178,-0.8784336420135007,0.09259753748567962,15.000000000001679,0.17039362498326227,
7229,722,ok,1.649005156645903,0.6608407619785965,-0.962221669817674,0.08629382194517372,15.000000000001679,0.17008783400524408,
7230,722,ok,0.6608716862780487,1.427001268491858,-0.3292777542046409,0.128085802274456,15.000000000001679,0.16404183299164288,
7231,723,ok,1.0198664474642296,1.0248305007509084,0.29861684211977074,0.09857477598037376,15.000000000001679,0.16653149999910966,
7232,723,ok,1.8424211939757107,0.16566096249649823,0.17238373328597528,0.11278575786680521,15.000000000001679,0.16976537500158884,
7233,723,ok,1.474862311248527,0.8307724679439048,-0.8989581833563564,0.11358926921481867,15.000000000001679,0.16984008401050232,
7234,723,ok,0.9040460382827314,1.1210748257955838,0.21163595508428765,0.10601097889981642,15.000000000001679,0.16965099997469224,
7235,723,ok,0.9564868144526791,1.075199446964437,0.244153565050668,0.1086461277080914,15.000000000001679,0.1676885000197217,
7236,723,ok,1.5232729022718319,0.8466254451104289,-0.9950313919313971,0.10068886400410848,15.000000000001679,0.17109758401056752,
7237,723,ok,0.762696813724185,1.2405407482263102,0.07020024615606044,0.11480731877187501,15.000000000001679,0.16757208298076876,
7238,723,ok,1.0418171658183693,1.1919906280995047,-0.657650258051182,0.11818585280652143,15.000000000001679,0.16997333301696926,
7239,723,ok,1.8732791666721547,0.30540086476039563,-0.7984413611112007,0.083574488624063,15.000000000001679,0.1760821249918081,
7240,723,ok,1.3555232874941594,1.225802281311013,-1.1126820189594786,0.09016199267936649,15.000000000001679,0.16954904200974852,
7241,724,ok,1.801725348408252,0.43276816529002793,-0.8888186583147609,0.0854411301000969,15.000000000001679,0.17225654199137352,
7242,724,ok,1.8026073344912585,0.46411235355075114,-0.943632523732765,0.08634657616371857,15.000000000001679,0.17329674999928102,
7243,724,ok,1.540527675425912,0.8734589469193298,-1.050776272323019,0.09743117025735692,15.000000000001679,0.1735362079925835,
7244,724,ok,1.7133626824243156,0.5513977613891516,-0.9149662484572232,0.0958145893089956,15.000000000001679,0.17346966700279154,
7245,724,ok,0.8491579419758359,1.1963529374397253,0.2742637585589447,0.10915874952675908,15.000000000001679,0.16978120800922625,
7246,724,ok,1.590184010051576,0.7164414914735155,-0.9387026904259824,0.08973521138440572,15.000000000001679,0.1689989590086043,
7247,724,ok,1.6194093987198388,0.7945277558112249,-1.0813526109242202,0.08519040813742446,15.000000000001679,0.16871129200444557,
7248,724,ok,1.8883806679284474,0.254169398928291,-0.7197618073831679,0.08414088854156489,15.000000000001679,0.17146204199525528,
7249,724,ok,1.6587035012066087,0.6766478910870013,-1.0000182502087553,0.09625742999986626,15.000000000001679,0.16844758301158436,
7250,724,ok,1.5426783302301001,1.0478396471504852,-1.2137739052323613,0.10188307232133516,15.000000000001679,0.16671087499707937,
7251,725,ok,0.6221907901387048,1.4797205401966502,-0.3412193767067755,0.11901713865770246,15.000000000001679,0.16590291701140814,
7252,725,ok,1.6064366930719813,0.6787128039481971,-0.9136952415316651,0.09887045235861648,15.000000000001679,0.16928270901553333,
7253,725,ok,0.7566921539006907,1.3910668116681342,0.4492030586748657,0.12164915480865916,15.000000000001679,0.16451779199996963,
7254,725,ok,1.5973442510769118,0.7452474100898953,-0.9884860113134354,0.0999787776753976,15.000000000001679,0.1719038329902105,
7255,725,ok,1.6368065869307198,0.7476924661622983,-1.0539742139697372,0.10142537321020655,15.000000000001679,0.17061591599485837,
7256,725,ok,1.6515774854871088,0.9292002745478007,-1.2574164539003836,0.09746983826632462,15.000000000001679,0.16886945799342357,
7257,725,ok,0.5976648120357843,1.4446066397353603,-0.22077464283681092,0.11192543703298223,15.000000000001679,0.17138158401940018,
7258,725,ok,1.6882139037159543,0.594315706284263,-0.9349426993675877,0.08806390171447477,15.000000000001679,0.17965612499392591,
7259,725,ok,1.5902525855241134,0.7529116648445857,-0.9867491931009748,0.0842175619967521,15.000000000001679,0.16932841701782309,
7260,725,ok,1.557267267807019,0.8413840638198211,-1.0405241255311983,0.09330457804778967,15.000000000001679,0.16492029197979718,
7261,726,ok,1.7211853995843933,0.4427818353522357,-0.7331785372155519,0.08346867164452289,15.000000000001679,0.17249024999910034,
7262,726,ok,0.9010680483959036,1.1386707154975813,0.26464219523453536,0.11717919596971399,15.000000000001679,0.1678604170156177,
7263,726,ok,1.7999884942298672,0.4524357680876718,-0.9192407342288039,0.10219805969049392,15.000000000001679,0.16997241700300947,
7264,726,ok,1.7037491095875124,0.5206761507830493,-0.845199371484732,0.10411388756266407,15.000000000001679,0.17406908399425447,
7265,726,ok,1.0175191811591726,1.069418980808656,0.4115388812100657,0.10884768560205643,15.000000000001679,0.1687135839893017,
7266,726,ok,0.8350305032523828,1.169722271168307,0.08896535487488146,0.11542157016781802,15.000000000001679,0.16752008398179896,
7267,726,ok,1.8449568015303304,0.2720304085908512,-0.6465189020270989,0.08142418347486698,15.000000000001679,0.17375116699258797,
7268,726,ok,1.7139723819202575,0.6358362173691297,-1.037669745219372,0.08087085596782033,15.000000000001679,0.17248479201225564,
7269,726,ok,0.8487453966427039,1.2081724478372362,0.30557793761674973,0.11527162648941712,15.000000000001679,0.16654358399682678,
7270,726,ok,1.6137639671099595,0.8135765174447442,-1.093907428251556,0.08562797381191263,15.000000000001679,0.16789716700441204,
7271,727,ok,1.7832786875911395,0.35512069106483335,-0.6888068935875608,0.0843482300027055,15.000000000001679,0.1752285000111442,
7272,727,ok,1.8664784820978955,0.13470124080878815,0.06635105948053922,0.09005240365376425,15.000000000001679,0.17221729198354296,
7273,727,ok,0.7685127918691496,1.2981304465036538,0.3130352075108397,0.12445170443055109,15.000000000001679,0.16598845898988657,
7274,727,ok,1.7931687424986311,0.21321070548373963,0.15112298328250992,0.10302410738956763,15.000000000001679,0.16919712501112372,
7275,727,ok,1.6867360076998354,0.5355461165926848,-0.8369308113843179,0.08312041543693072,15.000000000001679,0.17164095799671486,
7276,727,ok,1.7803845632078552,0.3779394654896641,-0.7339542324238408,0.08261986163113118,15.000000000001679,0.17402383298031054,
7277,727,ok,0.8703495999844636,1.1328252064797377,0.07427182289540421,0.1084879418300387,15.000000000001679,0.16883366598631255,
7278,727,ok,0.8195026868954075,1.2178279585137046,0.24452311004474264,0.11840608797690501,15.000000000001679,0.1668862079968676,
7279,727,ok,1.6665224141198565,0.5748557978832629,-0.8638639707366681,0.08364334941682715,15.000000000001679,0.16878320899559185,
7280,727,ok,1.8807049412472963,0.2627187048007636,-0.7203504545586541,0.08427073862571025,15.000000000001679,0.17284866701811552,
7281,728,ok,1.8971592975226828,0.10832679349343009,0.1441730902835597,0.09566941402877333,15.000000000001679,0.1684125839965418,
7282,728,ok,1.4781866479880938,0.9392824922740189,-1.0295213135694958,0.09907802057300198,15.000000000001679,0.16771208299905993,
7283,728,ok,1.3471115428741798,0.7926190684075459,0.5974452234069588,0.1245363280167408,15.000000000001679,0.165556749998359,
7284,728,ok,1.7126706262004352,0.4113093210606519,-0.6397676144515478,0.0895378763629343,15.000000000001679,0.18609691699384712,
7285,728,ok,1.6913108524588767,0.3813081438582228,0.4902744889400838,0.13232446465855036,15.000000000001679,0.1648082910105586,
7286,728,ok,1.6681973303390736,0.5915586350878526,-0.8939660253918037,0.09052758573544574,15.000000000001679,0.17013220800436102,
7287,728,ok,1.4511195482159913,0.7170778267425159,0.6781287787573071,0.11302229957365155,15.000000000001679,0.16302312500192784,
7288,728,ok,0.8968089915145852,1.2016169038958406,0.40847374348487075,0.11282961050946864,15.000000000001679,0.16484954199404456,
7289,728,ok,1.6122267051366088,0.4953671119712105,0.5790982826928343,0.10498091401042983,15.000000000001679,0.16359874999034218,
7290,728,ok,1.5281975773637486,0.8165195975388638,-0.966830891340806,0.08961815208838954,15.000000000001679,0.16923254198627546,
7291,729,ok,1.6091533475554587,0.6631002903887023,-0.8955856532963036,0.08979282765701757,15.000000000001679,0.16824241701397114,
7292,729,ok,1.4406134238588393,0.6835969430632034,-0.5851923006070265,0.0853126619664495,15.000000000001679,0.17281995801022276,
7293,729,ok,1.831485694128304,0.3870769212577929,-0.8676514218609884,0.09603335395268474,15.000000000001679,0.1709795830247458,
7294,729,ok,1.4241198760930733,0.9989813565643598,-1.01295562438718,0.10602983105645881,15.000000000001679,0.1682970830006525,
7295,729,ok,1.8057666790328641,0.2208333462909915,0.30880303987374885,0.09282055239884283,15.000000000001679,0.1700487920024898,
7296,729,ok,1.7592352570943313,0.4592071908805787,-0.8490384026471592,0.0892553057820984,15.000000000001679,0.1702555840020068,
7297,729,ok,0.7725965920952628,1.3307680447374841,0.3860493286779862,0.12242693991170557,15.000000000001679,0.16488379199290648,
7298,729,ok,1.7043803258031502,0.6701564772291569,-1.0660340050529753,0.08808535315658109,15.000000000001679,0.16804395799408667,
7299,729,ok,1.1962702519092823,0.8553347200413176,0.34756857231373656,0.1016575744555427,15.000000000001679,0.16735345899360254,
7300,729,ok,0.642842019305044,1.4184853140280815,0.27401921790846656,0.1178714461186102,15.000000000001679,0.16492929199011996,
7301,730,ok,1.6915637502945537,0.30879717103594106,-0.03494155999007359,0.10007488302550056,15.000000000001679,0.16683354097767733,
7302,730,ok,1.806208473632616,0.444120183565244,-0.9174023365095678,0.08088107546333125,15.000000000001679,0.17151416701381095,
7303,730,ok,0.6150336847030907,1.385493848444002,0.025468078437480345,0.11894970310378071,15.000000000001679,0.1659405410173349,
7304,730,ok,1.4505108208349637,1.063600077675596,-1.1077620804261945,0.08761299029189404,15.000000000001679,0.16711095900973305,
7305,730,ok,1.7879417416065904,0.4644033235585106,-0.9157939280651839,0.09220999061898383,15.000000000001679,0.17665591702098027,
7306,730,ok,1.8099858469703685,0.2822943006894321,-0.5705575315330036,0.07981513561975916,15.000000000001679,0.18502954201539978,
7307,730,ok,0.869017412283593,1.2183495884125521,0.37975504857374265,0.12154154337946722,15.000000000001679,0.18902054100180976,
7308,730,ok,1.7640521207480175,0.4836180625661934,-0.9013687949668956,0.09549306090035699,15.000000000001679,0.16830662498250604,
7309,730,ok,0.8963662890132138,1.144182216051277,0.2665491413537417,0.12004769043027474,15.000000000001679,0.1654829159961082,
7310,730,ok,1.248587762753475,0.7795509476279313,0.26358207803613426,0.11111192500616522,15.000000000001679,0.16985958299483173,
7311,731,ok,1.6680555185291566,0.5860068497836247,-0.8848912837387112,0.08567242789692406,15.000000000001679,0.17316287499852479,
7312,731,ok,1.6209973827130957,0.6045224384369426,-0.8247877847887478,0.09425286677098496,15.000000000001679,0.17134712499682792,
7313,731,ok,1.0531430953394805,1.0262484615453076,0.4011462583875637,0.10122631905279043,15.000000000001679,0.16587837500264868,
7314,731,ok,1.50568131831331,0.6691854583586608,-0.7042789845463654,0.08443410859580844,15.000000000001679,0.17249191598966718,
7315,731,ok,1.5038107317813423,0.8480046165971413,-0.9666195495846528,0.09854497645108588,15.000000000001679,0.16974187499727122,
7316,731,ok,1.6349263928852191,0.6658621407453852,-0.9450187737056802,0.0845404861751658,15.000000000001679,0.17061466700397432,
7317,731,ok,0.6373798908336346,1.362694877355368,0.009762473559837682,0.11449236756023119,15.000000000001679,0.16580375001649372,
7318,731,ok,1.540042903607995,0.7298486926335082,-0.8708890867088275,0.08854865182168908,15.000000000001679,0.17058920802082866,
7319,731,ok,1.7346846000278002,0.3976738535411111,0.6645912894010996,0.12922200725389077,15.000000000001679,0.1639126249938272,
7320,731,ok,0.8706331490616018,1.2258275573495285,0.39832036011924354,0.12146634723072745,15.000000000001679,0.16562324998085387,
7321,732,ok,1.5274941972600826,0.9656721856668226,-1.1240126757114335,0.10898267483950098,15.000000000001679,0.17014974998892285,
7322,732,ok,1.5474812069268826,0.6902162275059456,-0.8241144065620526,0.09067204263404403,15.000000000001679,0.1700300420052372,
7323,732,ok,1.4133928226938977,0.9823461400107476,-0.9808465183154798,0.09498019028266834,15.000000000001679,0.17758391701499932,
7324,732,ok,1.2340598280384176,0.7824604477860155,0.2012488458917934,0.1187449597077945,15.000000000001679,0.16803137498209253,
7325,732,ok,1.6332102689704866,0.6530644328165702,-0.9236559752022943,0.09497639252708305,15.000000000001679,0.17584587499732152,
7326,732,ok,1.6634345263956363,0.44833448243372753,-0.5994568751802479,0.08237543016334574,15.000000000001679,0.17866920799133368,
7327,732,ok,1.4343707862146058,0.9574433986142509,-0.9851371910819846,0.09350647349191508,15.000000000001679,0.17630025002290495,
7328,732,ok,1.3388354543331167,0.674668515788388,0.18967559341361934,0.09986437432455884,15.000000000001679,0.17034620899357833,
7329,732,ok,1.8117555806927101,0.19932526818963622,0.20007197302684357,0.11174988710043257,15.000000000001679,0.16930449998471886,
7330,732,ok,1.7762071082051685,0.29637443863884316,-0.5025650583909014,0.0797398250127204,15.000000000001679,0.18170658298186027,
7331,733,ok,1.7980564996440913,0.21209148122159718,0.19076242919395767,0.10317788134134573,15.000000000001679,0.17345470801228657,
7332,733,ok,0.6715132856601859,1.3845234582895805,0.26854928676561496,0.11563389187554257,15.000000000001679,0.16553770899190567,
7333,733,ok,1.576092843243938,0.9850601233383385,-1.205804999693886,0.09390989020339452,15.000000000001679,0.16774812500807457,
7334,733,ok,1.7778389102845182,0.3500428484466831,-0.6620820107507135,0.07988887295600702,15.000000000001679,0.17638925000210293,
7335,733,ok,1.7538037240982376,0.4340327531238929,-0.7896670718550395,0.08529870615121676,15.000000000001679,0.1780075839778874,
7336,733,ok,1.054487091983541,1.022706393968359,0.3960305982743964,0.12612248249543387,15.000000000001679,0.1741994589974638,
7337,733,ok,1.930785116525139,0.07736362083789974,0.17720191792823012,0.10059759663722617,15.000000000001679,0.17304983298527077,
7338,733,ok,0.9196564489705028,1.0819072290235467,-0.053606417655097285,0.09691973881806383,15.000000000001679,0.18212616600794718,
7339,733,ok,1.480864542946567,1.0092174709901884,-1.1005951911421685,0.10265395830039853,15.000000000001679,0.1734212079900317,
7340,733,ok,1.594797928480923,0.5608391450359498,-0.6871655304409465,0.09478176378773955,15.000000000001679,0.1811438340228051,
7341,734,ok,1.3451738490087464,1.1429593109437877,-1.03680950099768,0.09838372120530015,15.000000000001679,0.1709055000101216,
7342,734,ok,1.6276940653717777,0.8982485504870937,-1.1981367676282684,0.10107181549873948,15.000000000001679,0.1650650830124505,
7343,734,ok,0.926152915166347,1.0948732740574754,0.19622648204482632,0.10714582385212125,15.000000000001679,0.1656034589977935,
7344,734,ok,0.9287422618897871,1.0721737069175685,0.04123783317624836,0.11047567529967094,15.000000000001679,0.16611333299078979,
7345,734,ok,0.974509943092227,1.0258679870725143,0.027137622877848485,0.11368060030706605,15.000000000001679,0.16959920802037232,
7346,734,ok,1.3617788033899998,0.7497280406568574,0.5396865173807462,0.11755989566052648,15.000000000001679,0.16656300000613555,
7347,734,ok,0.7863077819925621,1.2785683675634534,0.31275601951361715,0.12913952850902716,15.000000000001679,0.16647120800917037,
7348,734,ok,1.3804747899350474,0.8403423352575203,0.7489357424040011,0.11097925512099398,15.000000000001679,0.1643961250083521,
7349,734,ok,1.5945338760893197,0.625558695600091,-0.8083621606408277,0.09119746215266002,15.000000000001679,0.16951116599375382,
7350,734,ok,1.7197551756152147,0.4303423288595873,-0.7026611270629495,0.08074189604586413,15.000000000001679,0.1736449169984553,
7351,735,ok,1.6867678548040843,0.31665785041395245,-0.10744767762681652,0.0934163245630072,15.000000000001679,0.1683303750178311,
7352,735,ok,1.7052075972085514,0.31636462956179173,0.27037915782685323,0.11923104432306726,15.000000000001679,0.18997137498809025,
7353,735,ok,1.646477625974616,0.5684006091621876,-0.813272252685294,0.084398013722415,15.000000000001679,0.18624683300731704,
7354,735,ok,1.9916857223944238,0.2249748942425688,-0.9033813650505628,0.08040223047622932,15.000000000001679,0.1748882920073811,
7355,735,ok,1.0648388991424511,0.9707495744184236,-0.2729934844772879,0.11613363378654357,15.000000000001679,0.16575524999643676,
7356,735,ok,1.4386980010084185,1.0708323366647967,-1.0984076618076812,0.10238000649296206,15.000000000001679,0.16766950002056547,
7357,735,ok,1.7961779037257415,0.33673503100728863,-0.6780890094628246,0.08198656581831708,15.000000000001679,0.1715887080063112,
7358,735,ok,1.7312103808290504,0.5065825352923273,-0.8756675503844896,0.0842025204775088,15.000000000001679,0.17109845799859613,
7359,735,ok,0.7686599950071334,1.2545316268124758,0.1873902145297679,0.11627986049327026,15.000000000001679,0.16458325000712648,
7360,735,ok,0.5275421034391782,1.4732553079903665,-0.02899483300019161,0.1158464141147771,15.000000000001679,0.16490962498937733,
7361,736,ok,0.5555903582343548,1.4677541308869064,0.15935802764538184,0.11745714524329641,15.000000000001679,0.1649345419718884,
7362,736,ok,1.5715037659364983,0.7060170191028866,-0.891757888387435,0.08240719126769623,15.000000000001679,0.17038454100838862,
7363,736,ok,1.7705710251818811,0.5217741558414164,-0.9745614956867835,0.08716835059088787,15.000000000001679,0.16953383397776634,
7364,736,ok,0.8744292090645713,1.2175769137916739,0.39043636592091435,0.11791623887015049,15.000000000001679,0.18160729101509787,
7365,736,ok,0.6844769680022974,1.317308513617172,0.04940702526992638,0.10032912993754292,15.000000000001679,0.1782366250117775,
7366,736,ok,1.6640524705312194,0.4952815589258505,-0.7105582578314296,0.08210600627257521,15.000000000001679,0.17806933401152492,
7367,736,ok,1.7041887893719372,0.5087685329872892,-0.8249170513525029,0.08739466502673403,15.000000000001679,0.1788572910008952,
7368,736,ok,1.8616230623376302,0.13940521328007466,0.06186651645253623,0.10094479188031766,15.000000000001679,0.17304833300295286,
7369,736,ok,1.6486009820994316,0.6331802218660266,-0.9217857084382501,0.09103365887394012,15.000000000001679,0.17276912499801256,
7370,736,ok,0.804995062131,1.236682613538691,0.255663093897358,0.11136528674672548,15.000000000001679,0.16830375001882203,
7371,737,ok,1.1893110446088642,0.8129970556101485,-0.0740592387109854,0.09354137189873075,15.000000000001679,0.16995549999410287,
7372,737,ok,1.4740748963121597,1.03350362793892,-1.1130056436202267,0.10758583148787894,15.000000000001679,0.16826545901130885,
7373,737,ok,1.6665859191348478,0.7104185816187653,-1.0556933225252438,0.08354332191730579,15.000000000001679,0.1681989170028828,
7374,737,ok,1.8427902489670338,0.29430674153445985,-0.6974857774271748,0.09237667570003034,15.000000000001679,0.17487108398927376,
7375,737,ok,1.567581457904218,0.7887084541539373,-0.9950298579072736,0.09951938171435624,15.000000000001679,0.16770429202006198,
7376,737,ok,1.107512830421318,0.8961636830143929,0.09016681679802817,0.11120070245481707,15.000000000001679,0.16633254100452177,
7377,737,ok,0.7552952194977481,1.3032595094662385,0.29158799263159796,0.10776013104800133,15.000000000001679,0.17001241599791683,
7378,737,ok,1.7262628927481143,0.5045963211987728,-0.8624102343472296,0.09002948621710738,15.000000000001679,0.1716404579929076,
7379,737,ok,1.1483065274566024,1.0243745906535155,0.6056095620422003,0.12619510663082623,15.000000000001679,0.1639173339935951,
7380,737,ok,1.7113188190610833,0.49752499682747237,-0.8192563489618705,0.09176253062879827,15.000000000001679,0.1715207080123946,
7381,738,ok,0.7317355461400951,1.2683265208418302,0.009530444980297446,0.10596077793915508,15.000000000001679,0.16561316599836573,
7382,738,ok,2.0088757455533957,0.05930266494185668,-0.518917734107183,0.0827786010878758,15.000000000001679,0.17212404200108722,
7383,738,ok,1.500434034138154,0.5065471517112836,0.14457136901342316,0.11365884431661138,15.000000000001679,0.16665429098065943,
7384,738,ok,0.6378720568801719,1.3803312278781397,0.15129895507083727,0.11959363985505551,15.000000000001679,0.16462545897229575,
7385,738,ok,1.697829349918612,0.5491193536190104,-0.881799212634111,0.08702384816133334,15.000000000001679,0.1716779169801157,
7386,738,ok,1.5334725666978084,1.0122247188626767,-1.1729612554508553,0.0993146496965491,15.000000000001679,0.17399887499050237,
7387,738,ok,0.8815429358190352,1.2460962377999762,0.45688846016625734,0.1044640308685877,15.000000000001679,0.16649379199952818,
7388,738,ok,1.3669469833615675,0.74608489085391,0.5442802167784885,0.13240331579509967,15.000000000001679,0.16503883400582708,
7389,738,ok,0.9935701700662992,1.0986829464911898,-0.4181019635205883,0.11594856294746479,15.000000000001679,0.16499741698498838,
7390,738,ok,1.655894647249166,0.5637272199651145,-0.8240798408645256,0.09612577410302522,15.000000000001679,0.17047099999035709,
7391,739,ok,1.7409699477566491,0.42903131892860014,-0.7503557570143484,0.08274699023797907,15.000000000001679,0.1771444999903906,
7392,739,ok,1.4724936880667567,0.9578988073923513,-1.0403185885882054,0.09749629426667496,15.000000000001679,0.16899795801145956,
7393,739,ok,1.7330462124780242,0.418098815398144,-0.7078402480360024,0.08079852942209939,15.000000000001679,0.17339141698903404,
7394,739,ok,1.6654381178883804,0.6634023115330456,-0.9935747298016315,0.10051306073722473,15.000000000001679,0.17204366601072252,
7395,739,ok,1.6012494264441812,0.7112406541832202,-0.9503152499343178,0.09276833321443598,15.000000000001679,0.17268104199320078,
7396,739,ok,0.9265337466090942,1.1391552052381606,0.34265291905502826,0.10603934664649169,15.000000000001679,0.16657166599179618,
7397,739,ok,1.0177119093509543,1.0280413045763883,0.3017181214729997,0.0936966369400395,15.000000000001679,0.16805120802018791,
7398,739,ok,1.0030753901086673,1.1287312975190569,0.49704233855762103,0.12112028959455329,15.000000000001679,0.16512683298788033,
7399,739,ok,1.493558827185955,0.9531094667436218,-1.0652409031027967,0.09255949841320783,15.000000000001679,0.1674921659869142,
7400,739,ok,1.9402365757503133,0.07057917935389389,0.20458070959063618,0.09774823927802187,15.000000000001679,0.16791191601078026,
7401,740,ok,1.7808328381592153,0.4514641356823101,-0.879432927737,0.09424849980640845,15.000000000001679,0.17162012500921264,
7402,740,ok,1.8683166117088772,0.2784159286678606,-0.7257790620586921,0.08132013165792795,15.000000000001679,0.17611491601564921,
7403,740,ok,1.6707346387785067,0.36809596249901616,-0.35811094035554825,0.08464455714838623,15.000000000001679,0.18049341600271873,
7404,740,ok,1.3631102700228328,1.0036906409532287,-0.9302888096271672,0.09736823666400087,15.000000000001679,0.1684886250004638,
7405,740,ok,1.6858394410521493,0.3460809361443786,0.3265062805245384,0.10299495485722135,15.000000000001679,0.16793683401192538,
7406,740,ok,1.4275575297159626,1.1335289637392367,-1.1345256471186276,0.08932535309078529,15.000000000001679,0.17472016598912887,
7407,740,ok,0.8483957183655082,1.1717512691711378,0.18379155263859545,0.1189939857524694,15.000000000001679,0.16643245800514705,
7408,740,ok,1.4269625986583983,1.0457049627590214,-1.0609162266018783,0.09586598152227119,15.000000000001679,0.16864495899062604,
7409,740,ok,0.7985371755094237,1.2314130882221148,0.2166466702128177,0.11372516365336671,15.000000000001679,0.17071108298841864,
7410,740,ok,1.181945374508352,0.925834447128807,0.49311584171126815,0.11979788738821852,15.000000000001679,0.16624766599852592,
7411,741,ok,1.7029188947198848,0.5114193315321051,-0.8270794130297701,0.08476194261397012,15.000000000001679,0.17476170798181556,
7412,741,ok,1.6584831962543667,0.6798927711623594,-1.0039339702533754,0.09133500335264452,15.000000000001679,0.17702995802392252,
7413,741,ok,0.6328832706354056,1.4086523704717173,-0.22549770575650893,0.11452204599339752,15.000000000001679,0.16889179198187776,
7414,741,ok,1.1241501930443067,0.9243521122617513,0.32664243160648254,0.1267804275531206,15.000000000001679,0.17463824999867938,
7415,741,ok,1.7392608627469894,0.49794975231397615,-0.8768542650348214,0.09288520968006025,15.000000000001679,0.1845593329926487,
7416,741,ok,0.8713021527204413,1.274972701873379,0.4832213346971416,0.10855009780244002,15.000000000001679,0.16624966700328514,
7417,741,ok,1.4558941511552148,0.6366549476399327,0.51080137781068,0.13239709720735418,15.000000000001679,0.16754908399889246,
7418,741,ok,1.6186608317062372,0.691802348134224,-0.9532480221604436,0.08503455474651772,15.000000000001679,0.17627399999764748,
7419,741,ok,1.6688785239916815,0.5738824986354072,-0.8668012460433269,0.08305688110933739,15.000000000001679,0.17248962499434128,
7420,741,ok,0.8381533482522796,1.3024837151069155,0.4647279499830589,0.11571858322119885,15.000000000001679,0.16664954199222848,
7421,742,ok,0.6154336616033111,1.3929710173053131,0.10136274465064792,0.11364485535555399,15.000000000001679,0.16392454199376516,
7422,742,ok,1.6906895811200537,0.31038320005304937,-0.06021900899989248,0.10633929650953106,15.000000000001679,0.16792970799724571,
7423,742,ok,0.7675710522671223,1.2376234891192295,0.08914805626439465,0.11702595008796672,15.000000000001679,0.16518362500937656,
7424,742,ok,0.7242042989240899,1.3067504351373063,0.2094681536602125,0.11229302071095858,15.000000000001679,0.16484458299237303,
7425,742,ok,0.9393707270803666,1.1121490195609232,0.3068191640508568,0.11004559797876733,15.000000000001679,0.16483087500091642,
7426,742,ok,1.5211967882409239,0.8477345146599793,-0.9931384192793211,0.09028346235084397,15.000000000001679,0.17101999997976236,
7427,742,ok,1.6329112391894467,0.731054521468735,-1.0277044748303243,0.08829390577610977,15.000000000001679,0.17083120899042115,
7428,742,ok,1.6552620619993381,0.5798162712444195,-0.8502768199076091,0.08527830968162593,15.000000000001679,0.1708356669987552,
7429,742,ok,0.6319691186288755,1.3778773945024214,-0.1111234926982677,0.11873570908030426,15.000000000001679,0.165913292003097,
7430,742,ok,1.7032358739891045,0.5167096627148774,-0.8371751416280916,0.0862124753629688,15.000000000001679,0.1713488329842221,
7431,743,ok,1.6309713610333592,0.6109488243122033,-0.854754006619073,0.09586403817637223,15.000000000001679,0.16952354201930575,
7432,743,ok,1.4422282248832763,1.0485388461729257,-1.0838560445963377,0.09546218110556354,15.000000000001679,0.16771075001452118,
7433,743,ok,0.8131685343317013,1.2422610630673945,0.2950843416438972,0.12527547885543658,15.000000000001679,0.16474141701473854,
7434,743,ok,1.443646979369279,1.1030392216566074,-1.1311843188250352,0.08951551974824126,15.000000000001679,0.16762104100780562,
7435,743,ok,1.91099624480564,0.2885080288824672,-0.8501187449183082,0.08062068860829155,15.000000000001679,0.17334804200800136,
7436,743,ok,1.0750946991876758,0.9333207227933406,0.1342532375748069,0.11404880297803677,15.000000000001679,0.16677587499725632,
7437,743,ok,1.705889247680145,0.4798625167653585,-0.7741060375786907,0.08039544965624959,15.000000000001679,0.1728719579987228,
7438,743,ok,1.674626160977869,0.57611725786405,-0.881436733792553,0.08408861302307552,15.000000000001679,0.17130620899843052,
7439,743,ok,1.4713173390183887,0.6306228601297013,0.5381272720247435,0.11483361105881491,15.000000000001679,0.16431054202257656,
7440,743,ok,1.4839107673758394,0.8777264289687441,-0.9708208883716424,0.08987172911559912,15.000000000001679,0.16793074997258373,
7441,744,ok,1.6596490981027303,0.6314894450959495,-0.938943017413418,0.0928806031385098,15.000000000001679,0.17040833298233338,
7442,744,ok,1.6285930816189742,0.6825987100395798,-0.9574806873811127,0.08581131020097071,15.000000000001679,0.16965899997740053,
7443,744,ok,1.646625648958534,0.6155613035769868,-0.8914625755771585,0.08514196458476454,15.000000000001679,0.16954229201655835,
7444,744,ok,0.5527874566546278,1.5433005156793391,-0.31144751284274935,0.12721140902876807,15.000000000001679,0.16696695899008773,
7445,744,ok,1.0201626638226091,0.9978490700481507,0.19085432731349222,0.0933953745147512,15.000000000001679,0.17002687498461455,
7446,744,ok,0.5429903574385879,1.4880383186941921,-0.1809247499537193,0.1144736810499145,15.000000000001679,0.16656354197766632,
7447,744,ok,0.9113983337848084,1.1359759717367246,0.29001620887362084,0.131457163538802,15.000000000001679,0.16672595901763998,
7448,744,ok,0.9507075227601446,1.1306560970229111,0.38481940204372855,0.11277895109022877,15.000000000001679,0.16960904200095683,
7449,744,ok,1.5118464066585577,0.8735737076420601,-1.0083865157820873,0.0981618347400018,15.000000000001679,0.16828579199500382,
7450,744,ok,1.7909771875149134,0.3398343598080893,-0.6718997941099644,0.07967139817134075,15.000000000001679,0.17613062498276122,
7451,745,ok,1.7711376845701194,0.4189230229618207,-0.798200657970298,0.08381549354841164,15.000000000001679,0.1709737080091145,
7452,745,ok,1.530854241201471,0.8686923802884834,-1.0313378580209271,0.09470353734880224,15.000000000001679,0.1740869999921415,
7453,745,ok,0.9327902560179313,1.092940869779386,0.21758078041366877,0.11524947124176046,15.000000000001679,0.1732250000059139,
7454,745,ok,1.4757427156586966,0.9702430428515407,-1.0570795485790323,0.10021332963493323,15.000000000001679,0.16830879199551418,
7455,745,ok,1.512529053839748,0.532462981288702,-0.3661683184292693,0.1104569880511704,15.000000000001679,0.17368658300256357,
7456,745,ok,1.5838470387063834,0.7056771170316113,-0.9128525163701848,0.09397253388327552,15.000000000001679,0.17746775000705384,
7457,745,ok,0.6308208539864788,1.369931826410508,-0.03080659756987427,0.1258662517863254,15.000000000001679,0.16611650001141243,
7458,745,ok,1.5390516008697663,0.8629381523362009,-1.0371934172212902,0.09246830027404068,15.000000000001679,0.16837062500417233,
7459,745,ok,1.666609663014292,0.6729924141821432,-1.0082849974260621,0.09582431212943741,15.000000000001679,0.17493287500110455,
7460,745,ok,1.6744877025875653,0.6081786746318331,-0.9309900452568663,0.08080829571675367,15.000000000001679,0.17887545900885016,
7461,746,ok,1.2422777206927744,0.8562632162333784,0.4848918485485389,0.1243946853363006,15.000000000001679,0.1640035829914268,
7462,746,ok,0.560986827198207,1.442574175852839,0.0631084056506684,0.11351766892313238,15.000000000001679,0.16502987500280142,
7463,746,ok,1.6714833561400577,0.6063537219445757,-0.9228253689162936,0.08492774405023754,15.000000000001679,0.17168450000463054,
7464,746,ok,1.8578833057700272,0.26137737318609205,-0.6549211703630221,0.08209413568136316,15.000000000001679,0.17264149998663925,
7465,746,ok,0.8621855034716089,1.1579237450511743,0.18512542571984042,0.10555565788353578,15.000000000001679,0.1667106669920031,
7466,746,ok,1.538269245304507,0.5546683709709064,0.5265821428588363,0.1063274946417242,15.000000000001679,0.1655317079857923,
7467,746,ok,1.7280951398234652,0.5459188100078455,-0.9337883620995079,0.08305410815765851,15.000000000001679,0.16980633299681358,
7468,746,ok,1.038040615518048,0.9809551636783332,0.19767635425420835,0.09910124200510545,15.000000000001679,0.16388341700076126,
7469,746,ok,1.257740302460725,0.7424800629430015,0.02354307410170674,0.0941440065964716,15.000000000001679,0.16693833298631944,
7470,746,ok,1.4629068399569574,0.8601262134031655,-0.9169428406516107,0.09833294981580706,15.000000000001679,0.16919925002730452,
7471,747,ok,1.5193681824993654,0.7435172053893373,-0.8542427411683428,0.1008352309100248,15.000000000001679,0.16813112498493865,
7472,747,ok,1.6133140164949045,0.7486449182222636,-1.0182792225750046,0.08243469997033265,15.000000000001679,0.1710622500104364,
7473,747,ok,1.645419426994343,0.6658299574628547,-0.9630137010068051,0.08922222417789122,15.000000000001679,0.16932870799792,
7474,747,ok,1.5579450704672753,0.7883432010925738,-0.979326627971839,0.08275756696448126,15.000000000001679,0.1702243330073543,
7475,747,ok,0.8004491253043917,1.2277730641335853,0.21067596379970363,0.0933062483594863,15.000000000001679,0.16477595799369738,
7476,747,ok,1.6212669552901133,0.4165103503348623,-0.34794693520572,0.08820108132646474,15.000000000001679,0.1712168749945704,
7477,747,ok,1.3483749260482196,1.0882016260675382,-0.9933472033934865,0.11599820041758767,15.000000000001679,0.1698644999996759,
7478,747,ok,1.5481985272004235,0.7913013362591406,-0.9674534716959887,0.08818482174659024,15.000000000001679,0.170193375000963,
7479,747,ok,1.5866488373621102,0.7595820034743831,-0.9893521754147561,0.09269408152671103,15.000000000001679,0.1678351250011474,
7480,747,ok,0.8931387896916058,1.252876029166541,0.4893900998772157,0.13131314214007336,15.000000000001679,0.1669672090210952,
7481,748,ok,1.8612488056688747,0.2788250425492684,-0.7083811703089552,0.0885302520226956,15.000000000001679,0.17238237499259412,
7482,748,ok,0.645258511004626,1.4340228248023377,0.30988446747002596,0.11662433925482929,15.000000000001679,0.16508916599559598,
7483,748,ok,1.5457279969599835,0.5418391156198501,0.5128760823528643,0.12208759037202735,15.000000000001679,0.16517562497756444,
7484,748,ok,1.7139277824781107,0.49883065238364344,-0.8270665229154279,0.0882355983405379,15.000000000001679,0.16974675000528805,
7485,748,ok,1.5913301327076417,0.7794210979216939,-1.0210380673925126,0.09097257649758597,15.000000000001679,0.16896354098571464,
7486,748,ok,1.9453498458219305,0.23814344784843727,-0.8247711878333386,0.09346925949800092,15.000000000001679,0.17155766699579544,
7487,748,ok,1.5058307276411467,0.8356119463468317,-0.9548437782266015,0.0954854320949249,15.000000000001679,0.16973645900725387,
7488,748,ok,0.8410944797593444,1.2685116813000843,-0.41516835559470655,0.09600397564796637,15.000000000001679,0.16747437498997897,
7489,748,ok,0.6607887257616886,1.3687803060039478,0.19545699784169004,0.11521301014256,15.000000000001679,0.1664463340130169,
7490,748,ok,1.5517822290813446,0.8544841983713163,-1.0468149954560548,0.0968040976686702,15.000000000001679,0.1676656249910593,
